# Physical_Baseline=689.65pF, Trigger_Distance=39.9cm, Atten_Ratio=15.92
Raw_Capacitance(pF),Normalized_Capacitance(pF)
689.660,689.765
689.660,689.763
689.660,689.761
689.660,689.759
689.659,689.757
689.659,689.756
689.659,689.755
689.659,689.754
689.667,689.881
689.666,689.868
689.666,689.856
689.662,689.797
689.662,689.792
689.653,689.659
689.654,689.667
689.654,689.674
689.652,689.632
689.649,689.594
689.650,689.608
689.651,689.621
689.652,689.633
689.652,689.643
689.653,689.653
689.654,689.662
689.654,689.670
689.665,689.842
689.664,689.832
689.664,689.823
689.663,689.815
689.663,689.809
689.662,689.803
689.662,689.797
689.662,689.792
689.661,689.787
689.661,689.783
689.661,689.779
689.661,689.776
689.660,689.773
689.660,689.770
689.660,689.767
689.660,689.765
689.660,689.763
689.660,689.761
689.652,689.631
689.652,689.641
689.653,689.651
689.653,689.660
689.654,689.668
689.654,689.674
689.655,689.681
689.655,689.687
689.655,689.693
689.656,689.698
689.656,689.702
689.656,689.706
689.656,689.709
689.654,689.664
689.654,689.672
689.655,689.678
689.655,689.684
689.652,689.640
689.653,689.650
689.653,689.659
689.646,689.538
689.647,689.558
689.648,689.575
689.649,689.591
689.650,689.605
689.651,689.619
689.652,689.631
689.644,689.513
689.646,689.536
689.647,689.555
689.648,689.572
689.649,689.589
689.650,689.604
689.651,689.617
689.651,689.629
689.652,689.639
689.645,689.521
689.646,689.542
689.647,689.562
689.648,689.579
689.649,689.595
689.650,689.609
689.643,689.494
689.636,689.390
689.639,689.424
689.640,689.454
689.642,689.481
689.644,689.506
689.645,689.529
689.638,689.421
689.637,689.402
689.639,689.434
689.641,689.464
689.643,689.490
689.644,689.514
689.638,689.408
689.640,689.440
689.641,689.469
689.643,689.496
689.645,689.519
689.646,689.540
689.647,689.560
689.648,689.577
689.649,689.593
689.650,689.607
689.651,689.620
689.652,689.632
689.652,689.642
689.645,689.524
689.646,689.544
689.647,689.564
689.640,689.453
689.642,689.480
689.644,689.505
689.645,689.528
689.646,689.548
689.648,689.567
689.649,689.583
689.650,689.599
689.658,689.741
689.658,689.741
689.658,689.741
689.658,689.741
689.658,689.741
689.658,689.741
689.658,689.741
689.655,689.692
689.656,689.697
689.656,689.702
689.656,689.706
689.656,689.709
689.657,689.712
689.657,689.715
689.657,689.718
689.657,689.720
689.657,689.722
689.657,689.724
689.658,689.726
689.658,689.728
689.658,689.730
689.658,689.731
689.666,689.860
689.665,689.849
689.665,689.840
689.664,689.831
689.664,689.822
689.663,689.814
689.663,689.808
689.659,689.752
689.667,689.879
689.666,689.867
689.666,689.855
689.665,689.845
689.656,689.707
689.648,689.582
689.649,689.598
689.650,689.611
689.651,689.624
689.652,689.636
689.653,689.646
689.653,689.656
689.662,689.793
689.661,689.788
689.661,689.784
689.661,689.780
689.661,689.776
689.661,689.774
689.660,689.771
689.660,689.768
689.660,689.766
689.660,689.764
689.660,689.762
689.660,689.760
689.660,689.758
689.651,689.629
689.652,689.639
689.653,689.649
689.653,689.658
689.654,689.666
689.654,689.673
689.655,689.680
689.655,689.686
689.655,689.692
689.664,689.825
689.663,689.817
689.663,689.810
689.671,689.933
689.669,689.914
689.676,690.026
689.675,689.999
689.673,689.975
689.680,690.081
689.678,690.049
689.676,690.019
689.674,689.993
689.681,690.098
689.679,690.064
689.677,690.034
689.675,690.007
689.674,689.982
689.672,689.959
689.671,689.939
689.670,689.920
689.677,690.032
689.683,690.133
689.689,690.224
689.686,690.179
689.691,690.266
689.688,690.217
689.686,690.172
689.691,690.259
689.688,690.210
689.693,690.293
689.698,690.369
689.694,690.310
689.691,690.256
689.696,690.336
689.692,690.280
689.689,690.228
689.686,690.183
689.684,690.141
689.681,690.103
689.679,690.069
689.677,690.038
689.683,690.138
689.689,690.229
689.686,690.183
689.684,690.141
689.689,690.231
689.694,690.313
689.699,690.387
689.695,690.325
689.692,690.270
689.689,690.220
689.694,690.303
689.690,690.250
689.687,690.201
689.693,690.286
689.689,690.234
689.695,690.316
689.691,690.261
689.688,690.212
689.693,690.295
689.698,690.371
689.694,690.312
689.699,690.386
689.703,690.453
689.707,690.514
689.711,690.569
689.714,690.619
689.716,690.664
689.711,690.576
689.706,690.497
689.709,690.553
689.713,690.604
689.708,690.523
689.711,690.577
689.706,690.497
689.701,690.426
689.697,690.360
689.702,690.430
689.703,690.444
689.698,690.377
689.703,690.445
689.707,690.506
689.702,690.433
689.698,690.367
689.702,690.436
689.706,690.498
689.702,690.427
689.706,690.490
689.709,690.547
689.712,690.599
689.715,690.645
689.710,690.560
689.713,690.610
689.716,690.656
689.719,690.698
689.721,690.736
689.723,690.770
689.725,690.801
689.727,690.829
689.728,690.854
689.722,690.748
689.724,690.781
689.726,690.811
689.719,690.709
689.722,690.746
689.724,690.779
689.726,690.809
689.719,690.708
689.714,690.617
689.716,690.663
689.719,690.703
689.721,690.740
689.723,690.774
689.725,690.805
689.727,690.832
689.729,690.857
689.730,690.879
689.731,690.900
689.732,690.918
689.733,690.935
689.731,690.901
689.732,690.919
689.730,690.886
689.732,690.906
689.733,690.923
689.734,690.940
689.735,690.954
689.736,690.968
689.736,690.979
689.737,690.990
689.738,691.000
689.738,691.009
689.739,691.016
689.739,691.024
689.740,691.031
689.740,691.037
689.740,691.043
689.741,691.047
689.741,691.051
689.741,691.055
689.741,691.059
689.733,690.934
689.734,690.949
689.735,690.963
689.736,690.976
689.737,690.987
689.737,690.997
689.730,690.877
689.723,690.770
689.725,690.801
689.727,690.829
689.728,690.854
689.730,690.876
689.731,690.897
689.732,690.915
689.733,690.932
689.734,690.947
689.735,690.961
689.736,690.974
689.737,690.985
689.745,691.123
689.745,691.120
689.745,691.117
689.745,691.115
689.745,691.114
689.745,691.112
689.744,691.110
689.744,691.108
689.744,691.107
689.744,691.106
689.744,691.105
689.744,691.104
689.744,691.103
689.744,691.102
689.744,691.101
689.752,691.228
689.751,691.216
689.750,691.204
689.750,691.193
689.749,691.183
689.749,691.175
689.748,691.167
689.748,691.160
689.747,691.153
689.747,691.148
689.747,691.143
689.738,691.010
689.739,691.017
689.739,691.024
689.740,691.031
689.740,691.037
689.740,691.043
689.741,691.047
689.741,691.051
689.741,691.055
689.741,691.059
689.741,691.062
689.742,691.065
689.742,691.068
689.742,691.070
689.737,690.993
689.738,691.003
689.738,691.011
689.739,691.019
689.739,691.026
689.740,691.033
689.740,691.039
689.740,691.044
689.741,691.048
689.749,691.181
689.748,691.172
689.756,691.292
689.755,691.273
689.754,691.255
689.753,691.240
689.752,691.226
689.759,691.342
689.758,691.319
689.756,691.297
689.755,691.278
689.754,691.260
689.753,691.245
689.760,691.358
689.758,691.333
689.757,691.311
689.764,691.419
689.762,691.388
689.768,691.488
689.766,691.450
689.764,691.416
689.762,691.385
689.760,691.356
689.766,691.459
689.764,691.424
689.762,691.393
689.760,691.365
689.759,691.339
689.757,691.316
689.756,691.294
689.755,691.275
689.754,691.257
689.753,691.242
689.752,691.227
689.751,691.215
689.750,691.203
689.750,691.192
689.749,691.183
689.748,691.174
689.748,691.166
689.748,691.159
689.747,691.153
689.747,691.148
689.747,691.143
689.754,691.266
689.753,691.250
689.752,691.235
689.751,691.221
689.751,691.209
689.750,691.198
689.757,691.317
689.756,691.295
689.755,691.276
689.754,691.258
689.753,691.243
689.751,691.210
689.750,691.199
689.741,691.061
689.742,691.064
689.742,691.067
689.742,691.070
689.742,691.072
689.742,691.074
689.742,691.076
689.742,691.078
689.743,691.080
689.743,691.080
689.743,691.081
689.735,690.954
689.736,690.968
689.736,690.979
689.737,690.990
689.738,691.000
689.738,691.009
689.747,691.145
689.754,691.268
689.753,691.252
689.752,691.236
689.752,691.222
689.751,691.210
689.741,691.058
689.741,691.061
689.734,690.936
689.734,690.950
689.735,690.964
689.728,690.848
689.721,690.743
689.715,690.648
689.718,690.691
689.721,690.729
689.723,690.764
689.717,690.667
689.719,690.707
689.721,690.744
689.716,690.649
689.710,690.563
689.705,690.485
689.709,690.543
689.712,690.596
689.707,690.515
689.711,690.570
689.714,690.620
689.716,690.665
689.711,690.577
689.706,690.497
689.723,690.761
689.725,690.793
689.726,690.821
689.728,690.847
689.726,690.821
689.720,690.719
689.714,690.626
689.709,690.542
689.704,690.466
689.700,690.397
689.696,690.335
689.692,690.279
689.697,690.357
689.702,690.427
689.706,690.490
689.709,690.547
689.712,690.599
689.715,690.645
689.718,690.688
689.712,690.599
689.707,690.517
689.711,690.571
689.714,690.621
689.708,690.537
689.712,690.590
689.715,690.637
689.718,690.681
689.720,690.720
689.722,690.756
689.724,690.788
689.718,690.689
689.720,690.728
689.723,690.763
689.717,690.666
689.719,690.706
689.721,690.743
689.724,690.776
689.725,690.806
689.719,690.705
689.721,690.742
689.723,690.775
689.717,690.677
689.720,690.717
689.722,690.753
689.724,690.785
689.723,690.766
689.717,690.668
689.711,690.580
689.706,690.500
689.710,690.557
689.713,690.608
689.708,690.526
689.711,690.580
689.706,690.500
689.702,690.428
689.698,690.363
689.702,690.432
689.698,690.367
689.694,690.308
689.699,690.383
689.695,690.322
689.691,690.266
689.688,690.217
689.694,690.300
689.690,690.247
689.687,690.199
689.685,690.155
689.682,690.117
689.680,690.081
689.678,690.049
689.676,690.019
689.674,689.993
689.673,689.970
689.672,689.948
689.667,689.880
689.666,689.868
689.674,689.984
689.672,689.961
689.671,689.941
689.667,689.873
689.666,689.860
689.665,689.849
689.673,689.968
689.671,689.947
689.678,690.055
689.684,690.154
689.682,690.116
689.680,690.081
689.686,690.177
689.683,690.136
689.681,690.099
689.679,690.065
689.677,690.035
689.675,690.007
689.674,689.982
689.677,690.038
689.675,690.010
689.674,689.984
689.672,689.961
689.671,689.941
689.662,689.794
689.661,689.789
689.661,689.785
689.661,689.781
689.661,689.777
689.661,689.775
689.660,689.772
689.652,689.640
689.653,689.650
689.653,689.659
689.654,689.667
689.662,689.803
689.662,689.797
689.662,689.792
689.669,689.915
689.668,689.899
689.676,690.013
689.674,689.987
689.677,690.044
689.676,690.016
689.674,689.989
689.673,689.966
689.671,689.945
689.670,689.925
689.669,689.908
689.668,689.892
689.675,690.007
689.674,689.982
689.672,689.959
689.671,689.939
689.670,689.920
689.669,689.904
689.668,689.888
689.667,689.875
689.666,689.862
689.665,689.850
689.665,689.841
689.664,689.831
689.664,689.822
689.663,689.814
689.663,689.808
689.662,689.802
689.670,689.924
689.669,689.907
689.668,689.891
689.667,689.878
689.666,689.865
689.666,689.853
689.665,689.843
689.656,689.705
689.656,689.708
689.657,689.711
689.657,689.714
689.657,689.717
689.649,689.592
689.650,689.606
689.659,689.748
689.651,689.620
689.652,689.632
689.652,689.642
689.653,689.652
689.653,689.661
689.651,689.620
689.652,689.632
689.652,689.642
689.653,689.652
689.653,689.661
689.654,689.669
689.646,689.547
689.647,689.566
689.640,689.454
689.642,689.481
689.636,689.378
689.638,689.413
689.632,689.316
689.634,689.357
689.637,689.394
689.639,689.427
689.641,689.457
689.642,689.484
689.644,689.508
689.645,689.531
689.638,689.423
689.640,689.453
689.642,689.480
689.636,689.377
689.638,689.412
689.640,689.443
689.642,689.471
689.643,689.498
689.645,689.521
689.638,689.414
689.640,689.445
689.642,689.473
689.643,689.499
689.645,689.522
689.646,689.543
689.647,689.563
689.648,689.580
689.649,689.596
689.650,689.609
689.651,689.622
689.649,689.584
689.650,689.600
689.650,689.613
689.643,689.498
689.637,689.393
689.639,689.426
689.633,689.328
689.635,689.367
689.637,689.403
689.639,689.435
689.641,689.465
689.635,689.363
689.629,689.270
689.632,689.315
689.634,689.356
689.629,689.264
689.623,689.182
689.627,689.235
689.630,689.284
689.633,689.328
689.635,689.367
689.637,689.403
689.636,689.387
689.638,689.421
689.640,689.452
689.634,689.352
689.636,689.389
689.643,689.501
689.637,689.397
689.639,689.430
689.641,689.460
689.643,689.487
689.644,689.511
689.645,689.534
689.644,689.504
689.645,689.527
689.646,689.547
689.647,689.566
689.640,689.454
689.642,689.481
689.636,689.378
689.630,689.285
689.633,689.329
689.635,689.368
689.629,689.276
689.629,689.271
689.624,689.188
689.619,689.112
689.612,688.995
689.608,688.938
689.613,689.015
689.617,689.084
689.613,689.019
689.617,689.088
689.621,689.150
689.625,689.206
689.628,689.258
689.628,689.255
689.628,689.252
689.623,689.170
689.618,689.096
689.622,689.158
689.617,689.085
689.621,689.147
689.625,689.203
689.620,689.126
689.624,689.185
689.627,689.238
689.630,689.286
689.625,689.201
689.628,689.253
689.631,689.299
689.625,689.214
689.629,689.264
689.631,689.310
689.626,689.223
689.621,689.144
689.625,689.201
689.620,689.124
689.615,689.055
689.620,689.121
689.615,689.052
689.619,689.118
689.615,689.049
689.611,688.987
689.616,689.058
689.620,689.124
689.623,689.183
689.619,689.108
689.614,689.040
689.611,688.979
689.607,688.923
689.612,689.001
689.608,688.944
689.605,688.891
689.602,688.844
689.599,688.801
689.605,688.890
689.602,688.844
689.607,688.929
689.612,689.007
689.609,688.949
689.613,689.024
689.607,688.917
689.609,688.947
689.602,688.846
689.600,688.803
689.597,688.764
689.603,688.857
689.600,688.814
689.606,688.902
689.611,688.982
689.607,688.926
689.612,689.004
689.617,689.074
689.613,689.010
689.617,689.080
689.613,689.015
689.609,688.955
689.606,688.902
689.603,688.853
689.608,688.938
689.613,689.015
689.617,689.084
689.613,689.019
689.617,689.088
689.618,689.101
689.614,689.034
689.610,688.974
689.607,688.918
689.604,688.869
689.601,688.824
689.606,688.912
689.611,688.990
689.608,688.934
689.605,688.883
689.610,688.964
689.606,688.910
689.611,688.989
689.608,688.933
689.604,688.882
689.602,688.835
689.607,688.921
689.612,688.999
689.616,689.070
689.612,689.006
689.609,688.948
689.605,688.895
689.602,688.848
689.600,688.805
689.597,688.766
689.595,688.731
689.593,688.699
689.591,688.670
689.590,688.644
689.588,688.620
689.587,688.599
689.586,688.579
689.584,688.562
689.591,688.675
689.590,688.648
689.588,688.624
689.584,688.554
689.591,688.667
689.597,688.769
689.603,688.861
689.600,688.816
689.598,688.777
689.596,688.741
689.602,688.836
689.599,688.794
689.605,688.884
689.610,688.966
689.614,689.040
689.611,688.979
689.607,688.923
689.604,688.873
689.601,688.827
689.607,688.915
689.603,688.865
689.601,688.820
689.598,688.780
689.604,688.871
689.601,688.825
689.598,688.784
689.596,688.747
689.594,688.714
689.592,688.684
689.590,688.657
689.589,688.632
689.595,688.738
689.593,688.706
689.592,688.677
689.590,688.650
689.588,688.626
689.587,688.604
689.586,688.584
689.577,688.438
689.576,688.435
689.576,688.431
689.576,688.428
689.576,688.425
689.576,688.422
689.575,688.419
689.575,688.417
689.575,688.415
689.575,688.413
689.572,688.363
689.577,688.445
689.577,688.440
689.577,688.437
689.576,688.433
689.576,688.429
689.576,688.426
689.576,688.423
689.576,688.420
689.580,688.497
689.580,688.487
689.579,688.478
689.579,688.471
689.578,688.464
689.578,688.457
689.577,688.451
689.569,688.318
689.567,688.277
689.567,688.289
689.568,688.299
689.568,688.308
689.569,688.317
689.570,688.325
689.567,688.283
689.568,688.294
689.560,688.175
689.561,688.197
689.563,688.216
689.564,688.233
689.565,688.249
689.566,688.263
689.558,688.147
689.552,688.042
689.554,688.076
689.556,688.106
689.557,688.133
689.559,688.159
689.560,688.181
689.554,688.073
689.548,687.976
689.550,688.016
689.543,687.904
689.543,687.902
689.546,687.949
689.549,687.991
689.543,687.902
689.538,687.820
689.533,687.747
689.529,687.681
689.533,687.749
689.537,687.810
689.541,687.865
689.536,687.787
689.539,687.846
689.535,687.770
689.538,687.829
689.542,687.883
689.537,687.803
689.540,687.859
689.544,687.911
689.538,687.828
689.542,687.883
689.537,687.803
689.532,687.731
689.528,687.666
689.532,687.735
689.553,688.059
689.555,688.091
689.549,687.991
689.551,688.030
689.545,687.937
689.548,687.981
689.542,687.892
689.545,687.940
689.540,687.855
689.535,687.779
689.531,687.709
689.535,687.774
689.539,687.833
689.534,687.758
689.530,687.690
689.534,687.757
689.538,687.818
689.533,687.745
689.529,687.679
689.525,687.618
689.522,687.564
689.519,687.514
689.516,687.470
689.521,687.558
689.518,687.510
689.524,687.594
689.520,687.542
689.522,687.575
689.527,687.652
689.524,687.595
689.520,687.543
689.514,687.447
689.512,687.409
689.518,687.504
689.515,687.460
689.513,687.421
689.510,687.385
689.508,687.353
689.515,687.452
689.517,687.493
689.515,687.450
689.512,687.412
689.510,687.377
689.508,687.346
689.514,687.446
689.520,687.537
689.517,687.490
689.523,687.577
689.519,687.526
689.516,687.480
689.514,687.440
689.520,687.531
689.525,687.614
689.530,687.688
689.534,687.755
689.538,687.817
689.533,687.744
689.526,687.629
689.522,687.574
689.519,687.523
689.516,687.477
689.514,687.437
689.519,687.528
689.517,687.482
689.514,687.441
689.512,687.403
689.509,687.369
689.516,687.467
689.513,687.427
689.519,687.519
689.516,687.475
689.514,687.434
689.511,687.397
689.514,687.443
689.512,687.406
689.510,687.372
689.508,687.340
689.506,687.312
689.504,687.287
689.503,687.265
689.502,687.244
689.500,687.226
689.499,687.208
689.498,687.193
689.498,687.179
689.502,687.246
689.501,687.227
689.499,687.209
689.498,687.194
689.506,687.308
689.504,687.283
689.511,687.389
689.509,687.357
689.507,687.328
689.505,687.302
689.504,687.277
689.510,687.383
689.508,687.351
689.507,687.322
689.513,687.424
689.511,687.388
689.517,687.484
689.514,687.442
689.512,687.405
689.510,687.371
689.508,687.339
689.506,687.311
689.504,687.286
689.503,687.264
689.502,687.243
689.500,687.225
689.499,687.208
689.498,687.193
689.503,687.259
689.509,687.367
689.516,687.465
689.513,687.425
689.511,687.389
689.506,687.308
689.504,687.283
689.503,687.261
689.509,687.369
689.516,687.467
689.513,687.427
689.519,687.519
689.516,687.475
689.514,687.434
689.511,687.397
689.509,687.364
689.507,687.334
689.506,687.306
689.512,687.410
689.510,687.375
689.508,687.344
689.506,687.316
689.505,687.291
689.503,687.268
689.510,687.374
689.516,687.472
689.521,687.559
689.526,687.639
689.523,687.582
689.520,687.532
689.514,687.438
689.511,687.401
689.517,687.495
689.523,687.580
689.520,687.530
689.517,687.484
689.514,687.442
689.520,687.533
689.517,687.486
689.514,687.444
689.512,687.407
689.510,687.373
689.516,687.470
689.513,687.430
689.511,687.394
689.509,687.361
689.499,687.203
689.498,687.189
689.497,687.175
689.505,687.291
689.503,687.268
689.502,687.246
689.501,687.227
689.508,687.338
689.506,687.310
689.501,687.236
689.508,687.346
689.514,687.446
689.520,687.537
689.522,687.570
689.519,687.520
689.516,687.476
689.514,687.435
689.511,687.398
689.514,687.444
689.512,687.407
689.510,687.373
689.513,687.421
689.510,687.385
689.508,687.353
689.515,687.452
689.512,687.413
689.510,687.378
689.508,687.347
689.506,687.319
689.510,687.373
689.508,687.341
689.506,687.313
689.504,687.288
689.503,687.265
689.502,687.244
689.500,687.226
689.499,687.208
689.498,687.193
689.498,687.179
689.497,687.167
689.496,687.155
689.495,687.144
689.495,687.134
689.494,687.126
689.502,687.246
689.509,687.356
689.515,687.455
689.521,687.545
689.526,687.625
689.522,687.570
689.516,687.472
689.513,687.431
689.511,687.394
689.514,687.441
689.520,687.532
689.517,687.486
689.514,687.444
689.520,687.535
689.525,687.616
689.522,687.562
689.519,687.513
689.516,687.469
689.510,687.380
689.508,687.348
689.506,687.320
689.505,687.294
689.503,687.271
689.502,687.249
689.501,687.230
689.508,687.340
689.506,687.312
689.504,687.287
689.511,687.393
689.509,687.360
689.507,687.330
689.505,687.303
689.512,687.407
689.515,687.452
689.512,687.413
689.510,687.378
689.508,687.347
689.506,687.319
689.505,687.293
689.503,687.270
689.502,687.248
689.509,687.357
689.515,687.456
689.513,687.417
689.518,687.511
689.524,687.595
689.528,687.671
689.525,687.612
689.529,687.686
689.526,687.625
689.522,687.570
689.527,687.648
689.531,687.719
689.527,687.655
689.532,687.725
689.536,687.789
689.536,687.798
689.532,687.726
689.528,687.662
689.524,687.604
689.518,687.503
689.515,687.459
689.521,687.548
689.526,687.629
689.522,687.574
689.519,687.523
689.516,687.477
689.514,687.437
689.511,687.400
689.509,687.366
689.507,687.336
689.506,687.308
689.501,687.236
689.500,687.218
689.499,687.202
689.498,687.187
689.494,687.125
689.494,687.117
689.493,687.110
689.501,687.233
689.508,687.343
689.503,687.267
689.502,687.246
689.501,687.227
689.508,687.338
689.506,687.310
689.512,687.413
689.510,687.378
689.508,687.347
689.503,687.271
689.502,687.249
689.501,687.230
689.500,687.212
689.499,687.197
689.498,687.182
689.497,687.169
689.496,687.158
689.492,687.099
689.492,687.094
689.492,687.089
689.492,687.085
689.491,687.081
689.499,687.206
689.506,687.319
689.513,687.421
689.519,687.513
689.524,687.597
689.521,687.545
689.526,687.625
689.530,687.698
689.531,687.716
689.535,687.781
689.531,687.711
689.527,687.648
689.531,687.718
689.535,687.783
689.539,687.841
689.534,687.765
689.538,687.825
689.534,687.751
689.529,687.684
689.526,687.624
689.522,687.569
689.519,687.519
689.524,687.603
689.521,687.550
689.518,687.503
689.515,687.459
689.513,687.420
689.510,687.384
689.505,687.304
689.504,687.279
689.502,687.257
689.509,687.365
689.507,687.335
689.506,687.307
689.504,687.283
689.503,687.261
689.501,687.240
689.497,687.173
689.496,687.162
689.496,687.151
689.495,687.141
689.495,687.133
689.494,687.125
689.494,687.117
689.493,687.110
689.490,687.056
689.490,687.055
689.490,687.054
689.495,687.133
689.502,687.253
689.501,687.234
689.500,687.216
689.499,687.200
689.495,687.136
689.494,687.128
689.494,687.120
689.501,687.241
689.505,687.303
689.512,687.407
689.510,687.373
689.516,687.470
689.513,687.430
689.519,687.522
689.524,687.606
689.529,687.681
689.533,687.749
689.537,687.810
689.541,687.865
689.536,687.787
689.539,687.846
689.543,687.898
689.546,687.946
689.545,687.940
689.540,687.855
689.543,687.907
689.546,687.954
689.549,687.995
689.548,687.985
689.551,688.024
689.545,687.930
689.548,687.975
689.550,688.015
689.544,687.923
689.539,687.839
689.534,687.763
689.538,687.823
689.541,687.878
689.542,687.879
689.545,687.928
689.539,687.845
689.535,687.769
689.535,687.780
689.539,687.838
689.542,687.891
689.545,687.939
689.548,687.983
689.550,688.022
689.550,688.009
689.552,688.046
689.554,688.079
689.548,687.981
689.547,687.972
689.542,687.884
689.545,687.932
689.548,687.976
689.542,687.888
689.537,687.808
689.541,687.864
689.544,687.915
689.547,687.960
689.541,687.874
689.541,687.875
689.544,687.924
689.547,687.969
689.550,688.010
689.549,687.998
689.543,687.908
689.546,687.955
689.549,687.996
689.551,688.034
689.545,687.940
689.548,687.984
689.551,688.023
689.545,687.929
689.547,687.974
689.550,688.014
689.552,688.050
689.554,688.083
689.556,688.113
689.550,688.012
689.544,687.921
689.547,687.966
689.550,688.007
689.552,688.044
689.551,688.028
689.545,687.935
689.540,687.851
689.543,687.902
689.546,687.949
689.549,687.991
689.551,688.030
689.553,688.065
689.555,688.096
689.557,688.125
689.564,688.230
689.565,688.245
689.565,688.260
689.566,688.272
689.567,688.284
689.568,688.295
689.560,688.176
689.553,688.068
689.555,688.099
689.557,688.128
689.559,688.153
689.560,688.176
689.553,688.068
689.555,688.099
689.557,688.128
689.551,688.025
689.545,687.931
689.539,687.847
689.543,687.899
689.538,687.819
689.533,687.745
689.534,687.758
689.530,687.690
689.526,687.629
689.522,687.574
689.519,687.523
689.524,687.606
689.529,687.681
689.530,687.700
689.534,687.766
689.538,687.826
689.542,687.881
689.545,687.929
689.539,687.846
689.535,687.770
689.538,687.829
689.542,687.883
689.537,687.803
689.540,687.859
689.535,687.782
689.531,687.712
689.532,687.728
689.536,687.791
689.540,687.849
689.543,687.901
689.538,687.820
689.541,687.874
689.536,687.795
689.540,687.853
689.543,687.904
689.546,687.951
689.549,687.993
689.551,688.031
689.553,688.066
689.547,687.969
689.550,688.010
689.552,688.047
689.546,687.952
689.549,687.993
689.543,687.903
689.546,687.950
689.549,687.992
689.551,688.030
689.553,688.065
689.555,688.096
689.557,688.125
689.556,688.102
689.557,688.130
689.551,688.027
689.553,688.062
689.547,687.966
689.547,687.958
689.541,687.872
689.544,687.922
689.539,687.838
689.542,687.891
689.537,687.811
689.541,687.866
689.544,687.917
689.547,687.962
689.541,687.875
689.544,687.924
689.547,687.969
689.550,688.010
689.549,687.998
689.543,687.908
689.546,687.955
689.541,687.868
689.541,687.870
689.544,687.920
689.539,687.837
689.542,687.890
689.545,687.938
689.548,687.982
689.550,688.022
689.553,688.058
689.555,688.090
689.549,687.991
689.551,688.029
689.553,688.064
689.555,688.095
689.561,688.186
689.562,688.206
689.563,688.225
689.564,688.241
689.557,688.128
689.551,688.025
689.553,688.060
689.555,688.092
689.557,688.121
689.558,688.147
689.560,688.170
689.561,688.192
689.562,688.211
689.563,688.229
689.564,688.244
689.565,688.259
689.566,688.271
689.567,688.283
689.568,688.294
689.568,688.303
689.569,688.312
689.569,688.320
689.570,688.327
689.570,688.334
689.570,688.339
689.572,688.360
689.572,688.364
689.572,688.367
689.569,688.321
689.562,688.199
689.555,688.090
689.549,687.991
689.543,687.901
689.546,687.948
689.549,687.991
689.551,688.029
689.553,688.064
689.555,688.095
689.557,688.124
689.550,688.022
689.550,688.009
689.552,688.046
689.554,688.079
689.556,688.109
689.558,688.136
689.559,688.161
689.558,688.134
689.551,688.031
689.553,688.066
689.547,687.969
689.550,688.010
689.549,687.998
689.551,688.036
689.545,687.942
689.548,687.985
689.543,687.895
689.537,687.815
689.533,687.742
689.529,687.676
689.525,687.615
689.530,687.689
689.534,687.756
689.538,687.818
689.541,687.873
689.544,687.923
689.544,687.919
689.547,687.964
689.549,688.005
689.552,688.042
689.554,688.076
689.553,688.058
689.547,687.961
689.541,687.874
689.544,687.923
689.547,687.968
689.547,687.960
689.541,687.874
689.536,687.795
689.540,687.853
689.543,687.904
689.538,687.822
689.541,687.877
689.544,687.926
689.547,687.971
689.542,687.884
689.545,687.932
689.548,687.976
689.550,688.016
689.552,688.052
689.551,688.036
689.545,687.942
689.540,687.856
689.535,687.780
689.539,687.838
689.542,687.891
689.545,687.939
689.540,687.854
689.543,687.906
689.546,687.953
689.546,687.946
689.548,687.989
689.551,688.027
689.553,688.062
689.555,688.094
689.557,688.123
689.558,688.149
689.560,688.172
689.558,688.145
689.560,688.169
689.561,688.191
689.562,688.210
689.563,688.228
689.564,688.243
689.565,688.258
689.566,688.271
689.559,688.155
689.560,688.178
689.562,688.198
689.563,688.217
689.561,688.186
689.562,688.206
689.563,688.225
689.556,688.113
689.558,688.140
689.556,688.116
689.558,688.142
689.560,688.166
689.561,688.188
689.554,688.079
689.556,688.109
689.550,688.008
689.544,687.917
689.547,687.962
689.549,688.003
689.552,688.040
689.554,688.074
689.553,688.057
689.555,688.089
689.557,688.118
689.558,688.144
689.552,688.040
689.559,688.153
689.560,688.176
689.561,688.197
689.555,688.087
689.556,688.116
689.558,688.142
689.560,688.166
689.558,688.140
689.559,688.164
689.561,688.187
689.562,688.206
689.560,688.176
689.553,688.068
689.555,688.099
689.557,688.128
689.559,688.153
689.560,688.176
689.561,688.197
689.563,688.216
689.564,688.233
689.565,688.249
689.566,688.263
689.558,688.147
689.552,688.042
689.554,688.076
689.556,688.106
689.557,688.133
689.559,688.159
689.557,688.132
689.551,688.029
689.553,688.064
689.555,688.095
689.557,688.124
689.559,688.150
689.560,688.173
689.561,688.195
689.555,688.086
689.548,687.987
689.548,687.977
689.550,688.017
689.552,688.053
689.555,688.086
689.556,688.115
689.558,688.141
689.560,688.165
689.561,688.188
689.562,688.207
689.555,688.096
689.557,688.125
689.559,688.151
689.560,688.174
689.561,688.196
689.563,688.215
689.564,688.232
689.565,688.248
689.566,688.262
689.566,688.274
689.567,688.286
689.568,688.297
689.568,688.306
689.569,688.315
689.569,688.323
689.570,688.330
689.570,688.335
689.571,688.341
689.571,688.346
689.571,688.351
689.571,688.355
689.572,688.359
689.572,688.363
689.569,688.317
689.570,688.325
689.570,688.332
689.570,688.337
689.571,688.343
689.571,688.348
689.571,688.353
689.572,688.357
689.564,688.232
689.557,688.120
689.558,688.146
689.560,688.169
689.561,688.191
689.562,688.210
689.563,688.228
689.564,688.243
689.565,688.258
689.566,688.271
689.564,688.234
689.565,688.250
689.566,688.264
689.566,688.276
689.567,688.288
689.568,688.299
689.560,688.179
689.562,688.199
689.563,688.218
689.564,688.234
689.570,688.329
689.567,688.287
689.568,688.298
689.568,688.307
689.569,688.316
689.561,688.196
689.571,688.343
689.571,688.348
689.571,688.353
689.568,688.308
689.569,688.317
689.570,688.325
689.578,688.460
689.578,688.454
689.577,688.448
689.577,688.443
689.577,688.438
689.573,688.386
689.573,688.387
689.573,688.388
689.574,688.389
689.574,688.390
689.574,688.391
689.571,688.343
689.571,688.348
689.563,688.225
689.556,688.113
689.558,688.140
689.556,688.116
689.558,688.142
689.560,688.166
689.561,688.188
689.554,688.079
689.556,688.109
689.558,688.136
689.559,688.161
689.553,688.055
689.555,688.087
689.556,688.116
689.558,688.142
689.560,688.166
689.561,688.188
689.562,688.207
689.563,688.225
689.564,688.241
689.565,688.256
689.558,688.141
689.560,688.165
689.561,688.188
689.562,688.207
689.563,688.225
689.564,688.241
689.562,688.207
689.563,688.225
689.564,688.241
689.557,688.128
689.559,688.153
689.560,688.176
689.561,688.197
689.563,688.216
689.561,688.185
689.562,688.205
689.563,688.224
689.564,688.240
689.565,688.255
689.566,688.268
689.559,688.152
689.552,688.047
689.554,688.080
689.556,688.110
689.558,688.137
689.559,688.162
689.561,688.184
689.562,688.204
689.560,688.174
689.553,688.067
689.555,688.098
689.549,687.998
689.543,687.908
689.546,687.955
689.541,687.868
689.536,687.790
689.540,687.848
689.535,687.772
689.530,687.703
689.532,687.720
689.536,687.785
689.539,687.843
689.543,687.895
689.546,687.943
689.548,687.986
689.551,688.025
689.553,688.060
689.555,688.092
689.549,687.992
689.551,688.030
689.553,688.065
689.555,688.096
689.549,687.996
689.551,688.034
689.553,688.068
689.547,687.971
689.550,688.012
689.552,688.049
689.551,688.033
689.553,688.067
689.555,688.098
689.549,687.998
689.551,688.036
689.545,687.942
689.548,687.985
689.551,688.024
689.553,688.059
689.555,688.091
689.557,688.120
689.555,688.097
689.557,688.126
689.559,688.151
689.560,688.174
689.561,688.196
689.563,688.215
689.564,688.232
689.565,688.248
689.566,688.262
689.566,688.274
689.559,688.158
689.560,688.180
689.567,688.280
689.567,688.291
689.568,688.300
689.569,688.309
689.569,688.317
689.570,688.325
689.562,688.203
689.563,688.222
689.564,688.238
689.557,688.125
689.559,688.151
689.552,688.046
689.546,687.951
689.549,687.993
689.543,687.903
689.538,687.821
689.541,687.876
689.544,687.925
689.539,687.842
689.531,687.717
689.535,687.782
689.531,687.712
689.535,687.777
689.539,687.836
689.534,687.761
689.538,687.821
689.533,687.748
689.537,687.809
689.533,687.736
689.536,687.799
689.540,687.855
689.540,687.858
689.543,687.910
689.546,687.957
689.549,687.998
689.543,687.908
689.538,687.826
689.542,687.881
689.537,687.801
689.540,687.857
689.543,687.909
689.543,687.907
689.538,687.825
689.542,687.880
689.545,687.929
689.547,687.974
689.550,688.014
689.552,688.050
689.554,688.083
689.548,687.985
689.543,687.895
689.546,687.943
689.548,687.986
689.551,688.025
689.550,688.011
689.552,688.048
689.546,687.953
689.541,687.866
689.544,687.917
689.539,687.834
689.542,687.888
689.545,687.936
689.548,687.980
689.550,688.020
689.553,688.056
689.555,688.088
689.553,688.068
689.555,688.099
689.557,688.128
689.559,688.153
689.560,688.176
689.561,688.197
689.563,688.216
689.564,688.233
689.565,688.249
689.566,688.263
689.566,688.275
689.567,688.287
689.568,688.298
689.568,688.307
689.569,688.316
689.569,688.324
689.562,688.202
689.563,688.221
689.547,687.966
689.550,688.007
689.552,688.044
689.554,688.077
689.556,688.107
689.558,688.134
689.559,688.160
689.552,688.054
689.555,688.086
689.556,688.115
689.558,688.141
689.560,688.165
689.561,688.188
689.562,688.207
689.563,688.225
689.564,688.241
689.565,688.256
689.571,688.348
689.571,688.353
689.572,688.357
689.564,688.232
689.565,688.248
689.566,688.262
689.566,688.274
689.567,688.286
689.545,687.940
689.548,687.984
689.551,688.023
689.553,688.059
689.555,688.091
689.557,688.120
689.558,688.146
689.560,688.169
689.558,688.142
689.552,688.038
689.554,688.072
689.548,687.975
689.542,687.887
689.545,687.935
689.540,687.851
689.535,687.774
689.539,687.833
689.534,687.758
689.538,687.819
689.541,687.874
689.544,687.923
689.547,687.968
689.550,688.009
689.544,687.918
689.539,687.835
689.542,687.889
689.537,687.809
689.541,687.864
689.536,687.786
689.539,687.845
689.535,687.769
689.538,687.828
689.534,687.754
689.538,687.816
689.533,687.743
689.534,687.756
689.538,687.818
689.541,687.873
689.544,687.923
689.547,687.967
689.547,687.959
689.541,687.873
689.544,687.923
689.547,687.967
689.542,687.880
689.545,687.929
689.547,687.974
689.542,687.886
689.545,687.934
689.540,687.850
689.543,687.901
689.538,687.820
689.546,687.954
689.541,687.867
689.536,687.789
689.539,687.847
689.535,687.771
689.538,687.830
689.542,687.884
689.545,687.932
689.548,687.976
689.550,688.016
689.552,688.052
689.554,688.085
689.556,688.114
689.558,688.141
689.560,688.165
689.553,688.060
689.547,687.963
689.546,687.956
689.549,687.997
689.543,687.907
689.546,687.954
689.549,687.995
689.543,687.905
689.546,687.952
689.549,687.993
689.543,687.903
689.538,687.821
689.541,687.876
689.536,687.797
689.540,687.854
689.535,687.778
689.539,687.836
689.539,687.841
689.542,687.893
689.545,687.941
689.540,687.855
689.535,687.779
689.531,687.709
689.535,687.774
689.531,687.705
689.535,687.771
689.538,687.830
689.542,687.884
689.537,687.804
689.537,687.812
689.533,687.739
689.529,687.673
689.533,687.742
689.529,687.676
689.533,687.744
689.537,687.806
689.532,687.734
689.536,687.797
689.532,687.726
689.528,687.662
689.532,687.732
689.533,687.747
689.529,687.681
689.525,687.620
689.530,687.694
689.534,687.761
689.530,687.693
689.534,687.760
689.530,687.692
689.534,687.759
689.538,687.820
689.541,687.874
689.536,687.795
689.537,687.804
689.540,687.860
689.535,687.783
689.539,687.841
689.534,687.765
689.530,687.697
689.526,687.635
689.531,687.707
689.535,687.772
689.539,687.831
689.542,687.885
689.542,687.885
689.537,687.805
689.532,687.733
689.528,687.668
689.525,687.609
689.529,687.683
689.534,687.751
689.529,687.684
689.526,687.624
689.522,687.569
689.524,687.599
689.521,687.546
689.526,687.627
689.522,687.572
689.519,687.522
689.516,687.477
689.522,687.564
689.519,687.514
689.524,687.598
689.529,687.674
689.533,687.743
689.529,687.677
689.533,687.745
689.529,687.679
689.533,687.747
689.537,687.809
689.541,687.864
689.536,687.786
689.536,687.796
689.540,687.854
689.535,687.777
689.539,687.836
689.534,687.761
689.535,687.773
689.539,687.832
689.542,687.886
689.545,687.934
689.548,687.978
689.542,687.889
689.537,687.810
689.541,687.865
689.536,687.787
689.539,687.846
689.543,687.898
689.546,687.946
689.545,687.940
689.548,687.984
689.551,688.023
689.553,688.059
689.555,688.091
689.557,688.120
689.558,688.146
689.560,688.169
689.553,688.062
689.555,688.094
689.557,688.123
689.550,688.021
689.545,687.928
689.547,687.973
689.542,687.885
689.545,687.933
689.540,687.849
689.543,687.901
689.546,687.948
689.549,687.991
689.551,688.029
689.553,688.064
689.547,687.967
689.550,688.008
689.552,688.045
689.546,687.950
689.546,687.944
689.540,687.858
689.543,687.910
689.546,687.957
689.546,687.950
689.541,687.864
689.536,687.786
689.539,687.845
689.535,687.769
689.538,687.828
689.539,687.834
689.542,687.888
689.537,687.808
689.541,687.864
689.544,687.915
689.552,688.040
689.554,688.074
689.556,688.104
689.549,688.004
689.544,687.913
689.538,687.830
689.542,687.884
689.545,687.932
689.548,687.976
689.542,687.888
689.542,687.888
689.537,687.808
689.541,687.864
689.536,687.786
689.536,687.796
689.540,687.854
689.543,687.905
689.546,687.952
689.549,687.993
689.543,687.903
689.543,687.901
689.538,687.820
689.533,687.746
689.537,687.808
689.538,687.816
689.533,687.743
689.537,687.805
689.532,687.733
689.536,687.796
689.540,687.854
689.543,687.905
689.538,687.823
689.533,687.750
689.537,687.811
689.538,687.818
689.541,687.873
689.536,687.794
689.540,687.852
689.540,687.854
689.535,687.778
689.539,687.836
689.542,687.889
689.545,687.938
689.548,687.982
689.550,688.022
689.553,688.058
689.555,688.090
689.549,687.991
689.551,688.029
689.553,688.064
689.547,687.967
689.550,688.008
689.549,687.996
689.551,688.034
689.545,687.940
689.540,687.855
689.543,687.907
689.546,687.954
689.549,687.995
689.543,687.905
689.538,687.823
689.541,687.878
689.545,687.927
689.547,687.972
689.542,687.884
689.545,687.932
689.548,687.976
689.550,688.016
689.552,688.052
689.554,688.085
689.556,688.114
689.558,688.141
689.556,688.117
689.558,688.143
689.552,688.039
689.554,688.073
689.548,687.976
689.550,688.016
689.549,688.003
689.544,687.912
689.546,687.957
689.549,687.999
689.551,688.037
689.546,687.943
689.548,687.986
689.543,687.896
689.546,687.944
689.540,687.858
689.543,687.910
689.546,687.957
689.549,687.998
689.551,688.036
689.550,688.022
689.545,687.929
689.539,687.846
689.543,687.898
689.538,687.818
689.533,687.745
689.537,687.807
689.541,687.863
689.536,687.786
689.531,687.716
689.524,687.604
689.521,687.550
689.518,687.503
689.515,687.459
689.513,687.420
689.510,687.384
689.516,687.480
689.514,687.440
689.520,687.531
689.525,687.614
689.521,687.560
689.526,687.640
689.531,687.712
689.532,687.728
689.528,687.663
689.532,687.733
689.528,687.668
689.525,687.609
689.529,687.683
689.534,687.751
689.537,687.813
689.541,687.868
689.536,687.790
689.536,687.799
689.532,687.727
689.536,687.790
689.540,687.848
689.540,687.852
689.543,687.903
689.546,687.950
689.541,687.864
689.544,687.915
689.539,687.832
689.534,687.757
689.538,687.818
689.533,687.745
689.537,687.807
689.541,687.863
689.544,687.914
689.544,687.911
689.538,687.828
689.534,687.754
689.538,687.816
689.541,687.871
689.536,687.792
689.540,687.850
689.543,687.901
689.546,687.948
689.549,687.991
689.543,687.901
689.538,687.820
689.541,687.874
689.544,687.923
689.547,687.968
689.547,687.960
689.549,688.002
689.552,688.040
689.546,687.946
689.540,687.860
689.544,687.911
689.538,687.828
689.534,687.754
689.529,687.687
689.526,687.626
689.530,687.699
689.534,687.765
689.538,687.825
689.534,687.751
689.534,687.764
689.530,687.696
689.534,687.762
689.538,687.822
689.541,687.877
689.536,687.798
689.540,687.855
689.540,687.858
689.540,687.861
689.544,687.912
689.546,687.957
689.541,687.871
689.536,687.792
689.532,687.721
689.536,687.786
689.539,687.844
689.543,687.896
689.538,687.816
689.541,687.871
689.544,687.921
689.547,687.966
689.542,687.879
689.545,687.928
689.547,687.973
689.550,688.013
689.544,687.921
689.547,687.966
689.550,688.007
689.544,687.916
689.539,687.833
689.531,687.710
689.524,687.598
689.521,687.545
689.526,687.626
689.530,687.699
689.531,687.717
689.535,687.781
689.539,687.839
689.542,687.892
689.545,687.940
689.548,687.984
689.551,688.023
689.553,688.059
689.555,688.091
689.557,688.120
689.558,688.146
689.560,688.169
689.561,688.191
689.562,688.210
689.563,688.228
689.564,688.243
689.565,688.258
689.566,688.271
689.559,688.155
689.560,688.178
689.562,688.198
689.563,688.217
689.564,688.234
689.565,688.250
689.566,688.264
689.566,688.276
689.567,688.288
689.568,688.299
689.568,688.308
689.561,688.189
689.562,688.208
689.563,688.226
689.564,688.242
689.565,688.257
689.566,688.270
689.559,688.154
689.560,688.177
689.562,688.197
689.563,688.216
689.564,688.233
689.565,688.249
689.566,688.263
689.566,688.275
689.567,688.287
689.576,688.426
689.576,688.423
689.567,688.292
689.568,688.301
689.569,688.310
689.569,688.318
689.570,688.326
689.567,688.284
689.568,688.295
689.568,688.304
689.569,688.313
689.569,688.321
689.570,688.328
689.570,688.335
689.570,688.340
689.571,688.345
689.563,688.222
689.564,688.238
689.565,688.253
689.566,688.266
689.567,688.279
689.567,688.290
689.568,688.300
689.568,688.308
689.569,688.317
689.570,688.325
689.570,688.332
689.570,688.337
689.571,688.343
689.571,688.348
689.571,688.353
689.580,688.485
689.579,688.476
689.579,688.469
689.586,688.590
689.585,688.572
689.584,688.555
689.583,688.540
689.582,688.526
689.581,688.513
689.581,688.502
689.580,688.492
689.579,688.483
689.579,688.474
689.578,688.467
689.578,688.460
689.578,688.454
689.577,688.448
689.577,688.443
689.577,688.438
689.576,688.435
689.576,688.431
689.576,688.428
689.576,688.425
689.573,688.373
689.573,688.375
689.565,688.249
689.566,688.263
689.566,688.275
689.567,688.287
689.568,688.298
689.568,688.307
689.561,688.188
689.554,688.079
689.553,688.060
689.547,687.964
689.549,688.005
689.552,688.042
689.554,688.076
689.548,687.978
689.550,688.018
689.552,688.054
689.555,688.086
689.556,688.115
689.558,688.141
689.551,688.037
689.554,688.071
689.556,688.102
689.557,688.130
689.559,688.156
689.560,688.178
689.562,688.198
689.563,688.217
689.564,688.234
689.565,688.250
689.566,688.264
689.566,688.276
689.559,688.160
689.561,688.182
689.562,688.202
689.563,688.221
689.569,688.317
689.570,688.325
689.570,688.332
689.570,688.337
689.571,688.343
689.571,688.348
689.568,688.304
689.569,688.313
689.566,688.272
689.559,688.156
689.560,688.178
689.562,688.198
689.563,688.217
689.564,688.234
689.565,688.250
689.566,688.264
689.566,688.276
689.567,688.288
689.568,688.299
689.560,688.179
689.562,688.199
689.563,688.218
689.564,688.234
689.565,688.250
689.566,688.264
689.566,688.276
689.567,688.288
689.560,688.170
689.561,688.192
689.562,688.211
689.563,688.229
689.564,688.244
689.565,688.259
689.566,688.271
689.567,688.283
689.568,688.294
689.560,688.175
689.561,688.197
689.563,688.216
689.564,688.233
689.565,688.249
689.566,688.263
689.566,688.275
689.567,688.287
689.568,688.298
689.565,688.259
689.566,688.271
689.567,688.283
689.568,688.294
689.568,688.303
689.569,688.312
689.566,688.271
689.567,688.283
689.568,688.294
689.560,688.175
689.561,688.197
689.563,688.216
689.561,688.185
689.562,688.205
689.563,688.224
689.556,688.112
689.558,688.139
689.559,688.163
689.561,688.186
689.554,688.078
689.556,688.108
689.558,688.135
689.559,688.160
689.561,688.182
689.562,688.202
689.563,688.221
689.564,688.237
689.565,688.253
689.558,688.138
689.559,688.163
689.558,688.136
689.559,688.161
689.561,688.183
689.562,688.203
689.555,688.094
689.549,687.994
689.551,688.032
689.550,688.019
689.553,688.055
689.547,687.958
689.541,687.872
689.536,687.793
689.532,687.722
689.536,687.786
689.539,687.845
689.543,687.897
689.546,687.945
689.540,687.859
689.535,687.782
689.531,687.712
689.535,687.777
689.531,687.708
689.532,687.724
689.536,687.788
689.539,687.846
689.535,687.770
689.530,687.701
689.526,687.639
689.523,687.582
689.520,687.532
689.517,687.486
689.514,687.444
689.520,687.535
689.522,687.568
689.527,687.647
689.531,687.717
689.535,687.782
689.531,687.712
689.535,687.777
689.531,687.708
689.527,687.645
689.523,687.587
689.525,687.615
689.530,687.689
689.534,687.756
689.538,687.818
689.533,687.745
689.529,687.679
689.525,687.618
689.530,687.692
689.534,687.759
689.530,687.691
689.523,687.581
689.520,687.531
689.517,687.485
689.511,687.395
689.509,687.362
689.507,687.332
689.505,687.305
689.512,687.408
689.515,687.454
689.512,687.415
689.510,687.380
689.516,687.477
689.522,687.564
689.519,687.514
689.516,687.470
689.513,687.430
689.516,687.474
689.522,687.561
689.527,687.641
689.523,687.584
689.520,687.533
689.517,687.486
689.514,687.444
689.512,687.407
689.518,687.501
689.523,687.586
689.520,687.535
689.525,687.616
689.522,687.562
689.524,687.593
689.520,687.542
689.517,687.495
689.515,687.452
689.512,687.413
689.510,687.378
689.508,687.347
689.514,687.447
689.509,687.361
689.507,687.331
689.505,687.304
689.504,687.279
689.502,687.257
689.501,687.236
689.508,687.346
689.514,687.446
689.512,687.408
689.510,687.374
689.508,687.343
689.514,687.443
689.512,687.406
689.510,687.372
689.508,687.340
689.506,687.312
689.504,687.287
689.503,687.265
689.502,687.244
689.500,687.226
689.496,687.161
689.496,687.150
689.495,687.140
689.495,687.132
689.494,687.124
689.494,687.116
689.493,687.109
689.493,687.103
689.489,687.050
689.481,686.922
689.474,686.806
689.476,686.829
689.474,686.801
689.475,686.825
689.477,686.846
689.478,686.865
689.479,686.883
689.480,686.898
689.481,686.913
689.482,686.926
689.482,686.937
689.483,686.948
689.484,686.958
689.476,686.838
689.469,686.730
689.471,686.760
689.465,686.659
689.459,686.568
689.462,686.614
689.465,686.654
689.464,686.644
689.458,686.554
689.453,686.473
689.457,686.527
689.457,686.528
689.460,686.578
689.463,686.622
689.465,686.663
689.467,686.700
689.470,686.733
689.471,686.763
689.465,686.662
689.467,686.699
689.469,686.732
689.468,686.714
689.470,686.746
689.469,686.726
689.463,686.629
689.457,686.541
689.457,686.541
689.461,686.589
689.463,686.633
689.466,686.673
689.468,686.709
689.470,686.741
689.472,686.770
689.465,686.668
689.460,686.576
689.462,686.620
689.465,686.661
689.459,686.570
689.462,686.616
689.465,686.656
689.464,686.645
689.466,686.683
689.461,686.589
689.463,686.633
689.466,686.673
689.468,686.709
689.470,686.741
689.472,686.770
689.465,686.668
689.460,686.576
689.462,686.620
689.465,686.661
689.456,686.521
689.459,686.571
689.454,686.488
689.458,686.542
689.453,686.462
689.456,686.517
689.451,686.440
689.447,686.370
689.451,686.434
689.459,686.572
689.454,686.489
689.458,686.543
689.458,686.543
689.453,686.463
689.456,686.518
689.451,686.441
689.447,686.371
689.440,686.259
689.436,686.206
689.433,686.158
689.431,686.114
689.436,686.203
689.433,686.155
689.439,686.240
689.443,686.316
689.448,686.386
689.452,686.449
689.447,686.379
689.451,686.442
689.447,686.372
689.451,686.436
689.455,686.494
689.450,686.418
689.445,686.350
689.442,686.288
689.438,686.233
689.443,686.310
689.439,686.252
689.436,686.200
689.433,686.152
689.435,686.189
689.432,686.142
689.438,686.229
689.443,686.307
689.447,686.377
689.451,686.441
689.460,686.578
689.455,686.494
689.450,686.418
689.451,686.430
689.454,686.488
689.449,686.413
689.453,686.474
689.449,686.400
689.452,686.461
689.448,686.389
689.444,686.324
689.445,686.344
689.441,686.283
689.446,686.356
689.450,686.422
689.446,686.353
689.450,686.419
689.446,686.351
689.450,686.417
689.445,686.349
689.442,686.288
689.438,686.233
689.432,686.134
689.437,686.220
689.434,686.171
689.431,686.126
689.429,686.085
689.432,686.128
689.429,686.087
689.435,686.178
689.429,686.084
689.427,686.048
689.424,686.015
689.419,685.936
689.418,685.914
689.422,685.973
689.428,686.075
689.426,686.039
689.429,686.087
689.435,686.178
689.432,686.133
689.429,686.092
689.427,686.055
689.425,686.021
689.431,686.118
689.428,686.078
689.426,686.042
689.432,686.138
689.438,686.224
689.434,686.174
689.437,686.209
689.442,686.289
689.438,686.233
689.432,686.134
689.437,686.220
689.434,686.171
689.439,686.254
689.436,686.202
689.433,686.154
689.430,686.111
689.436,686.201
689.438,686.233
689.435,686.182
689.432,686.137
689.434,686.174
689.440,686.257
689.436,686.205
689.441,686.284
689.446,686.357
689.442,686.295
689.447,686.367
689.443,686.304
689.447,686.375
689.451,686.439
689.447,686.369
689.451,686.433
689.446,686.363
689.442,686.300
689.439,686.242
689.444,686.319
689.448,686.388
689.452,686.450
689.455,686.507
689.459,686.558
689.453,686.477
689.457,686.531
689.465,686.660
689.459,686.569
689.462,686.615
689.462,686.607
689.456,686.520
689.451,686.443
689.455,686.500
689.458,686.552
689.453,686.472
689.449,686.399
689.444,686.333
689.449,686.401
689.445,686.335
689.449,686.403
689.445,686.336
689.441,686.276
689.437,686.221
689.434,686.172
689.431,686.127
689.437,686.214
689.434,686.166
689.439,686.249
689.436,686.197
689.430,686.102
689.427,686.064
689.425,686.030
689.423,685.999
689.430,686.099
689.427,686.061
689.425,686.027
689.423,685.996
689.421,685.967
689.420,685.942
689.418,685.919
689.417,685.898
689.416,685.880
689.415,685.863
689.422,685.975
689.420,685.949
689.419,685.926
689.417,685.904
689.424,686.013
689.422,685.983
689.429,686.084
689.427,686.048
689.424,686.015
689.431,686.113
689.428,686.074
689.423,685.991
689.421,685.964
689.420,685.938
689.418,685.916
689.417,685.896
689.424,686.005
689.422,685.976
689.420,685.950
689.419,685.927
689.418,685.905
689.416,685.886
689.415,685.868
689.422,685.980
689.426,686.034
689.424,686.001
689.430,686.101
689.427,686.063
689.433,686.156
689.431,686.112
689.428,686.073
689.426,686.038
689.424,686.006
689.422,685.977
689.425,686.031
689.423,686.000
689.419,685.923
689.417,685.901
689.424,686.010
689.422,685.981
689.421,685.955
689.424,686.010
689.422,685.981
689.421,685.955
689.419,685.931
689.418,685.909
689.417,685.890
689.423,686.000
689.427,686.051
689.433,686.146
689.430,686.104
689.436,686.193
689.430,686.098
689.435,686.188
689.432,686.141
689.430,686.100
689.427,686.062
689.425,686.028
689.428,686.076
689.426,686.040
689.424,686.008
689.430,686.107
689.428,686.069
689.434,686.162
689.431,686.118
689.428,686.078
689.426,686.042
689.424,686.010
689.422,685.981
689.421,685.955
689.416,685.882
689.415,685.864
689.422,685.977
689.425,686.031
689.432,686.128
689.429,686.087
689.432,686.130
689.429,686.089
689.427,686.052
689.425,686.019
689.423,685.989
689.426,686.041
689.424,686.009
689.422,685.980
689.421,685.954
689.419,685.930
689.418,685.908
689.417,685.889
689.412,685.823
689.412,685.811
689.411,685.800
689.410,685.791
689.410,685.782
689.409,685.774
689.409,685.767
689.405,685.713
689.405,685.712
689.405,685.711
689.405,685.710
689.405,685.709
689.413,685.836
689.412,685.824
689.412,685.812
689.419,685.930
689.418,685.908
689.422,685.968
689.420,685.943
689.427,686.048
689.424,686.015
689.431,686.113
689.428,686.074
689.434,686.167
689.431,686.122
689.429,686.082
689.426,686.046
689.421,685.965
689.420,685.939
689.418,685.917
689.425,686.025
689.423,685.994
689.421,685.966
689.420,685.940
689.418,685.918
689.417,685.898
689.416,685.879
689.423,685.990
689.421,685.963
689.420,685.937
689.418,685.915
689.417,685.895
689.416,685.876
689.423,685.988
689.421,685.961
689.419,685.936
689.418,685.914
689.417,685.894
689.416,685.875
689.415,685.859
689.414,685.844
689.413,685.830
689.412,685.818
689.411,685.807
689.411,685.797
689.410,685.789
689.410,685.780
689.409,685.772
689.409,685.765
689.405,685.711
689.413,685.838
689.421,685.953
689.419,685.929
689.418,685.907
689.424,686.016
689.423,685.986
689.426,686.038
689.432,686.135
689.429,686.094
689.435,686.184
689.440,686.266
689.445,686.340
689.441,686.279
689.435,686.176
689.432,686.131
689.429,686.090
689.427,686.053
689.425,686.020
689.423,685.990
689.421,685.963
689.420,685.937
689.426,686.043
689.424,686.011
689.430,686.109
689.428,686.070
689.426,686.035
689.421,685.955
689.419,685.931
689.418,685.909
689.417,685.890
689.423,686.000
689.427,686.051
689.425,686.018
689.423,685.988
689.421,685.961
689.419,685.936
689.426,686.042
689.432,686.138
689.426,686.047
689.424,686.014
689.422,685.984
689.421,685.957
689.419,685.932
689.418,685.910
689.425,686.018
689.423,685.988
689.421,685.961
689.419,685.936
689.418,685.914
689.417,685.894
689.424,686.003
689.422,685.974
689.420,685.948
689.416,685.876
689.423,685.988
689.421,685.961
689.419,685.936
689.426,686.042
689.424,686.010
689.422,685.981
689.421,685.955
689.427,686.059
689.425,686.025
689.431,686.122
689.429,686.082
689.431,686.126
689.429,686.085
689.427,686.048
689.424,686.015
689.423,685.985
689.429,686.086
689.427,686.049
689.433,686.144
689.430,686.103
689.428,686.065
689.433,686.158
689.431,686.114
689.436,686.203
689.433,686.155
689.439,686.240
689.443,686.316
689.440,686.258
689.436,686.205
689.441,686.284
689.435,686.180
689.440,686.263
689.445,686.338
689.441,686.277
689.445,686.350
689.450,686.416
689.453,686.477
689.457,686.531
689.460,686.581
689.463,686.625
689.465,686.665
689.460,686.574
689.462,686.619
689.465,686.659
689.459,686.568
689.462,686.614
689.457,686.527
689.452,686.448
689.455,686.506
689.450,686.429
689.454,686.487
689.457,686.541
689.461,686.589
689.463,686.633
689.466,686.673
689.468,686.709
689.470,686.741
689.464,686.642
689.466,686.681
689.468,686.716
689.470,686.747
689.464,686.648
689.467,686.686
689.461,686.592
689.463,686.636
689.466,686.675
689.460,686.583
689.463,686.626
689.465,686.666
689.465,686.653
689.467,686.691
689.469,686.725
689.471,686.756
689.473,686.784
689.474,686.809
689.476,686.831
689.477,686.852
689.478,686.870
689.479,686.887
689.477,686.854
689.478,686.872
689.479,686.889
689.480,686.904
689.481,686.918
689.482,686.930
689.488,687.022
689.488,687.024
689.488,687.026
689.488,687.028
689.485,686.981
689.485,686.987
689.486,686.993
689.478,686.870
689.479,686.887
689.480,686.902
689.481,686.916
689.487,687.008
689.487,687.012
689.495,687.143
689.495,687.134
689.494,687.126
689.494,687.118
689.493,687.111
689.493,687.105
689.493,687.099
689.500,687.223
689.499,687.206
689.498,687.191
689.502,687.257
689.493,687.109
689.493,687.103
689.489,687.050
689.489,687.050
689.521,687.553
689.518,687.505
689.515,687.461
689.521,687.550
689.526,687.631
689.531,687.704
689.527,687.642
689.523,687.585
689.520,687.534
689.525,687.615
689.530,687.689
689.526,687.628
689.522,687.573
689.527,687.651
689.532,687.722
689.536,687.786
689.539,687.845
689.543,687.897
689.546,687.945
689.540,687.859
689.544,687.911
689.546,687.957
689.549,687.998
689.551,688.036
689.554,688.070
689.573,688.388
689.574,688.389
689.574,688.390
689.574,688.391
689.582,688.519
689.581,688.507
689.588,688.625
689.587,688.604
689.586,688.584
689.585,688.567
689.584,688.550
689.583,688.536
689.582,688.522
689.581,688.510
689.581,688.500
689.580,688.490
689.579,688.481
689.587,688.602
689.594,688.711
689.600,688.809
689.597,688.770
689.595,688.734
689.593,688.702
689.591,688.673
689.598,688.775
689.626,689.221
689.629,689.270
689.632,689.315
689.634,689.356
689.629,689.264
689.623,689.182
689.619,689.107
689.622,689.167
689.626,689.222
689.629,689.271
689.632,689.316
689.634,689.357
689.629,689.265
689.631,689.311
689.634,689.352
689.636,689.389
689.638,689.423
689.640,689.453
689.634,689.353
689.636,689.390
689.639,689.424
689.640,689.454
689.642,689.481
689.644,689.506
689.645,689.529
689.656,689.701
689.656,689.705
689.656,689.708
689.665,689.841
689.664,689.831
689.672,689.951
689.670,689.932
689.677,690.043
689.684,690.143
689.681,690.105
689.679,690.071
689.685,690.168
689.683,690.127
689.680,690.090
689.678,690.057
689.676,690.027
689.683,690.128
689.680,690.091
689.678,690.058
689.685,690.156
689.690,690.246
689.687,690.198
689.684,690.154
689.690,690.244
689.695,690.325
689.692,690.271
689.697,690.349
689.701,690.420
689.705,690.484
689.701,690.414
689.705,690.478
689.708,690.536
689.712,690.590
689.707,690.509
689.702,690.436
689.706,690.498
689.710,690.555
689.713,690.606
689.708,690.525
689.711,690.579
689.714,690.628
689.717,690.672
689.719,690.712
689.722,690.748
689.716,690.653
689.718,690.695
689.713,690.604
689.708,690.523
689.703,690.449
689.707,690.510
689.719,690.712
689.722,690.748
689.724,690.781
689.726,690.811
689.727,690.839
689.729,690.863
689.730,690.885
689.737,690.983
689.737,690.994
689.738,691.004
689.738,691.012
689.731,690.892
689.724,690.783
689.726,690.812
689.727,690.839
689.729,690.863
689.722,690.756
689.724,690.788
689.726,690.817
689.728,690.843
689.729,690.867
689.731,690.888
689.732,690.908
689.733,690.925
689.734,690.941
689.735,690.955
689.736,690.969
689.736,690.980
689.737,690.991
689.730,690.873
689.723,690.765
689.725,690.796
689.727,690.824
689.728,690.849
689.730,690.873
689.731,690.894
689.732,690.913
689.733,690.931
689.734,690.946
689.735,690.960
689.736,690.973
689.737,690.984
689.745,691.123
689.745,691.120
689.740,691.039
689.740,691.044
689.749,691.177
689.748,691.169
689.748,691.162
689.747,691.155
689.740,691.039
689.748,691.172
689.748,691.164
689.747,691.157
689.747,691.151
689.747,691.146
689.754,691.269
689.753,691.252
689.752,691.237
689.757,691.302
689.763,691.410
689.761,691.380
689.760,691.353
689.758,691.328
689.757,691.306
689.755,691.286
689.754,691.267
689.753,691.251
689.752,691.236
689.752,691.222
689.751,691.210
689.750,691.199
689.749,691.189
689.749,691.181
689.748,691.172
689.756,691.286
689.754,691.268
689.753,691.252
689.752,691.236
689.752,691.222
689.759,691.338
689.757,691.315
689.756,691.293
689.763,691.402
689.761,691.373
689.759,691.347
689.758,691.322
689.764,691.428
689.762,691.396
689.761,691.367
689.759,691.341
689.758,691.318
689.756,691.296
689.755,691.277
689.754,691.259
689.756,691.293
689.755,691.274
689.762,691.385
689.760,691.356
689.758,691.331
689.783,691.727
689.779,691.666
689.784,691.740
689.788,691.807
689.792,691.868
689.795,691.922
689.799,691.972
689.801,692.016
689.796,691.929
689.791,691.849
689.786,691.777
689.790,691.840
689.786,691.769
689.790,691.834
689.794,691.891
689.789,691.815
689.784,691.746
689.789,691.812
689.792,691.872
689.796,691.927
689.791,691.847
689.794,691.904
689.789,691.827
689.793,691.885
689.796,691.938
689.810,692.155
689.812,692.182
689.813,692.207
689.815,692.229
689.816,692.249
689.817,692.268
689.810,692.156
689.812,692.183
689.813,692.208
689.815,692.230
689.816,692.250
689.817,692.269
689.818,692.285
689.819,692.300
689.823,692.363
689.819,692.292
689.820,692.307
689.820,692.319
689.813,692.203
689.815,692.225
689.816,692.246
689.817,692.264
689.818,692.281
689.811,692.168
689.813,692.194
689.814,692.217
689.807,692.110
689.817,692.271
689.818,692.287
689.819,692.302
689.820,692.316
689.816,692.248
689.817,692.267
689.818,692.283
689.819,692.298
689.820,692.312
689.821,692.324
689.821,692.335
689.822,692.345
689.815,692.225
689.816,692.246
689.817,692.264
689.818,692.281
689.819,692.296
689.820,692.310
689.821,692.322
689.813,692.206
689.815,692.228
689.816,692.248
689.817,692.267
689.818,692.283
689.819,692.298
689.820,692.312
689.824,692.374
689.824,692.381
689.825,692.386
689.825,692.391
689.825,692.396
689.826,692.400
689.826,692.404
689.826,692.408
689.826,692.411
689.826,692.414
689.827,692.417
689.819,692.290
689.820,692.305
689.820,692.317
689.824,692.379
689.825,692.384
689.825,692.390
689.825,692.395
689.825,692.399
689.818,692.275
689.811,692.162
689.804,692.060
689.806,692.096
689.808,692.129
689.810,692.159
689.812,692.186
689.814,692.211
689.815,692.233
689.816,692.252
689.817,692.270
689.826,692.415
689.827,692.418
689.827,692.419
689.827,692.421
689.827,692.423
689.835,692.554
689.834,692.543
689.834,692.533
689.841,692.653
689.840,692.632
689.839,692.614
689.838,692.597
689.837,692.583
689.836,692.569
689.835,692.556
689.835,692.546
689.842,692.664
689.841,692.643
689.840,692.624
689.838,692.606
689.837,692.590
689.837,692.576
689.836,692.563
689.835,692.552
689.834,692.541
689.834,692.531
689.833,692.522
689.833,692.515
689.832,692.508
689.832,692.501
689.831,692.495
689.831,692.490
689.831,692.486
689.831,692.482
689.830,692.478
689.830,692.474
689.830,692.471
689.830,692.468
689.830,692.465
689.829,692.463
689.829,692.461
689.837,692.588
689.836,692.574
689.836,692.561
689.843,692.678
689.842,692.656
689.840,692.635
689.839,692.617
689.838,692.600
689.837,692.585
689.836,692.571
689.835,692.558
689.830,692.468
689.830,692.465
689.829,692.463
689.829,692.461
689.829,692.459
689.829,692.457
689.824,692.377
689.824,692.383
689.817,692.260
689.818,692.278
689.819,692.293
689.820,692.307
689.820,692.319
689.821,692.331
689.822,692.342
689.822,692.351
689.823,692.360
689.823,692.368
689.816,692.247
689.817,692.265
689.810,692.153
689.812,692.180
689.805,692.077
689.799,691.984
689.794,691.900
689.797,691.951
689.800,691.998
689.795,691.911
689.790,691.834
689.789,691.812
689.792,691.872
689.796,691.927
689.791,691.847
689.794,691.904
689.798,691.955
689.792,691.873
689.796,691.928
689.799,691.976
689.794,691.893
689.789,691.817
689.793,691.876
689.796,691.930
689.799,691.978
689.802,692.022
689.796,691.934
689.799,691.982
689.802,692.026
689.796,691.938
689.799,691.985
689.802,692.029
689.797,691.939
689.800,691.987
689.802,692.030
689.805,692.069
689.807,692.104
689.809,692.136
689.811,692.165
689.812,692.191
689.814,692.214
689.807,692.108
689.801,692.011
689.796,691.924
689.799,691.973
689.802,692.018
689.804,692.058
689.806,692.094
689.800,691.999
689.795,691.912
689.790,691.835
689.786,691.764
689.790,691.828
689.793,691.886
689.797,691.938
689.799,691.986
689.794,691.902
689.797,691.953
689.800,692.000
689.803,692.041
689.805,692.079
689.807,692.113
689.813,692.194
689.806,692.089
689.808,692.122
689.810,692.152
689.804,692.051
689.806,692.088
689.808,692.122
689.810,692.152
689.804,692.051
689.806,692.088
689.808,692.122
689.810,692.152
689.812,692.179
689.813,692.205
689.807,692.099
689.809,692.131
689.802,692.032
689.805,692.071
689.807,692.106
689.809,692.138
689.811,692.167
689.812,692.193
689.814,692.216
689.807,692.110
689.809,692.141
689.811,692.169
689.805,692.067
689.807,692.103
689.809,692.135
689.811,692.164
689.812,692.190
689.814,692.214
689.807,692.108
689.809,692.140
689.811,692.168
689.813,692.194
689.806,692.089
689.800,691.994
689.795,691.908
689.790,691.831
689.793,691.889
689.797,691.941
689.800,691.989
689.802,692.032
689.805,692.071
689.799,691.977
689.802,692.021
689.804,692.061
689.806,692.097
689.800,692.002
689.795,691.915
689.790,691.837
689.786,691.766
689.782,691.702
689.786,691.772
689.790,691.835
689.794,691.893
689.789,691.817
689.793,691.876
689.796,691.930
689.799,691.978
689.794,691.894
689.789,691.818
689.793,691.877
689.796,691.931
689.791,691.851
689.795,691.907
689.790,691.830
689.785,691.760
689.789,691.825
689.793,691.883
689.788,691.808
689.792,691.869
689.787,691.795
689.791,691.856
689.787,691.783
689.783,691.717
689.779,691.658
689.776,691.604
689.781,691.684
689.785,691.756
689.781,691.693
689.777,691.635
689.774,691.584
689.779,691.665
689.776,691.611
689.768,691.483
689.766,691.446
689.763,691.412
689.762,691.382
689.760,691.355
689.758,691.329
689.757,691.307
689.756,691.286
689.754,691.268
689.745,691.123
689.745,691.120
689.745,691.117
689.737,690.986
689.737,690.996
689.738,691.006
689.738,691.014
689.731,690.894
689.732,690.913
689.733,690.931
689.726,690.818
689.728,690.844
689.729,690.868
689.723,690.761
689.725,690.793
689.726,690.821
689.728,690.847
689.729,690.871
689.731,690.892
689.732,690.911
689.725,690.801
689.727,690.829
689.720,690.726
689.714,690.633
689.717,690.676
689.712,690.588
689.707,690.507
689.702,690.434
689.698,690.368
689.694,690.309
689.691,690.256
689.688,690.207
689.685,690.163
689.691,690.252
689.688,690.203
689.685,690.159
689.682,690.119
689.677,690.035
689.675,690.007
689.682,690.110
689.679,690.075
689.686,690.172
689.683,690.131
689.689,690.222
689.678,690.049
689.676,690.019
689.674,689.993
689.670,689.920
689.669,689.904
689.668,689.888
689.667,689.875
689.666,689.862
689.665,689.850
689.657,689.712
689.657,689.715
689.657,689.718
689.657,689.720
689.657,689.722
689.657,689.724
689.649,689.598
689.650,689.611
689.651,689.624
689.652,689.636
689.653,689.646
689.645,689.528
689.646,689.548
689.639,689.438
689.633,689.339
689.636,689.378
689.630,689.285
689.633,689.329
689.635,689.368
689.637,689.404
689.631,689.308
689.634,689.350
689.628,689.260
689.623,689.177
689.618,689.103
689.614,689.036
689.610,688.975
689.615,689.048
689.611,688.986
689.607,688.929
689.604,688.879
689.609,688.961
689.606,688.908
689.603,688.859
689.608,688.944
689.605,688.891
689.610,688.972
689.615,689.046
689.611,688.984
689.615,689.055
689.608,688.944
689.605,688.891
689.602,688.844
689.599,688.801
689.597,688.762
689.595,688.727
689.593,688.696
689.591,688.668
689.589,688.642
689.588,688.618
689.587,688.597
689.593,688.706
689.600,688.805
689.597,688.766
689.603,688.859
689.600,688.815
689.598,688.776
689.596,688.740
689.594,688.707
689.589,688.629
689.587,688.607
689.586,688.586
689.585,688.568
689.584,688.551
689.583,688.537
689.587,688.603
689.586,688.583
689.585,688.566
689.584,688.549
689.583,688.535
689.579,688.472
689.578,688.465
689.578,688.458
689.578,688.452
689.577,688.446
689.577,688.441
689.577,688.438
689.568,688.305
689.566,688.266
689.567,688.278
689.567,688.290
689.568,688.300
689.568,688.308
689.561,688.189
689.562,688.208
689.563,688.226
689.564,688.242
689.565,688.257
689.566,688.270
689.559,688.154
689.560,688.177
689.562,688.197
689.563,688.216
689.564,688.233
689.565,688.249
689.566,688.263
689.566,688.275
689.567,688.287
689.576,688.426
689.576,688.423
689.576,688.420
689.575,688.418
689.572,688.368
689.572,688.370
689.564,688.244
689.565,688.259
689.566,688.271
689.567,688.283
689.568,688.294
689.568,688.303
689.569,688.312
689.569,688.320
689.570,688.327
689.562,688.205
689.563,688.224
689.564,688.240
689.565,688.255
689.566,688.268
689.567,688.280
689.567,688.291
689.568,688.300
689.569,688.309
689.569,688.317
689.570,688.325
689.570,688.332
689.570,688.337
689.563,688.215
689.564,688.232
689.565,688.248
689.557,688.133
689.559,688.159
689.560,688.181
689.562,688.201
689.563,688.220
689.556,688.108
689.558,688.135
689.559,688.160
689.561,688.182
689.562,688.202
689.563,688.221
689.564,688.237
689.562,688.204
689.563,688.223
689.556,688.111
689.558,688.138
689.559,688.163
689.553,688.057
689.555,688.089
689.557,688.118
689.558,688.144
689.560,688.168
689.561,688.190
689.562,688.209
689.563,688.227
689.564,688.243
689.565,688.258
689.566,688.271
689.567,688.283
689.568,688.294
689.573,688.383
689.573,688.384
689.565,688.257
689.566,688.270
689.567,688.282
689.568,688.293
689.565,688.254
689.566,688.267
689.567,688.280
689.567,688.291
689.568,688.300
689.569,688.309
689.566,688.269
689.572,688.361
689.572,688.364
689.572,688.367
689.572,688.369
689.573,688.372
689.573,688.374
689.578,688.456
689.577,688.450
689.585,688.574
689.584,688.557
689.583,688.541
689.582,688.528
689.581,688.515
689.581,688.504
689.585,688.573
689.584,688.556
689.583,688.541
689.582,688.527
689.581,688.514
689.581,688.503
689.580,688.493
689.579,688.483
689.587,688.603
689.586,688.583
689.585,688.566
689.584,688.549
689.583,688.535
689.582,688.521
689.581,688.509
689.580,688.499
689.580,688.489
689.579,688.480
689.579,688.472
689.586,688.593
689.582,688.526
689.586,688.593
689.585,688.575
689.584,688.557
689.591,688.670
689.590,688.644
689.588,688.620
689.587,688.599
689.586,688.579
689.584,688.562
689.583,688.546
689.579,688.483
689.584,688.554
689.583,688.539
689.590,688.653
689.589,688.629
689.587,688.607
689.586,688.586
689.585,688.568
689.584,688.551
689.583,688.537
689.590,688.651
689.589,688.627
689.587,688.605
689.594,688.712
689.600,688.811
689.606,688.899
689.603,688.851
689.600,688.808
689.597,688.769
689.595,688.733
689.593,688.701
689.591,688.672
689.598,688.774
689.595,688.738
689.601,688.833
689.607,688.919
689.604,688.870
689.609,688.953
689.606,688.900
689.611,688.981
689.607,688.925
689.612,689.003
689.609,688.946
689.613,689.021
689.618,689.090
689.622,689.153
689.625,689.209
689.628,689.260
689.631,689.305
689.626,689.219
689.621,689.140
689.624,689.197
689.628,689.249
689.622,689.167
689.626,689.222
689.621,689.143
689.616,689.072
689.612,689.008
689.609,688.950
689.605,688.897
689.602,688.849
689.608,688.935
689.613,689.012
689.617,689.082
689.613,689.017
689.609,688.957
689.611,688.984
689.615,689.055
689.620,689.121
689.615,689.052
689.619,689.118
689.623,689.177
689.626,689.230
689.629,689.279
689.632,689.323
689.635,689.363
689.629,689.270
689.624,689.187
689.627,689.240
689.622,689.159
689.644,689.513
689.638,689.407
689.640,689.439
689.641,689.468
689.635,689.366
689.637,689.402
689.639,689.434
689.633,689.335
689.635,689.374
689.638,689.409
689.640,689.441
689.641,689.470
689.643,689.497
689.645,689.520
689.646,689.541
689.655,689.689
689.656,689.694
689.656,689.699
689.656,689.703
689.656,689.707
689.657,689.710
689.657,689.713
689.665,689.845
689.672,689.963
689.671,689.943
689.675,689.998
689.673,689.974
689.672,689.951
689.670,689.932
689.677,690.043
689.684,690.143
689.681,690.105
689.679,690.071
689.677,690.040
689.675,690.012
689.682,690.115
689.688,690.208
689.693,690.292
689.690,690.240
689.695,690.322
689.700,690.395
689.704,690.462
689.699,690.394
689.704,690.460
689.707,690.520
689.711,690.574
689.706,690.496
689.701,690.424
689.697,690.359
689.694,690.300
689.738,691.007
689.738,691.014
689.739,691.022
689.739,691.029
689.740,691.035
689.748,691.169
689.748,691.162
689.747,691.155
689.747,691.149
689.747,691.144
689.746,691.139
689.746,691.135
689.746,691.131
689.746,691.127
689.745,691.124
689.745,691.121
689.745,691.118
689.745,691.116
689.745,691.114
689.745,691.113
689.740,691.032
689.740,691.038
689.740,691.043
689.749,691.176
689.740,691.040
689.749,691.178
689.756,691.298
689.755,691.279
689.762,691.389
689.760,691.361
689.759,691.336
689.765,691.441
689.766,691.458
689.764,691.423
689.762,691.391
689.760,691.363
689.759,691.338
689.757,691.315
689.764,691.422
689.762,691.390
689.760,691.362
689.767,691.465
689.765,691.430
689.763,691.398
689.761,691.369
689.759,691.343
689.758,691.320
689.756,691.298
689.755,691.279
689.754,691.261
689.737,690.987
689.745,691.125
689.745,691.122
689.753,691.248
689.752,691.233
689.751,691.219
689.759,691.336
689.765,691.441
689.763,691.408
689.761,691.378
689.760,691.351
689.758,691.326
689.757,691.304
689.755,691.284
689.754,691.265
689.753,691.249
689.760,691.362
689.759,691.337
689.765,691.442
689.763,691.409
689.761,691.379
689.760,691.352
689.758,691.327
689.757,691.305
689.755,691.285
689.762,691.394
689.761,691.366
689.759,691.340
689.766,691.445
689.763,691.412
689.762,691.382
689.752,691.226
689.751,691.214
689.750,691.202
689.750,691.191
689.757,691.310
689.756,691.289
689.755,691.271
689.754,691.254
689.753,691.239
689.752,691.225
689.751,691.213
689.750,691.201
689.750,691.190
689.749,691.181
689.748,691.172
689.748,691.164
689.747,691.157
689.739,691.023
689.739,691.030
689.740,691.036
689.732,690.912
689.725,690.802
689.727,690.830
689.720,690.727
689.723,690.762
689.725,690.793
689.726,690.821
689.728,690.847
689.721,690.742
689.715,690.647
689.718,690.690
689.720,690.728
689.723,690.763
689.725,690.794
689.726,690.822
689.728,690.848
689.729,690.872
689.731,690.893
689.732,690.912
689.733,690.930
689.726,690.817
689.720,690.715
689.714,690.623
689.717,690.668
689.711,690.580
689.714,690.629
689.717,690.672
689.719,690.712
689.722,690.748
689.724,690.781
689.726,690.811
689.727,690.839
689.729,690.863
689.730,690.885
689.732,690.905
689.733,690.922
689.726,690.810
689.719,690.709
689.722,690.746
689.724,690.779
689.718,690.681
689.720,690.720
689.722,690.756
689.724,690.788
689.726,690.817
689.728,690.843
689.729,690.867
689.731,690.888
689.724,690.779
689.726,690.809
689.727,690.837
689.729,690.861
689.730,690.883
689.723,690.774
689.717,690.676
689.720,690.716
689.714,690.624
689.709,690.540
689.712,690.593
689.715,690.640
689.715,690.634
689.709,690.550
689.704,690.473
689.700,690.404
689.704,690.469
689.700,690.400
689.696,690.338
689.692,690.282
689.697,690.359
689.702,690.428
689.698,690.363
689.702,690.432
689.706,690.496
689.701,690.424
689.705,690.488
689.701,690.417
689.697,690.353
689.693,690.294
689.690,690.242
689.695,690.323
689.692,690.267
689.688,690.218
689.686,690.173
689.683,690.132
689.681,690.095
689.687,690.190
689.684,690.148
689.682,690.109
689.679,690.074
689.677,690.043
689.676,690.015
689.674,689.988
689.673,689.965
689.671,689.944
689.670,689.924
689.669,689.907
689.665,689.843
689.664,689.833
689.664,689.824
689.663,689.816
689.663,689.810
689.670,689.932
689.677,690.043
689.676,690.015
689.674,689.988
689.673,689.965
689.663,689.815
689.663,689.809
689.662,689.803
689.662,689.797
689.670,689.920
689.669,689.904
689.668,689.888
689.675,690.003
689.673,689.979
689.672,689.956
689.671,689.936
689.670,689.917
689.669,689.901
689.668,689.886
689.667,689.873
689.666,689.860
689.673,689.978
689.680,690.084
689.686,690.180
689.683,690.138
689.681,690.100
689.679,690.066
689.677,690.035
689.683,690.136
689.681,690.099
689.679,690.065
689.677,690.035
689.675,690.007
689.674,689.982
689.672,689.959
689.671,689.939
689.670,689.920
689.669,689.904
689.668,689.888
689.667,689.875
689.666,689.862
689.665,689.850
689.665,689.841
689.664,689.831
689.664,689.822
689.663,689.814
689.663,689.808
689.662,689.802
689.662,689.796
689.662,689.791
689.661,689.786
689.661,689.782
689.661,689.778
689.661,689.776
689.660,689.773
689.660,689.770
689.660,689.767
689.660,689.765
689.660,689.763
689.660,689.761
689.660,689.759
689.651,689.630
689.652,689.640
689.653,689.650
689.653,689.659
689.654,689.667
689.654,689.674
689.652,689.632
689.652,689.642
689.645,689.524
689.646,689.544
689.647,689.564
689.648,689.581
689.649,689.597
689.650,689.610
689.651,689.623
689.652,689.635
689.652,689.645
689.653,689.655
689.654,689.664
689.654,689.672
689.655,689.678
689.655,689.684
689.655,689.690
689.656,689.695
689.656,689.700
689.656,689.704
689.656,689.707
689.657,689.711
689.657,689.714
689.657,689.717
689.657,689.720
689.657,689.722
689.657,689.724
689.658,689.726
689.658,689.728
689.658,689.730
689.658,689.731
689.658,689.732
689.658,689.733
689.658,689.734
689.658,689.735
689.658,689.736
689.650,689.608
689.651,689.621
689.644,689.504
689.645,689.527
689.646,689.547
689.647,689.566
689.648,689.582
689.649,689.598
689.650,689.611
689.651,689.624
689.644,689.507
689.645,689.530
689.646,689.550
689.640,689.440
689.641,689.469
689.635,689.367
689.637,689.403
689.639,689.435
689.641,689.465
689.643,689.491
689.644,689.515
689.646,689.536
689.647,689.556
689.640,689.445
689.634,689.345
689.636,689.383
689.638,689.417
689.632,689.320
689.635,689.360
689.637,689.397
689.639,689.430
689.641,689.460
689.643,689.487
689.644,689.511
689.645,689.534
689.647,689.554
689.640,689.444
689.642,689.472
689.643,689.499
689.645,689.522
689.646,689.543
689.639,689.434
689.641,689.464
689.643,689.490
689.644,689.514
689.638,689.408
689.640,689.440
689.633,689.341
689.628,689.251
689.631,689.297
689.633,689.340
689.628,689.251
689.631,689.297
689.625,689.212
689.620,689.134
689.616,689.064
689.612,689.001
689.608,688.944
689.605,688.891
689.610,688.972
689.615,689.046
689.611,688.984
689.607,688.927
689.604,688.877
689.609,688.959
689.606,688.906
689.608,688.937
689.602,688.837
689.607,688.923
689.604,688.873
689.601,688.827
689.599,688.786
689.596,688.749
689.594,688.715
689.592,688.685
689.590,688.658
689.589,688.633
689.596,688.739
689.593,688.706
689.592,688.677
689.598,688.778
689.596,688.742
689.594,688.709
689.600,688.807
689.597,688.768
689.595,688.733
689.593,688.701
689.591,688.672
689.590,688.645
689.588,688.622
689.595,688.729
689.601,688.825
689.606,688.913
689.603,688.863
689.601,688.818
689.598,688.779
689.596,688.743
689.594,688.710
689.592,688.679
689.590,688.652
689.589,688.628
689.587,688.606
689.586,688.585
689.585,688.567
689.584,688.550
689.583,688.536
689.590,688.650
689.588,688.626
689.587,688.604
689.586,688.584
689.582,688.518
689.581,688.506
689.580,688.496
689.580,688.486
689.579,688.477
689.587,688.598
689.594,688.707
689.592,688.678
689.590,688.650
689.588,688.626
689.587,688.604
689.594,688.712
689.592,688.682
689.598,688.783
689.596,688.746
689.594,688.713
689.589,688.635
689.588,688.612
689.586,688.592
689.585,688.574
689.584,688.557
689.591,688.670
689.590,688.644
689.588,688.620
689.587,688.599
689.586,688.579
689.584,688.562
689.583,688.546
689.583,688.532
689.582,688.519
689.581,688.507
689.580,688.497
689.577,688.438
689.576,688.435
689.576,688.431
689.576,688.428
689.576,688.425
689.576,688.422
689.575,688.419
689.572,688.369
689.581,688.500
689.580,688.490
689.579,688.481
689.587,688.602
689.586,688.582
689.585,688.565
689.581,688.501
689.577,688.442
689.577,688.438
689.576,688.434
689.584,688.558
689.583,688.542
689.590,688.657
689.589,688.632
689.587,688.609
689.586,688.589
689.585,688.571
689.584,688.554
689.583,688.539
689.582,688.525
689.581,688.512
689.581,688.502
689.580,688.492
689.588,688.611
689.586,688.591
689.585,688.573
689.584,688.556
689.591,688.669
689.589,688.643
689.588,688.619
689.595,688.726
689.601,688.823
689.598,688.782
689.596,688.746
689.594,688.712
689.592,688.682
689.590,688.655
689.589,688.631
689.587,688.609
689.586,688.588
689.585,688.570
689.592,688.681
689.590,688.654
689.597,688.758
689.595,688.724
689.593,688.693
689.591,688.665
689.589,688.640
689.588,688.616
689.586,688.595
689.585,688.575
689.584,688.558
689.583,688.542
689.582,688.529
689.590,688.644
689.596,688.749
689.591,688.667
689.594,688.720
689.592,688.689
689.591,688.661
689.589,688.636
689.588,688.613
689.594,688.721
689.592,688.690
689.588,688.613
689.583,688.544
689.582,688.530
689.582,688.517
689.581,688.506
689.580,688.495
689.580,688.485
689.579,688.476
689.579,688.469
689.578,688.462
689.575,688.407
689.575,688.406
689.575,688.405
689.575,688.404
689.574,688.403
689.574,688.403
689.574,688.402
689.574,688.401
689.574,688.401
689.574,688.401
689.574,688.401
689.574,688.401
689.574,688.401
689.574,688.401
689.574,688.401
689.574,688.401
689.574,688.401
689.574,688.401
689.574,688.401
689.566,688.271
689.567,688.283
689.556,688.113
689.558,688.140
689.559,688.164
689.553,688.059
689.555,688.091
689.557,688.120
689.558,688.146
689.560,688.169
689.561,688.191
689.562,688.210
689.563,688.228
689.564,688.243
689.565,688.258
689.566,688.271
689.567,688.283
689.568,688.294
689.568,688.303
689.569,688.312
689.577,688.448
689.577,688.443
689.577,688.438
689.584,688.563
689.583,688.547
689.583,688.533
689.582,688.520
689.572,688.369
689.573,688.372
689.581,688.503
689.580,688.493
689.579,688.483
689.587,688.603
689.586,688.583
689.585,688.566
689.584,688.549
689.583,688.535
689.582,688.521
689.581,688.509
689.580,688.499
689.580,688.489
689.579,688.480
689.579,688.472
689.578,688.465
689.578,688.458
689.578,688.452
689.577,688.446
689.577,688.441
689.577,688.438
689.581,688.512
689.581,688.502
689.572,688.364
689.564,688.238
689.557,688.125
689.551,688.023
689.553,688.059
689.555,688.091
689.565,688.248
689.574,688.390
689.574,688.391
689.574,688.391
689.582,688.519
689.581,688.507
689.580,688.497
689.580,688.487
689.579,688.478
689.579,688.471
689.578,688.464
689.578,688.457
689.577,688.451
689.577,688.446
689.569,688.313
689.569,688.321
689.570,688.328
689.578,688.463
689.578,688.456
689.585,688.578
689.591,688.662
689.589,688.637
689.596,688.742
689.594,688.709
689.592,688.678
689.590,688.651
689.589,688.627
689.587,688.605
689.586,688.585
689.585,688.567
689.592,688.678
689.598,688.780
689.596,688.743
689.594,688.710
689.589,688.631
689.587,688.609
689.586,688.588
689.585,688.570
689.584,688.553
689.583,688.539
689.582,688.525
689.581,688.512
689.581,688.502
689.580,688.492
689.579,688.483
689.590,688.651
689.589,688.627
689.587,688.605
689.583,688.537
689.579,688.474
689.578,688.467
689.578,688.460
689.578,688.454
689.577,688.448
689.585,688.572
689.584,688.555
689.583,688.540
689.582,688.526
689.586,688.593
689.585,688.575
689.584,688.557
689.583,688.541
689.582,688.528
689.578,688.467
689.578,688.460
689.578,688.454
689.577,688.448
689.577,688.443
689.577,688.438
689.576,688.435
689.576,688.431
689.576,688.428
689.576,688.425
689.576,688.422
689.575,688.419
689.575,688.417
689.575,688.415
689.575,688.413
689.575,688.411
689.575,688.409
689.575,688.408
689.575,688.407
689.575,688.406
689.575,688.405
689.583,688.533
689.582,688.520
689.581,688.508
689.580,688.498
689.580,688.488
689.579,688.479
689.579,688.472
689.578,688.465
689.578,688.458
689.578,688.452
689.577,688.446
689.585,688.570
689.584,688.553
689.583,688.539
689.582,688.525
689.581,688.512
689.581,688.502
689.580,688.492
689.579,688.483
689.587,688.603
689.586,688.583
689.585,688.566
689.592,688.678
689.590,688.650
689.588,688.626
689.587,688.604
689.594,688.712
689.592,688.682
689.590,688.655
689.589,688.631
689.592,688.688
689.591,688.660
689.589,688.635
689.596,688.741
689.594,688.708
689.592,688.678
689.582,688.522
689.578,688.462
689.578,688.456
689.577,688.450
689.577,688.445
689.585,688.569
689.584,688.552
689.583,688.538
689.582,688.524
689.578,688.464
689.578,688.457
689.577,688.451
689.577,688.446
689.577,688.441
689.577,688.438
689.576,688.434
689.584,688.558
689.583,688.542
689.579,688.480
689.579,688.472
689.578,688.465
689.578,688.458
689.578,688.452
689.577,688.446
689.577,688.441
689.577,688.438
689.584,688.562
689.588,688.625
689.584,688.555
689.583,688.540
689.590,688.654
689.586,688.581
689.593,688.692
689.591,688.664
689.589,688.639
689.588,688.615
689.586,688.595
689.585,688.575
689.584,688.558
689.583,688.542
689.582,688.529
689.590,688.644
689.596,688.749
689.602,688.844
689.607,688.929
689.604,688.879
689.609,688.961
689.614,689.036
689.615,689.055
689.619,689.120
689.623,689.179
689.627,689.232
689.622,689.153
689.625,689.209
689.628,689.260
689.631,689.305
689.634,689.347
689.628,689.257
689.631,689.303
689.626,689.217
689.629,689.267
689.632,689.313
689.626,689.226
689.629,689.275
689.624,689.192
689.619,689.116
689.615,689.048
689.619,689.114
689.615,689.046
689.619,689.112
689.623,689.172
689.618,689.098
689.614,689.031
689.610,688.971
689.615,689.045
689.608,688.935
689.610,688.963
689.614,689.037
689.618,689.104
689.622,689.165
689.626,689.221
689.629,689.270
689.632,689.315
689.634,689.356
689.629,689.264
689.631,689.310
689.634,689.351
689.636,689.388
689.638,689.422
689.640,689.452
689.642,689.480
689.636,689.377
689.638,689.412
689.640,689.443
689.642,689.471
689.635,689.369
689.637,689.405
689.639,689.437
689.633,689.338
689.636,689.377
689.638,689.412
689.637,689.395
689.639,689.428
689.649,689.586
689.650,689.601
689.651,689.614
689.651,689.627
689.652,689.638
689.653,689.647
689.653,689.656
689.654,689.665
689.654,689.673
689.655,689.679
689.655,689.685
689.663,689.819
689.671,689.941
689.670,689.922
689.677,690.034
689.675,690.007
689.674,689.982
689.680,690.087
689.678,690.054
689.676,690.025
689.675,689.998
689.673,689.974
689.680,690.081
689.686,690.177
689.683,690.136
689.689,690.227
689.694,690.310
689.699,690.385
689.695,690.324
689.700,690.396
689.704,690.462
689.708,690.523
689.711,690.577
689.714,690.627
689.717,690.671
689.719,690.711
689.722,690.747
689.732,690.908
689.733,690.926
689.734,690.942
689.743,691.084
689.751,691.214
689.750,691.202
689.750,691.191
689.757,691.310
689.756,691.289
689.909,693.723
689.909,693.729
689.909,693.735
689.910,693.741
689.910,693.746
689.918,693.878
689.918,693.870
689.917,693.862
689.917,693.856
689.917,693.850
689.916,693.844
689.916,693.839
689.919,693.885
689.918,693.876
689.918,693.868
689.917,693.860
689.917,693.854
689.924,693.976
689.923,693.959
689.922,693.943
689.922,693.928
689.921,693.916
689.928,694.032
689.927,694.009
689.925,693.989
689.924,693.970
689.923,693.953
689.930,694.066
689.932,694.090
689.938,694.190
689.936,694.152
689.937,694.168
689.942,694.260
689.948,694.343
689.944,694.291
689.949,694.372
689.946,694.316
689.951,694.395
689.947,694.338
689.944,694.286
689.941,694.239
689.946,694.325
689.943,694.274
689.940,694.229
689.946,694.315
689.951,694.394
689.947,694.337
689.944,694.285
689.949,694.367
689.954,694.441
689.950,694.378
689.954,694.450
689.958,694.515
689.962,694.575
689.957,694.500
689.961,694.561
689.965,694.616
689.968,694.666
689.971,694.711
689.965,694.623
689.968,694.673
689.971,694.718
689.966,694.629
689.969,694.678
689.971,694.721
689.974,694.761
689.976,694.797
689.981,694.880
689.975,694.776
689.972,694.732
689.789,691.811
689.784,691.743
689.788,691.809
689.792,691.869
689.796,691.924
689.791,691.845
689.786,691.773
689.790,691.836
689.794,691.894
689.797,691.946
689.800,691.993
689.803,692.036
689.805,692.075
689.799,691.981
689.794,691.897
689.797,691.948
689.800,691.995
689.803,692.038
689.805,692.075
689.807,692.110
689.809,692.142
689.803,692.041
689.805,692.079
689.807,692.113
689.809,692.144
689.811,692.173
689.813,692.198
689.814,692.221
689.808,692.114
689.810,692.145
689.811,692.174
689.813,692.199
689.822,692.350
689.823,692.359
689.831,692.495
689.831,692.490
689.831,692.486
689.831,692.482
689.838,692.606
689.837,692.590
689.837,692.576
689.836,692.563
689.835,692.552
689.834,692.541
689.834,692.531
689.833,692.522
689.833,692.515
689.832,692.508
689.832,692.501
689.831,692.495
689.839,692.619
689.838,692.602
689.845,692.715
689.844,692.689
689.842,692.665
689.841,692.644
689.840,692.624
689.847,692.735
689.845,692.707
689.843,692.682
689.842,692.659
689.840,692.638
689.842,692.669
689.841,692.648
689.840,692.628
689.839,692.611
689.846,692.724
689.844,692.696
689.843,692.672
689.841,692.650
689.840,692.630
689.839,692.612
689.846,692.724
689.844,692.696
689.851,692.800
689.849,692.766
689.855,692.864
689.852,692.824
689.858,692.916
689.855,692.870
689.852,692.830
689.853,692.842
689.851,692.804
689.849,692.769
689.855,692.866
689.860,692.955
689.865,693.035
689.862,692.978
689.867,693.056
689.871,693.126
689.867,693.061
689.863,693.002
689.860,692.948
689.857,692.899
689.862,692.984
689.859,692.933
689.864,693.014
689.861,692.960
689.866,693.038
689.862,692.981
689.867,693.058
689.863,693.000
689.860,692.946
689.857,692.899
689.854,692.855
689.852,692.815
689.857,692.908
689.863,692.992
689.859,692.939
689.864,693.020
689.869,693.094
689.873,693.160
689.869,693.092
689.873,693.158
689.877,693.218
689.880,693.273
689.883,693.322
689.886,693.367
689.889,693.408
689.891,693.445
689.893,693.478
689.895,693.508
689.889,693.407
689.883,693.314
689.878,693.231
689.873,693.156
689.869,693.088
689.873,693.155
689.877,693.215
689.880,693.270
689.875,693.191
689.871,693.120
689.875,693.184
689.878,693.242
689.882,693.294
689.885,693.342
689.879,693.256
689.882,693.307
689.885,693.352
689.888,693.394
689.890,693.432
689.892,693.466
689.886,693.369
689.889,693.409
689.891,693.445
689.893,693.478
689.895,693.508
689.897,693.535
689.901,693.609
689.903,693.626
689.899,693.563
689.900,693.585
689.901,693.604
689.902,693.621
689.903,693.638
689.904,693.653
689.905,693.666
689.906,693.678
689.898,693.560
689.900,693.583
689.904,693.653
689.905,693.666
689.898,693.550
689.899,693.573
689.900,693.593
689.902,693.612
689.903,693.629
689.896,693.517
689.897,693.543
689.899,693.566
689.900,693.587
689.901,693.607
689.902,693.624
689.903,693.640
689.904,693.654
689.905,693.667
689.906,693.679
689.906,693.689
689.907,693.699
689.908,693.708
689.908,693.716
689.901,693.594
689.902,693.613
689.903,693.630
689.904,693.646
689.905,693.659
689.905,693.672
689.906,693.684
689.899,693.565
689.900,693.586
689.901,693.606
689.894,693.495
689.896,693.523
689.898,693.549
689.891,693.444
689.885,693.348
689.888,693.390
689.885,693.349
689.888,693.391
689.890,693.429
689.892,693.463
689.894,693.494
689.888,693.394
689.890,693.432
689.892,693.466
689.894,693.497
689.920,693.908
689.920,693.897
689.919,693.888
689.918,693.879
689.918,693.870
689.909,693.734
689.910,693.740
689.910,693.745
689.910,693.750
689.906,693.675
689.906,693.686
689.915,693.824
689.915,693.821
689.915,693.818
689.914,693.815
689.914,693.813
689.914,693.811
689.914,693.809
689.914,693.807
689.914,693.805
689.914,693.804
689.914,693.803
689.922,693.930
689.916,693.838
689.924,693.962
689.930,694.057
689.928,694.031
689.927,694.009
689.925,693.989
689.932,694.099
689.930,694.069
689.937,694.171
689.943,694.264
689.948,694.347
689.945,694.295
689.942,694.247
689.947,694.332
689.944,694.280
689.949,694.362
689.945,694.307
689.950,694.386
689.947,694.330
689.952,694.407
689.948,694.348
689.945,694.295
689.942,694.247
689.947,694.332
689.944,694.280
689.941,694.234
689.938,694.192
689.953,694.422
689.957,694.490
689.956,694.474
689.952,694.409
689.956,694.478
689.952,694.413
689.951,694.404
689.956,694.474
689.952,694.409
689.948,694.350
689.953,694.425
689.957,694.493
689.953,694.426
689.949,694.366
689.954,694.440
689.950,694.378
689.946,694.323
689.951,694.401
689.948,694.342
689.944,694.290
689.941,694.242
689.939,694.200
689.944,694.289
689.949,694.370
690.341,700.603
690.349,700.733
690.348,700.715
690.347,700.697
690.346,700.682
690.345,700.668
690.344,700.655
690.347,700.695
690.346,700.680
690.345,700.666
690.344,700.654
690.346,700.693
690.345,700.678
690.348,700.716
690.347,700.698
690.349,700.734
690.348,700.715
690.339,700.569
690.338,700.566
690.338,700.563
690.338,700.560
690.341,700.609
690.341,700.602
690.340,700.595
690.340,700.589
690.335,700.507
690.292,699.833
690.297,699.900
690.292,699.832
690.292,699.822
690.296,699.890
690.300,699.951
690.295,699.878
690.291,699.812
690.291,699.803
690.287,699.745
690.292,699.820
690.288,699.760
690.284,699.705
690.281,699.656
690.274,699.533
690.271,699.500
690.270,699.470
690.268,699.443
690.270,699.469
690.268,699.442
690.266,699.418
690.265,699.395
690.264,699.376
690.254,699.229
690.254,699.225
690.205,698.447
690.202,698.389
690.202,698.387
690.201,698.385
690.198,698.332
690.195,698.285
690.201,698.370
690.197,698.320
690.203,698.402
690.199,698.349
690.191,698.222
690.192,698.236
690.190,698.198
690.196,698.292
690.193,698.249
690.194,698.260
690.194,698.271
690.192,698.229
690.189,698.191
690.187,698.157
690.185,698.127
690.183,698.099
690.182,698.074
690.180,698.051
690.179,698.031
690.186,698.141
690.184,698.112
690.183,698.085
690.181,698.062
690.172,697.912
690.171,697.905
690.171,697.898
690.166,697.814
690.169,697.867
690.164,697.786
690.164,697.791
690.164,697.795
690.157,697.670
690.149,697.558
690.151,697.584
690.145,697.480
690.147,697.514
690.141,697.417
690.135,697.328
690.130,697.249
690.126,697.177
690.121,697.112
690.121,697.103
690.117,697.045
690.117,697.042
690.114,696.989
690.119,697.070
690.123,697.143
690.120,697.081
690.116,697.024
690.113,696.973
690.113,696.977
690.113,696.981
690.110,696.934
690.108,696.891
690.105,696.853
690.103,696.818
690.109,696.915
690.099,696.746
690.092,696.643
690.091,696.629
690.090,696.615
690.090,696.604
690.089,696.593
690.088,696.583
690.096,696.703
690.094,696.682
690.101,696.792
690.100,696.763
690.098,696.737
690.096,696.713
690.095,696.692
690.094,696.673
690.093,696.655
690.095,696.689
690.089,696.592
690.088,696.582
690.088,696.573
690.087,696.566
690.090,696.608
690.092,696.647
690.091,696.632
690.090,696.618
690.090,696.605
690.089,696.594
690.080,696.456
690.080,696.459
690.081,696.462
690.081,696.465
690.081,696.467
690.081,696.468
690.073,696.342
690.074,696.356
690.075,696.368
690.076,696.380
690.068,696.262
690.069,696.284
690.063,696.175
690.065,696.205
690.066,696.232
690.068,696.257
690.069,696.279
690.062,696.170
690.056,696.072
690.051,695.984
690.054,696.031
690.048,695.947
690.043,695.870
690.039,695.800
690.043,695.865
690.047,695.924
690.042,695.850
690.046,695.910
690.049,695.965
690.044,695.886
690.040,695.816
690.036,695.751
690.040,695.821
690.036,695.756
690.036,695.747
690.040,695.817
690.044,695.882
690.040,695.811
690.036,695.747
690.035,695.739
690.040,695.810
690.036,695.746
690.032,695.688
690.029,695.636
690.034,695.716
690.038,695.790
690.035,695.728
690.026,695.594
690.031,695.679
690.028,695.628
690.025,695.581
690.023,695.540
690.020,695.502
690.018,695.468
690.016,695.437
690.014,695.408
690.013,695.383
690.011,695.360
690.010,695.338
690.009,695.319
690.003,695.224
690.002,695.216
690.002,695.208
690.001,695.201
690.001,695.196
690.001,695.190
690.000,695.185
690.000,695.181
690.000,695.177
690.000,695.173
690.000,695.170
689.999,695.167
689.999,695.164
689.999,695.163
689.999,695.161
690.007,695.287
690.006,695.273
690.005,695.261
690.004,695.249
690.004,695.238
690.003,695.229
690.003,695.220
690.002,695.212
690.002,695.205
690.001,695.199
690.001,695.194
690.001,695.189
690.000,695.184
690.000,695.180
690.000,695.176
690.000,695.172
690.003,695.219
690.002,695.211
689.994,695.076
689.994,695.082
689.994,695.088
689.995,695.093
689.995,695.097
689.998,695.152
689.998,695.151
689.998,695.150
689.998,695.149
689.990,695.020
689.991,695.031
689.983,694.914
689.985,694.935
689.986,694.955
689.982,694.894
689.984,694.918
689.985,694.939
689.978,694.830
689.972,694.731
689.966,694.642
689.961,694.561
689.960,694.538
689.963,694.595
689.967,694.647
689.970,694.693
689.972,694.736
689.975,694.774
689.969,694.681
689.963,694.596
689.959,694.519
689.962,694.579
689.958,694.504
689.953,694.436
689.953,694.424
689.949,694.364
689.945,694.309
689.945,694.310
689.942,694.261
689.948,694.344
689.952,694.420
689.957,694.488
689.953,694.422
689.949,694.362
689.945,694.307
689.950,694.386
689.947,694.330
689.943,694.278
689.941,694.232
689.938,694.190
689.944,694.280
689.949,694.362
689.953,694.436
689.950,694.375
689.946,694.319
689.943,694.269
689.940,694.223
689.937,694.182
689.935,694.145
689.936,694.162
689.934,694.127
689.932,694.095
689.930,694.066
689.928,694.039
689.927,694.016
689.934,694.123
689.932,694.092
689.930,694.064
689.928,694.037
689.927,694.014
689.926,693.993
689.924,693.973
689.923,693.956
689.917,693.861
689.912,693.776
689.912,693.778
689.920,693.907
689.919,693.896
689.927,694.015
689.921,693.915
689.912,693.775
689.915,693.826
689.915,693.824
689.915,693.821
689.915,693.818
689.914,693.815
689.914,693.813
689.914,693.811
689.914,693.809
689.914,693.807
689.906,693.677
689.906,693.688
689.902,693.619
689.903,693.635
689.907,693.700
689.908,693.709
689.908,693.717
689.909,693.723
689.901,693.601
689.902,693.620
689.903,693.636
689.904,693.651
689.905,693.664
689.906,693.676
689.909,693.737
689.910,693.742
689.902,693.619
689.898,693.556
689.891,693.450
689.893,693.482
689.895,693.512
689.897,693.538
689.898,693.562
689.900,693.584
689.896,693.524
689.893,693.471
689.895,693.501
689.891,693.449
689.885,693.353
689.888,693.395
689.890,693.433
689.893,693.467
689.886,693.370
689.889,693.410
689.891,693.446
689.893,693.479
689.895,693.509
689.889,693.407
689.891,693.444
689.893,693.477
689.895,693.507
689.897,693.534
689.898,693.558
689.892,693.452
689.894,693.484
689.895,693.514
689.897,693.540
689.891,693.435
689.885,693.341
689.887,693.383
689.890,693.422
689.887,693.379
689.881,693.289
689.884,693.337
689.887,693.380
689.890,693.419
689.892,693.454
689.894,693.486
689.896,693.516
689.897,693.542
689.899,693.565
689.895,693.508
689.897,693.535
689.898,693.559
689.892,693.453
689.894,693.485
689.896,693.515
689.897,693.541
689.899,693.565
689.900,693.586
689.901,693.606
689.902,693.623
689.903,693.639
689.904,693.654
689.905,693.667
689.906,693.679
689.906,693.689
689.907,693.699
689.908,693.708
689.908,693.716
689.909,693.723
689.909,693.729
689.909,693.735
689.910,693.741
689.910,693.746
689.910,693.750
689.911,693.754
689.911,693.757
689.911,693.760
689.911,693.763
689.911,693.766
689.911,693.768
689.912,693.770
689.912,693.772
689.920,693.902
689.922,693.942
689.930,694.056
689.936,694.159
689.942,694.252
689.947,694.337
689.944,694.285
689.941,694.238
689.938,694.196
689.936,694.157
689.942,694.250
689.947,694.335
689.944,694.283
689.949,694.365
689.954,694.439
689.958,694.506
689.962,694.566
689.965,694.620
689.960,694.542
689.964,694.599
689.967,694.650
689.970,694.697
689.964,694.611
689.959,694.533
689.963,694.590
689.966,694.643
689.969,694.690
689.972,694.733
689.966,694.644
689.969,694.691
689.972,694.734
689.975,694.773
689.977,694.808
689.987,694.967
690.015,695.419
690.013,695.393
690.012,695.369
690.011,695.347
690.013,695.377
690.019,695.483
690.017,695.450
690.015,695.421
690.022,695.522
690.027,695.614
690.036,695.747
690.040,695.817
690.044,695.882
690.048,695.939
690.051,695.991
690.054,696.039
690.057,696.082
690.059,696.121
690.061,696.156
690.063,696.188
690.065,696.216
690.067,696.242
690.068,696.265
690.070,696.287
690.066,696.228
690.040,695.814
690.044,695.878
690.048,695.936
690.043,695.860
690.039,695.791
690.035,695.729
690.031,695.673
690.031,695.672
690.028,695.621
690.028,695.625
690.025,695.578
690.023,695.537
690.020,695.499
690.018,695.465
690.016,695.434
690.014,695.405
690.013,695.380
690.003,695.229
690.003,695.220
690.002,695.212
690.002,695.205
689.993,695.071
689.994,695.078
689.986,694.956
689.987,694.973
689.852,692.825
689.850,692.788
689.848,692.755
689.846,692.725
689.844,692.697
689.843,692.673
689.841,692.651
689.840,692.630
689.839,692.612
689.838,692.595
689.837,692.581
689.836,692.567
689.827,692.427
689.822,692.350
689.815,692.230
689.808,692.122
689.802,692.024
689.804,692.064
689.807,692.100
689.809,692.132
689.802,692.033
689.805,692.072
689.799,691.978
689.802,692.022
689.796,691.934
689.791,691.854
689.787,691.782
689.783,691.717
689.779,691.658
689.784,691.732
689.780,691.671
689.776,691.616
689.781,691.695
689.778,691.637
689.774,691.586
689.779,691.667
689.776,691.613
689.773,691.563
689.770,691.519
689.768,691.478
689.765,691.441
689.763,691.408
689.761,691.378
689.760,691.351
689.758,691.326
689.757,691.304
689.755,691.284
689.754,691.265
689.753,691.249
689.752,691.234
689.751,691.220
689.751,691.209
689.750,691.198
689.749,691.188
689.749,691.180
689.748,691.172
689.740,691.036
689.740,691.042
689.740,691.046
689.741,691.051
689.733,690.927
689.734,690.943
689.727,690.829
689.720,690.726
689.714,690.633
689.717,690.676
689.720,690.716
689.722,690.752
689.724,690.784
689.726,690.813
689.727,690.840
689.721,690.736
689.723,690.770
689.725,690.801
689.727,690.829
689.728,690.854
689.722,690.748
689.716,690.653
689.718,690.695
689.713,690.604
689.716,690.651
689.718,690.693
689.721,690.731
689.715,690.636
689.717,690.680
689.720,690.719
689.714,690.626
689.717,690.670
689.719,690.710
689.722,690.746
689.724,690.779
689.726,690.809
689.719,690.708
689.722,690.745
689.716,690.650
689.718,690.692
689.721,690.730
689.723,690.765
689.725,690.796
689.727,690.824
689.728,690.849
689.721,690.744
689.716,690.649
689.710,690.563
689.713,690.613
689.716,690.659
689.719,690.701
689.713,690.609
689.716,690.655
689.719,690.697
689.721,690.735
689.723,690.769
689.725,690.800
689.727,690.828
689.728,690.853
689.722,690.747
689.716,690.652
689.718,690.694
689.713,690.603
689.708,690.522
689.703,690.448
689.707,690.509
689.710,690.565
689.713,690.615
689.716,690.661
689.719,690.702
689.721,690.738
689.723,690.772
689.725,690.803
689.727,690.830
689.720,690.727
689.723,690.762
689.725,690.793
689.726,690.821
689.720,690.719
689.714,690.626
689.709,690.542
689.712,690.595
689.715,690.642
689.718,690.685
689.712,690.596
689.715,690.643
689.710,690.558
689.713,690.608
689.708,690.526
689.703,690.451
689.699,690.384
689.703,690.451
689.707,690.512
689.710,690.567
689.705,690.489
689.709,690.546
689.704,690.469
689.700,690.400
689.704,690.466
689.708,690.526
689.703,690.451
689.707,690.512
689.710,690.567
689.714,690.617
689.716,690.663
689.719,690.703
689.713,690.612
689.716,690.658
689.719,690.700
689.713,690.608
689.708,690.526
689.711,690.580
689.706,690.500
689.710,690.557
689.705,690.479
689.700,690.409
689.705,690.474
689.700,690.404
689.696,690.341
689.701,690.413
689.705,690.478
689.700,690.408
689.704,690.473
689.708,690.532
689.712,690.586
689.707,690.506
689.702,690.433
689.706,690.497
689.709,690.553
689.705,690.476
689.700,690.406
689.704,690.471
689.700,690.402
689.704,690.468
689.708,690.528
689.711,690.581
689.714,690.630
689.717,690.673
689.720,690.713
689.722,690.749
689.724,690.782
689.726,690.811
689.727,690.839
689.729,690.863
689.730,690.885
689.732,690.905
689.733,690.922
689.734,690.939
689.735,690.953
689.735,690.967
689.736,690.978
689.745,691.117
689.745,691.115
689.745,691.114
689.745,691.112
689.744,691.110
689.744,691.108
689.744,691.107
689.744,691.106
689.744,691.105
689.744,691.104
689.752,691.231
689.751,691.217
689.750,691.206
689.750,691.195
689.741,691.057
689.741,691.061
689.742,691.064
689.742,691.067
689.742,691.070
689.742,691.072
689.742,691.074
689.742,691.076
689.750,691.206
689.750,691.195
689.749,691.185
689.749,691.177
689.748,691.169
689.748,691.162
689.747,691.155
689.747,691.149
689.747,691.144
689.746,691.139
689.746,691.135
689.746,691.131
689.746,691.127
689.745,691.124
689.745,691.121
689.745,691.118
689.745,691.116
689.745,691.114
689.745,691.113
689.745,691.111
689.744,691.109
689.744,691.107
689.744,691.106
689.736,690.977
689.737,690.987
689.737,690.997
689.738,691.006
689.738,691.014
689.739,691.022
689.736,690.979
689.737,690.990
689.738,691.000
689.738,691.009
689.739,691.016
689.739,691.024
689.731,690.903
689.733,690.921
689.734,690.938
689.735,690.952
689.735,690.966
689.736,690.977
689.737,690.988
689.737,690.998
689.738,691.007
689.738,691.014
689.739,691.022
689.739,691.029
689.740,691.035
689.740,691.041
689.740,691.046
689.741,691.050
689.741,691.054
689.741,691.058
689.741,691.061
689.742,691.064
689.742,691.067
689.742,691.070
689.742,691.072
689.742,691.074
689.742,691.076
689.737,690.998
689.738,691.007
689.738,691.014
689.731,690.894
689.732,690.913
689.733,690.931
689.734,690.946
689.735,690.960
689.736,690.973
689.737,690.984
689.737,690.995
689.738,691.005
689.746,691.142
689.746,691.137
689.746,691.133
689.746,691.129
689.745,691.125
689.745,691.122
689.745,691.119
689.745,691.116
689.745,691.114
689.745,691.113
689.745,691.111
689.736,690.980
689.737,690.991
689.730,690.873
689.731,690.894
689.724,690.784
689.718,690.685
689.720,690.724
689.722,690.759
689.724,690.791
689.726,690.820
689.720,690.718
689.722,690.754
689.724,690.786
689.726,690.815
689.728,690.841
689.721,690.737
689.723,690.771
689.725,690.802
689.727,690.830
689.720,690.727
689.715,690.634
689.709,690.549
689.712,690.600
689.707,690.519
689.711,690.573
689.714,690.623
689.709,690.539
689.712,690.592
689.707,690.511
689.710,690.566
689.705,690.488
689.709,690.545
689.704,690.469
689.708,690.529
689.711,690.582
689.706,690.502
689.710,690.559
689.713,690.609
689.716,690.655
689.719,690.697
689.721,690.735
689.723,690.769
689.717,690.671
689.711,690.583
689.703,690.454
689.699,690.386
689.695,690.325
689.700,690.397
689.704,690.463
689.700,690.395
689.696,690.333
689.700,690.405
689.696,690.342
689.701,690.414
689.705,690.478
689.708,690.536
689.712,690.590
689.715,690.637
689.709,690.552
689.705,690.475
689.700,690.405
689.704,690.470
689.700,690.401
689.696,690.339
689.693,690.283
689.689,690.231
689.686,690.185
689.692,690.271
689.689,690.221
689.686,690.175
689.683,690.134
689.689,690.225
689.694,690.308
689.699,690.383
689.703,690.451
689.699,690.384
689.695,690.323
689.692,690.267
689.696,690.346
689.701,690.417
689.697,690.353
689.693,690.294
689.687,690.193
689.684,690.151
689.690,690.240
689.687,690.192
689.692,690.278
689.689,690.227
689.653,689.647
689.653,689.656
689.654,689.665
689.654,689.673
689.655,689.679
689.655,689.685
689.655,689.691
689.656,689.696
689.656,689.701
689.656,689.705
689.664,689.837
689.672,689.956
689.671,689.936
689.670,689.917
689.669,689.901
689.676,690.015
689.682,690.118
689.680,690.082
689.678,690.050
689.684,690.149
689.682,690.110
689.679,690.075
689.677,690.044
689.676,690.016
689.674,689.989
689.695,690.327
689.692,690.272
689.697,690.350
689.688,690.213
689.685,690.168
689.683,690.127
689.680,690.090
689.678,690.057
689.685,690.155
689.682,690.117
689.688,690.210
689.685,690.165
689.691,690.254
689.696,690.333
689.700,690.405
689.696,690.342
689.693,690.285
689.689,690.233
689.686,690.187
689.692,690.273
689.697,690.351
689.693,690.293
689.690,690.241
689.695,690.322
689.691,690.266
689.680,690.086
689.678,690.053
689.676,690.024
689.675,689.998
689.681,690.102
689.679,690.068
689.682,690.117
689.680,690.081
689.678,690.049
689.684,690.148
689.682,690.109
689.679,690.074
689.685,690.171
689.683,690.130
689.689,690.222
689.694,690.304
689.690,690.251
689.687,690.202
689.685,690.158
689.690,690.248
689.687,690.200
689.685,690.156
689.682,690.118
689.688,690.211
689.685,690.166
689.683,690.126
689.680,690.090
689.686,690.186
689.684,690.144
689.689,690.234
689.687,690.188
689.684,690.146
689.682,690.108
689.679,690.073
689.677,690.042
689.676,690.014
689.674,689.988
689.681,690.093
689.679,690.060
689.677,690.030
689.675,690.003
689.673,689.979
689.672,689.956
689.679,690.064
689.677,690.034
689.675,690.007
689.674,689.982
689.672,689.959
689.671,689.939
689.670,689.920
689.677,690.032
689.675,690.005
689.673,689.980
689.672,689.957
689.671,689.937
689.670,689.918
689.669,689.902
689.668,689.886
689.667,689.873
689.666,689.860
689.665,689.849
689.665,689.840
689.664,689.831
689.664,689.822
689.671,689.943
689.670,689.923
689.669,689.906
689.668,689.890
689.667,689.877
689.666,689.864
689.665,689.852
689.673,689.970
689.672,689.948
689.670,689.929
689.677,690.040
689.675,690.012
689.674,689.986
689.672,689.963
689.671,689.943
689.667,689.875
689.666,689.862
689.665,689.850
689.665,689.841
689.661,689.782
689.658,689.730
689.658,689.731
689.658,689.732
689.658,689.733
689.658,689.734
689.650,689.606
689.643,689.491
689.636,689.387
689.638,689.421
689.640,689.452
689.642,689.480
689.644,689.505
689.645,689.528
689.638,689.420
689.640,689.451
689.639,689.430
689.638,689.410
689.640,689.442
689.633,689.343
689.636,689.381
689.630,689.288
689.625,689.203
689.628,689.255
689.631,689.301
689.633,689.343
689.628,689.253
689.631,689.299
689.633,689.341
689.628,689.251
689.623,689.169
689.626,689.224
689.629,689.273
689.624,689.190
689.619,689.114
689.623,689.174
689.626,689.228
689.629,689.277
689.624,689.193
689.619,689.118
689.615,689.049
689.611,688.987
689.608,688.930
689.604,688.880
689.602,688.834
689.599,688.792
689.596,688.754
689.594,688.720
689.592,688.689
689.591,688.661
689.589,688.636
689.588,688.613
689.594,688.721
689.592,688.690
689.591,688.662
689.589,688.637
689.588,688.613
689.586,688.593
689.585,688.575
689.584,688.557
689.583,688.541
689.582,688.528
689.581,688.515
689.578,688.455
689.569,688.321
689.562,688.199
689.563,688.218
689.564,688.234
689.557,688.122
689.558,688.148
689.552,688.043
689.554,688.077
689.556,688.107
689.558,688.134
689.551,688.031
689.545,687.938
689.548,687.982
689.542,687.892
689.537,687.812
689.541,687.867
689.536,687.789
689.531,687.718
689.527,687.654
689.524,687.597
689.526,687.624
689.522,687.569
689.527,687.648
689.523,687.590
689.520,687.539
689.517,687.492
689.515,687.449
689.512,687.411
689.510,687.376
689.516,687.474
689.513,687.433
689.511,687.396
689.509,687.363
689.507,687.333
689.505,687.305
689.509,687.361
689.515,687.459
689.513,687.420
689.502,687.257
689.498,687.189
689.497,687.175
689.497,687.163
689.496,687.152
689.495,687.142
689.495,687.134
689.494,687.126
689.491,687.069
689.491,687.067
689.482,686.937
689.483,686.948
689.484,686.958
689.476,686.838
689.477,686.858
689.479,686.876
689.471,686.764
689.470,686.743
689.472,686.772
689.474,686.798
689.475,686.822
689.468,686.715
689.470,686.747
689.472,686.775
689.466,686.673
689.468,686.709
689.470,686.741
689.472,686.770
689.465,686.668
689.468,686.704
689.470,686.737
689.472,686.766
689.465,686.665
689.456,686.525
689.460,686.575
689.462,686.619
689.465,686.660
689.467,686.697
689.461,686.602
689.464,686.645
689.466,686.683
689.466,686.669
689.460,686.577
689.454,686.493
689.450,686.417
689.445,686.349
689.442,686.288
689.438,686.233
689.435,686.182
689.432,686.137
689.429,686.095
689.427,686.057
689.425,686.023
689.428,686.071
689.434,686.165
689.436,686.201
689.441,686.281
689.438,686.226
689.440,686.256
689.444,686.331
689.449,686.399
689.452,686.460
689.448,686.388
689.444,686.323
689.440,686.264
689.445,686.339
689.441,686.278
689.438,686.223
689.434,686.173
689.432,686.129
689.437,686.216
689.442,686.295
689.443,686.318
689.440,686.260
689.436,686.207
689.433,686.159
689.431,686.115
689.425,686.028
689.423,685.997
689.418,685.920
689.417,685.899
689.416,685.881
689.423,685.992
689.421,685.965
689.420,685.939
689.423,685.997
689.430,686.097
689.435,686.187
689.432,686.140
689.438,686.227
689.435,686.177
689.432,686.132
689.437,686.219
689.434,686.170
689.431,686.125
689.437,686.212
689.434,686.164
689.431,686.120
689.437,686.208
689.439,686.240
689.443,686.316
689.440,686.258
689.436,686.205
689.433,686.157
689.423,685.985
689.421,685.958
689.419,685.933
689.418,685.911
689.425,686.019
689.423,685.989
689.429,686.090
689.432,686.133
689.437,686.220
689.434,686.171
689.431,686.126
689.437,686.213
689.434,686.165
689.431,686.121
689.429,686.081
689.426,686.045
689.429,686.092
689.427,686.055
689.425,686.021
689.423,685.991
689.421,685.964
689.417,685.890
689.415,685.872
689.414,685.856
689.414,685.841
689.413,685.828
689.412,685.816
689.419,685.933
689.423,685.991
689.421,685.964
689.420,685.938
689.418,685.916
689.425,686.024
689.428,686.072
689.426,686.037
689.424,686.005
689.427,686.056
689.425,686.022
689.423,685.992
689.418,685.916
689.417,685.896
689.421,685.957
689.419,685.932
689.418,685.910
689.414,685.842
689.413,685.829
689.412,685.817
689.416,685.886
689.415,685.868
689.406,685.725
689.406,685.723
689.414,685.849
689.421,685.963
689.420,685.937
689.423,685.995
689.421,685.967
689.420,685.941
689.410,685.790
689.407,685.732
689.406,685.729
689.406,685.726
689.406,685.725
689.406,685.723
689.406,685.721
689.406,685.719
689.406,685.717
689.406,685.715
689.406,685.714
689.405,685.713
689.405,685.712
689.405,685.711
689.410,685.790
689.410,685.781
689.409,685.773
689.409,685.766
689.408,685.761
689.408,685.755
689.408,685.750
689.412,685.825
689.420,685.941
689.418,685.919
689.417,685.898
689.416,685.880
689.415,685.863
689.422,685.975
689.420,685.949
689.423,685.997
689.422,685.968
689.425,686.023
689.423,685.993
689.429,686.093
689.427,686.056
689.425,686.022
689.423,685.992
689.421,685.965
689.420,685.939
689.426,686.044
689.432,686.139
689.438,686.226
689.435,686.176
689.432,686.131
689.429,686.090
689.427,686.053
689.433,686.147
689.438,686.233
689.443,686.310
689.447,686.380
689.443,686.316
689.448,686.386
689.444,686.321
689.440,686.262
689.474,686.810
689.476,686.832
689.477,686.853
689.478,686.871
689.479,686.888
689.480,686.903
689.481,686.917
689.482,686.929
689.483,686.941
689.488,687.031
689.488,687.032
689.488,687.033
689.488,687.034
689.489,687.035
689.489,687.036
689.489,687.037
689.486,686.990
689.486,686.996
689.491,687.080
689.491,687.077
689.491,687.074
689.483,686.944
689.483,686.954
689.484,686.962
689.476,686.843
689.497,687.163
689.496,687.152
689.495,687.142
689.495,687.134
689.494,687.126
689.494,687.118
689.493,687.111
689.501,687.234
689.500,687.216
689.499,687.200
689.498,687.185
689.497,687.171
689.504,687.288
689.503,687.265
689.502,687.244
689.500,687.226
689.499,687.208
689.498,687.193
689.506,687.307
689.504,687.283
689.503,687.261
689.501,687.240
689.500,687.222
689.499,687.205
689.506,687.319
689.510,687.373
689.508,687.341
689.506,687.313
689.512,687.416
689.510,687.381
689.516,687.477
689.514,687.437
689.511,687.400
689.517,687.495
689.523,687.580
689.528,687.658
689.532,687.728
689.536,687.791
689.537,687.800
689.540,687.856
689.543,687.908
689.538,687.826
689.534,687.752
689.537,687.814
689.541,687.869
689.544,687.920
689.547,687.965
689.549,688.006
689.552,688.043
689.554,688.077
689.556,688.107
689.558,688.134
689.559,688.160
689.561,688.182
689.570,688.331
689.570,688.336
689.571,688.342
689.571,688.347
689.568,688.303
689.569,688.312
689.569,688.320
689.570,688.327
689.570,688.334
689.570,688.339
689.579,688.472
689.578,688.465
689.578,688.458
689.586,688.580
689.584,688.563
689.583,688.547
689.591,688.661
689.589,688.636
689.588,688.613
689.586,688.593
689.585,688.575
689.584,688.557
689.591,688.670
689.590,688.644
689.588,688.620
689.595,688.727
689.601,688.824
689.598,688.783
689.596,688.746
689.594,688.713
689.592,688.683
689.590,688.656
689.597,688.759
689.595,688.724
689.593,688.693
689.591,688.665
689.597,688.768
689.603,688.861
689.608,688.945
689.613,689.021
689.618,689.090
689.621,689.152
689.617,689.080
689.613,689.015
689.617,689.084
689.621,689.147
689.617,689.075
689.621,689.138
689.624,689.195
689.628,689.248
689.622,689.167
689.618,689.093
689.622,689.156
689.617,689.084
689.613,689.019
689.609,688.959
689.614,689.034
689.610,688.974
689.607,688.918
689.612,688.997
689.608,688.940
689.605,688.888
689.602,688.842
689.607,688.927
689.604,688.877
689.609,688.959
689.606,688.906
689.603,688.857
689.608,688.942
689.613,689.018
689.609,688.958
689.606,688.905
689.611,688.985
689.615,689.056
689.620,689.122
689.623,689.181
689.619,689.106
689.622,689.166
689.618,689.093
689.614,689.027
689.618,689.095
689.614,689.029
689.618,689.097
689.622,689.158
689.625,689.214
689.629,689.264
689.623,689.182
689.627,689.235
689.630,689.284
689.624,689.199
689.628,689.251
689.631,689.297
689.625,689.212
689.628,689.262
689.631,689.308
689.626,689.222
689.629,689.271
689.624,689.188
689.627,689.240
689.630,689.288
689.633,689.331
689.635,689.370
689.637,689.406
689.631,689.310
689.634,689.351
689.628,689.260
689.623,689.177
689.626,689.230
689.621,689.151
689.625,689.207
689.625,689.209
689.625,689.211
689.625,689.213
689.625,689.215
689.625,689.216
689.629,689.266
689.632,689.312
689.634,689.353
689.628,689.261
689.631,689.307
689.634,689.349
689.628,689.259
689.631,689.304
689.626,689.218
689.621,689.140
689.616,689.069
689.612,689.005
689.609,688.947
689.605,688.894
689.602,688.847
689.600,688.804
689.597,688.765
689.595,688.730
689.593,688.698
689.599,688.797
689.597,688.759
689.595,688.724
689.601,688.821
689.598,688.781
689.604,688.872
689.609,688.954
689.614,689.029
689.618,689.097
689.614,689.030
689.618,689.098
689.614,689.031
689.618,689.099
689.619,689.112
689.623,689.172
689.618,689.098
689.622,689.159
689.617,689.087
689.613,689.021
689.609,688.961
689.606,688.908
689.603,688.859
689.608,688.944
689.605,688.891
689.602,688.844
689.607,688.929
689.604,688.879
689.601,688.833
689.599,688.791
689.596,688.753
689.594,688.719
689.592,688.688
689.591,688.660
689.589,688.635
689.588,688.612
689.578,688.464
689.578,688.457
689.577,688.451
689.577,688.446
689.577,688.441
689.568,688.308
689.569,688.317
689.570,688.325
689.567,688.283
689.568,688.294
689.568,688.303
689.561,688.184
689.562,688.204
689.560,688.174
689.561,688.196
689.563,688.215
689.564,688.232
689.565,688.248
689.566,688.262
689.566,688.274
689.559,688.158
689.560,688.180
689.554,688.072
689.556,688.103
689.557,688.131
689.556,688.108
689.558,688.135
689.551,688.031
689.553,688.066
689.547,687.969
689.542,687.882
689.537,687.802
689.532,687.730
689.528,687.665
689.524,687.607
689.521,687.553
689.518,687.505
689.515,687.461
689.513,687.421
689.510,687.385
689.517,687.481
689.514,687.440
689.512,687.403
689.509,687.369
689.508,687.339
689.506,687.310
689.496,687.157
689.495,687.146
689.487,687.009
689.479,686.885
689.480,686.900
689.481,686.914
689.482,686.927
689.482,686.938
689.480,686.900
689.481,686.914
689.482,686.927
689.482,686.938
689.483,686.949
689.484,686.959
689.484,686.967
689.485,686.975
689.485,686.982
689.478,686.860
689.479,686.878
689.480,686.894
689.473,686.781
689.474,686.806
689.476,686.829
689.477,686.850
689.478,686.868
689.479,686.886
689.480,686.901
689.473,686.788
689.466,686.685
689.469,686.719
689.471,686.750
689.472,686.778
689.466,686.676
689.468,686.711
689.462,686.615
689.457,686.528
689.452,686.449
689.447,686.379
689.443,686.314
689.440,686.256
689.436,686.204
689.433,686.156
689.439,686.241
689.440,686.269
689.445,686.343
689.441,686.281
689.443,686.306
689.447,686.377
689.451,686.441
689.452,686.450
689.455,686.507
689.451,686.430
689.446,686.361
689.450,686.426
689.454,686.485
689.449,686.411
689.453,686.471
689.448,686.398
689.452,686.460
689.456,686.516
689.451,686.438
689.455,686.496
689.450,686.420
689.446,686.352
689.442,686.290
689.446,686.362
689.442,686.299
689.439,686.241
689.440,686.270
689.437,686.215
689.434,686.167
689.431,686.122
689.437,686.210
689.442,686.290
689.446,686.362
689.439,686.250
689.436,686.198
689.433,686.150
689.427,686.059
689.425,686.025
689.431,686.122
689.429,686.082
689.426,686.046
689.424,686.013
689.422,685.983
689.418,685.908
689.408,685.761
689.416,685.883
689.415,685.865
689.414,685.850
689.418,685.915
689.417,685.895
689.416,685.876
689.415,685.860
689.411,685.796
689.410,685.788
689.410,685.780
689.409,685.772
689.409,685.765
689.416,685.887
689.415,685.869
689.406,685.725
689.406,685.723
689.406,685.721
689.406,685.719
689.414,685.845
689.413,685.831
689.412,685.819
689.411,685.807
689.411,685.797
689.410,685.789
689.410,685.780
689.409,685.772
689.409,685.765
689.408,685.760
689.408,685.754
689.408,685.749
689.407,685.744
689.407,685.740
689.407,685.736
689.415,685.861
689.414,685.845
689.413,685.831
689.420,685.947
689.427,686.052
689.425,686.019
689.423,685.989
689.421,685.962
689.420,685.937
689.418,685.915
689.417,685.895
689.416,685.876
689.415,685.860
689.414,685.844
689.413,685.830
689.420,685.946
689.419,685.923
689.417,685.901
689.416,685.882
689.415,685.864
689.419,685.929
689.418,685.907
689.421,685.967
689.420,685.942
689.418,685.919
689.417,685.898
689.416,685.880
689.423,685.991
689.429,686.091
689.427,686.054
689.433,686.148
689.438,686.234
689.432,686.135
689.429,686.094
689.435,686.184
689.437,686.218
689.474,686.802
689.475,686.825
689.477,686.847
689.478,686.866
689.479,686.884
689.480,686.899
689.481,686.913
689.479,686.877
689.480,686.893
689.477,686.859
689.479,686.877
689.480,686.893
689.472,686.780
689.474,686.805
689.467,686.700
689.461,686.605
689.464,686.647
689.466,686.685
689.466,686.671
689.468,686.707
689.470,686.739
689.472,686.768
689.465,686.667
689.468,686.703
689.470,686.736
689.513,687.421
689.519,687.513
689.516,687.469
689.513,687.429
689.511,687.393
689.509,687.360
689.507,687.330
689.513,687.431
689.511,687.394
689.509,687.361
689.507,687.331
689.510,687.383
689.508,687.351
689.515,687.450
689.520,687.541
689.517,687.494
689.520,687.531
689.525,687.614
689.521,687.560
689.518,687.511
689.524,687.596
689.520,687.544
689.517,687.496
689.515,687.453
689.520,687.543
689.517,687.495
689.523,687.580
689.520,687.530
689.522,687.564
689.519,687.514
689.524,687.598
689.529,687.674
689.525,687.614
689.521,687.560
689.518,687.511
689.516,687.468
689.518,687.508
689.515,687.464
689.513,687.424
689.519,687.516
689.516,687.472
689.513,687.431
689.511,687.394
689.509,687.361
689.515,687.459
689.513,687.420
689.510,687.384
689.508,687.352
689.504,687.274
689.502,687.253
689.501,687.234
689.497,687.168
689.504,687.284
689.503,687.262
689.501,687.241
689.500,687.223
689.504,687.286
689.503,687.264
689.502,687.243
689.500,687.225
689.499,687.208
689.506,687.321
689.505,687.295
689.511,687.400
689.509,687.366
689.507,687.336
689.506,687.308
689.501,687.236
689.500,687.218
689.499,687.202
689.498,687.187
689.497,687.173
689.505,687.290
689.503,687.267
689.502,687.246
689.501,687.227
689.499,687.209
689.498,687.194
689.506,687.308
689.504,687.283
689.503,687.261
689.501,687.240
689.508,687.350
689.503,687.272
689.502,687.251
689.509,687.360
689.523,687.586
689.560,688.176
690.362,700.944
690.536,703.712
691.178,713.927
691.724,722.622
691.897,725.372
692.054,727.874
692.743,738.842
692.916,741.604
693.074,744.122
693.635,753.042
693.765,755.122
693.838,756.284
693.897,757.221
693.960,758.227
694.003,758.907
694.048,759.617
694.082,760.159
694.126,760.858
694.172,761.598
694.211,762.211
694.243,762.729
694.271,763.171
694.304,763.700
694.333,764.162
694.359,764.566
694.381,764.924
694.392,765.104
694.402,765.264
694.411,765.407
694.411,765.401
694.415,765.464
694.414,765.453
694.405,765.311
694.406,765.315
694.402,765.255
694.402,765.264
694.395,765.142
694.388,765.033
694.382,764.933
694.376,764.843
694.371,764.761
694.366,764.688
694.354,764.491
694.351,764.444
694.344,764.338
694.342,764.305
694.332,764.145
694.323,764.002
694.315,763.871
694.307,763.754
694.293,763.518
694.279,763.304
694.259,762.981
694.245,762.757
694.236,762.616
694.220,762.359
694.210,762.194
694.196,761.978
694.184,761.781
694.177,761.672
694.187,761.830
694.200,762.036
694.219,762.351
694.229,762.507
694.254,762.907
694.998,774.742
695.894,789.015
696.496,798.599
696.647,801.005
697.267,810.862
697.398,812.958
698.086,823.901
698.773,834.839
699.290,843.073
699.507,846.534
699.639,848.628
699.683,849.334
699.583,847.739
699.515,846.660
699.480,846.097
699.453,845.669
699.432,845.330
699.469,845.920
700.318,859.442
700.408,860.878
700.352,859.976
700.301,859.167
700.252,858.385
700.218,857.857
700.194,857.474
700.189,857.382
700.230,858.046
701.177,873.122
701.339,875.691
701.393,876.559
701.421,876.998
701.419,876.975
701.377,876.303
701.319,875.376
701.250,874.271
701.183,873.214
700.505,862.422
700.330,859.630
700.184,857.301
700.065,855.416
699.558,847.340
699.469,845.931
699.335,843.797
698.735,834.247
698.586,831.862
698.489,830.331
698.397,828.852
698.314,827.539
698.265,826.759
698.216,825.974
698.178,825.376
698.137,824.720
698.104,824.188
698.045,823.255
697.535,815.134
697.447,813.730
697.388,812.794
697.336,811.969
697.286,811.180
697.237,810.399
697.208,809.932
697.205,809.884
697.203,809.845
697.211,809.986
697.219,810.102
697.225,810.201
697.221,810.134
697.217,810.076
697.205,809.882
697.194,809.711
697.176,809.421
697.151,809.027
697.121,808.540
697.085,807.970
697.040,807.255
696.508,798.779
696.462,798.054
696.360,796.429
696.308,795.607
696.267,794.957
696.217,794.152
696.187,793.673
696.151,793.110
696.107,792.394
696.070,791.813
696.040,791.331
696.014,790.924
695.983,790.425
695.956,789.993
695.932,789.617
695.911,789.287
695.893,788.995
695.872,788.666
695.854,788.373
695.838,788.112
695.814,787.745
695.798,787.483
695.783,787.249
695.774,787.102
695.766,786.970
695.754,786.788
695.723,786.295
695.695,785.850
695.658,785.254
695.096,776.307
695.051,775.583
695.035,775.339
694.983,774.514
694.961,774.157
694.923,773.546
694.867,772.666
694.800,771.600
694.243,762.721
694.155,761.319
694.067,759.928
694.013,759.059
693.961,758.244
693.911,757.448
693.861,756.653
693.817,755.941
693.765,755.112
693.717,754.346
693.662,753.473
693.049,743.726
692.985,742.693
692.905,741.428
692.843,740.440
692.787,739.553
692.750,738.954
692.722,738.518
692.689,737.990
692.663,737.572
692.631,737.062
692.594,736.476
692.563,735.981
692.527,735.408
692.487,734.767
692.461,734.351
692.438,733.985
692.417,733.663
692.399,733.377
692.375,732.987
692.362,732.774
692.341,732.450
692.323,732.159
692.307,731.898
692.292,731.663
692.279,731.452
692.267,731.262
692.264,731.220
692.262,731.182
692.259,731.148
692.257,731.117
692.256,731.090
692.254,731.064
692.253,731.042
692.243,730.892
692.235,730.757
692.219,730.507
692.205,730.279
692.192,730.074
692.180,729.889
692.162,729.591
692.145,729.322
692.129,729.079
692.116,728.860
692.103,728.660
692.092,728.481
692.082,728.317
692.064,728.041
692.037,727.607
692.016,727.270
691.997,726.965
691.971,726.560
691.948,726.193
691.927,725.862
691.905,725.507
691.877,725.057
691.851,724.650
691.828,724.282
691.807,723.949
691.792,723.702
691.778,723.478
691.770,723.350
691.770,723.363
691.766,723.301
691.771,723.373
691.767,723.310
691.763,723.253
691.768,723.330
691.773,723.400
691.773,723.408
691.769,723.341
691.765,723.281
691.770,723.356
691.774,723.423
691.766,723.300
691.776,723.445
691.771,723.375
691.767,723.312
691.764,723.255
691.768,723.332
691.777,723.475
691.781,723.531
691.784,723.581
691.795,723.755
691.813,724.042
691.821,724.172
691.837,724.419
691.851,724.643
691.872,724.974
691.890,725.273
691.907,725.544
691.931,725.918
691.957,726.329
691.980,726.701
692.001,727.037
692.020,727.341
692.041,727.672
692.068,728.101
692.084,728.360
692.107,728.724
692.128,729.053
692.146,729.350
692.172,729.749
692.194,730.109
692.207,730.306
692.226,730.614
692.243,730.891
692.267,731.271
692.289,731.615
692.300,731.798
692.311,731.963
692.332,732.299
692.355,732.674
692.377,733.014
692.404,733.450
692.421,733.715
692.436,733.956
692.449,734.174
692.465,734.428
692.476,734.601
692.494,734.886
692.510,735.144
692.517,735.248
692.531,735.472
692.552,735.803
692.571,736.103
692.588,736.374
692.603,736.619
692.617,736.840
692.630,737.041
692.649,737.351
692.659,737.504
692.667,737.642
692.683,737.895
692.690,737.995
692.703,738.215
692.716,738.414
692.723,738.523
692.733,738.692
692.743,738.846
692.744,738.855
692.752,738.993
692.760,739.118
692.759,739.102
692.758,739.088
692.761,739.132
692.763,739.173
692.762,739.152
692.761,739.132
692.768,739.244
692.774,739.345
692.772,739.307
692.778,739.402
692.775,739.360
692.773,739.321
692.766,739.215
692.768,739.248
692.758,739.091
692.757,739.077
692.749,738.936
692.749,738.937
692.749,738.938
692.741,738.811
692.733,738.695
692.719,738.462
692.714,738.379
692.701,738.176
692.689,737.993
692.679,737.826
692.669,737.676
692.661,737.540
692.653,737.416
692.646,737.305
692.640,737.203
692.626,736.983
692.613,736.784
692.602,736.603
692.592,736.440
692.574,736.164
692.559,735.914
692.553,735.817
692.539,735.600
692.527,735.404
692.516,735.226
692.497,734.937
692.489,734.803
692.473,734.554
692.451,734.199
692.439,734.008
692.420,733.705
692.411,733.561
692.387,733.172
692.372,732.948
692.360,732.746
692.340,732.435
692.315,732.025
692.299,731.782
692.285,731.563
692.265,731.235
692.246,730.939
691.723,722.605
691.699,722.229
691.678,721.889
691.667,721.709
691.653,721.492
691.644,721.350
691.628,721.094
691.618,720.936
691.604,720.718
691.592,720.522
691.577,720.289
691.559,720.005
691.543,719.747
691.517,719.332
691.505,719.139
691.486,718.835
691.473,718.635
691.449,718.250
691.435,718.030
691.411,717.649
691.390,717.305
691.378,717.123
691.368,716.956
691.354,716.732
691.341,716.529
690.848,708.672
690.839,708.540
690.832,708.420
690.820,708.236
690.810,708.068
690.797,707.865
690.793,707.810
690.782,707.631
690.772,707.470
690.766,707.376
690.753,707.162
690.741,706.969
690.730,706.794
690.716,706.583
690.708,706.444
690.700,706.318
690.693,706.205
690.686,706.102
690.677,705.957
690.677,705.954
690.669,705.824
690.661,705.705
690.658,705.650
690.647,705.471
690.636,705.310
690.512,703.335
690.504,703.197
690.496,703.073
690.497,703.089
690.501,703.154
690.493,703.033
690.487,702.924
690.484,702.877
690.486,702.911
690.480,702.814
690.482,702.853
690.488,702.941
690.481,702.841
690.476,702.749
690.478,702.795
690.484,702.888
690.486,702.921
690.488,702.951
690.490,702.978
690.491,703.002
690.496,703.076
690.497,703.091
690.498,703.104
690.507,703.245
690.507,703.244
690.510,703.295
690.521,703.469
690.531,703.626
690.532,703.640
690.532,703.653
690.538,703.742
690.543,703.821
690.547,703.893
690.552,703.958
690.555,704.018
690.559,704.071
690.562,704.120
690.564,704.163
690.575,704.331
690.585,704.484
690.593,704.622
690.601,704.746
690.608,704.859
690.615,704.961
690.620,705.053
690.617,705.009
690.615,704.968
690.616,704.983
690.625,705.125
690.633,705.254
690.640,705.371
690.644,705.425
690.647,705.473
690.649,705.517
690.655,705.608
690.660,705.691
690.665,705.766
690.666,705.781
690.667,705.796
690.676,705.937
690.687,706.116
690.689,706.151
690.696,706.259
690.702,706.356
690.708,706.445
690.708,706.448
690.716,706.579
690.720,706.646
690.724,706.706
690.723,706.685
690.730,706.794
690.733,706.840
690.735,706.882
690.738,706.920
690.735,706.878
690.741,706.969
690.742,706.999
690.739,706.949
690.737,706.904
690.739,706.940
690.741,706.972
690.746,707.054
690.751,707.128
690.752,707.142
690.760,707.284
690.764,707.336
690.763,707.331
690.771,707.454
690.773,707.490
690.772,707.471
690.771,707.452
690.765,707.360
690.768,707.405
690.767,707.393
690.770,707.435
690.769,707.420
690.768,707.407
690.767,707.395
690.770,707.437
690.769,707.422
690.768,707.409
690.771,707.449
690.773,707.484
690.772,707.465
690.771,707.448
690.762,707.304
690.765,707.354
690.768,707.400
690.767,707.388
690.766,707.379
690.761,707.293
690.756,707.215
690.756,707.221
690.757,707.227
690.749,707.104
690.750,707.120
690.746,707.059
690.743,707.004
690.736,706.901
690.731,706.809
690.733,706.854
690.728,706.766
690.726,706.739
690.717,706.586
690.716,706.576
690.712,706.515
690.709,706.459
690.697,706.281
690.695,706.248
690.693,706.217
690.684,706.062
690.683,706.049
690.682,706.038
690.673,705.899
690.674,705.902
690.669,705.828
690.665,705.761
690.661,705.700
690.658,705.646
690.651,705.545
690.645,705.454
690.640,705.371
690.636,705.296
690.631,705.228
690.627,705.167
690.616,704.983
690.614,704.945
690.615,704.963
690.608,704.850
690.606,704.825
690.604,704.802
690.595,704.652
690.595,704.645
690.586,704.511
690.582,704.441
690.570,704.249
690.564,704.152
690.558,704.064
690.553,703.985
690.552,703.965
690.548,703.895
690.544,703.832
690.540,703.775
690.532,703.646
690.529,703.606
690.519,703.443
690.513,703.346
690.504,703.207
690.496,703.082
690.493,703.020
690.486,702.912
690.488,702.942
690.485,702.892
690.479,702.796
690.481,702.838
