# Physical_Baseline=692.86pF, Trigger_Distance=13.0cm, Atten_Ratio=1.69
Raw_Capacitance(pF),Normalized_Capacitance(pF)
692.938,692.988
692.931,692.978
692.930,692.976
692.929,692.974
692.928,692.972
692.923,692.964
692.923,692.963
692.918,692.955
692.918,692.955
692.914,692.948
692.914,692.949
692.907,692.936
692.912,692.944
692.912,692.946
692.913,692.947
692.906,692.934
692.903,692.929
692.904,692.932
692.906,692.934
692.907,692.936
692.908,692.938
692.901,692.927
692.903,692.930
692.908,692.938
692.901,692.927
692.895,692.916
692.893,692.912
692.895,692.917
692.898,692.921
692.903,692.930
692.897,692.919
692.895,692.915
692.889,692.906
692.884,692.897
692.883,692.895
692.878,692.887
692.874,692.880
692.874,692.880
692.870,692.874
692.870,692.874
692.867,692.869
692.864,692.863
692.865,692.865
692.870,692.874
692.867,692.868
692.867,692.869
692.864,692.864
692.869,692.873
692.866,692.867
692.863,692.862
692.860,692.858
692.858,692.853
692.856,692.850
692.854,692.846
692.852,692.843
692.850,692.840
692.849,692.838
692.855,692.849
692.853,692.846
692.855,692.849
692.853,692.846
692.852,692.843
692.842,692.826
692.841,692.825
692.832,692.810
692.833,692.811
692.836,692.817
692.844,692.831
692.844,692.829
692.843,692.828
692.842,692.826
692.833,692.811
692.837,692.818
692.837,692.817
692.836,692.817
692.828,692.803
692.829,692.804
692.829,692.805
692.830,692.806
692.822,692.793
692.823,692.795
692.824,692.797
692.821,692.791
692.822,692.793
692.823,692.795
692.816,692.783
692.818,692.786
692.820,692.789
692.813,692.778
692.811,692.774
692.813,692.777
692.815,692.781
692.809,692.770
692.811,692.774
692.817,692.784
692.819,692.787
692.812,692.776
692.814,692.780
692.816,692.783
692.818,692.786
692.820,692.789
692.817,692.784
692.818,692.786
692.820,692.789
692.813,692.778
692.815,692.781
692.817,692.784
692.811,692.773
692.813,692.777
692.810,692.773
692.813,692.777
692.815,692.781
692.809,692.770
692.803,692.761
692.798,692.752
692.801,692.758
692.796,692.750
692.796,692.748
692.791,692.741
692.795,692.748
692.791,692.740
692.787,692.734
692.787,692.734
692.784,692.728
692.780,692.722
692.777,692.717
692.775,692.713
692.776,692.715
692.773,692.711
692.779,692.720
692.776,692.716
692.778,692.718
692.775,692.713
692.781,692.723
692.778,692.718
692.775,692.713
692.772,692.709
692.766,692.698
692.764,692.695
692.771,692.706
692.769,692.703
692.771,692.706
692.772,692.709
692.770,692.705
692.768,692.702
692.766,692.699
692.773,692.710
692.766,692.699
692.765,692.696
692.763,692.693
692.762,692.691
692.769,692.703
692.767,692.700
692.765,692.697
692.767,692.701
692.766,692.698
692.772,692.709
692.770,692.705
692.768,692.702
692.762,692.691
692.761,692.689
692.760,692.687
692.759,692.686
692.761,692.690
692.760,692.689
692.751,692.673
692.751,692.673
692.751,692.673
692.751,692.672
692.751,692.672
692.751,692.672
692.750,692.672
692.746,692.664
692.742,692.657
692.738,692.651
692.735,692.645
692.736,692.648
692.737,692.650
692.730,692.638
692.724,692.627
692.727,692.631
692.729,692.635
692.731,692.638
692.724,692.628
692.727,692.632
692.729,692.635
692.723,692.625
692.721,692.622
692.724,692.627
692.726,692.631
692.720,692.621
692.723,692.626
692.718,692.616
692.693,692.574
692.685,692.562
692.679,692.551
692.681,692.555
692.683,692.558
692.681,692.555
692.680,692.552
692.678,692.550
692.677,692.548
692.676,692.546
692.670,692.536
692.673,692.542
692.668,692.533
692.671,692.538
692.671,692.537
692.670,692.536
692.669,692.535
692.669,692.534
692.669,692.533
692.668,692.533
692.663,692.525
692.655,692.511
692.648,692.499
692.650,692.502
692.647,692.496
692.612,692.438
692.609,692.433
692.614,692.442
692.611,692.436
692.608,692.431
692.613,692.440
692.610,692.435
692.607,692.430
692.613,692.439
692.609,692.433
692.607,692.429
692.608,692.430
692.605,692.426
692.602,692.422
692.608,692.432
692.606,692.427
692.603,692.423
692.596,692.411
692.603,692.422
692.609,692.432
692.610,692.434
692.615,692.443
692.620,692.451
692.624,692.458
692.628,692.464
692.572,692.371
692.573,692.372
692.574,692.373
692.574,692.374
692.575,692.375
692.575,692.375
692.567,692.362
692.564,692.357
692.565,692.359
692.559,692.348
692.553,692.337
692.551,692.334
692.553,692.339
692.556,692.343
692.558,692.347
692.560,692.350
692.562,692.353
692.567,692.362
692.560,692.350
692.562,692.354
692.556,692.343
692.550,692.333
692.553,692.337
692.555,692.342
692.557,692.346
692.560,692.349
692.561,692.352
692.563,692.355
692.565,692.358
692.566,692.360
692.567,692.362
692.569,692.364
692.570,692.366
692.570,692.368
692.571,692.369
692.568,692.363
692.561,692.351
692.554,692.340
692.552,692.337
692.555,692.341
692.557,692.345
692.551,692.335
692.546,692.326
692.549,692.331
692.544,692.323
692.547,692.328
692.550,692.334
692.545,692.325
692.548,692.330
692.551,692.335
692.546,692.326
692.549,692.331
692.544,692.323
692.539,692.315
692.535,692.307
692.539,692.315
692.543,692.321
692.546,692.327
692.545,692.325
692.540,692.317
692.536,692.309
692.540,692.316
692.536,692.309
692.540,692.316
692.544,692.322
692.539,692.314
692.543,692.321
692.542,692.319
692.537,692.312
692.533,692.305
692.529,692.298
692.526,692.293
692.523,692.288
692.528,692.297
692.525,692.291
692.522,692.286
692.520,692.282
692.517,692.278
692.519,692.280
692.516,692.276
692.522,692.286
692.523,692.288
692.521,692.283
692.518,692.279
692.524,692.289
692.521,692.284
692.519,692.280
692.516,692.276
692.514,692.273
692.512,692.269
692.514,692.273
692.520,692.283
692.518,692.279
692.516,692.275
692.514,692.272
692.520,692.282
692.526,692.292
692.523,692.287
692.520,692.282
692.517,692.278
692.515,692.274
692.513,692.271
692.511,692.268
692.518,692.279
692.516,692.275
692.514,692.272
692.520,692.282
692.518,692.278
692.515,692.274
692.513,692.271
692.520,692.282
692.525,692.291
692.522,692.286
692.520,692.282
692.517,692.278
692.523,692.288
692.520,692.283
692.518,692.279
692.516,692.275
692.514,692.272
692.520,692.282
692.518,692.278
692.515,692.274
692.513,692.271
692.511,692.268
692.518,692.279
692.524,692.289
692.521,692.284
692.527,692.293
692.523,692.288
692.521,692.284
692.518,692.279
692.516,692.276
692.514,692.272
692.512,692.269
692.510,692.266
692.509,692.263
692.507,692.261
692.514,692.273
692.520,692.283
692.526,692.293
692.531,692.301
692.528,692.295
692.533,692.304
692.537,692.311
692.541,692.318
692.545,692.324
692.548,692.330
692.547,692.327
692.542,692.319
692.537,692.311
692.541,692.318
692.537,692.311
692.533,692.304
692.529,692.298
692.534,692.306
692.530,692.299
692.535,692.307
692.534,692.307
692.539,692.314
692.535,692.307
692.539,692.314
692.535,692.307
692.539,692.314
692.535,692.307
692.539,692.314
692.543,692.321
692.538,692.313
692.534,692.306
692.538,692.313
692.538,692.312
692.542,692.319
692.537,692.311
692.541,692.318
692.537,692.311
692.536,692.310
692.540,692.317
692.544,692.323
692.548,692.329
692.546,692.326
692.541,692.318
692.545,692.324
692.548,692.330
692.551,692.335
692.546,692.326
692.541,692.318
692.544,692.324
692.543,692.322
692.539,692.314
692.543,692.321
692.546,692.326
692.541,692.318
692.540,692.317
692.544,692.323
692.547,692.329
692.550,692.334
692.545,692.325
692.548,692.330
692.551,692.335
692.546,692.326
692.541,692.318
692.537,692.310
692.533,692.304
692.529,692.297
692.534,692.306
692.534,692.305
692.538,692.313
692.542,692.319
692.546,692.326
692.549,692.331
692.547,692.328
692.542,692.320
692.546,692.326
692.541,692.318
692.544,692.324
692.548,692.329
692.551,692.335
692.545,692.325
692.549,692.331
692.552,692.336
692.554,692.340
692.557,692.344
692.551,692.334
692.553,692.339
692.556,692.343
692.558,692.347
692.560,692.350
692.562,692.353
692.564,692.356
692.565,692.359
692.567,692.361
692.568,692.363
692.569,692.365
692.562,692.353
692.563,692.356
692.565,692.358
692.566,692.361
692.568,692.363
692.569,692.365
692.570,692.366
692.571,692.368
692.572,692.369
692.564,692.357
692.566,692.360
692.567,692.362
692.560,692.350
692.566,692.359
692.567,692.362
692.568,692.364
692.569,692.366
692.578,692.381
692.578,692.381
692.578,692.381
692.579,692.381
692.579,692.382
692.579,692.382
692.579,692.382
692.579,692.382
692.579,692.382
692.579,692.382
692.579,692.382
692.579,692.382
692.579,692.382
692.579,692.382
692.587,692.396
692.587,692.395
692.586,692.394
692.585,692.393
692.585,692.392
692.584,692.391
692.592,692.404
692.591,692.402
692.590,692.400
692.597,692.412
692.595,692.409
692.594,692.407
692.592,692.405
692.595,692.409
692.593,692.406
692.592,692.404
692.591,692.402
692.598,692.414
692.596,692.411
692.594,692.408
692.593,692.406
692.592,692.404
692.586,692.394
692.585,692.393
692.585,692.392
692.592,692.405
692.595,692.409
692.602,692.420
692.599,692.417
692.598,692.413
692.604,692.424
692.602,692.420
692.603,692.423
692.609,692.433
692.614,692.442
692.606,692.428
692.604,692.424
692.610,692.434
692.607,692.429
692.612,692.438
692.617,692.447
692.617,692.447
692.614,692.441
692.618,692.449
692.615,692.442
692.615,692.443
692.615,692.443
692.620,692.451
692.616,692.445
692.621,692.453
692.617,692.446
692.613,692.440
692.618,692.448
692.622,692.456
692.618,692.449
692.615,692.442
692.619,692.450
692.627,692.464
692.631,692.470
692.634,692.475
692.633,692.473
692.627,692.464
692.631,692.470
692.626,692.462
692.630,692.468
692.625,692.460
692.621,692.453
692.620,692.452
692.625,692.459
692.628,692.465
692.627,692.464
692.631,692.470
692.634,692.475
692.629,692.466
692.624,692.458
692.620,692.451
692.624,692.458
692.628,692.465
692.623,692.457
692.619,692.450
692.624,692.457
692.623,692.456
692.627,692.463
692.631,692.469
692.626,692.461
692.629,692.467
692.633,692.473
692.636,692.478
692.630,692.469
692.626,692.461
692.629,692.467
692.628,692.465
692.632,692.471
692.627,692.463
692.622,692.455
692.618,692.448
692.614,692.442
692.611,692.436
692.616,692.445
692.616,692.445
692.621,692.453
692.617,692.446
692.617,692.446
692.622,692.454
692.617,692.447
692.622,692.455
692.626,692.461
692.630,692.468
692.633,692.473
692.636,692.478
692.631,692.469
692.626,692.461
692.621,692.454
692.617,692.447
692.617,692.447
692.617,692.447
692.614,692.441
692.619,692.449
692.618,692.449
692.623,692.456
692.619,692.449
692.615,692.443
692.620,692.451
692.616,692.444
692.620,692.452
692.617,692.445
692.621,692.453
692.617,692.447
692.614,692.440
692.614,692.441
692.619,692.449
692.623,692.457
692.619,692.450
692.623,692.457
692.619,692.450
692.615,692.443
692.612,692.438
692.617,692.446
692.621,692.454
692.625,692.461
692.629,692.467
692.624,692.459
692.628,692.465
692.627,692.464
692.631,692.470
692.626,692.461
692.621,692.454
692.626,692.461
692.621,692.453
692.621,692.453
692.617,692.446
692.613,692.440
692.610,692.435
692.615,692.443
692.620,692.451
692.616,692.445
692.613,692.439
692.618,692.447
692.614,692.441
692.611,692.436
692.608,692.431
692.587,692.396
692.587,692.395
692.590,692.400
692.589,692.398
692.588,692.397
692.587,692.395
692.586,692.394
692.586,692.393
692.585,692.392
692.580,692.384
692.588,692.397
692.587,692.396
692.586,692.395
692.586,692.394
692.593,692.406
692.592,692.404
692.591,692.402
692.590,692.400
692.589,692.398
692.588,692.397
692.579,692.382
692.571,692.368
692.572,692.370
692.564,692.357
692.569,692.366
692.475,692.206
692.477,692.209
692.478,692.212
692.480,692.214
692.473,692.203
692.467,692.193
692.461,692.183
692.460,692.181
692.455,692.173
692.451,692.166
692.455,692.173
692.451,692.165
692.447,692.159
692.443,692.153
692.440,692.147
692.437,692.142
692.434,692.138
692.432,692.134
692.430,692.130
692.428,692.127
692.426,692.124
692.425,692.121
692.423,692.119
692.422,692.116
692.421,692.114
692.304,691.917
692.294,691.901
692.289,691.892
692.284,691.884
692.280,691.877
692.276,691.870
692.273,691.864
692.269,691.859
692.267,691.854
692.264,691.850
692.258,691.840
692.248,691.823
692.255,691.835
692.254,691.833
692.253,691.830
692.251,691.828
692.250,691.826
692.249,691.825
692.240,691.809
692.232,691.795
692.224,691.783
692.226,691.785
692.227,691.787
692.228,691.789
692.229,691.791
692.222,691.779
692.224,691.782
692.217,691.771
692.219,691.774
692.213,691.764
692.212,691.762
692.215,691.766
692.209,691.757
692.204,691.748
692.199,691.740
692.195,691.733
692.191,691.726
692.195,691.734
692.192,691.727
692.196,691.735
692.192,691.728
692.189,691.722
692.185,691.717
692.182,691.712
692.180,691.707
692.177,691.703
692.175,691.699
692.169,691.690
692.173,691.695
692.171,691.692
692.169,691.690
692.168,691.687
692.167,691.685
692.165,691.683
692.164,691.681
692.155,691.666
692.155,691.666
692.155,691.666
692.147,691.652
692.148,691.653
692.140,691.640
692.141,691.643
692.143,691.645
692.140,691.641
692.133,691.629
692.127,691.619
692.122,691.609
692.125,691.615
692.120,691.606
692.123,691.611
692.118,691.603
692.121,691.608
692.116,691.600
692.112,691.593
692.108,691.586
692.104,691.580
692.109,691.588
692.105,691.581
692.102,691.575
692.099,691.570
692.092,691.560
692.090,691.556
692.088,691.553
692.086,691.550
692.085,691.547
692.088,691.552
692.086,691.549
692.084,691.546
692.083,691.544
692.082,691.542
692.081,691.540
692.079,691.538
692.078,691.536
692.078,691.535
692.077,691.533
692.076,691.532
692.080,691.539
692.079,691.537
692.078,691.536
692.074,691.528
692.065,691.514
692.058,691.501
692.059,691.503
692.056,691.498
692.049,691.487
692.048,691.484
692.042,691.474
692.036,691.465
692.039,691.470
692.042,691.475
692.037,691.466
692.032,691.457
692.027,691.450
692.031,691.456
692.027,691.449
692.023,691.442
692.019,691.436
692.016,691.430
692.013,691.425
692.018,691.434
692.015,691.429
692.012,691.424
692.009,691.419
692.015,691.429
692.012,691.424
692.018,691.433
692.014,691.428
692.012,691.423
692.005,691.413
692.003,691.409
692.002,691.406
692.000,691.403
691.998,691.401
691.994,691.393
691.993,691.391
691.992,691.390
691.991,691.389
691.991,691.388
691.990,691.387
691.989,691.386
691.989,691.385
691.988,691.384
691.985,691.377
691.985,691.377
691.985,691.377
691.976,691.364
691.969,691.351
691.971,691.354
691.968,691.350
691.962,691.339
691.964,691.343
691.966,691.346
691.968,691.349
691.969,691.352
691.971,691.354
691.964,691.343
691.966,691.346
691.959,691.335
691.954,691.325
691.949,691.317
691.952,691.322
691.955,691.328
691.950,691.319
691.945,691.310
691.949,691.317
691.944,691.309
691.940,691.302
691.936,691.295
691.932,691.289
691.929,691.284
691.926,691.279
691.924,691.275
691.921,691.271
691.919,691.267
691.922,691.272
691.920,691.268
691.918,691.265
691.916,691.262
691.914,691.259
691.913,691.257
691.912,691.254
691.907,691.246
691.906,691.245
691.906,691.244
691.905,691.243
691.904,691.242
691.904,691.241
691.904,691.240
691.900,691.234
691.900,691.234
691.899,691.234
691.899,691.234
691.899,691.234
691.899,691.234
691.899,691.234
691.896,691.228
691.896,691.228
691.888,691.215
691.890,691.217
691.882,691.205
691.880,691.202
691.882,691.205
691.876,691.194
691.870,691.184
691.873,691.189
691.867,691.179
691.862,691.171
691.866,691.177
691.861,691.168
691.861,691.169
691.865,691.175
691.868,691.180
691.863,691.172
691.858,691.164
691.854,691.157
691.850,691.151
691.847,691.145
691.844,691.140
691.841,691.135
691.838,691.131
691.836,691.127
691.842,691.137
691.848,691.146
691.844,691.141
691.842,691.136
691.839,691.131
691.841,691.135
691.839,691.131
691.836,691.127
691.834,691.124
691.832,691.120
691.831,691.117
691.829,691.115
691.828,691.112
691.823,691.104
691.822,691.103
691.813,691.088
691.813,691.088
691.814,691.088
691.814,691.089
691.814,691.089
691.806,691.075
691.807,691.077
691.807,691.078
691.804,691.073
691.805,691.075
691.806,691.076
691.807,691.078
691.808,691.079
691.805,691.074
691.806,691.075
691.799,691.063
691.792,691.052
691.794,691.056
691.788,691.045
691.790,691.049
691.781,691.034
691.781,691.033
691.776,691.025
691.780,691.031
691.775,691.023
691.775,691.024
691.771,691.016
691.771,691.017
691.767,691.011
691.772,691.018
691.768,691.011
691.772,691.019
691.765,691.006
691.761,691.000
691.758,690.995
691.756,690.990
691.753,690.986
691.759,690.996
691.756,690.991
691.758,690.995
691.752,690.984
691.750,690.981
691.748,690.977
691.746,690.974
691.745,690.972
691.751,690.983
691.749,690.980
691.752,690.984
691.754,690.988
691.752,690.984
691.758,690.994
691.755,690.990
691.761,690.999
691.758,690.994
691.755,690.990
691.749,690.980
691.744,690.971
691.742,690.968
691.741,690.966
691.740,690.964
691.739,690.963
691.738,690.961
691.737,690.960
691.737,690.958
691.732,690.951
691.737,690.959
691.741,690.965
691.731,690.950
691.731,690.949
691.731,690.949
691.731,690.949
691.731,690.949
691.731,690.948
691.722,690.934
691.723,690.936
691.720,690.931
691.718,690.926
691.719,690.928
691.712,690.916
691.705,690.905
691.712,690.917
691.710,690.914
691.717,690.925
691.718,690.927
691.711,690.915
691.713,690.918
691.706,690.907
691.708,690.911
691.702,690.900
691.705,690.905
691.699,690.895
691.694,690.886
691.689,690.878
691.685,690.871
691.681,690.865
691.686,690.872
691.682,690.866
691.678,690.860
691.675,690.854
691.680,690.863
691.677,690.857
691.674,690.852
691.671,690.847
691.676,690.857
691.673,690.852
691.679,690.860
691.683,690.869
691.688,690.876
691.684,690.869
691.680,690.863
691.677,690.857
691.682,690.865
691.678,690.859
691.675,690.854
691.680,690.863
691.677,690.857
691.673,690.852
691.671,690.847
691.668,690.843
691.671,690.847
691.665,690.837
691.667,690.841
691.665,690.838
691.663,690.834
691.669,690.845
691.667,690.841
691.665,690.837
691.655,690.820
691.646,690.805
691.646,690.805
691.637,690.791
691.630,690.778
691.631,690.780
691.633,690.783
691.630,690.779
691.628,690.775
691.630,690.778
691.631,690.780
691.624,690.768
691.626,690.772
691.620,690.761
691.622,690.765
691.624,690.768
691.626,690.772
691.632,690.782
691.630,690.778
691.628,690.775
691.630,690.778
691.631,690.780
691.632,690.782
691.633,690.784
691.626,690.772
691.625,690.769
691.615,690.753
691.614,690.752
691.609,690.743
691.604,690.735
691.600,690.728
691.596,690.721
691.593,690.715
691.590,690.710
691.591,690.713
691.588,690.708
691.586,690.703
691.558,690.656
691.558,690.656
691.555,690.651
691.552,690.646
691.552,690.647
691.553,690.648
691.554,690.649
691.551,690.644
691.552,690.646
691.544,690.633
691.550,690.644
691.548,690.639
691.549,690.641
691.542,690.629
691.543,690.632
691.542,690.629
691.543,690.632
691.545,690.634
691.543,690.631
691.544,690.634
691.538,690.622
691.540,690.626
691.538,690.623
691.532,690.613
691.527,690.604
691.453,690.480
691.452,690.477
691.454,690.481
691.456,690.484
691.450,690.473
691.449,690.472
691.443,690.462
691.438,690.453
691.433,690.446
691.437,690.452
691.433,690.445
691.437,690.451
691.437,690.452
691.432,690.444
691.428,690.437
691.424,690.431
691.421,690.425
691.426,690.434
691.427,690.436
691.424,690.430
691.417,690.418
691.414,690.414
691.412,690.410
691.410,690.406
691.408,690.403
691.406,690.400
691.405,690.397
691.403,690.395
691.402,690.393
691.397,690.385
691.397,690.384
691.392,690.377
691.392,690.376
691.388,690.370
691.389,690.370
691.393,690.378
691.393,690.378
691.393,690.377
691.397,690.384
691.396,690.383
691.392,690.376
691.384,690.362
691.389,690.371
691.389,690.371
691.386,690.365
691.386,690.366
691.386,690.367
691.383,690.361
691.376,690.349
691.382,690.359
691.374,690.346
691.376,690.349
691.377,690.351
691.378,690.353
691.376,690.349
691.377,690.351
691.378,690.353
691.376,690.349
691.369,690.337
691.368,690.335
691.370,690.338
691.368,690.336
691.362,690.326
691.365,690.330
691.364,690.328
691.366,690.332
691.368,690.336
691.370,690.339
691.364,690.329
691.363,690.327
691.357,690.318
691.352,690.309
691.353,690.309
691.348,690.302
691.352,690.308
691.355,690.314
691.359,690.320
691.358,690.319
691.353,690.310
691.348,690.302
691.349,690.303
691.345,690.296
691.341,690.290
691.334,690.278
691.331,690.273
691.329,690.269
691.331,690.273
691.328,690.269
691.331,690.273
691.328,690.269
691.334,690.278
691.336,690.281
691.333,690.276
691.335,690.280
691.340,690.288
691.337,690.283
691.338,690.285
691.343,690.294
691.344,690.295
691.340,690.289
691.345,690.297
691.346,690.298
691.342,690.291
691.335,690.280
691.332,690.275
691.329,690.270
691.332,690.274
691.337,690.283
691.342,690.292
691.343,690.294
691.340,690.287
691.344,690.295
691.345,690.297
691.341,690.290
691.338,690.284
691.339,690.287
691.344,690.295
691.348,690.302
691.349,690.303
691.345,690.296
691.337,690.284
691.342,690.292
691.339,690.286
691.340,690.289
691.337,690.283
691.334,690.277
691.336,690.281
691.333,690.276
691.330,690.271
691.332,690.275
691.330,690.270
691.327,690.266
691.330,690.271
691.327,690.267
691.322,690.257
691.317,690.249
691.316,690.247
691.315,690.245
691.318,690.251
691.325,690.263
691.315,690.246
691.311,690.239
691.310,690.237
691.309,690.237
691.314,690.244
691.313,690.242
691.320,690.254
691.323,690.260
691.321,690.257
691.328,690.268
691.330,690.272
691.328,690.268
691.334,690.278
691.328,690.267
691.322,690.258
691.320,690.255
691.319,690.252
691.314,690.244
691.313,690.243
691.312,690.241
691.308,690.234
691.308,690.234
691.307,690.233
691.307,690.233
691.304,690.227
691.300,690.221
691.293,690.208
691.294,690.210
691.291,690.206
691.293,690.208
691.294,690.210
691.295,690.212
691.292,690.207
691.290,690.204
691.283,690.192
691.285,690.196
691.287,690.199
691.285,690.196
691.287,690.199
691.289,690.202
691.282,690.191
691.281,690.188
691.283,690.192
691.285,690.196
691.287,690.199
691.285,690.196
691.287,690.199
691.289,690.202
691.282,690.191
691.273,690.175
691.273,690.174
691.276,690.179
691.278,690.184
691.277,690.182
691.277,690.181
691.271,690.172
691.274,690.177
691.269,690.168
691.269,690.168
691.261,690.155
691.257,690.148
691.253,690.142
691.250,690.136
691.255,690.145
691.257,690.147
691.250,690.136
691.247,690.131
691.244,690.126
691.242,690.122
691.240,690.119
691.234,690.110
691.230,690.102
691.225,690.094
691.225,690.093
691.224,690.093
691.224,690.092
691.223,690.091
691.220,690.085
691.224,690.093
691.229,690.100
691.220,690.085
691.220,690.085
691.220,690.085
691.220,690.085
691.220,690.085
691.216,690.079
691.221,690.088
691.226,690.095
691.230,690.102
691.229,690.100
691.228,690.099
691.227,690.098
691.227,690.096
691.222,690.090
691.219,690.083
691.219,690.083
691.219,690.084
691.227,690.097
691.226,690.096
691.230,690.103
691.234,690.109
691.237,690.115
691.236,690.112
691.234,690.109
691.233,690.107
691.231,690.105
691.227,690.097
691.231,690.104
691.235,690.110
691.230,690.102
691.229,690.100
691.228,690.099
691.227,690.097
691.226,690.096
691.222,690.089
691.219,690.083
691.223,690.091
691.220,690.085
691.220,690.085
691.220,690.085
691.212,690.071
691.204,690.059
691.206,690.061
691.207,690.063
691.205,690.060
691.203,690.056
691.201,690.053
691.199,690.051
691.198,690.048
691.192,690.038
691.187,690.029
691.182,690.020
691.185,690.027
691.188,690.032
691.191,690.037
691.186,690.028
691.189,690.033
691.189,690.032
691.180,690.018
691.181,690.019
691.181,690.019
691.181,690.020
691.181,690.020
691.182,690.021
691.182,690.021
691.174,690.008
691.175,690.009
691.176,690.011
691.177,690.012
691.169,690.000
691.163,689.988
691.165,689.992
691.167,689.995
691.163,689.990
691.161,689.985
691.158,689.981
691.156,689.977
691.154,689.974
691.152,689.971
691.150,689.968
691.149,689.965
691.148,689.963
691.146,689.961
691.145,689.959
691.144,689.957
691.151,689.969
691.150,689.967
691.156,689.978
691.154,689.974
691.152,689.971
691.151,689.968
691.149,689.966
691.156,689.977
691.154,689.974
691.152,689.971
691.150,689.968
691.146,689.959
691.144,689.958
691.140,689.951
691.136,689.944
691.133,689.938
691.130,689.933
691.127,689.928
691.124,689.923
691.130,689.933
691.130,689.934
691.131,689.934
691.131,689.935
691.131,689.936
691.132,689.936
691.132,689.937
691.132,689.937
691.124,689.924
691.117,689.912
691.115,689.909
691.122,689.920
691.120,689.916
691.118,689.913
691.116,689.910
691.115,689.907
691.113,689.905
691.112,689.903
691.114,689.906
691.116,689.909
691.118,689.912
691.119,689.915
691.121,689.918
691.122,689.920
691.123,689.922
691.121,689.918
691.119,689.915
691.109,689.898
691.108,689.896
691.099,689.881
691.107,689.895
691.107,689.894
691.109,689.898
691.104,689.889
691.098,689.880
691.099,689.880
691.099,689.880
691.099,689.880
691.099,689.880
691.102,689.886
691.105,689.891
691.108,689.896
691.111,689.900
691.105,689.891
691.104,689.890
691.104,689.889
691.095,689.875
691.088,689.862
691.089,689.863
691.090,689.865
691.094,689.872
691.090,689.865
691.094,689.873
691.090,689.865
691.083,689.853
691.084,689.856
691.086,689.858
691.082,689.853
691.087,689.861
691.084,689.855
691.080,689.850
691.082,689.853
691.084,689.855
691.081,689.850
691.078,689.845
691.075,689.840
691.069,689.831
691.072,689.835
691.075,689.840
691.077,689.844
691.074,689.839
691.072,689.835
691.070,689.832
691.065,689.823
691.060,689.815
691.059,689.813
690.996,689.708
690.998,689.710
690.992,689.699
690.989,689.695
690.992,689.699
690.986,689.689
690.992,689.700
690.994,689.703
690.996,689.707
690.993,689.702
690.990,689.697
690.992,689.701
690.990,689.696
690.987,689.692
690.982,689.683
690.980,689.680
690.979,689.678
690.982,689.684
690.985,689.689
690.991,689.699
690.994,689.703
690.996,689.706
690.993,689.701
690.987,689.691
690.981,689.682
690.934,689.602
690.933,689.601
690.933,689.600
690.936,689.605
690.935,689.604
690.930,689.595
690.930,689.595
690.930,689.595
690.925,689.587
690.934,689.602
690.937,689.607
690.939,689.611
690.938,689.609
690.933,689.600
690.932,689.599
690.936,689.605
690.935,689.604
690.935,689.603
690.929,689.594
690.929,689.594
690.933,689.600
690.932,689.599
690.932,689.599
690.935,689.604
690.935,689.603
690.930,689.594
690.930,689.594
690.930,689.594
690.933,689.600
690.933,689.600
690.928,689.591
690.928,689.592
690.931,689.597
690.926,689.589
690.919,689.576
690.923,689.584
690.924,689.585
690.919,689.578
690.920,689.579
690.917,689.573
690.918,689.575
690.922,689.582
690.915,689.570
690.912,689.564
690.913,689.567
690.910,689.562
690.912,689.565
690.914,689.568
690.907,689.557
690.905,689.552
690.902,689.548
690.897,689.539
690.895,689.536
690.898,689.542
690.897,689.539
690.900,689.544
690.898,689.541
690.901,689.546
690.899,689.543
690.894,689.534
690.892,689.532
690.888,689.524
690.887,689.523
690.891,689.530
690.890,689.528
690.894,689.534
690.893,689.532
690.896,689.538
690.903,689.549
690.897,689.540
690.895,689.537
690.899,689.542
690.905,689.553
690.899,689.543
690.897,689.540
690.896,689.537
690.891,689.529
690.890,689.527
690.885,689.520
690.885,689.519
690.881,689.513
690.881,689.513
690.886,689.520
690.885,689.519
690.881,689.513
690.889,689.526
690.885,689.519
690.885,689.518
690.889,689.526
690.888,689.524
690.884,689.517
690.883,689.517
690.880,689.510
690.880,689.510
690.885,689.519
690.884,689.518
690.888,689.525
690.888,689.524
690.884,689.517
690.880,689.511
690.885,689.519
690.884,689.518
690.876,689.503
690.873,689.499
690.873,689.500
690.871,689.495
690.872,689.497
690.869,689.492
690.862,689.480
690.860,689.478
690.862,689.481
690.861,689.478
690.859,689.475
690.853,689.465
690.852,689.464
690.855,689.468
690.854,689.467
690.856,689.471
690.855,689.469
690.858,689.473
690.856,689.471
690.851,689.461
690.853,689.466
690.861,689.478
690.854,689.467
690.853,689.466
690.848,689.456
690.848,689.456
690.847,689.456
690.850,689.461
690.850,689.460
690.853,689.465
690.852,689.463
690.847,689.454
690.846,689.454
690.850,689.459
690.849,689.459
690.844,689.450
690.844,689.450
690.844,689.450
690.848,689.456
690.847,689.455
690.850,689.461
690.850,689.460
690.853,689.465
690.860,689.477
690.859,689.475
690.861,689.478
690.859,689.476
690.853,689.465
690.852,689.464
690.852,689.463
690.854,689.467
690.845,689.452
690.841,689.444
690.841,689.445
690.841,689.445
690.837,689.438
690.838,689.439
690.834,689.432
690.827,689.421
690.832,689.429
690.828,689.423
690.822,689.412
690.827,689.421
690.832,689.430
690.833,689.432
690.830,689.426
690.831,689.428
690.828,689.422
690.825,689.417
690.827,689.420
690.823,689.415
690.821,689.411
690.815,689.401
690.813,689.398
690.816,689.403
690.819,689.407
690.817,689.404
690.819,689.408
690.822,689.412
690.819,689.408
690.813,689.398
690.812,689.395
690.810,689.393
690.813,689.398
690.812,689.395
690.815,689.401
690.818,689.405
690.815,689.402
690.818,689.407
690.813,689.397
690.811,689.394
690.806,689.386
690.810,689.392
690.808,689.390
690.804,689.382
690.800,689.375
690.799,689.374
690.804,689.382
690.799,689.375
690.799,689.374
690.799,689.373
690.795,689.367
690.792,689.361
690.792,689.362
690.797,689.371
690.794,689.365
690.794,689.365
690.790,689.359
690.788,689.355
690.780,689.342
690.782,689.345
690.780,689.341
690.781,689.344
690.782,689.346
690.780,689.342
690.782,689.345
690.783,689.347
690.781,689.343
690.779,689.340
690.780,689.342
690.778,689.339
690.777,689.336
690.778,689.339
690.777,689.336
690.775,689.334
690.769,689.323
690.768,689.322
690.775,689.334
690.774,689.332
690.768,689.321
690.762,689.312
690.762,689.312
690.762,689.311
690.765,689.317
690.765,689.316
690.764,689.315
690.756,689.301
690.759,689.307
690.763,689.313
690.763,689.312
690.762,689.312
690.765,689.317
690.765,689.316
690.765,689.316
690.764,689.315
690.764,689.314
690.767,689.319
690.766,689.318
690.774,689.331
690.776,689.334
690.777,689.337
690.776,689.335
690.766,689.319
690.758,689.304
690.753,689.296
690.749,689.289
690.750,689.291
690.743,689.279
690.740,689.274
690.737,689.269
690.739,689.273
690.741,689.276
690.735,689.266
690.741,689.275
690.738,689.270
690.740,689.274
690.742,689.277
690.735,689.267
690.733,689.262
690.731,689.259
690.726,689.250
690.721,689.242
690.725,689.248
690.723,689.246
690.730,689.257
690.733,689.262
690.727,689.253
690.730,689.258
690.729,689.255
690.723,689.246
690.727,689.252
690.730,689.257
690.736,689.268
690.742,689.277
690.744,689.280
690.745,689.283
690.747,689.285
690.743,689.279
690.748,689.288
690.749,689.290
690.750,689.291
690.746,689.285
690.743,689.279
690.740,689.274
690.742,689.277
690.743,689.280
690.745,689.283
690.747,689.285
690.743,689.279
690.745,689.282
690.738,689.271
690.732,689.261
690.727,689.252
690.725,689.249
690.724,689.247
690.727,689.252
690.722,689.244
690.726,689.250
690.724,689.248
690.731,689.259
690.729,689.256
690.724,689.247
690.719,689.239
690.715,689.232
690.715,689.231
690.714,689.231
690.714,689.230
690.710,689.224
690.707,689.218
690.704,689.213
690.701,689.208
690.702,689.210
690.703,689.211
690.708,689.220
690.713,689.229
690.710,689.223
690.706,689.217
690.707,689.218
690.707,689.218
690.707,689.219
690.708,689.219
690.704,689.214
690.702,689.209
690.699,689.205
690.692,689.193
690.694,689.196
690.695,689.199
690.689,689.187
690.691,689.191
690.697,689.202
690.695,689.198
690.693,689.195
690.700,689.206
690.693,689.194
690.686,689.183
690.688,689.187
690.690,689.190
690.689,689.188
690.688,689.186
690.687,689.184
690.681,689.174
690.675,689.165
690.679,689.171
690.682,689.176
690.684,689.180
690.692,689.192
690.690,689.190
690.689,689.187
690.687,689.185
690.686,689.183
690.688,689.187
690.690,689.191
690.692,689.194
690.694,689.196
690.692,689.193
690.699,689.204
690.696,689.201
690.694,689.197
690.693,689.194
690.694,689.197
690.688,689.186
690.682,689.176
690.676,689.166
690.676,689.166
690.676,689.166
690.668,689.153
690.669,689.154
690.669,689.155
690.670,689.156
690.670,689.157
690.663,689.144
690.656,689.132
690.658,689.135
690.659,689.138
690.661,689.141
690.658,689.135
690.654,689.130
690.660,689.139
690.656,689.133
690.653,689.128
690.651,689.123
690.648,689.119
690.646,689.115
690.644,689.112
690.642,689.109
690.641,689.106
690.639,689.104
690.646,689.115
690.630,689.089
690.630,689.088
690.629,689.087
690.629,689.086
690.629,689.086
690.628,689.085
690.628,689.085
690.624,689.079
690.629,689.087
690.626,689.081
690.625,689.081
690.625,689.081
690.625,689.080
690.622,689.075
690.619,689.070
690.616,689.065
690.622,689.075
690.619,689.070
690.612,689.057
690.609,689.054
690.608,689.051
690.614,689.061
690.620,689.071
690.617,689.067
690.615,689.062
690.574,688.994
690.576,688.997
690.569,688.985
690.566,688.981
690.564,688.977
690.562,688.973
690.560,688.969
690.558,688.966
690.561,688.971
690.564,688.976
690.566,688.980
690.569,688.984
690.563,688.974
690.565,688.979
690.563,688.975
690.561,688.971
690.564,688.976
690.566,688.980
690.568,688.984
690.571,688.988
690.568,688.983
690.570,688.987
690.567,688.982
690.564,688.977
690.567,688.982
690.569,688.985
690.571,688.989
690.573,688.992
690.570,688.987
690.567,688.982
690.564,688.978
690.567,688.982
690.561,688.972
690.556,688.963
690.546,688.947
690.538,688.932
690.538,688.933
690.535,688.927
690.532,688.923
690.538,688.932
690.535,688.927
690.535,688.928
690.536,688.929
690.533,688.924
690.530,688.920
690.536,688.929
690.533,688.925
690.534,688.926
690.531,688.921
690.529,688.917
690.527,688.914
690.525,688.910
690.526,688.913
690.527,688.915
690.525,688.911
690.524,688.908
690.522,688.906
690.520,688.903
690.522,688.906
690.524,688.909
690.522,688.906
690.521,688.904
690.519,688.901
690.518,688.899
690.525,688.911
690.526,688.913
690.528,688.915
690.526,688.912
690.524,688.909
690.522,688.906
690.524,688.909
690.525,688.911
690.527,688.914
690.525,688.910
690.523,688.907
690.521,688.905
690.515,688.894
690.514,688.893
690.521,688.905
690.520,688.902
690.519,688.900
690.517,688.898
690.520,688.902
690.526,688.913
690.524,688.910
690.523,688.907
690.524,688.910
690.522,688.907
690.521,688.904
690.519,688.901
690.526,688.913
690.528,688.915
690.534,688.925
690.539,688.934
690.536,688.929
690.536,688.930
690.529,688.917
690.518,688.900
690.525,688.911
690.523,688.908
690.525,688.911
690.531,688.921
690.529,688.917
690.527,688.914
690.520,688.902
690.522,688.905
690.520,688.903
690.519,688.900
690.518,688.898
690.520,688.902
690.518,688.900
690.517,688.898
690.508,688.882
690.503,688.874
690.507,688.880
690.507,688.880
690.506,688.880
690.506,688.879
690.510,688.885
690.509,688.884
690.501,688.870
690.501,688.871
690.497,688.863
690.498,688.865
690.499,688.866
690.499,688.867
690.495,688.860
690.496,688.862
690.489,688.850
690.486,688.844
690.483,688.839
690.477,688.830
690.472,688.821
690.470,688.818
690.473,688.824
690.469,688.815
690.467,688.813
690.463,688.806
690.459,688.799
690.455,688.793
690.463,688.807
690.467,688.813
690.471,688.820
690.469,688.817
690.473,688.823
690.476,688.828
690.479,688.833
690.473,688.824
690.477,688.829
690.471,688.820
690.475,688.826
690.478,688.831
690.475,688.827
690.470,688.818
690.474,688.824
690.477,688.829
690.475,688.826
690.470,688.817
690.473,688.823
690.471,688.820
690.475,688.826
690.470,688.817
690.468,688.815
690.467,688.813
690.471,688.819
690.474,688.825
690.472,688.822
690.475,688.827
690.478,688.832
690.481,688.836
690.475,688.827
690.478,688.832
690.476,688.828
690.471,688.819
690.466,688.811
690.465,688.810
690.469,688.816
690.464,688.809
690.464,688.807
690.460,688.800
690.456,688.794
690.456,688.794
690.461,688.802
690.457,688.796
690.457,688.795
690.453,688.790
690.458,688.798
690.458,688.798
690.458,688.797
690.462,688.805
690.458,688.798
690.455,688.792
690.452,688.787
690.452,688.787
690.457,688.796
690.454,688.790
690.459,688.799
690.458,688.798
690.455,688.792
690.452,688.787
690.452,688.787
690.457,688.796
690.454,688.790
690.459,688.799
690.455,688.793
690.452,688.787
690.452,688.788
690.449,688.783
690.455,688.792
690.455,688.792
690.460,688.800
690.459,688.799
690.456,688.793
690.460,688.802
690.457,688.795
690.456,688.795
690.453,688.789
690.458,688.798
690.458,688.797
690.454,688.791
690.454,688.792
690.454,688.792
690.451,688.786
690.448,688.781
690.449,688.782
690.454,688.792
690.451,688.786
690.452,688.787
690.449,688.782
690.454,688.791
690.451,688.786
690.448,688.781
690.446,688.777
690.447,688.778
690.452,688.788
690.449,688.783
690.458,688.798
690.454,688.792
690.451,688.786
690.456,688.795
690.456,688.795
690.461,688.803
690.457,688.796
690.454,688.791
690.451,688.785
690.456,688.794
690.448,688.780
690.445,688.776
690.451,688.786
690.451,688.786
690.457,688.795
690.453,688.790
690.453,688.790
690.450,688.785
690.456,688.794
690.452,688.788
690.449,688.783
690.455,688.792
690.455,688.792
690.460,688.800
690.464,688.808
690.463,688.806
690.459,688.800
690.464,688.807
690.460,688.800
690.459,688.800
690.456,688.794
690.452,688.788
690.453,688.789
690.450,688.783
690.447,688.779
690.448,688.780
690.453,688.790
690.450,688.785
690.443,688.772
690.441,688.768
690.439,688.765
690.440,688.768
690.447,688.778
690.444,688.774
690.453,688.790
690.450,688.784
690.447,688.780
690.445,688.776
690.443,688.772
690.452,688.787
690.449,688.782
690.446,688.778
690.444,688.774
690.442,688.770
690.448,688.781
690.449,688.782
690.454,688.791
690.459,688.799
690.459,688.799
690.463,688.806
690.459,688.800
690.464,688.807
690.460,688.800
690.456,688.794
690.456,688.794
690.453,688.789
690.458,688.797
690.462,688.805
690.458,688.798
690.455,688.792
690.452,688.787
690.457,688.796
690.449,688.782
690.446,688.777
690.444,688.773
690.442,688.770
690.448,688.780
690.445,688.776
690.446,688.777
690.452,688.787
690.444,688.774
690.442,688.770
690.440,688.767
690.438,688.764
690.437,688.761
690.435,688.759
690.434,688.757
690.433,688.755
690.435,688.758
690.425,688.743
690.428,688.747
690.428,688.746
690.427,688.745
690.426,688.744
690.426,688.743
690.425,688.743
690.428,688.747
690.428,688.746
690.422,688.737
690.422,688.737
690.422,688.737
690.422,688.737
690.422,688.737
690.422,688.736
690.422,688.736
690.422,688.736
690.425,688.742
690.424,688.741
690.424,688.740
690.416,688.726
690.416,688.727
690.417,688.728
690.417,688.729
690.418,688.729
690.418,688.730
690.418,688.731
690.419,688.731
690.411,688.718
690.404,688.706
690.405,688.709
690.399,688.698
690.401,688.701
690.403,688.705
690.397,688.694
690.399,688.698
690.401,688.701
690.403,688.705
690.397,688.694
690.391,688.684
690.386,688.675
690.389,688.681
690.392,688.686
690.395,688.691
690.389,688.682
690.388,688.678
690.383,688.670
690.378,688.663
690.374,688.656
690.379,688.664
690.375,688.657
690.371,688.651
690.376,688.659
690.372,688.652
690.372,688.652
690.369,688.646
690.369,688.647
690.366,688.642
690.366,688.642
690.363,688.638
690.364,688.639
690.369,688.648
690.374,688.656
690.374,688.656
690.370,688.650
690.370,688.650
690.375,688.658
690.372,688.652
690.368,688.646
690.365,688.641
690.371,688.650
690.375,688.658
690.380,688.665
690.384,688.672
690.379,688.664
690.382,688.669
690.377,688.661
690.373,688.655
690.370,688.649
690.367,688.643
690.364,688.639
690.361,688.634
690.362,688.636
690.368,688.645
690.365,688.640
690.370,688.649
690.375,688.657
690.371,688.651
690.368,688.646
690.365,688.641
690.366,688.641
690.363,688.637
690.364,688.638
690.369,688.647
690.366,688.642
690.363,688.637
690.361,688.633
690.358,688.629
690.356,688.626
690.362,688.636
690.360,688.631
690.357,688.628
690.355,688.624
690.354,688.621
690.352,688.618
690.354,688.621
690.352,688.619
690.362,688.635
690.359,688.631
690.357,688.627
690.355,688.624
690.354,688.621
690.360,688.632
690.358,688.628
690.364,688.638
690.369,688.648
690.366,688.642
690.375,688.657
690.371,688.651
690.376,688.659
690.372,688.652
690.369,688.647
690.366,688.642
690.363,688.637
690.360,688.633
690.328,688.578
690.329,688.580
690.322,688.567
690.323,688.570
690.320,688.564
690.321,688.566
690.323,688.569
690.327,688.576
690.328,688.578
690.321,688.566
690.322,688.568
690.324,688.570
690.325,688.573
690.326,688.574
690.322,688.568
690.323,688.570
690.325,688.572
690.321,688.566
690.322,688.568
690.324,688.571
690.320,688.564
690.314,688.554
690.319,688.563
690.321,688.565
690.314,688.554
690.319,688.563
690.313,688.553
690.315,688.556
690.320,688.565
690.322,688.568
690.319,688.562
690.312,688.551
690.306,688.541
690.304,688.538
690.307,688.543
690.310,688.548
690.316,688.557
690.310,688.547
690.307,688.543
690.302,688.534
690.305,688.540
690.308,688.545
690.303,688.536
690.301,688.533
690.305,688.538
690.308,688.544
690.302,688.535
690.306,688.540
690.304,688.537
690.307,688.542
690.310,688.547
690.307,688.543
690.310,688.548
690.305,688.538
690.299,688.530
690.303,688.536
690.298,688.527
690.302,688.534
690.305,688.539
690.300,688.531
690.304,688.537
690.307,688.542
690.313,688.552
690.307,688.542
690.302,688.533
690.305,688.539
690.300,688.530
690.303,688.536
690.302,688.533
690.305,688.539
690.300,688.530
690.295,688.523
690.299,688.529
690.298,688.527
690.302,688.533
690.305,688.539
690.311,688.549
690.314,688.553
690.316,688.557
690.310,688.547
690.304,688.538
690.302,688.535
690.298,688.526
690.293,688.519
690.297,688.526
690.304,688.538
690.307,688.543
690.302,688.534
690.305,688.540
690.308,688.545
690.306,688.541
690.309,688.546
690.304,688.537
690.310,688.547
690.312,688.552
690.315,688.555
690.309,688.545
690.311,688.550
690.309,688.546
690.303,688.536
690.307,688.542
690.305,688.538
690.308,688.543
690.310,688.548
690.305,688.539
690.300,688.530
690.298,688.528
690.294,688.520
690.290,688.514
690.286,688.507
690.286,688.507
690.291,688.515
690.287,688.509
690.292,688.517
690.296,688.524
690.287,688.509
690.292,688.517
690.288,688.510
690.285,688.504
690.277,688.491
690.282,688.501
690.283,688.501
690.288,688.510
690.284,688.504
690.281,688.499
690.278,688.494
690.276,688.490
690.274,688.486
690.275,688.488
690.272,688.484
690.274,688.486
690.280,688.496
690.277,688.492
690.275,688.488
690.272,688.484
690.271,688.481
690.277,688.491
690.274,688.487
690.272,688.484
690.270,688.480
690.272,688.483
690.278,688.493
690.275,688.489
690.273,688.485
690.266,688.474
690.265,688.471
690.272,688.483
690.270,688.480
690.268,688.477
690.267,688.474
690.265,688.472
690.264,688.470
690.263,688.468
690.262,688.466
690.261,688.464
690.260,688.463
690.259,688.462
690.258,688.460
690.258,688.459
690.265,688.472
690.267,688.475
690.274,688.486
690.272,688.483
690.270,688.480
690.268,688.477
690.267,688.474
690.268,688.477
690.267,688.475
690.265,688.472
690.259,688.462
690.259,688.461
690.258,688.459
690.261,688.464
690.260,688.462
690.251,688.448
690.251,688.448
690.251,688.448
690.251,688.448
690.251,688.448
690.251,688.448
690.254,688.454
690.254,688.453
690.254,688.453
690.254,688.452
690.249,688.444
690.249,688.444
690.249,688.445
690.245,688.437
690.237,688.425
690.239,688.427
690.235,688.421
690.237,688.423
690.238,688.426
690.239,688.428
690.232,688.416
690.229,688.411
690.232,688.415
690.229,688.410
690.231,688.414
690.233,688.417
690.235,688.420
690.236,688.423
690.230,688.412
690.232,688.415
690.237,688.424
690.238,688.426
690.240,688.428
690.241,688.430
690.242,688.432
690.243,688.434
690.236,688.422
690.229,688.411
690.231,688.414
690.233,688.418
690.227,688.407
690.229,688.411
690.227,688.406
690.229,688.410
690.231,688.414
690.233,688.417
690.227,688.407
690.229,688.411
690.231,688.414
690.233,688.418
690.238,688.426
690.239,688.428
690.241,688.430
690.242,688.432
690.243,688.434
690.244,688.435
690.244,688.436
690.237,688.424
690.233,688.418
690.227,688.407
690.229,688.411
690.224,688.401
690.218,688.392
690.213,688.384
690.209,688.377
690.213,688.383
690.217,688.390
690.220,688.395
690.226,688.406
690.229,688.410
690.223,688.400
690.218,688.391
690.213,688.383
690.216,688.389
690.220,688.395
690.215,688.387
690.218,688.393
690.225,688.403
690.219,688.394
690.222,688.399
690.225,688.404
690.223,688.400
690.217,688.391
690.221,688.397
690.224,688.402
690.226,688.406
690.221,688.397
690.216,688.388
690.211,688.380
690.215,688.387
690.210,688.379
690.209,688.377
690.213,688.384
690.217,688.390
690.212,688.382
690.216,688.389
690.215,688.386
690.210,688.379
690.206,688.372
690.214,688.384
690.212,688.382
690.208,688.375
690.212,688.382
690.216,688.389
690.219,688.394
690.218,688.391
690.213,688.383
690.208,688.376
690.204,688.369
690.209,688.377
690.205,688.370
690.201,688.364
690.201,688.364
690.206,688.372
690.202,688.366
690.199,688.360
690.204,688.368
690.209,688.376
690.213,688.383
690.208,688.376
690.212,688.383
690.208,688.375
690.212,688.382
690.216,688.389
690.219,688.395
690.223,688.400
690.220,688.396
690.219,688.393
690.214,688.385
690.209,688.377
690.213,688.384
690.212,688.382
690.208,688.375
690.204,688.368
690.200,688.362
690.197,688.357
690.194,688.352
690.192,688.347
690.197,688.357
690.195,688.352
690.200,688.361
690.197,688.356
690.194,688.351
690.191,688.347
690.189,688.343
690.190,688.345
690.188,688.341
690.186,688.338
690.184,688.335
690.182,688.332
690.181,688.330
690.183,688.333
690.185,688.335
690.183,688.333
690.189,688.344
690.187,688.340
690.185,688.337
690.187,688.339
690.188,688.341
690.186,688.338
690.184,688.335
690.183,688.332
690.181,688.330
690.188,688.341
690.186,688.338
690.184,688.335
690.182,688.332
690.181,688.329
690.180,688.327
690.178,688.325
690.177,688.323
690.171,688.313
690.171,688.312
690.171,688.312
690.170,688.311
690.170,688.311
690.178,688.324
690.185,688.336
690.178,688.325
690.180,688.328
690.187,688.340
690.185,688.337
690.183,688.334
690.182,688.331
690.184,688.334
690.177,688.323
690.176,688.321
690.175,688.320
690.175,688.319
690.174,688.317
690.173,688.316
690.176,688.321
690.170,688.311
690.170,688.310
690.169,688.310
690.177,688.323
690.176,688.322
690.171,688.312
690.170,688.311
690.178,688.324
690.177,688.323
690.176,688.321
690.175,688.319
690.174,688.318
690.174,688.317
690.173,688.316
690.172,688.315
690.172,688.314
690.171,688.313
690.171,688.312
690.171,688.312
690.170,688.311
690.178,688.324
690.177,688.323
690.176,688.321
690.167,688.306
690.175,688.320
690.174,688.318
690.174,688.317
690.173,688.316
690.172,688.315
690.175,688.320
690.174,688.318
690.174,688.317
690.173,688.316
690.172,688.315
690.172,688.314
690.171,688.313
690.171,688.312
690.171,688.312
690.170,688.311
690.178,688.324
690.177,688.323
690.176,688.321
690.183,688.333
690.182,688.331
690.180,688.328
690.179,688.326
690.178,688.324
690.177,688.322
690.176,688.321
690.175,688.319
690.174,688.318
690.169,688.309
690.172,688.314
690.166,688.305
690.166,688.305
690.166,688.305
690.167,688.305
690.167,688.305
690.162,688.297
690.154,688.284
690.155,688.286
690.156,688.288
690.149,688.276
690.151,688.279
690.148,688.273
690.153,688.282
690.154,688.284
690.155,688.286
690.156,688.288
690.157,688.289
690.158,688.291
690.159,688.292
690.160,688.294
690.161,688.295
690.161,688.296
690.162,688.297
690.162,688.298
690.163,688.298
690.163,688.299
690.163,688.300
690.156,688.287
690.157,688.289
690.158,688.290
690.159,688.292
690.112,688.212
690.109,688.208
690.109,688.209
690.110,688.210
690.107,688.205
690.108,688.206
690.106,688.202
690.104,688.199
690.110,688.209
690.107,688.204
690.113,688.214
690.118,688.223
690.122,688.231
690.127,688.238
690.122,688.231
690.119,688.224
690.123,688.232
690.119,688.225
690.119,688.225
690.119,688.224
690.118,688.224
690.118,688.223
690.118,688.223
690.126,688.236
690.125,688.234
690.109,688.208
690.107,688.204
690.104,688.200
690.102,688.196
690.100,688.193
690.099,688.190
690.097,688.188
690.096,688.185
690.094,688.183
690.096,688.187
690.095,688.184
690.094,688.182
690.101,688.194
690.099,688.191
690.101,688.194
690.094,688.182
690.093,688.181
690.092,688.179
690.091,688.177
690.090,688.176
690.097,688.188
690.096,688.186
690.095,688.184
690.094,688.182
690.092,688.180
690.076,688.153
690.077,688.154
690.077,688.154
690.078,688.155
690.078,688.156
690.087,688.170
690.086,688.169
690.086,688.169
690.086,688.168
690.085,688.168
690.085,688.167
690.088,688.172
690.091,688.177
690.090,688.175
690.089,688.174
690.088,688.173
690.083,688.164
690.083,688.164
690.083,688.163
690.083,688.163
690.083,688.163
690.083,688.163
690.083,688.163
690.083,688.163
690.083,688.163
690.083,688.163
690.083,688.163
690.074,688.149
690.075,688.151
690.076,688.152
690.076,688.153
690.077,688.154
690.078,688.155
690.078,688.155
690.078,688.156
690.071,688.143
690.064,688.131
690.069,688.140
690.070,688.142
690.071,688.144
690.072,688.145
690.073,688.147
690.069,688.140
690.073,688.148
690.074,688.149
690.067,688.137
690.068,688.139
690.070,688.141
690.074,688.149
690.070,688.142
690.071,688.144
690.072,688.145
690.073,688.147
690.074,688.149
690.075,688.150
690.067,688.138
690.069,688.140
690.070,688.142
690.063,688.130
690.065,688.134
690.067,688.136
690.068,688.139
690.061,688.127
690.067,688.136
690.060,688.125
690.062,688.129
690.056,688.118
690.058,688.122
690.061,688.126
690.055,688.116
690.049,688.107
690.044,688.099
690.043,688.096
690.039,688.089
690.043,688.096
690.039,688.089
690.043,688.096
690.047,688.102
690.042,688.094
690.046,688.101
690.041,688.093
690.045,688.100
690.049,688.106
690.052,688.111
690.055,688.116
690.057,688.120
690.060,688.124
690.062,688.128
690.064,688.131
690.066,688.134
690.062,688.129
690.056,688.118
690.059,688.123
690.053,688.113
690.048,688.104
690.051,688.110
690.054,688.115
690.048,688.105
690.052,688.111
690.047,688.102
690.053,688.113
690.056,688.118
690.058,688.122
690.053,688.112
690.055,688.117
690.058,688.121
690.052,688.112
690.055,688.117
690.050,688.107
690.045,688.099
690.048,688.105
690.055,688.116
690.049,688.107
690.039,688.090
690.035,688.083
690.032,688.077
690.029,688.072
690.034,688.081
690.033,688.080
690.030,688.074
690.027,688.069
690.032,688.078
690.029,688.072
690.026,688.067
690.023,688.063
690.021,688.059
690.014,688.046
690.012,688.044
690.019,688.055
690.020,688.057
690.018,688.053
690.016,688.050
690.014,688.047
690.013,688.045
690.019,688.056
690.017,688.052
690.018,688.055
690.024,688.065
690.022,688.061
690.020,688.057
690.018,688.053
690.024,688.064
690.021,688.059
690.019,688.056
690.025,688.066
690.030,688.075
690.030,688.075
690.027,688.070
690.024,688.065
690.030,688.074
690.027,688.069
690.027,688.070
690.032,688.078
690.029,688.073
690.026,688.068
690.023,688.063
690.029,688.073
690.034,688.081
690.034,688.081
690.038,688.089
690.043,688.096
690.038,688.088
690.042,688.095
690.038,688.088
690.034,688.082
690.034,688.081
690.031,688.075
690.035,688.084
690.032,688.077
690.029,688.072
690.029,688.072
690.026,688.067
690.023,688.063
690.021,688.059
690.018,688.055
690.025,688.065
690.030,688.074
690.022,688.061
690.028,688.071
690.028,688.071
690.025,688.066
690.023,688.062
690.020,688.058
690.026,688.068
690.023,688.063
690.021,688.059
690.019,688.055
690.025,688.065
690.022,688.061
690.020,688.057
690.018,688.054
690.016,688.050
690.014,688.047
690.013,688.045
690.011,688.042
690.013,688.045
690.020,688.057
690.017,688.053
690.024,688.063
690.021,688.059
690.019,688.055
690.017,688.052
690.015,688.049
690.013,688.046
690.012,688.044
690.014,688.047
690.020,688.058
690.018,688.054
690.024,688.064
690.022,688.060
690.027,688.070
690.028,688.070
690.025,688.066
690.025,688.066
690.031,688.076
690.028,688.070
690.025,688.065
690.022,688.061
690.015,688.049
690.013,688.046
690.012,688.043
690.010,688.041
690.009,688.039
690.008,688.037
690.007,688.036
690.006,688.034
690.005,688.033
690.005,688.031
690.004,688.030
690.003,688.029
690.011,688.042
690.013,688.045
690.011,688.043
690.010,688.040
690.009,688.039
690.008,688.037
690.010,688.040
690.017,688.052
690.015,688.049
690.013,688.046
690.012,688.044
690.010,688.041
690.009,688.039
690.008,688.037
690.007,688.036
690.006,688.034
690.005,688.033
690.005,688.031
690.004,688.030
690.003,688.029
690.003,688.028
690.002,688.027
690.002,688.027
690.010,688.040
690.008,688.038
690.007,688.036
690.006,688.034
690.006,688.033
690.013,688.045
690.011,688.043
690.010,688.041
690.009,688.039
690.000,688.023
690.000,688.023
689.999,688.022
689.994,688.014
689.995,688.014
689.995,688.015
689.995,688.015
689.995,688.016
689.996,688.016
689.996,688.016
689.996,688.017
689.988,688.003
689.984,687.997
689.985,687.999
689.986,688.001
689.987,688.002
689.984,687.996
689.977,687.984
689.971,687.974
689.973,687.978
689.976,687.982
689.978,687.986
689.980,687.989
689.981,687.992
689.983,687.994
689.984,687.997
689.985,687.999
689.990,688.006
689.990,688.007
689.991,688.009
689.992,688.010
689.992,688.011
689.985,687.998
689.978,687.986
689.980,687.989
689.982,687.992
689.983,687.995
689.984,687.997
689.978,687.986
689.980,687.989
689.973,687.978
689.976,687.982
689.970,687.972
689.972,687.977
689.970,687.972
689.972,687.977
689.975,687.981
689.969,687.971
689.972,687.976
689.974,687.980
689.976,687.984
689.978,687.987
689.980,687.990
689.974,687.979
689.976,687.983
689.978,687.987
689.983,687.995
689.984,687.997
689.986,687.999
689.987,688.001
689.988,688.003
689.981,687.991
689.974,687.980
689.976,687.984
689.970,687.974
689.973,687.978
689.967,687.968
689.970,687.973
689.973,687.977
689.975,687.981
689.977,687.985
689.979,687.988
689.976,687.983
689.978,687.987
689.980,687.990
689.982,687.992
689.983,687.995
689.976,687.984
689.978,687.987
689.972,687.977
689.978,687.986
689.980,687.989
689.981,687.992
689.983,687.995
689.984,687.997
689.978,687.986
689.979,687.989
689.981,687.992
689.975,687.981
689.977,687.984
689.971,687.974
689.973,687.979
689.968,687.969
689.970,687.974
689.965,687.964
689.960,687.956
689.964,687.962
689.959,687.954
689.954,687.947
689.958,687.953
689.957,687.951
689.953,687.944
689.957,687.951
689.961,687.958
689.957,687.950
689.960,687.957
689.956,687.949
689.960,687.956
689.964,687.962
689.959,687.954
689.954,687.946
689.950,687.940
689.947,687.934
689.952,687.942
689.948,687.936
689.948,687.935
689.953,687.943
689.957,687.951
689.961,687.957
689.956,687.950
689.952,687.943
689.948,687.936
689.953,687.944
689.957,687.951
689.953,687.944
689.949,687.938
689.946,687.932
689.946,687.932
689.943,687.927
689.940,687.922
689.937,687.918
689.935,687.914
689.933,687.910
689.939,687.921
689.937,687.916
689.934,687.912
689.940,687.923
689.938,687.918
689.937,687.917
689.934,687.913
689.935,687.915
689.941,687.925
689.939,687.920
689.936,687.916
689.934,687.912
689.932,687.909
689.930,687.906
689.929,687.903
689.935,687.914
689.933,687.910
689.931,687.907
689.929,687.904
689.928,687.902
689.926,687.899
689.925,687.897
689.932,687.909
689.930,687.906
689.929,687.903
689.927,687.900
689.926,687.898
689.928,687.901
689.926,687.899
689.925,687.897
689.894,687.844
689.896,687.847
689.889,687.836
689.891,687.840
689.893,687.843
689.895,687.847
689.897,687.849
689.898,687.852
689.900,687.854
689.893,687.843
689.898,687.851
689.899,687.854
689.901,687.856
689.902,687.858
689.895,687.846
689.897,687.849
689.898,687.851
689.899,687.854
689.896,687.848
689.901,687.856
689.902,687.858
689.903,687.859
689.904,687.861
689.905,687.862
689.905,687.864
689.906,687.865
689.902,687.858
689.903,687.859
689.896,687.847
689.889,687.836
689.892,687.840
689.894,687.844
689.895,687.847
689.897,687.850
689.891,687.839
689.885,687.829
689.879,687.819
689.874,687.811
689.870,687.804
689.869,687.802
689.865,687.796
689.865,687.795
689.861,687.789
689.861,687.789
689.861,687.789
689.866,687.797
689.871,687.805
689.875,687.812
689.870,687.804
689.874,687.811
689.878,687.817
689.873,687.809
689.877,687.816
689.880,687.821
689.883,687.827
689.878,687.818
689.873,687.810
689.877,687.816
689.881,687.822
689.876,687.813
689.879,687.819
689.882,687.825
689.885,687.830
689.880,687.821
689.883,687.826
689.881,687.822
689.884,687.827
689.887,687.832
689.889,687.836
689.891,687.840
689.885,687.830
689.888,687.834
689.890,687.838
689.893,687.842
689.894,687.845
689.888,687.835
689.882,687.825
689.885,687.830
689.888,687.834
689.882,687.825
689.877,687.816
689.872,687.808
689.868,687.801
689.873,687.808
689.880,687.820
689.875,687.812
689.870,687.804
689.869,687.803
689.873,687.810
689.869,687.802
689.865,687.796
689.870,687.803
689.874,687.810
689.869,687.803
689.866,687.796
689.870,687.804
689.866,687.797
689.862,687.791
689.867,687.799
689.872,687.807
689.867,687.800
689.864,687.793
689.868,687.801
689.865,687.795
689.869,687.803
689.865,687.796
689.862,687.790
689.867,687.798
689.863,687.792
689.860,687.786
689.865,687.795
689.861,687.789
689.866,687.797
689.866,687.797
689.870,687.804
689.869,687.803
689.873,687.810
689.869,687.802
689.865,687.796
689.862,687.790
689.858,687.784
689.856,687.780
689.861,687.789
689.866,687.797
689.862,687.791
689.867,687.799
689.872,687.806
689.867,687.799
689.864,687.793
689.868,687.801
689.873,687.808
689.876,687.815
689.872,687.807
689.868,687.800
689.872,687.807
689.876,687.814
689.871,687.806
689.875,687.813
689.871,687.805
689.875,687.812
689.878,687.818
689.874,687.810
689.877,687.816
689.873,687.808
689.868,687.801
689.865,687.795
689.861,687.789
689.858,687.784
689.855,687.779
689.861,687.788
689.857,687.783
689.863,687.792
689.867,687.800
689.872,687.807
689.868,687.800
689.872,687.807
689.868,687.800
689.872,687.807
689.876,687.814
689.871,687.806
689.867,687.799
689.872,687.807
689.867,687.800
689.864,687.793
689.868,687.801
689.865,687.795
689.861,687.789
689.858,687.784
689.855,687.779
689.861,687.788
689.857,687.783
689.850,687.770
689.856,687.780
689.853,687.775
689.859,687.785
689.856,687.780
689.853,687.776
689.851,687.771
689.857,687.781
689.854,687.777
689.852,687.773
689.849,687.769
689.847,687.765
689.845,687.762
689.844,687.760
689.842,687.757
689.841,687.755
689.840,687.753
689.839,687.751
689.838,687.749
689.837,687.748
689.836,687.746
689.835,687.745
689.838,687.749
689.837,687.748
689.828,687.733
689.836,687.746
689.835,687.745
689.835,687.744
689.834,687.743
689.833,687.742
689.833,687.741
689.841,687.754
689.847,687.766
689.846,687.763
689.844,687.760
689.842,687.757
689.841,687.755
689.840,687.753
689.839,687.751
689.838,687.749
689.837,687.748
689.844,687.760
689.838,687.749
689.837,687.748
689.836,687.746
689.835,687.745
689.843,687.757
689.841,687.755
689.840,687.753
689.839,687.751
689.838,687.749
689.837,687.748
689.836,687.746
689.835,687.745
689.835,687.744
689.834,687.743
689.833,687.742
689.841,687.755
689.840,687.753
689.839,687.751
689.838,687.749
689.837,687.748
689.836,687.746
689.835,687.745
689.834,687.744
689.842,687.756
689.841,687.754
689.839,687.752
689.838,687.750
689.837,687.749
689.836,687.747
689.836,687.746
689.835,687.745
689.842,687.757
689.841,687.755
689.840,687.753
689.839,687.751
689.838,687.749
689.837,687.748
689.836,687.746
689.835,687.745
689.826,687.730
689.827,687.731
689.827,687.731
689.827,687.731
689.827,687.731
689.830,687.737
689.830,687.736
689.833,687.741
689.832,687.740
689.832,687.740
689.832,687.739
689.831,687.738
689.831,687.738
689.831,687.737
689.830,687.737
689.830,687.737
689.830,687.736
689.830,687.736
689.830,687.736
689.830,687.735
689.829,687.735
689.837,687.749
689.845,687.761
689.843,687.758
689.842,687.756
689.848,687.767
689.838,687.750
689.837,687.749
689.836,687.747
689.844,687.760
689.842,687.757
689.841,687.755
689.840,687.753
689.839,687.751
689.838,687.749
689.837,687.748
689.836,687.746
689.835,687.745
689.834,687.744
689.834,687.743
689.833,687.742
689.833,687.741
689.832,687.740
689.832,687.740
689.824,687.725
689.824,687.726
689.824,687.727
689.825,687.727
689.825,687.728
689.817,687.715
689.818,687.717
689.819,687.718
689.820,687.719
689.821,687.721
689.821,687.722
689.822,687.723
689.823,687.724
689.823,687.725
689.827,687.731
689.827,687.731
689.827,687.731
689.819,687.718
689.828,687.733
689.828,687.733
689.831,687.738
689.831,687.738
689.831,687.737
689.822,687.723
689.823,687.724
689.831,687.738
689.831,687.738
689.831,687.737
689.830,687.737
689.830,687.737
689.838,687.750
689.837,687.748
689.836,687.747
689.835,687.745
689.835,687.744
689.834,687.743
689.842,687.756
689.840,687.754
689.839,687.752
689.846,687.764
689.844,687.761
689.843,687.758
689.841,687.756
689.848,687.767
689.846,687.764
689.845,687.761
689.843,687.758
689.850,687.770
689.848,687.766
689.846,687.763
689.844,687.760
689.843,687.757
689.841,687.755
689.840,687.753
689.839,687.751
689.838,687.749
689.837,687.748
689.836,687.746
689.835,687.745
689.835,687.744
689.834,687.743
689.833,687.742
689.833,687.741
689.832,687.740
689.840,687.753
689.839,687.751
689.833,687.741
689.832,687.740
689.832,687.740
689.832,687.739
689.831,687.738
689.831,687.738
689.831,687.737
689.830,687.737
689.830,687.737
689.830,687.736
689.830,687.736
689.830,687.736
689.830,687.735
689.829,687.735
689.829,687.735
689.829,687.735
689.829,687.735
689.824,687.726
689.824,687.727
689.825,687.727
689.825,687.728
689.825,687.728
689.818,687.715
689.818,687.717
689.819,687.718
689.820,687.720
689.821,687.721
689.822,687.722
689.814,687.710
689.807,687.698
689.809,687.702
689.811,687.705
689.805,687.694
689.807,687.697
689.801,687.687
689.795,687.678
689.799,687.683
689.801,687.688
689.804,687.692
689.806,687.696
689.808,687.700
689.810,687.703
689.812,687.706
689.813,687.708
689.815,687.711
689.816,687.713
689.809,687.701
689.803,687.691
689.805,687.695
689.807,687.698
689.809,687.701
689.803,687.691
689.797,687.681
689.792,687.673
689.796,687.678
689.799,687.683
689.794,687.675
689.797,687.680
689.800,687.685
689.798,687.681
689.800,687.686
689.795,687.677
689.790,687.669
689.782,687.655
689.786,687.663
689.782,687.656
689.779,687.650
689.775,687.644
689.772,687.639
689.770,687.634
689.775,687.643
689.780,687.652
689.777,687.646
689.773,687.641
689.779,687.650
689.775,687.644
689.772,687.639
689.778,687.648
689.774,687.642
689.771,687.637
689.777,687.646
689.774,687.641
689.771,687.636
689.768,687.632
689.766,687.628
689.772,687.638
689.769,687.633
689.767,687.629
689.773,687.641
689.779,687.649
689.775,687.644
689.772,687.639
689.777,687.647
689.782,687.656
689.779,687.649
689.775,687.644
689.772,687.639
689.777,687.647
689.782,687.656
689.779,687.649
689.775,687.644
689.772,687.639
689.769,687.634
689.775,687.643
689.772,687.638
689.769,687.634
689.775,687.643
689.772,687.638
689.769,687.633
689.767,687.629
689.765,687.626
689.771,687.636
689.768,687.632
689.764,687.625
689.762,687.622
689.760,687.619
689.759,687.616
689.757,687.614
689.756,687.611
689.755,687.609
689.754,687.607
689.753,687.606
689.752,687.604
689.751,687.603
689.750,687.602
689.750,687.600
689.749,687.599
689.748,687.598
689.748,687.598
689.748,687.597
689.747,687.596
689.747,687.596
689.747,687.595
689.746,687.595
689.746,687.594
689.746,687.594
689.745,687.593
689.745,687.593
689.739,687.582
689.739,687.583
689.740,687.584
689.740,687.584
689.740,687.585
689.741,687.585
689.741,687.586
689.741,687.586
689.733,687.573
689.734,687.574
689.735,687.576
689.736,687.577
689.737,687.578
689.737,687.580
689.738,687.581
689.738,687.581
689.739,687.582
689.739,687.583
689.740,687.584
689.740,687.584
689.737,687.580
689.738,687.581
689.738,687.582
689.739,687.582
689.739,687.583
689.731,687.569
689.732,687.571
689.733,687.573
689.734,687.574
689.735,687.576
689.736,687.577
689.737,687.578
689.737,687.580
689.738,687.581
689.730,687.568
689.732,687.570
689.725,687.558
689.726,687.561
689.728,687.564
689.729,687.566
689.731,687.569
689.732,687.571
689.733,687.573
689.734,687.574
689.727,687.562
689.729,687.565
689.722,687.554
689.724,687.557
689.726,687.560
689.727,687.563
689.729,687.565
689.730,687.568
689.724,687.556
689.725,687.560
689.719,687.549
689.713,687.539
689.716,687.544
689.719,687.548
689.721,687.552
689.723,687.556
689.725,687.559
689.727,687.562
689.728,687.565
689.730,687.567
689.728,687.564
689.721,687.553
689.724,687.556
689.725,687.560
689.727,687.562
689.729,687.565
689.722,687.554
689.716,687.544
689.711,687.534
689.714,687.540
689.708,687.531
689.704,687.523
689.707,687.529
689.703,687.521
689.707,687.528
689.702,687.520
689.698,687.513
689.694,687.507
689.691,687.501
689.688,687.496
689.685,687.491
689.683,687.487
689.688,687.497
689.694,687.506
689.698,687.514
689.703,687.521
689.707,687.528
689.702,687.520
689.698,687.513
689.702,687.520
689.706,687.527
689.710,687.533
689.713,687.538
689.716,687.543
689.710,687.534
689.714,687.539
689.708,687.531
689.712,687.536
689.707,687.528
689.710,687.534
689.713,687.539
689.716,687.544
689.719,687.548
689.713,687.538
689.708,687.530
689.711,687.535
689.714,687.541
689.717,687.545
689.711,687.536
689.714,687.541
689.709,687.532
689.704,687.524
689.700,687.517
689.704,687.524
689.708,687.530
689.703,687.522
689.699,687.515
689.703,687.522
689.707,687.528
689.711,687.534
689.714,687.540
689.716,687.544
689.711,687.535
689.714,687.540
689.717,687.545
689.719,687.549
689.714,687.539
689.716,687.544
689.711,687.535
689.706,687.527
689.709,687.533
689.705,687.524
689.700,687.517
689.704,687.524
689.708,687.530
689.706,687.528
689.702,687.520
689.698,687.513
689.694,687.507
689.691,687.501
689.696,687.509
689.700,687.517
689.704,687.524
689.700,687.517
689.704,687.524
689.700,687.516
689.704,687.523
689.708,687.530
689.703,687.522
689.707,687.528
689.702,687.521
689.706,687.527
689.702,687.519
689.698,687.513
689.702,687.520
689.698,687.513
689.694,687.507
689.691,687.501
689.688,687.496
689.685,687.491
689.690,687.501
689.687,687.495
689.693,687.504
689.690,687.499
689.695,687.508
689.691,687.502
689.688,687.496
689.685,687.492
689.683,687.487
689.680,687.483
689.678,687.480
689.685,687.490
689.682,687.486
689.680,687.482
689.678,687.479
689.684,687.490
689.682,687.485
689.679,687.482
689.677,687.478
689.676,687.475
689.674,687.473
689.673,687.470
689.679,687.482
689.677,687.478
689.676,687.475
689.682,687.486
689.688,687.496
689.685,687.491
689.691,687.501
689.696,687.509
689.700,687.517
689.693,687.505
689.690,687.499
689.687,687.494
689.692,687.503
689.697,687.512
689.693,687.505
689.690,687.500
689.695,687.508
689.692,687.503
689.689,687.497
689.694,687.506
689.690,687.500
689.695,687.509
689.692,687.503
689.689,687.498
689.694,687.506
689.691,687.501
689.688,687.496
689.685,687.491
689.682,687.487
689.680,687.483
689.678,687.480
689.676,687.476
689.683,687.487
689.680,687.483
689.686,687.494
689.684,687.489
689.681,687.485
689.687,687.495
689.685,687.491
689.690,687.500
689.695,687.509
689.692,687.503
689.697,687.511
689.693,687.505
689.698,687.513
689.702,687.520
689.706,687.527
689.702,687.519
689.702,687.521
689.698,687.514
689.695,687.507
689.699,687.515
689.703,687.522
689.707,687.529
689.703,687.521
689.698,687.514
689.703,687.521
689.698,687.514
689.703,687.521
689.698,687.514
689.695,687.508
689.691,687.502
689.688,687.497
689.685,687.492
689.683,687.488
689.689,687.497
689.694,687.506
689.698,687.514
689.695,687.508
689.699,687.515
689.704,687.523
689.699,687.515
689.703,687.522
689.699,687.515
689.695,687.509
689.692,687.503
689.689,687.498
689.694,687.506
689.691,687.501
689.696,687.509
689.692,687.503
689.686,687.493
689.683,687.488
689.681,687.484
689.679,687.481
689.677,687.478
689.683,687.488
689.681,687.484
689.687,687.494
689.684,687.490
689.690,687.499
689.687,687.494
689.684,687.490
689.682,687.486
689.688,687.495
689.690,687.499
689.687,687.494
689.684,687.490
689.690,687.499
689.687,687.494
689.684,687.490
689.682,687.486
689.679,687.482
689.686,687.492
689.691,687.501
689.688,687.496
689.690,687.500
689.687,687.495
689.684,687.490
689.682,687.486
689.688,687.496
689.685,687.491
689.683,687.487
689.680,687.483
689.678,687.480
689.676,687.477
689.675,687.474
689.681,687.485
689.679,687.481
689.677,687.478
689.675,687.475
689.682,687.486
689.688,687.496
689.685,687.491
689.682,687.487
689.680,687.483
689.683,687.488
689.681,687.484
689.679,687.480
689.677,687.477
689.675,687.474
689.673,687.472
689.672,687.469
689.671,687.467
689.670,687.465
689.677,687.477
689.683,687.488
689.686,687.492
689.683,687.488
689.681,687.484
689.679,687.480
689.677,687.477
689.683,687.488
689.673,687.470
689.663,687.455
689.655,687.440
689.655,687.441
689.656,687.441
689.656,687.442
689.656,687.442
689.656,687.443
689.657,687.443
689.657,687.443
689.657,687.444
689.657,687.444
689.657,687.444
689.657,687.444
689.657,687.445
689.658,687.445
689.658,687.445
689.658,687.445
689.666,687.459
689.665,687.458
689.673,687.470
689.679,687.482
689.677,687.478
689.676,687.475
689.674,687.473
689.673,687.470
689.671,687.468
689.678,687.480
689.676,687.476
689.675,687.474
689.673,687.471
689.672,687.469
689.670,687.467
689.677,687.478
689.676,687.475
689.674,687.473
689.673,687.470
689.671,687.468
689.670,687.466
689.669,687.464
689.660,687.449
689.652,687.435
689.652,687.436
689.653,687.437
689.654,687.438
689.646,687.425
689.647,687.427
689.645,687.424
689.646,687.426
689.648,687.428
689.649,687.430
689.650,687.431
689.650,687.433
689.648,687.429
689.649,687.431
689.650,687.432
689.651,687.433
689.652,687.435
689.652,687.436
689.653,687.437
689.653,687.438
689.654,687.439
689.654,687.439
689.655,687.440
689.655,687.441
689.655,687.441
689.648,687.428
689.649,687.430
689.650,687.431
689.651,687.433
689.659,687.448
689.651,687.434
689.649,687.430
689.658,687.445
689.658,687.445
689.658,687.446
689.658,687.446
689.658,687.446
689.658,687.446
689.658,687.446
689.658,687.446
689.658,687.446
689.658,687.446
689.658,687.446
689.658,687.446
689.658,687.446
689.650,687.433
689.651,687.434
689.652,687.435
689.653,687.436
689.653,687.437
689.654,687.438
689.654,687.439
689.655,687.440
689.655,687.440
689.647,687.427
689.606,687.358
689.603,687.353
689.600,687.348
689.598,687.344
689.604,687.354
689.601,687.349
689.598,687.345
689.604,687.354
689.609,687.363
689.606,687.358
689.608,687.361
689.610,687.364
689.606,687.358
689.611,687.367
689.616,687.374
689.620,687.381
689.623,687.387
689.627,687.393
689.630,687.398
689.633,687.403
689.635,687.407
689.637,687.411
689.639,687.414
689.641,687.417
689.643,687.420
689.629,687.396
689.632,687.401
689.626,687.392
689.621,687.384
689.625,687.390
689.620,687.381
689.624,687.388
689.627,687.393
689.622,687.385
689.625,687.391
689.625,687.391
689.626,687.391
689.626,687.391
689.621,687.383
689.624,687.389
689.620,687.381
689.623,687.387
689.619,687.379
689.614,687.372
689.610,687.365
689.607,687.359
689.612,687.368
689.613,687.370
689.614,687.372
689.616,687.374
689.617,687.376
689.621,687.383
689.617,687.375
689.621,687.382
689.624,687.388
689.627,687.394
689.630,687.399
689.625,687.390
689.620,687.382
689.624,687.388
689.627,687.393
689.630,687.398
689.633,687.403
689.635,687.407
689.637,687.411
689.639,687.414
689.641,687.417
689.635,687.407
689.637,687.410
689.639,687.414
689.633,687.403
689.627,687.394
689.622,687.385
689.618,687.377
689.622,687.384
689.625,687.390
689.620,687.382
689.616,687.374
689.612,687.368
689.616,687.375
689.612,687.368
689.609,687.362
689.613,687.370
689.610,687.364
689.614,687.372
689.610,687.365
689.607,687.359
689.604,687.354
689.601,687.349
689.607,687.359
689.603,687.353
689.609,687.362
689.605,687.357
689.610,687.365
689.607,687.359
689.604,687.354
689.609,687.363
689.606,687.357
689.611,687.366
689.607,687.360
689.612,687.368
689.613,687.370
689.610,687.364
689.614,687.372
689.619,687.379
689.614,687.372
689.610,687.365
689.607,687.359
689.612,687.368
689.616,687.375
689.620,687.382
689.616,687.375
689.612,687.368
689.608,687.362
689.605,687.356
689.602,687.351
689.599,687.347
689.597,687.342
689.603,687.352
689.600,687.348
689.598,687.344
689.595,687.340
689.593,687.336
689.591,687.333
689.590,687.330
689.588,687.328
689.595,687.339
689.598,687.344
689.596,687.340
689.594,687.337
689.600,687.347
689.605,687.357
689.602,687.352
689.608,687.361
689.613,687.369
689.609,687.363
689.606,687.357
689.611,687.366
689.607,687.360
689.604,687.354
689.601,687.350
689.599,687.345
689.604,687.355
689.610,687.364
689.606,687.358
689.603,687.353
689.600,687.348
689.598,687.344
689.596,687.340
689.594,687.337
689.592,687.334
689.587,687.325
689.586,687.323
689.585,687.322
689.584,687.320
689.583,687.318
689.582,687.317
689.581,687.316
689.580,687.314
689.580,687.313
689.584,687.321
689.588,687.328
689.587,687.325
689.586,687.323
689.585,687.321
689.584,687.320
689.583,687.318
689.582,687.317
689.581,687.316
689.580,687.314
689.580,687.313
689.579,687.312
689.579,687.312
689.586,687.325
689.593,687.336
689.591,687.333
689.590,687.330
689.588,687.328
689.587,687.325
689.594,687.337
689.600,687.347
689.606,687.357
689.603,687.352
689.600,687.347
689.597,687.343
689.595,687.339
689.590,687.331
689.589,687.328
689.587,687.326
689.586,687.324
689.585,687.322
689.592,687.334
689.590,687.331
689.589,687.328
689.592,687.334
689.598,687.345
689.596,687.341
689.602,687.351
689.599,687.347
689.597,687.342
689.595,687.339
689.593,687.335
689.599,687.346
689.597,687.342
689.595,687.338
689.593,687.335
689.591,687.332
689.597,687.343
689.595,687.339
689.593,687.336
689.591,687.333
689.590,687.330
689.596,687.341
689.591,687.332
689.594,687.338
689.592,687.335
689.591,687.332
689.589,687.329
689.588,687.327
689.586,687.325
689.585,687.323
689.584,687.321
689.583,687.319
689.582,687.318
689.586,687.325
689.582,687.318
689.586,687.325
689.585,687.323
689.584,687.321
689.591,687.333
689.590,687.330
689.588,687.328
689.587,687.325
689.586,687.323
689.584,687.321
689.583,687.320
689.583,687.318
689.582,687.317
689.581,687.316
689.588,687.328
689.587,687.326
689.586,687.324
689.593,687.335
689.591,687.332
689.589,687.330
689.588,687.327
689.587,687.325
689.577,687.309
689.577,687.309
689.569,687.295
689.569,687.295
689.570,687.296
689.570,687.297
689.570,687.298
689.579,687.312
689.578,687.311
689.578,687.310
689.578,687.310
689.577,687.309
689.577,687.308
689.577,687.308
689.576,687.308
689.576,687.307
689.576,687.307
689.576,687.307
689.576,687.306
689.575,687.306
689.567,687.292
689.573,687.302
689.573,687.302
689.565,687.288
689.566,687.290
689.567,687.291
689.564,687.287
689.562,687.284
689.560,687.280
689.562,687.283
689.555,687.271
689.556,687.274
689.558,687.277
689.560,687.279
689.561,687.282
689.562,687.284
689.563,687.286
689.564,687.287
689.565,687.289
689.558,687.277
689.557,687.274
689.558,687.277
689.560,687.279
689.561,687.282
689.562,687.284
689.563,687.286
689.564,687.287
689.565,687.289
689.563,687.285
689.564,687.287
689.565,687.289
689.566,687.290
689.567,687.291
689.567,687.292
689.568,687.293
689.560,687.281
689.562,687.283
689.563,687.285
689.564,687.287
689.565,687.288
689.566,687.290
689.567,687.291
689.567,687.292
689.568,687.293
689.560,687.281
689.562,687.283
689.555,687.271
689.557,687.274
689.550,687.263
689.552,687.267
689.555,687.271
689.548,687.260
689.543,687.251
689.538,687.242
689.538,687.243
689.541,687.249
689.545,687.254
689.547,687.259
689.542,687.249
689.545,687.254
689.540,687.245
689.543,687.251
689.538,687.242
689.541,687.248
689.544,687.253
689.547,687.258
689.550,687.263
689.552,687.266
689.546,687.256
689.554,687.269
689.556,687.273
689.557,687.276
689.551,687.265
689.553,687.268
689.552,687.267
689.554,687.270
689.556,687.273
689.550,687.263
689.552,687.266
689.554,687.270
689.556,687.273
689.550,687.262
689.544,687.253
689.539,687.244
689.542,687.250
689.545,687.255
689.548,687.259
689.542,687.250
689.545,687.255
689.540,687.246
689.535,687.238
689.539,687.244
689.534,687.236
689.538,687.243
689.538,687.243
689.542,687.249
689.545,687.254
689.548,687.259
689.542,687.250
689.542,687.250
689.545,687.255
689.548,687.259
689.550,687.264
689.544,687.254
689.539,687.245
689.543,687.250
689.546,687.256
689.540,687.246
689.543,687.252
689.538,687.243
689.542,687.249
689.542,687.249
689.537,687.241
689.540,687.247
689.543,687.252
689.538,687.243
689.547,687.257
689.541,687.248
689.544,687.253
689.539,687.245
689.542,687.250
689.545,687.255
689.540,687.246
689.543,687.252
689.538,687.243
689.534,687.235
689.534,687.237
689.530,687.229
689.534,687.236
689.538,687.243
689.538,687.243
689.542,687.249
689.537,687.241
689.532,687.233
689.528,687.226
689.532,687.233
689.536,687.240
689.540,687.246
689.543,687.252
689.546,687.257
689.549,687.261
689.551,687.265
689.553,687.269
689.552,687.267
689.546,687.257
689.549,687.261
689.543,687.252
689.543,687.251
689.538,687.243
689.541,687.249
689.536,687.240
689.532,687.233
689.528,687.226
689.532,687.233
689.536,687.240
689.532,687.232
689.536,687.239
689.539,687.245
689.537,687.242
689.533,687.234
689.529,687.227
689.533,687.234
689.537,687.241
689.540,687.247
689.536,687.239
689.531,687.231
689.535,687.238
689.531,687.231
689.527,687.224
689.523,687.218
689.528,687.226
689.524,687.220
689.529,687.228
689.522,687.216
689.527,687.225
689.524,687.218
689.528,687.227
689.525,687.220
689.529,687.228
689.523,687.217
689.527,687.225
689.524,687.219
689.529,687.227
689.530,687.229
689.534,687.236
689.527,687.224
689.523,687.218
689.520,687.212
689.517,687.207
689.522,687.216
689.527,687.225
689.524,687.219
689.528,687.227
689.530,687.229
689.526,687.222
689.530,687.230
689.535,687.237
689.538,687.243
689.534,687.236
689.529,687.228
689.534,687.236
689.529,687.228
689.534,687.236
689.538,687.242
689.541,687.248
689.536,687.240
689.532,687.232
689.528,687.225
689.504,687.185
689.503,687.183
689.501,687.181
689.500,687.179
689.499,687.177
689.495,687.170
689.495,687.169
689.502,687.182
689.509,687.194
689.507,687.190
689.505,687.188
689.504,687.185
689.499,687.178
689.506,687.190
689.505,687.187
689.511,687.198
689.517,687.208
689.515,687.203
689.512,687.199
689.518,687.209
689.520,687.213
689.517,687.208
689.515,687.203
689.512,687.199
689.510,687.196
689.508,687.192
689.506,687.189
689.505,687.187
689.503,687.184
689.502,687.182
689.501,687.180
689.497,687.173
689.496,687.172
689.495,687.171
689.495,687.170
689.499,687.177
689.498,687.176
689.497,687.174
689.502,687.181
689.508,687.193
689.507,687.190
689.505,687.187
689.512,687.198
689.509,687.194
689.508,687.191
689.506,687.188
689.504,687.186
689.503,687.183
689.502,687.181
689.508,687.193
689.515,687.203
689.512,687.199
689.510,687.195
689.508,687.192
689.506,687.189
689.505,687.186
689.503,687.184
689.502,687.182
689.501,687.180
689.500,687.178
689.507,687.190
689.505,687.187
689.503,687.184
689.502,687.182
689.501,687.180
689.500,687.178
689.499,687.177
689.498,687.175
689.489,687.160
689.489,687.160
689.489,687.160
689.494,687.169
689.494,687.168
689.493,687.167
689.501,687.180
689.505,687.187
689.503,687.184
689.502,687.182
689.498,687.175
689.497,687.173
689.496,687.172
689.495,687.171
689.495,687.170
689.494,687.169
689.494,687.168
689.493,687.167
689.493,687.167
689.493,687.166
689.492,687.166
689.489,687.160
689.489,687.160
689.489,687.160
689.489,687.160
689.489,687.160
689.497,687.174
689.496,687.172
689.496,687.171
689.495,687.170
689.495,687.169
689.494,687.168
689.494,687.168
689.493,687.167
689.493,687.166
689.492,687.166
689.492,687.165
689.492,687.165
689.489,687.159
689.489,687.159
689.489,687.159
689.489,687.160
689.489,687.160
689.481,687.146
689.479,687.142
689.480,687.144
689.481,687.146
689.481,687.147
689.482,687.148
689.483,687.149
689.483,687.151
689.484,687.151
689.484,687.152
689.485,687.153
689.485,687.154
689.491,687.163
689.483,687.149
689.483,687.150
689.484,687.151
689.484,687.152
689.477,687.139
689.475,687.136
689.468,687.125
689.470,687.128
689.464,687.118
689.458,687.108
689.469,687.127
689.471,687.130
689.470,687.128
689.464,687.117
689.458,687.108
689.461,687.113
689.456,687.104
689.459,687.109
689.459,687.109
689.462,687.114
689.464,687.118
689.467,687.122
689.469,687.126
689.471,687.129
689.473,687.132
689.474,687.135
689.476,687.137
689.477,687.139
689.478,687.141
689.476,687.138
689.477,687.140
689.470,687.129
689.469,687.126
689.471,687.130
689.473,687.133
689.474,687.135
689.476,687.138
689.477,687.140
689.470,687.128
689.472,687.131
689.474,687.134
689.472,687.131
689.466,687.121
689.460,687.111
689.455,687.102
689.458,687.108
689.461,687.113
689.464,687.117
689.466,687.121
689.468,687.125
689.470,687.128
689.464,687.118
689.466,687.122
689.469,687.126
689.463,687.115
689.457,687.106
689.460,687.111
689.463,687.116
689.462,687.115
689.465,687.119
689.467,687.123
689.461,687.113
689.456,687.104
689.459,687.109
689.462,687.114
689.465,687.119
689.459,687.109
689.462,687.114
689.456,687.105
689.459,687.110
689.459,687.110
689.462,687.115
689.462,687.114
689.456,687.105
689.459,687.110
689.462,687.115
689.465,687.119
689.467,687.123
689.469,687.127
689.471,687.130
689.465,687.119
689.464,687.118
689.466,687.122
689.469,687.126
689.468,687.124
689.462,687.114
689.464,687.118
689.464,687.117
689.458,687.107
689.458,687.107
689.461,687.112
689.464,687.117
689.455,687.102
689.450,687.094
689.454,687.101
689.449,687.093
689.453,687.099
689.453,687.100
689.449,687.092
689.445,687.085
689.446,687.087
689.442,687.080
689.446,687.088
689.447,687.090
689.451,687.096
689.447,687.089
689.443,687.082
689.439,687.076
689.436,687.070
689.438,687.074
689.443,687.082
689.447,687.089
689.448,687.091
689.452,687.098
689.453,687.099
689.448,687.091
689.444,687.084
689.445,687.086
689.441,687.079
689.446,687.087
689.447,687.089
689.451,687.096
689.455,687.102
689.458,687.108
689.461,687.113
689.456,687.104
689.459,687.109
689.462,687.114
689.464,687.118
689.467,687.122
689.469,687.126
689.471,687.129
689.473,687.132
689.474,687.135
689.476,687.137
689.469,687.126
689.463,687.116
689.465,687.120
689.468,687.124
689.470,687.127
689.471,687.130
689.473,687.133
689.467,687.122
689.469,687.126
689.471,687.129
689.464,687.119
689.459,687.109
689.454,687.100
689.449,687.092
689.445,687.085
689.449,687.092
689.445,687.085
689.438,687.074
689.443,687.082
689.444,687.084
689.440,687.078
689.437,687.072
689.434,687.067
689.431,687.062
689.429,687.058
689.434,687.068
689.432,687.063
689.429,687.059
689.427,687.055
689.433,687.065
689.430,687.060
689.428,687.056
689.425,687.053
689.423,687.049
689.422,687.046
689.428,687.057
689.426,687.053
689.424,687.050
689.422,687.047
689.428,687.058
689.426,687.054
689.432,687.064
689.430,687.060
689.432,687.064
689.430,687.060
689.427,687.056
689.425,687.052
689.423,687.049
689.421,687.046
689.428,687.057
689.423,687.048
689.429,687.058
689.427,687.054
689.424,687.051
689.423,687.048
689.421,687.045
689.419,687.042
689.423,687.048
689.429,687.059
689.427,687.055
689.425,687.051
689.423,687.048
689.421,687.045
689.420,687.043
689.418,687.040
689.417,687.038
689.424,687.050
689.427,687.055
689.425,687.052
689.428,687.057
689.426,687.053
689.424,687.050
689.422,687.047
689.428,687.057
689.423,687.049
689.421,687.046
689.420,687.043
689.418,687.040
689.417,687.038
689.416,687.036
689.415,687.035
689.419,687.041
689.417,687.039
689.424,687.051
689.422,687.047
689.421,687.045
689.419,687.042
689.418,687.040
689.425,687.051
689.423,687.048
689.421,687.045
689.419,687.042
689.418,687.040
689.417,687.038
689.416,687.036
689.423,687.048
689.429,687.059
689.427,687.055
689.422,687.046
689.420,687.043
689.418,687.041
689.414,687.033
689.413,687.032
689.412,687.031
689.412,687.029
689.411,687.028
689.418,687.041
689.417,687.039
689.421,687.045
689.419,687.042
689.418,687.040
689.417,687.038
689.416,687.036
689.415,687.034
689.414,687.033
689.421,687.045
689.416,687.037
689.415,687.035
689.414,687.034
689.413,687.032
689.417,687.039
689.416,687.037
689.423,687.049
689.430,687.059
689.427,687.055
689.425,687.052
689.423,687.049
689.421,687.046
689.420,687.043
689.418,687.040
689.417,687.038
689.416,687.036
689.407,687.021
689.407,687.021
689.403,687.015
689.403,687.015
689.412,687.029
689.411,687.028
689.415,687.036
689.414,687.034
689.413,687.032
689.399,687.009
689.400,687.010
689.408,687.024
689.416,687.037
689.415,687.035
689.411,687.028
689.418,687.041
689.417,687.039
689.416,687.037
689.415,687.035
689.414,687.033
689.421,687.045
689.417,687.037
689.415,687.036
689.414,687.034
689.413,687.032
689.413,687.031
689.412,687.030
689.411,687.028
689.411,687.027
689.410,687.027
689.410,687.026
689.414,687.033
689.413,687.032
689.420,687.044
689.395,687.001
689.396,687.003
689.397,687.004
689.397,687.005
689.398,687.006
689.399,687.007
689.399,687.008
689.400,687.009
689.400,687.010
689.401,687.011
689.401,687.011
689.406,687.020
689.406,687.020
689.398,687.006
689.399,687.007
689.396,687.003
689.397,687.004
689.398,687.006
689.398,687.007
689.399,687.008
689.400,687.009
689.400,687.010
689.397,687.005
689.398,687.006
689.396,687.002
689.379,686.974
689.373,686.964
689.376,686.969
689.379,686.974
689.381,686.978
689.384,686.982
689.386,686.985
689.387,686.988
689.386,686.986
689.388,686.989
689.389,686.992
689.391,686.994
689.384,686.983
689.386,686.986
689.380,686.975
689.382,686.979
689.381,686.978
689.383,686.982
689.377,686.971
689.380,686.976
689.382,686.980
689.385,686.983
689.386,686.987
689.380,686.976
689.387,686.988
689.389,686.991
689.391,686.994
689.392,686.996
689.385,686.984
689.379,686.974
689.381,686.978
689.384,686.982
689.386,686.985
689.387,686.988
689.389,686.991
689.391,686.994
689.392,686.996
689.385,686.984
689.379,686.974
689.381,686.978
689.384,686.982
689.386,686.985
689.379,686.975
689.379,686.974
689.381,686.978
689.372,686.963
689.367,686.954
689.363,686.947
689.364,686.948
689.368,686.955
689.360,686.942
689.356,686.936
689.358,686.938
689.362,686.946
689.363,686.948
689.359,686.941
689.360,686.943
689.365,686.950
689.368,686.956
689.364,686.948
689.360,686.941
689.356,686.935
689.352,686.929
689.357,686.938
689.354,686.932
689.356,686.935
689.360,686.942
689.361,686.944
689.357,686.938
689.359,686.940
689.355,686.934
689.349,686.923
689.354,686.932
689.359,686.940
689.360,686.942
689.356,686.936
689.358,686.939
689.354,686.932
689.348,686.922
689.353,686.931
689.355,686.934
689.352,686.928
689.349,686.923
689.354,686.932
689.351,686.927
689.356,686.935
689.353,686.930
689.350,686.924
689.347,686.920
689.352,686.929
689.357,686.937
689.362,686.945
689.366,686.952
689.361,686.944
689.357,686.938
689.354,686.932
689.351,686.926
689.348,686.921
689.350,686.925
689.355,686.934
689.360,686.942
689.356,686.936
689.350,686.925
689.355,686.933
689.352,686.928
689.349,686.923
689.354,686.932
689.356,686.935
689.352,686.929
689.354,686.932
689.351,686.927
689.353,686.930
689.358,686.939
689.359,686.941
689.356,686.935
689.360,686.942
689.353,686.931
689.350,686.926
689.347,686.921
689.345,686.916
689.347,686.921
689.345,686.916
689.339,686.907
689.346,686.918
689.343,686.914
689.338,686.905
689.336,686.902
689.340,686.908
689.338,686.905
689.336,686.902
689.335,686.899
689.333,686.897
689.337,686.903
689.335,686.900
689.334,686.898
689.341,686.909
689.339,686.906
689.337,686.903
689.335,686.900
689.334,686.898
689.333,686.896
689.331,686.893
689.330,686.892
689.329,686.890
689.328,686.889
689.328,686.887
689.332,686.894
689.331,686.892
689.330,686.891
689.334,686.898
689.332,686.895
689.331,686.893
689.330,686.892
689.337,686.903
689.336,686.901
689.334,686.898
689.330,686.891
689.329,686.889
689.336,686.902
689.332,686.894
689.330,686.892
689.329,686.890
689.329,686.889
689.328,686.887
689.335,686.900
689.334,686.897
689.332,686.895
689.331,686.893
689.330,686.891
689.329,686.890
689.328,686.888
689.327,686.887
689.327,686.886
689.326,686.885
689.325,686.884
689.325,686.883
689.329,686.890
689.329,686.889
689.328,686.887
689.327,686.886
689.326,686.885
689.326,686.884
689.325,686.883
689.317,686.869
689.322,686.878
689.322,686.877
689.327,686.886
689.334,686.898
689.330,686.891
689.329,686.889
689.328,686.888
689.327,686.887
689.327,686.885
689.334,686.898
689.333,686.896
689.328,686.889
689.328,686.887
689.327,686.886
689.331,686.893
689.330,686.892
689.334,686.898
689.333,686.896
689.332,686.894
689.331,686.892
689.330,686.890
689.329,686.889
689.328,686.887
689.327,686.886
689.326,686.885
689.326,686.884
689.325,686.883
689.325,686.882
689.321,686.876
689.321,686.876
689.321,686.876
689.321,686.876
689.321,686.876
689.321,686.876
689.321,686.876
689.329,686.889
689.328,686.888
689.332,686.895
689.331,686.893
689.330,686.891
689.329,686.889
689.328,686.888
689.327,686.887
689.327,686.886
689.326,686.884
689.322,686.878
689.322,686.878
689.322,686.878
689.327,686.886
689.326,686.885
689.326,686.884
689.325,686.883
689.324,686.882
689.329,686.890
689.328,686.888
689.327,686.887
689.324,686.881
689.323,686.880
689.323,686.879
689.323,686.879
689.322,686.879
689.322,686.878
689.322,686.878
689.327,686.886
689.326,686.885
689.326,686.884
689.322,686.878
689.322,686.877
689.322,686.877
689.321,686.877
689.321,686.877
689.321,686.876
689.321,686.876
689.321,686.876
689.329,686.889
689.328,686.888
689.332,686.895
689.331,686.893
689.330,686.891
689.329,686.890
689.328,686.888
689.327,686.887
689.327,686.886
689.326,686.885
689.325,686.884
689.325,686.883
689.321,686.877
689.321,686.877
689.321,686.876
689.321,686.876
689.321,686.876
689.321,686.876
689.326,686.884
689.325,686.883
689.325,686.882
689.324,686.882
689.324,686.881
689.323,686.880
689.323,686.880
689.323,686.879
689.320,686.874
689.320,686.874
689.317,686.869
689.317,686.869
689.317,686.870
689.317,686.870
689.318,686.870
689.318,686.871
689.318,686.871
689.318,686.872
689.318,686.872
689.319,686.872
689.316,686.867
689.316,686.868
689.317,686.869
689.317,686.869
689.317,686.870
689.317,686.870
689.318,686.870
689.318,686.871
689.318,686.871
689.318,686.871
689.318,686.872
689.316,686.867
689.316,686.868
689.316,686.868
689.317,686.869
689.317,686.869
689.314,686.865
689.315,686.866
689.315,686.866
689.321,686.876
689.321,686.876
689.321,686.876
689.321,686.875
689.329,686.889
689.328,686.887
689.327,686.886
689.323,686.880
689.323,686.880
689.323,686.879
689.319,686.873
689.320,686.874
689.320,686.874
689.320,686.874
689.320,686.874
689.325,686.882
689.324,686.882
689.324,686.881
689.323,686.880
689.323,686.880
689.323,686.879
689.323,686.879
689.322,686.878
689.319,686.873
689.319,686.873
689.319,686.873
689.319,686.873
689.319,686.873
689.319,686.873
689.319,686.873
689.320,686.874
689.325,686.882
689.324,686.881
689.324,686.881
689.320,686.875
689.320,686.875
689.320,686.875
689.320,686.875
689.320,686.875
689.317,686.870
689.317,686.870
689.318,686.870
689.315,686.866
689.315,686.867
689.316,686.867
689.316,686.868
689.317,686.869
689.314,686.864
689.314,686.865
689.315,686.866
689.315,686.867
689.316,686.867
689.316,686.868
689.325,686.882
689.324,686.882
689.329,686.889
689.328,686.888
689.327,686.887
689.324,686.880
689.323,686.880
689.315,686.865
689.315,686.866
689.316,686.867
689.316,686.868
689.316,686.868
689.317,686.869
689.317,686.869
689.317,686.870
689.318,686.870
689.318,686.871
689.318,686.871
689.315,686.866
689.316,686.867
689.316,686.868
689.316,686.868
689.317,686.869
689.325,686.883
689.325,686.882
689.324,686.882
689.329,686.889
689.328,686.888
689.327,686.887
689.327,686.885
689.326,686.884
689.325,686.883
689.320,686.874
689.320,686.874
689.320,686.874
689.320,686.874
689.320,686.874
689.320,686.874
689.320,686.874
689.320,686.874
689.320,686.874
689.320,686.874
689.320,686.874
689.317,686.869
689.317,686.869
689.317,686.870
689.318,686.870
689.318,686.871
689.318,686.871
689.318,686.871
689.318,686.872
689.318,686.872
689.319,686.872
689.316,686.867
689.316,686.868
689.317,686.869
689.314,686.864
689.320,686.875
689.320,686.875
689.317,686.870
689.314,686.865
689.315,686.866
689.312,686.862
689.313,686.863
689.314,686.864
689.314,686.865
689.315,686.866
689.315,686.867
689.316,686.867
689.316,686.868
689.317,686.869
689.317,686.869
689.317,686.870
689.318,686.870
689.318,686.871
689.318,686.871
689.318,686.871
689.318,686.872
689.318,686.872
689.319,686.872
689.319,686.872
689.316,686.867
689.316,686.868
689.317,686.869
689.317,686.869
689.317,686.870
689.317,686.870
689.318,686.870
689.318,686.871
689.323,686.880
689.323,686.879
689.323,686.879
689.322,686.878
689.322,686.878
689.322,686.878
689.322,686.877
689.322,686.877
689.321,686.877
689.326,686.885
689.326,686.884
689.325,686.883
689.325,686.882
689.324,686.882
689.324,686.881
689.323,686.880
689.323,686.880
689.323,686.879
689.323,686.879
689.319,686.873
689.319,686.873
689.319,686.873
689.325,686.882
689.324,686.881
689.324,686.881
689.323,686.880
689.323,686.880
689.323,686.879
689.323,686.879
689.322,686.878
689.322,686.878
689.322,686.877
689.327,686.886
689.326,686.885
689.325,686.884
689.325,686.883
689.324,686.882
689.324,686.881
689.324,686.880
689.323,686.880
689.323,686.879
689.323,686.879
689.319,686.873
689.319,686.873
689.320,686.874
689.320,686.874
689.320,686.874
689.320,686.874
689.320,686.874
689.320,686.874
689.320,686.874
689.320,686.874
689.320,686.874
689.320,686.874
689.320,686.874
689.320,686.874
689.320,686.874
689.320,686.874
689.320,686.874
689.320,686.874
689.320,686.874
689.320,686.874
689.320,686.874
689.320,686.874
689.320,686.874
689.320,686.874
689.320,686.874
689.320,686.874
689.320,686.874
689.320,686.874
689.325,686.882
689.324,686.882
689.324,686.881
689.320,686.875
689.320,686.875
689.320,686.875
689.320,686.875
689.320,686.875
689.317,686.870
689.317,686.870
689.318,686.870
689.323,686.879
689.323,686.879
689.322,686.878
689.322,686.878
689.322,686.878
689.319,686.872
689.319,686.873
689.319,686.873
689.316,686.868
689.316,686.868
689.317,686.869
689.317,686.869
689.317,686.870
689.318,686.870
689.318,686.871
689.318,686.871
689.318,686.871
689.318,686.872
689.315,686.867
689.316,686.867
689.313,686.863
689.314,686.864
689.314,686.865
689.307,686.852
689.308,686.854
689.309,686.856
689.310,686.858
689.311,686.860
689.309,686.856
689.310,686.858
689.311,686.859
689.312,686.861
689.313,686.862
689.313,686.863
689.314,686.864
689.314,686.865
689.312,686.861
689.313,686.862
689.313,686.863
689.314,686.864
689.315,686.865
689.312,686.861
689.313,686.862
689.313,686.863
689.314,686.864
689.312,686.860
689.312,686.861
689.313,686.863
689.306,686.850
689.307,686.853
689.308,686.855
689.306,686.851
689.300,686.840
689.299,686.838
689.301,686.841
689.294,686.831
689.294,686.830
689.296,686.834
689.299,686.838
689.293,686.828
689.295,686.832
689.298,686.836
689.297,686.835
689.299,686.839
689.306,686.851
689.304,686.848
689.306,686.850
689.307,686.853
689.308,686.855
689.309,686.856
689.307,686.853
689.309,686.855
689.302,686.843
689.303,686.846
689.305,686.849
689.306,686.851
689.308,686.854
689.314,686.864
689.314,686.865
689.315,686.866
689.315,686.867
689.316,686.867
689.316,686.868
689.317,686.869
689.317,686.869
689.314,686.865
689.315,686.866
689.315,686.866
689.316,686.867
689.316,686.868
689.316,686.868
689.314,686.864
689.314,686.865
689.307,686.852
689.300,686.841
689.302,686.844
689.301,686.842
689.303,686.845
689.304,686.848
689.303,686.845
689.304,686.848
689.311,686.859
689.312,686.860
689.304,686.848
689.303,686.846
689.305,686.848
689.306,686.851
689.304,686.848
689.298,686.837
689.300,686.840
689.299,686.839
689.293,686.828
689.295,686.833
689.298,686.837
689.300,686.840
689.302,686.843
689.295,686.833
689.290,686.823
689.293,686.828
689.295,686.832
689.298,686.836
689.300,686.840
689.302,686.843
689.303,686.846
689.302,686.844
689.304,686.847
689.297,686.836
689.299,686.839
689.301,686.843
689.300,686.841
689.302,686.844
689.296,686.833
689.290,686.823
689.285,686.815
689.288,686.820
689.283,686.812
689.279,686.804
689.282,686.811
689.283,686.812
689.287,686.818
689.282,686.810
689.285,686.816
689.289,686.821
689.292,686.826
689.294,686.831
689.289,686.821
689.292,686.827
689.294,686.831
689.289,686.822
689.292,686.827
689.286,686.818
689.287,686.818
689.282,686.810
689.277,686.802
689.281,686.809
689.277,686.802
689.278,686.803
689.274,686.797
689.278,686.804
689.274,686.797
689.276,686.799
689.272,686.793
689.268,686.787
689.265,686.782
689.270,686.791
689.275,686.798
689.271,686.792
689.276,686.800
689.272,686.793
689.274,686.796
689.278,686.803
689.274,686.797
689.275,686.799
689.277,686.801
689.281,686.808
689.284,686.814
689.285,686.815
689.280,686.807
689.276,686.800
689.277,686.802
689.273,686.795
689.269,686.789
689.274,686.797
689.268,686.786
689.265,686.781
689.262,686.776
689.264,686.780
689.262,686.776
689.259,686.771
689.257,686.768
689.263,686.778
689.268,686.787
689.273,686.795
689.278,686.803
689.274,686.796
689.270,686.790
689.275,686.798
689.279,686.805
689.283,686.812
689.286,686.818
689.287,686.818
689.282,686.810
689.277,686.802
689.273,686.796
689.278,686.803
689.282,686.810
689.277,686.802
689.273,686.796
689.270,686.790
689.275,686.798
689.276,686.800
689.272,686.793
689.277,686.801
689.278,686.803
689.274,686.796
689.278,686.804
689.274,686.797
689.270,686.790
689.275,686.798
689.271,686.792
689.268,686.786
689.262,686.776
689.259,686.772
689.265,686.781
689.262,686.777
689.260,686.772
689.265,686.782
689.263,686.777
689.260,686.773
689.258,686.769
689.255,686.765
689.254,686.762
689.260,686.773
689.263,686.777
689.268,686.787
689.273,686.795
689.274,686.797
689.279,686.805
689.275,686.798
689.271,686.791
689.268,686.786
689.269,686.789
689.266,686.784
689.263,686.779
689.269,686.788
689.266,686.782
689.263,686.777
689.260,686.773
689.266,686.783
689.268,686.786
689.265,686.781
689.262,686.776
689.259,686.772
689.254,686.763
689.252,686.760
689.251,686.757
689.249,686.755
689.248,686.753
689.247,686.751
689.246,686.749
689.245,686.747
689.241,686.740
689.240,686.739
689.239,686.738
689.236,686.732
689.233,686.727
689.233,686.728
689.233,686.728
689.234,686.728
689.231,686.724
689.231,686.724
689.240,686.739
689.239,686.738
689.239,686.737
689.244,686.745
689.243,686.744
689.242,686.743
689.249,686.755
689.248,686.753
689.239,686.737
689.238,686.737
689.243,686.745
689.240,686.738
689.239,686.738
689.247,686.751
689.238,686.735
689.234,686.730
689.223,686.711
689.216,686.699
689.210,686.689
689.210,686.688
689.212,686.692
689.214,686.696
689.216,686.699
689.218,686.702
689.217,686.700
689.227,686.716
689.227,686.718
689.228,686.719
689.226,686.715
689.224,686.712
689.225,686.713
689.226,686.715
689.227,686.717
689.233,686.727
689.233,686.727
689.233,686.727
689.233,686.728
689.233,686.728
689.231,686.723
689.239,686.738
689.239,686.737
689.238,686.737
689.238,686.736
689.238,686.736
689.238,686.735
689.242,686.743
689.239,686.737
689.239,686.737
689.238,686.736
689.238,686.736
689.235,686.730
689.235,686.730
689.235,686.730
689.235,686.731
689.235,686.731
689.240,686.739
689.240,686.739
689.239,686.738
689.247,686.751
689.251,686.758
689.249,686.755
689.248,686.753
689.247,686.751
689.246,686.749
689.242,686.742
689.241,686.741
689.241,686.740
689.232,686.726
689.232,686.726
689.230,686.722
689.230,686.723
689.231,686.723
689.231,686.724
689.228,686.720
689.229,686.721
689.230,686.722
689.230,686.723
689.228,686.719
689.229,686.720
689.229,686.721
689.230,686.722
689.230,686.723
689.231,686.724
689.231,686.724
689.232,686.725
689.229,686.721
689.230,686.722
689.230,686.723
689.231,686.723
689.231,686.724
689.228,686.720
689.229,686.721
689.238,686.735
689.243,686.744
689.242,686.742
689.241,686.741
689.249,686.754
689.248,686.752
689.246,686.750
689.245,686.748
689.244,686.747
689.241,686.740
689.240,686.739
689.240,686.739
689.239,686.738
689.239,686.737
689.235,686.732
689.235,686.732
689.235,686.732
689.244,686.745
689.243,686.744
689.242,686.743
689.241,686.742
689.241,686.741
689.240,686.740
689.240,686.739
689.239,686.738
689.239,686.738
689.239,686.737
689.235,686.731
689.235,686.731
689.235,686.731
689.235,686.731
689.235,686.731
689.232,686.726
689.233,686.727
689.233,686.727
689.241,686.741
689.233,686.727
689.225,686.713
689.218,686.702
689.211,686.691
689.214,686.694
689.216,686.698
689.209,686.688
689.204,686.678
689.199,686.670
689.202,686.675
689.202,686.676
689.206,686.681
689.208,686.686
689.211,686.690
689.210,686.689
689.205,686.679
689.208,686.684
689.210,686.689
689.213,686.693
689.212,686.691
689.214,686.695
689.216,686.699
689.218,686.702
689.219,686.704
689.218,686.702
689.220,686.705
689.221,686.707
689.222,686.710
689.224,686.712
689.222,686.708
689.223,686.711
689.224,686.713
689.225,686.714
689.226,686.716
689.227,686.717
689.233,686.727
689.225,686.714
689.226,686.716
689.227,686.717
689.233,686.727
689.233,686.727
689.233,686.728
689.233,686.728
689.234,686.728
689.231,686.724
689.223,686.711
689.216,686.699
689.218,686.702
689.220,686.705
689.218,686.702
689.220,686.705
689.221,686.708
689.223,686.710
689.224,686.712
689.225,686.714
689.223,686.710
689.224,686.712
689.225,686.714
689.226,686.716
689.219,686.704
689.218,686.701
689.219,686.704
689.221,686.707
689.222,686.709
689.223,686.711
689.222,686.708
689.223,686.710
689.216,686.699
689.218,686.702
689.211,686.691
689.211,686.690
689.205,686.680
689.208,686.685
689.202,686.676
689.197,686.667
689.201,686.673
689.196,686.665
689.200,686.671
689.195,686.664
689.199,686.670
689.203,686.676
689.203,686.676
689.203,686.676
689.206,686.681
689.209,686.686
689.211,686.691
689.211,686.689
689.213,686.693
689.215,686.697
689.217,686.700
689.211,686.690
689.210,686.689
689.209,686.687
689.209,686.687
689.211,686.691
689.214,686.695
689.208,686.684
689.210,686.689
689.202,686.674
689.194,686.661
689.198,686.668
689.193,686.660
689.189,686.653
689.194,686.661
689.190,686.654
689.186,686.648
689.182,686.642
689.185,686.645
689.189,686.654
689.186,686.647
689.190,686.655
689.195,686.663
689.198,686.669
689.199,686.670
689.202,686.676
689.198,686.667
689.193,686.660
689.197,686.667
689.193,686.659
689.197,686.666
689.197,686.667
689.193,686.660
689.197,686.666
689.193,686.659
689.189,686.652
689.185,686.646
689.182,686.641
689.187,686.649
689.188,686.652
689.185,686.646
689.190,686.654
689.194,686.661
689.190,686.654
689.186,686.648
689.191,686.656
689.192,686.658
689.188,686.651
689.185,686.646
689.189,686.654
689.194,686.661
689.195,686.663
689.199,686.669
689.202,686.675
689.197,686.667
689.201,686.673
689.204,686.679
689.204,686.679
689.204,686.679
689.207,686.684
689.202,686.674
689.205,686.680
689.208,686.685
689.210,686.689
689.210,686.688
689.212,686.692
689.206,686.682
689.209,686.687
689.212,686.691
689.211,686.690
689.213,686.694
689.212,686.692
689.214,686.696
689.208,686.686
689.203,686.676
689.203,686.677
689.203,686.677
689.206,686.682
689.209,686.687
689.203,686.677
689.206,686.682
689.209,686.687
689.209,686.686
689.211,686.690
689.214,686.694
689.216,686.698
689.217,686.701
689.219,686.704
689.218,686.702
689.219,686.704
689.221,686.707
689.214,686.696
689.208,686.685
689.208,686.685
689.210,686.689
689.210,686.688
689.212,686.692
689.214,686.696
689.216,686.699
689.218,686.702
689.217,686.700
689.219,686.703
689.212,686.692
689.214,686.696
689.216,686.699
689.218,686.702
689.220,686.705
689.218,686.703
689.217,686.700
689.211,686.690
689.213,686.694
689.215,686.697
689.217,686.700
689.219,686.703
689.209,686.687
689.204,686.678
689.207,686.683
689.209,686.688
689.212,686.692
689.214,686.696
689.208,686.685
689.208,686.685
689.207,686.684
689.210,686.689
689.212,686.693
689.207,686.683
689.201,686.674
689.201,686.674
689.202,686.674
689.205,686.680
689.200,686.671
689.203,686.677
689.198,686.668
689.199,686.669
689.191,686.657
689.187,686.650
689.192,686.658
689.188,686.651
689.192,686.659
689.188,686.652
689.193,686.660
689.189,686.653
689.190,686.655
689.195,686.662
689.190,686.655
689.195,686.663
689.190,686.656
689.195,686.663
689.199,686.669
689.191,686.656
689.184,686.645
689.181,686.640
689.186,686.648
689.191,686.656
689.187,686.650
689.192,686.657
689.196,686.664
689.197,686.666
689.200,686.672
689.204,686.678
689.199,686.669
689.194,686.661
689.190,686.654
689.194,686.662
689.190,686.655
689.191,686.657
689.187,686.650
689.184,686.644
689.181,686.639
689.178,686.634
689.183,686.644
689.188,686.652
689.193,686.659
689.194,686.661
689.178,686.634
689.183,686.643
689.188,686.651
689.185,686.645
689.181,686.640
689.186,686.649
689.183,686.643
689.177,686.633
689.180,686.637
689.177,686.632
689.174,686.628
689.180,686.638
689.177,686.633
689.175,686.629
689.180,686.639
689.186,686.647
689.190,686.655
689.187,686.649
689.183,686.643
689.188,686.652
689.190,686.654
689.186,686.648
689.191,686.656
689.187,686.649
689.183,686.644
689.171,686.622
689.169,686.619
689.167,686.616
689.166,686.613
689.164,686.611
689.163,686.609
689.170,686.621
689.173,686.626
689.176,686.631
689.171,686.622
689.169,686.619
689.175,686.629
689.173,686.625
689.179,686.636
689.176,686.631
689.182,686.641
689.179,686.636
689.173,686.626
689.176,686.631
689.179,686.635
689.176,686.631
689.174,686.627
689.171,686.623
689.169,686.620
689.168,686.617
689.174,686.628
689.180,686.638
689.182,686.641
689.176,686.631
689.174,686.627
689.172,686.624
689.170,686.620
689.168,686.617
689.166,686.614
689.173,686.625
689.179,686.636
689.176,686.631
689.174,686.627
689.171,686.623
689.166,686.615
689.162,686.607
689.158,686.600
689.162,686.608
689.161,686.606
689.160,686.604
689.159,686.603
689.158,686.601
689.158,686.600
689.157,686.599
689.156,686.598
689.156,686.597
689.155,686.596
689.160,686.604
689.164,686.611
689.163,686.609
689.162,686.607
689.169,686.619
689.167,686.616
689.165,686.613
689.164,686.611
689.163,686.609
689.159,686.602
689.155,686.595
689.151,686.590
689.151,686.589
689.151,686.589
689.151,686.589
689.151,686.589
689.151,686.589
689.151,686.589
689.151,686.589
689.156,686.597
689.161,686.605
689.160,686.603
689.156,686.597
689.155,686.596
689.155,686.595
689.154,686.595
689.154,686.594
689.154,686.593
689.153,686.593
689.153,686.592
689.158,686.601
689.162,686.608
689.158,686.601
689.155,686.595
689.159,686.603
689.158,686.601
689.158,686.600
689.157,686.599
689.156,686.598
689.156,686.597
689.155,686.596
689.155,686.595
689.155,686.595
689.154,686.594
689.154,686.594
689.151,686.588
689.156,686.597
689.152,686.591
689.152,686.590
689.152,686.590
689.152,686.590
689.144,686.576
689.144,686.577
689.145,686.578
689.145,686.579
689.146,686.580
689.146,686.581
689.147,686.582
689.147,686.582
689.147,686.583
689.145,686.578
689.150,686.588
689.150,686.588
689.150,686.588
689.158,686.601
689.158,686.600
689.157,686.599
689.156,686.598
689.156,686.597
689.155,686.596
689.152,686.590
689.152,686.590
689.149,686.585
689.157,686.599
689.164,686.611
689.163,686.609
689.162,686.607
689.161,686.605
689.160,686.604
689.164,686.611
689.168,686.617
689.174,686.628
689.169,686.619
689.164,686.611
689.163,686.609
689.162,686.607
689.161,686.605
689.160,686.604
689.159,686.602
689.166,686.614
689.173,686.626
689.171,686.622
689.166,686.614
689.172,686.625
689.170,686.621
689.168,686.618
689.167,686.615
689.173,686.626
689.171,686.623
689.169,686.619
689.167,686.616
689.171,686.622
689.174,686.628
689.172,686.624
689.170,686.620
689.168,686.617
689.158,686.601
689.157,686.600
689.157,686.599
689.164,686.611
689.163,686.609
689.162,686.607
689.166,686.614
689.169,686.620
689.168,686.617
689.163,686.609
689.159,686.602
689.158,686.601
689.157,686.599
689.165,686.612
689.163,686.610
689.162,686.608
689.161,686.606
689.160,686.604
689.159,686.603
689.158,686.601
689.155,686.595
689.151,686.589
689.156,686.598
689.156,686.597
689.155,686.596
689.152,686.590
689.152,686.590
689.152,686.590
689.152,686.590
689.151,686.590
689.151,686.589
689.151,686.589
689.151,686.589
689.151,686.589
689.159,686.603
689.155,686.596
689.152,686.591
689.152,686.590
689.152,686.590
689.152,686.590
689.152,686.590
689.151,686.590
689.151,686.589
689.151,686.589
689.151,686.589
689.143,686.576
689.144,686.577
689.136,686.564
689.138,686.566
689.139,686.569
689.140,686.570
689.141,686.572
689.150,686.587
689.155,686.596
689.160,686.604
689.159,686.602
689.158,686.601
689.157,686.600
689.154,686.594
689.154,686.593
689.153,686.593
689.153,686.592
689.153,686.592
689.153,686.591
689.152,686.591
689.152,686.591
689.144,686.577
689.145,686.578
689.145,686.579
689.143,686.575
689.140,686.571
689.146,686.581
689.147,686.582
689.147,686.582
689.148,686.583
689.148,686.583
689.148,686.584
689.148,686.584
689.149,686.585
689.149,686.585
689.149,686.585
689.149,686.586
689.149,686.586
689.149,686.586
689.149,686.586
689.142,686.573
689.142,686.574
689.140,686.571
689.146,686.581
689.152,686.590
689.152,686.590
689.149,686.585
689.149,686.585
689.149,686.585
689.149,686.586
689.149,686.586
689.149,686.586
689.149,686.586
689.150,686.586
689.150,686.587
689.150,686.587
689.150,686.587
689.142,686.573
689.143,686.575
689.143,686.576
689.144,686.577
689.142,686.573
689.148,686.583
689.140,686.570
689.133,686.558
689.132,686.556
689.125,686.545
689.128,686.549
689.130,686.553
689.132,686.556
689.134,686.559
689.135,686.562
689.137,686.565
689.138,686.567
689.139,686.569
689.140,686.571
689.141,686.572
689.142,686.574
689.143,686.575
689.144,686.576
689.144,686.578
689.145,686.579
689.146,686.580
689.146,686.580
689.146,686.581
689.144,686.577
689.142,686.573
689.142,686.574
689.148,686.584
689.146,686.580
689.143,686.575
689.149,686.585
689.149,686.585
689.141,686.572
689.142,686.574
689.143,686.575
689.144,686.576
689.136,686.564
689.138,686.566
689.131,686.555
689.125,686.544
689.127,686.548
689.129,686.552
689.131,686.556
689.138,686.567
689.139,686.569
689.141,686.571
689.141,686.573
689.142,686.574
689.148,686.584
689.145,686.579
689.143,686.575
689.149,686.585
689.149,686.585
689.146,686.581
689.144,686.576
689.149,686.586
689.149,686.586
689.150,686.586
689.142,686.573
689.142,686.574
689.140,686.571
689.141,686.572
689.134,686.560
689.136,686.563
689.137,686.565
689.138,686.567
689.140,686.569
689.141,686.571
689.142,686.573
689.142,686.574
689.143,686.576
689.144,686.577
689.145,686.578
689.145,686.579
689.146,686.580
689.146,686.581
689.147,686.581
689.147,686.582
689.147,686.583
689.145,686.578
689.142,686.574
689.140,686.570
689.146,686.580
689.143,686.576
689.144,686.577
689.142,686.573
689.140,686.570
689.141,686.571
689.142,686.573
689.134,686.561
689.136,686.563
689.137,686.566
689.139,686.568
689.140,686.570
689.133,686.558
689.126,686.547
689.129,686.551
689.131,686.555
689.125,686.544
689.127,686.548
689.129,686.552
689.123,686.542
689.126,686.546
689.128,686.550
689.130,686.554
689.124,686.544
689.119,686.534
689.122,686.539
689.116,686.530
689.112,686.522
689.115,686.529
689.111,686.521
689.114,686.527
689.118,686.533
689.121,686.538
689.116,686.529
689.119,686.535
689.122,686.540
689.117,686.531
689.120,686.536
689.123,686.541
689.117,686.532
689.121,686.537
689.115,686.529
689.119,686.534
689.122,686.539
689.125,686.544
689.119,686.535
689.122,686.540
689.125,686.544
689.127,686.549
689.121,686.539
689.116,686.530
689.119,686.535
689.122,686.540
689.125,686.545
689.131,686.555
689.130,686.553
689.124,686.543
689.123,686.542
689.123,686.541
689.123,686.541
689.122,686.540
689.125,686.545
689.119,686.535
689.122,686.540
689.125,686.545
689.124,686.544
689.127,686.548
689.129,686.552
689.131,686.555
689.125,686.545
689.127,686.549
689.122,686.539
689.124,686.544
689.127,686.548
689.121,686.538
689.124,686.543
689.126,686.547
689.129,686.551
689.131,686.555
689.127,686.548
689.121,686.538
689.116,686.529
689.119,686.535
689.114,686.526
689.117,686.532
689.121,686.537
689.115,686.529
689.111,686.521
689.115,686.527
689.110,686.519
689.114,686.526
689.114,686.527
689.115,686.528
689.115,686.528
689.111,686.520
689.114,686.527
689.118,686.533
689.121,686.538
689.124,686.543
689.126,686.547
689.126,686.546
689.125,686.545
689.124,686.544
689.127,686.548
689.107,686.514
689.103,686.507
689.107,686.515
689.111,686.522
689.112,686.523
689.113,686.524
689.113,686.525
689.114,686.526
689.115,686.527
689.115,686.528
689.115,686.529
689.116,686.529
689.116,686.530
689.116,686.530
689.125,686.544
689.124,686.543
689.124,686.543
689.123,686.542
689.123,686.541
689.117,686.532
689.113,686.524
689.113,686.525
689.114,686.526
689.114,686.527
689.115,686.528
689.115,686.528
689.116,686.529
689.116,686.530
689.111,686.522
689.112,686.523
689.113,686.524
689.105,686.512
689.107,686.514
689.108,686.516
689.109,686.518
689.102,686.506
689.104,686.509
689.100,686.502
689.097,686.497
689.094,686.492
689.091,686.488
689.089,686.484
689.087,686.480
689.085,686.477
689.083,686.474
689.086,686.479
689.092,686.490
689.090,686.486
689.096,686.495
689.101,686.504
689.103,686.507
689.099,686.501
689.101,686.504
689.103,686.507
689.107,686.515
689.111,686.522
689.107,686.515
689.111,686.522
689.115,686.528
689.110,686.520
689.106,686.513
689.110,686.520
689.114,686.527
689.110,686.519
689.105,686.512
689.102,686.505
689.098,686.500
689.095,686.494
689.092,686.490
689.090,686.486
689.088,686.482
689.094,686.492
689.099,686.501
689.096,686.496
689.093,686.491
689.099,686.500
689.103,686.508
689.100,686.502
689.097,686.497
689.102,686.506
689.098,686.500
689.103,686.508
689.108,686.516
689.104,686.509
689.108,686.517
689.112,686.523
689.116,686.530
689.119,686.535
689.114,686.527
689.110,686.519
689.114,686.526
689.117,686.532
689.112,686.523
689.108,686.516
689.104,686.509
689.108,686.517
689.104,686.510
689.109,686.517
689.113,686.524
689.108,686.516
689.112,686.523
689.116,686.529
689.119,686.535
689.122,686.540
689.125,686.545
689.119,686.535
689.114,686.527
689.110,686.519
689.105,686.512
689.102,686.505
689.098,686.500
689.095,686.494
689.092,686.490
689.098,686.499
689.095,686.494
689.092,686.489
689.090,686.485
689.087,686.481
689.085,686.478
689.092,686.488
689.089,686.484
689.095,686.494
689.097,686.498
689.099,686.502
689.093,686.491
689.096,686.495
689.090,686.486
689.093,686.490
689.095,686.495
689.101,686.503
689.097,686.498
689.094,686.493
689.092,686.488
689.097,686.498
689.102,686.506
689.099,686.500
689.101,686.504
689.097,686.498
689.102,686.507
689.107,686.515
689.103,686.508
689.108,686.516
689.104,686.509
689.100,686.503
689.097,686.497
689.094,686.492
689.091,686.488
689.097,686.497
689.102,686.506
689.107,686.514
689.103,686.507
689.099,686.501
689.096,686.496
689.101,686.505
689.098,686.499
689.103,686.508
689.107,686.515
689.104,686.509
689.100,686.502
689.105,686.511
689.109,686.518
689.105,686.511
689.106,686.513
689.108,686.515
689.109,686.517
689.110,686.519
689.111,686.520
689.111,686.522
689.112,686.523
689.113,686.524
689.113,686.525
689.117,686.531
689.112,686.523
689.108,686.516
689.104,686.509
689.100,686.503
689.105,686.511
689.101,686.505
689.098,686.499
689.095,686.494
689.100,686.503
689.097,686.497
689.094,686.492
689.099,686.502
689.096,686.496
689.101,686.505
689.098,686.499
689.095,686.494
689.092,686.489
689.090,686.485
689.096,686.495
689.101,686.504
689.106,686.512
689.102,686.506
689.106,686.513
689.111,686.520
689.111,686.522
689.112,686.523
689.105,686.511
689.106,686.513
689.107,686.515
689.109,686.517
689.110,686.519
689.110,686.520
689.106,686.513
689.110,686.520
689.106,686.513
689.110,686.520
689.114,686.527
689.110,686.519
689.114,686.526
689.109,686.518
689.113,686.525
689.117,686.531
689.112,686.523
689.116,686.529
689.111,686.521
689.115,686.527
689.118,686.533
689.113,686.525
689.117,686.531
689.112,686.523
689.116,686.529
689.111,686.521
689.115,686.527
689.110,686.519
689.111,686.521
689.112,686.522
689.112,686.523
689.108,686.516
689.104,686.509
689.100,686.503
689.097,686.498
689.094,686.493
689.091,686.488
689.097,686.497
689.094,686.493
689.088,686.483
689.091,686.488
689.089,686.484
689.087,686.480
689.085,686.477
689.083,686.474
689.081,686.471
689.080,686.469
689.079,686.466
689.074,686.459
689.071,686.453
689.067,686.447
689.067,686.447
689.067,686.447
689.067,686.447
689.067,686.446
689.059,686.433
689.059,686.434
689.052,686.421
689.050,686.418
689.049,686.416
689.050,686.419
689.052,686.421
689.053,686.424
689.046,686.412
689.048,686.415
689.050,686.418
689.051,686.421
689.053,686.423
689.054,686.425
689.052,686.422
689.051,686.419
689.049,686.417
689.056,686.428
689.057,686.429
689.058,686.431
689.058,686.432
689.059,686.433
689.060,686.435
689.060,686.436
689.061,686.437
689.061,686.437
689.062,686.438
689.062,686.439
689.063,686.439
689.060,686.435
689.058,686.431
689.055,686.427
689.056,686.429
689.057,686.430
689.058,686.432
689.059,686.433
689.060,686.434
689.060,686.435
689.061,686.436
689.061,686.437
689.062,686.438
689.062,686.438
689.062,686.439
689.063,686.440
689.063,686.440
689.071,686.454
689.071,686.453
689.070,686.453
689.070,686.452
689.070,686.451
689.069,686.451
689.066,686.445
689.071,686.454
689.068,686.448
689.067,686.447
689.067,686.447
689.067,686.447
689.067,686.447
689.059,686.433
689.057,686.429
689.055,686.426
689.053,686.422
689.059,686.433
689.060,686.434
689.060,686.435
689.061,686.436
689.061,686.437
689.062,686.438
689.062,686.439
689.060,686.434
689.057,686.430
689.055,686.427
689.053,686.423
689.054,686.425
689.055,686.427
689.056,686.429
689.057,686.430
689.058,686.432
689.056,686.428
689.054,686.425
689.060,686.435
689.066,686.445
689.066,686.445
689.066,686.445
689.066,686.445
689.066,686.445
689.066,686.445
689.066,686.445
689.063,686.440
689.060,686.435
689.058,686.431
689.056,686.427
689.057,686.429
689.057,686.431
689.058,686.432
689.059,686.433
689.060,686.434
689.068,686.449
689.068,686.449
689.068,686.448
689.068,686.448
689.073,686.456
689.072,686.455
689.071,686.454
689.071,686.453
689.070,686.453
689.070,686.452
689.070,686.451
689.069,686.451
689.069,686.450
689.069,686.450
689.068,686.449
689.065,686.444
689.070,686.452
689.067,686.447
689.064,686.442
689.064,686.442
689.064,686.442
689.056,686.429
689.057,686.430
689.050,686.418
689.052,686.421
689.050,686.418
689.049,686.416
689.047,686.413
689.046,686.411
689.048,686.415
689.050,686.418
689.051,686.420
689.053,686.422
689.054,686.425
689.055,686.427
689.056,686.428
689.057,686.430
689.058,686.431
689.059,686.433
689.059,686.434
689.060,686.435
689.060,686.436
689.069,686.450
689.069,686.450
689.068,686.449
689.068,686.449
689.068,686.448
689.068,686.448
689.068,686.448
689.067,686.448
689.078,686.465
689.077,686.463
689.076,686.462
689.075,686.460
689.074,686.459
689.073,686.457
689.073,686.456
689.069,686.450
689.074,686.458
689.073,686.457
689.072,686.456
689.064,686.441
689.064,686.442
689.064,686.442
689.056,686.429
689.057,686.430
689.058,686.432
689.056,686.428
689.054,686.424
689.055,686.426
689.056,686.428
689.057,686.430
689.066,686.445
689.066,686.445
689.074,686.458
689.068,686.449
689.068,686.449
689.068,686.448
689.068,686.448
689.073,686.456
689.072,686.455
689.071,686.454
689.071,686.453
689.070,686.453
689.070,686.452
689.070,686.451
689.069,686.451
689.074,686.459
689.073,686.457
689.073,686.456
689.072,686.455
689.063,686.441
689.055,686.427
689.056,686.429
689.057,686.431
689.058,686.432
689.064,686.442
689.061,686.437
689.062,686.438
689.062,686.438
689.069,686.449
689.068,686.449
689.068,686.449
689.068,686.448
689.068,686.448
689.068,686.448
689.064,686.442
689.070,686.451
689.074,686.459
689.074,686.458
689.081,686.470
689.079,686.468
689.078,686.466
689.077,686.464
689.076,686.462
689.075,686.460
689.074,686.459
689.073,686.458
689.073,686.456
689.072,686.455
689.071,686.454
689.071,686.453
689.070,686.453
689.070,686.452
689.070,686.451
689.069,686.451
689.077,686.464
689.076,686.462
689.083,686.474
689.081,686.471
689.088,686.482
689.091,686.487
689.086,686.478
689.081,686.470
689.079,686.468
689.086,686.479
689.084,686.476
689.082,686.473
689.081,686.470
689.079,686.468
689.078,686.466
689.074,686.459
689.073,686.457
689.073,686.456
689.072,686.455
689.071,686.454
689.071,686.453
689.070,686.453
689.070,686.452
689.075,686.460
689.071,686.453
689.075,686.461
689.075,686.460
689.074,686.458
689.073,686.457
689.072,686.456
689.072,686.455
689.071,686.454
690.156,688.287
706.930,716.634
720.411,739.419
724.860,746.936
725.104,747.350
726.862,750.321
728.915,753.790
727.696,751.730
724.226,745.866
724.254,745.912
722.696,743.280
720.566,739.680
719.228,737.419
717.729,734.886
714.841,730.005
711.275,723.978
708.752,719.715
707.455,717.523
705.726,714.600
704.680,712.832
703.496,710.833
701.947,708.213
701.024,706.654
700.248,705.343
699.730,704.467
699.164,703.511
698.479,702.353
698.286,702.026
697.707,701.048
697.192,700.178
697.209,700.207
697.144,700.096
697.165,700.132
697.152,700.110
697.143,700.094
697.177,700.153
698.120,701.747
698.168,701.827
698.299,702.050
698.945,703.140
699.717,704.445
699.764,704.524
699.809,704.600
699.787,704.564
700.577,705.898
699.648,704.329
699.557,704.176
699.643,704.320
699.620,704.281
699.678,704.380
699.718,704.447
699.705,704.425
699.663,704.354
699.607,704.259
699.556,704.174
699.560,704.180
699.559,704.179
700.404,705.606
700.494,705.759
700.583,705.909
702.601,709.320
703.535,710.897
703.769,711.293
705.003,713.379
705.183,713.682
703.817,711.375
703.231,710.385
703.358,710.599
702.543,709.222
702.582,709.288
701.882,708.105
702.079,708.438
701.952,708.223
701.866,708.077
701.193,706.941
701.061,706.717
700.958,706.543
700.248,705.342
700.029,704.973
699.868,704.701
699.301,703.742
698.785,702.869
698.671,702.678
698.517,702.418
697.879,701.339
697.747,701.116
697.616,700.894
697.505,700.707
697.420,700.563
697.347,700.439
697.280,700.326
696.764,699.455
696.676,699.306
696.588,699.158
696.500,699.008
696.437,698.901
696.355,698.764
696.289,698.653
696.227,698.547
696.166,698.443
696.116,698.360
696.065,698.273
696.011,698.183
695.966,698.106
695.437,697.212
695.456,697.245
695.419,697.182
695.378,697.113
695.354,697.071
695.321,697.017
695.298,696.977
695.268,696.926
695.238,696.876
695.209,696.826
695.179,696.776
695.159,696.742
695.142,696.714
695.127,696.689
695.114,696.667
695.103,696.648
695.084,696.616
695.076,696.603
695.061,696.576
695.047,696.553
695.026,696.517
695.007,696.486
694.982,696.443
694.951,696.391
694.932,696.358
694.906,696.315
694.883,696.275
694.862,696.240
694.835,696.194
694.810,696.153
694.788,696.115
694.768,696.082
694.746,696.044
694.730,696.017
694.707,695.979
694.695,695.958
694.684,695.939
694.662,695.902
694.646,695.875
694.631,695.850
694.618,695.828
694.606,695.808
694.591,695.783
694.574,695.754
694.570,695.748
694.563,695.735
694.556,695.724
694.550,695.714
694.545,695.705
694.540,695.696
694.536,695.689
694.532,695.682
694.528,695.676
694.525,695.670
694.513,695.651
694.512,695.648
694.498,695.625
694.489,695.610
694.481,695.597
694.470,695.579
694.464,695.569
694.451,695.546
694.439,695.525
694.428,695.506
694.410,695.476
694.393,695.448
694.378,695.423
694.369,695.407
694.353,695.379
694.346,695.368
694.332,695.344
694.323,695.329
694.306,695.301
694.292,695.277
694.283,695.261
694.270,695.240
694.251,695.207
694.233,695.178
694.222,695.158
694.215,695.147
694.201,695.123
694.184,695.095
694.165,695.062
694.156,695.047
694.147,695.032
694.131,695.006
694.121,694.989
694.116,694.980
694.107,694.965
694.095,694.945
694.089,694.934
694.079,694.916
694.074,694.908
694.065,694.893
694.061,694.887
694.053,694.874
694.043,694.856
694.037,694.846
694.032,694.837
694.019,694.815
694.007,694.795
694.001,694.785
693.999,694.782
693.993,694.772
693.984,694.757
693.976,694.743
693.964,694.723
693.958,694.712
693.952,694.702
693.951,694.701
693.946,694.692
693.949,694.697
693.948,694.696
693.951,694.701
693.942,694.686
693.942,694.686
693.938,694.678
693.934,694.672
693.926,694.659
693.920,694.648
693.909,694.630
693.900,694.614
693.891,694.600
693.880,694.581
693.870,694.563
693.864,694.554
693.867,694.559
693.862,694.550
693.857,694.541
693.857,694.541
693.857,694.541
693.848,694.527
693.837,694.507
693.834,694.503
693.832,694.500
693.830,694.496
693.828,694.493
693.831,694.498
693.825,694.488
693.820,694.479
693.819,694.478
693.810,694.463
693.810,694.463
693.810,694.463
693.806,694.456
693.811,694.464
693.811,694.464
693.811,694.464
693.811,694.464
693.815,694.471
693.811,694.464
693.815,694.471
693.823,694.484
693.822,694.482
693.821,694.481
693.824,694.486
693.819,694.478
693.822,694.483
693.821,694.482
693.820,694.480
693.819,694.478
693.823,694.484
693.826,694.489
693.824,694.487
693.823,694.485
693.822,694.483
693.817,694.475
693.813,694.467
693.817,694.474
693.816,694.473
693.816,694.472
693.807,694.458
693.807,694.458
693.812,694.466
693.816,694.473
693.816,694.472
693.815,694.471
693.823,694.484
693.826,694.490
693.833,694.501
693.839,694.511
693.848,694.527
693.861,694.549
693.864,694.554
693.864,694.553
693.867,694.558
693.869,694.563
693.876,694.574
693.878,694.578
693.888,694.594
693.893,694.603
693.893,694.603
693.893,694.604
693.898,694.611
693.898,694.611
693.902,694.618
693.909,694.631
693.916,694.642
693.919,694.646
693.925,694.656
693.934,694.672
693.939,694.680
693.943,694.687
693.946,694.693
693.950,694.699
693.953,694.704
693.960,694.715
693.962,694.719
693.960,694.715
693.962,694.719
693.964,694.722
693.965,694.725
693.967,694.728
693.964,694.723
693.966,694.726
693.964,694.722
693.965,694.725
693.963,694.721
693.965,694.724
693.962,694.720
693.956,694.709
693.950,694.700
693.949,694.698
693.953,694.703
693.947,694.694
693.947,694.693
693.942,694.685
693.942,694.685
693.941,694.685
693.937,694.677
693.933,694.671
693.926,694.658
693.923,694.653
693.917,694.643
693.915,694.639
693.913,694.636
693.903,694.620
693.899,694.612
693.643,694.180
693.642,694.179
693.634,694.165
693.631,694.160
693.624,694.147
693.625,694.150
693.615,694.132
693.613,694.130
693.608,694.121
693.603,694.112
693.594,694.098
693.591,694.092
693.587,694.086
693.580,694.074
693.578,694.070
693.572,694.060
693.570,694.057
693.569,694.055
693.564,694.046
693.563,694.045
693.558,694.037
693.554,694.030
693.546,694.017
693.543,694.012
693.536,694.000
693.306,693.611
693.302,693.604
693.298,693.597
693.294,693.591
693.291,693.585
693.288,693.580
693.281,693.568
693.275,693.558
693.269,693.548
693.264,693.539
693.255,693.525
693.256,693.526
693.256,693.526
693.256,693.527
693.252,693.520
693.249,693.514
693.237,693.495
693.235,693.491
693.237,693.495
693.227,693.477
693.218,693.462
693.214,693.455
693.210,693.448
693.207,693.443
693.204,693.438
693.201,693.433
693.198,693.429
693.196,693.425
693.194,693.421
693.184,693.405
693.175,693.390
693.171,693.382
693.167,693.375
693.159,693.363
693.161,693.365
693.162,693.368
693.163,693.370
693.156,693.358
693.146,693.340
693.140,693.331
693.135,693.323
693.139,693.329
693.130,693.313
693.130,693.313
693.122,693.299
693.119,693.294
693.116,693.290
693.113,693.285
693.107,693.274
693.105,693.271
693.096,693.255
693.091,693.247
693.086,693.239
693.078,693.226
693.071,693.214
693.073,693.217
693.070,693.212
693.064,693.202
693.058,693.192
693.049,693.176
693.040,693.162
693.037,693.156
693.034,693.151
693.027,693.139
693.025,693.135
693.018,693.124
693.017,693.122
693.016,693.120
693.010,693.111
693.010,693.110
693.009,693.109
693.004,693.101
692.996,693.087
692.993,693.081
692.994,693.083
692.990,693.077
692.984,693.066
692.978,693.056
692.972,693.047
692.975,693.052
692.978,693.057
692.973,693.047
692.968,693.039
692.967,693.037
692.962,693.030
692.958,693.023
692.955,693.017
692.951,693.011
692.948,693.006
692.945,693.001
692.943,692.997
692.945,693.000
692.942,692.996
692.940,692.992
692.938,692.989
692.940,692.992
692.938,692.989
692.936,692.986
692.935,692.983
692.933,692.981
692.932,692.979
692.931,692.977
692.930,692.975
692.924,692.966
692.924,692.965
692.924,692.964
692.923,692.964
692.915,692.949
692.911,692.943
692.912,692.944
692.912,692.945
692.905,692.933
692.906,692.935
692.908,692.938
692.909,692.939
692.905,692.934
692.899,692.922
692.901,692.926
692.890,692.908
692.885,692.899
692.875,692.883
692.872,692.877
692.868,692.871
692.865,692.865
692.862,692.860
692.859,692.856
692.857,692.852
692.855,692.848
692.853,692.845
692.855,692.848
692.853,692.845
692.851,692.842
692.849,692.839
692.848,692.837
692.839,692.821
692.842,692.826
692.841,692.825
692.841,692.824
692.840,692.823
692.835,692.815
692.827,692.801
692.828,692.802
692.828,692.804
692.825,692.797
692.826,692.799
692.826,692.800
692.819,692.788
692.812,692.777
692.815,692.780
692.816,692.783
692.810,692.773
692.804,692.763
692.807,692.768
692.802,692.758
692.805,692.764
692.803,692.761
692.798,692.752
692.793,692.745
692.789,692.738
692.786,692.731
692.786,692.732
692.782,692.726
692.787,692.734
692.784,692.728
692.780,692.722
692.777,692.717
692.775,692.713
692.772,692.709
692.766,692.698
692.756,692.681
692.755,692.680
692.755,692.679
692.746,692.665
692.747,692.665
692.747,692.666
692.743,692.659
692.743,692.660
692.744,692.661
692.745,692.662
692.745,692.663
692.745,692.663
692.746,692.664
692.738,692.651
692.735,692.645
692.732,692.640
692.725,692.629
692.719,692.619
692.714,692.611
692.718,692.616
692.712,692.608
692.708,692.600
692.707,692.599
692.707,692.598
692.707,692.598
692.703,692.591
692.707,692.598
692.711,692.605
692.715,692.611
692.718,692.617
692.721,692.622
692.716,692.613
692.711,692.605
692.710,692.603
692.706,692.596
692.710,692.603
692.714,692.609
692.709,692.602
692.708,692.601
692.704,692.594
692.700,692.587
692.697,692.581
692.694,692.576
692.691,692.571
692.688,692.567
692.686,692.563
692.684,692.560
692.682,692.557
692.676,692.546
692.671,692.537
692.670,692.536
692.669,692.535
692.669,692.534
692.660,692.520
692.656,692.513
692.653,692.507
692.657,692.515
692.650,692.502
692.651,692.504
692.653,692.507
692.649,692.501
692.643,692.490
692.645,692.493
