# Physical_Baseline=687.82pF, Trigger_Distance=40.0cm, Atten_Ratio=16.00
Raw_Capacitance(pF),Normalized_Capacitance(pF)
687.843,687.852
687.844,687.853
687.839,687.847
687.840,687.849
687.836,687.843
687.830,687.834
687.832,687.837
687.826,687.828
687.823,687.824
687.826,687.828
687.823,687.824
687.826,687.828
687.828,687.832
687.831,687.835
687.833,687.838
687.834,687.840
687.828,687.831
687.830,687.835
687.832,687.838
687.834,687.840
687.828,687.831
687.833,687.838
687.835,687.841
687.839,687.847
687.833,687.838
687.829,687.833
687.823,687.825
687.821,687.821
687.824,687.825
687.821,687.822
687.824,687.826
687.827,687.829
687.829,687.833
687.831,687.836
687.833,687.839
687.835,687.841
687.829,687.832
687.823,687.824
687.820,687.820
687.823,687.825
687.829,687.833
687.831,687.836
687.828,687.831
687.822,687.823
687.820,687.819
687.815,687.812
687.818,687.817
687.821,687.822
687.824,687.826
687.819,687.819
687.814,687.812
687.818,687.817
687.816,687.814
687.814,687.811
687.810,687.805
687.806,687.799
687.802,687.794
687.807,687.801
687.803,687.796
687.800,687.791
687.797,687.787
687.802,687.794
687.799,687.790
687.798,687.789
687.804,687.797
687.808,687.803
687.804,687.798
687.809,687.804
687.805,687.799
687.810,687.805
687.814,687.811
687.820,687.820
687.823,687.824
687.826,687.828
687.828,687.832
687.825,687.827
687.820,687.820
687.818,687.817
687.813,687.810
687.809,687.804
687.813,687.810
687.808,687.804
687.805,687.798
687.801,687.793
687.798,687.789
687.803,687.796
687.808,687.803
687.812,687.809
687.810,687.806
687.806,687.801
687.811,687.807
687.815,687.812
687.810,687.806
687.814,687.812
687.818,687.817
687.821,687.822
687.827,687.830
687.829,687.833
687.826,687.829
687.829,687.832
687.826,687.828
687.828,687.831
687.825,687.827
687.828,687.831
687.830,687.834
687.824,687.826
687.819,687.818
687.822,687.823
687.817,687.815
687.812,687.809
687.811,687.807
687.807,687.801
687.803,687.796
687.808,687.802
687.807,687.801
687.803,687.796
687.802,687.795
687.799,687.790
687.796,687.786
687.801,687.794
687.801,687.793
687.806,687.800
687.805,687.799
687.809,687.805
687.808,687.803
687.804,687.798
687.809,687.804
687.813,687.810
687.811,687.808
687.815,687.813
687.811,687.807
687.815,687.812
687.818,687.817
687.821,687.822
687.816,687.815
687.820,687.820
687.823,687.824
687.826,687.828
687.831,687.835
687.825,687.827
687.828,687.831
687.830,687.834
687.827,687.829
687.829,687.833
687.826,687.828
687.828,687.832
687.823,687.824
687.817,687.816
687.821,687.821
687.816,687.814
687.811,687.807
687.807,687.801
687.814,687.812
687.818,687.817
687.821,687.821
687.816,687.814
687.811,687.808
687.807,687.802
687.811,687.808
687.815,687.813
687.819,687.818
687.814,687.811
687.818,687.817
687.816,687.814
687.819,687.819
687.817,687.816
687.812,687.809
687.811,687.807
687.815,687.812
687.813,687.810
687.809,687.804
687.813,687.810
687.811,687.808
687.815,687.813
687.813,687.811
687.809,687.805
687.805,687.799
687.810,687.805
687.816,687.815
687.820,687.820
687.826,687.828
687.828,687.832
687.822,687.823
687.817,687.816
687.813,687.809
687.808,687.803
687.804,687.798
687.801,687.793
687.806,687.800
687.802,687.795
687.799,687.790
687.799,687.790
687.796,687.786
687.804,687.797
687.800,687.792
687.805,687.799
687.802,687.794
687.807,687.801
687.811,687.807
687.807,687.801
687.811,687.807
687.815,687.813
687.819,687.818
687.814,687.811
687.812,687.809
687.816,687.814
687.819,687.819
687.815,687.812
687.818,687.817
687.813,687.811
687.817,687.816
687.820,687.820
687.826,687.829
687.821,687.821
687.826,687.829
687.829,687.832
687.834,687.840
687.836,687.842
687.832,687.837
687.826,687.828
687.828,687.832
687.831,687.835
687.835,687.842
687.829,687.833
687.826,687.828
687.820,687.820
687.818,687.817
687.813,687.810
687.809,687.804
687.805,687.799
687.810,687.805
687.808,687.803
687.804,687.798
687.809,687.804
687.813,687.810
687.817,687.815
687.812,687.809
687.811,687.807
687.815,687.812
687.813,687.810
687.817,687.815
687.815,687.813
687.818,687.818
687.816,687.815
687.820,687.819
687.823,687.824
687.820,687.820
687.815,687.813
687.813,687.811
687.817,687.816
687.820,687.821
687.823,687.825
687.826,687.829
687.821,687.821
687.824,687.825
687.826,687.829
687.821,687.821
687.816,687.814
687.811,687.807
687.815,687.813
687.811,687.807
687.806,687.801
687.803,687.796
687.802,687.795
687.807,687.801
687.814,687.812
687.818,687.817
687.816,687.814
687.811,687.807
687.810,687.805
687.814,687.811
687.809,687.805
687.813,687.811
687.817,687.816
687.812,687.809
687.816,687.814
687.820,687.819
687.823,687.824
687.828,687.832
687.830,687.835
687.827,687.830
687.822,687.822
687.819,687.819
687.822,687.823
687.825,687.827
687.828,687.831
687.830,687.834
687.824,687.826
687.819,687.818
687.822,687.823
687.820,687.819
687.815,687.812
687.821,687.821
687.824,687.826
687.821,687.822
687.824,687.826
687.827,687.830
687.829,687.833
687.831,687.836
687.825,687.828
687.828,687.831
687.830,687.835
687.832,687.838
687.829,687.833
687.823,687.824
687.821,687.821
687.816,687.814
687.811,687.807
687.807,687.801
687.806,687.800
687.810,687.806
687.809,687.805
687.813,687.810
687.817,687.816
687.812,687.809
687.808,687.803
687.812,687.809
687.816,687.814
687.811,687.808
687.807,687.802
687.806,687.800
687.803,687.795
687.807,687.802
687.812,687.808
687.815,687.813
687.811,687.807
687.815,687.813
687.818,687.818
687.824,687.826
687.827,687.830
687.824,687.826
687.827,687.829
687.829,687.833
687.823,687.825
687.826,687.829
687.829,687.832
687.831,687.835
687.833,687.838
687.835,687.841
687.836,687.843
687.830,687.834
687.824,687.825
687.819,687.818
687.816,687.815
687.820,687.820
687.815,687.813
687.810,687.806
687.814,687.812
687.818,687.817
687.821,687.822
687.824,687.826
687.822,687.822
687.824,687.826
687.819,687.819
687.817,687.816
687.820,687.820
687.818,687.817
687.821,687.822
687.824,687.826
687.827,687.830
687.821,687.822
687.816,687.815
687.814,687.812
687.818,687.817
687.816,687.814
687.819,687.819
687.815,687.812
687.818,687.817
687.821,687.822
687.816,687.815
687.814,687.812
687.810,687.806
687.809,687.804
687.805,687.798
687.809,687.805
687.807,687.801
687.803,687.796
687.799,687.791
687.797,687.787
687.794,687.783
687.799,687.791
687.796,687.786
687.794,687.783
687.794,687.783
687.799,687.791
687.796,687.787
687.802,687.794
687.799,687.790
687.796,687.785
687.793,687.782
687.799,687.790
687.798,687.789
687.804,687.797
687.811,687.807
687.807,687.801
687.806,687.800
687.802,687.795
687.799,687.790
687.804,687.797
687.803,687.796
687.826,687.829
687.829,687.832
687.834,687.839
687.835,687.842
687.840,687.848
687.841,687.850
687.845,687.855
687.846,687.856
687.838,687.846
687.839,687.848
687.841,687.849
687.842,687.851
687.835,687.841
687.836,687.843
687.838,687.845
687.831,687.836
687.836,687.843
687.830,687.834
687.824,687.825
687.826,687.829
687.816,687.814
687.811,687.807
687.802,687.794
687.806,687.801
687.811,687.807
687.807,687.801
687.806,687.800
687.810,687.806
687.806,687.800
687.810,687.806
687.814,687.812
687.810,687.806
687.806,687.800
687.802,687.795
687.810,687.806
687.806,687.800
687.805,687.799
687.809,687.805
687.808,687.803
687.812,687.809
687.816,687.815
687.820,687.819
687.817,687.816
687.821,687.821
687.824,687.825
687.818,687.818
687.814,687.811
687.817,687.816
687.812,687.809
687.811,687.807
687.810,687.805
687.814,687.811
687.817,687.816
687.821,687.821
687.816,687.814
687.819,687.819
687.814,687.812
687.813,687.809
687.816,687.815
687.812,687.808
687.808,687.802
687.804,687.797
687.808,687.803
687.812,687.809
687.808,687.803
687.812,687.809
687.816,687.815
687.820,687.819
687.823,687.824
687.817,687.816
687.815,687.813
687.819,687.818
687.822,687.823
687.825,687.827
687.828,687.831
687.830,687.834
687.835,687.841
687.836,687.843
687.841,687.849
687.834,687.839
687.830,687.834
687.824,687.826
687.822,687.822
687.816,687.815
687.812,687.808
687.816,687.814
687.811,687.807
687.810,687.805
687.806,687.800
687.805,687.799
687.809,687.805
687.813,687.811
687.817,687.816
687.815,687.813
687.811,687.807
687.809,687.805
687.813,687.811
687.820,687.820
687.823,687.824
687.828,687.832
687.831,687.835
687.825,687.827
687.827,687.830
687.822,687.822
687.825,687.826
687.827,687.830
687.822,687.822
687.824,687.826
687.822,687.823
687.817,687.815
687.820,687.820
687.815,687.813
687.821,687.822
687.816,687.815
687.820,687.819
687.823,687.824
687.818,687.816
687.821,687.821
687.818,687.818
687.822,687.822
687.819,687.819
687.822,687.823
687.820,687.820
687.823,687.824
687.821,687.821
687.816,687.814
687.819,687.819
687.822,687.823
687.817,687.816
687.820,687.820
687.818,687.817
687.813,687.811
687.812,687.808
687.808,687.802
687.812,687.808
687.808,687.802
687.812,687.808
687.808,687.802
687.815,687.812
687.818,687.817
687.816,687.815
687.820,687.819
687.815,687.812
687.810,687.806
687.806,687.800
687.811,687.807
687.815,687.812
687.810,687.806
687.814,687.812
687.818,687.817
687.821,687.821
687.816,687.814
687.811,687.808
687.807,687.802
687.806,687.800
687.802,687.795
687.802,687.794
687.799,687.790
687.796,687.786
687.801,687.793
687.798,687.789
687.803,687.796
687.802,687.795
687.807,687.802
687.806,687.800
687.811,687.807
687.809,687.805
687.813,687.810
687.809,687.804
687.813,687.810
687.811,687.808
687.807,687.802
687.806,687.801
687.803,687.795
687.802,687.795
687.807,687.801
687.806,687.800
687.802,687.795
687.810,687.805
687.814,687.811
687.812,687.809
687.816,687.814
687.811,687.808
687.815,687.813
687.813,687.811
687.817,687.816
687.815,687.813
687.811,687.807
687.807,687.801
687.811,687.807
687.815,687.813
687.813,687.810
687.809,687.804
687.805,687.799
687.801,687.794
687.798,687.789
687.795,687.785
687.795,687.785
687.801,687.793
687.800,687.792
687.805,687.799
687.802,687.794
687.807,687.801
687.814,687.811
687.817,687.816
687.815,687.813
687.819,687.818
687.817,687.815
687.812,687.809
687.811,687.807
687.815,687.812
687.813,687.810
687.817,687.815
687.815,687.812
687.810,687.806
687.814,687.812
687.818,687.817
687.816,687.814
687.811,687.807
687.810,687.805
687.806,687.800
687.802,687.795
687.799,687.790
687.796,687.786
687.793,687.782
687.794,687.782
687.799,687.790
687.804,687.798
687.801,687.793
687.806,687.799
687.805,687.798
687.801,687.793
687.798,687.789
687.795,687.785
687.792,687.781
687.790,687.778
687.788,687.775
687.786,687.772
687.784,687.769
687.783,687.767
687.781,687.765
687.783,687.767
687.781,687.765
687.788,687.775
687.794,687.783
687.786,687.772
687.793,687.781
687.793,687.782
687.791,687.778
687.788,687.775
687.786,687.773
687.795,687.785
687.801,687.793
687.798,687.788
687.795,687.784
687.792,687.781
687.790,687.777
687.796,687.786
687.793,687.782
687.791,687.778
687.797,687.787
687.794,687.783
687.794,687.783
687.800,687.791
687.799,687.791
687.796,687.786
687.796,687.786
687.802,687.794
687.798,687.789
687.804,687.797
687.803,687.796
687.799,687.791
687.799,687.791
687.804,687.798
687.801,687.793
687.798,687.788
687.798,687.788
687.795,687.784
687.787,687.773
687.785,687.770
687.791,687.780
687.797,687.788
687.794,687.784
687.792,687.780
687.792,687.781
687.798,687.789
687.795,687.785
687.801,687.792
687.805,687.799
687.813,687.810
687.816,687.815
687.815,687.812
687.810,687.806
687.814,687.812
687.810,687.805
687.814,687.811
687.809,687.805
687.808,687.803
687.812,687.809
687.811,687.807
687.815,687.812
687.805,687.799
687.809,687.805
687.805,687.799
687.802,687.794
687.799,687.790
687.796,687.786
687.801,687.793
687.798,687.789
687.803,687.796
687.808,687.803
687.804,687.797
687.795,687.785
687.793,687.781
687.793,687.782
687.791,687.778
687.788,687.775
687.794,687.784
687.795,687.784
687.792,687.780
687.801,687.792
687.805,687.799
687.805,687.798
687.809,687.805
687.805,687.799
687.810,687.805
687.816,687.815
687.820,687.820
687.826,687.828
687.828,687.832
687.825,687.827
687.828,687.831
687.822,687.823
687.825,687.827
687.822,687.823
687.817,687.816
687.815,687.813
687.819,687.818
687.817,687.815
687.820,687.820
687.815,687.813
687.810,687.806
687.809,687.805
687.813,687.810
687.812,687.808
687.807,687.802
687.806,687.801
687.803,687.796
687.802,687.795
687.807,687.801
687.811,687.808
687.815,687.813
687.819,687.818
687.814,687.811
687.809,687.805
687.814,687.811
687.812,687.809
687.816,687.814
687.811,687.808
687.815,687.813
687.819,687.818
687.814,687.811
687.812,687.809
687.808,687.803
687.807,687.801
687.803,687.796
687.800,687.791
687.797,687.787
687.794,687.783
687.792,687.780
687.792,687.780
687.798,687.788
687.798,687.788
687.803,687.796
687.807,687.802
687.804,687.797
687.803,687.796
687.800,687.791
687.797,687.787
687.794,687.783
687.799,687.791
687.796,687.787
687.802,687.794
687.807,687.801
687.806,687.800
687.810,687.806
687.809,687.804
687.813,687.810
687.809,687.804
687.805,687.798
687.809,687.805
687.813,687.811
687.812,687.808
687.808,687.802
687.804,687.797
687.800,687.792
687.797,687.788
687.794,687.784
687.792,687.780
687.792,687.781
687.790,687.777
687.796,687.786
687.793,687.782
687.794,687.782
687.791,687.779
687.792,687.780
687.789,687.777
687.787,687.774
687.785,687.771
687.792,687.780
687.798,687.788
687.795,687.784
687.795,687.784
687.800,687.792
687.800,687.792
687.805,687.799
687.801,687.794
687.798,687.789
687.798,687.789
687.795,687.785
687.801,687.792
687.797,687.788
687.795,687.784
687.800,687.792
687.797,687.787
687.803,687.796
687.800,687.792
687.805,687.799
687.804,687.798
687.809,687.804
687.813,687.810
687.809,687.804
687.813,687.810
687.816,687.815
687.812,687.808
687.810,687.806
687.814,687.812
687.818,687.817
687.813,687.810
687.809,687.804
687.805,687.799
687.801,687.794
687.798,687.789
687.798,687.789
687.803,687.796
687.800,687.791
687.805,687.798
687.801,687.793
687.806,687.800
687.805,687.799
687.787,687.774
687.788,687.775
687.786,687.772
687.787,687.773
687.793,687.782
687.794,687.783
687.791,687.779
687.789,687.776
687.787,687.773
687.785,687.771
687.786,687.772
687.784,687.770
687.783,687.767
687.781,687.765
687.783,687.767
687.781,687.765
687.780,687.764
687.787,687.773
687.785,687.771
687.786,687.772
687.793,687.781
687.790,687.778
687.788,687.775
687.789,687.776
687.787,687.773
687.788,687.775
687.786,687.772
687.785,687.770
687.783,687.768
687.784,687.769
687.791,687.779
687.797,687.787
687.802,687.794
687.799,687.790
687.796,687.786
687.796,687.786
687.793,687.782
687.799,687.790
687.796,687.786
687.793,687.782
687.799,687.790
687.796,687.786
687.801,687.793
687.798,687.789
687.795,687.785
687.793,687.781
687.793,687.782
687.791,687.778
687.791,687.779
687.789,687.776
687.790,687.777
687.788,687.774
687.788,687.775
687.786,687.772
687.793,687.781
687.790,687.778
687.791,687.779
687.789,687.776
687.789,687.777
687.787,687.774
687.785,687.771
687.784,687.769
687.790,687.778
687.788,687.775
687.794,687.784
687.800,687.791
687.797,687.787
687.794,687.783
687.799,687.791
687.799,687.791
687.804,687.798
687.804,687.797
687.808,687.803
687.807,687.802
687.811,687.808
687.807,687.802
687.811,687.808
687.807,687.802
687.806,687.801
687.803,687.795
687.807,687.802
687.806,687.801
687.803,687.795
687.799,687.791
687.796,687.786
687.794,687.783
687.802,687.794
687.799,687.790
687.798,687.789
687.804,687.797
687.800,687.792
687.808,687.803
687.804,687.797
687.803,687.796
687.808,687.803
687.812,687.809
687.808,687.803
687.804,687.798
687.809,687.804
687.813,687.810
687.817,687.815
687.812,687.809
687.816,687.814
687.819,687.819
687.822,687.823
687.825,687.827
687.828,687.831
687.825,687.827
687.819,687.819
687.817,687.816
687.812,687.809
687.816,687.815
687.812,687.808
687.815,687.814
687.819,687.819
687.825,687.827
687.828,687.831
687.825,687.826
687.827,687.830
687.824,687.826
687.819,687.818
687.814,687.812
687.810,687.805
687.808,687.804
687.805,687.798
687.804,687.797
687.800,687.792
687.800,687.792
687.797,687.787
687.794,687.783
687.800,687.791
687.807,687.802
687.812,687.808
687.810,687.806
687.806,687.800
687.813,687.811
687.817,687.816
687.815,687.813
687.819,687.818
687.814,687.811
687.809,687.805
687.808,687.803
687.804,687.798
687.804,687.797
687.808,687.803
687.815,687.813
687.819,687.818
687.817,687.815
687.820,687.820
687.823,687.824
687.826,687.828
687.828,687.832
687.823,687.824
687.825,687.827
687.820,687.820
687.815,687.813
687.813,687.810
687.809,687.804
687.808,687.802
687.812,687.808
687.810,687.806
687.814,687.812
687.813,687.810
687.816,687.815
687.815,687.812
687.818,687.817
687.813,687.811
687.817,687.816
687.815,687.813
687.811,687.807
687.815,687.812
687.810,687.806
687.809,687.804
687.813,687.810
687.817,687.815
687.820,687.820
687.823,687.824
687.818,687.817
687.816,687.814
687.819,687.819
687.825,687.827
687.820,687.820
687.823,687.824
687.826,687.828
687.823,687.824
687.826,687.828
687.823,687.824
687.826,687.828
687.820,687.820
687.815,687.813
687.813,687.811
687.817,687.816
687.815,687.813
687.819,687.818
687.814,687.811
687.810,687.805
687.806,687.799
687.810,687.806
687.809,687.804
687.805,687.798
687.801,687.793
687.798,687.789
687.795,687.785
687.793,687.781
687.790,687.778
687.791,687.779
687.797,687.787
687.794,687.783
687.791,687.780
687.797,687.788
687.794,687.784
687.795,687.784
687.792,687.780
687.792,687.781
687.798,687.789
687.803,687.796
687.808,687.803
687.812,687.809
687.816,687.814
687.811,687.808
687.807,687.802
687.806,687.800
687.802,687.795
687.807,687.802
687.803,687.797
687.808,687.803
687.812,687.809
687.808,687.803
687.812,687.809
687.808,687.803
687.804,687.798
687.801,687.793
687.798,687.788
687.795,687.784
687.792,687.781
687.793,687.781
687.798,687.789
687.798,687.789
687.803,687.796
687.808,687.803
687.804,687.797
687.809,687.804
687.805,687.798
687.812,687.809
687.816,687.814
687.814,687.812
687.818,687.817
687.816,687.814
687.811,687.807
687.807,687.801
687.811,687.808
687.807,687.802
687.811,687.808
687.815,687.813
687.811,687.807
687.809,687.805
687.805,687.799
687.802,687.794
687.807,687.801
687.806,687.800
687.802,687.794
687.802,687.794
687.806,687.801
687.805,687.799
687.810,687.806
687.809,687.804
687.813,687.810
687.811,687.808
687.807,687.802
687.803,687.796
687.808,687.803
687.812,687.809
687.811,687.807
687.815,687.812
687.818,687.817
687.813,687.811
687.812,687.808
687.808,687.802
687.807,687.801
687.811,687.807
687.810,687.805
687.814,687.811
687.817,687.816
687.813,687.809
687.816,687.815
687.820,687.820
687.815,687.813
687.810,687.806
687.814,687.812
687.810,687.806
687.806,687.800
687.802,687.795
687.807,687.802
687.803,687.796
687.800,687.792
687.805,687.799
687.809,687.805
687.808,687.803
687.812,687.809
687.808,687.803
687.804,687.798
687.804,687.797
687.800,687.792
687.797,687.787
687.797,687.787
687.794,687.783
687.792,687.780
687.789,687.777
687.790,687.778
687.788,687.775
687.786,687.772
687.792,687.781
687.790,687.778
687.791,687.778
687.788,687.775
687.786,687.773
687.785,687.770
687.783,687.768
687.782,687.766
687.780,687.764
687.779,687.762
687.778,687.761
687.780,687.763
687.779,687.761
687.778,687.760
687.777,687.759
687.779,687.761
687.778,687.760
687.777,687.759
687.768,687.746
687.768,687.746
687.768,687.746
687.776,687.757
687.778,687.760
687.777,687.759
687.776,687.758
687.775,687.756
687.774,687.755
687.777,687.758
687.776,687.757
687.770,687.749
687.769,687.748
687.769,687.748
687.769,687.748
687.769,687.748
687.769,687.748
687.777,687.759
687.776,687.758
687.775,687.757
687.774,687.756
687.774,687.755
687.773,687.754
687.775,687.757
687.775,687.756
687.774,687.755
687.773,687.754
687.776,687.757
687.775,687.756
687.782,687.766
687.784,687.768
687.782,687.766
687.781,687.764
687.779,687.763
687.778,687.761
687.772,687.752
687.772,687.751
687.774,687.755
687.773,687.754
687.773,687.753
687.780,687.764
687.779,687.762
687.781,687.764
687.788,687.774
687.794,687.783
687.791,687.779
687.792,687.780
687.789,687.777
687.790,687.778
687.788,687.775
687.794,687.783
687.792,687.780
687.792,687.780
687.790,687.777
687.790,687.778
687.788,687.775
687.794,687.784
687.792,687.780
687.790,687.777
687.790,687.778
687.788,687.775
687.786,687.772
687.792,687.781
687.790,687.778
687.788,687.775
687.786,687.772
687.787,687.773
687.785,687.771
687.786,687.772
687.785,687.770
687.786,687.771
687.784,687.769
687.782,687.767
687.789,687.776
687.795,687.785
687.792,687.781
687.790,687.778
687.788,687.775
687.786,687.772
687.792,687.781
687.798,687.789
687.798,687.789
687.795,687.785
687.792,687.781
687.790,687.778
687.788,687.775
687.786,687.772
687.784,687.769
687.783,687.767
687.781,687.765
687.775,687.756
687.774,687.755
687.773,687.754
687.773,687.753
687.772,687.753
687.772,687.752
687.798,687.789
687.806,687.801
687.803,687.795
687.807,687.802
687.804,687.797
687.795,687.784
687.792,687.781
687.790,687.777
687.796,687.786
687.793,687.782
687.785,687.771
687.784,687.769
687.782,687.766
687.781,687.764
687.780,687.763
687.779,687.761
687.777,687.760
687.777,687.758
687.776,687.757
687.778,687.760
687.785,687.770
687.783,687.768
687.790,687.777
687.782,687.767
687.781,687.765
687.774,687.754
687.773,687.754
687.781,687.764
687.782,687.766
687.781,687.764
687.780,687.763
687.786,687.773
687.785,687.770
687.783,687.768
687.774,687.754
687.768,687.746
687.768,687.746
687.768,687.746
687.768,687.746
687.768,687.746
687.768,687.746
687.762,687.738
687.763,687.739
687.763,687.740
687.764,687.740
687.764,687.741
687.765,687.741
687.765,687.742
687.765,687.742
687.765,687.743
687.769,687.748
687.769,687.748
687.769,687.747
687.769,687.747
687.769,687.747
687.771,687.751
687.779,687.762
687.778,687.760
687.777,687.759
687.779,687.762
687.778,687.760
687.777,687.759
687.776,687.758
687.775,687.756
687.774,687.755
687.774,687.755
687.773,687.754
687.773,687.753
687.767,687.745
687.767,687.745
687.767,687.745
687.767,687.745
687.767,687.745
687.767,687.745
687.767,687.745
687.767,687.745
687.767,687.745
687.762,687.738
687.763,687.739
687.763,687.740
687.766,687.744
687.766,687.744
687.767,687.744
687.767,687.745
687.770,687.749
687.769,687.748
687.769,687.748
687.764,687.740
687.764,687.741
687.767,687.745
687.775,687.757
687.775,687.756
687.774,687.755
687.776,687.758
687.775,687.757
687.775,687.756
687.777,687.759
687.776,687.757
687.775,687.756
687.774,687.755
687.776,687.758
687.776,687.757
687.778,687.760
687.777,687.759
687.776,687.757
687.778,687.760
687.777,687.759
687.771,687.750
687.770,687.750
687.770,687.749
687.770,687.749
687.770,687.749
687.772,687.752
687.772,687.752
687.774,687.755
687.774,687.754
687.776,687.757
687.783,687.768
687.782,687.766
687.780,687.764
687.779,687.762
687.773,687.753
687.772,687.752
687.772,687.752
687.771,687.751
687.774,687.754
687.773,687.754
687.773,687.753
687.772,687.752
687.772,687.752
687.771,687.751
687.766,687.743
687.766,687.743
687.766,687.744
687.761,687.736
687.762,687.737
687.765,687.742
687.765,687.742
687.765,687.743
687.760,687.736
687.761,687.737
687.762,687.737
687.762,687.738
687.766,687.743
687.774,687.754
687.773,687.754
687.773,687.753
687.772,687.752
687.772,687.752
687.771,687.751
687.771,687.751
687.771,687.750
687.770,687.750
687.770,687.749
687.770,687.749
687.772,687.753
687.772,687.752
687.774,687.755
687.774,687.754
687.773,687.754
687.773,687.753
687.772,687.752
687.775,687.756
687.774,687.755
687.773,687.754
687.773,687.753
687.772,687.752
687.775,687.756
687.774,687.755
687.773,687.754
687.775,687.757
687.775,687.756
687.774,687.755
687.773,687.754
687.765,687.742
687.768,687.746
687.768,687.746
687.768,687.746
687.768,687.746
687.768,687.746
687.763,687.739
687.763,687.739
687.766,687.744
687.766,687.744
687.766,687.744
687.767,687.744
687.767,687.745
687.767,687.745
687.767,687.745
687.759,687.734
687.760,687.735
687.761,687.736
687.756,687.729
687.757,687.731
687.761,687.736
687.761,687.737
687.762,687.738
687.763,687.739
687.763,687.739
687.764,687.740
687.764,687.741
687.767,687.745
687.767,687.745
687.767,687.745
687.770,687.749
687.770,687.749
687.764,687.741
687.765,687.741
687.765,687.742
687.765,687.742
687.765,687.743
687.768,687.747
687.768,687.747
687.768,687.747
687.768,687.747
687.768,687.747
687.768,687.746
687.760,687.735
687.761,687.736
687.761,687.737
687.762,687.738
687.765,687.743
687.766,687.743
687.768,687.747
687.768,687.747
687.768,687.747
687.771,687.751
687.771,687.750
687.770,687.750
687.770,687.749
687.770,687.749
687.770,687.749
687.770,687.749
687.772,687.752
687.772,687.752
687.771,687.751
687.771,687.751
687.771,687.750
687.765,687.742
687.765,687.743
687.768,687.747
687.768,687.747
687.763,687.739
687.763,687.740
687.764,687.740
687.767,687.745
687.767,687.745
687.767,687.745
687.767,687.745
687.767,687.745
687.767,687.745
687.775,687.757
687.769,687.748
687.761,687.736
687.762,687.737
687.762,687.738
687.766,687.743
687.774,687.754
687.773,687.754
687.775,687.757
687.775,687.756
687.774,687.755
687.773,687.754
687.773,687.753
687.772,687.752
687.772,687.752
687.774,687.755
687.774,687.754
687.773,687.754
687.767,687.745
687.767,687.745
687.767,687.745
687.767,687.746
687.770,687.749
687.770,687.749
687.770,687.749
687.764,687.741
687.765,687.741
687.765,687.742
687.765,687.742
687.765,687.743
687.766,687.743
687.766,687.743
687.769,687.747
687.769,687.747
687.769,687.747
687.771,687.751
687.771,687.750
687.771,687.750
687.770,687.750
687.770,687.749
687.770,687.749
687.770,687.749
687.772,687.752
687.772,687.752
687.771,687.751
687.771,687.751
687.771,687.750
687.771,687.750
687.770,687.750
687.765,687.742
687.765,687.742
687.765,687.742
687.766,687.743
687.766,687.743
687.769,687.747
687.769,687.747
687.771,687.751
687.771,687.750
687.773,687.754
687.773,687.753
687.772,687.752
687.775,687.756
687.774,687.755
687.768,687.746
687.768,687.746
687.771,687.750
687.770,687.750
687.770,687.749
687.773,687.753
687.772,687.752
687.772,687.752
687.771,687.751
687.763,687.739
687.766,687.744
687.758,687.733
687.759,687.734
687.755,687.728
687.756,687.729
687.757,687.731
687.761,687.736
687.762,687.737
687.762,687.738
687.763,687.739
687.763,687.740
687.756,687.729
687.757,687.730
687.758,687.732
687.759,687.733
687.760,687.734
687.760,687.736
687.761,687.737
687.756,687.730
687.758,687.731
687.758,687.733
687.754,687.727
687.755,687.728
687.756,687.730
687.758,687.732
687.759,687.733
687.751,687.723
687.753,687.725
687.757,687.731
687.758,687.732
687.751,687.722
687.753,687.724
687.754,687.727
687.755,687.728
687.756,687.730
687.760,687.735
687.761,687.736
687.762,687.737
687.770,687.750
687.770,687.749
687.770,687.749
687.770,687.749
687.764,687.741
687.764,687.741
687.765,687.742
687.768,687.746
687.768,687.746
687.768,687.746
687.771,687.750
687.770,687.750
687.770,687.749
687.770,687.749
687.772,687.753
687.772,687.752
687.772,687.751
687.766,687.743
687.766,687.744
687.761,687.736
687.762,687.737
687.762,687.738
687.763,687.739
687.763,687.740
687.758,687.733
687.759,687.734
687.760,687.735
687.761,687.736
687.764,687.741
687.757,687.730
687.758,687.732
687.761,687.737
687.762,687.738
687.763,687.739
687.766,687.743
687.766,687.743
687.769,687.748
687.769,687.747
687.769,687.747
687.769,687.747
687.768,687.747
687.768,687.747
687.768,687.747
687.768,687.747
687.768,687.747
687.768,687.747
687.763,687.739
687.763,687.740
687.764,687.740
687.767,687.745
687.767,687.745
687.759,687.734
687.760,687.735
687.761,687.736
687.756,687.729
687.757,687.731
687.758,687.732
687.759,687.734
687.760,687.735
687.761,687.736
687.761,687.737
687.762,687.738
687.762,687.738
687.740,687.707
687.743,687.710
687.745,687.714
687.747,687.717
687.749,687.720
687.751,687.722
687.744,687.713
687.747,687.716
687.749,687.719
687.742,687.710
687.737,687.702
687.740,687.706
687.737,687.703
687.732,687.695
687.727,687.689
687.723,687.683
687.727,687.689
687.731,687.694
687.727,687.688
687.731,687.693
687.734,687.698
687.729,687.692
687.733,687.697
687.728,687.690
687.732,687.695
687.762,687.737
687.765,687.742
687.765,687.742
687.765,687.743
687.768,687.747
687.768,687.747
687.768,687.747
687.763,687.739
687.755,687.728
687.756,687.730
687.758,687.732
687.750,687.722
687.752,687.724
687.754,687.726
687.755,687.728
687.756,687.730
687.757,687.731
687.761,687.736
687.762,687.737
687.765,687.742
687.765,687.742
687.765,687.743
687.768,687.747
687.768,687.747
687.760,687.735
687.744,687.712
687.749,687.719
687.751,687.722
687.755,687.728
687.748,687.718
687.750,687.721
687.754,687.727
687.756,687.729
687.757,687.731
687.761,687.736
687.761,687.737
687.757,687.730
687.758,687.732
687.759,687.733
687.760,687.734
687.760,687.735
687.761,687.736
687.762,687.737
687.762,687.738
687.755,687.728
687.756,687.729
687.752,687.723
687.753,687.726
687.755,687.727
687.748,687.718
687.742,687.709
687.744,687.713
687.747,687.716
687.741,687.707
687.738,687.704
687.733,687.696
687.736,687.701
687.734,687.698
687.737,687.702
687.740,687.706
687.737,687.703
687.740,687.707
687.745,687.714
687.748,687.717
687.750,687.720
687.746,687.715
687.748,687.718
687.750,687.721
687.746,687.716
687.748,687.718
687.753,687.725
687.754,687.727
687.747,687.717
687.752,687.724
687.754,687.726
687.755,687.728
687.759,687.733
687.760,687.735
687.755,687.728
687.756,687.730
687.758,687.731
687.753,687.725
687.747,687.716
687.749,687.719
687.753,687.725
687.755,687.727
687.759,687.733
687.751,687.723
687.753,687.725
687.749,687.719
687.751,687.722
687.752,687.724
687.754,687.726
687.750,687.721
687.752,687.723
687.756,687.729
687.757,687.731
687.758,687.732
687.762,687.737
687.762,687.738
687.763,687.739
687.763,687.740
687.764,687.740
687.764,687.741
687.756,687.730
687.758,687.731
687.758,687.733
687.751,687.723
687.745,687.714
687.747,687.717
687.741,687.708
687.736,687.700
687.733,687.697
687.737,687.702
687.740,687.706
687.737,687.702
687.740,687.706
687.734,687.699
687.732,687.696
687.736,687.701
687.739,687.705
687.734,687.698
687.731,687.695
687.735,687.699
687.738,687.704
687.741,687.708
687.743,687.712
687.738,687.703
687.741,687.707
687.743,687.711
687.745,687.714
687.748,687.717
687.741,687.709
687.747,687.716
687.749,687.719
687.751,687.722
687.744,687.713
687.746,687.716
687.751,687.722
687.753,687.725
687.754,687.727
687.758,687.732
687.751,687.722
687.753,687.725
687.754,687.727
687.755,687.728
687.751,687.723
687.753,687.725
687.754,687.727
687.755,687.729
687.757,687.730
687.758,687.732
687.751,687.722
687.744,687.713
687.738,687.704
687.733,687.697
687.736,687.702
687.742,687.710
687.745,687.713
687.739,687.705
687.742,687.709
687.744,687.712
687.738,687.704
687.733,687.697
687.728,687.690
687.732,687.695
687.730,687.693
687.734,687.698
687.737,687.702
687.740,687.707
687.743,687.710
687.745,687.714
687.747,687.717
687.744,687.712
687.738,687.704
687.733,687.697
687.736,687.701
687.739,687.705
687.742,687.709
687.736,687.701
687.731,687.694
687.729,687.692
687.733,687.697
687.736,687.702
687.734,687.698
687.737,687.703
687.743,687.711
687.737,687.703
687.740,687.707
687.746,687.715
687.740,687.706
687.742,687.710
687.745,687.713
687.739,687.705
687.744,687.713
687.747,687.716
687.741,687.707
687.738,687.704
687.741,687.708
687.743,687.711
687.746,687.715
687.748,687.718
687.750,687.720
687.751,687.723
687.753,687.725
687.749,687.719
687.751,687.722
687.752,687.724
687.749,687.719
687.750,687.721
687.744,687.712
687.746,687.716
687.748,687.718
687.745,687.713
687.747,687.717
687.741,687.708
687.744,687.712
687.746,687.715
687.748,687.718
687.750,687.721
687.752,687.723
687.745,687.714
687.742,687.709
687.736,687.701
687.739,687.706
687.745,687.713
687.747,687.717
687.749,687.719
687.743,687.710
687.745,687.714
687.742,687.709
687.744,687.713
687.747,687.716
687.743,687.711
687.738,687.703
687.740,687.707
687.743,687.711
687.737,687.703
687.740,687.707
687.746,687.715
687.748,687.718
687.750,687.720
687.746,687.715
687.748,687.718
687.745,687.713
687.747,687.716
687.749,687.719
687.751,687.722
687.752,687.724
687.746,687.715
687.748,687.718
687.742,687.709
687.744,687.713
687.746,687.716
687.748,687.719
687.750,687.721
687.744,687.712
687.746,687.715
687.748,687.718
687.742,687.710
687.737,687.702
687.740,687.706
687.734,687.698
687.729,687.692
687.728,687.689
687.731,687.695
687.727,687.688
687.723,687.682
687.727,687.688
687.723,687.682
687.727,687.688
687.723,687.683
687.727,687.689
687.734,687.698
687.729,687.691
687.733,687.696
687.728,687.690
687.732,687.695
687.727,687.689
687.731,687.694
687.734,687.699
687.730,687.692
687.733,687.697
687.737,687.702
687.731,687.695
687.730,687.692
687.733,687.697
687.731,687.694
687.727,687.688
687.731,687.693
687.734,687.698
687.740,687.707
687.743,687.710
687.745,687.714
687.739,687.705
687.734,687.698
687.737,687.703
687.740,687.707
687.735,687.699
687.730,687.692
687.736,687.701
687.739,687.705
687.742,687.709
687.736,687.701
687.739,687.706
687.734,687.698
687.737,687.703
687.732,687.695
687.735,687.700
687.733,687.697
687.737,687.702
687.734,687.698
687.729,687.692
687.733,687.697
687.731,687.694
687.734,687.699
687.730,687.692
687.728,687.690
687.724,687.684
687.728,687.690
687.732,687.695
687.727,687.688
687.731,687.694
687.737,687.703
687.732,687.695
687.735,687.700
687.733,687.697
687.737,687.702
687.734,687.698
687.737,687.703
687.732,687.696
687.728,687.689
687.723,687.683
687.720,687.678
687.724,687.684
687.728,687.690
687.732,687.695
687.735,687.700
687.731,687.693
687.726,687.687
687.722,687.681
687.718,687.676
687.723,687.683
687.730,687.693
687.734,687.698
687.740,687.706
687.742,687.710
687.745,687.713
687.747,687.717
687.749,687.719
687.743,687.710
687.737,687.703
687.740,687.707
687.743,687.710
687.740,687.706
687.734,687.699
687.729,687.692
687.728,687.689
687.724,687.684
687.720,687.678
687.724,687.685
687.720,687.679
687.725,687.685
687.721,687.680
687.725,687.686
687.729,687.692
687.728,687.689
687.732,687.695
687.727,687.688
687.723,687.682
687.719,687.677
687.718,687.676
687.723,687.683
687.727,687.689
687.726,687.687
687.722,687.681
687.718,687.676
687.715,687.671
687.712,687.667
687.717,687.675
687.717,687.674
687.714,687.669
687.719,687.677
687.718,687.676
687.715,687.671
687.720,687.678
687.716,687.673
687.721,687.680
687.726,687.686
687.722,687.681
687.718,687.675
687.715,687.671
687.712,687.667
687.712,687.667
687.717,687.674
687.716,687.673
687.713,687.669
687.710,687.665
687.708,687.661
687.708,687.662
687.706,687.658
687.712,687.667
687.709,687.663
687.707,687.659
687.704,687.656
687.702,687.653
687.701,687.651
687.699,687.648
687.697,687.646
687.699,687.648
687.705,687.658
687.706,687.659
687.712,687.667
687.709,687.663
687.709,687.663
687.715,687.671
687.720,687.678
687.724,687.685
687.729,687.691
687.735,687.700
687.730,687.693
687.726,687.686
687.722,687.681
687.721,687.679
687.717,687.674
687.722,687.681
687.718,687.676
687.723,687.682
687.727,687.688
687.723,687.683
687.730,687.692
687.726,687.686
687.724,687.684
687.728,687.690
687.724,687.684
687.723,687.683
687.719,687.677
687.716,687.672
687.713,687.668
687.713,687.668
687.710,687.664
687.710,687.664
687.707,687.661
687.705,687.657
687.703,687.654
687.712,687.667
687.717,687.675
687.714,687.670
687.714,687.670
687.711,687.666
687.718,687.676
687.715,687.671
687.712,687.667
687.712,687.667
687.717,687.675
687.722,687.681
687.729,687.691
687.733,687.697
687.728,687.690
687.727,687.688
687.723,687.682
687.727,687.688
687.731,687.694
687.726,687.687
687.730,687.693
687.734,687.698
687.737,687.702
687.732,687.695
687.735,687.700
687.730,687.693
687.734,687.698
687.729,687.691
687.733,687.696
687.728,687.690
687.732,687.695
687.707,687.661
687.713,687.669
687.710,687.665
687.716,687.672
687.721,687.679
687.720,687.678
687.724,687.685
687.729,687.691
687.727,687.688
687.731,687.694
687.734,687.699
687.738,687.703
687.740,687.707
687.735,687.700
687.738,687.704
687.741,687.708
687.743,687.712
687.740,687.707
687.735,687.700
687.730,687.693
687.734,687.698
687.729,687.691
687.725,687.685
687.723,687.683
687.728,687.689
687.726,687.686
687.730,687.692
687.725,687.686
687.729,687.691
687.725,687.685
687.729,687.691
687.733,687.696
687.728,687.690
687.732,687.695
687.730,687.692
687.733,687.697
687.729,687.691
687.724,687.684
687.723,687.683
687.719,687.677
687.716,687.673
687.716,687.672
687.713,687.668
687.710,687.664
687.707,687.660
687.708,687.661
687.713,687.669
687.713,687.669
687.710,687.665
687.716,687.673
687.713,687.668
687.705,687.657
687.703,687.654
687.701,687.651
687.702,687.653
687.708,687.662
687.708,687.662
687.706,687.659
687.712,687.667
687.712,687.667
687.717,687.675
687.714,687.670
687.711,687.666
687.711,687.666
687.717,687.673
687.713,687.669
687.719,687.676
687.715,687.672
687.712,687.667
687.720,687.679
687.717,687.674
687.714,687.669
687.719,687.677
687.723,687.683
687.728,687.689
687.726,687.687
687.722,687.681
687.718,687.676
687.723,687.683
687.727,687.689
687.731,687.694
687.729,687.692
687.725,687.685
687.721,687.680
687.720,687.678
687.717,687.674
687.713,687.669
687.711,687.665
687.711,687.665
687.708,687.661
687.708,687.662
687.714,687.670
687.711,687.666
687.716,687.673
687.716,687.673
687.713,687.668
687.710,687.664
687.708,687.661
687.705,687.657
687.703,687.655
687.704,687.656
687.702,687.653
687.708,687.662
687.709,687.662
687.706,687.659
687.712,687.667
687.712,687.667
687.709,687.663
687.707,687.660
687.705,687.657
687.705,687.658
687.703,687.655
687.709,687.663
687.710,687.664
687.715,687.672
687.712,687.667
687.712,687.667
687.709,687.663
687.715,687.671
687.712,687.667
687.709,687.663
687.707,687.660
687.707,687.660
687.713,687.668
687.710,687.664
687.716,687.672
687.721,687.679
687.717,687.674
687.722,687.681
687.729,687.691
687.725,687.685
687.721,687.679
687.725,687.686
687.729,687.691
687.725,687.685
687.721,687.680
687.725,687.686
687.721,687.680
687.718,687.675
687.714,687.671
687.711,687.666
687.709,687.663
687.706,687.659
687.704,687.656
687.702,687.653
687.708,687.662
687.714,687.670
687.711,687.666
687.716,687.673
687.716,687.673
687.721,687.680
687.725,687.686
687.724,687.684
687.720,687.679
687.725,687.685
687.721,687.680
687.725,687.686
687.721,687.680
687.718,687.675
687.717,687.674
687.722,687.681
687.726,687.687
687.725,687.685
687.729,687.691
687.727,687.689
687.731,687.694
687.727,687.688
687.725,687.686
687.729,687.692
687.725,687.685
687.721,687.680
687.720,687.678
687.717,687.674
687.716,687.673
687.713,687.669
687.710,687.665
687.708,687.661
687.716,687.673
687.721,687.680
687.717,687.675
687.714,687.670
687.711,687.666
687.717,687.674
687.722,687.681
687.721,687.679
687.725,687.686
687.721,687.680
687.726,687.686
687.730,687.692
687.725,687.686
687.724,687.684
687.720,687.678
687.717,687.674
687.721,687.680
687.726,687.687
687.722,687.681
687.718,687.676
687.715,687.671
687.712,687.667
687.709,687.663
687.717,687.675
687.714,687.670
687.711,687.666
687.711,687.666
687.717,687.674
687.722,687.681
687.718,687.675
687.715,687.671
687.720,687.678
687.719,687.677
687.724,687.684
687.720,687.678
687.716,687.673
687.716,687.673
687.713,687.668
687.713,687.668
687.710,687.664
687.707,687.661
687.705,687.657
687.706,687.658
687.704,687.655
687.710,687.664
687.707,687.660
687.705,687.657
687.703,687.654
687.704,687.655
687.710,687.664
687.707,687.661
687.705,687.657
687.706,687.658
687.704,687.655
687.710,687.664
687.707,687.660
687.713,687.668
687.718,687.676
687.726,687.686
687.730,687.692
687.725,687.686
687.721,687.680
687.726,687.686
687.730,687.692
687.728,687.690
687.732,687.695
687.727,687.689
687.723,687.683
687.722,687.681
687.718,687.676
687.715,687.671
687.712,687.667
687.709,687.663
687.707,687.660
687.707,687.660
687.705,687.657
687.711,687.666
687.708,687.662
687.706,687.659
687.704,687.655
687.705,687.657
687.711,687.665
687.708,687.661
687.706,687.658
687.712,687.666
687.709,687.663
687.706,687.659
687.704,687.656
687.710,687.665
687.708,687.661
687.705,687.658
687.711,687.666
687.709,687.662
687.709,687.663
687.707,687.659
687.707,687.660
687.705,687.657
687.703,687.654
687.709,687.663
687.717,687.675
687.722,687.681
687.718,687.676
687.718,687.675
687.715,687.671
687.712,687.666
687.709,687.663
687.714,687.671
687.720,687.678
687.719,687.677
687.715,687.672
687.720,687.679
687.725,687.685
687.729,687.691
687.725,687.685
687.721,687.680
687.725,687.686
687.721,687.680
687.718,687.675
687.714,687.670
687.711,687.666
687.717,687.674
687.716,687.673
687.721,687.680
687.726,687.686
687.722,687.681
687.718,687.675
687.715,687.671
687.720,687.678
687.727,687.688
687.723,687.682
687.727,687.689
687.723,687.683
687.719,687.677
687.724,687.684
687.720,687.678
687.717,687.673
687.713,687.669
687.713,687.669
687.710,687.665
687.716,687.672
687.713,687.668
687.713,687.668
687.718,687.675
687.715,687.671
687.714,687.670
687.719,687.678
687.724,687.684
687.720,687.679
687.725,687.685
687.721,687.679
687.720,687.678
687.724,687.685
687.721,687.679
687.717,687.674
687.722,687.681
687.726,687.687
687.717,687.674
687.722,687.681
687.718,687.676
687.715,687.671
687.714,687.671
687.711,687.666
687.709,687.663
687.709,687.663
687.707,687.659
687.704,687.656
687.705,687.657
687.711,687.666
687.709,687.662
687.706,687.659
687.704,687.656
687.702,687.653
687.700,687.650
687.693,687.641
687.692,687.639
687.700,687.649
687.701,687.651
687.699,687.649
687.698,687.647
687.699,687.648
687.697,687.646
687.696,687.645
687.703,687.654
687.709,687.663
687.707,687.659
687.704,687.656
687.711,687.665
687.708,687.661
687.706,687.658
687.698,687.647
687.697,687.645
687.695,687.644
687.694,687.642
687.693,687.641
687.692,687.639
687.700,687.649
687.701,687.651
687.699,687.649
687.706,687.658
687.703,687.655
687.702,687.652
687.700,687.650
687.698,687.648
687.700,687.649
687.706,687.659
687.712,687.667
687.704,687.655
687.702,687.653
687.700,687.650
687.698,687.648
687.697,687.646
687.698,687.648
687.697,687.646
687.698,687.648
687.697,687.646
687.696,687.644
687.695,687.642
687.693,687.641
687.695,687.643
687.694,687.642
687.696,687.644
687.695,687.642
687.694,687.641
687.693,687.640
687.694,687.642
687.693,687.641
687.692,687.639
687.692,687.638
687.699,687.648
687.697,687.646
687.699,687.648
687.705,687.658
687.703,687.655
687.696,687.644
687.695,687.643
687.694,687.641
687.701,687.651
687.707,687.660
687.705,687.657
687.703,687.654
687.704,687.655
687.702,687.652
687.700,687.650
687.701,687.652
687.699,687.649
687.706,687.658
687.704,687.655
687.702,687.653
687.700,687.650
687.690,687.636
687.684,687.628
687.684,687.628
687.684,687.628
687.684,687.628
687.684,687.627
687.684,687.627
687.679,687.620
687.679,687.620
687.688,687.632
687.687,687.632
687.690,687.635
687.689,687.634
687.688,687.634
687.691,687.637
687.698,687.647
687.697,687.645
687.695,687.643
687.694,687.642
687.693,687.640
687.692,687.639
687.694,687.642
687.693,687.640
687.692,687.639
687.691,687.638
687.690,687.637
687.685,687.628
687.684,687.628
687.684,687.628
687.692,687.639
687.699,687.649
687.698,687.647
687.696,687.645
687.690,687.636
687.689,687.635
687.689,687.634
687.696,687.645
687.703,687.654
687.709,687.663
687.707,687.660
687.707,687.660
687.713,687.668
687.710,687.664
687.708,687.661
687.716,687.673
687.713,687.668
687.713,687.668
687.710,687.664
687.707,687.661
687.690,687.636
687.690,687.636
687.689,687.635
687.689,687.634
687.683,687.626
687.683,687.626
687.683,687.626
687.683,687.626
687.686,687.630
687.685,687.629
687.685,687.629
687.688,687.633
687.687,687.632
687.687,687.632
687.687,687.631
687.689,687.634
687.688,687.634
687.688,687.633
687.682,687.625
687.682,687.625
687.682,687.625
687.683,687.625
687.683,687.625
687.677,687.618
687.678,687.619
687.685,687.629
687.685,687.628
687.685,687.628
687.685,687.628
687.684,687.628
687.684,687.628
687.684,687.628
687.687,687.631
687.687,687.631
687.686,687.631
687.686,687.630
687.688,687.634
687.683,687.625
687.683,687.626
687.691,687.637
687.693,687.640
687.692,687.639
687.691,687.637
687.690,687.636
687.684,687.628
687.684,687.628
687.676,687.616
687.677,687.617
687.677,687.618
687.686,687.630
687.686,687.630
687.686,687.630
687.688,687.633
687.688,687.633
687.687,687.632
687.687,687.631
687.687,687.631
687.694,687.642
687.693,687.640
687.692,687.639
687.694,687.642
687.693,687.640
687.692,687.639
687.691,687.638
687.691,687.637
687.698,687.647
687.697,687.645
687.695,687.643
687.697,687.646
687.696,687.644
687.702,687.654
687.693,687.640
687.692,687.638
687.686,687.630
687.685,687.629
687.685,687.629
687.680,687.621
687.680,687.622
687.680,687.622
687.681,687.623
687.681,687.623
687.681,687.623
687.689,687.635
687.689,687.634
687.688,687.633
687.691,687.637
687.682,687.624
687.682,687.624
687.682,687.625
687.677,687.617
687.677,687.618
687.678,687.619
687.681,687.624
687.681,687.624
687.682,687.624
687.682,687.624
687.682,687.624
687.685,687.629
687.685,687.628
687.685,687.628
687.687,687.632
687.687,687.631
687.687,687.631
687.686,687.631
687.686,687.630
687.688,687.634
687.683,687.625
687.691,687.637
687.690,687.636
687.692,687.639
687.691,687.638
687.690,687.637
687.698,687.647
687.696,687.645
687.695,687.643
687.697,687.645
687.695,687.644
687.694,687.642
687.693,687.641
687.695,687.643
687.694,687.641
687.701,687.651
687.699,687.649
687.698,687.647
687.696,687.645
687.695,687.643
687.694,687.642
687.688,687.633
687.687,687.632
687.687,687.632
687.687,687.631
687.686,687.631
687.686,687.630
687.686,687.630
687.685,687.629
687.685,687.629
687.685,687.629
687.685,687.629
687.685,687.629
687.685,687.628
687.677,687.617
687.677,687.618
687.678,687.619
687.678,687.619
687.682,687.624
687.682,687.624
687.674,687.613
687.675,687.614
687.676,687.615
687.676,687.616
687.677,687.617
687.678,687.618
687.670,687.608
687.674,687.613
687.675,687.615
687.676,687.616
687.676,687.617
687.677,687.618
687.678,687.619
687.678,687.619
687.679,687.620
687.682,687.624
687.677,687.617
687.677,687.618
687.670,687.607
687.666,687.602
687.668,687.604
687.669,687.606
687.670,687.608
687.672,687.610
687.673,687.611
687.668,687.605
687.670,687.607
687.671,687.609
687.672,687.611
687.668,687.605
687.669,687.607
687.671,687.609
687.672,687.610
687.673,687.612
687.669,687.606
687.670,687.608
687.671,687.610
687.675,687.615
687.668,687.605
687.661,687.595
687.664,687.598
687.657,687.590
687.660,687.593
687.662,687.596
687.664,687.599
687.666,687.602
687.668,687.604
687.661,687.595
687.666,687.602
687.668,687.604
687.669,687.606
687.670,687.608
687.674,687.614
687.675,687.615
687.676,687.616
687.677,687.617
687.677,687.618
687.670,687.607
687.671,687.609
687.672,687.611
687.673,687.612
687.674,687.614
687.675,687.615
687.676,687.616
687.679,687.621
687.680,687.621
687.680,687.622
687.680,687.622
687.681,687.623
687.681,687.623
687.681,687.623
687.681,687.624
687.682,687.624
687.682,687.624
687.682,687.624
687.682,687.625
687.682,687.625
687.677,687.617
687.670,687.607
687.671,687.609
687.667,687.603
687.671,687.609
687.672,687.611
687.673,687.612
687.674,687.613
687.678,687.619
687.678,687.619
687.679,687.620
687.674,687.613
687.675,687.614
687.676,687.616
687.676,687.617
687.677,687.618
687.678,687.618
687.686,687.631
687.686,687.630
687.686,687.630
687.680,687.622
687.680,687.622
687.681,687.623
687.681,687.623
687.681,687.623
687.684,687.628
687.684,687.627
687.684,687.627
687.687,687.631
687.686,687.631
687.686,687.630
687.678,687.619
687.678,687.619
687.673,687.612
687.674,687.614
687.675,687.615
687.671,687.608
687.672,687.610
687.673,687.612
687.674,687.613
687.675,687.614
687.678,687.619
687.679,687.620
687.679,687.621
687.680,687.621
687.680,687.622
687.688,687.634
687.688,687.633
687.688,687.632
687.690,687.636
687.689,687.635
687.697,687.645
687.690,687.636
687.689,687.635
687.689,687.634
687.680,687.622
687.681,687.623
687.684,687.627
687.684,687.627
687.684,687.627
687.686,687.631
687.686,687.630
687.686,687.630
687.685,687.629
687.685,687.629
687.688,687.633
687.687,687.632
687.687,687.632
687.687,687.631
687.689,687.634
687.688,687.634
687.688,687.633
687.688,687.632
687.690,687.636
687.689,687.635
687.689,687.634
687.688,687.633
687.680,687.621
687.680,687.622
687.680,687.622
687.683,687.627
687.683,687.627
687.683,687.627
687.683,687.627
687.678,687.619
687.679,687.620
687.679,687.620
687.679,687.621
687.680,687.621
687.683,687.626
687.683,687.626
687.683,687.626
687.678,687.618
687.673,687.612
687.674,687.613
687.667,687.603
687.668,687.605
687.662,687.596
687.658,687.591
687.661,687.595
687.663,687.598
687.668,687.604
687.672,687.610
687.673,687.612
687.674,687.613
687.675,687.614
687.676,687.615
687.671,687.609
687.672,687.611
687.676,687.616
687.679,687.621
687.680,687.621
687.680,687.622
687.680,687.622
687.683,687.627
687.683,687.627
687.683,687.627
687.686,687.630
687.678,687.619
687.678,687.619
687.679,687.620
687.679,687.621
687.680,687.621
687.680,687.622
687.680,687.622
687.681,687.623
687.681,687.623
687.681,687.623
687.681,687.624
687.682,687.624
687.676,687.617
687.677,687.618
687.678,687.618
687.678,687.619
687.679,687.620
687.679,687.620
687.688,687.632
687.690,687.636
687.689,687.635
687.689,687.634
687.688,687.633
687.688,687.633
687.687,687.632
687.687,687.632
687.681,687.624
687.681,687.624
687.674,687.613
687.674,687.614
687.675,687.615
687.676,687.616
687.671,687.610
687.673,687.611
687.674,687.613
687.669,687.606
687.671,687.608
687.672,687.610
687.673,687.612
687.674,687.613
687.675,687.614
687.668,687.604
687.669,687.606
687.662,687.597
687.667,687.604
687.669,687.606
687.670,687.608
687.671,687.610
687.664,687.600
687.666,687.602
687.660,687.593
687.662,687.596
687.664,687.599
687.666,687.602
687.670,687.608
687.672,687.610
687.673,687.611
687.674,687.613
687.677,687.618
687.678,687.619
687.670,687.608
687.672,687.610
687.673,687.611
687.668,687.605
687.670,687.607
687.671,687.609
687.672,687.611
687.676,687.616
687.677,687.617
687.677,687.618
687.678,687.619
687.678,687.619
687.679,687.620
687.679,687.621
687.680,687.621
687.683,687.626
687.683,687.626
687.683,687.626
687.683,687.626
687.686,687.630
687.685,687.629
687.685,687.629
687.685,687.629
687.688,687.633
687.687,687.632
687.687,687.631
687.678,687.620
687.674,687.613
687.674,687.614
687.675,687.615
687.668,687.605
687.670,687.607
687.671,687.609
687.672,687.610
687.673,687.612
687.674,687.613
687.670,687.607
687.671,687.609
687.664,687.599
687.661,687.594
687.663,687.597
687.657,687.589
687.651,687.581
687.654,687.585
687.652,687.582
687.655,687.586
687.657,687.590
687.652,687.582
687.658,687.590
687.653,687.584
687.656,687.588
687.659,687.591
687.653,687.583
687.656,687.587
687.650,687.580
687.646,687.573
687.644,687.570
687.642,687.568
687.646,687.574
687.650,687.579
687.653,687.583
687.648,687.576
687.654,687.585
687.657,687.589
687.651,687.581
687.646,687.574
687.644,687.571
687.643,687.569
687.639,687.563
687.643,687.569
687.647,687.575
687.650,687.580
687.653,687.584
687.656,687.588
687.652,687.582
687.658,687.591
687.660,687.594
687.663,687.597
687.657,687.589
687.654,687.585
687.649,687.577
687.652,687.582
687.655,687.586
687.658,687.590
687.652,687.582
687.647,687.575
687.650,687.580
687.654,687.584
687.656,687.588
687.651,687.581
687.657,687.589
687.659,687.592
687.662,687.596
687.658,687.591
687.661,687.594
687.655,687.586
687.658,687.590
687.652,687.582
687.655,687.586
687.659,687.592
687.653,687.584
687.656,687.588
687.650,687.580
687.646,687.573
687.649,687.578
687.644,687.571
687.648,687.577
687.651,687.581
687.649,687.578
687.647,687.575
687.651,687.580
687.646,687.573
687.644,687.571
687.648,687.576
687.643,687.569
687.647,687.575
687.642,687.568
687.641,687.566
687.645,687.572
687.649,687.577
687.652,687.582
687.650,687.579
687.653,687.583
687.656,687.587
687.658,687.591
687.661,687.594
687.658,687.590
687.660,687.593
687.662,687.596
687.656,687.588
687.651,687.580
687.654,687.585
687.657,687.589
687.659,687.592
687.662,687.596
687.666,687.602
687.660,687.593
687.662,687.596
687.656,687.588
687.653,687.584
687.656,687.588
687.659,687.592
687.661,687.595
687.658,687.591
687.660,687.594
687.663,687.597
687.665,687.600
687.669,687.606
687.670,687.608
687.672,687.610
687.673,687.611
687.674,687.613
687.675,687.614
687.667,687.604
687.669,687.606
687.670,687.608
687.672,687.610
687.675,687.615
687.676,687.616
687.677,687.617
687.677,687.618
687.673,687.611
687.666,687.601
687.659,687.592
687.654,687.584
687.656,687.588
687.651,687.581
687.649,687.577
687.647,687.575
687.650,687.579
687.653,687.584
687.656,687.588
687.651,687.580
687.649,687.577
687.644,687.571
687.648,687.576
687.651,687.581
687.654,687.585
687.657,687.589
687.659,687.593
687.654,687.584
687.656,687.588
687.659,687.592
687.661,687.595
687.658,687.591
687.653,687.583
687.647,687.576
687.643,687.569
687.649,687.578
687.647,687.575
687.651,687.580
687.654,687.585
687.657,687.589
687.654,687.585
687.657,687.589
687.651,687.581
687.646,687.574
687.642,687.568
687.640,687.566
687.644,687.571
687.648,687.577
687.643,687.570
687.647,687.575
687.651,687.580
687.654,687.585
687.657,687.589
687.651,687.581
687.654,687.585
687.657,687.589
687.654,687.585
687.649,687.578
687.644,687.571
687.640,687.565
687.644,687.571
687.642,687.568
687.638,687.563
687.643,687.569
687.646,687.574
687.642,687.568
687.646,687.573
687.649,687.578
687.653,687.583
687.656,687.587
687.658,687.591
687.653,687.583
687.650,687.580
687.653,687.584
687.648,687.577
687.643,687.570
687.642,687.568
687.646,687.573
687.649,687.578
687.653,687.583
687.656,687.587
687.653,687.583
687.650,687.580
687.654,687.584
687.648,687.577
687.644,687.570
687.650,687.579
687.653,687.584
687.656,687.588
687.651,687.580
687.654,687.585
687.659,687.592
687.662,687.596
687.664,687.599
687.666,687.601
687.667,687.604
687.661,687.595
687.663,687.598
687.665,687.600
687.661,687.595
687.663,687.598
687.657,687.590
687.660,687.593
687.657,687.589
687.659,687.592
687.662,687.596
687.656,687.587
687.650,687.580
687.653,687.584
687.656,687.588
687.659,687.592
687.661,687.595
687.663,687.598
687.660,687.593
687.657,687.589
687.659,687.592
687.662,687.596
687.658,687.591
687.661,687.594
687.663,687.597
687.657,687.589
687.651,687.581
687.654,687.585
687.657,687.589
687.660,687.593
687.662,687.596
687.664,687.599
687.658,687.590
687.655,687.586
687.650,687.579
687.645,687.572
687.640,687.566
687.636,687.560
687.636,687.559
687.632,687.554
687.629,687.549
687.634,687.557
687.631,687.552
687.628,687.548
687.625,687.544
687.622,687.540
687.628,687.548
687.625,687.545
687.623,687.541
687.629,687.549
687.626,687.545
687.631,687.553
687.631,687.552
687.631,687.552
687.628,687.548
687.625,687.544
687.622,687.540
687.620,687.537
687.629,687.549
687.629,687.549
687.634,687.557
687.631,687.552
687.628,687.548
687.625,687.544
687.622,687.540
687.620,687.537
687.629,687.549
687.637,687.561
687.633,687.555
687.630,687.551
687.627,687.547
687.624,687.543
687.622,687.540
687.622,687.540
687.623,687.541
687.621,687.538
687.627,687.546
687.624,687.542
687.630,687.550
687.629,687.550
687.627,687.546
687.624,687.542
687.622,687.539
687.619,687.536
687.617,687.533
687.616,687.531
687.622,687.540
687.628,687.548
687.633,687.555
687.638,687.562
687.634,687.557
687.639,687.564
687.643,687.570
687.639,687.564
687.638,687.562
687.645,687.572
687.641,687.566
687.637,687.560
687.641,687.566
687.640,687.565
687.636,687.559
687.640,687.566
687.644,687.571
687.648,687.577
687.643,687.570
687.639,687.564
687.643,687.570
687.647,687.575
687.651,687.580
687.656,687.588
687.654,687.585
687.649,687.577
687.652,687.582
687.658,687.590
687.663,687.597
687.665,687.600
687.659,687.591
687.661,687.595
687.655,687.586
687.650,687.579
687.653,687.583
687.648,687.576
687.651,687.581
687.646,687.574
687.650,687.579
687.648,687.576
687.646,687.573
687.649,687.578
687.645,687.571
687.648,687.577
687.646,687.574
687.650,687.579
687.645,687.572
687.649,687.577
687.644,687.571
687.640,687.565
687.644,687.570
687.648,687.576
687.643,687.569
687.639,687.563
687.635,687.558
687.632,687.553
687.637,687.560
687.633,687.555
687.630,687.550
687.629,687.550
687.635,687.557
687.631,687.553
687.628,687.548
687.636,687.560
687.635,687.558
687.640,687.565
687.636,687.559
687.641,687.566
687.639,687.564
687.643,687.570
687.639,687.564
687.643,687.570
687.639,687.564
687.643,687.570
687.642,687.568
687.646,687.573
687.641,687.567
687.637,687.561
687.636,687.560
687.633,687.555
687.630,687.550
687.635,687.558
687.639,687.564
687.636,687.559
687.640,687.565
687.636,687.560
687.641,687.566
687.637,687.560
687.641,687.567
687.637,687.561
687.636,687.560
687.635,687.559
687.640,687.565
687.636,687.559
687.633,687.554
687.632,687.554
687.637,687.561
687.633,687.556
687.638,687.562
687.634,687.557
687.639,687.564
687.643,687.570
687.639,687.564
687.643,687.570
687.639,687.564
687.643,687.570
687.647,687.575
687.645,687.572
687.641,687.566
687.645,687.572
687.640,687.566
687.647,687.575
687.645,687.573
687.649,687.578
687.644,687.571
687.640,687.565
687.644,687.571
687.640,687.565
687.636,687.559
687.632,687.554
687.637,687.561
687.634,687.556
687.630,687.551
687.627,687.547
687.633,687.555
687.637,687.561
687.642,687.568
687.638,687.562
687.634,687.557
687.631,687.552
687.630,687.551
687.630,687.551
687.635,687.558
687.632,687.553
687.637,687.560
687.641,687.567
687.640,687.565
687.639,687.563
687.643,687.569
687.647,687.575
687.638,687.563
687.635,687.557
687.631,687.553
687.636,687.560
687.641,687.566
687.645,687.572
687.643,687.569
687.639,687.563
687.635,687.558
687.640,687.565
687.636,687.559
687.635,687.558
687.640,687.564
687.636,687.559
687.632,687.554
687.637,687.561
687.634,687.556
687.633,687.555
687.638,687.562
687.642,687.568
687.646,687.574
687.642,687.567
687.638,687.562
687.642,687.568
687.646,687.573
687.635,687.558
687.640,687.564
687.644,687.570
687.639,687.564
687.644,687.570
687.647,687.576
687.643,687.569
687.641,687.567
687.640,687.565
687.644,687.571
687.648,687.576
687.643,687.570
687.639,687.564
687.638,687.562
687.634,687.557
687.639,687.564
687.635,687.558
687.640,687.565
687.636,687.559
687.640,687.566
687.636,687.560
687.641,687.566
687.645,687.572
687.649,687.577
687.644,687.571
687.642,687.568
687.646,687.574
687.650,687.579
687.653,687.583
687.648,687.576
687.646,687.573
687.644,687.571
687.648,687.576
687.651,687.581
687.654,687.585
687.652,687.582
687.649,687.578
687.645,687.572
687.640,687.565
687.636,687.560
687.633,687.555
687.638,687.562
687.642,687.568
687.646,687.573
687.649,687.578
687.645,687.572
687.648,687.577
687.652,687.582
687.649,687.578
687.647,687.575
687.651,687.581
687.646,687.574
687.650,687.579
687.645,687.572
687.640,687.566
687.645,687.571
687.643,687.569
687.639,687.563
687.635,687.558
687.632,687.553
687.636,687.560
687.633,687.555
687.632,687.554
687.632,687.554
687.629,687.549
687.626,687.545
687.623,687.542
687.629,687.550
687.637,687.561
687.633,687.556
687.638,687.562
687.634,687.557
687.639,687.564
687.643,687.570
687.647,687.575
687.621,687.538
687.627,687.546
687.632,687.554
687.637,687.561
687.641,687.567
687.645,687.573
687.641,687.566
687.645,687.572
687.649,687.577
687.647,687.574
687.650,687.579
687.645,687.572
687.649,687.578
687.652,687.582
687.647,687.575
687.651,687.580
687.648,687.577
687.646,687.574
687.650,687.579
687.645,687.572
687.643,687.570
687.639,687.564
687.643,687.570
687.639,687.564
687.643,687.570
687.639,687.564
687.643,687.570
687.634,687.556
687.630,687.552
687.628,687.547
687.625,687.544
687.622,687.540
687.620,687.537
687.618,687.534
687.616,687.532
687.615,687.529
687.613,687.527
687.612,687.525
687.619,687.535
687.617,687.532
687.615,687.530
687.614,687.528
687.615,687.529
687.613,687.527
687.612,687.525
687.611,687.524
687.618,687.533
687.616,687.531
687.622,687.540
687.628,687.548
687.628,687.548
687.628,687.548
687.625,687.544
687.631,687.552
687.636,687.559
687.632,687.554
687.629,687.550
687.634,687.557
687.634,687.556
687.638,687.563
687.635,687.557
687.631,687.553
687.628,687.548
687.625,687.544
687.623,687.541
687.623,687.541
687.624,687.542
687.629,687.550
687.627,687.546
687.624,687.542
687.630,687.550
687.627,687.546
687.624,687.542
687.622,687.539
687.622,687.540
687.623,687.541
687.623,687.541
687.629,687.549
687.634,687.557
687.631,687.552
687.628,687.548
687.625,687.544
687.625,687.544
687.625,687.544
687.623,687.541
687.621,687.538
687.621,687.539
687.619,687.536
687.617,687.533
687.616,687.530
687.614,687.528
687.613,687.526
687.619,687.536
687.625,687.544
687.623,687.541
687.621,687.538
687.619,687.535
687.617,687.532
687.623,687.541
687.621,687.538
687.619,687.535
687.620,687.536
687.626,687.545
687.631,687.552
687.636,687.559
687.633,687.554
687.629,687.550
687.626,687.546
687.624,687.542
687.624,687.543
687.622,687.539
687.620,687.536
687.626,687.545
687.623,687.541
687.621,687.538
687.629,687.550
687.627,687.546
687.632,687.554
687.637,687.561
687.633,687.555
687.633,687.555
687.629,687.550
687.635,687.557
687.631,687.553
687.636,687.560
687.641,687.566
687.637,687.560
687.641,687.567
687.645,687.572
687.641,687.566
687.645,687.572
687.641,687.566
687.637,687.560
687.633,687.555
687.630,687.550
687.627,687.546
687.624,687.543
687.622,687.539
687.620,687.536
687.626,687.545
687.623,687.541
687.629,687.549
687.634,687.557
687.633,687.556
687.638,687.562
687.634,687.557
687.631,687.552
687.628,687.548
687.625,687.544
687.623,687.541
687.629,687.549
687.626,687.545
687.631,687.553
687.628,687.548
687.625,687.544
687.623,687.541
687.629,687.549
687.626,687.545
687.631,687.553
687.631,687.552
687.628,687.548
687.633,687.555
687.630,687.551
687.627,687.547
687.627,687.547
687.627,687.547
687.624,687.543
687.622,687.540
687.620,687.536
687.626,687.545
687.623,687.541
687.621,687.538
687.622,687.539
687.622,687.540
687.620,687.537
687.626,687.545
687.623,687.541
687.621,687.538
687.619,687.535
687.617,687.533
687.618,687.534
687.619,687.535
687.620,687.536
687.618,687.534
687.616,687.531
687.614,687.529
687.621,687.538
687.619,687.535
687.625,687.544
687.625,687.544
687.617,687.533
687.618,687.534
687.617,687.532
687.615,687.530
687.613,687.527
687.612,687.526
687.611,687.524
687.610,687.522
687.617,687.532
687.618,687.534
687.619,687.535
687.612,687.525
687.610,687.523
687.609,687.521
687.608,687.520
687.607,687.519
687.607,687.518
687.606,687.517
687.608,687.520
687.602,687.511
687.609,687.522
687.609,687.520
687.608,687.519
687.607,687.518
687.606,687.517
687.605,687.516
687.607,687.519
687.601,687.510
687.609,687.521
687.608,687.520
687.607,687.519
687.607,687.518
687.606,687.517
687.605,687.516
687.604,687.515
687.604,687.514
687.603,687.513
687.611,687.524
687.610,687.522
687.609,687.521
687.608,687.520
687.607,687.519
687.614,687.529
687.613,687.527
687.612,687.525
687.610,687.523
687.609,687.522
687.608,687.520
687.607,687.519
687.607,687.518
687.614,687.528
687.615,687.530
687.622,687.539
687.620,687.536
687.618,687.533
687.616,687.531
687.622,687.540
687.620,687.537
687.613,687.526
687.614,687.528
687.615,687.530
687.622,687.539
687.620,687.536
687.618,687.534
687.616,687.531
687.614,687.529
687.613,687.527
687.606,687.517
687.606,687.516
687.605,687.515
687.604,687.515
687.604,687.514
687.603,687.513
687.606,687.517
687.608,687.519
687.615,687.530
687.613,687.527
687.612,687.526
687.611,687.524
687.610,687.522
687.617,687.532
687.618,687.534
687.619,687.535
687.617,687.532
687.615,687.530
687.614,687.528
687.612,687.526
687.611,687.524
687.610,687.522
687.611,687.525
687.613,687.527
687.612,687.525
687.610,687.523
687.609,687.522
687.608,687.520
687.610,687.523
687.609,687.521
687.616,687.531
687.615,687.529
687.605,687.515
687.604,687.515
687.604,687.514
687.603,687.513
687.611,687.524
687.610,687.522
687.609,687.521
687.608,687.520
687.607,687.519
687.606,687.517
687.606,687.516
687.605,687.516
687.604,687.515
687.604,687.514
687.603,687.513
687.603,687.513
687.603,687.512
687.602,687.512
687.602,687.511
687.602,687.511
687.601,687.510
687.596,687.503
687.591,687.495
687.592,687.497
687.600,687.509
687.600,687.509
687.608,687.520
687.615,687.530
687.614,687.528
687.612,687.526
687.614,687.528
687.615,687.530
687.614,687.528
687.612,687.526
687.611,687.524
687.610,687.522
687.617,687.532
687.623,687.541
687.629,687.549
687.634,687.557
687.639,687.563
687.635,687.558
687.640,687.564
687.638,687.563
687.635,687.557
687.631,687.553
687.636,687.560
687.641,687.566
687.639,687.564
687.638,687.563
687.635,687.557
687.631,687.553
687.628,687.548
687.633,687.556
687.630,687.551
687.635,687.558
687.640,687.565
687.644,687.571
687.648,687.576
687.651,687.581
687.649,687.578
687.644,687.571
687.648,687.576
687.651,687.581
687.649,687.578
687.652,687.582
687.647,687.575
687.643,687.569
687.646,687.574
687.642,687.568
687.638,687.562
687.634,687.557
687.631,687.552
687.628,687.548
687.633,687.555
687.630,687.551
687.627,687.547
687.632,687.554
687.632,687.553
687.637,687.560
687.633,687.555
687.638,687.562
687.634,687.557
687.633,687.556
687.633,687.555
687.638,687.562
687.642,687.568
687.646,687.573
687.644,687.571
687.643,687.569
687.638,687.563
687.643,687.569
687.639,687.563
687.643,687.569
687.647,687.575
687.642,687.568
687.646,687.574
687.650,687.579
687.645,687.572
687.640,687.566
687.636,687.560
687.641,687.566
687.645,687.572
687.641,687.566
687.637,687.560
687.641,687.567
687.637,687.561
687.641,687.567
687.645,687.573
687.641,687.566
687.637,687.561
687.619,687.535
687.617,687.532
687.615,687.530
687.622,687.539
687.619,687.536
687.617,687.533
687.616,687.531
687.614,687.528
687.621,687.538
687.619,687.535
687.625,687.543
687.630,687.551
687.627,687.547
687.633,687.555
687.637,687.561
687.634,687.556
687.630,687.552
687.628,687.547
687.625,687.544
687.625,687.544
687.617,687.533
687.616,687.530
687.614,687.528
687.621,687.538
687.618,687.535
687.624,687.543
687.625,687.543
687.625,687.544
687.631,687.552
687.628,687.547
687.625,687.544
687.630,687.551
687.627,687.547
687.627,687.547
687.625,687.543
687.622,687.540
687.620,687.537
687.618,687.534
687.616,687.531
687.615,687.529
687.621,687.538
687.622,687.539
687.620,687.536
687.626,687.545
687.631,687.552
687.628,687.548
687.625,687.544
687.623,687.541
687.629,687.549
687.626,687.545
687.631,687.553
687.636,687.560
687.641,687.566
687.645,687.572
687.640,687.566
687.636,687.560
687.641,687.566
687.637,687.561
687.633,687.556
687.630,687.551
687.627,687.547
687.633,687.554
687.629,687.550
687.634,687.557
687.639,687.564
687.638,687.562
687.642,687.568
687.638,687.562
687.642,687.569
687.638,687.563
687.635,687.557
687.631,687.553
687.623,687.541
687.623,687.541
687.616,687.531
687.614,687.528
687.613,687.526
687.611,687.524
687.610,687.523
687.609,687.521
687.616,687.531
687.615,687.529
687.613,687.527
687.612,687.525
687.611,687.523
687.609,687.522
687.600,687.509
687.600,687.509
687.592,687.497
687.593,687.498
687.593,687.499
687.597,687.504
687.597,687.504
687.597,687.504
687.597,687.505
687.597,687.505
687.598,687.505
687.598,687.505
687.598,687.505
687.606,687.517
687.608,687.520
687.607,687.518
687.606,687.517
687.606,687.516
687.605,687.515
687.604,687.515
687.604,687.514
687.603,687.513
687.606,687.517
687.605,687.516
687.604,687.515
687.604,687.514
687.603,687.513
687.603,687.513
687.603,687.512
687.602,687.512
687.602,687.511
687.602,687.511
687.601,687.510
687.604,687.514
687.606,687.517
687.600,687.509
687.603,687.512
687.602,687.512
687.594,687.500
687.594,687.501
687.595,687.501
687.587,687.490
687.588,687.492
687.589,687.493
687.582,687.483
687.584,687.486
687.585,687.488
687.587,687.489
687.588,687.491
687.581,687.481
687.583,687.484
687.584,687.486
687.578,687.477
687.580,687.479
687.581,687.482
687.583,687.484
687.585,687.487
687.586,687.489
687.587,687.490
687.580,687.480
687.582,687.483
687.584,687.485
687.585,687.487
687.586,687.489
687.588,687.491
687.589,687.492
687.582,687.482
687.583,687.485
687.585,687.487
687.586,687.489
687.579,687.479
687.581,687.482
687.583,687.484
687.584,687.486
687.586,687.488
687.579,687.479
687.581,687.482
687.583,687.484
687.576,687.475
687.578,687.478
687.580,687.481
687.574,687.472
687.576,687.475
687.579,687.478
687.581,687.481
687.585,687.487
687.586,687.489
687.582,687.483
687.584,687.485
687.585,687.488
687.579,687.478
687.581,687.481
687.574,687.472
687.577,687.475
687.579,687.478
687.581,687.481
687.582,687.484
687.587,687.490
687.583,687.484
687.579,687.478
687.575,687.474
687.578,687.477
687.582,687.484
687.584,687.486
687.588,687.492
687.581,687.482
687.583,687.484
687.576,687.475
687.578,687.478
687.580,687.481
687.582,687.483
687.576,687.474
687.573,687.470
687.578,687.477
687.572,687.469
687.566,687.461
687.561,687.454
687.565,687.459
687.568,687.464
687.563,687.456
687.567,687.461
687.570,687.466
687.564,687.458
687.568,687.463
687.571,687.467
687.573,687.471
687.568,687.463
687.571,687.467
687.565,687.459
687.569,687.464
687.566,687.461
687.572,687.469
687.577,687.476
687.574,687.471
687.568,687.464
687.571,687.468
687.574,687.471
687.576,687.475
687.578,687.478
687.575,687.473
687.580,687.480
687.585,687.487
687.581,687.481
687.574,687.472
687.569,687.464
687.566,687.461
687.569,687.465
687.572,687.469
687.567,687.461
687.562,687.454
687.557,687.448
687.553,687.442
687.557,687.448
687.561,687.454
687.557,687.448
687.553,687.442
687.549,687.437
687.546,687.432
687.543,687.428
687.548,687.435
687.545,687.431
687.550,687.438
687.547,687.433
687.552,687.440
687.548,687.435
687.545,687.431
687.550,687.438
687.555,687.444
687.559,687.450
687.555,687.444
687.559,687.450
687.563,687.456
687.566,687.461
687.569,687.465
687.572,687.469
687.575,687.473
687.577,687.476
687.579,687.479
687.573,687.470
687.567,687.462
687.570,687.466
687.573,687.470
687.568,687.462
687.571,687.467
687.573,687.471
687.576,687.474
687.578,687.477
687.572,687.469
687.574,687.472
687.571,687.468
687.577,687.475
687.582,687.482
687.583,687.485
687.585,687.487
687.578,687.477
687.572,687.469
687.575,687.472
687.577,687.476
687.571,687.467
687.566,687.460
687.561,687.453
687.564,687.458
687.568,687.463
687.571,687.467
687.565,687.459
687.569,687.464
687.571,687.468
687.566,687.460
687.561,687.453
687.565,687.458
687.568,687.463
687.571,687.467
687.565,687.460
687.569,687.464
687.572,687.468
687.566,687.460
687.569,687.465
687.564,687.457
687.567,687.462
687.562,687.455
687.558,687.449
687.554,687.443
687.561,687.453
687.559,687.450
687.555,687.445
687.551,687.439
687.548,687.434
687.544,687.430
687.542,687.426
687.547,687.433
687.552,687.440
687.556,687.447
687.560,687.452
687.556,687.446
687.552,687.441
687.549,687.436
687.553,687.442
687.558,687.448
687.562,687.454
687.565,687.459
687.560,687.452
687.556,687.446
687.552,687.441
687.557,687.447
687.561,687.453
687.564,687.458
687.568,687.462
687.570,687.467
687.573,687.470
687.568,687.463
687.571,687.467
687.573,687.471
687.576,687.474
687.570,687.466
687.573,687.470
687.570,687.466
687.575,687.473
687.570,687.465
687.575,687.473
687.577,687.476
687.574,687.472
687.579,687.479
687.584,687.485
687.580,687.480
687.574,687.471
687.576,687.474
687.578,687.478
687.580,687.480
687.574,687.471
687.568,687.464
687.571,687.468
687.574,687.471
687.576,687.475
687.578,687.478
687.572,687.469
687.567,687.461
687.570,687.466
687.565,687.458
687.568,687.463
687.571,687.467
687.574,687.471
687.576,687.474
687.573,687.470
687.567,687.462
687.565,687.459
687.571,687.467
687.565,687.460
687.569,687.464
687.564,687.457
687.559,687.450
687.557,687.448
687.564,687.457
687.559,687.451
687.555,687.445
687.551,687.439
687.548,687.434
687.545,687.430
687.550,687.437
687.546,687.433
687.543,687.428
687.549,687.436
687.545,687.431
687.551,687.438
687.555,687.445
687.551,687.440
687.551,687.438
687.555,687.445
687.559,687.451
687.563,687.456
687.558,687.450
687.554,687.444
687.559,687.450
687.562,687.455
687.566,687.460
687.564,687.457
687.562,687.454
687.557,687.448
687.553,687.442
687.558,687.448
687.553,687.443
687.550,687.437
687.546,687.433
687.543,687.428
687.543,687.428
687.535,687.417
687.536,687.418
687.534,687.415
687.532,687.412
687.530,687.410
687.537,687.419
687.535,687.416
687.533,687.413
687.531,687.411
687.538,687.420
687.535,687.417
687.541,687.426
687.539,687.422
687.545,687.430
687.542,687.426
687.543,687.428
687.548,687.435
687.553,687.442
687.552,687.441
687.551,687.439
687.550,687.438
687.547,687.433
687.544,687.429
687.541,687.425
687.547,687.433
687.544,687.429
687.549,687.436
687.546,687.431
687.545,687.431
687.545,687.431
687.550,687.438
687.547,687.433
687.552,687.440
687.556,687.447
687.552,687.441
687.549,687.436
687.545,687.431
687.551,687.438
687.547,687.434
687.544,687.429
687.553,687.442
687.549,687.436
687.546,687.432
687.543,687.428
687.540,687.424
687.538,687.420
687.536,687.417
687.534,687.414
687.540,687.423
687.537,687.420
687.538,687.420
687.544,687.429
687.549,687.436
687.546,687.431
687.543,687.427
687.543,687.427
687.543,687.427
687.548,687.435
687.545,687.430
687.542,687.426
687.539,687.423
687.537,687.419
687.527,687.405
687.526,687.403
687.525,687.402
687.524,687.400
687.523,687.399
687.525,687.402
687.524,687.400
687.523,687.399
687.522,687.398
687.521,687.397
687.521,687.396
687.520,687.395
687.528,687.406
687.526,687.404
687.525,687.403
687.524,687.401
687.523,687.400
687.522,687.399
687.522,687.398
687.529,687.408
687.528,687.406
687.529,687.408
687.530,687.410
687.537,687.419
687.535,687.416
687.536,687.417
687.536,687.418
687.537,687.419
687.535,687.416
687.525,687.402
687.516,687.389
687.516,687.389
687.524,687.400
687.523,687.399
687.522,687.398
687.521,687.397
687.513,687.385
687.505,687.373
687.508,687.379
687.509,687.379
687.509,687.380
687.505,687.373
687.508,687.378
687.509,687.379
687.509,687.380
687.510,687.381
687.510,687.381
687.511,687.382
687.511,687.383
687.511,687.383
687.512,687.383
687.512,687.384
687.520,687.396
687.520,687.395
687.511,687.383
687.511,687.383
687.512,687.383
687.512,687.384
687.512,687.384
687.507,687.377
687.508,687.378
687.508,687.379
687.501,687.368
687.502,687.370
687.506,687.376
687.507,687.377
687.508,687.378
687.508,687.379
687.501,687.368
687.494,687.359
687.496,687.361
687.493,687.356
687.487,687.348
687.489,687.352
687.486,687.348
687.489,687.351
687.483,687.343
687.486,687.348
687.489,687.351
687.492,687.355
687.494,687.358
687.488,687.349
687.490,687.353
687.485,687.345
687.490,687.353
687.492,687.356
687.495,687.359
687.496,687.362
687.490,687.353
687.492,687.356
687.495,687.359
687.496,687.362
687.498,687.364
687.500,687.366
687.504,687.372
687.508,687.378
687.508,687.378
687.501,687.368
687.502,687.370
687.495,687.360
687.497,687.363
687.491,687.354
687.485,687.345
687.488,687.349
687.482,687.342
687.477,687.335
687.473,687.328
687.469,687.322
687.465,687.317
687.470,687.324
687.474,687.330
687.478,687.335
687.489,687.352
687.500,687.367
687.501,687.369
687.510,687.382
687.511,687.382
687.511,687.383
687.512,687.383
687.515,687.387
687.523,687.399
687.522,687.398
687.521,687.397
687.523,687.400
687.522,687.399
687.522,687.398
687.521,687.397
687.520,687.396
687.520,687.395
687.519,687.394
687.519,687.394
687.518,687.393
687.510,687.381
687.505,687.374
687.506,687.375
687.507,687.376
687.508,687.378
687.508,687.378
687.517,687.391
687.517,687.390
687.516,687.390
687.516,687.390
687.516,687.390
687.519,687.393
687.521,687.396
687.520,687.396
687.520,687.395
687.519,687.394
687.519,687.394
687.510,687.382
687.511,687.382
687.503,687.371
687.504,687.373
687.500,687.367
687.493,687.357
687.487,687.349
687.490,687.352
687.492,687.356
687.486,687.347
687.489,687.351
687.494,687.359
687.488,687.350
687.491,687.353
687.485,687.345
687.480,687.338
687.483,687.343
687.486,687.347
687.489,687.351
687.483,687.343
687.478,687.336
687.482,687.341
687.485,687.345
687.488,687.349
687.490,687.353
687.492,687.356
687.487,687.348
687.489,687.352
687.484,687.344
687.479,687.336
687.482,687.341
687.485,687.346
687.480,687.338
687.483,687.343
687.478,687.336
687.482,687.341
687.477,687.334
687.480,687.339
687.484,687.343
687.478,687.336
687.474,687.330
687.470,687.324
687.466,687.319
687.471,687.325
687.469,687.324
687.474,687.330
687.470,687.324
687.466,687.318
687.462,687.313
687.467,687.320
687.472,687.327
687.476,687.333
687.482,687.342
687.485,687.346
687.480,687.339
687.483,687.343
687.486,687.347
687.489,687.351
687.499,687.366
687.501,687.368
687.502,687.370
687.498,687.364
687.492,687.355
687.486,687.347
687.480,687.339
687.484,687.344
687.487,687.348
687.489,687.352
687.484,687.344
687.489,687.352
687.484,687.344
687.487,687.348
687.481,687.340
687.476,687.333
687.480,687.338
687.475,687.332
687.479,687.337
687.482,687.342
687.480,687.339
687.483,687.343
687.486,687.348
687.489,687.351
687.492,687.355
687.494,687.358
687.496,687.361
687.497,687.363
687.499,687.366
687.501,687.368
687.502,687.370
687.503,687.371
687.504,687.373
687.505,687.374
687.514,687.387
687.514,687.387
687.506,687.376
687.510,687.381
687.510,687.381
687.511,687.382
687.511,687.382
687.511,687.383
687.512,687.383
687.512,687.384
687.512,687.384
687.512,687.384
687.513,687.385
687.513,687.385
687.513,687.385
687.513,687.385
687.513,687.386
687.513,687.386
687.508,687.378
687.509,687.379
687.509,687.380
687.502,687.369
687.503,687.371
687.504,687.373
687.505,687.374
687.506,687.375
687.507,687.376
687.508,687.377
687.508,687.378
687.509,687.379
687.504,687.372
687.497,687.362
687.499,687.365
687.495,687.359
687.497,687.362
687.498,687.364
687.500,687.367
687.501,687.369
687.495,687.359
687.496,687.362
687.506,687.376
687.507,687.377
687.508,687.378
687.508,687.379
687.509,687.380
687.510,687.380
687.513,687.385
687.513,687.385
687.513,687.385
687.516,687.389
687.524,687.401
687.523,687.399
687.522,687.398
687.513,687.386
687.505,687.375
687.506,687.376
687.507,687.377
687.508,687.378
687.500,687.367
687.494,687.358
687.496,687.361
687.497,687.363
687.494,687.358
687.496,687.361
687.490,687.352
687.484,687.344
687.487,687.348
687.481,687.340
687.485,687.345
687.487,687.349
687.490,687.353
687.492,687.356
687.494,687.359
687.496,687.362
687.498,687.364
687.494,687.359
687.496,687.361
687.498,687.364
687.492,687.355
687.494,687.358
687.488,687.349
687.477,687.334
687.480,687.339
687.478,687.336
687.474,687.330
687.478,687.335
687.481,687.340
687.476,687.333
687.472,687.327
687.476,687.333
687.474,687.330
687.478,687.336
687.474,687.329
687.469,687.324
687.466,687.318
687.462,687.313
687.467,687.320
687.472,687.327
687.468,687.321
687.464,687.316
687.461,687.312
687.466,687.319
687.463,687.314
687.468,687.321
687.464,687.316
687.461,687.311
687.458,687.307
687.463,687.315
687.468,687.322
687.465,687.317
687.461,687.312
687.466,687.319
687.463,687.314
687.476,687.333
687.474,687.330
687.470,687.324
687.474,687.330
687.473,687.328
687.469,687.322
687.465,687.317
687.462,687.313
687.467,687.320
687.463,687.315
687.460,687.310
687.457,687.306
687.455,687.303
687.452,687.299
687.453,687.300
687.451,687.297
687.449,687.294
687.447,687.292
687.445,687.289
687.439,687.280
687.438,687.279
687.437,687.278
687.444,687.288
687.451,687.298
687.468,687.321
687.464,687.316
687.469,687.323
687.468,687.321
687.472,687.328
687.468,687.322
687.473,687.328
687.477,687.334
687.480,687.339
687.475,687.332
687.471,687.326
687.467,687.320
687.464,687.315
687.461,687.311
687.466,687.318
687.462,687.313
687.459,687.309
687.456,687.305
687.454,687.302
687.452,687.298
687.450,687.296
687.451,687.297
687.449,687.294
687.447,687.291
687.453,687.301
687.448,687.293
687.449,687.294
687.447,687.292
687.445,687.290
687.444,687.287
687.451,687.297
687.449,687.294
687.450,687.296
687.456,687.304
687.453,687.301
687.451,687.298
687.457,687.306
687.457,687.306
687.463,687.314
687.462,687.313
687.459,687.309
687.456,687.305
687.454,687.302
687.452,687.298
687.458,687.307
687.463,687.315
687.460,687.310
687.457,687.306
687.455,687.302
687.452,687.299
687.439,687.280
687.438,687.279
687.437,687.278
687.437,687.277
687.444,687.288
687.443,687.286
687.450,687.295
687.448,687.293
687.446,687.290
687.445,687.288
687.443,687.286
687.442,687.285
687.441,687.283
687.440,687.282
687.447,687.292
687.453,687.301
687.459,687.309
687.464,687.316
687.461,687.312
687.466,687.319
687.463,687.314
687.460,687.310
687.457,687.306
687.454,687.302
687.460,687.310
687.457,687.306
687.463,687.314
687.454,687.302
687.452,687.299
687.450,687.296
687.448,687.293
687.446,687.291
687.447,687.292
687.446,687.290
687.444,687.288
687.443,687.286
687.442,687.284
687.435,687.275
687.435,687.274
687.442,687.285
687.449,687.295
687.455,687.304
687.461,687.312
687.458,687.308
687.455,687.304
687.453,687.300
687.451,687.297
687.457,687.306
687.454,687.302
687.460,687.310
687.457,687.306
687.463,687.314
687.460,687.310
687.457,687.306
687.454,687.302
687.452,687.299
687.450,687.296
687.448,687.293
687.446,687.291
687.445,687.288
687.443,687.286
687.442,687.285
687.441,687.283
687.440,687.282
687.439,687.280
687.438,687.279
687.437,687.278
687.437,687.277
687.436,687.276
687.435,687.275
687.435,687.275
687.434,687.274
687.434,687.273
687.436,687.277
687.436,687.276
687.435,687.275
687.435,687.274
687.434,687.274
687.434,687.273
687.433,687.273
687.433,687.272
687.433,687.272
687.435,687.275
687.435,687.275
687.442,687.285
687.441,687.284
687.440,687.282
687.439,687.281
687.433,687.272
687.433,687.271
687.432,687.271
687.440,687.282
687.439,687.281
687.446,687.291
687.445,687.289
687.443,687.287
687.450,687.296
687.456,687.305
687.454,687.301
687.452,687.298
687.450,687.295
687.448,687.293
687.446,687.290
687.445,687.288
687.443,687.286
687.442,687.285
687.441,687.283
687.440,687.282
687.439,687.280
687.438,687.279
687.437,687.278
687.437,687.277
687.436,687.276
687.435,687.275
687.435,687.275
687.429,687.266
687.429,687.267
687.429,687.267
687.429,687.267
687.429,687.267
687.424,687.259
687.425,687.260
687.425,687.261
687.426,687.261
687.429,687.266
687.437,687.277
687.436,687.276
687.436,687.276
687.435,687.275
687.435,687.274
687.434,687.274
687.434,687.273
687.433,687.273
687.433,687.272
687.435,687.275
687.435,687.275
687.435,687.274
687.434,687.273
687.434,687.273
687.428,687.265
687.428,687.265
687.428,687.265
687.429,687.266
687.429,687.266
687.432,687.270
687.431,687.270
687.431,687.269
687.431,687.269
687.434,687.273
687.433,687.272
687.433,687.272
687.433,687.272
687.432,687.271
687.432,687.271
687.432,687.271
687.432,687.270
687.432,687.270
687.434,687.274
687.434,687.273
687.442,687.284
687.448,687.294
687.447,687.291
687.445,687.289
687.444,687.287
687.442,687.285
687.441,687.284
687.440,687.282
687.447,687.292
687.446,687.290
687.444,687.288
687.443,687.286
687.450,687.296
687.442,687.285
687.441,687.284
687.440,687.282
687.439,687.281
687.438,687.280
687.438,687.278
687.437,687.277
687.436,687.276
687.436,687.276
687.435,687.275
687.435,687.274
687.434,687.273
687.436,687.277
687.436,687.276
687.435,687.275
687.435,687.274
687.434,687.274
687.434,687.273
687.434,687.273
687.433,687.272
687.433,687.272
687.433,687.271
687.432,687.271
687.435,687.275
687.434,687.274
687.434,687.273
687.434,687.273
687.436,687.276
687.435,687.275
687.435,687.275
687.434,687.274
687.434,687.273
687.434,687.273
687.433,687.272
687.433,687.272
687.433,687.271
687.427,687.264
687.427,687.264
687.428,687.264
687.428,687.265
687.428,687.265
687.431,687.269
687.431,687.269
687.431,687.269
687.431,687.269
687.431,687.269
687.431,687.269
687.431,687.268
687.430,687.268
687.430,687.268
687.430,687.268
687.430,687.268
687.430,687.268
687.430,687.268
687.430,687.268
687.430,687.268
687.430,687.268
687.430,687.268
687.430,687.268
687.430,687.268
687.430,687.268
687.430,687.268
687.430,687.268
687.430,687.268
687.430,687.268
687.430,687.268
687.430,687.268
687.430,687.268
687.433,687.272
687.433,687.272
687.432,687.271
687.432,687.271
687.432,687.271
687.435,687.274
687.434,687.274
687.434,687.273
687.433,687.273
687.433,687.272
687.433,687.272
687.433,687.271
687.435,687.275
687.435,687.274
687.434,687.273
687.434,687.273
687.433,687.272
687.436,687.276
687.435,687.275
687.435,687.274
687.434,687.274
687.434,687.273
687.433,687.273
687.433,687.272
687.433,687.272
687.433,687.271
687.435,687.275
687.435,687.274
687.434,687.274
687.434,687.273
687.433,687.273
687.428,687.264
687.428,687.265
687.428,687.265
687.428,687.265
687.429,687.266
687.429,687.266
687.429,687.266
687.429,687.266
687.429,687.266
687.424,687.259
687.424,687.260
687.425,687.261
687.425,687.261
687.426,687.262
687.426,687.262
687.427,687.263
687.427,687.263
687.427,687.264
687.427,687.264
687.428,687.264
687.428,687.265
687.428,687.265
687.428,687.265
687.429,687.266
687.429,687.266
687.429,687.266
687.424,687.259
687.424,687.259
687.425,687.260
687.425,687.261
687.420,687.254
687.421,687.255
687.422,687.256
687.423,687.257
687.423,687.258
687.424,687.259
687.425,687.260
687.425,687.261
687.426,687.261
687.426,687.262
687.429,687.266
687.429,687.267
687.429,687.267
687.432,687.271
687.432,687.270
687.432,687.270
687.432,687.270
687.431,687.270
687.431,687.269
687.431,687.269
687.431,687.269
687.431,687.269
687.434,687.273
687.433,687.272
687.433,687.272
687.433,687.271
687.432,687.271
687.435,687.275
687.434,687.274
687.434,687.273
687.434,687.273
687.433,687.272
687.433,687.272
687.433,687.271
687.435,687.275
687.435,687.274
687.434,687.274
687.434,687.273
687.433,687.273
687.436,687.276
687.435,687.275
687.435,687.275
687.434,687.274
687.434,687.273
687.434,687.273
687.433,687.272
687.433,687.272
687.433,687.271
687.435,687.275
687.435,687.274
687.434,687.274
687.434,687.273
687.433,687.273
687.433,687.272
687.433,687.272
687.433,687.271
687.432,687.271
687.432,687.271
687.432,687.270
687.432,687.270
687.432,687.270
687.431,687.270
687.431,687.270
687.439,687.281
687.438,687.280
687.440,687.282
687.439,687.281
687.438,687.280
687.438,687.279
687.437,687.278
687.436,687.277
687.436,687.276
687.435,687.275
687.435,687.274
687.434,687.274
687.434,687.273
687.433,687.273
687.433,687.272
687.433,687.272
687.433,687.271
687.432,687.271
687.432,687.271
687.432,687.270
687.432,687.270
687.432,687.270
687.431,687.270
687.431,687.270
687.431,687.269
687.431,687.269
687.434,687.273
687.433,687.272
687.433,687.272
687.433,687.272
687.432,687.271
687.432,687.271
687.432,687.271
687.432,687.270
687.432,687.270
687.426,687.262
687.431,687.270
687.431,687.269
687.431,687.269
687.431,687.269
687.431,687.269
687.431,687.269
687.431,687.269
687.431,687.269
687.431,687.269
687.431,687.269
687.431,687.268
687.430,687.268
687.430,687.268
687.430,687.268
687.430,687.268
687.430,687.268
687.430,687.268
687.430,687.268
687.430,687.268
687.430,687.268
687.430,687.268
687.430,687.268
687.430,687.268
687.430,687.268
687.430,687.268
687.430,687.268
687.430,687.268
687.430,687.268
687.430,687.268
687.433,687.272
687.433,687.272
687.432,687.271
687.432,687.271
687.432,687.271
687.432,687.270
687.432,687.270
687.432,687.270
687.431,687.270
687.431,687.269
687.431,687.269
687.431,687.269
687.431,687.269
687.431,687.269
687.431,687.269
687.431,687.269
687.431,687.269
687.431,687.269
687.431,687.268
687.430,687.268
687.430,687.268
687.431,687.270
687.431,687.269
687.431,687.269
687.431,687.269
687.434,687.273
687.433,687.272
687.433,687.272
687.433,687.271
687.432,687.271
687.427,687.263
687.427,687.264
687.427,687.264
687.428,687.264
687.428,687.265
687.431,687.269
687.431,687.269
687.431,687.269
687.431,687.269
687.431,687.268
687.430,687.268
687.430,687.268
687.425,687.261
687.426,687.261
687.426,687.262
687.426,687.262
687.429,687.267
687.429,687.267
687.424,687.259
687.425,687.260
687.425,687.261
687.426,687.261
687.426,687.262
687.429,687.266
687.429,687.267
687.429,687.267
687.429,687.267
687.429,687.267
687.429,687.267
687.430,687.267
687.430,687.267
687.430,687.267
687.430,687.267
687.430,687.267
687.430,687.267
687.430,687.267
687.430,687.267
687.430,687.267
687.430,687.267
687.430,687.267
687.430,687.267
687.430,687.268
687.430,687.268
687.430,687.268
687.430,687.268
687.433,687.272
687.433,687.272
687.432,687.271
687.432,687.271
687.432,687.271
687.432,687.270
687.432,687.270
687.432,687.270
687.431,687.270
687.434,687.273
687.434,687.273
687.433,687.272
687.433,687.272
687.433,687.271
687.432,687.271
687.432,687.271
687.432,687.271
687.432,687.270
687.432,687.270
687.434,687.274
687.434,687.273
687.433,687.273
687.433,687.272
687.433,687.272
687.433,687.271
687.432,687.271
687.432,687.271
687.432,687.270
687.432,687.270
687.432,687.270
687.431,687.270
687.431,687.270
687.431,687.269
687.431,687.269
687.431,687.269
687.431,687.269
687.431,687.269
687.431,687.269
687.431,687.269
687.433,687.272
687.433,687.272
687.433,687.272
687.432,687.271
687.432,687.271
687.432,687.271
687.432,687.270
687.432,687.270
687.432,687.270
687.434,687.273
687.434,687.273
687.433,687.272
687.433,687.272
687.433,687.272
687.432,687.271
687.432,687.271
687.432,687.271
687.432,687.270
687.426,687.263
687.427,687.263
687.427,687.264
687.427,687.264
687.428,687.264
687.431,687.268
687.430,687.268
687.430,687.268
687.430,687.268
687.430,687.268
687.430,687.268
687.430,687.268
687.430,687.268
687.430,687.268
687.433,687.272
687.433,687.272
687.432,687.271
687.432,687.271
687.435,687.274
687.434,687.274
687.434,687.273
687.434,687.273
687.433,687.272
687.428,687.264
687.428,687.265
687.428,687.265
687.428,687.265
687.428,687.265
687.429,687.266
687.429,687.266
687.429,687.266
687.429,687.266
687.429,687.266
687.429,687.267
687.429,687.267
687.429,687.267
687.429,687.267
687.429,687.267
687.430,687.267
687.430,687.267
687.430,687.267
687.430,687.267
687.430,687.267
687.430,687.267
687.432,687.271
687.432,687.271
687.432,687.271
687.432,687.270
687.432,687.270
687.434,687.274
687.434,687.273
687.433,687.273
687.433,687.272
687.433,687.272
687.433,687.271
687.432,687.271
687.432,687.271
687.432,687.270
687.432,687.270
687.432,687.270
687.431,687.270
687.431,687.270
687.431,687.269
687.431,687.269
687.431,687.269
687.431,687.269
687.431,687.269
687.431,687.269
687.431,687.269
687.431,687.269
687.431,687.269
687.431,687.268
687.430,687.268
687.430,687.268
687.430,687.268
687.433,687.272
687.433,687.272
687.432,687.271
687.432,687.271
687.432,687.271
687.432,687.270
687.432,687.270
687.432,687.270
687.431,687.270
687.431,687.269
687.426,687.262
687.426,687.262
687.427,687.263
687.427,687.263
687.427,687.264
687.430,687.268
687.430,687.268
687.430,687.268
687.430,687.268
687.430,687.268
687.433,687.272
687.433,687.271
687.432,687.271
687.432,687.271
687.432,687.270
687.432,687.270
687.432,687.270
687.431,687.270
687.431,687.270
687.426,687.262
687.426,687.262
687.427,687.263
687.427,687.263
687.422,687.256
687.423,687.257
687.423,687.258
687.424,687.259
687.425,687.260
687.425,687.261
687.426,687.261
687.426,687.262
687.426,687.263
687.427,687.263
687.427,687.264
687.427,687.264
687.428,687.264
687.428,687.265
687.431,687.269
687.431,687.269
687.431,687.269
687.431,687.269
687.431,687.268
687.430,687.268
687.430,687.268
687.430,687.268
687.430,687.268
687.430,687.268
687.430,687.268
687.430,687.268
687.433,687.272
687.433,687.272
687.435,687.275
687.435,687.274
687.434,687.274
687.434,687.273
687.433,687.273
687.433,687.272
687.433,687.272
687.427,687.264
687.427,687.264
687.428,687.264
687.428,687.265
687.428,687.265
687.428,687.265
687.429,687.266
687.429,687.266
687.429,687.266
687.429,687.266
687.429,687.266
687.429,687.266
687.429,687.267
687.429,687.267
687.429,687.267
687.429,687.267
687.429,687.267
687.432,687.271
687.432,687.271
687.426,687.263
687.427,687.263
687.427,687.264
687.427,687.264
687.428,687.264
687.428,687.265
687.428,687.265
687.428,687.265
687.428,687.266
687.429,687.266
687.429,687.266
687.429,687.266
687.424,687.259
687.424,687.259
687.425,687.260
687.425,687.261
687.426,687.262
687.426,687.262
687.427,687.263
687.427,687.263
687.427,687.264
687.427,687.264
687.428,687.264
687.428,687.265
687.428,687.265
687.428,687.265
687.428,687.266
687.423,687.258
687.424,687.259
687.425,687.260
687.428,687.265
687.428,687.265
687.428,687.265
687.428,687.265
687.429,687.266
687.429,687.266
687.429,687.266
687.429,687.266
687.429,687.266
687.429,687.267
687.429,687.267
687.432,687.271
687.432,687.270
687.432,687.270
687.434,687.274
687.434,687.273
687.433,687.273
687.433,687.272
687.433,687.272
687.433,687.271
687.432,687.271
687.432,687.271
687.432,687.270
687.434,687.274
687.434,687.273
687.434,687.273
687.433,687.272
687.433,687.272
687.433,687.271
687.432,687.271
687.432,687.271
687.432,687.271
687.432,687.270
687.432,687.270
687.432,687.270
687.431,687.270
687.431,687.269
687.431,687.269
687.431,687.269
687.431,687.269
687.431,687.269
687.431,687.269
687.431,687.269
687.431,687.269
687.431,687.269
687.431,687.268
687.430,687.268
687.430,687.268
687.430,687.268
687.433,687.272
687.433,687.272
687.432,687.271
687.432,687.271
687.432,687.271
687.432,687.270
687.432,687.270
687.432,687.270
687.431,687.270
687.431,687.269
687.431,687.269
687.431,687.269
687.431,687.269
687.431,687.269
687.431,687.269
687.431,687.269
687.431,687.269
687.433,687.272
687.433,687.272
687.433,687.271
687.432,687.271
687.432,687.271
687.427,687.263
687.427,687.263
687.427,687.264
687.427,687.264
687.422,687.257
687.423,687.258
687.424,687.259
687.424,687.260
687.425,687.261
687.428,687.265
687.428,687.265
687.428,687.266
687.429,687.266
687.429,687.266
687.429,687.266
687.429,687.266
687.429,687.266
687.429,687.267
687.429,687.267
687.429,687.267
687.429,687.267
687.432,687.271
687.432,687.270
687.426,687.263
687.427,687.263
687.427,687.264
687.427,687.264
687.428,687.264
687.428,687.265
687.428,687.265
687.428,687.265
687.423,687.258
687.424,687.259
687.424,687.260
687.425,687.260
687.425,687.261
687.426,687.262
687.426,687.262
687.427,687.263
687.427,687.263
687.427,687.264
687.427,687.264
687.428,687.264
687.428,687.265
687.428,687.265
687.428,687.265
687.428,687.266
687.429,687.266
687.429,687.266
687.429,687.266
687.424,687.259
687.424,687.259
687.425,687.260
687.425,687.261
687.426,687.262
687.426,687.262
687.427,687.263
687.427,687.263
687.422,687.256
687.423,687.257
687.423,687.258
687.424,687.259
687.425,687.260
687.425,687.261
687.426,687.261
687.426,687.262
687.426,687.263
687.427,687.263
687.427,687.264
687.427,687.264
687.428,687.264
687.428,687.265
687.428,687.265
687.428,687.265
687.428,687.265
687.429,687.266
687.429,687.266
687.429,687.266
687.429,687.266
687.429,687.266
687.429,687.267
687.429,687.267
687.429,687.267
687.429,687.267
687.429,687.267
687.430,687.267
687.430,687.267
687.430,687.267
687.430,687.267
687.430,687.267
687.430,687.267
687.430,687.267
687.430,687.267
687.430,687.267
687.430,687.267
687.430,687.267
687.430,687.267
687.430,687.267
687.430,687.267
687.430,687.267
687.430,687.267
687.431,687.269
687.431,687.269
687.431,687.269
687.431,687.269
687.431,687.269
687.431,687.269
687.431,687.269
687.431,687.269
687.431,687.269
687.431,687.268
687.430,687.268
687.430,687.268
687.430,687.268
687.430,687.268
687.430,687.268
687.430,687.268
687.430,687.268
687.433,687.272
687.433,687.272
687.432,687.271
687.432,687.271
687.432,687.271
687.432,687.270
687.432,687.270
687.432,687.270
687.432,687.270
687.431,687.270
687.431,687.270
687.431,687.269
687.431,687.269
687.431,687.269
687.431,687.269
687.431,687.269
687.431,687.269
687.431,687.269
687.431,687.269
687.425,687.261
687.426,687.262
687.426,687.262
687.427,687.263
687.427,687.263
687.427,687.264
687.427,687.264
687.428,687.264
687.428,687.265
687.428,687.265
687.428,687.265
687.428,687.266
687.423,687.258
687.424,687.259
687.432,687.270
687.432,687.270
687.426,687.262
687.426,687.263
687.427,687.263
687.427,687.264
687.427,687.264
687.428,687.264
687.428,687.265
687.431,687.269
687.431,687.269
687.433,687.272
687.433,687.272
687.433,687.272
687.432,687.271
687.432,687.271
687.432,687.271
687.432,687.270
687.426,687.263
687.427,687.263
687.430,687.267
687.430,687.267
687.430,687.267
687.430,687.267
687.430,687.267
687.430,687.267
687.430,687.267
687.430,687.267
687.430,687.267
687.430,687.267
687.430,687.267
687.430,687.267
687.430,687.267
687.430,687.267
687.430,687.267
687.430,687.267
687.430,687.267
687.430,687.267
687.430,687.267
687.430,687.267
687.430,687.267
687.430,687.267
687.432,687.271
687.432,687.271
687.432,687.271
687.432,687.270
687.432,687.270
687.434,687.274
687.434,687.273
687.433,687.273
687.433,687.272
687.433,687.272
687.433,687.271
687.432,687.271
687.432,687.271
687.432,687.270
687.432,687.270
687.432,687.270
687.431,687.270
687.434,687.273
687.434,687.273
687.433,687.272
687.433,687.272
687.433,687.271
687.427,687.264
687.427,687.264
687.428,687.264
687.428,687.265
687.428,687.265
687.431,687.269
687.431,687.269
687.431,687.269
687.431,687.269
687.431,687.269
687.431,687.269
687.431,687.268
687.430,687.268
687.430,687.268
687.430,687.268
687.430,687.268
687.430,687.268
687.430,687.268
687.430,687.268
687.430,687.268
687.430,687.268
687.430,687.268
687.430,687.268
687.430,687.268
687.430,687.268
687.430,687.268
687.430,687.268
687.430,687.268
687.430,687.268
687.430,687.268
687.430,687.268
687.430,687.268
687.430,687.268
687.430,687.268
687.433,687.272
687.433,687.272
687.432,687.271
687.435,687.275
687.434,687.274
687.429,687.266
687.429,687.266
687.429,687.266
687.429,687.266
687.429,687.267
687.429,687.267
687.429,687.267
687.432,687.271
687.432,687.270
687.432,687.270
687.432,687.270
687.431,687.270
687.431,687.269
687.431,687.269
687.431,687.269
687.431,687.269
687.431,687.269
687.433,687.273
687.433,687.272
687.433,687.272
687.427,687.264
687.427,687.264
687.428,687.264
687.428,687.265
687.428,687.265
687.431,687.269
687.431,687.269
687.431,687.269
687.431,687.269
687.433,687.273
687.433,687.272
687.433,687.272
687.433,687.271
687.432,687.271
687.435,687.275
687.434,687.274
687.434,687.273
687.434,687.273
687.433,687.272
687.433,687.272
687.433,687.271
687.432,687.271
687.432,687.271
687.432,687.271
687.432,687.270
687.432,687.270
687.432,687.270
687.431,687.270
687.431,687.269
687.431,687.269
687.431,687.269
687.431,687.269
687.431,687.269
687.431,687.269
687.433,687.273
687.433,687.272
687.433,687.272
687.433,687.271
687.432,687.271
687.432,687.271
687.432,687.270
687.432,687.270
687.432,687.270
687.426,687.262
687.426,687.263
687.427,687.263
687.427,687.264
687.427,687.264
687.430,687.268
687.430,687.268
687.430,687.268
687.430,687.268
687.430,687.268
687.430,687.268
687.430,687.268
687.430,687.268
687.430,687.268
687.430,687.268
687.430,687.268
687.430,687.268
687.430,687.268
687.430,687.268
687.430,687.268
687.430,687.268
687.430,687.268
687.430,687.268
687.430,687.268
687.430,687.268
687.430,687.268
687.433,687.272
687.433,687.271
687.432,687.271
687.432,687.271
687.432,687.271
687.426,687.263
687.427,687.263
687.427,687.264
687.427,687.264
687.422,687.257
687.423,687.258
687.424,687.259
687.424,687.260
687.425,687.260
687.425,687.261
687.426,687.262
687.426,687.262
687.427,687.263
687.427,687.263
687.427,687.264
687.427,687.264
687.428,687.264
687.428,687.265
687.428,687.265
687.428,687.265
687.428,687.266
687.429,687.266
687.429,687.266
687.423,687.258
687.424,687.259
687.425,687.260
687.425,687.261
687.426,687.261
687.426,687.262
687.426,687.263
687.427,687.263
687.427,687.264
687.427,687.264
687.428,687.264
687.428,687.265
687.423,687.257
687.423,687.258
687.424,687.259
687.425,687.260
687.425,687.261
687.428,687.265
687.428,687.266
687.429,687.266
687.429,687.266
687.429,687.266
687.429,687.266
687.429,687.266
687.429,687.267
687.429,687.267
687.429,687.267
687.429,687.267
687.429,687.267
687.430,687.267
687.430,687.267
687.430,687.267
687.430,687.267
687.430,687.267
687.430,687.267
687.430,687.267
687.430,687.267
687.430,687.267
687.430,687.267
687.430,687.267
687.430,687.267
687.430,687.267
687.432,687.271
687.432,687.271
687.432,687.271
687.432,687.270
687.432,687.270
687.432,687.270
687.431,687.270
687.431,687.269
687.431,687.269
687.431,687.269
687.431,687.269
687.431,687.269
687.431,687.269
687.431,687.269
687.431,687.269
687.431,687.269
687.431,687.268
687.430,687.268
687.430,687.268
687.430,687.268
687.430,687.268
687.425,687.261
687.425,687.261
687.426,687.262
687.426,687.262
687.427,687.263
687.430,687.267
687.430,687.267
687.430,687.267
687.430,687.267
687.430,687.267
687.430,687.267
687.430,687.267
687.430,687.267
687.430,687.267
687.430,687.267
687.430,687.267
687.430,687.267
687.430,687.267
687.430,687.267
687.430,687.267
687.430,687.267
687.430,687.267
687.430,687.267
687.430,687.267
687.430,687.267
687.430,687.267
687.430,687.267
687.430,687.267
687.430,687.267
687.430,687.267
687.430,687.267
687.430,687.267
687.430,687.267
687.430,687.267
687.430,687.267
687.430,687.267
687.432,687.271
687.432,687.271
687.432,687.271
687.432,687.270
687.432,687.270
687.432,687.270
687.431,687.270
687.426,687.262
687.426,687.262
687.427,687.263
687.427,687.263
687.427,687.264
687.430,687.268
687.430,687.268
687.430,687.268
687.430,687.268
687.430,687.268
687.430,687.268
687.430,687.268
687.430,687.268
687.430,687.268
687.430,687.268
687.430,687.268
687.430,687.268
687.430,687.268
687.430,687.268
687.430,687.268
687.430,687.268
687.430,687.268
687.430,687.268
687.430,687.268
687.430,687.268
687.430,687.268
687.430,687.268
687.430,687.268
687.430,687.268
687.430,687.268
687.430,687.268
687.430,687.268
687.430,687.268
687.430,687.268
687.433,687.272
687.433,687.271
687.432,687.271
687.432,687.271
687.432,687.271
687.432,687.270
687.432,687.270
687.432,687.270
687.431,687.270
687.431,687.269
687.431,687.269
687.431,687.269
687.431,687.269
687.431,687.269
687.431,687.269
687.431,687.269
687.431,687.269
687.431,687.269
687.431,687.268
687.430,687.268
687.430,687.268
687.430,687.268
687.430,687.268
687.430,687.268
687.430,687.268
687.430,687.268
687.430,687.268
687.430,687.268
687.425,687.261
687.425,687.261
687.426,687.262
687.426,687.262
687.427,687.263
687.427,687.263
687.427,687.264
687.427,687.264
687.428,687.264
687.428,687.265
687.428,687.265
687.428,687.265
687.429,687.266
687.429,687.266
687.429,687.266
687.429,687.266
687.429,687.266
687.429,687.266
687.429,687.267
687.429,687.267
687.429,687.267
687.429,687.267
687.429,687.267
687.430,687.267
687.430,687.267
687.430,687.267
687.432,687.271
687.432,687.271
687.432,687.270
687.432,687.270
687.434,687.274
687.434,687.273
687.436,687.276
687.436,687.276
687.435,687.275
687.435,687.274
687.434,687.273
687.434,687.273
687.433,687.272
687.433,687.272
687.433,687.272
687.435,687.275
687.435,687.274
687.434,687.274
687.437,687.277
687.436,687.276
687.435,687.275
687.435,687.275
687.434,687.274
687.437,687.277
687.436,687.276
687.436,687.276
687.435,687.275
687.435,687.274
687.434,687.273
687.434,687.273
687.433,687.272
687.436,687.276
687.435,687.275
687.435,687.274
687.434,687.274
687.434,687.273
687.427,687.263
687.427,687.264
687.427,687.264
687.428,687.264
687.428,687.265
687.428,687.265
687.428,687.265
687.428,687.265
687.429,687.266
687.429,687.266
687.429,687.266
687.429,687.266
687.429,687.266
687.432,687.270
687.432,687.270
687.432,687.270
687.431,687.270
687.431,687.269
687.431,687.269
687.431,687.269
687.431,687.269
687.431,687.269
687.431,687.269
687.431,687.269
687.431,687.269
687.434,687.273
687.433,687.272
687.433,687.272
687.433,687.271
687.432,687.271
687.432,687.271
687.432,687.271
687.432,687.270
687.432,687.270
687.426,687.262
687.427,687.263
687.427,687.263
687.427,687.264
687.427,687.264
687.428,687.264
687.428,687.265
687.428,687.265
687.428,687.265
687.428,687.266
687.429,687.266
687.429,687.266
687.429,687.266
687.429,687.266
687.429,687.266
687.429,687.267
687.429,687.267
687.429,687.267
687.429,687.267
687.429,687.267
687.424,687.259
687.425,687.260
687.425,687.261
687.426,687.262
687.426,687.262
687.426,687.263
687.427,687.263
687.427,687.264
687.427,687.264
687.430,687.268
687.430,687.268
687.430,687.268
687.430,687.268
687.430,687.268
687.430,687.268
687.430,687.268
687.430,687.268
687.430,687.268
687.433,687.272
687.433,687.272
687.432,687.271
687.432,687.271
687.432,687.271
687.432,687.270
687.432,687.270
687.432,687.270
687.431,687.270
687.426,687.262
687.426,687.262
687.427,687.263
687.427,687.263
687.427,687.264
687.430,687.268
687.430,687.268
687.430,687.268
687.430,687.268
687.430,687.268
687.433,687.272
687.433,687.271
687.432,687.271
687.432,687.271
687.432,687.271
687.432,687.270
687.432,687.270
687.432,687.270
687.431,687.270
687.426,687.262
687.426,687.262
687.427,687.263
687.430,687.267
687.430,687.267
687.430,687.267
687.430,687.267
687.430,687.267
687.430,687.267
687.430,687.267
687.430,687.267
687.430,687.267
687.424,687.260
687.425,687.261
687.425,687.261
687.426,687.262
687.426,687.262
687.429,687.267
687.429,687.267
687.429,687.267
687.430,687.267
687.430,687.267
687.430,687.267
687.430,687.267
687.430,687.267
687.430,687.267
687.430,687.267
687.430,687.267
687.430,687.267
687.430,687.267
687.430,687.267
687.430,687.267
687.430,687.267
687.430,687.267
687.430,687.267
687.430,687.267
687.430,687.267
687.430,687.267
687.432,687.271
687.432,687.271
687.432,687.271
687.432,687.270
687.432,687.270
687.426,687.262
687.427,687.263
687.427,687.263
687.427,687.264
687.427,687.264
687.428,687.264
687.428,687.265
687.428,687.265
687.423,687.258
687.424,687.259
687.424,687.259
687.425,687.260
687.425,687.261
687.426,687.262
687.426,687.262
687.427,687.263
687.427,687.263
687.427,687.264
687.427,687.264
687.428,687.264
687.428,687.265
687.428,687.265
687.428,687.265
687.428,687.266
687.429,687.266
687.429,687.266
687.429,687.266
687.429,687.266
687.429,687.266
687.432,687.270
687.432,687.270
687.432,687.270
687.431,687.270
687.431,687.269
687.434,687.273
687.433,687.273
687.433,687.272
687.433,687.272
687.433,687.271
687.427,687.263
687.427,687.264
687.428,687.264
687.428,687.265
687.423,687.257
687.423,687.258
687.424,687.259
687.425,687.260
687.425,687.261
687.428,687.265
687.428,687.266
687.429,687.266
687.429,687.266
687.429,687.266
687.429,687.266
687.429,687.266
687.429,687.267
687.429,687.267
687.429,687.267
687.429,687.267
687.429,687.267
687.432,687.271
687.432,687.271
687.432,687.270
687.432,687.270
687.432,687.270
687.434,687.273
687.434,687.273
687.433,687.272
687.436,687.276
687.435,687.275
687.435,687.274
687.434,687.274
687.434,687.273
687.436,687.276
687.436,687.276
687.435,687.275
687.435,687.274
687.434,687.273
687.434,687.273
687.433,687.272
687.433,687.272
687.433,687.272
687.432,687.271
687.432,687.271
687.432,687.271
687.432,687.270
687.426,687.263
687.427,687.263
687.427,687.264
687.427,687.264
687.428,687.264
687.428,687.265
687.428,687.265
687.428,687.265
687.428,687.265
687.429,687.266
687.429,687.266
687.429,687.266
687.429,687.266
687.429,687.266
687.429,687.267
687.429,687.267
687.429,687.267
687.429,687.267
687.429,687.267
687.430,687.267
687.430,687.267
687.430,687.267
687.430,687.267
687.430,687.267
687.430,687.267
687.430,687.267
687.430,687.267
687.430,687.267
687.430,687.267
687.430,687.267
687.430,687.267
687.430,687.267
687.430,687.267
687.430,687.267
687.430,687.267
687.430,687.267
687.430,687.267
687.430,687.267
687.430,687.267
687.430,687.267
687.430,687.267
687.430,687.267
687.430,687.267
687.430,687.267
687.430,687.267
687.430,687.267
687.430,687.267
687.430,687.267
687.430,687.267
687.432,687.271
687.432,687.271
687.432,687.271
687.432,687.270
687.432,687.270
687.426,687.262
687.427,687.263
687.427,687.263
687.427,687.264
687.427,687.264
687.428,687.264
687.428,687.265
687.428,687.265
687.428,687.265
687.428,687.266
687.429,687.266
687.429,687.266
687.429,687.266
687.429,687.266
687.429,687.266
687.429,687.267
687.429,687.267
687.432,687.271
687.432,687.270
687.432,687.270
687.432,687.270
687.431,687.270
687.431,687.269
687.431,687.269
687.431,687.269
687.431,687.269
687.431,687.269
687.431,687.269
687.431,687.269
687.431,687.269
687.431,687.269
687.431,687.268
687.430,687.268
687.430,687.268
687.433,687.272
687.433,687.272
687.433,687.271
687.432,687.271
687.432,687.271
687.432,687.270
687.432,687.270
687.432,687.270
687.431,687.270
687.426,687.262
687.426,687.262
687.427,687.263
687.430,687.267
687.430,687.267
687.430,687.267
687.430,687.267
687.430,687.267
687.430,687.267
687.430,687.267
687.430,687.267
687.430,687.267
687.424,687.260
687.425,687.261
687.425,687.261
687.426,687.262
687.426,687.262
687.427,687.263
687.427,687.263
687.427,687.264
687.427,687.264
687.428,687.264
687.428,687.265
687.436,687.276
687.436,687.276
687.435,687.275
687.443,687.286
687.433,687.273
687.433,687.272
687.433,687.272
687.427,687.264
687.427,687.264
687.428,687.264
687.428,687.265
687.436,687.276
687.428,687.264
687.428,687.265
687.428,687.265
687.420,687.254
687.421,687.255
687.422,687.256
687.423,687.257
687.432,687.270
687.431,687.270
687.431,687.269
687.431,687.269
687.423,687.258
687.432,687.270
687.432,687.270
687.431,687.270
687.439,687.281
687.438,687.280
687.438,687.279
687.437,687.278
687.428,687.265
687.431,687.269
687.431,687.269
687.431,687.269
687.439,687.280
687.438,687.279
687.437,687.278
687.437,687.277
687.428,687.265
687.431,687.269
687.431,687.269
687.425,687.261
687.434,687.273
687.433,687.273
687.433,687.272
687.433,687.272
687.424,687.260
687.425,687.261
687.426,687.261
687.418,687.251
687.427,687.264
687.427,687.264
687.428,687.264
687.436,687.276
687.427,687.264
687.428,687.264
687.428,687.265
687.420,687.254
687.421,687.255
687.422,687.256
687.423,687.257
687.431,687.270
687.423,687.258
687.424,687.259
687.424,687.260
687.417,687.249
687.418,687.251
687.419,687.253
687.420,687.254
687.429,687.267
687.421,687.255
687.422,687.257
687.423,687.258
687.416,687.247
687.417,687.249
687.428,687.265
687.436,687.276
687.436,687.276
687.435,687.275
687.435,687.274
687.426,687.262
687.426,687.263
687.427,687.263
687.427,687.264
687.435,687.275
687.435,687.275
687.434,687.274
687.442,687.285
687.433,687.272
687.433,687.271
687.432,687.271
687.427,687.263
687.435,687.275
687.435,687.274
687.434,687.274
687.442,687.285
687.433,687.272
687.433,687.271
687.432,687.271
687.424,687.259
687.431,687.268
687.430,687.268
687.430,687.268
687.433,687.272
687.425,687.260
687.425,687.261
687.426,687.262
687.418,687.251
687.427,687.264
687.427,687.264
687.428,687.264
687.436,687.276
687.427,687.264
687.428,687.264
687.428,687.265
687.420,687.254
687.424,687.259
687.424,687.260
687.425,687.260
687.433,687.273
687.425,687.261
687.426,687.261
687.426,687.262
687.418,687.251
687.419,687.253
687.420,687.254
687.421,687.255
687.430,687.268
687.422,687.257
687.423,687.258
687.424,687.259
687.416,687.248
687.418,687.250
687.421,687.256
687.422,687.257
687.431,687.269
687.431,687.269
687.431,687.269
687.431,687.269
687.423,687.257
687.423,687.258
687.424,687.259
687.419,687.252
687.428,687.265
687.429,687.266
687.429,687.266
687.429,687.266
687.429,687.266
687.429,687.266
687.429,687.266
687.421,687.255
687.430,687.268
687.430,687.268
687.430,687.268
687.438,687.279
687.437,687.278
687.437,687.277
687.436,687.276
687.427,687.264
687.428,687.264
687.428,687.265
687.428,687.265
687.436,687.277
687.436,687.276
687.435,687.275
687.435,687.274
687.426,687.262
687.427,687.263
687.427,687.263
687.427,687.264
687.436,687.276
687.435,687.275
687.435,687.274
687.442,687.285
687.433,687.272
687.433,687.271
687.432,687.271
687.432,687.271
687.440,687.282
687.439,687.280
687.438,687.279
687.445,687.290
687.436,687.276
687.435,687.275
687.435,687.275
687.426,687.263
687.427,687.263
687.427,687.264
687.435,687.275
687.435,687.275
687.434,687.274
687.434,687.273
687.426,687.261
687.426,687.262
687.429,687.266
687.429,687.267
687.437,687.278
687.437,687.277
687.436,687.276
687.443,687.287
687.434,687.274
687.434,687.273
687.433,687.273
687.428,687.265
687.436,687.276
687.435,687.275
687.435,687.275
687.443,687.285
687.436,687.276
687.435,687.275
687.435,687.275
687.427,687.263
687.427,687.263
687.427,687.264
687.435,687.275
687.435,687.275
687.427,687.263
687.419,687.252
687.420,687.253
687.421,687.255
687.422,687.256
687.423,687.257
687.423,687.258
687.424,687.259
687.425,687.260
687.417,687.249
687.418,687.251
687.419,687.253
687.420,687.254
687.421,687.255
687.422,687.257
687.423,687.258
687.424,687.259
687.424,687.259
687.425,687.260
687.425,687.261
687.418,687.250
687.419,687.252
687.420,687.253
687.421,687.255
687.414,687.245
687.407,687.236
687.409,687.239
687.411,687.241
687.405,687.233
687.399,687.224
687.394,687.217
687.398,687.222
687.401,687.226
687.406,687.234
687.409,687.237
687.403,687.229
687.408,687.236
687.402,687.228
687.397,687.220
687.392,687.214
687.398,687.223
687.401,687.227
687.404,687.231
687.409,687.238
687.411,687.241
687.405,687.232
687.407,687.236
687.401,687.227
687.399,687.224
687.402,687.228
687.404,687.232
687.402,687.227
687.396,687.220
687.399,687.224
687.402,687.229
687.405,687.232
687.410,687.240
687.412,687.242
687.414,687.245
687.415,687.247
687.409,687.237
687.403,687.229
687.405,687.233
687.400,687.225
687.394,687.217
687.398,687.222
687.401,687.226
687.404,687.230
687.406,687.234
687.400,687.226
687.395,687.218
687.398,687.223
687.393,687.216
687.397,687.221
687.400,687.225
687.403,687.229
687.398,687.222
687.401,687.226
687.395,687.219
687.399,687.223
687.402,687.228
687.396,687.220
687.392,687.213
687.395,687.219
687.399,687.223
687.402,687.227
687.404,687.231
687.407,687.235
687.409,687.238
687.403,687.229
687.405,687.233
687.410,687.240
687.412,687.243
687.414,687.245
687.410,687.240
687.404,687.231
687.407,687.234
687.409,687.238
687.411,687.241
687.415,687.247
687.417,687.249
687.418,687.251
687.422,687.256
687.415,687.246
687.416,687.248
687.417,687.250
687.419,687.252
687.420,687.253
687.413,687.243
687.414,687.246
687.408,687.236
687.410,687.239
687.404,687.231
687.398,687.223
687.393,687.216
687.389,687.209
687.385,687.204
687.381,687.198
687.378,687.194
687.375,687.189
687.372,687.185
687.369,687.182
687.367,687.179
687.365,687.176
687.371,687.184
687.369,687.181
687.375,687.189
687.380,687.197
687.377,687.192
687.374,687.188
687.371,687.184
687.377,687.192
687.382,687.199
687.386,687.206
687.390,687.212
687.394,687.217
687.390,687.210
687.388,687.208
687.392,687.214
687.396,687.219
687.399,687.224
687.405,687.232
687.399,687.224
687.402,687.228
687.405,687.232
687.399,687.224
687.402,687.228
687.397,687.220
687.400,687.225
687.395,687.218
687.398,687.222
687.401,687.227
687.396,687.219
687.391,687.212
687.395,687.218
687.398,687.222
687.401,687.227
687.404,687.231
687.401,687.227
687.404,687.231
687.406,687.234
687.411,687.241
687.405,687.232
687.399,687.224
687.394,687.217
687.390,687.210
687.393,687.216
687.397,687.221
687.403,687.229
687.405,687.233
687.408,687.236
687.404,687.232
687.399,687.224
687.394,687.216
687.397,687.221
687.392,687.214
687.396,687.220
687.399,687.224
687.402,687.228
687.405,687.232
687.407,687.235
687.401,687.227
687.396,687.220
687.391,687.213
687.395,687.218
687.390,687.211
687.394,687.217
687.389,687.210
687.385,687.204
687.381,687.199
687.378,687.194
687.375,687.190
687.372,687.186
687.378,687.194
687.377,687.193
687.382,687.200
687.379,687.195
687.376,687.191
687.373,687.187
687.378,687.194
687.383,687.201
687.380,687.196
687.384,687.203
687.389,687.209
687.385,687.203
687.381,687.198
687.378,687.193
687.383,687.201
687.379,687.196
687.384,687.202
687.388,687.209
687.392,687.214
687.388,687.208
687.384,687.202
687.380,687.197
687.385,687.204
687.381,687.199
687.378,687.194
687.375,687.190
687.372,687.186
687.370,687.182
687.375,687.190
687.372,687.186
687.370,687.183
687.368,687.179
687.366,687.176
687.364,687.174
687.370,687.183
687.368,687.179
687.374,687.188
687.371,687.184
687.369,687.181
687.366,687.178
687.364,687.175
687.363,687.172
687.369,687.181
687.367,687.178
687.365,687.175
687.371,687.184
687.377,687.192
687.374,687.188
687.374,687.188
687.379,687.196
687.384,687.202
687.380,687.197
687.377,687.193
687.374,687.188
687.379,687.196
687.376,687.191
687.373,687.187
687.371,687.184
687.376,687.192
687.376,687.191
687.373,687.187
687.379,687.195
687.383,687.202
687.383,687.201
687.387,687.207
687.383,687.201
687.380,687.196
687.384,687.203
687.389,687.209
687.393,687.215
687.388,687.208
687.392,687.214
687.388,687.208
687.384,687.202
687.380,687.197
687.380,687.196
687.376,687.192
687.381,687.199
687.378,687.194
687.375,687.190
687.372,687.186
687.370,687.182
687.367,687.179
687.365,687.176
687.363,687.173
687.370,687.182
687.375,687.190
687.373,687.186
687.370,687.183
687.368,687.180
687.366,687.177
687.372,687.185
687.377,687.193
687.374,687.189
687.372,687.185
687.369,687.182
687.367,687.178
687.365,687.175
687.363,687.173
687.361,687.171
687.360,687.168
687.359,687.166
687.365,687.176
687.371,687.185
687.369,687.181
687.378,687.193
687.383,687.200
687.379,687.196
687.376,687.191
687.373,687.187
687.373,687.187
687.370,687.183
687.376,687.191
687.373,687.187
687.379,687.195
687.384,687.202
687.387,687.206
687.383,687.201
687.379,687.196
687.376,687.191
687.376,687.191
687.373,687.187
687.370,687.183
687.368,687.180
687.366,687.177
687.372,687.185
687.380,687.197
687.385,687.204
687.381,687.199
687.378,687.194
687.383,687.201
687.387,687.207
687.391,687.213
687.387,687.207
687.391,687.213
687.395,687.218
687.398,687.223
687.393,687.216
687.389,687.209
687.393,687.215
687.391,687.212
687.364,687.174
687.370,687.183
687.376,687.191
687.381,687.198
687.386,687.205
687.382,687.199
687.378,687.195
687.375,687.190
687.372,687.186
687.370,687.183
687.368,687.179
687.366,687.176
687.358,687.166
687.365,687.176
687.363,687.173
687.362,687.171
687.360,687.169
687.359,687.167
687.357,687.165
687.356,687.163
687.363,687.173
687.370,687.182
687.375,687.190
687.381,687.198
687.377,687.193
687.373,687.188
687.379,687.195
687.368,687.179
687.366,687.176
687.364,687.174
687.362,687.171
687.352,687.158
687.352,687.157
687.351,687.156
687.353,687.159
687.353,687.158
687.360,687.168
687.359,687.167
687.357,687.165
687.364,687.175
687.362,687.172
687.361,687.170
687.362,687.172
687.361,687.169
687.359,687.167
687.358,687.166
687.357,687.164
687.358,687.166
687.365,687.176
687.371,687.185
687.377,687.193
687.374,687.188
687.371,687.185
687.377,687.192
687.377,687.192
687.374,687.188
687.371,687.184
687.377,687.192
687.374,687.188
687.371,687.184
687.371,687.184
687.377,687.192
687.374,687.188
687.371,687.184
687.369,687.181
687.367,687.178
687.365,687.175
687.363,687.172
687.361,687.170
687.360,687.168
687.358,687.166
687.357,687.164
687.356,687.163
687.355,687.161
687.354,687.160
687.361,687.170
687.368,687.180
687.366,687.177
687.364,687.174
687.362,687.171
687.369,687.181
687.366,687.178
687.364,687.175
687.363,687.172
687.361,687.170
687.360,687.168
687.358,687.166
687.357,687.164
687.364,687.174
687.357,687.164
687.356,687.163
687.363,687.173
687.361,687.170
687.360,687.168
687.358,687.166
687.357,687.165
687.364,687.174
687.362,687.172
687.361,687.170
687.359,687.168
687.366,687.177
687.367,687.178
687.365,687.175
687.371,687.184
687.369,687.181
687.366,687.178
687.364,687.175
687.371,687.184
687.368,687.180
687.374,687.189
687.371,687.185
687.369,687.181
687.367,687.178
687.373,687.187
687.370,687.183
687.376,687.191
687.373,687.187
687.370,687.183
687.368,687.180
687.358,687.166
687.357,687.164
689.552,690.273
691.840,693.513
692.825,694.907
692.830,694.914
692.329,694.206
692.157,693.961
691.397,692.885
691.266,692.699
690.681,691.872
690.551,691.688
690.421,691.504
690.312,691.349
690.210,691.204
689.664,690.431
689.577,690.308
689.490,690.185
689.490,690.184
689.472,690.159
689.475,690.164
689.491,690.186
689.528,690.238
690.161,691.134
690.164,691.139
690.165,691.141
690.165,691.141
690.148,691.116
690.105,691.056
690.061,690.993
690.027,690.945
690.011,690.923
692.722,694.762
694.898,697.843
696.317,699.853
697.687,701.793
698.380,702.774
698.322,702.692
698.389,702.787
698.367,702.755
698.461,702.889
698.417,702.826
698.337,702.713
698.344,702.724
698.292,702.650
698.278,702.629
698.245,702.583
698.247,702.586
698.249,702.589
698.260,702.604
698.279,702.631
698.254,702.596
698.233,702.566
698.240,702.575
698.208,702.530
697.536,701.580
697.362,701.332
697.361,701.330
697.294,701.236
697.207,701.113
696.549,700.181
696.740,700.451
696.775,700.501
697.607,701.679
697.678,701.780
697.570,701.627
697.538,701.581
697.445,701.450
697.383,701.362
697.330,701.288
697.260,701.187
696.634,700.301
696.568,700.208
696.035,699.453
695.861,699.207
695.267,698.366
695.286,698.392
695.191,698.258
695.121,698.159
694.584,697.398
694.390,697.124
694.252,696.928
694.160,696.798
693.561,695.950
693.453,695.797
693.359,695.664
693.268,695.534
693.184,695.416
693.105,695.305
693.035,695.204
692.415,694.328
692.412,694.323
692.354,694.240
692.324,694.198
692.288,694.148
692.249,694.091
692.206,694.031
692.174,693.985
692.114,693.901
691.565,693.123
691.520,693.059
691.464,692.980
691.422,692.921
691.380,692.861
691.351,692.820
691.316,692.771
691.289,692.733
691.269,692.704
691.252,692.680
691.238,692.660
691.216,692.629
691.194,692.597
691.174,692.570
691.152,692.538
691.129,692.506
691.104,692.470
691.078,692.433
691.049,692.393
691.021,692.353
691.003,692.328
690.975,692.287
690.946,692.246
690.928,692.221
690.903,692.186
690.881,692.155
690.862,692.127
690.844,692.102
690.828,692.079
690.805,692.047
690.788,692.023
690.769,691.996
690.752,691.972
690.737,691.950
690.723,691.931
690.702,691.901
690.679,691.868
690.662,691.845
690.639,691.812
690.627,691.794
690.607,691.767
690.597,691.753
690.584,691.734
690.568,691.712
690.554,691.692
690.545,691.679
690.533,691.662
690.523,691.647
690.508,691.627
690.492,691.603
690.477,691.583
690.464,691.564
690.452,691.546
690.433,691.520
690.415,691.495
690.400,691.473
690.381,691.446
690.369,691.429
690.349,691.402
690.332,691.377
690.316,691.355
690.302,691.335
690.289,691.317
690.270,691.289
690.255,691.268
690.238,691.245
690.224,691.224
690.210,691.205
690.190,691.176
690.172,691.150
690.163,691.138
690.159,691.132
690.143,691.110
690.138,691.102
690.124,691.083
690.112,691.066
690.101,691.051
690.091,691.037
690.083,691.024
690.074,691.013
690.070,691.007
690.063,690.997
690.057,690.988
690.060,690.991
690.057,690.987
690.051,690.979
690.046,690.972
690.049,690.977
690.045,690.970
690.040,690.964
690.036,690.958
690.027,690.946
690.025,690.942
690.022,690.938
690.020,690.935
690.018,690.932
690.008,690.918
689.999,690.905
689.990,690.893
689.983,690.883
689.976,690.874
689.962,690.854
689.958,690.847
689.953,690.841
689.949,690.836
689.938,690.819
689.927,690.804
689.918,690.791
689.909,690.779
689.902,690.768
689.895,690.758
689.888,690.749
689.883,690.741
689.869,690.722
689.857,690.705
689.847,690.690
689.845,690.687
689.843,690.685
689.834,690.672
689.825,690.659
689.817,690.648
689.810,690.638
689.812,690.641
689.814,690.643
689.807,690.634
689.809,690.636
689.803,690.628
689.805,690.631
689.807,690.634
689.801,690.626
689.796,690.618
689.791,690.611
689.794,690.616
689.789,690.609
689.785,690.603
689.781,690.597
689.777,690.592
689.782,690.599
689.779,690.593
689.775,690.589
689.772,690.584
689.769,690.581
689.767,690.577
689.765,690.574
689.763,690.571
689.761,690.568
689.759,690.566
689.758,690.564
689.756,690.562
689.755,690.560
689.754,690.559
689.753,690.557
689.752,690.556
689.743,690.543
689.743,690.543
689.743,690.543
689.743,690.543
689.735,690.532
689.736,690.533
689.729,690.523
689.722,690.513
689.724,690.516
689.718,690.507
689.720,690.511
689.722,690.514
689.724,690.517
689.726,690.519
689.720,690.510
689.722,690.513
689.724,690.516
689.718,690.507
689.720,690.511
689.722,690.514
689.724,690.517
689.718,690.508
689.713,690.500
689.707,690.493
689.703,690.486
689.707,690.492
689.710,690.497
689.713,690.501
689.708,690.494
689.703,690.487
689.699,690.481
689.703,690.487
689.699,690.481
689.703,690.487
689.707,690.492
689.702,690.486
689.698,690.480
689.695,690.474
689.699,690.481
689.695,690.476
689.692,690.471
689.697,690.478
689.701,690.484
689.697,690.478
689.702,690.484
689.697,690.479
689.694,690.473
689.690,690.469
689.695,690.476
689.692,690.471
689.697,690.478
689.701,690.484
689.697,690.478
689.694,690.473
689.685,690.461
689.683,690.458
689.689,690.466
689.694,690.473
689.698,690.480
689.695,690.475
689.691,690.470
689.688,690.465
689.693,690.473
689.698,690.480
689.694,690.474
689.691,690.469
689.688,690.465
689.685,690.461
689.683,690.458
689.680,690.454
689.678,690.451
689.676,690.449
689.675,690.446
689.673,690.444
689.672,690.442
689.671,690.441
689.677,690.450
689.684,690.459
689.681,690.456
689.623,690.373
689.626,690.378
689.621,690.371
689.625,690.376
689.628,690.380
689.631,690.385
689.634,690.388
689.628,690.380
689.631,690.384
689.630,690.384
689.622,690.372
689.614,690.361
689.616,690.363
689.617,690.364
689.621,690.370
689.616,690.363
689.612,690.358
689.609,690.353
689.605,690.348
689.610,690.355
689.615,690.362
689.619,690.368
689.623,690.373
689.626,690.378
689.629,690.382
689.628,690.380
689.631,690.384
689.625,690.377
689.629,690.381
689.631,690.385
689.626,690.377
689.629,690.382
689.632,690.386
689.634,690.389
689.637,690.393
689.631,690.384
689.633,690.388
689.636,690.391
689.638,690.394
689.640,690.397
689.642,690.400
689.643,690.402
689.637,690.393
689.631,690.384
689.625,690.376
689.620,690.370
689.624,690.375
689.627,690.379
689.630,690.384
689.625,690.376
689.620,690.369
689.621,690.370
689.624,690.375
689.628,690.380
689.622,690.372
689.626,690.377
689.621,690.370
689.625,690.375
689.620,690.369
689.623,690.374
689.627,690.379
689.630,690.383
689.625,690.375
689.628,690.380
689.623,690.373
689.623,690.373
689.618,690.367
689.622,690.372
689.618,690.366
689.622,690.371
689.625,690.376
689.620,690.369
689.616,690.363
689.612,690.357
689.608,690.352
689.605,690.348
689.602,690.344
689.599,690.340
689.597,690.336
689.595,690.333
689.593,690.330
689.591,690.328
689.589,690.326
689.588,690.323
689.583,690.317
689.583,690.316
689.582,690.315
689.581,690.314
689.580,690.313
689.580,690.312
689.579,690.311
689.579,690.311
689.578,690.310
689.578,690.309
689.569,690.297
689.570,690.298
689.570,690.299
689.571,690.299
689.563,690.288
689.564,690.290
689.557,690.279
689.558,690.282
689.552,690.272
689.554,690.275
689.556,690.278
689.549,690.269
689.552,690.272
689.554,690.275
689.556,690.278
689.549,690.269
689.544,690.261
689.547,690.265
689.549,690.269
689.552,690.272
689.546,690.264
689.548,690.268
689.551,690.271
689.553,690.274
689.547,690.266
689.547,690.265
689.541,690.257
689.536,690.250
689.532,690.244
689.528,690.238
689.524,690.233
689.529,690.240
689.525,690.234
689.522,690.230
689.518,690.225
689.516,690.221
689.513,690.218
689.511,690.214
689.509,690.212
689.507,690.209
689.505,690.206
689.504,690.204
689.502,690.202
689.501,690.201
689.500,690.199
689.499,690.198
689.506,690.208
689.501,690.201
689.500,690.199
689.491,690.187
689.488,690.182
689.488,690.182
689.480,690.171
689.481,690.172
689.487,690.180
689.487,690.181
689.487,690.181
689.487,690.181
689.480,690.170
689.472,690.160
689.471,690.158
689.473,690.160
689.466,690.151
689.468,690.154
689.462,690.146
689.465,690.149
689.472,690.160
689.474,690.162
689.475,690.164
689.477,690.166
689.478,690.168
689.479,690.169
689.480,690.171
689.478,690.168
689.479,690.169
689.472,690.159
689.474,690.162
689.475,690.164
689.468,690.154
689.470,690.157
689.472,690.160
689.474,690.162
689.475,690.164
689.477,690.166
689.475,690.163
689.468,690.154
689.462,690.145
689.462,690.145
689.464,690.148
689.467,690.152
689.469,690.155
689.463,690.146
689.465,690.150
689.467,690.153
689.461,690.144
689.456,690.137
689.456,690.137
689.459,690.141
689.462,690.146
689.457,690.138
689.460,690.142
689.463,690.146
689.465,690.150
689.467,690.153
689.470,690.156
689.471,690.159
689.473,690.161
689.475,690.163
689.476,690.165
689.477,690.167
689.470,690.157
689.469,690.155
689.463,690.147
689.466,690.150
689.468,690.153
689.470,690.156
689.472,690.159
689.478,690.168
689.471,690.158
689.473,690.161
689.475,690.163
689.473,690.161
689.474,690.163
689.476,690.165
689.477,690.167
689.478,690.168
689.479,690.170
689.480,690.171
689.486,690.179
689.486,690.180
689.487,690.180
689.495,690.192
689.494,690.191
689.494,690.190
689.494,690.190
689.493,690.189
689.501,690.200
689.500,690.199
689.499,690.197
689.498,690.196
689.497,690.195
689.496,690.194
689.496,690.193
689.503,690.203
689.502,690.202
689.501,690.200
689.496,690.194
689.504,690.204
689.502,690.202
689.501,690.201
689.500,690.199
689.499,690.198
689.506,690.208
689.505,690.205
689.511,690.215
689.509,690.212
689.507,690.209
689.510,690.214
689.516,690.222
689.514,690.219
689.512,690.215
689.518,690.224
689.515,690.220
689.517,690.224
689.515,690.220
689.512,690.216
689.510,690.213
689.505,690.206
689.504,690.204
689.510,690.214
689.516,690.222
689.514,690.218
689.511,690.215
689.517,690.224
689.515,690.220
689.512,690.216
689.518,690.225
689.515,690.221
689.521,690.229
689.518,690.224
689.515,690.221
