# Physical_Baseline=695.88pF, Trigger_Distance=12.5cm, Atten_Ratio=1.56
Raw_Capacitance(pF),Normalized_Capacitance(pF)
696.045,696.139
696.040,696.131
696.039,696.129
696.034,696.122
696.034,696.121
696.025,696.108
696.030,696.115
696.030,696.115
696.026,696.109
696.018,696.097
696.011,696.086
696.009,696.083
696.003,696.073
696.001,696.071
696.004,696.075
696.007,696.079
696.005,696.076
695.999,696.067
695.998,696.066
695.993,696.058
695.988,696.051
695.988,696.051
695.984,696.044
695.989,696.051
695.989,696.051
695.984,696.044
695.981,696.039
695.973,696.027
695.970,696.023
695.968,696.019
695.962,696.009
695.956,696.000
695.955,695.999
695.954,695.997
695.949,695.989
695.945,695.983
695.937,695.970
695.933,695.965
695.939,695.973
695.939,695.974
695.940,695.975
695.936,695.969
695.933,695.964
695.934,695.966
695.927,695.955
695.929,695.957
695.926,695.954
695.924,695.950
695.918,695.940
695.912,695.932
695.907,695.924
695.902,695.917
695.898,695.910
695.891,695.898
695.884,695.887
695.800,695.757
695.798,695.753
695.795,695.749
695.793,695.746
695.791,695.743
695.790,695.740
695.788,695.738
695.787,695.736
695.785,695.734
695.784,695.732
695.783,695.730
695.782,695.729
695.781,695.727
695.781,695.726
695.780,695.725
695.779,695.724
695.779,695.723
695.770,695.710
695.770,695.710
695.771,695.711
695.771,695.711
695.771,695.711
695.771,695.712
695.772,695.712
695.772,695.712
695.764,695.700
695.765,695.701
695.757,695.690
695.759,695.692
695.752,695.682
695.746,695.672
695.745,695.670
695.743,695.668
695.738,695.660
695.742,695.665
695.745,695.670
695.739,695.661
695.734,695.654
695.730,695.647
695.726,695.641
695.722,695.635
695.723,695.637
695.724,695.638
695.729,695.645
695.725,695.639
695.721,695.634
695.718,695.629
695.723,695.637
695.720,695.632
695.721,695.633
695.672,695.557
695.662,695.541
695.656,695.532
695.659,695.536
695.662,695.541
695.661,695.538
695.663,695.543
695.657,695.534
695.660,695.538
695.659,695.536
695.662,695.540
695.656,695.532
695.659,695.536
695.658,695.534
695.657,695.533
695.652,695.525
695.647,695.518
695.651,695.524
695.651,695.523
695.646,695.516
695.642,695.509
695.642,695.510
695.647,695.517
695.643,695.510
695.647,695.517
695.468,695.238
695.461,695.227
695.458,695.222
695.460,695.225
695.457,695.221
695.455,695.217
695.449,695.207
695.447,695.205
695.446,695.203
695.436,695.188
695.436,695.187
695.435,695.187
695.431,695.180
695.431,695.180
695.431,695.180
695.431,695.180
695.427,695.174
695.420,695.162
695.421,695.164
695.422,695.165
695.415,695.154
695.408,695.144
695.402,695.135
695.405,695.139
695.408,695.143
695.410,695.147
695.408,695.144
695.410,695.148
695.404,695.138
695.399,695.129
695.398,695.128
695.401,695.133
695.404,695.138
695.399,695.129
695.394,695.121
695.389,695.114
695.385,695.108
695.381,695.102
695.378,695.097
695.375,695.092
695.376,695.095
695.374,695.090
695.371,695.086
695.369,695.082
695.371,695.086
695.364,695.076
695.363,695.073
695.361,695.071
695.360,695.069
695.358,695.067
695.353,695.059
695.349,695.051
695.348,695.051
695.348,695.051
695.348,695.050
695.344,695.044
695.336,695.032
695.337,695.033
695.338,695.034
695.331,695.023
695.332,695.025
695.338,695.034
695.339,695.035
695.339,695.036
695.340,695.038
695.332,695.026
695.326,695.015
695.328,695.018
695.329,695.021
695.331,695.024
695.324,695.013
695.326,695.016
695.328,695.019
695.322,695.009
695.324,695.013
695.318,695.004
695.317,695.002
695.320,695.006
695.322,695.010
695.325,695.014
695.327,695.017
695.329,695.020
695.322,695.010
695.316,695.001
695.319,695.005
695.318,695.003
695.321,695.007
695.315,694.998
695.310,694.990
695.313,694.996
695.316,695.001
695.319,695.005
695.314,694.997
695.309,694.989
695.300,694.975
695.296,694.970
695.293,694.964
695.290,694.960
695.295,694.968
695.300,694.976
695.297,694.970
695.293,694.964
695.298,694.972
695.303,694.980
695.299,694.973
695.295,694.968
695.292,694.963
695.289,694.958
695.286,694.954
695.276,694.937
695.274,694.935
695.265,694.921
695.257,694.907
695.257,694.908
695.257,694.909
695.258,694.909
695.258,694.910
695.258,694.910
695.259,694.910
695.251,694.898
695.244,694.887
695.237,694.877
695.239,694.880
695.241,694.884
695.243,694.887
695.237,694.877
695.239,694.880
695.233,694.871
695.228,694.862
695.223,694.855
695.222,694.854
695.226,694.860
695.221,694.852
695.217,694.845
695.221,694.852
695.217,694.845
695.221,694.852
695.217,694.845
695.213,694.839
695.209,694.833
695.202,694.822
695.200,694.818
695.197,694.815
695.195,694.812
695.193,694.809
695.192,694.806
695.190,694.804
695.189,694.801
695.188,694.800
695.187,694.798
695.185,694.796
695.185,694.795
695.176,694.781
695.167,694.768
695.168,694.769
695.161,694.758
695.154,694.747
695.156,694.751
695.158,694.753
695.152,694.743
695.154,694.747
695.156,694.750
695.150,694.741
695.152,694.744
695.155,694.748
695.157,694.751
695.150,694.741
695.145,694.732
695.139,694.724
695.143,694.730
695.138,694.722
695.133,694.715
695.137,694.721
695.133,694.714
695.129,694.708
695.125,694.702
695.130,694.710
695.126,694.704
695.123,694.698
695.124,694.700
695.121,694.695
695.126,694.703
695.123,694.698
695.120,694.693
695.117,694.689
695.114,694.685
695.116,694.688
695.114,694.684
695.112,694.681
695.105,694.671
695.104,694.669
695.103,694.667
695.102,694.665
695.092,694.651
695.092,694.651
695.092,694.650
695.092,694.650
695.088,694.643
695.088,694.644
695.080,694.632
695.073,694.620
695.066,694.610
695.061,694.601
695.055,694.593
695.051,694.585
695.054,694.591
695.050,694.584
695.045,694.577
695.038,694.565
695.034,694.560
695.032,694.556
695.029,694.552
695.027,694.548
695.025,694.545
695.023,694.542
695.021,694.540
695.020,694.537
695.018,694.535
695.017,694.533
695.016,694.531
695.015,694.530
695.014,694.528
695.013,694.527
695.012,694.526
695.016,694.531
695.015,694.529
695.014,694.528
695.013,694.527
695.012,694.525
695.012,694.524
695.011,694.523
695.006,694.516
695.006,694.516
695.006,694.516
695.006,694.516
695.006,694.516
695.006,694.516
695.006,694.515
695.006,694.515
695.006,694.515
695.006,694.515
695.006,694.515
695.005,694.515
695.005,694.515
695.005,694.515
695.005,694.515
695.005,694.515
695.005,694.515
695.005,694.515
695.005,694.515
695.005,694.515
695.005,694.515
695.005,694.515
695.005,694.515
695.005,694.515
695.005,694.515
695.005,694.515
695.005,694.515
695.005,694.515
695.005,694.515
695.005,694.515
695.005,694.515
695.005,694.515
695.005,694.515
695.005,694.515
695.005,694.515
695.005,694.515
695.005,694.515
695.005,694.515
695.005,694.515
695.005,694.515
695.005,694.515
695.005,694.515
695.005,694.515
695.005,694.515
695.005,694.515
695.005,694.515
695.005,694.515
695.005,694.515
695.005,694.515
695.005,694.515
695.005,694.515
695.005,694.515
695.005,694.515
695.005,694.515
695.005,694.515
695.005,694.515
695.005,694.515
695.005,694.515
695.005,694.515
695.009,694.521
695.009,694.521
695.009,694.520
695.008,694.519
695.008,694.519
695.008,694.519
694.999,694.505
695.000,694.506
694.992,694.494
694.985,694.484
694.979,694.474
694.982,694.478
694.976,694.469
694.979,694.473
694.973,694.464
694.968,694.456
694.963,694.449
694.967,694.455
694.963,694.448
694.959,694.442
694.963,694.449
694.959,694.442
694.963,694.449
694.959,694.443
694.955,694.437
694.952,694.431
694.949,694.427
694.946,694.422
694.944,694.418
694.941,694.415
694.939,694.412
694.937,694.409
694.936,694.406
694.926,694.391
694.925,694.390
694.925,694.389
694.924,694.388
694.924,694.388
694.924,694.387
694.923,694.386
694.915,694.373
694.915,694.374
694.916,694.375
694.908,694.363
694.901,694.352
694.895,694.342
694.897,694.345
694.899,694.349
694.893,694.339
694.887,694.330
694.882,694.323
694.878,694.315
694.874,694.309
694.870,694.303
694.867,694.298
694.872,694.306
694.868,694.300
694.865,694.295
694.862,694.291
694.859,694.287
694.849,694.270
694.848,694.268
694.846,694.266
694.845,694.265
694.844,694.263
694.843,694.262
694.834,694.248
694.826,694.235
694.819,694.223
694.820,694.226
694.814,694.215
694.816,694.218
694.817,694.221
694.819,694.224
694.812,694.213
694.806,694.204
694.801,694.195
694.796,694.188
694.791,694.181
694.787,694.174
694.788,694.175
694.784,694.169
694.781,694.164
694.778,694.159
694.783,694.167
694.788,694.175
694.792,694.182
694.788,694.176
694.784,694.170
694.781,694.164
694.778,694.160
694.775,694.155
694.769,694.145
694.767,694.142
694.765,694.140
694.764,694.137
694.762,694.135
694.761,694.133
694.760,694.131
694.759,694.130
694.758,694.128
694.749,694.114
694.749,694.114
694.749,694.114
694.749,694.114
694.741,694.101
694.733,694.090
694.731,694.086
694.725,694.076
694.719,694.067
694.722,694.071
694.724,694.076
694.719,694.067
694.713,694.058
694.717,694.064
694.716,694.062
694.711,694.055
694.714,694.060
694.710,694.053
694.705,694.046
694.701,694.040
694.698,694.034
694.694,694.029
694.696,694.031
694.701,694.039
694.705,694.046
694.701,694.040
694.698,694.034
694.694,694.029
694.696,694.031
694.693,694.026
694.698,694.034
694.695,694.029
694.692,694.025
694.689,694.021
694.678,694.003
694.676,694.001
694.675,693.999
694.674,693.997
694.673,693.995
694.672,693.994
694.671,693.993
694.671,693.992
694.670,693.991
694.665,693.983
694.673,693.996
694.672,693.994
694.671,693.993
694.671,693.992
694.670,693.991
694.669,693.990
694.669,693.989
694.668,693.988
694.668,693.988
694.668,693.987
694.659,693.974
694.651,693.962
694.644,693.951
694.646,693.954
694.640,693.944
694.604,693.888
694.602,693.884
694.608,693.893
694.613,693.902
694.610,693.897
694.607,693.892
694.604,693.888
694.602,693.884
694.595,693.874
694.594,693.872
694.596,693.876
694.595,693.873
694.593,693.871
694.596,693.875
694.594,693.873
694.593,693.870
694.587,693.862
694.587,693.860
694.578,693.846
694.578,693.847
694.578,693.847
694.578,693.847
694.570,693.834
694.567,693.829
694.568,693.831
694.506,693.735
694.505,693.733
694.500,693.725
694.491,693.711
694.487,693.705
694.488,693.706
694.488,693.707
694.485,693.701
694.486,693.703
694.490,693.710
694.483,693.698
694.480,693.693
694.481,693.695
694.482,693.697
694.475,693.686
694.477,693.689
694.470,693.679
694.460,693.663
694.463,693.668
694.466,693.672
694.465,693.670
694.459,693.662
694.454,693.654
694.450,693.647
694.454,693.653
694.359,693.505
694.356,693.500
694.353,693.495
694.350,693.490
694.347,693.486
694.349,693.489
694.343,693.479
694.345,693.483
694.343,693.479
694.341,693.476
694.347,693.486
694.345,693.483
694.343,693.479
694.341,693.476
694.347,693.486
694.345,693.483
694.343,693.479
694.341,693.476
694.339,693.474
694.333,693.465
694.337,693.470
694.335,693.468
694.334,693.466
694.333,693.464
694.332,693.463
694.331,693.461
694.330,693.460
694.330,693.459
694.329,693.458
694.328,693.457
694.328,693.456
694.327,693.455
694.319,693.442
694.319,693.442
694.311,693.430
694.308,693.426
694.306,693.422
694.303,693.418
694.305,693.421
694.299,693.411
694.301,693.414
694.295,693.405
694.298,693.409
694.300,693.413
694.294,693.403
694.289,693.395
694.292,693.400
694.295,693.404
694.297,693.409
694.292,693.400
694.286,693.391
694.282,693.384
694.282,693.384
694.277,693.377
694.274,693.371
694.274,693.373
694.267,693.361
694.264,693.356
694.261,693.352
694.263,693.355
694.257,693.345
694.259,693.349
694.261,693.352
694.259,693.349
694.265,693.358
694.262,693.354
694.264,693.357
694.266,693.359
694.259,693.349
694.253,693.339
694.248,693.331
694.243,693.323
694.246,693.329
694.250,693.334
694.249,693.332
694.247,693.331
694.238,693.316
694.238,693.316
694.238,693.316
694.230,693.303
694.222,693.291
694.224,693.294
694.217,693.283
694.219,693.286
694.221,693.289
694.218,693.285
694.216,693.282
694.214,693.279
694.213,693.276
694.207,693.267
694.210,693.271
694.204,693.263
694.199,693.255
694.203,693.261
694.202,693.260
694.193,693.246
694.189,693.240
694.186,693.234
694.191,693.242
694.195,693.249
694.187,693.236
694.180,693.225
694.177,693.221
694.175,693.217
694.173,693.214
694.171,693.210
694.165,693.202
694.164,693.200
694.162,693.198
694.161,693.196
694.161,693.195
694.160,693.193
694.155,693.186
694.159,693.192
694.158,693.191
694.158,693.190
694.157,693.189
694.157,693.189
694.152,693.182
694.152,693.182
694.152,693.182
694.152,693.182
694.152,693.181
694.156,693.188
694.156,693.187
694.155,693.187
694.155,693.186
694.155,693.186
694.151,693.179
694.151,693.179
694.151,693.180
694.151,693.180
694.151,693.180
694.155,693.187
694.147,693.173
694.139,693.161
694.140,693.163
694.142,693.165
694.143,693.167
694.140,693.162
694.133,693.151
694.126,693.141
694.125,693.139
694.127,693.143
694.130,693.147
694.132,693.150
694.130,693.147
694.124,693.137
694.126,693.141
694.129,693.145
694.127,693.142
694.129,693.146
694.132,693.149
694.130,693.146
694.128,693.144
694.122,693.134
694.125,693.139
694.123,693.137
694.126,693.141
694.129,693.145
694.131,693.148
694.133,693.151
694.131,693.148
694.125,693.139
694.127,693.143
694.126,693.140
694.128,693.144
694.122,693.135
694.121,693.133
694.116,693.125
694.119,693.130
694.114,693.123
694.114,693.122
694.118,693.128
694.113,693.120
694.113,693.120
694.116,693.126
694.112,693.118
694.111,693.118
694.107,693.111
694.111,693.118
694.111,693.118
694.107,693.111
694.103,693.105
694.096,693.094
694.097,693.096
694.094,693.091
694.092,693.087
694.094,693.090
694.091,693.086
694.089,693.082
694.091,693.086
694.088,693.082
694.086,693.079
694.081,693.070
694.079,693.068
694.078,693.066
694.081,693.071
694.084,693.075
694.082,693.072
694.081,693.070
694.084,693.075
694.090,693.085
694.096,693.094
694.089,693.083
694.083,693.074
694.082,693.072
694.084,693.076
694.079,693.067
694.078,693.065
694.077,693.064
694.080,693.069
694.087,693.079
694.085,693.076
694.087,693.080
694.085,693.077
694.084,693.074
694.086,693.079
694.084,693.076
694.083,693.073
694.077,693.064
694.076,693.063
694.075,693.061
694.079,693.067
694.077,693.065
694.073,693.057
694.072,693.056
694.071,693.056
694.075,693.061
694.074,693.060
694.074,693.059
694.077,693.064
694.076,693.063
694.075,693.061
694.070,693.054
694.070,693.054
694.074,693.060
694.065,693.046
694.065,693.046
694.062,693.040
694.054,693.028
694.047,693.017
694.045,693.014
694.047,693.017
694.049,693.020
694.042,693.010
694.045,693.014
694.043,693.011
694.037,693.002
694.032,692.994
694.035,692.999
694.038,693.003
694.037,693.002
694.040,693.006
694.030,692.991
694.026,692.984
694.030,692.990
694.025,692.983
694.029,692.989
694.029,692.989
694.032,692.994
694.032,692.993
694.027,692.986
694.027,692.986
694.022,692.979
694.018,692.973
694.015,692.967
694.012,692.962
694.017,692.970
694.014,692.965
694.007,692.954
694.012,692.963
694.014,692.965
694.019,692.973
694.019,692.974
694.016,692.968
694.012,692.963
694.009,692.959
694.015,692.967
694.008,692.956
694.005,692.952
694.007,692.955
694.013,692.964
694.014,692.966
694.011,692.961
694.012,692.963
694.009,692.959
694.011,692.961
694.016,692.969
694.013,692.964
694.010,692.959
694.015,692.968
694.012,692.963
694.009,692.958
694.011,692.961
694.008,692.956
694.010,692.959
694.007,692.955
694.009,692.958
694.006,692.953
694.000,692.944
693.998,692.941
694.001,692.945
693.999,692.942
693.993,692.934
693.992,692.932
693.987,692.924
693.987,692.923
693.982,692.916
693.982,692.916
693.982,692.916
693.982,692.916
693.982,692.916
693.982,692.916
693.982,692.916
693.982,692.916
693.974,692.903
693.974,692.904
693.979,692.912
693.979,692.912
693.976,692.906
693.976,692.907
693.977,692.908
693.977,692.908
693.982,692.916
693.982,692.916
693.986,692.922
693.986,692.921
693.989,692.927
693.989,692.926
693.988,692.925
693.987,692.924
693.983,692.917
693.983,692.917
693.987,692.923
693.978,692.910
693.975,692.904
693.975,692.905
693.972,692.900
693.973,692.901
693.978,692.909
693.978,692.910
693.975,692.904
693.975,692.905
693.972,692.900
693.973,692.901
693.970,692.897
693.971,692.898
693.968,692.894
693.961,692.883
693.955,692.874
693.949,692.865
693.952,692.870
693.951,692.868
693.946,692.860
693.954,692.871
693.956,692.876
693.959,692.879
693.961,692.883
693.963,692.886
693.964,692.888
693.958,692.878
693.956,692.876
693.959,692.879
693.949,692.864
693.944,692.856
693.947,692.862
693.947,692.861
693.942,692.853
693.938,692.846
693.938,692.847
693.942,692.853
693.942,692.853
693.946,692.859
693.941,692.852
693.941,692.852
693.937,692.845
693.941,692.852
693.941,692.852
693.937,692.845
693.929,692.833
693.926,692.828
693.923,692.824
693.925,692.826
693.922,692.822
693.919,692.818
693.921,692.821
693.927,692.830
693.928,692.832
693.925,692.827
693.922,692.823
693.924,692.825
693.930,692.834
693.926,692.829
693.920,692.818
693.917,692.815
693.924,692.824
693.917,692.814
693.915,692.811
693.913,692.808
693.897,692.783
693.897,692.783
693.897,692.783
693.901,692.790
693.901,692.789
693.900,692.788
693.904,692.794
693.903,692.793
693.907,692.798
693.906,692.797
693.913,692.808
693.916,692.812
693.914,692.809
693.912,692.807
693.915,692.811
693.921,692.821
693.919,692.817
693.913,692.808
693.911,692.805
693.910,692.803
693.913,692.807
693.911,692.805
693.910,692.803
693.913,692.807
693.911,692.805
693.834,692.685
693.832,692.681
693.838,692.691
693.832,692.681
693.826,692.672
693.829,692.676
693.827,692.674
693.834,692.684
693.831,692.681
693.834,692.684
693.836,692.687
693.841,692.696
693.847,692.704
693.839,692.693
693.833,692.683
693.831,692.680
693.829,692.677
693.827,692.674
693.830,692.678
693.832,692.682
693.838,692.691
693.836,692.687
693.833,692.684
693.835,692.687
693.837,692.690
693.818,692.660
693.822,692.665
693.817,692.658
693.812,692.651
693.812,692.651
693.812,692.650
693.812,692.650
693.804,692.637
693.801,692.632
693.798,692.628
693.795,692.624
693.793,692.620
693.791,692.617
693.784,692.607
693.787,692.611
693.789,692.615
693.783,692.605
693.778,692.597
693.773,692.589
693.773,692.588
693.780,692.601
693.779,692.599
693.779,692.598
693.778,692.597
693.777,692.596
693.765,692.576
693.769,692.583
693.773,692.589
693.777,692.595
693.780,692.600
693.783,692.604
693.777,692.596
693.777,692.595
693.776,692.594
693.775,692.593
693.775,692.592
693.770,692.585
693.766,692.578
693.770,692.585
693.774,692.591
693.769,692.584
693.765,692.577
693.761,692.571
693.754,692.560
693.756,692.562
693.757,692.564
693.758,692.566
693.760,692.568
693.761,692.570
693.762,692.571
693.754,692.560
693.748,692.550
693.746,692.546
693.752,692.556
693.749,692.552
693.747,692.549
693.745,692.545
693.743,692.543
693.741,692.540
693.740,692.537
693.738,692.535
693.742,692.540
693.736,692.532
693.739,692.537
693.742,692.541
693.737,692.533
693.740,692.538
693.743,692.542
693.737,692.534
693.733,692.526
693.728,692.519
693.724,692.513
693.720,692.507
693.725,692.514
693.721,692.508
693.722,692.509
693.718,692.504
693.723,692.511
693.720,692.506
693.724,692.513
693.721,692.507
693.717,692.502
693.714,692.497
693.711,692.493
693.717,692.502
693.722,692.510
693.719,692.504
693.724,692.512
693.720,692.506
693.717,692.501
693.722,692.509
693.726,692.516
693.723,692.510
693.727,692.518
693.723,692.511
693.720,692.506
693.716,692.501
693.713,692.496
693.711,692.492
693.708,692.488
693.706,692.485
693.704,692.482
693.698,692.472
693.705,692.483
693.703,692.480
693.697,692.471
693.700,692.475
693.702,692.479
693.704,692.482
693.706,692.485
693.708,692.488
693.710,692.491
693.711,692.493
693.713,692.495
693.706,692.484
693.708,692.487
693.709,692.490
693.715,692.499
693.712,692.494
693.710,692.490
693.707,692.487
693.697,692.471
693.696,692.469
693.695,692.467
693.698,692.472
693.701,692.476
693.703,692.480
693.705,692.483
693.707,692.486
693.701,692.476
693.703,692.480
693.705,692.483
693.703,692.480
693.710,692.490
693.707,692.487
693.697,692.471
693.688,692.456
693.683,692.449
693.679,692.443
693.676,692.437
693.672,692.432
693.669,692.427
693.666,692.423
693.668,692.426
693.670,692.428
693.671,692.430
693.673,692.432
693.670,692.428
693.667,692.423
693.664,692.419
693.662,692.416
693.664,692.419
693.666,692.422
693.668,692.425
693.670,692.428
693.671,692.430
693.668,692.426
693.674,692.434
693.679,692.442
693.675,692.436
693.672,692.431
693.673,692.433
693.674,692.435
693.667,692.424
693.664,692.420
693.662,692.416
693.660,692.413
693.654,692.404
693.657,692.409
693.660,692.413
693.654,692.404
693.653,692.402
693.652,692.400
693.651,692.398
693.646,692.391
693.650,692.396
693.645,692.389
693.641,692.382
693.632,692.370
693.633,692.371
693.630,692.366
693.627,692.361
693.633,692.370
693.625,692.359
693.627,692.361
693.624,692.357
693.622,692.353
693.612,692.337
693.606,692.329
693.610,692.334
693.609,692.333
693.608,692.331
693.603,692.323
693.606,692.329
693.606,692.328
693.605,692.327
693.609,692.332
693.603,692.324
693.603,692.324
693.603,692.323
693.598,692.316
693.594,692.310
693.595,692.311
693.595,692.312
693.600,692.318
693.603,692.324
693.603,692.324
693.599,692.317
693.602,692.323
693.602,692.322
693.602,692.322
693.598,692.315
693.594,692.309
693.594,692.310
693.590,692.304
693.587,692.299
693.588,692.301
693.581,692.290
693.579,692.286
693.573,692.276
693.575,692.280
693.573,692.277
693.568,692.269
693.563,692.261
693.562,692.260
693.566,692.265
693.569,692.271
693.568,692.268
693.563,692.261
693.558,692.254
693.558,692.253
693.562,692.259
693.566,692.265
693.565,692.263
693.560,692.256
693.556,692.249
693.547,692.237
693.544,692.232
693.545,692.233
693.538,692.222
693.536,692.219
693.530,692.209
693.528,692.207
693.527,692.205
693.521,692.196
693.521,692.195
693.516,692.188
693.512,692.181
693.512,692.181
693.508,692.175
693.509,692.176
693.513,692.183
693.509,692.177
693.509,692.177
693.506,692.172
693.515,692.186
693.515,692.186
693.519,692.192
693.518,692.191
693.522,692.197
693.521,692.196
693.521,692.195
693.524,692.200
693.523,692.199
693.526,692.203
693.525,692.202
693.528,692.206
693.530,692.210
693.529,692.208
693.523,692.199
693.523,692.198
693.526,692.203
693.525,692.201
693.519,692.193
693.511,692.180
693.511,692.180
693.512,692.181
693.512,692.181
693.516,692.188
693.516,692.187
693.520,692.193
693.511,692.180
693.507,692.174
693.500,692.162
693.497,692.158
693.499,692.161
693.496,692.156
693.490,692.146
693.488,692.144
693.490,692.148
693.493,692.151
693.490,692.148
693.485,692.139
693.483,692.137
693.486,692.141
693.477,692.126
693.480,692.132
693.479,692.130
693.475,692.123
693.474,692.122
693.470,692.116
693.462,692.103
693.459,692.098
693.460,692.100
693.457,692.095
693.458,692.097
693.456,692.093
693.449,692.083
693.447,692.080
693.445,692.077
693.444,692.075
693.438,692.066
693.437,692.065
693.440,692.070
693.440,692.068
693.431,692.054
693.426,692.047
693.427,692.048
693.431,692.054
693.431,692.054
693.434,692.060
693.434,692.059
693.437,692.065
693.437,692.064
693.432,692.056
693.431,692.056
693.431,692.055
693.427,692.048
693.427,692.049
693.431,692.055
693.435,692.061
693.434,692.060
693.438,692.065
693.437,692.064
693.432,692.056
693.432,692.056
693.435,692.062
693.435,692.061
693.434,692.060
693.430,692.053
693.430,692.053
693.425,692.046
693.426,692.047
693.426,692.047
693.418,692.035
693.420,692.037
693.424,692.044
693.417,692.033
693.414,692.028
693.411,692.023
693.405,692.014
693.403,692.011
693.405,692.015
693.408,692.018
693.414,692.028
693.415,692.030
693.409,692.020
693.406,692.016
693.400,692.007
693.399,692.005
693.394,691.997
693.393,691.995
693.392,691.994
693.388,691.987
693.387,691.987
693.383,691.980
693.388,691.987
693.387,691.987
693.383,691.980
693.383,691.981
693.384,691.981
693.388,691.988
693.388,691.987
693.392,691.993
693.395,691.999
693.394,691.997
693.390,691.990
693.389,691.989
693.393,691.995
693.388,691.988
693.388,691.988
693.384,691.981
693.380,691.975
693.381,691.976
693.377,691.971
693.378,691.972
693.378,691.973
693.383,691.980
693.383,691.981
693.380,691.975
693.377,691.970
693.369,691.958
693.375,691.967
693.372,691.963
693.373,691.965
693.371,691.960
693.368,691.957
693.370,691.959
693.363,691.949
693.361,691.946
693.360,691.944
693.362,691.947
693.360,691.945
693.359,691.942
693.353,691.933
693.356,691.938
693.355,691.936
693.354,691.935
693.357,691.939
693.352,691.931
693.351,691.930
693.350,691.929
693.354,691.934
693.361,691.945
693.359,691.943
693.362,691.947
693.356,691.937
693.355,691.936
693.354,691.934
693.357,691.939
693.359,691.943
693.358,691.941
693.357,691.939
693.359,691.943
693.354,691.934
693.353,691.933
693.348,691.925
693.347,691.924
693.347,691.924
693.347,691.924
693.342,691.917
693.346,691.923
693.346,691.923
693.346,691.922
693.342,691.915
693.342,691.916
693.342,691.916
693.338,691.910
693.343,691.917
693.335,691.904
693.336,691.906
693.332,691.901
693.333,691.902
693.335,691.904
693.331,691.899
693.328,691.894
693.330,691.897
693.331,691.899
693.324,691.888
693.322,691.885
693.281,691.821
693.275,691.811
693.269,691.802
693.276,691.813
693.275,691.810
693.273,691.808
693.272,691.806
693.271,691.804
693.270,691.803
693.264,691.795
693.268,691.800
693.263,691.792
693.262,691.791
693.262,691.791
693.262,691.791
693.254,691.778
693.254,691.779
693.255,691.779
693.251,691.773
693.247,691.768
693.249,691.770
693.250,691.771
693.251,691.773
693.252,691.774
693.252,691.776
693.167,691.642
693.168,691.643
693.160,691.632
693.162,691.634
693.159,691.629
693.152,691.619
693.150,691.616
693.148,691.612
693.142,691.604
693.137,691.596
693.133,691.589
693.129,691.582
693.133,691.589
693.133,691.589
693.140,691.601
693.139,691.599
693.138,691.597
693.134,691.590
693.138,691.596
693.133,691.589
693.137,691.595
693.136,691.594
693.127,691.580
693.127,691.581
693.124,691.575
693.121,691.570
693.118,691.565
693.119,691.567
693.116,691.563
693.113,691.559
693.111,691.555
693.109,691.552
693.107,691.549
693.109,691.552
693.103,691.543
693.102,691.540
693.101,691.539
693.100,691.537
693.102,691.541
693.105,691.545
693.103,691.543
693.102,691.541
693.101,691.539
693.104,691.543
693.098,691.534
693.097,691.533
693.104,691.545
693.103,691.542
693.102,691.540
693.096,691.532
693.099,691.537
693.098,691.535
693.098,691.534
693.097,691.533
693.092,691.525
693.087,691.518
693.096,691.531
693.095,691.530
693.094,691.529
693.090,691.521
693.082,691.509
693.082,691.510
693.083,691.511
693.079,691.505
693.076,691.500
693.077,691.502
693.078,691.504
693.080,691.506
693.084,691.513
693.077,691.501
693.070,691.491
693.075,691.499
693.072,691.495
693.074,691.497
693.076,691.499
693.072,691.495
693.066,691.485
693.068,691.488
693.058,691.472
693.053,691.464
693.048,691.457
693.044,691.450
693.044,691.450
693.048,691.457
693.044,691.450
693.052,691.463
693.048,691.456
693.052,691.462
693.047,691.455
693.047,691.455
693.051,691.461
693.055,691.467
693.054,691.465
693.057,691.470
693.052,691.463
693.051,691.461
693.047,691.454
693.043,691.448
693.039,691.443
693.036,691.437
693.033,691.433
693.034,691.434
693.039,691.443
693.036,691.437
693.037,691.439
693.037,691.440
693.034,691.435
693.027,691.423
693.025,691.420
693.023,691.417
693.017,691.408
693.016,691.406
693.015,691.404
693.009,691.396
693.009,691.395
693.008,691.394
693.004,691.387
693.004,691.387
692.999,691.380
693.000,691.381
693.000,691.382
693.004,691.388
693.004,691.388
693.004,691.388
693.008,691.394
693.008,691.394
693.008,691.393
693.007,691.393
693.007,691.392
692.999,691.379
692.999,691.380
693.000,691.381
692.996,691.375
692.997,691.376
692.993,691.370
692.986,691.360
692.983,691.355
692.985,691.359
692.987,691.361
692.984,691.357
692.986,691.360
692.984,691.356
692.978,691.346
692.976,691.344
692.979,691.348
692.985,691.357
692.979,691.348
692.973,691.339
692.976,691.344
692.971,691.335
692.974,691.340
692.972,691.338
692.975,691.343
692.974,691.340
692.969,691.332
692.964,691.325
692.960,691.318
692.956,691.313
692.952,691.307
692.949,691.302
692.955,691.310
692.951,691.305
692.948,691.301
692.945,691.296
692.943,691.292
692.941,691.289
692.939,691.286
692.945,691.296
692.943,691.292
692.940,691.288
692.938,691.285
692.932,691.276
692.931,691.274
692.938,691.285
692.936,691.282
692.930,691.272
692.929,691.271
692.932,691.275
692.923,691.261
692.914,691.248
692.915,691.248
692.915,691.249
692.916,691.250
692.908,691.238
692.901,691.227
692.903,691.230
692.904,691.232
692.909,691.240
692.910,691.242
692.907,691.236
692.908,691.238
692.901,691.227
692.898,691.223
692.892,691.213
692.887,691.205
692.885,691.203
692.881,691.195
692.876,691.188
692.872,691.182
692.869,691.176
692.865,691.171
692.866,691.172
692.863,691.168
692.860,691.163
692.862,691.165
692.859,691.161
692.857,691.158
692.858,691.160
692.856,691.157
692.854,691.153
692.852,691.150
692.846,691.141
692.845,691.139
692.844,691.138
692.839,691.129
692.834,691.122
692.834,691.122
692.826,691.109
692.819,691.098
692.820,691.100
692.813,691.090
692.807,691.080
692.802,691.072
692.797,691.064
692.792,691.057
692.788,691.051
692.785,691.045
692.781,691.040
692.770,691.022
692.760,691.006
692.751,690.992
692.743,690.979
692.743,690.980
692.736,690.969
692.737,690.971
692.730,690.960
692.732,690.963
692.734,690.965
692.727,690.955
692.721,690.946
692.716,690.937
692.711,690.930
692.698,690.910
692.695,690.905
692.684,690.888
692.678,690.878
692.668,690.863
692.664,690.856
692.664,690.856
692.656,690.843
692.648,690.832
692.642,690.822
692.636,690.813
692.631,690.804
692.626,690.797
692.613,690.777
692.602,690.759
692.587,690.736
692.578,690.723
692.570,690.710
692.559,690.692
692.553,690.682
692.547,690.674
692.542,690.666
692.529,690.646
692.526,690.641
692.523,690.636
692.512,690.619
692.510,690.617
692.501,690.602
692.492,690.588
692.484,690.576
692.477,690.564
692.471,690.554
692.457,690.533
692.452,690.526
692.440,690.507
692.429,690.489
692.427,690.486
692.425,690.484
692.416,690.469
692.407,690.455
692.399,690.443
692.392,690.432
692.386,690.421
692.380,690.412
692.375,690.404
692.370,690.397
692.365,690.390
692.362,690.384
692.358,690.378
692.347,690.361
692.345,690.357
692.343,690.354
692.333,690.339
692.332,690.338
692.323,690.324
692.315,690.311
692.308,690.300
692.301,690.290
692.296,690.281
692.290,690.272
692.285,690.265
692.281,690.258
692.277,690.252
692.273,690.246
692.278,690.254
692.274,690.248
692.271,690.243
692.260,690.225
692.250,690.209
692.245,690.202
692.241,690.196
692.233,690.183
692.226,690.171
692.219,690.161
692.221,690.164
692.214,690.154
692.217,690.158
692.211,690.148
692.205,690.140
692.201,690.132
692.196,690.125
692.192,690.119
692.189,690.114
692.185,690.108
692.182,690.104
692.180,690.100
692.174,690.090
692.172,690.087
692.170,690.085
692.169,690.082
692.167,690.080
692.158,690.066
692.158,690.065
692.157,690.065
692.157,690.064
692.157,690.064
692.156,690.063
692.156,690.063
692.156,690.063
692.156,690.062
692.148,690.050
692.140,690.038
692.141,690.040
692.135,690.029
692.128,690.019
692.123,690.011
692.118,690.003
692.121,690.008
692.124,690.013
692.127,690.018
692.122,690.009
692.117,690.001
692.120,690.007
692.120,690.006
692.115,689.999
692.119,690.005
692.114,689.997
692.110,689.991
692.106,689.985
692.103,689.979
692.107,689.987
692.112,689.994
692.108,689.987
692.104,689.982
692.101,689.977
692.098,689.972
692.103,689.980
692.096,689.970
692.094,689.966
692.092,689.962
692.094,689.966
692.092,689.962
692.090,689.959
692.088,689.956
692.086,689.953
692.084,689.951
692.083,689.948
692.082,689.946
692.077,689.939
692.076,689.938
692.075,689.937
692.067,689.923
692.063,689.918
692.056,689.906
692.057,689.908
692.058,689.910
692.051,689.899
692.053,689.902
692.055,689.904
692.052,689.901
692.054,689.903
692.055,689.906
692.057,689.908
692.050,689.897
692.048,689.894
692.050,689.897
692.049,689.895
692.050,689.898
692.052,689.901
692.046,689.890
692.048,689.894
692.050,689.897
692.052,689.900
692.042,689.884
692.045,689.889
692.039,689.880
692.030,689.866
692.034,689.872
692.029,689.865
692.029,689.865
692.033,689.871
692.037,689.876
692.040,689.881
692.043,689.885
692.045,689.889
692.047,689.893
692.041,689.884
692.044,689.888
692.038,689.879
692.041,689.883
692.036,689.875
692.039,689.880
692.042,689.884
692.018,689.847
692.015,689.842
692.012,689.837
692.009,689.833
692.007,689.830
692.005,689.826
692.003,689.823
692.006,689.828
692.004,689.824
692.002,689.822
692.000,689.819
691.999,689.817
691.997,689.815
691.996,689.813
691.995,689.811
691.994,689.809
691.993,689.808
691.989,689.801
691.988,689.800
691.988,689.800
691.984,689.794
691.984,689.794
691.984,689.794
691.984,689.794
691.980,689.788
691.896,689.656
691.900,689.663
691.908,689.676
691.908,689.675
691.907,689.673
691.906,689.672
691.910,689.678
691.909,689.677
691.913,689.682
691.911,689.680
691.910,689.679
691.909,689.677
691.900,689.663
691.905,689.670
691.904,689.669
691.904,689.668
691.903,689.668
691.903,689.667
691.902,689.667
691.902,689.666
691.906,689.673
691.906,689.672
691.905,689.671
691.905,689.670
691.904,689.669
691.904,689.668
691.903,689.668
691.895,689.655
691.895,689.655
691.896,689.656
691.892,689.651
691.885,689.639
691.883,689.636
691.884,689.638
691.886,689.640
691.879,689.630
691.873,689.620
691.875,689.624
691.874,689.622
691.868,689.613
691.871,689.618
691.874,689.622
691.868,689.613
691.868,689.612
691.863,689.604
691.866,689.610
691.866,689.609
691.861,689.602
691.865,689.607
691.860,689.600
691.864,689.606
691.859,689.598
691.855,689.592
691.859,689.598
691.863,689.604
691.863,689.604
691.858,689.597
691.854,689.591
691.858,689.597
691.862,689.604
691.862,689.604
691.858,689.597
691.862,689.603
691.857,689.596
691.853,689.589
691.849,689.584
691.846,689.578
691.843,689.574
691.840,689.569
691.842,689.573
691.844,689.576
691.841,689.571
691.839,689.567
691.833,689.558
691.831,689.555
691.830,689.553
691.828,689.551
691.827,689.548
691.826,689.547
691.825,689.545
691.828,689.550
691.827,689.548
691.826,689.547
691.821,689.539
691.820,689.538
691.820,689.537
691.819,689.537
691.819,689.536
691.815,689.530
691.815,689.530
691.815,689.530
691.815,689.529
691.815,689.529
691.815,689.529
691.815,689.529
691.815,689.529
691.815,689.529
691.823,689.542
691.827,689.548
691.825,689.546
691.824,689.544
691.823,689.543
691.823,689.542
691.822,689.540
691.821,689.539
691.820,689.538
691.816,689.532
691.816,689.532
691.816,689.531
691.820,689.538
691.820,689.537
691.811,689.524
691.812,689.525
691.812,689.525
691.817,689.532
691.816,689.532
691.816,689.532
691.808,689.519
691.813,689.527
691.813,689.527
691.813,689.527
691.805,689.515
691.798,689.504
691.796,689.500
691.798,689.503
691.799,689.506
691.801,689.508
691.794,689.497
691.796,689.500
691.798,689.503
691.799,689.505
691.801,689.508
691.794,689.497
691.796,689.500
691.798,689.503
691.796,689.500
691.798,689.503
691.791,689.493
691.793,689.496
691.787,689.486
691.786,689.485
691.789,689.489
691.783,689.480
691.786,689.485
691.781,689.476
691.784,689.481
691.783,689.480
691.786,689.485
691.781,689.477
691.784,689.482
691.779,689.473
691.779,689.473
691.774,689.466
691.778,689.472
691.781,689.477
691.776,689.470
691.777,689.470
691.772,689.463
691.768,689.456
691.772,689.463
691.776,689.469
691.776,689.470
691.777,689.470
691.772,689.463
691.768,689.456
691.772,689.463
691.768,689.457
691.769,689.458
691.762,689.447
691.767,689.455
691.763,689.449
691.760,689.444
691.757,689.440
691.755,689.435
691.749,689.426
691.755,689.436
691.761,689.445
691.766,689.453
691.762,689.447
691.767,689.455
691.764,689.450
691.765,689.452
691.762,689.446
691.767,689.454
691.763,689.449
691.768,689.456
691.764,689.451
691.761,689.445
691.758,689.441
691.752,689.431
691.758,689.440
691.755,689.436
691.761,689.445
691.758,689.440
691.760,689.443
691.753,689.433
691.756,689.437
691.753,689.433
691.751,689.430
691.757,689.439
691.754,689.435
691.756,689.438
691.754,689.434
691.760,689.443
691.757,689.439
691.762,689.447
691.767,689.455
691.764,689.450
691.765,689.452
691.762,689.446
691.767,689.454
691.763,689.449
691.760,689.444
691.765,689.452
691.762,689.446
691.763,689.449
691.760,689.444
691.757,689.439
691.754,689.435
691.752,689.431
691.750,689.428
691.756,689.438
691.753,689.434
691.751,689.430
691.749,689.427
691.747,689.424
691.745,689.421
691.748,689.426
691.747,689.423
691.750,689.428
691.748,689.425
691.746,689.422
691.744,689.419
691.751,689.430
691.754,689.434
691.751,689.430
691.749,689.427
691.747,689.424
691.746,689.421
691.752,689.432
691.750,689.428
691.753,689.432
691.758,689.441
691.756,689.437
691.753,689.433
691.759,689.442
691.756,689.438
691.754,689.434
691.748,689.425
691.754,689.435
691.752,689.431
691.758,689.441
691.755,689.436
691.753,689.432
691.750,689.429
691.753,689.433
691.747,689.424
691.754,689.434
691.751,689.430
691.749,689.427
691.755,689.437
691.758,689.440
691.760,689.443
691.761,689.446
691.758,689.441
691.764,689.449
691.760,689.444
691.757,689.440
691.759,689.443
691.753,689.433
691.755,689.437
691.753,689.433
691.751,689.429
691.749,689.426
691.747,689.423
691.745,689.421
691.748,689.426
691.755,689.435
691.749,689.426
691.747,689.423
691.745,689.421
691.744,689.418
691.742,689.416
691.749,689.427
691.744,689.419
691.739,689.411
691.730,689.397
691.738,689.410
691.745,689.421
691.752,689.431
691.750,689.428
691.748,689.425
691.751,689.429
691.753,689.433
691.751,689.430
691.754,689.434
691.743,689.418
691.734,689.403
691.741,689.415
691.740,689.413
691.739,689.412
691.738,689.410
691.737,689.409
691.737,689.407
691.741,689.414
691.736,689.406
691.735,689.406
691.735,689.405
691.734,689.404
691.726,689.390
691.726,689.391
691.723,689.386
691.715,689.374
691.709,689.364
691.715,689.374
691.713,689.371
691.711,689.368
691.709,689.365
691.703,689.355
691.706,689.359
691.705,689.357
691.703,689.356
691.694,689.341
691.694,689.341
691.698,689.346
691.693,689.338
691.688,689.331
691.692,689.337
691.692,689.338
691.692,689.338
691.688,689.331
691.692,689.337
691.695,689.343
691.690,689.335
691.686,689.328
691.682,689.322
691.678,689.316
691.680,689.319
691.676,689.313
691.673,689.309
691.667,689.299
691.670,689.303
691.672,689.306
691.674,689.309
691.679,689.317
691.680,689.320
691.682,689.321
691.675,689.311
691.680,689.319
691.676,689.313
691.681,689.321
691.678,689.316
691.683,689.323
691.676,689.312
691.669,689.302
691.672,689.306
691.666,689.296
691.668,689.300
691.671,689.304
691.673,689.307
691.675,689.311
691.676,689.313
691.673,689.309
691.671,689.304
691.668,689.300
691.666,689.297
691.664,689.294
691.670,689.303
691.668,689.299
691.665,689.296
691.671,689.306
691.669,689.302
691.667,689.298
691.664,689.295
691.663,689.292
691.661,689.289
691.659,689.286
691.666,689.297
691.672,689.306
691.669,689.302
691.667,689.299
691.665,689.295
691.663,689.292
691.661,689.289
691.659,689.287
691.658,689.285
691.665,689.295
691.663,689.292
691.666,689.297
691.668,689.301
691.663,689.292
691.657,689.284
691.661,689.289
691.659,689.286
691.658,689.284
691.665,689.295
691.663,689.292
691.661,689.289
691.659,689.286
691.658,689.284
691.604,689.200
691.608,689.206
691.611,689.212
691.611,689.211
691.606,689.203
691.602,689.196
691.598,689.190
691.594,689.184
691.595,689.187
691.588,689.176
691.594,689.184
691.590,689.179
691.587,689.174
691.589,689.177
691.587,689.173
691.592,689.181
691.589,689.177
691.586,689.172
691.588,689.175
691.590,689.178
691.587,689.174
691.585,689.170
691.587,689.173
691.584,689.169
691.582,689.165
691.573,689.151
691.571,689.149
691.567,689.142
691.566,689.141
691.565,689.140
691.573,689.152
691.572,689.150
691.575,689.155
691.570,689.147
691.569,689.146
691.568,689.144
691.564,689.138
691.564,689.137
691.563,689.136
691.563,689.136
691.562,689.135
691.559,689.130
691.555,689.124
691.548,689.112
691.549,689.114
691.546,689.110
691.544,689.107
691.546,689.109
691.547,689.111
691.548,689.113
691.549,689.115
691.547,689.111
691.548,689.113
691.549,689.114
691.547,689.111
691.548,689.112
691.549,689.114
691.550,689.116
691.547,689.112
691.549,689.114
691.550,689.115
691.547,689.111
691.545,689.108
691.538,689.097
691.540,689.100
691.539,689.098
691.541,689.101
691.534,689.091
691.533,689.090
691.532,689.088
691.527,689.080
691.530,689.084
691.529,689.083
691.524,689.075
691.527,689.080
691.527,689.080
691.530,689.085
691.525,689.076
691.528,689.082
691.528,689.081
691.531,689.086
691.533,689.090
691.532,689.088
691.535,689.092
691.529,689.083
691.532,689.088
691.531,689.087
691.534,689.091
691.536,689.095
691.535,689.093
691.529,689.084
691.532,689.088
691.535,689.092
691.534,689.090
691.528,689.082
691.528,689.081
691.523,689.073
691.526,689.078
691.529,689.083
691.529,689.082
691.532,689.087
691.526,689.079
691.529,689.084
691.532,689.088
691.527,689.079
691.522,689.072
691.514,689.059
691.510,689.053
691.507,689.048
691.500,689.038
691.506,689.047
691.503,689.042
691.505,689.045
691.502,689.041
691.499,689.037
691.493,689.027
691.492,689.025
691.490,689.022
691.493,689.027
691.491,689.024
691.494,689.029
691.501,689.039
691.498,689.035
691.492,689.026
691.491,689.023
691.489,689.021
691.488,689.019
691.491,689.024
691.490,689.021
691.485,689.014
691.484,689.012
691.483,689.011
691.479,689.004
691.478,689.004
691.478,689.003
691.477,689.002
691.477,689.002
691.477,689.002
691.481,689.008
691.489,689.020
691.487,689.018
691.483,689.011
691.479,689.004
691.478,689.004
691.474,688.998
691.474,688.998
691.474,688.998
691.471,688.992
691.471,688.993
691.472,688.993
691.472,688.994
691.472,688.994
691.472,688.994
691.472,688.995
691.473,688.995
691.469,688.990
691.470,688.991
691.470,688.991
691.463,688.979
691.464,688.981
691.461,688.977
691.463,688.979
691.460,688.976
691.462,688.978
691.463,688.980
691.461,688.976
691.462,688.978
691.468,688.987
691.476,689.001
691.476,689.001
691.481,689.008
691.488,689.019
691.487,689.017
691.490,689.023
691.497,689.033
691.495,689.029
691.489,689.021
691.488,689.019
691.487,689.017
691.482,689.010
691.481,689.009
691.481,689.008
691.480,689.007
691.480,689.006
691.476,689.000
691.476,688.999
691.475,688.999
691.480,689.006
691.479,689.006
691.479,689.005
691.483,689.011
691.482,689.010
691.473,688.996
691.474,688.996
691.474,688.996
691.474,688.996
691.466,688.984
691.463,688.980
691.464,688.982
691.462,688.978
691.455,688.967
691.457,688.970
691.455,688.967
691.449,688.958
691.448,688.956
691.450,688.960
691.449,688.958
691.452,688.962
691.454,688.965
691.448,688.956
691.450,688.960
691.444,688.951
691.439,688.943
691.439,688.942
691.442,688.948
691.442,688.947
691.445,688.952
691.448,688.956
691.447,688.955
691.450,688.959
691.449,688.957
691.451,688.961
691.450,688.959
691.444,688.950
691.447,688.955
691.450,688.959
691.444,688.950
691.443,688.949
691.446,688.954
691.446,688.953
691.448,688.957
691.447,688.955
691.450,688.959
691.444,688.951
691.439,688.942
691.442,688.948
691.437,688.940
691.433,688.932
691.433,688.933
691.437,688.939
691.437,688.940
691.433,688.932
691.425,688.921
691.422,688.915
691.419,688.911
691.424,688.919
691.417,688.908
691.415,688.904
691.417,688.908
691.422,688.916
691.424,688.919
691.429,688.926
691.422,688.915
691.419,688.910
691.420,688.913
691.417,688.909
691.419,688.912
691.417,688.907
691.419,688.911
691.416,688.906
691.410,688.897
691.408,688.894
691.406,688.891
691.405,688.889
691.411,688.899
691.409,688.896
691.407,688.893
691.406,688.890
691.404,688.888
691.403,688.886
691.406,688.891
691.405,688.889
691.408,688.894
691.406,688.891
691.409,688.896
691.407,688.893
691.410,688.897
691.408,688.894
691.403,688.886
691.402,688.884
691.405,688.890
691.404,688.887
691.407,688.892
691.405,688.890
691.400,688.882
691.399,688.881
691.398,688.879
691.398,688.878
691.397,688.876
691.404,688.888
691.411,688.898
691.409,688.895
691.407,688.892
691.413,688.902
691.419,688.911
691.413,688.902
691.419,688.911
691.421,688.914
691.426,688.922
691.427,688.924
691.423,688.918
691.425,688.920
691.430,688.928
691.422,688.916
691.419,688.912
691.421,688.914
691.418,688.910
691.420,688.913
691.417,688.908
691.419,688.911
691.416,688.907
691.414,688.903
691.416,688.907
691.414,688.903
691.408,688.894
691.406,688.891
691.409,688.896
691.407,688.893
691.410,688.898
691.408,688.894
691.406,688.892
691.401,688.884
691.400,688.882
691.396,688.875
691.395,688.874
691.387,688.860
691.383,688.856
691.384,688.856
691.381,688.852
691.382,688.853
691.379,688.849
691.380,688.851
691.381,688.852
691.387,688.860
691.379,688.848
691.376,688.845
691.378,688.846
691.375,688.843
691.377,688.845
691.378,688.847
691.376,688.843
691.377,688.845
691.383,688.854
691.383,688.855
691.384,688.856
691.381,688.852
691.382,688.853
691.383,688.854
691.375,688.843
691.376,688.845
691.374,688.841
691.376,688.844
691.374,688.840
691.375,688.843
691.368,688.832
691.370,688.835
691.372,688.838
691.378,688.848
691.380,688.849
691.385,688.858
691.386,688.859
691.378,688.847
691.375,688.843
691.369,688.833
691.375,688.843
691.377,688.845
691.378,688.847
691.379,688.849
691.380,688.850
691.378,688.846
691.379,688.848
691.380,688.850
691.377,688.846
691.378,688.848
691.376,688.844
691.369,688.833
691.371,688.836
691.369,688.834
691.371,688.837
691.373,688.839
691.371,688.836
691.373,688.839
691.371,688.836
691.373,688.839
691.379,688.849
691.380,688.850
691.373,688.839
691.371,688.836
691.373,688.839
691.374,688.841
691.372,688.838
691.366,688.828
691.365,688.826
691.367,688.830
691.361,688.821
691.368,688.832
691.370,688.835
691.369,688.833
691.371,688.836
691.373,688.839
691.371,688.836
691.373,688.839
691.366,688.829
691.365,688.827
691.367,688.830
691.369,688.834
691.368,688.831
691.362,688.822
691.361,688.821
691.364,688.825
691.363,688.823
691.362,688.822
691.356,688.813
691.356,688.813
691.351,688.805
691.347,688.798
691.347,688.799
691.343,688.793
691.348,688.800
691.348,688.801
691.352,688.807
691.352,688.807
691.344,688.795
691.341,688.789
691.345,688.796
691.355,688.811
691.355,688.811
691.350,688.803
691.354,688.809
691.354,688.809
691.357,688.814
691.352,688.807
691.352,688.807
691.348,688.800
691.352,688.806
691.352,688.806
691.355,688.812
691.355,688.811
691.355,688.811
691.350,688.804
691.346,688.797
691.347,688.798
691.343,688.792
691.339,688.786
691.332,688.776
691.338,688.784
691.343,688.792
691.344,688.793
691.340,688.788
691.337,688.782
691.304,688.731
691.304,688.731
691.309,688.739
691.308,688.738
691.308,688.737
691.304,688.732
691.301,688.726
691.293,688.714
691.294,688.716
691.292,688.712
691.293,688.714
691.294,688.716
691.292,688.712
691.293,688.714
691.294,688.716
691.295,688.717
691.292,688.713
691.294,688.715
691.295,688.717
691.292,688.713
691.298,688.722
691.299,688.723
691.291,688.711
691.292,688.713
691.298,688.722
691.268,688.675
691.271,688.680
691.266,688.673
691.275,688.686
691.274,688.685
691.269,688.677
691.272,688.682
691.272,688.681
691.272,688.681
691.267,688.673
691.262,688.666
691.266,688.673
691.267,688.673
691.267,688.673
691.262,688.666
691.266,688.673
691.267,688.673
691.267,688.673
691.270,688.679
691.266,688.671
691.269,688.677
691.269,688.677
691.269,688.677
691.273,688.682
691.276,688.687
691.260,688.662
691.261,688.664
691.261,688.665
691.258,688.659
691.254,688.653
691.255,688.655
691.249,688.645
691.250,688.648
691.256,688.656
691.252,688.650
691.254,688.653
691.255,688.655
691.260,688.663
691.256,688.657
691.253,688.651
691.254,688.654
691.256,688.656
691.260,688.663
691.264,688.670
691.260,688.663
691.261,688.664
691.262,688.665
691.262,688.666
691.266,688.673
691.262,688.666
691.258,688.659
691.259,688.661
691.260,688.662
691.256,688.656
691.261,688.664
691.265,688.670
691.265,688.671
691.266,688.671
691.261,688.665
691.257,688.658
691.254,688.653
691.255,688.655
691.256,688.657
691.261,688.664
691.257,688.658
691.262,688.665
691.262,688.666
691.255,688.655
691.260,688.662
691.256,688.656
691.260,688.663
691.261,688.665
691.254,688.653
691.247,688.643
691.245,688.639
691.242,688.635
691.240,688.632
691.238,688.628
691.233,688.620
691.228,688.613
691.232,688.619
691.231,688.617
691.230,688.616
691.229,688.614
691.228,688.613
691.232,688.619
691.235,688.624
691.231,688.617
691.226,688.610
691.226,688.609
691.233,688.621
691.232,688.619
691.235,688.624
691.230,688.616
691.226,688.610
691.233,688.621
691.232,688.619
691.231,688.617
691.238,688.628
691.241,688.633
691.239,688.630
691.237,688.627
691.235,688.624
691.239,688.629
691.233,688.621
691.237,688.626
691.235,688.624
691.234,688.621
691.232,688.619
691.231,688.617
691.230,688.616
691.226,688.609
691.222,688.603
691.226,688.610
691.230,688.616
691.226,688.609
691.225,688.608
691.225,688.607
691.216,688.594
691.216,688.595
691.213,688.590
691.211,688.585
691.208,688.582
691.214,688.591
691.214,688.591
691.215,688.592
691.215,688.593
691.216,688.593
691.216,688.594
691.221,688.602
691.218,688.596
691.222,688.604
691.222,688.603
691.222,688.603
691.222,688.603
691.226,688.610
691.222,688.603
691.219,688.598
691.215,688.593
691.216,688.593
691.216,688.594
691.216,688.594
691.217,688.595
691.217,688.595
691.217,688.596
691.222,688.603
691.218,688.598
691.215,688.593
691.220,688.601
691.220,688.601
691.212,688.588
691.205,688.576
691.206,688.578
691.207,688.580
691.201,688.570
691.202,688.573
691.201,688.570
691.207,688.580
691.205,688.577
691.206,688.579
691.208,688.581
691.209,688.583
691.202,688.572
691.195,688.562
691.198,688.565
691.196,688.563
691.195,688.561
691.194,688.560
691.197,688.564
691.199,688.567
691.201,688.570
691.194,688.560
691.197,688.564
691.191,688.555
691.185,688.546
691.185,688.546
691.185,688.546
691.185,688.546
691.185,688.545
691.185,688.545
691.185,688.545
691.185,688.545
691.188,688.550
691.183,688.542
691.187,688.548
691.182,688.540
691.185,688.546
691.188,688.551
691.183,688.543
691.187,688.548
691.182,688.540
691.177,688.533
691.178,688.534
691.179,688.535
691.179,688.536
691.180,688.537
691.180,688.538
691.180,688.538
691.181,688.539
691.181,688.539
691.181,688.540
691.185,688.545
691.188,688.551
691.191,688.555
691.186,688.547
691.189,688.552
691.184,688.544
691.179,688.536
691.183,688.542
691.183,688.543
691.183,688.543
691.183,688.543
691.183,688.543
691.183,688.543
691.183,688.543
691.184,688.543
691.187,688.549
691.190,688.553
691.185,688.545
691.188,688.550
691.183,688.542
691.187,688.548
691.190,688.553
691.193,688.557
691.187,688.549
691.182,688.541
691.186,688.546
691.181,688.539
691.176,688.532
691.177,688.533
691.178,688.534
691.178,688.535
691.179,688.536
691.179,688.537
691.172,688.525
691.173,688.527
691.174,688.528
691.175,688.530
691.171,688.524
691.176,688.531
691.172,688.525
691.176,688.532
691.172,688.526
691.177,688.533
691.181,688.539
691.176,688.532
691.181,688.539
691.184,688.544
691.184,688.544
691.184,688.544
691.184,688.544
691.184,688.544
691.184,688.544
691.184,688.544
691.176,688.532
691.169,688.520
691.170,688.523
691.172,688.525
691.173,688.526
691.174,688.528
691.175,688.530
691.176,688.531
691.168,688.520
691.170,688.522
691.163,688.511
691.160,688.507
691.158,688.503
691.156,688.500
691.154,688.497
691.152,688.494
691.150,688.491
691.149,688.489
691.147,688.487
691.154,688.498
691.152,688.495
691.151,688.492
691.149,688.490
691.148,688.487
691.146,688.485
691.153,688.496
691.152,688.493
691.150,688.491
691.149,688.489
691.147,688.486
691.146,688.485
691.145,688.483
691.144,688.481
691.143,688.480
691.142,688.479
691.150,688.490
691.148,688.488
691.155,688.498
691.153,688.495
691.151,688.493
691.150,688.490
691.148,688.488
691.147,688.486
691.142,688.479
691.146,688.485
691.145,688.483
691.141,688.477
691.137,688.470
691.133,688.465
691.138,688.472
691.143,688.479
691.138,688.473
691.143,688.479
691.147,688.486
691.142,688.479
691.146,688.485
691.145,688.483
691.144,688.481
691.143,688.480
691.134,688.466
691.126,688.454
691.127,688.455
691.128,688.456
691.128,688.457
691.129,688.458
691.130,688.459
691.130,688.460
691.122,688.448
691.124,688.449
691.117,688.438
691.118,688.441
691.112,688.431
691.119,688.442
691.117,688.439
691.115,688.436
691.122,688.446
691.120,688.443
691.118,688.440
691.116,688.438
691.118,688.440
691.116,688.438
691.114,688.435
691.116,688.438
691.118,688.441
691.112,688.431
691.114,688.434
691.116,688.437
691.117,688.440
691.116,688.437
691.114,688.435
691.113,688.433
691.120,688.443
691.126,688.453
691.123,688.449
691.124,688.451
691.125,688.452
691.118,688.441
691.120,688.443
691.113,688.433
691.115,688.436
691.117,688.439
691.115,688.437
691.114,688.434
691.112,688.432
691.115,688.435
691.116,688.438
691.110,688.428
691.112,688.432
691.115,688.435
691.108,688.426
691.108,688.424
691.107,688.423
691.106,688.422
691.105,688.421
691.108,688.425
691.103,688.417
691.098,688.409
691.101,688.414
691.101,688.414
691.093,688.401
691.093,688.402
691.097,688.408
691.093,688.401
691.097,688.407
691.100,688.413
691.095,688.405
691.096,688.406
691.096,688.407
691.096,688.407
691.092,688.400
691.088,688.394
691.092,688.401
691.096,688.407
691.100,688.413
691.100,688.413
691.100,688.413
691.100,688.412
691.095,688.405
691.099,688.411
691.094,688.404
691.087,688.392
691.088,688.394
691.089,688.395
691.090,688.397
691.086,688.391
691.083,688.385
691.079,688.380
691.085,688.389
691.081,688.383
691.083,688.386
691.085,688.389
691.086,688.391
691.087,688.393
691.084,688.387
691.088,688.395
691.085,688.389
691.081,688.384
691.078,688.379
691.080,688.382
691.082,688.385
691.084,688.387
691.085,688.390
691.090,688.397
691.094,688.404
691.098,688.410
691.098,688.410
691.098,688.410
691.098,688.410
691.090,688.398
691.095,688.404
691.090,688.398
691.086,688.392
691.080,688.381
691.073,688.371
691.068,688.362
691.066,688.360
691.065,688.357
691.063,688.355
691.062,688.353
691.065,688.359
691.061,688.351
691.060,688.350
691.059,688.348
691.066,688.359
691.069,688.364
691.064,688.356
691.062,688.354
691.061,688.352
691.060,688.350
691.064,688.356
691.059,688.349
691.063,688.355
691.062,688.353
691.061,688.351
691.060,688.349
691.063,688.355
691.059,688.348
691.058,688.347
691.057,688.345
691.056,688.344
691.052,688.338
691.057,688.345
691.056,688.344
691.055,688.343
691.055,688.342
691.059,688.349
691.063,688.355
691.058,688.348
691.066,688.359
691.064,688.357
691.063,688.354
691.066,688.360
691.061,688.352
691.060,688.350
691.059,688.349
691.058,688.347
691.062,688.354
691.066,688.359
691.061,688.351
691.060,688.350
691.059,688.348
691.018,688.284
691.017,688.283
691.017,688.283
691.020,688.288
691.015,688.280
691.015,688.280
691.015,688.280
691.010,688.272
691.014,688.278
691.014,688.278
691.014,688.278
691.009,688.271
691.010,688.272
691.010,688.272
691.006,688.266
691.010,688.272
691.010,688.273
691.011,688.273
691.006,688.266
691.010,688.273
691.011,688.273
691.011,688.274
691.012,688.274
691.007,688.267
691.008,688.269
691.000,688.256
691.001,688.258
691.003,688.260
690.999,688.255
690.996,688.250
690.997,688.252
690.999,688.255
691.004,688.263
691.000,688.257
691.002,688.259
691.003,688.261
690.999,688.255
690.996,688.250
690.998,688.253
690.995,688.248
690.992,688.243
690.994,688.247
690.991,688.243
690.997,688.251
690.990,688.241
690.985,688.232
690.983,688.229
690.986,688.234
690.988,688.238
690.994,688.247
690.979,688.223
690.982,688.228
690.980,688.226
690.984,688.231
690.979,688.223
690.977,688.221
690.981,688.226
690.979,688.224
690.978,688.222
690.973,688.215
690.972,688.213
690.968,688.207
690.965,688.201
690.965,688.201
690.961,688.196
690.966,688.204
690.958,688.191
690.964,688.200
690.968,688.207
690.968,688.207
690.964,688.201
690.964,688.201
690.964,688.201
690.969,688.208
690.969,688.208
690.968,688.207
690.965,688.201
690.965,688.201
690.957,688.189
690.954,688.185
690.955,688.186
690.956,688.188
690.962,688.196
690.962,688.197
690.962,688.197
690.959,688.192
690.960,688.193
690.957,688.189
690.962,688.197
690.963,688.198
690.959,688.193
690.957,688.189
690.949,688.177
690.956,688.187
690.961,688.196
690.961,688.196
690.967,688.204
690.958,688.191
690.956,688.187
690.953,688.183
690.946,688.172
690.945,688.170
690.938,688.160
690.941,688.164
690.940,688.163
690.942,688.166
690.949,688.177
690.955,688.187
690.956,688.188
690.954,688.184
690.947,688.173
690.948,688.176
690.947,688.173
690.948,688.176
690.947,688.173
690.945,688.170
690.939,688.161
690.938,688.159
690.940,688.163
690.935,688.154
690.942,688.166
690.936,688.157
690.936,688.156
690.935,688.155
690.938,688.159
690.945,688.171
690.947,688.174
690.949,688.176
690.947,688.173
690.949,688.176
690.947,688.173
690.940,688.163
690.931,688.149
690.926,688.141
690.930,688.147
690.930,688.147
690.933,688.152
690.933,688.152
690.928,688.144
690.928,688.144
690.923,688.137
690.924,688.138
690.928,688.144
690.931,688.149
690.923,688.136
690.927,688.143
690.919,688.130
690.924,688.137
690.916,688.125
690.921,688.133
690.922,688.134
690.922,688.135
690.926,688.142
690.927,688.142
690.922,688.135
690.923,688.136
690.927,688.142
690.927,688.143
690.927,688.143
690.923,688.136
690.924,688.137
690.919,688.131
690.924,688.137
690.924,688.138
690.920,688.131
690.921,688.133
690.917,688.127
690.918,688.129
690.919,688.130
690.916,688.125
690.917,688.127
690.913,688.121
690.915,688.124
690.912,688.118
690.913,688.121
690.918,688.129
690.919,688.130
690.924,688.137
690.924,688.138
690.925,688.139
690.921,688.132
690.921,688.134
690.925,688.140
690.926,688.141
690.926,688.141
690.927,688.142
690.927,688.142
690.922,688.135
690.923,688.136
690.927,688.143
690.927,688.143
690.923,688.136
690.924,688.137
690.927,688.143
690.928,688.143
690.928,688.144
690.923,688.137
690.924,688.138
690.920,688.131
690.921,688.132
690.917,688.126
690.918,688.128
690.914,688.123
690.916,688.125
690.920,688.132
690.921,688.133
690.922,688.135
690.926,688.141
690.927,688.142
690.930,688.147
690.930,688.147
690.925,688.140
690.926,688.140
690.921,688.133
690.922,688.135
690.918,688.128
690.919,688.130
690.920,688.132
690.924,688.138
690.925,688.139
690.921,688.132
690.913,688.121
690.918,688.129
690.911,688.118
690.908,688.113
690.910,688.116
690.907,688.112
690.910,688.115
690.907,688.111
690.909,688.114
690.914,688.122
690.916,688.125
690.912,688.119
690.914,688.122
690.911,688.117
690.912,688.120
690.909,688.115
690.907,688.110
690.901,688.101
690.895,688.093
690.899,688.098
690.897,688.095
690.892,688.088
690.891,688.086
690.894,688.092
690.893,688.089
690.897,688.095
690.895,688.092
690.890,688.085
690.889,688.083
690.885,688.077
690.885,688.076
690.889,688.083
690.888,688.081
690.892,688.088
690.891,688.086
690.895,688.092
690.901,688.102
690.904,688.106
690.902,688.103
690.896,688.094
690.895,688.092
690.890,688.084
690.889,688.083
690.885,688.076
690.884,688.076
690.889,688.082
690.888,688.081
690.892,688.087
690.891,688.086
690.886,688.079
690.890,688.085
690.889,688.084
690.885,688.077
690.885,688.076
690.881,688.070
690.881,688.070
690.877,688.065
690.878,688.065
690.874,688.060
690.875,688.061
690.872,688.057
690.873,688.058
690.878,688.066
690.878,688.066
690.883,688.074
690.883,688.073
690.879,688.068
690.879,688.068
690.876,688.063
690.876,688.063
690.873,688.059
690.871,688.054
690.868,688.051
690.869,688.052
690.867,688.049
690.865,688.045
690.866,688.048
690.872,688.057
690.873,688.058
690.878,688.067
690.870,688.054
690.868,688.050
690.869,688.052
690.867,688.048
690.868,688.050
690.866,688.047
690.864,688.044
690.870,688.053
690.871,688.055
690.869,688.051
690.866,688.047
690.868,688.049
690.873,688.059
690.874,688.060
690.879,688.068
690.879,688.068
690.876,688.063
690.868,688.051
690.866,688.047
690.859,688.037
690.858,688.035
690.860,688.038
690.862,688.041
690.860,688.038
690.862,688.041
690.864,688.044
690.862,688.041
690.860,688.038
690.862,688.041
690.861,688.039
690.862,688.041
690.861,688.039
690.863,688.042
690.869,688.052
690.862,688.041
690.864,688.043
690.862,688.041
690.864,688.043
690.862,688.040
690.855,688.030
690.854,688.029
690.854,688.028
690.856,688.031
690.855,688.030
690.857,688.033
690.856,688.032
690.858,688.035
690.857,688.033
690.856,688.031
690.855,688.030
690.854,688.028
690.848,688.019
690.848,688.019
690.843,688.011
690.843,688.011
690.847,688.017
690.846,688.016
690.841,688.009
690.842,688.009
690.837,688.002
690.838,688.003
690.842,688.010
690.842,688.010
690.843,688.010
690.846,688.016
690.846,688.016
690.846,688.016
690.846,688.016
690.846,688.015
690.849,688.020
690.849,688.020
690.852,688.024
690.851,688.024
690.850,688.023
690.853,688.027
690.852,688.026
690.847,688.017
690.839,688.004
690.839,688.005
690.835,687.999
690.836,688.000
690.837,688.002
690.833,687.995
690.826,687.984
690.823,687.980
690.825,687.983
690.822,687.979
690.820,687.974
690.822,687.978
690.827,687.987
690.829,687.989
690.823,687.979
690.825,687.983
690.819,687.973
690.816,687.969
690.819,687.974
690.822,687.978
690.827,687.986
690.829,687.989
690.834,687.996
690.835,687.998
690.836,688.000
690.840,688.006
690.840,688.007
690.844,688.013
690.844,688.013
690.844,688.013
690.839,688.006
690.832,687.994
690.828,687.988
690.822,687.978
690.816,687.969
690.814,687.966
690.817,687.971
690.820,687.975
690.817,687.971
690.812,687.963
690.818,687.973
690.813,687.964
690.816,687.969
690.814,687.966
690.817,687.970
690.811,687.962
690.810,687.959
690.813,687.965
690.811,687.962
690.815,687.967
690.809,687.959
690.808,687.956
690.812,687.962
690.807,687.954
690.806,687.953
690.809,687.958
690.808,687.956
690.811,687.962
690.815,687.967
690.821,687.976
690.823,687.980
690.825,687.983
690.822,687.979
690.824,687.982
690.818,687.973
690.816,687.969
690.811,687.961
690.809,687.958
690.813,687.964
690.808,687.956
690.806,687.954
690.810,687.960
690.785,687.920
690.791,687.929
690.791,687.930
690.791,687.930
690.788,687.926
690.794,687.934
690.794,687.934
690.791,687.929
690.796,687.938
690.796,687.937
690.792,687.932
690.789,687.927
690.790,687.928
690.790,687.929
690.787,687.924
690.793,687.933
690.793,687.933
690.785,687.921
690.783,687.917
690.784,687.919
690.785,687.921
690.783,687.917
690.781,687.913
690.782,687.916
690.783,687.917
690.773,687.902
690.780,687.912
690.773,687.902
690.772,687.900
690.771,687.898
690.765,687.889
690.768,687.894
690.767,687.893
690.766,687.891
690.769,687.896
690.772,687.899
690.770,687.898
690.769,687.896
690.772,687.900
690.766,687.891
690.765,687.890
690.765,687.889
690.760,687.881
690.760,687.881
690.760,687.881
690.763,687.886
690.758,687.878
690.758,687.879
690.758,687.879
690.762,687.884
690.752,687.869
690.753,687.870
690.757,687.876
690.752,687.869
690.745,687.858
690.738,687.848
690.732,687.838
690.727,687.830
690.725,687.827
690.729,687.832
690.732,687.837
690.734,687.841
690.737,687.845
690.734,687.841
690.732,687.838
690.735,687.842
690.737,687.846
690.739,687.849
690.736,687.845
690.734,687.841
690.736,687.845
690.739,687.848
690.741,687.851
690.746,687.859
690.739,687.849
690.734,687.841
690.732,687.838
690.735,687.842
690.729,687.833
690.732,687.838
690.735,687.842
690.732,687.838
690.730,687.835
690.725,687.827
690.720,687.819
690.719,687.818
690.727,687.829
690.722,687.821
690.717,687.815
690.713,687.808
690.710,687.803
690.706,687.798
690.707,687.798
690.704,687.794
690.709,687.802
690.714,687.810
690.710,687.804
690.718,687.816
690.718,687.815
690.722,687.821
690.717,687.815
690.717,687.814
690.716,687.813
690.720,687.819
690.716,687.812
690.712,687.806
690.712,687.806
690.712,687.806
690.716,687.813
690.720,687.820
690.724,687.826
690.723,687.823
690.730,687.834
690.733,687.839
690.727,687.830
690.722,687.823
690.718,687.816
690.717,687.814
690.713,687.808
690.710,687.803
690.706,687.798
690.703,687.793
690.704,687.794
690.705,687.795
690.710,687.803
690.707,687.798
690.704,687.793
690.704,687.794
690.705,687.795
690.702,687.791
690.707,687.799
690.712,687.807
690.717,687.814
690.724,687.826
690.723,687.824
690.718,687.816
690.714,687.810
690.719,687.817
690.723,687.823
690.730,687.834
690.728,687.831
690.726,687.828
690.729,687.833
690.732,687.838
690.730,687.835
690.728,687.832
690.718,687.816
690.714,687.810
690.711,687.804
690.707,687.799
690.712,687.807
690.712,687.806
690.712,687.806
690.712,687.806
690.711,687.806
690.716,687.813
690.712,687.807
690.709,687.801
690.706,687.796
690.706,687.797
690.706,687.798
690.711,687.806
690.716,687.813
690.712,687.807
690.712,687.806
690.712,687.806
690.716,687.813
690.713,687.807
690.709,687.802
690.714,687.809
690.714,687.809
690.713,687.808
690.713,687.808
690.709,687.802
690.706,687.797
690.703,687.793
690.701,687.788
690.698,687.785
690.699,687.786
690.700,687.788
690.698,687.784
690.704,687.794
690.701,687.789
690.699,687.786
690.700,687.787
690.701,687.789
690.698,687.785
690.704,687.794
690.710,687.803
690.706,687.798
690.707,687.798
690.707,687.799
690.707,687.799
690.704,687.794
690.710,687.803
690.714,687.810
690.719,687.817
690.718,687.816
690.717,687.814
690.716,687.813
690.713,687.807
690.709,687.802
690.706,687.797
690.703,687.792
690.704,687.793
690.704,687.794
690.710,687.803
690.714,687.810
690.719,687.817
690.718,687.816
690.717,687.814
690.721,687.821
690.725,687.827
690.728,687.832
690.727,687.829
690.725,687.827
690.724,687.825
690.719,687.817
690.715,687.811
690.719,687.818
690.715,687.811
690.719,687.818
690.718,687.816
690.709,687.802
690.710,687.803
690.706,687.798
690.711,687.806
690.708,687.800
690.705,687.795
690.702,687.791
690.695,687.779
690.696,687.782
690.689,687.771
690.691,687.774
690.690,687.772
690.688,687.770
690.687,687.768
690.686,687.766
690.680,687.757
690.675,687.749
690.670,687.741
690.666,687.734
690.670,687.741
690.671,687.742
690.671,687.742
690.672,687.743
690.672,687.744
690.672,687.744
690.664,687.732
690.666,687.734
690.666,687.735
690.671,687.742
690.674,687.748
690.674,687.748
690.675,687.748
690.675,687.748
690.675,687.748
690.675,687.748
690.675,687.748
690.678,687.754
690.681,687.758
690.684,687.763
690.678,687.754
690.681,687.758
690.684,687.763
690.683,687.761
690.682,687.760
690.674,687.747
690.674,687.747
690.666,687.735
690.662,687.728
690.659,687.723
690.655,687.718
690.661,687.726
690.665,687.733
690.661,687.727
690.663,687.729
690.664,687.731
690.665,687.733
690.666,687.735
690.667,687.736
690.668,687.737
690.668,687.738
690.669,687.739
690.673,687.746
690.677,687.751
690.676,687.751
690.668,687.738
690.669,687.739
690.669,687.740
690.670,687.741
690.671,687.742
690.671,687.742
690.667,687.736
690.671,687.742
690.666,687.735
690.671,687.742
690.666,687.735
690.667,687.736
690.668,687.737
690.669,687.739
690.669,687.740
690.670,687.741
690.662,687.729
690.664,687.731
690.665,687.732
690.666,687.734
690.667,687.736
690.667,687.737
690.663,687.731
690.668,687.737
690.672,687.744
690.675,687.749
690.679,687.755
690.682,687.759
690.676,687.751
690.671,687.743
690.667,687.736
690.668,687.737
690.660,687.726
690.662,687.728
690.663,687.730
690.656,687.719
690.650,687.710
690.644,687.701
690.639,687.693
690.635,687.685
690.638,687.692
690.634,687.684
690.630,687.678
690.634,687.685
690.638,687.691
690.642,687.696
690.637,687.689
690.636,687.687
690.643,687.698
690.641,687.695
690.648,687.706
690.645,687.702
690.643,687.699
690.642,687.697
690.640,687.694
690.639,687.692
690.642,687.697
690.640,687.695
690.647,687.705
690.645,687.702
690.651,687.711
690.649,687.707
690.646,687.704
690.644,687.701
690.639,687.693
690.635,687.685
690.638,687.691
690.642,687.697
690.637,687.689
690.633,687.683
690.629,687.676
690.633,687.683
690.637,687.689
690.633,687.683
690.629,687.676
690.633,687.683
690.637,687.690
690.633,687.683
690.629,687.676
690.633,687.683
690.632,687.682
690.628,687.676
690.625,687.670
690.622,687.665
690.622,687.666
690.622,687.666
690.622,687.666
690.623,687.667
690.623,687.667
690.620,687.662
690.612,687.651
690.605,687.640
690.607,687.643
690.609,687.645
690.602,687.635
690.601,687.633
690.600,687.632
690.603,687.635
690.605,687.639
690.607,687.642
690.608,687.644
690.607,687.642
690.613,687.652
690.619,687.661
690.616,687.657
690.614,687.653
690.612,687.650
690.610,687.647
690.608,687.644
690.614,687.654
690.612,687.650
690.610,687.647
690.616,687.657
690.614,687.653
690.612,687.650
690.618,687.659
690.615,687.655
690.613,687.651
690.611,687.648
690.609,687.645
690.607,687.642
690.614,687.653
690.611,687.649
690.617,687.659
690.623,687.667
690.620,687.663
690.617,687.658
690.618,687.659
690.619,687.660
690.619,687.661
690.620,687.662
690.620,687.663
690.621,687.664
690.613,687.652
690.606,687.641
690.600,687.631
690.594,687.622
690.594,687.622
690.593,687.621
690.596,687.626
690.599,687.630
690.602,687.634
690.600,687.632
690.600,687.631
690.599,687.629
690.598,687.628
690.605,687.640
690.604,687.637
690.603,687.635
690.601,687.634
690.608,687.645
690.607,687.642
690.605,687.640
690.604,687.637
690.603,687.635
690.605,687.639
690.603,687.637
690.602,687.635
690.604,687.638
690.606,687.641
690.600,687.631
690.602,687.635
690.601,687.633
690.593,687.621
690.601,687.633
690.600,687.632
690.599,687.630
690.598,687.629
690.598,687.628
690.597,687.627
690.596,687.626
690.591,687.617
690.586,687.610
690.582,687.603
690.586,687.609
690.581,687.602
690.578,687.596
690.582,687.603
690.583,687.605
690.584,687.606
690.584,687.607
690.585,687.608
690.585,687.609
690.578,687.597
690.579,687.599
690.580,687.600
690.584,687.607
690.588,687.613
690.569,687.584
690.571,687.587
690.565,687.577
690.560,687.568
690.554,687.560
690.558,687.566
690.556,687.563
690.555,687.561
690.550,687.553
690.549,687.552
690.545,687.545
690.541,687.540
690.546,687.547
690.550,687.554
690.549,687.552
690.548,687.551
690.548,687.549
690.555,687.561
690.562,687.571
690.556,687.563
690.560,687.568
690.562,687.573
690.557,687.564
690.555,687.562
690.562,687.572
690.544,687.544
690.544,687.544
690.543,687.543
690.543,687.543
690.540,687.537
690.544,687.545
690.549,687.551
690.545,687.545
690.544,687.544
690.544,687.544
690.548,687.551
690.544,687.544
690.541,687.539
690.537,687.534
690.542,687.541
690.542,687.541
690.542,687.541
690.539,687.535
690.535,687.531
690.533,687.526
690.530,687.522
690.528,687.519
690.529,687.520
690.538,687.535
690.535,687.530
690.532,687.526
690.538,687.534
690.535,687.530
690.527,687.518
690.525,687.515
690.523,687.512
690.530,687.522
690.531,687.523
690.532,687.525
690.529,687.521
690.527,687.517
690.525,687.514
690.531,687.524
690.532,687.525
690.530,687.521
690.535,687.530
690.533,687.526
690.530,687.522
690.531,687.524
690.532,687.525
690.533,687.526
690.538,687.535
690.535,687.530
690.532,687.526
690.533,687.527
690.531,687.523
690.536,687.532
690.533,687.527
690.531,687.523
690.524,687.512
690.525,687.514
690.523,687.512
690.522,687.509
690.523,687.512
690.522,687.509
690.520,687.507
690.527,687.517
690.525,687.514
690.523,687.511
690.517,687.501
690.516,687.500
690.523,687.511
690.521,687.508
690.528,687.519
690.526,687.515
690.527,687.517
690.525,687.514
690.523,687.511
690.522,687.509
690.523,687.512
690.522,687.509
690.520,687.507
690.519,687.505
690.518,687.503
690.520,687.506
690.514,687.496
690.513,687.495
690.512,687.494
690.515,687.498
690.517,687.502
690.516,687.500
690.515,687.499
690.514,687.497
690.513,687.496
690.508,687.487
690.508,687.487
690.499,687.474
690.503,687.480
690.504,687.481
690.504,687.481
690.512,687.494
690.515,687.498
690.509,687.489
690.509,687.489
690.508,687.488
690.511,687.493
690.519,687.505
690.518,687.503
690.525,687.514
690.523,687.511
690.516,687.501
690.516,687.499
690.515,687.498
690.514,687.497
690.508,687.488
690.508,687.488
690.508,687.487
690.516,687.500
690.515,687.498
690.517,687.502
690.516,687.500
690.515,687.499
690.509,687.490
690.509,687.489
690.509,687.489
690.508,687.488
690.508,687.488
690.511,687.493
690.506,687.484
690.506,687.484
690.506,687.484
690.501,687.477
690.493,687.465
690.495,687.467
690.496,687.468
690.492,687.462
690.493,687.465
690.494,687.466
690.491,687.461
690.492,687.463
690.493,687.465
690.495,687.467
690.496,687.468
690.500,687.475
690.500,687.476
690.501,687.477
690.505,687.483
690.497,687.470
690.498,687.471
690.490,687.460
690.492,687.462
690.496,687.470
690.497,687.471
690.498,687.472
690.502,687.478
690.502,687.479
690.503,687.479
690.503,687.480
690.498,687.473
690.499,687.474
690.500,687.475
690.496,687.468
690.497,687.470
690.489,687.459
690.486,687.454
690.488,687.456
690.482,687.447
690.484,687.450
690.489,687.458
690.491,687.461
690.484,687.451
690.486,687.454
690.483,687.449
690.486,687.453
690.487,687.456
690.489,687.458
690.491,687.461
690.484,687.451
690.482,687.446
690.476,687.437
690.471,687.429
690.469,687.427
690.473,687.432
690.476,687.437
690.474,687.434
690.477,687.439
690.480,687.443
690.477,687.440
690.472,687.431
690.467,687.424
690.466,687.422
690.465,687.420
690.469,687.427
690.472,687.432
690.471,687.429
690.466,687.422
690.462,687.415
690.461,687.415
690.465,687.421
690.461,687.415
690.461,687.414
690.465,687.420
690.461,687.414
690.460,687.413
690.465,687.420
690.461,687.413
690.460,687.413
690.460,687.412
690.456,687.406
690.461,687.414
690.460,687.413
690.464,687.420
690.460,687.413
690.460,687.412
690.464,687.419
690.460,687.413
690.460,687.412
690.464,687.419
690.460,687.413
690.459,687.412
690.464,687.419
690.460,687.412
690.456,687.407
690.461,687.414
690.457,687.408
690.462,687.415
690.461,687.415
690.465,687.421
690.461,687.415
690.461,687.414
690.465,687.420
690.461,687.414
690.465,687.421
690.464,687.419
690.460,687.413
690.464,687.420
690.464,687.418
690.468,687.424
690.463,687.418
690.459,687.411
690.464,687.418
690.460,687.412
690.459,687.411
690.464,687.418
690.460,687.412
690.456,687.406
690.461,687.414
690.457,687.408
690.462,687.415
690.466,687.422
690.462,687.415
690.461,687.414
690.457,687.408
690.462,687.416
690.461,687.415
690.457,687.409
690.462,687.416
690.461,687.415
690.458,687.409
690.462,687.416
690.461,687.415
690.466,687.422
690.461,687.415
690.461,687.414
690.457,687.408
690.462,687.415
690.461,687.414
690.457,687.409
690.462,687.416
690.458,687.410
690.455,687.404
690.460,687.412
690.459,687.411
690.464,687.418
690.468,687.425
690.463,687.418
690.459,687.411
690.456,687.406
690.456,687.406
690.460,687.413
690.457,687.407
690.456,687.407
690.453,687.402
690.450,687.397
690.447,687.393
690.448,687.394
690.454,687.403
690.451,687.398
690.451,687.398
690.448,687.394
690.449,687.395
690.449,687.396
690.447,687.392
690.452,687.401
690.453,687.401
690.450,687.396
690.447,687.392
690.444,687.388
690.450,687.398
690.448,687.393
690.453,687.402
690.458,687.410
690.455,687.404
690.455,687.404
690.460,687.412
690.456,687.406
690.456,687.406
690.456,687.406
690.453,687.401
690.450,687.396
690.455,687.405
690.452,687.400
690.452,687.400
690.449,687.396
690.455,687.404
690.455,687.404
690.455,687.404
690.460,687.412
690.456,687.406
690.456,687.406
690.453,687.401
690.458,687.409
690.457,687.409
690.454,687.403
690.459,687.411
690.458,687.410
690.455,687.405
690.452,687.400
690.452,687.400
690.457,687.408
690.454,687.403
690.454,687.403
690.454,687.403
690.451,687.398
690.448,687.394
690.446,687.390
690.451,687.399
690.452,687.400
690.457,687.408
690.453,687.403
690.462,687.415
690.461,687.414
690.457,687.409
690.462,687.416
690.458,687.410
690.463,687.417
690.462,687.416
690.458,687.410
690.455,687.404
690.451,687.399
690.449,687.395
690.446,687.391
690.447,687.392
690.444,687.388
690.450,687.397
690.451,687.398
690.448,687.394
690.453,687.402
690.454,687.403
690.451,687.398
690.456,687.406
690.456,687.406
690.461,687.413
690.457,687.408
690.449,687.395
690.446,687.391
690.444,687.387
690.442,687.384
690.443,687.386
690.449,687.395
690.446,687.391
690.452,687.400
690.449,687.395
690.450,687.396
690.458,687.410
690.455,687.404
690.460,687.412
690.459,687.411
690.456,687.406
690.452,687.401
690.449,687.396
690.447,687.392
690.444,687.388
690.445,687.390
690.443,687.386
690.449,687.396
690.450,687.396
690.447,687.392
690.453,687.401
690.450,687.396
690.455,687.405
690.460,687.412
690.459,687.412
690.456,687.406
690.461,687.413
690.460,687.413
690.456,687.407
690.453,687.402
690.450,687.397
690.447,687.393
690.445,687.389
690.454,687.403
690.451,687.398
690.456,687.406
690.456,687.406
690.460,687.412
690.459,687.412
690.456,687.406
690.461,687.413
690.452,687.400
690.449,687.395
690.446,687.391
690.447,687.393
690.445,687.389
690.443,687.385
690.452,687.400
690.449,687.395
690.454,687.404
690.454,687.404
690.451,687.399
690.456,687.407
690.456,687.407
690.453,687.402
690.450,687.397
690.450,687.398
690.448,687.393
690.453,687.402
690.458,687.410
690.455,687.404
690.460,687.412
690.466,687.422
690.465,687.420
690.469,687.426
690.464,687.419
690.463,687.418
690.459,687.412
690.464,687.419
690.463,687.417
690.459,687.411
690.455,687.405
690.455,687.405
690.452,687.400
690.449,687.396
690.450,687.397
690.455,687.405
690.455,687.405
690.455,687.405
690.460,687.413
690.456,687.407
690.464,687.419
690.460,687.413
690.456,687.407
690.453,687.402
690.450,687.397
690.447,687.393
690.445,687.389
690.443,687.385
690.441,687.382
690.434,687.372
690.433,687.370
690.432,687.368
690.431,687.367
690.438,687.378
690.436,687.375
690.435,687.373
690.433,687.371
690.444,687.387
690.441,687.384
690.440,687.381
690.438,687.378
690.436,687.376
690.435,687.373
690.434,687.371
690.432,687.370
690.427,687.360
690.426,687.360
690.429,687.364
690.428,687.363
690.423,687.354
690.418,687.346
690.418,687.347
690.418,687.347
690.410,687.335
690.420,687.349
690.420,687.350
690.412,687.337
690.413,687.339
690.414,687.340
690.414,687.341
690.415,687.342
690.424,687.356
690.419,687.348
690.419,687.348
690.422,687.354
690.414,687.341
690.410,687.334
690.406,687.329
690.408,687.331
690.412,687.338
690.405,687.327
690.402,687.321
690.404,687.324
690.400,687.319
690.394,687.310
690.392,687.306
690.395,687.311
690.397,687.315
690.391,687.306
690.394,687.310
690.397,687.314
690.399,687.318
690.401,687.321
690.403,687.324
690.405,687.327
690.406,687.329
690.400,687.319
690.402,687.322
690.399,687.317
690.393,687.308
690.383,687.292
690.378,687.285
690.382,687.291
690.378,687.285
690.382,687.291
690.378,687.284
690.382,687.291
690.381,687.289
690.385,687.295
690.383,687.293
690.387,687.298
690.390,687.304
690.388,687.301
690.383,687.293
690.382,687.291
690.378,687.284
690.385,687.296
690.389,687.301
690.392,687.306
690.398,687.315
690.400,687.319
690.402,687.322
690.404,687.325
690.405,687.327
690.407,687.330
690.400,687.319
690.402,687.322
690.396,687.313
690.394,687.309
690.388,687.300
690.391,687.305
690.394,687.310
690.397,687.314
690.394,687.310
690.397,687.314
690.399,687.318
690.401,687.321
690.403,687.324
690.400,687.319
690.402,687.322
690.407,687.330
690.408,687.332
690.413,687.339
690.414,687.340
690.414,687.341
690.410,687.335
690.411,687.337
690.407,687.330
690.409,687.333
690.405,687.327
690.398,687.317
690.396,687.312
690.401,687.321
690.395,687.312
690.398,687.315
690.392,687.306
690.395,687.311
690.389,687.302
690.387,687.299
690.391,687.304
690.385,687.296
690.381,687.289
690.380,687.287
690.384,687.294
690.382,687.291
690.386,687.297
690.381,687.290
690.385,687.296
690.389,687.301
690.395,687.311
690.397,687.315
690.395,687.311
690.397,687.315
690.395,687.311
690.389,687.302
690.387,687.299
690.383,687.292
690.386,687.297
690.385,687.295
690.380,687.288
690.376,687.281
690.372,687.275
690.369,687.270
690.366,687.265
690.363,687.261
690.360,687.257
690.358,687.254
690.364,687.263
690.362,687.259
690.359,687.255
690.365,687.264
690.370,687.273
690.367,687.268
690.376,687.281
690.372,687.275
690.372,687.275
690.368,687.269
690.368,687.270
690.373,687.277
690.373,687.277
690.378,687.284
690.374,687.278
690.370,687.273
690.367,687.267
690.364,687.263
690.362,687.259
690.359,687.255
690.360,687.257
690.358,687.253
690.359,687.255
690.357,687.252
690.355,687.249
690.353,687.246
690.355,687.248
690.353,687.246
690.355,687.248
690.353,687.245
690.355,687.248
690.353,687.245
690.359,687.256
690.357,687.252
690.355,687.249
690.354,687.246
690.360,687.256
690.358,687.253
690.359,687.255
690.357,687.251
690.363,687.261
690.364,687.262
690.361,687.258
690.362,687.259
690.368,687.268
690.368,687.269
690.373,687.277
690.381,687.289
690.376,687.282
690.373,687.276
690.369,687.271
690.366,687.266
690.371,687.274
690.371,687.274
690.368,687.269
690.368,687.269
690.368,687.269
690.365,687.265
690.366,687.265
690.363,687.261
690.360,687.257
690.358,687.254
690.356,687.250
690.354,687.247
690.356,687.250
690.362,687.260
690.360,687.256
690.357,687.252
690.359,687.254
690.365,687.264
690.370,687.272
690.375,687.280
690.379,687.286
690.375,687.280
690.371,687.274
690.368,687.269
690.365,687.264
690.370,687.273
690.375,687.280
690.380,687.287
690.376,687.281
690.380,687.288
690.379,687.286
690.375,687.280
690.371,687.274
690.368,687.269
690.365,687.264
690.366,687.265
690.363,687.261
690.368,687.269
690.365,687.265
690.371,687.273
690.367,687.268
690.368,687.268
690.365,687.264
690.365,687.265
690.362,687.260
690.363,687.261
690.361,687.257
690.358,687.254
690.356,687.250
690.358,687.253
690.356,687.249
690.354,687.247
690.352,687.244
690.351,687.242
690.357,687.252
690.359,687.254
690.356,687.251
690.350,687.240
690.348,687.238
690.347,687.236
690.346,687.235
690.345,687.233
690.353,687.245
690.359,687.255
690.357,687.252
690.355,687.249
690.356,687.251
690.355,687.248
690.356,687.250
690.346,687.235
690.348,687.238
690.347,687.236
690.341,687.227
690.341,687.226
690.344,687.231
690.343,687.230
690.342,687.229
690.342,687.228
690.341,687.227
690.341,687.226
690.344,687.231
690.343,687.230
690.342,687.229
690.342,687.228
690.349,687.240
690.351,687.243
690.350,687.241
690.349,687.239
690.347,687.237
690.346,687.235
690.354,687.246
690.352,687.244
690.359,687.254
690.360,687.256
690.357,687.252
690.355,687.249
690.354,687.246
690.355,687.249
690.353,687.246
690.352,687.244
690.350,687.241
690.349,687.239
690.343,687.230
690.342,687.229
690.337,687.220
690.337,687.220
690.332,687.213
690.324,687.201
690.326,687.203
690.330,687.209
690.330,687.210
690.334,687.216
690.334,687.217
690.338,687.222
690.338,687.222
690.338,687.221
690.338,687.221
690.337,687.221
690.332,687.213
690.325,687.201
690.326,687.203
690.319,687.192
690.320,687.195
690.322,687.197
690.323,687.199
690.320,687.194
690.313,687.184
690.316,687.187
690.313,687.182
690.307,687.173
690.310,687.178
690.304,687.169
690.302,687.166
690.306,687.172
690.309,687.176
690.314,687.185
690.317,687.189
690.310,687.179
690.313,687.183
690.318,687.191
690.320,687.194
690.322,687.196
690.326,687.204
690.327,687.205
690.331,687.212
690.332,687.212
690.327,687.205
690.336,687.219
690.331,687.212
690.332,687.213
690.332,687.213
690.336,687.219
690.328,687.206
690.332,687.213
690.332,687.213
690.336,687.219
690.336,687.219
690.331,687.211
690.332,687.212
690.332,687.213
690.333,687.214
690.333,687.214
690.325,687.202
690.326,687.204
690.331,687.210
690.331,687.211
690.332,687.212
690.327,687.205
690.328,687.207
690.329,687.208
690.322,687.196
690.315,687.186
690.317,687.189
690.319,687.192
690.316,687.187
690.318,687.190
690.311,687.180
690.306,687.172
690.309,687.176
690.311,687.180
690.314,687.184
690.311,687.180
690.313,687.184
690.316,687.187
690.321,687.195
690.322,687.197
690.316,687.187
690.310,687.178
690.304,687.169
690.302,687.166
690.305,687.171
690.300,687.163
690.304,687.169
690.307,687.173
690.313,687.183
690.307,687.174
690.302,687.166
690.312,687.181
690.314,687.184
690.308,687.175
690.303,687.167
690.298,687.159
690.293,687.152
690.298,687.159
690.301,687.165
690.300,687.162
690.295,687.155
690.302,687.166
690.297,687.159
690.301,687.165
690.300,687.162
690.303,687.168
690.306,687.173
690.304,687.169
690.307,687.174
690.305,687.171
690.308,687.176
690.303,687.167
690.301,687.165
690.297,687.157
690.292,687.151
690.288,687.145
690.293,687.151
690.289,687.145
690.293,687.152
690.289,687.146
690.286,687.140
690.283,687.135
690.280,687.131
690.285,687.139
690.285,687.139
690.282,687.134
690.279,687.130
690.280,687.131
690.277,687.127
690.275,687.123
690.272,687.120
690.279,687.129
690.276,687.125
690.277,687.127
690.283,687.135
690.283,687.136
690.280,687.131
690.277,687.127
690.283,687.136
690.283,687.136
690.280,687.131
690.277,687.127
690.278,687.128
690.276,687.125
690.276,687.126
690.274,687.122
690.272,687.119
690.270,687.116
690.268,687.113
690.267,687.111
690.265,687.109
690.264,687.107
690.263,687.105
690.262,687.103
690.264,687.107
690.263,687.105
690.262,687.103
690.261,687.102
690.263,687.105
690.262,687.104
690.256,687.094
690.256,687.094
690.255,687.093
690.255,687.093
690.258,687.097
690.257,687.096
690.249,687.083
690.249,687.083
690.249,687.084
690.250,687.084
690.253,687.089
690.261,687.102
690.260,687.100
690.254,687.091
690.254,687.091
690.254,687.091
690.257,687.095
690.256,687.095
690.256,687.094
690.264,687.106
690.263,687.104
690.261,687.102
690.261,687.101
690.263,687.105
690.262,687.103
690.256,687.094
690.256,687.093
690.255,687.093
690.258,687.097
690.266,687.109
690.264,687.107
690.271,687.118
690.269,687.115
690.268,687.112
690.269,687.115
690.268,687.112
690.274,687.122
690.275,687.124
690.273,687.121
690.271,687.117
690.269,687.114
690.268,687.112
690.274,687.122
690.267,687.111
690.274,687.121
690.272,687.118
690.278,687.128
690.278,687.129
690.284,687.138
690.281,687.133
690.278,687.129
690.284,687.137
690.281,687.132
690.281,687.133
690.278,687.129
690.276,687.125
690.269,687.114
690.267,687.111
690.266,687.109
690.264,687.107
690.263,687.105
690.262,687.103
690.264,687.107
690.263,687.105
690.262,687.103
690.269,687.114
690.267,687.112
690.266,687.109
690.265,687.107
690.263,687.105
690.262,687.104
690.261,687.102
690.260,687.101
690.263,687.104
690.262,687.103
690.261,687.101
690.263,687.105
690.254,687.091
690.254,687.090
690.254,687.090
690.249,687.082
690.241,687.070
690.242,687.072
690.238,687.066
690.239,687.068
690.249,687.082
690.249,687.083
690.244,687.076
690.253,687.089
690.261,687.102
690.255,687.093
690.255,687.092
690.255,687.092
690.250,687.084
690.250,687.084
690.242,687.072
690.243,687.073
690.244,687.075
690.245,687.076
690.245,687.077
690.241,687.070
690.242,687.072
690.243,687.073
690.244,687.075
690.240,687.068
690.241,687.070
690.242,687.072
690.243,687.073
690.244,687.075
690.253,687.088
690.252,687.088
690.247,687.081
690.248,687.081
690.248,687.082
690.249,687.082
690.249,687.083
690.249,687.083
690.249,687.084
690.250,687.084
690.250,687.084
690.250,687.085
690.250,687.085
690.250,687.085
690.254,687.090
690.253,687.090
690.245,687.077
690.246,687.078
690.246,687.079
690.247,687.080
690.251,687.085
690.251,687.086
690.251,687.086
690.251,687.086
690.243,687.073
690.244,687.075
690.245,687.076
690.248,687.082
690.249,687.083
690.249,687.083
690.249,687.083
690.245,687.076
690.245,687.077
690.246,687.078
690.242,687.071
690.243,687.073
690.243,687.074
690.244,687.075
690.240,687.069
690.233,687.058
690.227,687.048
690.232,687.057
690.234,687.060
690.236,687.062
690.237,687.065
690.239,687.067
690.235,687.061
690.237,687.064
690.238,687.066
690.243,687.073
690.235,687.062
690.237,687.064
690.230,687.054
690.224,687.044
690.227,687.049
690.221,687.040
690.224,687.044
690.227,687.048
690.221,687.039
690.224,687.044
690.227,687.048
690.224,687.044
690.227,687.048
690.221,687.039
690.224,687.044
690.222,687.040
690.225,687.045
690.219,687.036
690.225,687.046
690.228,687.050
690.230,687.054
690.232,687.057
690.234,687.060
690.239,687.067
690.240,687.069
690.241,687.071
690.245,687.077
690.246,687.078
690.247,687.079
690.242,687.072
690.243,687.074
690.244,687.075
690.240,687.069
690.241,687.071
690.242,687.072
690.243,687.074
690.239,687.067
690.232,687.057
690.234,687.060
690.236,687.062
690.229,687.052
690.223,687.043
690.226,687.047
690.220,687.038
690.215,687.030
690.211,687.023
690.215,687.029
690.210,687.022
690.214,687.028
690.218,687.034
690.221,687.039
690.216,687.031
690.219,687.036
690.217,687.034
690.221,687.039
690.224,687.043
690.226,687.048
690.229,687.051
690.223,687.042
690.226,687.047
690.223,687.043
690.226,687.047
690.228,687.051
690.231,687.054
690.236,687.062
690.237,687.065
690.239,687.067
690.235,687.061
690.237,687.064
690.238,687.066
690.239,687.068
690.244,687.075
690.245,687.076
690.245,687.077
690.249,687.083
690.249,687.083
690.250,687.084
690.250,687.084
690.253,687.089
690.253,687.089
690.253,687.089
690.253,687.089
690.253,687.089
690.253,687.089
690.253,687.089
690.256,687.093
690.255,687.093
690.255,687.092
690.255,687.092
690.258,687.096
690.257,687.096
690.249,687.082
690.249,687.083
690.244,687.076
690.245,687.077
690.246,687.078
690.246,687.079
690.247,687.080
690.242,687.073
690.243,687.074
690.236,687.063
690.233,687.057
690.234,687.060
690.236,687.063
690.230,687.053
690.224,687.043
690.221,687.040
690.216,687.032
690.220,687.037
690.223,687.042
690.225,687.046
690.228,687.050
690.230,687.054
690.224,687.044
690.227,687.048
690.229,687.052
690.234,687.060
690.228,687.050
690.222,687.041
690.217,687.033
690.212,687.026
690.216,687.032
690.215,687.029
690.210,687.022
690.214,687.028
690.221,687.039
690.216,687.031
690.211,687.024
690.207,687.017
690.211,687.024
690.207,687.017
690.206,687.016
690.211,687.023
690.206,687.017
690.211,687.023
690.210,687.022
690.206,687.015
690.210,687.022
690.214,687.028
690.218,687.034
690.216,687.032
690.211,687.024
690.215,687.030
690.219,687.036
690.225,687.046
690.228,687.050
690.222,687.040
690.225,687.045
690.222,687.041
690.225,687.046
690.220,687.037
690.218,687.034
690.221,687.039
690.224,687.044
690.227,687.048
690.221,687.039
690.216,687.031
690.219,687.036
690.222,687.041
690.225,687.046
690.223,687.042
690.226,687.046
690.228,687.050
690.230,687.054
690.232,687.057
690.237,687.065
690.239,687.067
690.240,687.069
690.244,687.076
690.245,687.077
690.238,687.065
690.239,687.067
690.232,687.056
690.237,687.064
690.238,687.066
690.232,687.056
690.225,687.046
690.228,687.050
690.230,687.053
690.232,687.057
690.226,687.047
690.228,687.051
690.223,687.042
690.220,687.038
690.215,687.030
690.211,687.023
690.210,687.022
690.206,687.015
690.210,687.022
690.214,687.028
690.210,687.021
690.214,687.028
690.220,687.038
690.223,687.043
690.218,687.035
690.224,687.045
690.227,687.049
690.203,687.011
690.207,687.018
690.212,687.025
690.216,687.031
690.222,687.041
690.225,687.045
690.228,687.049
690.230,687.053
690.232,687.056
690.226,687.047
690.228,687.051
690.222,687.041
690.225,687.046
690.220,687.037
690.218,687.034
690.221,687.039
690.216,687.031
690.211,687.024
690.210,687.022
690.214,687.029
690.218,687.034
690.221,687.039
690.216,687.031
690.214,687.029
690.213,687.027
690.182,686.979
690.181,686.977
690.180,686.974
690.178,686.973
690.177,686.971
690.179,686.974
690.178,686.972
690.177,686.971
690.176,686.969
690.175,686.968
690.178,686.972
690.180,686.975
690.179,686.973
690.177,686.971
690.177,686.970
690.171,686.961
690.170,686.960
690.170,686.960
690.170,686.959
690.169,686.959
690.169,686.958
690.169,686.958
690.169,686.958
690.169,686.957
690.168,686.957
690.168,686.957
690.168,686.957
690.168,686.957
690.168,686.956
690.168,686.956
690.168,686.956
690.171,686.961
690.171,686.960
690.170,686.960
690.178,686.972
690.177,686.970
690.176,686.969
690.170,686.960
690.170,686.959
690.170,686.959
690.169,686.958
690.169,686.958
690.169,686.958
690.164,686.950
690.167,686.955
690.167,686.955
690.167,686.955
690.167,686.955
690.167,686.955
690.167,686.955
690.170,686.960
690.170,686.960
690.170,686.959
690.170,686.959
690.169,686.958
690.169,686.958
690.169,686.958
690.164,686.950
690.167,686.955
690.175,686.968
690.175,686.967
690.174,686.966
690.181,686.977
690.180,686.975
690.187,686.986
690.188,686.988
690.186,686.985
690.184,686.982
690.183,686.979
690.181,686.977
690.180,686.975
690.179,686.973
690.185,686.984
690.187,686.986
690.185,686.983
690.183,686.980
690.182,686.978
690.180,686.976
690.179,686.974
690.178,686.972
690.177,686.970
690.176,686.969
690.175,686.967
690.174,686.966
690.174,686.965
690.173,686.964
690.172,686.963
690.172,686.962
690.171,686.962
690.171,686.961
690.171,686.960
690.170,686.960
690.170,686.959
690.170,686.959
690.169,686.959
690.169,686.958
690.169,686.958
690.169,686.958
690.169,686.957
690.172,686.962
690.171,686.961
690.171,686.961
690.170,686.960
690.162,686.947
690.163,686.948
690.163,686.949
690.163,686.949
690.156,686.937
690.157,686.939
690.158,686.940
690.159,686.942
690.151,686.930
690.156,686.938
690.160,686.944
690.161,686.945
690.161,686.946
690.154,686.934
690.147,686.924
690.149,686.927
690.151,686.929
690.152,686.932
690.154,686.934
690.163,686.949
690.158,686.941
690.159,686.943
690.160,686.944
690.161,686.945
690.161,686.946
690.162,686.947
690.154,686.935
690.155,686.937
690.157,686.939
690.153,686.932
690.146,686.922
690.148,686.925
690.150,686.928
690.143,686.918
690.146,686.921
690.148,686.925
690.149,686.927
690.154,686.935
690.156,686.937
690.157,686.939
690.158,686.940
690.159,686.942
690.159,686.943
690.160,686.944
690.161,686.945
690.161,686.946
690.157,686.939
690.161,686.946
690.165,686.952
690.168,686.957
690.168,686.957
690.168,686.956
690.168,686.956
690.160,686.944
690.160,686.945
690.153,686.933
690.154,686.935
690.147,686.924
690.149,686.927
690.151,686.930
690.148,686.925
690.145,686.920
690.139,686.911
690.141,686.915
690.144,686.919
690.146,686.922
690.140,686.913
690.142,686.917
690.137,686.908
690.140,686.912
690.142,686.916
690.145,686.920
690.147,686.923
690.149,686.926
690.150,686.929
690.152,686.931
690.153,686.934
690.147,686.923
690.141,686.913
690.143,686.917
690.145,686.921
690.147,686.924
690.149,686.927
690.151,686.930
690.152,686.932
690.154,686.934
690.155,686.936
690.156,686.938
690.152,686.932
690.157,686.939
690.153,686.933
690.158,686.940
690.150,686.929
690.152,686.931
690.153,686.934
690.155,686.936
690.148,686.925
690.150,686.928
690.154,686.935
690.151,686.929
690.147,686.924
690.152,686.932
690.149,686.927
690.146,686.922
690.148,686.925
690.142,686.915
690.144,686.919
690.138,686.910
690.141,686.914
690.143,686.918
690.146,686.921
690.148,686.925
690.149,686.927
690.151,686.930
690.153,686.932
690.146,686.922
690.148,686.925
690.150,686.928
690.151,686.931
690.145,686.920
690.147,686.923
690.149,686.926
690.142,686.917
690.145,686.920
690.147,686.923
690.144,686.919
690.141,686.915
690.139,686.911
690.137,686.907
690.139,686.912
690.134,686.903
690.137,686.908
690.140,686.913
690.143,686.917
690.145,686.920
690.147,686.923
690.141,686.914
690.143,686.918
690.146,686.921
690.148,686.924
690.149,686.927
690.143,686.917
690.145,686.921
690.139,686.911
690.142,686.916
690.144,686.919
690.146,686.923
690.148,686.926
690.150,686.928
690.144,686.918
690.146,686.922
690.148,686.925
690.142,686.915
690.144,686.919
690.146,686.922
690.148,686.925
690.150,686.928
690.152,686.931
690.145,686.920
690.147,686.924
690.149,686.927
690.143,686.917
690.137,686.908
690.140,686.912
690.134,686.904
690.137,686.909
690.132,686.900
690.135,686.905
690.130,686.898
690.126,686.890
690.130,686.896
690.125,686.889
690.121,686.883
690.125,686.890
690.121,686.884
690.118,686.878
690.122,686.885
690.127,686.892
690.122,686.885
690.119,686.879
690.123,686.886
690.119,686.880
690.124,686.887
690.128,686.894
690.132,686.900
690.135,686.905
690.138,686.910
690.136,686.906
690.134,686.903
690.129,686.896
690.133,686.901
690.136,686.906
690.131,686.898
690.134,686.904
690.129,686.896
690.133,686.901
690.128,686.894
690.124,686.887
690.120,686.881
690.124,686.888
690.128,686.894
690.132,686.900
690.135,686.905
690.130,686.897
690.134,686.903
690.129,686.895
690.132,686.901
690.136,686.906
690.139,686.911
690.133,686.902
690.137,686.907
690.139,686.912
690.142,686.916
690.144,686.920
690.138,686.910
690.141,686.915
690.136,686.906
690.139,686.910
690.141,686.915
690.136,686.906
690.131,686.898
690.134,686.903
690.129,686.896
690.133,686.901
690.128,686.894
690.124,686.887
690.120,686.881
690.116,686.875
690.116,686.875
690.121,686.883
690.117,686.877
690.114,686.872
690.111,686.867
690.108,686.863
690.114,686.872
690.119,686.880
690.123,686.887
690.128,686.893
690.123,686.886
690.119,686.880
690.116,686.875
690.121,686.882
690.125,686.889
690.129,686.896
690.125,686.889
690.121,686.882
690.125,686.889
690.121,686.883
690.125,686.890
690.129,686.896
690.125,686.889
690.121,686.883
690.125,686.890
690.129,686.896
690.125,686.889
690.121,686.882
690.125,686.889
690.121,686.883
690.117,686.877
690.114,686.872
690.119,686.880
690.124,686.887
690.128,686.894
690.123,686.887
690.120,686.881
690.116,686.875
690.121,686.883
690.117,686.877
690.122,686.884
690.118,686.878
690.115,686.873
690.112,686.868
690.109,686.864
690.114,686.873
690.119,686.880
690.124,686.887
690.128,686.894
690.124,686.887
690.128,686.894
690.131,686.899
690.127,686.892
690.123,686.885
690.127,686.892
690.131,686.898
690.129,686.896
690.128,686.894
690.127,686.892
690.123,686.885
690.127,686.892
690.131,686.898
690.134,686.903
690.129,686.896
690.133,686.901
690.128,686.894
690.132,686.900
690.127,686.892
690.131,686.898
690.108,686.862
690.105,686.859
690.111,686.868
690.108,686.863
690.106,686.859
690.104,686.856
690.102,686.853
690.100,686.850
690.098,686.847
690.097,686.845
690.087,686.830
690.087,686.830
690.081,686.821
690.077,686.814
690.085,686.827
690.085,686.827
690.085,686.826
690.088,686.831
690.087,686.830
690.087,686.829
690.086,686.829
690.086,686.828
690.085,686.827
690.085,686.827
690.085,686.827
690.050,686.772
690.053,686.777
690.056,686.781
690.058,686.785
690.060,686.788
690.063,686.792
690.060,686.787
690.062,686.790
690.064,686.793
690.065,686.796
690.067,686.799
690.068,686.801
690.070,686.803
690.071,686.805
690.072,686.807
690.073,686.808
690.074,686.809
690.067,686.798
690.060,686.788
690.062,686.791
690.059,686.786
690.061,686.790
690.055,686.780
690.058,686.784
690.060,686.788
690.062,686.791
690.064,686.794
690.066,686.797
690.067,686.799
690.069,686.801
690.070,686.804
690.071,686.805
690.067,686.799
690.069,686.801
690.070,686.804
690.066,686.798
690.060,686.787
690.062,686.791
690.056,686.781
690.058,686.785
690.053,686.776
690.055,686.780
690.058,686.784
690.052,686.775
690.055,686.780
690.053,686.776
690.056,686.781
690.050,686.772
690.053,686.777
690.056,686.781
690.058,686.785
690.056,686.781
690.058,686.785
690.052,686.776
690.058,686.785
690.053,686.776
690.047,686.768
690.051,686.773
690.046,686.765
690.049,686.771
690.052,686.776
690.047,686.767
690.042,686.760
690.038,686.753
690.042,686.760
690.046,686.766
690.049,686.771
690.053,686.776
690.047,686.768
690.051,686.773
690.054,686.778
690.048,686.769
690.052,686.775
690.046,686.766
690.042,686.759
690.038,686.753
690.034,686.747
690.030,686.741
690.035,686.749
690.032,686.743
690.036,686.751
690.028,686.738
690.025,686.733
690.022,686.729
690.028,686.738
690.025,686.733
690.023,686.729
690.020,686.725
690.021,686.727
690.027,686.736
690.024,686.732
690.022,686.728
690.027,686.737
690.033,686.745
690.037,686.752
690.034,686.746
690.033,686.746
690.038,686.753
690.034,686.747
690.031,686.742
690.036,686.749
690.035,686.749
690.031,686.743
690.028,686.738
690.025,686.734
690.023,686.729
690.028,686.738
690.025,686.734
690.031,686.742
690.036,686.750
690.040,686.757
690.036,686.750
690.036,686.750
690.032,686.744
690.029,686.739
690.026,686.734
690.031,686.742
690.028,686.738
690.025,686.733
690.030,686.742
690.027,686.737
690.028,686.737
690.033,686.745
690.038,686.753
690.034,686.747
690.030,686.741
690.035,686.749
690.032,686.743
690.036,686.751
690.041,686.758
690.037,686.751
690.033,686.746
690.030,686.740
690.027,686.736
690.027,686.736
690.024,686.732
690.022,686.728
690.023,686.729
690.020,686.725
690.018,686.722
690.024,686.732
690.022,686.728
690.019,686.724
690.025,686.734
690.023,686.729
690.023,686.731
690.021,686.727
690.019,686.723
690.017,686.720
690.023,686.730
690.029,686.739
690.037,686.752
690.041,686.758
690.037,686.752
690.033,686.746
690.030,686.741
690.027,686.736
690.032,686.744
690.029,686.739
690.029,686.739
690.034,686.747
690.039,686.754
690.043,686.761
690.047,686.767
690.042,686.759
690.046,686.765
690.041,686.758
690.040,686.757
690.036,686.750
690.028,686.737
690.025,686.732
690.030,686.741
690.027,686.736
690.024,686.732
690.017,686.720
690.015,686.717
690.013,686.715
690.020,686.725
690.018,686.722
690.016,686.719
690.022,686.729
690.028,686.738
690.028,686.738
690.028,686.738
690.025,686.734
690.023,686.730
690.020,686.726
690.026,686.735
690.024,686.731
690.024,686.732
690.022,686.728
690.027,686.737
690.025,686.732
690.022,686.728
690.020,686.725
690.018,686.721
690.016,686.718
690.014,686.716
690.012,686.713
690.011,686.711
690.010,686.709
690.017,686.720
690.015,686.717
690.013,686.714
690.012,686.712
690.010,686.710
690.009,686.708
690.008,686.706
690.007,686.705
690.014,686.716
690.016,686.719
690.014,686.716
690.012,686.713
690.011,686.711
690.018,686.722
690.016,686.719
690.014,686.716
690.013,686.713
690.011,686.711
690.010,686.709
690.009,686.707
690.008,686.706
690.007,686.704
690.006,686.703
690.005,686.702
690.004,686.701
690.004,686.700
690.003,686.699
689.995,686.685
689.995,686.686
689.995,686.686
689.995,686.687
689.996,686.687
689.996,686.687
689.996,686.688
689.996,686.688
689.996,686.688
689.996,686.688
689.996,686.688
689.997,686.689
689.997,686.689
689.997,686.689
689.997,686.689
689.997,686.689
689.997,686.689
689.997,686.689
689.997,686.689
689.997,686.689
689.997,686.690
689.997,686.690
689.989,686.677
689.985,686.671
689.986,686.672
689.990,686.679
689.991,686.680
689.992,686.681
690.000,686.694
690.000,686.694
690.000,686.694
690.000,686.693
689.999,686.693
689.999,686.693
689.999,686.692
689.999,686.692
689.991,686.680
689.991,686.681
689.992,686.682
689.993,686.682
689.993,686.683
689.994,686.684
689.994,686.684
689.994,686.685
689.995,686.685
689.995,686.686
689.995,686.686
690.003,686.699
690.003,686.698
689.994,686.685
689.995,686.686
689.987,686.673
689.980,686.662
689.982,686.665
689.983,686.668
689.984,686.670
689.986,686.672
689.987,686.673
689.983,686.667
689.984,686.669
689.986,686.671
689.987,686.673
689.996,686.687
689.996,686.688
689.996,686.688
689.996,686.688
689.996,686.688
689.997,686.688
689.997,686.689
689.997,686.689
689.997,686.689
689.989,686.676
689.990,686.678
689.990,686.679
689.991,686.680
689.992,686.681
689.992,686.682
689.993,686.682
690.001,686.696
690.001,686.695
689.992,686.682
689.985,686.670
689.981,686.665
689.975,686.654
689.977,686.658
689.971,686.648
689.973,686.652
689.976,686.656
689.978,686.659
689.972,686.650
689.974,686.653
689.968,686.644
689.971,686.649
689.966,686.640
689.969,686.645
689.971,686.649
689.966,686.640
689.969,686.645
689.972,686.649
689.974,686.653
689.971,686.649
689.966,686.641
689.969,686.645
689.972,686.649
689.974,686.653
689.976,686.657
689.978,686.660
689.972,686.650
689.975,686.654
689.977,686.658
689.971,686.648
689.973,686.652
689.976,686.656
689.978,686.659
689.971,686.649
689.974,686.653
689.976,686.657
689.978,686.660
689.972,686.650
689.974,686.654
689.977,686.657
689.982,686.665
689.983,686.668
689.985,686.670
689.986,686.672
689.979,686.661
689.981,686.664
689.982,686.666
689.984,686.668
689.985,686.671
689.981,686.665
689.975,686.655
689.977,686.658
689.979,686.661
689.973,686.651
689.978,686.660
689.980,686.663
689.974,686.653
689.968,686.644
689.971,686.648
689.973,686.652
689.975,686.656
689.978,686.659
689.975,686.654
689.969,686.645
689.971,686.649
689.969,686.645
689.964,686.637
689.967,686.642
689.970,686.647
689.972,686.651
689.970,686.647
689.973,686.651
689.975,686.655
689.972,686.651
689.975,686.654
689.977,686.658
689.971,686.648
689.973,686.652
689.968,686.643
689.970,686.648
689.968,686.644
689.971,686.648
689.973,686.652
689.968,686.643
689.971,686.648
689.965,686.639
689.960,686.632
689.956,686.625
689.960,686.631
689.963,686.636
689.966,686.642
689.961,686.634
689.965,686.639
689.968,686.644
689.963,686.636
689.958,686.628
689.954,686.621
689.950,686.615
689.946,686.610
689.943,686.605
689.940,686.601
689.938,686.596
689.938,686.598
689.936,686.594
689.934,686.590
689.932,686.587
689.938,686.597
689.944,686.606
689.941,686.601
689.938,686.597
689.936,686.594
689.942,686.603
689.939,686.598
689.936,686.595
689.934,686.591
689.940,686.600
689.938,686.596
689.943,686.605
689.948,686.613
689.945,686.608
689.942,686.603
689.939,686.599
689.945,686.608
689.950,686.616
689.950,686.615
689.946,686.610
689.943,686.605
689.948,686.613
689.945,686.608
689.942,686.603
689.939,686.598
689.940,686.600
689.937,686.596
689.935,686.592
689.941,686.601
689.938,686.597
689.936,686.593
689.934,686.590
689.932,686.587
689.930,686.584
689.928,686.582
689.942,686.603
689.939,686.599
689.936,686.595
689.934,686.591
689.940,686.601
689.938,686.596
689.935,686.593
689.933,686.589
689.926,686.579
689.925,686.577
689.924,686.575
689.931,686.586
689.937,686.596
689.935,686.592
689.933,686.589
689.939,686.598
689.944,686.607
689.941,686.602
689.939,686.598
689.936,686.594
689.934,686.591
689.932,686.588
689.938,686.598
689.936,686.594
689.942,686.603
689.913,686.558
689.913,686.558
689.908,686.550
689.908,686.551
689.909,686.551
689.909,686.552
689.909,686.552
689.910,686.553
689.910,686.553
689.910,686.554
689.911,686.554
689.903,686.542
689.904,686.543
689.896,686.532
689.890,686.522
689.892,686.525
689.894,686.528
689.896,686.531
689.898,686.534
689.899,686.536
689.900,686.538
689.893,686.527
689.895,686.530
689.889,686.520
689.891,686.524
689.893,686.527
689.898,686.535
689.900,686.537
689.901,686.539
689.902,686.541
689.903,686.542
689.904,686.544
689.908,686.550
689.908,686.551
689.909,686.552
689.909,686.552
689.910,686.553
689.910,686.553
689.910,686.554
689.910,686.554
689.911,686.554
689.911,686.555
689.903,686.542
689.896,686.531
689.898,686.534
689.899,686.536
689.892,686.526
689.894,686.529
689.888,686.519
689.882,686.510
689.885,686.514
689.888,686.519
689.890,686.522
689.884,686.513
689.879,686.505
689.877,686.502
689.884,686.512
689.886,686.517
689.889,686.520
689.891,686.524
689.893,686.527
689.895,686.530
689.897,686.533
689.890,686.523
689.893,686.526
689.894,686.529
689.896,686.532
689.898,686.534
689.899,686.536
689.892,686.526
689.894,686.529
689.896,686.532
689.898,686.534
689.899,686.536
689.901,686.538
689.902,686.540
689.895,686.529
689.896,686.532
689.898,686.534
689.899,686.537
689.901,686.539
689.902,686.540
689.895,686.530
689.896,686.532
689.890,686.522
689.892,686.525
689.894,686.528
689.896,686.531
689.889,686.521
689.892,686.525
689.886,686.515
689.888,686.519
689.891,686.523
689.893,686.526
689.895,686.529
689.896,686.532
689.890,686.522
689.892,686.525
689.886,686.516
689.880,686.507
689.875,686.499
689.879,686.505
689.882,686.510
689.877,686.502
689.881,686.507
689.884,686.512
689.886,686.516
689.889,686.520
689.883,686.511
689.878,686.503
689.873,686.496
689.877,686.502
689.880,686.507
689.883,686.512
689.886,686.516
689.889,686.520
689.891,686.524
689.885,686.514
689.888,686.519
689.890,686.522
689.892,686.526
689.894,686.529
689.896,686.531
689.890,686.521
689.884,686.512
689.886,686.517
689.889,686.520
689.891,686.524
689.893,686.527
689.887,686.517
689.881,686.509
689.876,686.501
689.880,686.506
689.883,686.511
689.886,686.516
689.888,686.520
689.891,686.523
689.885,686.514
689.887,686.518
689.882,686.509
689.877,686.501
689.872,686.494
689.876,686.500
689.879,686.506
689.875,686.498
689.870,686.491
689.866,686.485
689.874,686.497
689.872,686.495
689.876,686.501
689.875,686.498
689.870,686.491
689.878,686.503
689.873,686.495
689.872,686.494
689.876,686.500
689.871,686.493
689.867,686.486
689.871,686.493
689.867,686.487
689.864,686.481
689.860,686.475
689.865,686.483
689.862,686.478
689.867,686.485
689.863,686.480
689.868,686.487
689.864,686.481
689.860,686.476
689.857,686.471
689.855,686.467
689.852,686.463
689.850,686.459
689.856,686.469
689.856,686.469
689.854,686.465
689.854,686.466
689.852,686.462
689.849,686.459
689.856,686.468
689.861,686.477
689.858,686.472
689.855,686.467
689.852,686.463
689.850,686.460
689.856,686.469
689.862,686.478
689.858,686.473
689.855,686.468
689.853,686.464
689.850,686.460
689.856,686.470
689.862,686.478
689.859,686.473
689.856,686.468
689.853,686.464
689.851,686.461
689.857,686.470
689.854,686.466
689.851,686.462
689.849,686.458
689.855,686.468
689.853,686.464
689.850,686.460
689.856,686.469
689.854,686.465
689.859,686.474
689.859,686.474
689.856,686.470
689.854,686.465
689.851,686.462
689.857,686.471
689.854,686.466
689.852,686.462
689.850,686.459
689.848,686.456
689.854,686.465
689.851,686.462
689.849,686.458
689.847,686.455
689.845,686.452
689.844,686.450
689.850,686.460
689.848,686.457
689.854,686.466
689.852,686.462
689.858,686.471
689.855,686.467
689.852,686.463
689.850,686.459
689.848,686.456
689.854,686.466
689.852,686.462
689.857,686.471
689.863,686.479
689.859,686.474
689.856,686.470
689.854,686.465
689.851,686.462
689.857,686.471
689.862,686.479
689.867,686.487
689.864,686.481
689.860,686.475
689.857,686.471
689.854,686.466
689.852,686.462
689.850,686.459
689.848,686.456
689.846,686.453
689.844,686.450
689.843,686.448
689.844,686.451
689.843,686.448
689.841,686.446
689.840,686.444
689.839,686.442
689.838,686.441
689.845,686.452
689.843,686.449
689.842,686.447
689.841,686.445
689.839,686.443
689.838,686.441
689.837,686.440
689.836,686.438
689.836,686.437
689.835,686.436
689.834,686.435
689.834,686.434
689.833,686.433
689.836,686.437
689.843,686.449
689.842,686.447
689.840,686.445
689.839,686.443
689.830,686.429
689.830,686.428
689.838,686.441
689.837,686.439
689.836,686.438
689.835,686.437
689.843,686.448
689.841,686.446
689.840,686.444
689.839,686.442
689.838,686.441
689.837,686.439
689.836,686.438
689.835,686.437
689.835,686.436
689.826,686.422
689.818,686.410
689.819,686.411
689.820,686.413
689.821,686.414
689.813,686.402
689.818,686.409
689.819,686.411
689.820,686.412
689.812,686.401
689.814,686.403
689.815,686.405
689.816,686.407
689.818,686.409
689.810,686.398
689.812,686.400
689.806,686.390
689.808,686.394
689.810,686.397
689.811,686.399
689.813,686.402
689.814,686.404
689.816,686.406
689.817,686.408
689.818,686.409
689.819,686.411
689.820,686.412
689.821,686.414
689.821,686.415
689.822,686.416
689.823,686.417
689.823,686.418
689.816,686.406
689.817,686.408
689.818,686.409
689.819,686.411
689.812,686.400
689.816,686.407
689.817,686.409
689.810,686.398
689.812,686.400
689.814,686.403
689.815,686.405
689.816,686.407
689.817,686.408
689.818,686.410
689.819,686.412
689.820,686.413
689.813,686.401
689.814,686.404
689.808,686.393
689.810,686.396
689.811,686.399
689.813,686.402
689.814,686.404
689.808,686.393
689.810,686.396
689.811,686.399
689.813,686.402
689.814,686.404
689.816,686.406
689.817,686.408
689.818,686.409
689.811,686.398
689.812,686.401
689.814,686.403
689.807,686.393
689.809,686.396
689.803,686.386
689.805,686.390
689.807,686.393
689.809,686.396
689.811,686.399
689.813,686.401
689.806,686.391
689.800,686.382
689.803,686.386
689.797,686.377
689.800,686.382
689.803,686.386
689.797,686.377
689.792,686.369
689.795,686.374
689.799,686.379
689.801,686.384
689.796,686.375
689.799,686.380
689.794,686.371
689.789,686.364
689.785,686.357
689.776,686.343
689.773,686.339
689.778,686.347
689.775,686.342
689.780,686.350
689.776,686.344
689.773,686.339
689.770,686.335
689.768,686.331
689.765,686.327
689.763,686.324
689.769,686.334
689.767,686.330
689.765,686.326
689.763,686.323
689.761,686.320
689.759,686.318
689.766,686.328
689.764,686.325
689.762,686.322
689.768,686.331
689.766,686.328
689.764,686.324
689.762,686.322
689.760,686.319
689.766,686.329
689.764,686.326
689.762,686.322
689.760,686.320
689.759,686.317
689.765,686.327
689.763,686.324
689.761,686.321
689.763,686.323
689.761,686.321
689.759,686.318
689.766,686.328
689.764,686.325
689.762,686.322
689.768,686.332
689.774,686.340
689.771,686.336
689.768,686.332
689.766,686.328
689.764,686.325
689.762,686.322
689.768,686.332
689.774,686.340
689.771,686.336
689.776,686.344
689.773,686.340
689.770,686.335
689.768,686.331
689.766,686.328
689.763,686.324
689.770,686.334
689.767,686.330
689.773,686.339
689.770,686.335
689.768,686.331
689.765,686.327
689.763,686.324
689.761,686.321
689.760,686.318
689.766,686.328
689.764,686.325
689.762,686.322
689.760,686.319
689.759,686.317
689.768,686.331
689.766,686.328
689.771,686.337
689.769,686.333
689.766,686.329
689.764,686.325
689.762,686.322
689.760,686.320
689.759,686.317
689.757,686.315
689.764,686.325
689.770,686.335
689.768,686.331
689.765,686.327
689.763,686.324
689.761,686.321
689.760,686.318
689.758,686.316
689.765,686.326
689.771,686.336
689.768,686.332
689.761,686.320
689.759,686.318
689.758,686.315
689.756,686.313
689.744,686.293
689.744,686.293
689.744,686.293
689.744,686.293
689.744,686.293
689.744,686.293
689.744,686.293
689.744,686.293
689.744,686.293
689.736,686.281
689.736,686.282
689.737,686.283
689.738,686.284
689.738,686.285
689.739,686.285
689.731,686.274
689.732,686.275
689.733,686.277
689.734,686.279
689.735,686.280
689.728,686.269
689.729,686.271
689.731,686.273
689.724,686.262
689.726,686.265
689.727,686.268
689.729,686.270
689.730,686.272
689.732,686.274
689.733,686.276
689.734,686.278
689.727,686.267
689.728,686.269
689.730,686.271
689.731,686.273
689.732,686.275
689.733,686.277
689.734,686.279
689.735,686.280
689.728,686.269
689.729,686.271
689.731,686.273
689.724,686.262
689.726,686.265
689.727,686.268
689.729,686.270
689.730,686.272
689.732,686.274
689.733,686.276
689.734,686.278
689.735,686.279
689.735,686.281
689.736,686.282
689.737,686.283
689.737,686.284
689.735,686.280
689.736,686.281
689.737,686.282
689.737,686.283
689.738,686.284
689.730,686.272
689.723,686.262
689.725,686.265
689.727,686.267
689.729,686.270
689.730,686.272
689.731,686.274
689.732,686.276
689.733,686.277
689.734,686.279
689.727,686.268
689.729,686.270
689.730,686.272
689.723,686.262
689.717,686.252
689.712,686.243
689.715,686.248
689.717,686.252
689.720,686.256
689.722,686.260
689.716,686.250
689.711,686.242
689.714,686.247
689.717,686.251
689.711,686.242
689.714,686.247
689.717,686.252
689.711,686.243
689.706,686.235
689.710,686.241
689.705,686.233
689.709,686.239
689.704,686.231
689.700,686.225
689.704,686.231
689.699,686.224
689.704,686.231
689.699,686.224
689.704,686.231
689.707,686.237
689.711,686.242
689.706,686.234
689.709,686.240
689.705,686.232
689.700,686.225
689.704,686.232
689.705,686.233
689.709,686.239
689.704,686.231
689.700,686.224
689.696,686.218
689.692,686.213
689.697,686.220
689.701,686.227
689.697,686.221
689.694,686.215
689.698,686.223
689.695,686.217
689.699,686.224
689.703,686.231
689.699,686.224
689.695,686.218
689.692,686.212
689.697,686.220
689.701,686.227
689.705,686.233
689.701,686.226
689.705,686.233
689.700,686.226
689.704,686.232
689.708,686.238
689.703,686.231
689.699,686.224
689.695,686.218
689.700,686.225
689.704,686.232
689.700,686.225
689.696,686.219
689.692,686.213
689.697,686.221
689.702,686.228
689.698,686.221
689.702,686.228
689.706,686.234
689.709,686.240
689.705,686.232
689.700,686.226
689.704,686.232
689.708,686.238
689.703,686.230
689.704,686.232
689.700,686.225
689.696,686.219
689.700,686.226
689.704,686.232
689.700,686.225
689.696,686.219
689.693,686.214
689.697,686.221
689.702,686.228
689.698,686.222
689.694,686.216
689.699,686.223
689.703,686.230
689.707,686.236
689.710,686.241
689.705,686.234
689.709,686.239
689.712,686.244
689.707,686.236
689.711,686.242
689.706,686.234
689.709,686.240
689.704,686.232
689.700,686.225
689.696,686.219
689.701,686.226
689.705,686.233
689.700,686.226
689.696,686.220
689.693,686.214
689.690,686.209
689.687,686.204
689.692,686.213
689.689,686.208
689.686,686.203
689.691,686.212
689.696,686.220
689.693,686.214
689.690,686.209
689.695,686.217
689.691,686.212
689.688,686.207
689.693,686.215
689.690,686.210
689.695,686.218
689.692,686.212
689.689,686.207
689.686,686.203
689.691,686.211
689.696,686.219
689.693,686.214
689.689,686.209
689.686,686.204
689.684,686.200
689.681,686.196
689.679,686.193
689.677,686.190
689.676,686.187
689.674,686.184
689.681,686.195
689.678,686.192
689.677,686.189
689.683,686.198
689.689,686.207
689.694,686.216
689.699,686.223
689.695,686.217
689.699,686.224
689.704,686.231
689.699,686.224
689.695,686.218
689.692,686.213
689.689,686.208
689.694,686.216
689.691,686.211
689.688,686.206
689.685,686.202
689.690,686.210
689.687,686.205
689.685,686.201
689.682,686.197
689.680,686.194
689.678,686.191
689.676,686.188
689.674,686.185
689.673,686.183
689.672,686.181
689.670,686.179
689.669,686.177
689.668,686.176
689.675,686.187
689.674,686.184
689.672,686.182
689.671,686.180
689.670,686.178
689.669,686.176
689.668,686.175
689.664,686.169
689.663,686.168
689.663,686.167
689.662,686.167
689.662,686.166
689.662,686.165
689.661,686.165
689.661,686.165
689.661,686.164
689.661,686.164
689.661,686.164
689.660,686.163
689.660,686.163
689.660,686.163
689.660,686.163
689.660,686.162
689.660,686.162
689.660,686.162
689.668,686.175
689.667,686.173
689.666,686.172
689.665,686.171
689.665,686.170
689.664,686.169
689.664,686.168
689.660,686.163
689.660,686.163
689.660,686.162
689.660,686.162
689.656,686.157
689.665,686.170
689.664,686.169
689.664,686.168
689.663,686.167
689.663,686.167
689.662,686.166
689.662,686.166
689.662,686.165
689.661,686.165
689.661,686.164
689.661,686.164
689.669,686.176
689.673,686.183
689.671,686.180
689.670,686.179
689.669,686.177
689.668,686.175
689.667,686.174
689.674,686.185
689.673,686.183
689.672,686.181
689.670,686.179
689.669,686.177
689.668,686.176
689.667,686.174
689.666,686.173
689.666,686.172
689.665,686.171
689.664,686.170
689.664,686.169
689.660,686.163
689.660,686.163
689.660,686.163
689.660,686.162
689.660,686.162
689.668,686.175
689.667,686.173
689.666,686.172
689.665,686.171
689.665,686.170
689.664,686.169
689.664,686.168
689.663,686.167
689.663,686.167
689.662,686.166
689.662,686.166
689.662,686.165
689.661,686.165
689.661,686.164
689.661,686.164
689.661,686.164
689.652,686.151
689.653,686.152
689.654,686.153
689.654,686.153
689.654,686.154
689.655,686.155
689.655,686.155
689.656,686.156
689.656,686.156
689.656,686.157
689.656,686.157
689.657,686.157
689.657,686.158
689.657,686.158
689.657,686.158
689.657,686.158
689.657,686.159
689.657,686.159
689.658,686.159
689.658,686.159
689.650,686.147
689.643,686.135
689.644,686.138
689.645,686.140
689.647,686.142
689.648,686.144
689.649,686.145
689.650,686.147
689.651,686.148
689.651,686.149
689.644,686.138
689.637,686.127
689.639,686.130
689.641,686.133
689.643,686.136
689.644,686.138
689.643,686.136
689.644,686.138
689.638,686.128
689.640,686.131
689.641,686.134
689.643,686.136
689.645,686.139
689.646,686.141
689.644,686.138
689.645,686.140
689.647,686.142
689.648,686.144
689.649,686.145
689.642,686.134
689.643,686.137
689.645,686.139
689.638,686.128
689.632,686.119
689.635,686.123
689.629,686.114
689.632,686.118
689.626,686.110
689.629,686.115
689.632,686.119
689.635,686.123
689.637,686.126
689.631,686.117
689.633,686.121
689.633,686.120
689.627,686.111
689.630,686.116
689.633,686.120
689.635,686.124
689.629,686.115
689.624,686.107
689.587,686.049
689.586,686.047
689.585,686.045
689.584,686.043
689.583,686.042
689.582,686.041
689.581,686.040
689.581,686.038
689.580,686.038
689.579,686.037
689.579,686.036
689.578,686.035
689.578,686.034
689.578,686.034
689.577,686.033
689.577,686.033
689.577,686.032
689.576,686.032
689.576,686.032
689.576,686.031
689.576,686.031
689.576,686.031
689.575,686.031
689.575,686.030
689.567,686.018
689.557,686.002
689.559,686.005
689.560,686.007
689.562,686.009
689.563,686.011
689.564,686.012
689.565,686.014
689.574,686.028
689.571,686.023
689.563,686.011
689.564,686.013
689.589,686.052
691.372,688.837
693.241,691.759
694.440,693.631
695.000,694.506
697.590,698.553
699.534,701.590
700.319,702.817
701.318,704.378
701.495,704.655
701.468,704.612
701.543,704.730
701.468,704.612
700.593,703.246
700.718,703.441
700.673,703.370
700.583,703.231
700.529,703.146
700.492,703.088
700.452,703.025
700.421,702.977
700.397,702.939
699.816,702.032
699.813,702.027
699.842,702.071
699.878,702.128
699.853,702.089
699.783,701.980
699.704,701.857
699.650,701.772
699.128,700.957
699.126,700.953
699.038,700.815
698.914,700.622
698.392,699.806
698.346,699.735
698.360,699.756
698.411,699.836
698.507,699.986
699.032,700.806
698.924,700.637
698.817,700.470
698.728,700.331
698.674,700.247
698.591,700.117
697.927,699.080
697.771,698.837
697.690,698.709
697.192,697.931
697.104,697.794
697.045,697.702
696.971,697.587
696.881,697.445
696.797,697.314
696.736,697.218
696.677,697.126
696.630,697.053
696.581,696.977
696.035,696.124
696.012,696.087
695.960,696.007
695.890,695.897
695.829,695.802
695.757,695.689
695.691,695.586
695.629,695.489
695.573,695.402
695.523,695.324
695.471,695.243
695.417,695.159
695.372,695.087
695.332,695.025
695.293,694.964
695.263,694.918
695.237,694.876
695.196,694.813
695.160,694.757
695.145,694.733
695.123,694.698
695.091,694.648
695.082,694.635
695.075,694.623
695.068,694.613
695.046,694.578
695.009,694.520
694.968,694.456
694.930,694.398
694.885,694.326
694.847,694.268
694.822,694.228
694.798,694.191
694.786,694.171
694.790,694.179
694.794,694.185
694.818,694.223
694.836,694.251
694.852,694.276
694.867,694.298
694.880,694.319
694.884,694.325
694.863,694.292
694.844,694.262
694.819,694.223
694.792,694.181
694.771,694.149
694.761,694.133
694.752,694.119
694.752,694.118
694.759,694.131
694.775,694.154
694.789,694.176
694.809,694.208
694.828,694.237
694.845,694.264
694.860,694.287
694.874,694.309
694.886,694.329
694.897,694.346
694.908,694.362
694.909,694.364
694.902,694.353
694.895,694.343
694.881,694.321
694.861,694.289
694.842,694.260
694.825,694.233
694.802,694.196
694.780,694.163
694.761,694.133
694.744,694.106
694.728,694.081
694.714,694.059
694.693,694.026
694.682,694.009
694.672,693.994
694.655,693.967
694.648,693.956
694.637,693.940
694.623,693.918
694.611,693.899
694.600,693.881
694.590,693.865
694.581,693.851
694.564,693.825
694.549,693.802
694.544,693.794
694.535,693.780
694.523,693.761
694.512,693.744
694.494,693.716
694.478,693.690
694.471,693.680
694.457,693.658
694.452,693.651
694.444,693.638
694.441,693.632
694.437,693.627
694.435,693.623
694.428,693.613
694.418,693.597
694.417,693.596
694.408,693.582
694.400,693.569
694.397,693.564
694.386,693.547
694.376,693.531
694.359,693.504
694.339,693.474
694.321,693.446
694.297,693.408
694.271,693.368
694.252,693.337
694.222,693.291
694.199,693.255
694.175,693.217
694.152,693.182
694.120,693.131
694.090,693.085
694.056,693.031
694.024,692.982
693.988,692.925
693.955,692.873
693.925,692.826
693.898,692.784
693.869,692.740
693.844,692.700
693.816,692.657
693.791,692.618
693.765,692.577
693.745,692.546
693.727,692.517
693.715,692.498
693.692,692.462
693.675,692.436
693.663,692.418
693.653,692.402
693.640,692.381
693.632,692.369
693.613,692.339
693.603,692.324
693.591,692.304
693.583,692.293
693.581,692.289
693.574,692.279
693.569,692.270
693.567,692.268
693.562,692.260
693.562,692.259
693.561,692.258
693.557,692.251
693.556,692.251
693.556,692.251
693.560,692.257
693.564,692.263
693.563,692.262
693.559,692.255
693.555,692.248
693.555,692.248
693.563,692.261
693.566,692.266
693.570,692.271
693.572,692.276
693.571,692.273
693.577,692.284
693.580,692.287
693.582,692.290
693.583,692.293
693.589,692.301
693.594,692.309
693.598,692.316
693.610,692.335
693.621,692.352
693.631,692.367
693.640,692.381
693.648,692.394
693.655,692.406
693.662,692.416
693.668,692.425
693.674,692.434
693.679,692.442
693.683,692.449
693.687,692.455
693.699,692.473
693.701,692.477
693.712,692.494
693.717,692.502
693.722,692.510
693.727,692.517
693.731,692.524
693.735,692.530
693.738,692.535
693.745,692.546
693.743,692.543
693.742,692.540
693.740,692.538
693.735,692.530
693.730,692.522
693.726,692.516
693.722,692.510
693.719,692.504
693.707,692.487
693.701,692.477
693.687,692.455
693.679,692.442
693.663,692.418
693.645,692.389
693.624,692.357
693.602,692.321
693.585,692.296
693.562,692.260
693.537,692.221
693.507,692.173
693.483,692.136
693.462,692.103
693.426,692.048
693.398,692.004
693.364,691.951
693.338,691.910
693.307,691.860
693.270,691.803
693.236,691.751
693.206,691.704
693.179,691.661
693.146,691.610
693.117,691.563
693.090,691.522
693.061,691.477
693.031,691.430
693.005,691.389
692.972,691.338
692.943,691.292
692.908,691.238
692.885,691.202
692.856,691.157
692.838,691.128
692.813,691.090
692.791,691.055
692.771,691.024
692.753,690.995
692.736,690.969
692.721,690.946
692.703,690.918
692.683,690.887
692.665,690.859
692.649,690.833
692.630,690.803
692.617,690.783
692.605,690.765
692.595,690.748
692.577,690.721
692.569,690.709
692.562,690.697
692.548,690.675
692.534,690.654
692.523,690.635
692.512,690.619
692.502,690.603
692.485,690.577
692.470,690.553
692.464,690.544
692.459,690.536
692.446,690.516
692.434,690.498
692.432,690.494
692.422,690.478
692.413,690.464
692.404,690.450
692.397,690.439
692.390,690.428
692.375,690.406
692.371,690.398
692.366,690.391
692.362,690.385
692.359,690.379
692.355,690.374
692.344,690.357
692.342,690.354
692.333,690.339
692.332,690.337
692.234,690.184
692.226,690.173
692.219,690.162
692.213,690.152
692.208,690.143
692.211,690.148
692.205,690.140
692.200,690.132
692.196,690.125
692.192,690.119
692.188,690.113
692.185,690.108
692.182,690.104
692.180,690.099
692.177,690.096
692.175,690.092
692.173,690.089
692.171,690.086
692.161,690.071
692.161,690.070
692.160,690.069
692.160,690.068
692.159,690.068
692.159,690.067
692.158,690.066
692.158,690.066
692.162,690.072
692.161,690.071
692.161,690.070
692.160,690.069
692.159,690.068
692.159,690.067
692.150,690.054
692.147,690.049
692.140,690.037
692.141,690.040
692.142,690.041
692.143,690.043
692.141,690.039
692.134,690.029
692.128,690.019
692.130,690.023
692.125,690.014
692.119,690.006
692.123,690.011
692.118,690.003
692.113,689.996
692.109,689.989
692.105,689.983
692.102,689.978
691.843,689.573
691.832,689.557
691.830,689.554
691.829,689.552
691.827,689.549
691.818,689.535
691.814,689.529
691.814,689.529
691.806,689.516
691.799,689.505
691.792,689.494
691.794,689.498
691.785,689.483
691.784,689.482
691.779,689.473
691.774,689.466
691.770,689.459
691.766,689.453
691.771,689.461
691.767,689.454
691.768,689.456
691.764,689.450
691.761,689.445
691.758,689.441
691.755,689.436
691.659,689.286
691.658,689.284
691.656,689.282
691.655,689.280
691.654,689.279
691.653,689.277
691.652,689.276
691.652,689.275
691.651,689.274
691.655,689.280
691.659,689.285
691.654,689.278
691.657,689.284
691.656,689.282
691.647,689.267
691.647,689.267
691.646,689.267
691.646,689.266
691.646,689.266
691.646,689.266
691.646,689.265
691.638,689.253
691.638,689.254
691.639,689.255
691.639,689.255
691.608,689.207
691.604,689.200
691.599,689.193
691.592,689.182
691.589,689.177
691.586,689.173
691.584,689.169
691.581,689.165
691.584,689.169
691.586,689.173
691.584,689.169
691.573,689.152
691.569,689.145
691.564,689.138
691.564,689.137
691.563,689.137
691.563,689.136
691.567,689.143
691.563,689.136
691.563,689.136
691.554,689.123
691.551,689.118
691.552,689.119
691.545,689.108
691.546,689.110
691.544,689.106
691.537,689.096
691.531,689.087
691.526,689.078
691.526,689.078
691.529,689.083
691.532,689.087
691.531,689.086
691.526,689.078
691.521,689.070
691.516,689.063
691.520,689.070
691.516,689.063
691.509,689.051
691.510,689.053
691.507,689.048
691.500,689.038
691.498,689.034
691.495,689.031
691.498,689.035
691.496,689.031
691.494,689.028
691.497,689.032
691.503,689.042
691.500,689.038
691.502,689.041
691.491,689.024
691.490,689.022
691.488,689.019
691.487,689.017
691.490,689.023
691.489,689.020
691.487,689.018
691.478,689.004
691.470,688.990
691.467,688.986
691.467,688.987
691.465,688.983
691.466,688.984
691.458,688.973
691.456,688.970
691.458,688.972
691.456,688.969
691.458,688.972
691.456,688.969
691.450,688.959
691.449,688.958
691.443,688.949
691.438,688.941
691.441,688.946
691.436,688.938
691.432,688.931
691.428,688.925
691.424,688.919
691.426,688.922
691.430,688.929
691.423,688.917
691.420,688.912
691.422,688.915
691.419,688.910
691.408,688.893
691.403,688.885
691.401,688.883
691.397,688.876
691.388,688.863
691.380,688.850
691.378,688.846
691.371,688.835
691.364,688.826
691.355,688.811
691.350,688.804
691.346,688.797
691.347,688.798
691.343,688.792
691.339,688.786
691.340,688.788
691.337,688.783
691.334,688.778
691.328,688.769
691.326,688.765
691.332,688.775
691.334,688.778
691.331,688.773
691.328,688.770
691.331,688.773
691.325,688.764
691.323,688.761
691.321,688.758
691.316,688.751
691.315,688.749
691.314,688.747
691.313,688.746
691.309,688.739
691.309,688.739
691.308,688.738
691.312,688.745
691.308,688.738
691.308,688.738
691.308,688.737
691.304,688.731
691.301,688.726
691.293,688.714
691.286,688.703
691.280,688.693
691.279,688.692
691.278,688.690
691.272,688.682
691.275,688.686
691.275,688.685
691.274,688.685
691.277,688.689
691.271,688.681
691.275,688.685
691.282,688.697
691.276,688.688
691.279,688.692
691.278,688.691
691.277,688.689
691.280,688.693
691.282,688.697
