# Physical_Baseline=694.45pF, Trigger_Distance=12.6cm, Atten_Ratio=1.59
Raw_Capacitance(pF),Normalized_Capacitance(pF)
694.557,694.621
694.559,694.624
694.561,694.627
694.562,694.630
694.556,694.619
694.550,694.610
694.549,694.608
694.543,694.599
694.539,694.592
694.542,694.598
694.538,694.590
694.533,694.584
694.530,694.578
694.534,694.585
694.534,694.585
694.531,694.579
694.531,694.580
694.528,694.574
694.532,694.582
694.529,694.576
694.533,694.584
694.530,694.578
694.526,694.572
694.531,694.580
694.527,694.574
694.499,694.529
694.495,694.522
694.486,694.509
694.483,694.504
694.484,694.505
694.485,694.507
694.482,694.502
694.475,694.490
694.468,694.480
694.471,694.484
694.473,694.488
694.475,694.491
694.477,694.493
694.474,694.490
694.468,694.480
694.470,694.483
694.477,694.493
694.478,694.496
694.480,694.498
694.481,694.500
694.474,694.489
694.468,694.479
694.462,694.470
694.457,694.462
694.456,694.461
694.445,694.444
694.438,694.432
694.435,694.428
694.432,694.423
694.430,694.420
694.428,694.416
694.426,694.413
694.424,694.410
694.423,694.408
694.421,694.406
694.420,694.404
694.419,694.402
694.418,694.400
694.417,694.399
694.416,694.397
694.415,694.396
694.414,694.395
694.410,694.388
694.410,694.387
694.410,694.387
694.405,694.381
694.414,694.394
694.413,694.393
694.417,694.399
694.416,694.397
694.375,694.332
694.378,694.337
694.373,694.328
694.368,694.321
694.363,694.314
694.360,694.308
694.360,694.309
694.357,694.303
694.353,694.298
694.350,694.293
694.352,694.296
694.349,694.291
694.355,694.300
694.352,694.295
694.349,694.291
694.346,694.287
694.344,694.283
694.346,694.287
694.352,694.296
694.349,694.291
694.347,694.287
694.349,694.290
694.354,694.299
694.355,694.301
694.352,694.296
694.307,694.225
694.305,694.221
694.303,694.217
694.301,694.214
694.299,694.211
694.293,694.202
694.288,694.193
694.283,694.186
694.278,694.179
694.283,694.186
694.286,694.192
694.282,694.184
694.286,694.190
694.289,694.196
694.292,694.201
694.287,694.192
694.282,694.185
694.278,694.178
694.274,694.172
694.271,694.166
694.267,694.161
694.264,694.157
694.262,694.153
694.268,694.162
694.273,694.170
694.278,694.177
694.274,694.171
694.270,694.166
694.267,694.161
694.264,694.156
694.262,694.152
694.259,694.148
694.257,694.145
694.255,694.142
694.254,694.139
694.252,694.137
694.251,694.135
694.249,694.133
694.248,694.131
694.247,694.129
694.246,694.128
694.245,694.126
694.244,694.125
694.244,694.124
694.243,694.123
694.243,694.122
694.242,694.121
694.242,694.120
694.233,694.107
694.233,694.107
694.234,694.108
694.230,694.102
694.227,694.097
694.224,694.092
694.225,694.094
694.226,694.096
694.227,694.098
694.220,694.086
694.214,694.076
694.208,694.067
694.211,694.071
694.213,694.075
694.220,694.085
694.217,694.082
694.207,694.066
694.206,694.064
694.205,694.063
694.208,694.067
694.203,694.059
694.198,694.051
694.202,694.057
694.197,694.049
694.201,694.056
694.200,694.055
694.200,694.054
694.203,694.060
694.198,694.052
694.202,694.058
694.197,694.050
694.193,694.043
694.189,694.037
694.182,694.025
694.183,694.027
694.188,694.035
694.185,694.030
694.182,694.025
694.179,694.021
694.176,694.016
694.170,694.007
694.164,693.998
694.163,693.996
694.162,693.994
694.161,693.992
694.160,693.991
694.164,693.997
694.162,693.995
694.161,693.993
694.161,693.992
694.160,693.990
694.155,693.983
694.155,693.982
694.154,693.982
694.154,693.982
694.150,693.975
694.146,693.969
694.147,693.970
694.147,693.971
694.148,693.971
694.148,693.972
694.145,693.966
694.145,693.967
694.146,693.968
694.146,693.969
694.151,693.977
694.147,693.971
694.148,693.971
694.140,693.959
694.137,693.955
694.135,693.951
694.136,693.953
694.138,693.956
694.139,693.958
694.140,693.960
694.138,693.955
694.135,693.951
694.137,693.954
694.130,693.943
694.128,693.940
694.130,693.944
694.132,693.947
694.126,693.937
694.125,693.935
694.119,693.926
694.114,693.918
694.114,693.917
694.113,693.917
694.109,693.910
694.113,693.916
694.117,693.922
694.116,693.921
694.112,693.914
694.107,693.907
694.103,693.901
694.104,693.902
694.101,693.896
694.097,693.891
694.099,693.893
694.100,693.895
694.097,693.890
694.102,693.898
694.095,693.887
694.100,693.896
694.105,693.903
694.105,693.904
694.110,693.911
694.106,693.905
694.110,693.912
694.102,693.899
694.099,693.894
694.092,693.882
694.094,693.885
694.091,693.881
694.089,693.878
694.087,693.874
694.085,693.871
694.079,693.862
694.078,693.860
694.077,693.859
694.080,693.864
694.079,693.862
694.086,693.873
694.080,693.864
694.079,693.862
694.078,693.860
694.081,693.865
694.079,693.863
694.082,693.868
694.081,693.865
694.079,693.863
694.082,693.868
694.081,693.865
694.080,693.863
694.074,693.855
694.074,693.854
694.073,693.853
694.072,693.852
694.072,693.851
694.071,693.850
694.067,693.843
694.059,693.830
694.060,693.832
694.056,693.826
694.057,693.828
694.054,693.823
694.047,693.812
694.049,693.815
694.047,693.811
694.041,693.802
694.039,693.799
694.034,693.791
694.033,693.789
694.036,693.794
694.039,693.799
694.038,693.797
694.041,693.801
694.039,693.799
694.042,693.803
694.044,693.807
694.042,693.804
694.037,693.795
694.036,693.793
694.039,693.798
694.037,693.796
694.032,693.788
694.031,693.787
694.035,693.792
694.030,693.784
694.025,693.777
694.021,693.770
694.013,693.758
694.010,693.753
694.004,693.743
694.001,693.739
693.996,693.730
693.994,693.728
693.997,693.733
693.996,693.730
693.999,693.735
693.997,693.732
693.996,693.730
694.002,693.741
694.000,693.737
694.003,693.741
694.001,693.738
694.003,693.742
694.001,693.738
694.003,693.742
694.001,693.739
694.004,693.743
694.010,693.752
694.011,693.754
694.008,693.750
694.002,693.740
694.000,693.737
694.006,693.747
694.012,693.756
694.009,693.751
694.015,693.760
694.011,693.755
694.005,693.744
694.003,693.741
694.005,693.744
694.003,693.741
694.005,693.744
694.011,693.754
694.016,693.762
694.013,693.757
694.010,693.752
694.007,693.748
694.013,693.757
694.010,693.752
694.015,693.761
694.004,693.743
694.002,693.739
694.000,693.736
693.994,693.727
693.993,693.725
693.988,693.718
693.987,693.717
693.991,693.722
693.982,693.708
693.982,693.708
693.982,693.708
693.982,693.708
693.978,693.702
693.970,693.689
693.967,693.685
693.960,693.674
693.967,693.684
693.960,693.673
693.962,693.676
693.960,693.673
693.962,693.676
693.960,693.673
693.954,693.664
693.948,693.655
693.948,693.654
693.943,693.646
693.938,693.639
693.939,693.639
693.943,693.646
693.942,693.645
693.946,693.651
693.950,693.657
693.953,693.662
693.947,693.653
693.947,693.652
693.942,693.644
693.946,693.650
693.949,693.656
693.952,693.661
693.951,693.659
693.946,693.651
693.945,693.650
693.949,693.655
693.952,693.660
693.951,693.659
693.954,693.663
693.952,693.661
693.955,693.666
693.958,693.670
693.964,693.680
693.966,693.682
693.955,693.666
693.950,693.657
693.945,693.649
693.948,693.654
693.951,693.659
693.950,693.658
693.945,693.650
693.940,693.642
693.940,693.642
693.936,693.636
693.932,693.629
693.933,693.631
693.930,693.625
693.926,693.620
693.920,693.609
693.917,693.606
693.924,693.615
693.925,693.618
693.922,693.614
693.916,693.604
693.914,693.601
693.912,693.598
693.907,693.589
693.910,693.594
693.917,693.605
693.919,693.609
693.913,693.599
693.912,693.596
693.914,693.601
693.917,693.605
693.915,693.602
693.917,693.606
693.911,693.596
693.910,693.594
693.913,693.599
693.907,693.590
693.914,693.601
693.917,693.605
693.919,693.609
693.917,693.605
693.919,693.609
693.921,693.612
693.919,693.608
693.913,693.598
693.911,693.596
693.918,693.607
693.920,693.610
693.918,693.606
693.916,693.603
693.918,693.607
693.916,693.604
693.914,693.601
693.909,693.592
693.907,693.590
693.906,693.588
693.901,693.580
693.893,693.567
693.885,693.554
693.882,693.550
693.883,693.552
693.885,693.554
693.882,693.549
693.888,693.558
693.888,693.560
693.889,693.561
693.886,693.556
693.879,693.544
693.880,693.547
693.878,693.543
693.876,693.540
693.870,693.530
693.864,693.521
693.863,693.520
693.863,693.519
693.866,693.524
693.869,693.528
693.867,693.526
693.870,693.531
693.873,693.535
693.867,693.525
693.874,693.536
693.868,693.527
693.870,693.531
693.869,693.529
693.868,693.527
693.862,693.518
693.857,693.510
693.861,693.516
693.861,693.515
693.860,693.515
693.855,693.507
693.851,693.501
693.860,693.514
693.851,693.501
693.855,693.507
693.859,693.513
693.859,693.513
693.854,693.506
693.858,693.512
693.862,693.518
693.861,693.517
693.861,693.516
693.856,693.508
693.852,693.501
693.852,693.502
693.852,693.502
693.848,693.496
693.845,693.490
693.842,693.485
693.843,693.487
693.844,693.489
693.849,693.497
693.845,693.491
693.842,693.486
693.843,693.488
693.840,693.483
693.846,693.492
693.842,693.486
693.844,693.488
693.840,693.484
693.838,693.479
693.835,693.475
693.841,693.484
693.842,693.486
693.835,693.476
693.833,693.472
693.831,693.469
693.829,693.466
693.824,693.457
693.827,693.462
693.829,693.466
693.828,693.463
693.826,693.461
693.821,693.452
693.816,693.445
693.815,693.444
693.815,693.443
693.780,693.387
693.783,693.392
693.785,693.396
693.788,693.400
693.782,693.391
693.776,693.382
693.768,693.368
693.768,693.369
693.768,693.369
693.768,693.369
693.769,693.370
693.769,693.370
693.769,693.370
693.769,693.370
693.761,693.358
693.762,693.359
693.759,693.354
693.755,693.349
693.753,693.344
693.758,693.353
693.755,693.348
693.752,693.343
693.758,693.352
693.755,693.347
693.752,693.343
693.697,693.256
693.700,693.260
693.702,693.264
693.696,693.255
693.699,693.259
693.693,693.250
693.696,693.255
693.691,693.246
693.691,693.246
693.690,693.245
693.690,693.244
693.689,693.243
693.693,693.249
693.688,693.241
693.691,693.247
693.686,693.239
693.682,693.232
693.686,693.238
693.686,693.238
693.678,693.225
693.679,693.227
693.679,693.228
693.675,693.222
693.672,693.216
693.669,693.211
693.655,693.190
693.658,693.194
693.661,693.198
693.663,693.202
693.657,693.192
693.656,693.190
693.662,693.201
693.660,693.197
693.658,693.194
693.656,693.191
693.655,693.189
693.654,693.187
693.657,693.192
693.651,693.183
693.646,693.175
693.646,693.174
693.645,693.174
693.645,693.173
693.644,693.172
693.640,693.165
693.636,693.159
693.629,693.147
693.630,693.149
693.631,693.150
693.636,693.159
693.641,693.166
693.637,693.160
693.637,693.161
693.637,693.161
693.634,693.155
693.631,693.150
693.623,693.139
693.617,693.129
693.615,693.126
693.614,693.124
693.616,693.128
693.619,693.131
693.613,693.122
693.611,693.120
693.610,693.118
693.605,693.110
693.600,693.102
693.604,693.108
693.604,693.108
693.603,693.107
693.599,693.100
693.603,693.106
693.606,693.112
693.606,693.111
693.605,693.110
693.609,693.115
693.612,693.120
693.614,693.124
693.621,693.135
693.619,693.132
693.621,693.135
693.623,693.138
693.621,693.135
693.619,693.132
693.613,693.122
693.615,693.126
693.614,693.124
693.621,693.135
693.619,693.132
693.621,693.135
693.614,693.125
693.613,693.123
693.604,693.108
693.599,693.100
693.595,693.094
693.595,693.094
693.596,693.095
693.592,693.089
693.588,693.083
693.581,693.072
693.587,693.081
693.592,693.089
693.589,693.084
693.590,693.085
693.583,693.074
693.580,693.070
693.574,693.060
693.568,693.051
693.567,693.049
693.566,693.047
693.569,693.053
693.568,693.051
693.567,693.049
693.562,693.041
693.557,693.034
693.557,693.033
693.561,693.040
693.557,693.033
693.556,693.033
693.561,693.039
693.564,693.045
693.563,693.044
693.567,693.049
693.562,693.041
693.561,693.040
693.557,693.033
693.553,693.027
693.553,693.027
693.553,693.028
693.558,693.035
693.557,693.034
693.553,693.028
693.550,693.022
693.542,693.010
693.540,693.006
693.537,693.002
693.539,693.005
693.537,693.001
693.535,692.998
693.537,693.001
693.534,692.998
693.528,692.988
693.531,692.992
693.529,692.990
693.532,692.993
693.530,692.991
693.529,692.989
693.531,692.993
693.538,693.003
693.536,693.000
693.537,693.003
693.535,692.999
693.537,693.002
693.535,692.999
693.541,693.009
693.543,693.011
693.540,693.006
693.538,693.003
693.539,693.005
693.537,693.002
693.539,693.004
693.532,692.994
693.530,692.991
693.533,692.995
693.531,692.992
693.525,692.983
693.524,692.981
693.523,692.980
693.518,692.972
693.518,692.971
693.521,692.977
693.521,692.976
693.516,692.968
693.516,692.968
693.511,692.961
693.508,692.955
693.500,692.943
693.505,692.951
693.506,692.953
693.503,692.947
693.504,692.949
693.505,692.951
693.502,692.946
693.495,692.935
693.500,692.944
693.502,692.946
693.499,692.941
693.492,692.931
693.490,692.927
693.493,692.931
693.495,692.935
693.492,692.931
693.494,692.934
693.492,692.930
693.486,692.921
693.485,692.919
693.487,692.923
693.494,692.933
693.496,692.936
693.498,692.939
693.495,692.935
693.497,692.938
693.494,692.934
693.496,692.937
693.494,692.933
693.488,692.924
693.486,692.921
693.481,692.912
693.484,692.918
693.483,692.915
693.478,692.907
693.477,692.906
693.480,692.912
693.479,692.910
693.475,692.903
693.474,692.902
693.478,692.908
693.477,692.907
693.473,692.900
693.473,692.899
693.469,692.893
693.465,692.887
693.470,692.895
693.461,692.882
693.458,692.877
693.456,692.873
693.457,692.875
693.455,692.871
693.452,692.867
693.458,692.877
693.459,692.879
693.457,692.874
693.454,692.870
693.452,692.866
693.450,692.863
693.448,692.860
693.450,692.863
693.456,692.873
693.449,692.862
693.456,692.872
693.453,692.869
693.451,692.865
693.445,692.855
693.443,692.853
693.438,692.844
693.429,692.830
693.429,692.830
693.433,692.836
693.432,692.836
693.436,692.841
693.435,692.841
693.431,692.833
693.431,692.833
693.430,692.833
693.426,692.826
693.426,692.826
693.422,692.820
693.423,692.821
693.419,692.815
693.412,692.804
693.418,692.813
693.423,692.820
693.423,692.822
693.428,692.829
693.420,692.816
693.417,692.811
693.418,692.813
693.419,692.815
693.416,692.809
693.409,692.799
693.407,692.795
693.409,692.798
693.411,692.802
693.413,692.805
693.414,692.807
693.412,692.803
693.405,692.793
693.408,692.796
693.405,692.793
693.408,692.797
693.414,692.806
693.407,692.796
693.409,692.799
693.407,692.795
693.409,692.799
693.407,692.795
693.405,692.792
693.407,692.795
693.413,692.805
693.415,692.807
693.412,692.803
693.409,692.799
693.403,692.789
693.401,692.786
693.404,692.791
693.406,692.795
693.404,692.791
693.407,692.795
693.405,692.792
693.407,692.796
693.409,692.799
693.407,692.795
693.409,692.799
693.403,692.789
693.401,692.786
693.396,692.778
693.395,692.776
693.390,692.768
693.386,692.762
693.386,692.761
693.390,692.768
693.386,692.761
693.385,692.761
693.382,692.755
693.386,692.762
693.386,692.762
693.390,692.769
693.386,692.762
693.386,692.762
693.390,692.768
693.386,692.762
693.386,692.761
693.382,692.755
693.378,692.750
693.379,692.751
693.384,692.758
693.380,692.753
693.380,692.753
693.381,692.754
693.377,692.748
693.374,692.744
693.375,692.745
693.372,692.741
693.374,692.742
693.375,692.744
693.372,692.740
693.377,692.748
693.378,692.749
693.375,692.744
693.376,692.746
693.373,692.741
693.370,692.737
693.372,692.739
693.369,692.735
693.367,692.731
693.373,692.741
693.374,692.743
693.371,692.738
693.369,692.734
693.370,692.737
693.368,692.733
693.374,692.742
693.375,692.744
693.372,692.740
693.377,692.748
693.378,692.750
693.379,692.751
693.375,692.745
693.376,692.747
693.373,692.742
693.371,692.738
693.372,692.740
693.369,692.736
693.367,692.732
693.361,692.722
693.359,692.719
693.358,692.717
693.360,692.721
693.359,692.719
693.357,692.717
693.360,692.721
693.362,692.725
693.361,692.722
693.359,692.719
693.354,692.710
693.353,692.709
693.352,692.708
693.347,692.700
693.347,692.700
693.347,692.700
693.346,692.699
693.350,692.705
693.350,692.704
693.349,692.704
693.344,692.696
693.348,692.702
693.348,692.701
693.348,692.701
693.351,692.707
693.354,692.712
693.353,692.710
693.353,692.709
693.347,692.701
693.343,692.694
693.335,692.681
693.336,692.683
693.332,692.677
693.329,692.672
693.323,692.662
693.325,692.665
693.322,692.661
693.316,692.652
693.319,692.656
693.314,692.647
693.317,692.652
693.315,692.649
693.313,692.647
693.316,692.652
693.311,692.643
693.318,692.654
693.321,692.658
693.315,692.649
693.318,692.654
693.316,692.651
693.314,692.648
693.309,692.640
693.304,692.633
693.300,692.626
693.300,692.626
693.300,692.626
693.304,692.632
693.300,692.626
693.296,692.620
693.297,692.620
693.297,692.620
693.297,692.621
693.294,692.615
693.290,692.610
693.287,692.606
693.285,692.601
693.278,692.591
693.280,692.594
693.286,692.604
693.284,692.600
693.290,692.609
693.290,692.610
693.291,692.612
693.292,692.613
693.289,692.608
693.294,692.616
693.299,692.624
693.295,692.618
693.296,692.619
693.296,692.619
693.301,692.627
693.297,692.620
693.293,692.615
693.290,692.610
693.283,692.598
693.284,692.601
693.245,692.538
693.242,692.534
693.239,692.529
693.237,692.525
693.231,692.516
693.226,692.507
693.229,692.513
693.224,692.504
693.219,692.497
693.223,692.503
693.218,692.496
693.222,692.502
693.222,692.501
693.221,692.500
693.220,692.499
693.228,692.511
693.226,692.509
693.225,692.507
693.224,692.505
693.228,692.510
693.231,692.515
693.233,692.520
693.236,692.524
693.230,692.515
693.225,692.506
693.179,692.434
693.179,692.433
693.178,692.432
693.182,692.438
693.185,692.443
693.188,692.447
693.186,692.445
693.181,692.436
693.172,692.422
693.164,692.410
693.165,692.412
693.166,692.413
693.159,692.402
693.160,692.404
693.157,692.399
693.159,692.402
693.152,692.391
693.158,692.401
693.156,692.396
693.153,692.392
693.155,692.395
693.149,692.385
693.143,692.377
693.146,692.381
693.149,692.386
693.126,692.349
693.126,692.349
693.126,692.350
693.123,692.344
693.128,692.352
693.124,692.346
693.121,692.341
693.126,692.349
693.126,692.350
693.118,692.337
693.116,692.333
693.121,692.342
693.118,692.337
693.116,692.333
693.117,692.335
693.118,692.336
693.115,692.332
693.113,692.328
693.111,692.325
693.109,692.322
693.102,692.312
693.109,692.323
693.107,692.320
693.106,692.317
693.104,692.315
693.103,692.312
693.097,692.303
693.096,692.302
693.096,692.301
693.095,692.300
693.095,692.300
693.090,692.292
693.090,692.292
693.094,692.298
693.093,692.297
693.093,692.297
693.093,692.296
693.092,692.296
693.088,692.288
693.088,692.289
693.088,692.289
693.088,692.289
693.088,692.289
693.084,692.283
693.085,692.284
693.085,692.284
693.089,692.291
693.085,692.284
693.085,692.285
693.086,692.285
693.078,692.273
693.075,692.268
693.072,692.263
693.073,692.266
693.075,692.268
693.072,692.264
693.074,692.266
693.067,692.256
693.061,692.246
693.060,692.244
693.062,692.248
693.057,692.240
693.052,692.232
693.051,692.230
693.055,692.236
693.050,692.229
693.054,692.235
693.053,692.233
693.056,692.239
693.051,692.231
693.055,692.237
693.050,692.229
693.054,692.235
693.049,692.228
693.049,692.227
693.045,692.220
693.041,692.214
693.045,692.221
693.045,692.221
693.041,692.215
693.046,692.222
693.046,692.222
693.054,692.234
693.061,692.246
693.055,692.237
693.051,692.230
693.050,692.229
693.054,692.235
693.057,692.240
693.056,692.238
693.055,692.236
693.054,692.234
693.057,692.240
693.052,692.232
693.051,692.231
693.047,692.223
693.051,692.230
693.050,692.229
693.058,692.241
693.053,692.233
693.056,692.238
693.063,692.249
693.066,692.253
693.068,692.257
693.070,692.260
693.067,692.256
693.070,692.260
693.063,692.250
693.066,692.254
693.072,692.263
693.065,692.253
693.068,692.257
693.070,692.260
693.067,692.256
693.070,692.260
693.071,692.263
693.065,692.253
693.071,692.262
693.065,692.252
693.067,692.256
693.061,692.246
693.056,692.238
693.051,692.230
693.047,692.223
693.038,692.210
693.035,692.205
693.032,692.200
693.029,692.196
693.031,692.198
693.028,692.194
693.026,692.191
693.028,692.193
693.029,692.196
693.035,692.205
693.032,692.200
693.033,692.202
693.039,692.210
693.043,692.218
693.043,692.218
693.040,692.212
693.040,692.213
693.045,692.220
693.041,692.214
693.046,692.222
693.042,692.215
693.042,692.216
693.038,692.210
693.035,692.205
693.032,692.200
693.033,692.202
693.039,692.211
693.035,692.205
693.036,692.207
693.033,692.202
693.034,692.203
693.031,692.199
693.029,692.195
693.026,692.191
693.028,692.194
693.026,692.190
693.024,692.187
693.026,692.190
693.024,692.187
693.022,692.184
693.024,692.187
693.018,692.177
693.016,692.175
693.023,692.186
693.017,692.177
693.016,692.175
693.010,692.166
693.018,692.178
693.017,692.176
693.011,692.167
693.011,692.166
693.010,692.165
693.013,692.170
693.012,692.169
693.012,692.168
693.011,692.167
693.010,692.166
693.013,692.171
693.008,692.162
693.008,692.162
693.008,692.161
693.007,692.161
692.999,692.147
692.995,692.141
692.996,692.143
692.997,692.144
692.998,692.145
692.998,692.146
692.991,692.135
692.988,692.130
692.989,692.132
692.994,692.140
692.987,692.129
692.989,692.132
692.990,692.134
692.984,692.123
692.986,692.127
692.983,692.122
692.985,692.126
692.991,692.135
692.992,692.137
692.985,692.126
692.991,692.135
692.992,692.137
692.993,692.139
692.990,692.133
692.991,692.135
692.996,692.143
692.997,692.145
692.998,692.146
692.998,692.147
692.991,692.135
692.984,692.124
692.986,692.127
692.988,692.130
692.985,692.126
692.987,692.129
692.984,692.124
692.978,692.114
692.981,692.118
692.978,692.115
692.973,692.106
692.971,692.104
692.975,692.109
692.973,692.106
692.976,692.111
692.979,692.116
692.973,692.107
692.968,692.099
692.967,692.097
692.971,692.103
692.966,692.095
692.969,692.101
692.965,692.093
692.960,692.086
692.965,692.093
692.960,692.086
692.965,692.093
692.968,692.099
692.967,692.097
692.971,692.103
692.970,692.101
692.973,692.106
692.972,692.104
692.978,692.115
692.981,692.119
692.979,692.116
692.981,692.119
692.979,692.116
692.982,692.120
692.984,692.123
692.978,692.114
692.980,692.118
692.982,692.121
692.985,692.125
692.987,692.128
692.988,692.131
692.982,692.120
692.976,692.111
692.970,692.102
692.961,692.088
692.957,692.081
692.962,692.088
692.958,692.082
692.954,692.076
692.951,692.071
692.956,692.079
692.952,692.074
692.949,692.069
692.955,692.077
692.951,692.072
692.956,692.080
692.953,692.074
692.950,692.069
692.950,692.071
692.948,692.066
692.949,692.068
692.946,692.063
692.943,692.059
692.941,692.056
692.939,692.052
692.937,692.050
692.936,692.047
692.934,692.044
692.933,692.042
692.931,692.040
692.930,692.039
692.925,692.030
692.924,692.029
692.928,692.034
692.927,692.033
692.922,692.025
692.922,692.025
692.921,692.024
692.921,692.024
692.929,692.037
692.928,692.035
692.927,692.034
692.927,692.033
692.934,692.045
692.933,692.042
692.931,692.040
692.930,692.039
692.929,692.037
692.932,692.041
692.939,692.052
692.941,692.055
692.947,692.065
692.948,692.067
692.945,692.062
692.943,692.059
692.941,692.055
692.942,692.058
692.940,692.054
692.942,692.057
692.940,692.054
692.942,692.056
692.939,692.053
692.941,692.056
692.943,692.059
692.941,692.055
692.942,692.058
692.940,692.054
692.942,692.057
692.948,692.066
692.953,692.075
692.950,692.070
692.947,692.065
692.945,692.061
692.938,692.050
692.936,692.048
692.934,692.045
692.933,692.043
692.940,692.054
692.938,692.051
692.936,692.048
692.935,692.045
692.929,692.036
692.928,692.035
692.935,692.046
692.934,692.044
692.932,692.042
692.939,692.053
692.937,692.050
692.944,692.060
692.945,692.062
692.943,692.058
692.944,692.061
692.950,692.070
692.951,692.071
692.948,692.066
692.945,692.062
692.943,692.058
692.936,692.048
692.934,692.045
692.937,692.049
692.935,692.046
692.942,692.057
692.940,692.053
692.938,692.050
692.944,692.060
692.945,692.063
692.943,692.059
692.944,692.061
692.942,692.057
692.944,692.060
692.941,692.056
692.943,692.059
692.949,692.068
692.942,692.056
692.939,692.053
692.933,692.043
692.932,692.041
692.934,692.045
692.933,692.043
692.935,692.047
692.942,692.057
692.943,692.059
692.941,692.056
692.947,692.065
692.953,692.074
692.953,692.075
692.950,692.070
692.951,692.071
692.948,692.066
692.941,692.055
692.939,692.052
692.945,692.062
692.943,692.058
692.944,692.060
692.942,692.057
692.935,692.046
692.934,692.044
692.936,692.048
692.934,692.045
692.941,692.056
692.929,692.037
692.928,692.036
692.928,692.034
692.927,692.033
692.930,692.038
692.929,692.036
692.928,692.035
692.927,692.034
692.926,692.032
692.926,692.031
692.925,692.030
692.925,692.030
692.928,692.035
692.927,692.033
692.922,692.025
692.922,692.025
692.921,692.025
692.921,692.024
692.921,692.024
692.929,692.037
692.932,692.041
692.939,692.052
692.937,692.049
692.935,692.046
692.934,692.044
692.925,692.030
692.920,692.022
692.920,692.022
692.920,692.022
692.920,692.022
692.920,692.022
692.920,692.022
692.915,692.015
692.916,692.016
692.920,692.022
692.920,692.022
692.924,692.028
692.923,692.027
692.923,692.027
692.922,692.026
692.922,692.026
692.918,692.018
692.918,692.019
692.918,692.019
692.918,692.019
692.922,692.025
692.922,692.025
692.922,692.025
692.921,692.024
692.921,692.024
692.913,692.011
692.917,692.018
692.918,692.018
692.913,692.012
692.914,692.013
692.918,692.019
692.918,692.019
692.918,692.020
692.919,692.020
692.914,692.013
692.915,692.014
692.919,692.020
692.919,692.020
692.919,692.021
692.919,692.021
692.911,692.008
692.912,692.009
692.913,692.010
692.917,692.017
692.917,692.018
692.909,692.005
692.910,692.007
692.911,692.008
692.912,692.009
692.913,692.011
692.905,691.999
692.898,691.988
692.904,691.997
692.906,691.999
692.899,691.989
692.901,691.992
692.898,691.988
692.900,691.991
692.902,691.994
692.904,691.996
692.905,691.999
692.907,692.001
692.908,692.003
692.904,691.998
692.906,692.000
692.903,691.995
692.904,691.997
692.901,691.993
692.895,691.983
692.889,691.974
692.896,691.984
692.890,691.975
692.888,691.972
692.891,691.977
692.894,691.981
692.896,691.985
692.902,691.994
692.904,691.997
692.901,691.992
692.903,691.995
692.908,692.003
692.917,692.018
692.909,692.005
692.910,692.007
692.915,692.014
692.915,692.015
692.919,692.021
692.919,692.021
692.919,692.021
692.919,692.021
692.923,692.027
692.931,692.039
692.925,692.031
692.933,692.043
692.932,692.041
692.930,692.039
692.929,692.037
692.929,692.036
692.923,692.027
692.923,692.027
692.923,692.026
692.930,692.039
692.929,692.037
692.920,692.023
692.920,692.023
692.924,692.028
692.923,692.028
692.923,692.027
692.923,692.027
692.922,692.026
692.922,692.026
692.922,692.025
692.922,692.025
692.925,692.030
692.925,692.030
692.924,692.029
692.924,692.028
692.923,692.028
692.931,692.040
692.922,692.025
692.922,692.025
692.922,692.025
692.921,692.024
692.921,692.024
692.921,692.024
692.921,692.024
692.921,692.023
692.924,692.029
692.924,692.028
692.919,692.021
692.919,692.021
692.919,692.021
692.919,692.021
692.923,692.027
692.923,692.026
692.918,692.019
692.918,692.019
692.918,692.019
692.918,692.020
692.919,692.020
692.919,692.020
692.922,692.026
692.922,692.026
692.917,692.018
692.918,692.019
692.913,692.012
692.914,692.013
692.923,692.026
692.922,692.026
692.926,692.031
692.925,692.030
692.917,692.017
692.909,692.004
692.910,692.006
692.911,692.007
692.911,692.009
692.912,692.010
692.913,692.011
692.914,692.012
692.914,692.013
692.918,692.020
692.918,692.020
692.914,692.013
692.915,692.014
692.919,692.020
692.919,692.020
692.914,692.013
692.915,692.014
692.915,692.015
692.916,692.016
692.916,692.016
692.917,692.017
692.925,692.030
692.924,692.029
692.924,692.029
692.924,692.028
692.923,692.027
692.918,692.020
692.919,692.020
692.919,692.020
692.919,692.020
692.923,692.026
692.922,692.026
692.926,692.031
692.925,692.030
692.925,692.029
692.924,692.029
692.924,692.028
692.919,692.020
692.919,692.020
692.919,692.021
692.919,692.021
692.919,692.021
692.927,692.034
692.926,692.032
692.926,692.031
692.929,692.036
692.928,692.035
692.931,692.040
692.930,692.038
692.932,692.042
692.931,692.040
692.930,692.038
692.929,692.037
692.928,692.035
692.927,692.034
692.930,692.039
692.929,692.037
692.928,692.036
692.928,692.034
692.927,692.033
692.926,692.032
692.926,692.031
692.925,692.030
692.924,692.029
692.924,692.029
692.924,692.028
692.923,692.027
692.923,692.027
692.923,692.026
692.922,692.026
692.926,692.031
692.925,692.030
692.925,692.029
692.924,692.029
692.919,692.021
692.919,692.021
692.923,692.027
692.923,692.026
692.922,692.026
692.922,692.026
692.917,692.018
692.910,692.006
692.906,692.000
692.907,692.002
692.904,691.997
692.897,691.986
692.895,691.983
692.897,691.986
692.900,691.990
692.901,691.993
692.899,691.989
692.901,691.992
692.898,691.988
692.900,691.991
692.902,691.994
692.899,691.989
692.901,691.992
692.903,691.995
692.896,691.985
692.894,691.981
692.897,691.985
692.894,691.982
692.897,691.985
692.899,691.989
692.896,691.985
692.899,691.988
692.901,691.992
692.902,691.994
692.904,691.997
692.906,691.999
692.899,691.989
692.901,691.992
692.906,692.000
692.908,692.002
692.909,692.004
692.910,692.006
692.906,692.000
692.908,692.002
692.912,692.010
692.913,692.011
692.909,692.005
692.910,692.007
692.915,692.014
692.915,692.015
692.919,692.021
692.919,692.021
692.919,692.021
692.915,692.014
692.915,692.015
692.908,692.003
692.909,692.005
692.914,692.012
692.914,692.013
692.918,692.020
692.918,692.020
692.919,692.020
692.919,692.020
692.919,692.020
692.919,692.020
692.914,692.013
692.915,692.014
692.915,692.015
692.916,692.016
692.916,692.016
692.912,692.010
692.913,692.011
692.914,692.012
692.914,692.013
692.910,692.007
692.911,692.008
692.912,692.009
692.913,692.011
692.913,692.012
692.906,692.000
692.907,692.002
692.908,692.004
692.909,692.005
692.902,691.994
692.904,691.997
692.901,691.992
692.903,691.995
692.896,691.985
692.890,691.975
692.893,691.980
692.888,691.971
692.891,691.976
692.889,691.973
692.892,691.978
692.895,691.982
692.892,691.979
692.895,691.983
692.897,691.986
692.899,691.990
692.897,691.986
692.891,691.976
692.894,691.981
692.888,691.972
692.891,691.976
692.894,691.981
692.896,691.985
692.890,691.975
692.893,691.980
692.896,691.984
692.890,691.974
692.888,691.972
692.891,691.977
692.894,691.981
692.896,691.985
692.899,691.988
692.901,691.991
692.902,691.994
692.908,692.003
692.909,692.005
692.905,691.999
692.899,691.988
692.901,691.992
692.906,692.000
692.911,692.008
692.912,692.009
692.913,692.011
692.913,692.012
692.914,692.013
692.914,692.013
692.915,692.014
692.911,692.008
692.912,692.009
692.908,692.003
692.909,692.005
692.902,691.994
692.904,691.997
692.905,691.999
692.910,692.007
692.911,692.008
692.916,692.015
692.908,692.003
692.905,691.998
692.898,691.987
692.892,691.978
692.895,691.982
692.897,691.986
692.895,691.982
692.889,691.973
692.884,691.965
692.887,691.970
692.886,691.968
692.889,691.973
692.892,691.978
692.895,691.982
692.889,691.973
692.892,691.977
692.894,691.982
692.897,691.985
692.899,691.989
692.896,691.985
692.899,691.988
692.893,691.979
692.891,691.976
692.893,691.980
692.888,691.971
692.891,691.976
692.885,691.967
692.881,691.960
692.884,691.966
692.883,691.964
692.887,691.969
692.882,691.962
692.877,691.954
692.873,691.948
692.870,691.942
692.866,691.937
692.867,691.938
692.872,691.946
692.876,691.953
692.880,691.960
692.876,691.953
692.880,691.959
692.892,691.978
692.890,691.975
692.893,691.979
692.888,691.971
692.882,691.963
692.886,691.968
692.885,691.966
692.888,691.972
692.887,691.969
692.890,691.974
692.893,691.979
692.891,691.976
692.885,691.967
692.889,691.972
692.892,691.977
692.886,691.968
692.881,691.961
692.885,691.966
692.873,691.948
692.869,691.942
692.866,691.937
692.863,691.932
692.860,691.928
692.854,691.917
692.852,691.914
692.850,691.911
692.852,691.915
692.851,691.912
692.849,691.910
692.848,691.907
692.850,691.911
692.849,691.909
692.851,691.913
692.849,691.910
692.848,691.908
692.855,691.919
692.848,691.909
692.847,691.907
692.846,691.905
692.845,691.903
692.844,691.901
692.851,691.913
692.853,691.916
692.811,691.849
692.805,691.840
692.808,691.845
692.811,691.849
692.808,691.845
692.803,691.836
692.798,691.828
692.801,691.834
692.804,691.839
692.803,691.836
692.806,691.841
692.800,691.832
692.804,691.838
692.799,691.829
692.802,691.835
692.805,691.840
692.803,691.837
692.806,691.842
692.805,691.839
692.807,691.844
692.810,691.848
692.812,691.851
692.810,691.848
692.804,691.839
692.799,691.830
692.794,691.823
692.798,691.829
692.794,691.822
692.797,691.828
692.793,691.820
692.789,691.814
692.789,691.814
692.785,691.808
692.782,691.803
692.787,691.810
692.791,691.818
692.787,691.811
692.784,691.806
692.780,691.801
692.786,691.809
692.786,691.809
692.790,691.816
692.786,691.810
692.783,691.805
692.788,691.812
692.792,691.819
692.788,691.813
692.785,691.807
692.781,691.802
692.778,691.797
692.775,691.793
692.773,691.789
692.771,691.785
692.769,691.782
692.767,691.779
692.761,691.769
692.768,691.781
692.766,691.778
692.764,691.775
692.763,691.773
692.762,691.771
692.761,691.769
692.751,691.755
692.751,691.754
692.751,691.754
692.751,691.754
692.751,691.754
692.754,691.759
692.754,691.759
692.753,691.758
692.753,691.757
692.753,691.757
692.752,691.756
692.744,691.743
692.745,691.744
692.745,691.744
692.745,691.745
692.746,691.746
692.746,691.746
692.747,691.747
692.739,691.734
692.732,691.723
692.733,691.726
692.735,691.728
692.736,691.731
692.738,691.733
692.739,691.734
692.740,691.736
692.733,691.725
692.726,691.714
692.728,691.718
692.730,691.721
692.732,691.724
692.729,691.720
692.727,691.716
692.724,691.712
692.722,691.709
692.721,691.706
692.719,691.703
692.717,691.700
692.716,691.698
692.711,691.690
692.707,691.683
692.703,691.677
692.707,691.684
692.703,691.678
692.699,691.672
692.696,691.667
692.693,691.662
692.690,691.658
692.688,691.654
692.678,691.637
692.676,691.635
692.675,691.634
692.674,691.632
692.673,691.631
692.681,691.642
692.679,691.640
692.673,691.630
692.676,691.635
692.683,691.646
692.681,691.643
692.688,691.653
692.694,691.663
692.691,691.658
692.688,691.654
692.686,691.651
692.684,691.647
692.690,691.657
692.688,691.654
692.686,691.650
692.684,691.647
692.682,691.644
692.680,691.641
692.682,691.645
692.680,691.642
692.679,691.640
692.678,691.637
692.676,691.635
692.683,691.646
692.682,691.644
692.680,691.641
692.678,691.639
692.677,691.637
692.676,691.635
692.675,691.633
692.674,691.631
692.665,691.617
692.665,691.617
692.665,691.617
692.668,691.623
692.668,691.622
692.668,691.622
692.667,691.621
692.667,691.621
692.670,691.626
692.670,691.625
692.669,691.624
692.669,691.624
692.660,691.610
692.661,691.611
692.661,691.611
692.661,691.612
692.662,691.612
692.654,691.600
692.647,691.589
692.644,691.584
692.638,691.574
692.640,691.578
692.638,691.575
692.633,691.566
692.636,691.571
692.630,691.562
692.634,691.567
692.628,691.559
692.627,691.558
692.623,691.550
692.622,691.550
692.618,691.543
692.615,691.537
692.611,691.532
692.608,691.527
692.601,691.516
692.599,691.513
692.597,691.510
692.591,691.500
692.598,691.511
692.604,691.521
692.602,691.517
692.600,691.514
692.593,691.504
692.592,691.502
692.591,691.500
692.590,691.498
692.597,691.509
692.595,691.507
692.594,691.504
692.596,691.508
692.586,691.492
692.594,691.504
692.592,691.502
692.591,691.500
692.590,691.498
692.585,691.490
692.584,691.489
692.576,691.475
692.576,691.476
692.576,691.477
692.577,691.477
692.569,691.465
692.570,691.466
692.571,691.468
692.575,691.475
692.576,691.475
692.576,691.476
692.568,691.464
692.565,691.458
692.566,691.461
692.568,691.463
692.569,691.464
692.570,691.466
692.563,691.455
692.556,691.444
692.558,691.448
692.560,691.451
692.558,691.447
692.560,691.450
692.553,691.440
692.556,691.444
692.558,691.448
692.556,691.444
692.550,691.435
692.545,691.426
692.543,691.424
692.547,691.430
692.550,691.435
692.553,691.439
692.547,691.430
692.542,691.422
692.546,691.428
692.549,691.433
692.547,691.431
692.542,691.423
692.538,691.415
692.534,691.409
692.530,691.403
692.527,691.398
692.523,691.393
692.529,691.401
692.534,691.409
692.538,691.416
692.534,691.409
692.538,691.416
692.542,691.422
692.538,691.415
692.533,691.409
692.533,691.408
692.538,691.415
692.534,691.409
692.530,691.403
692.530,691.403
692.535,691.411
692.531,691.405
692.531,691.405
692.528,691.399
692.533,691.407
692.529,691.401
692.534,691.409
692.530,691.403
692.527,691.398
692.523,691.393
692.521,691.388
692.518,691.384
692.516,691.381
692.514,691.378
692.512,691.375
692.510,691.372
692.509,691.369
692.511,691.373
692.509,691.370
692.508,691.368
692.507,691.366
692.506,691.364
692.504,691.363
692.503,691.361
692.503,691.360
692.494,691.346
692.494,691.346
692.494,691.346
692.494,691.346
692.494,691.346
692.494,691.346
692.494,691.346
692.494,691.346
692.494,691.346
692.486,691.333
692.479,691.322
692.480,691.324
692.473,691.313
692.467,691.304
692.465,691.300
692.468,691.305
692.471,691.309
692.473,691.312
692.475,691.316
692.477,691.319
692.478,691.321
692.480,691.324
692.477,691.319
692.470,691.308
692.473,691.312
692.470,691.308
692.473,691.312
692.475,691.315
692.468,691.305
692.463,691.296
692.458,691.288
692.453,691.281
692.449,691.274
692.453,691.281
692.449,691.275
692.445,691.269
692.442,691.263
692.439,691.258
692.436,691.254
692.442,691.263
692.447,691.271
692.443,691.265
692.440,691.260
692.437,691.255
692.442,691.264
692.439,691.259
692.436,691.254
692.434,691.250
692.431,691.247
692.429,691.243
692.435,691.253
692.433,691.249
692.431,691.245
692.437,691.255
692.434,691.251
692.440,691.260
692.437,691.255
692.434,691.251
692.432,691.247
692.430,691.244
692.428,691.241
692.426,691.238
692.424,691.236
692.427,691.239
692.425,691.236
692.424,691.234
692.422,691.232
692.421,691.230
692.420,691.228
692.419,691.227
692.418,691.225
692.417,691.224
692.416,691.223
692.416,691.222
692.415,691.221
692.415,691.220
692.414,691.219
692.414,691.218
692.413,691.218
692.413,691.217
692.412,691.216
692.412,691.216
692.412,691.216
692.412,691.215
692.411,691.215
692.411,691.215
692.407,691.207
692.407,691.207
692.407,691.208
692.407,691.208
692.407,691.209
692.408,691.209
692.408,691.209
692.408,691.209
692.408,691.210
692.400,691.197
692.401,691.198
692.394,691.187
692.395,691.189
692.396,691.191
692.390,691.180
692.392,691.183
692.385,691.173
692.379,691.164
692.382,691.168
692.385,691.172
692.379,691.163
692.382,691.168
692.376,691.159
692.380,691.164
692.374,691.156
692.378,691.161
692.381,691.166
692.383,691.170
692.341,691.103
692.339,691.100
692.338,691.098
692.337,691.096
692.336,691.094
692.334,691.093
692.333,691.091
692.333,691.090
692.332,691.088
692.331,691.087
692.330,691.086
692.330,691.085
692.329,691.084
692.329,691.084
692.328,691.083
692.328,691.082
692.328,691.082
692.319,691.068
692.320,691.069
692.320,691.070
692.312,691.058
692.305,691.047
692.307,691.049
692.309,691.052
692.310,691.054
692.254,690.964
692.252,690.962
692.251,690.960
692.250,690.959
692.249,690.957
692.248,690.955
692.247,690.954
692.255,690.966
692.253,690.963
692.260,690.974
692.266,690.984
692.263,690.980
692.261,690.976
692.259,690.973
692.265,690.983
692.263,690.979
692.260,690.975
692.267,690.985
692.272,690.994
692.269,690.989
692.266,690.984
692.264,690.980
692.269,690.989
692.267,690.985
692.264,690.981
692.262,690.977
692.259,690.974
692.258,690.971
692.248,690.955
692.247,690.954
692.246,690.953
692.246,690.951
692.245,690.950
692.244,690.950
692.244,690.949
692.235,690.935
692.228,690.923
692.229,690.925
692.230,690.926
692.227,690.922
692.228,690.924
692.229,690.926
692.230,690.927
692.223,690.916
692.224,690.918
692.218,690.907
692.220,690.911
692.214,690.901
692.216,690.905
692.218,690.908
692.220,690.911
692.214,690.901
692.216,690.905
692.210,690.896
692.213,690.900
692.216,690.904
692.218,690.908
692.220,690.911
692.222,690.914
692.223,690.916
692.225,690.919
692.226,690.921
692.227,690.923
692.229,690.925
692.226,690.921
692.227,690.923
692.220,690.912
692.222,690.914
692.224,690.917
692.225,690.919
692.227,690.921
692.228,690.923
692.221,690.912
692.223,690.915
692.224,690.918
692.218,690.907
692.220,690.910
692.221,690.913
692.223,690.916
692.225,690.918
692.226,690.921
692.224,690.917
692.222,690.914
692.215,690.904
692.218,690.907
692.220,690.910
692.222,690.913
692.220,690.910
692.218,690.908
692.217,690.905
692.211,690.896
692.202,690.882
692.205,690.888
692.209,690.893
692.208,690.892
692.203,690.884
692.198,690.876
692.202,690.882
692.198,690.875
692.193,690.869
692.198,690.876
692.194,690.869
692.190,690.863
692.186,690.858
692.183,690.853
692.181,690.848
692.186,690.857
692.183,690.852
692.180,690.848
692.186,690.857
692.183,690.852
692.177,690.842
692.183,690.852
692.180,690.847
692.177,690.843
692.175,690.840
692.173,690.837
692.180,690.847
692.177,690.843
692.175,690.839
692.181,690.849
692.178,690.845
692.176,690.841
692.174,690.838
692.172,690.835
692.170,690.832
692.169,690.830
692.168,690.828
692.166,690.826
692.165,690.824
692.164,690.822
692.163,690.821
692.162,690.819
692.161,690.818
692.161,690.817
692.160,690.816
692.160,690.815
692.159,690.814
692.159,690.813
692.158,690.813
692.158,690.812
692.157,690.812
692.165,690.824
692.164,690.822
692.163,690.821
692.162,690.819
692.162,690.818
692.161,690.817
692.160,690.816
692.160,690.815
692.159,690.814
692.167,690.826
692.166,690.824
692.164,690.823
692.160,690.816
692.164,690.822
692.163,690.820
692.162,690.819
692.161,690.818
692.161,690.817
692.160,690.816
692.160,690.815
692.159,690.814
692.159,690.813
692.150,690.800
692.147,690.795
692.148,690.796
692.140,690.784
692.133,690.774
692.127,690.764
692.130,690.768
692.132,690.772
692.134,690.775
692.136,690.778
692.138,690.781
692.139,690.783
692.141,690.785
692.142,690.787
692.143,690.789
692.141,690.785
692.142,690.787
692.135,690.776
692.137,690.779
692.139,690.782
692.140,690.784
692.146,690.794
692.147,690.795
692.148,690.796
692.148,690.797
692.149,690.798
692.149,690.799
692.150,690.799
692.142,690.787
692.135,690.776
692.137,690.779
692.139,690.782
692.132,690.771
692.126,690.762
692.125,690.760
692.128,690.765
692.130,690.769
692.133,690.772
692.135,690.776
692.133,690.773
692.135,690.776
692.133,690.773
692.135,690.777
692.129,690.767
692.131,690.770
692.134,690.774
692.132,690.771
692.134,690.775
692.136,690.778
692.138,690.780
692.139,690.783
692.133,690.772
692.127,690.763
692.121,690.754
692.124,690.759
692.127,690.764
692.122,690.755
692.117,690.747
692.112,690.740
692.108,690.733
692.112,690.740
692.116,690.747
692.117,690.747
692.112,690.739
692.108,690.733
692.112,690.740
692.108,690.733
692.104,690.728
692.101,690.722
692.098,690.717
692.103,690.726
692.100,690.721
692.097,690.716
692.095,690.712
692.100,690.721
692.105,690.729
692.102,690.723
692.099,690.719
692.104,690.727
692.101,690.722
692.106,690.730
692.102,690.724
692.099,690.719
692.096,690.715
692.102,690.723
692.107,690.731
692.111,690.738
692.104,690.726
692.109,690.734
692.105,690.728
692.110,690.736
692.106,690.729
692.102,690.724
692.099,690.719
692.096,690.714
692.102,690.723
692.107,690.731
692.103,690.725
692.100,690.720
692.097,690.716
692.094,690.712
692.092,690.708
692.094,690.712
692.092,690.708
692.090,690.704
692.088,690.701
692.086,690.698
692.085,690.696
692.083,690.694
692.090,690.704
692.088,690.701
692.086,690.698
692.085,690.696
692.083,690.694
692.082,690.691
692.081,690.690
692.079,690.688
692.078,690.686
692.078,690.685
692.077,690.684
692.076,690.682
692.075,690.681
692.075,690.680
692.074,690.680
692.074,690.679
692.073,690.678
692.073,690.678
692.069,690.671
692.069,690.671
692.069,690.671
692.069,690.671
692.069,690.671
692.069,690.671
692.069,690.671
692.066,690.666
692.066,690.666
692.058,690.654
692.059,690.656
692.060,690.657
692.061,690.659
692.054,690.647
692.052,690.644
692.053,690.646
692.047,690.636
692.049,690.639
692.051,690.642
692.053,690.645
692.051,690.642
692.044,690.632
692.047,690.636
692.041,690.626
692.044,690.631
692.038,690.622
692.041,690.627
692.048,690.638
692.050,690.641
692.044,690.631
692.046,690.635
692.049,690.639
692.042,690.629
692.037,690.620
692.040,690.625
692.035,690.617
692.038,690.622
692.037,690.621
692.040,690.626
692.035,690.617
692.030,690.610
692.034,690.616
692.037,690.621
692.037,690.620
692.032,690.612
692.035,690.618
692.039,690.623
692.038,690.622
692.033,690.614
692.036,690.619
692.039,690.624
692.042,690.629
692.037,690.620
692.040,690.625
692.035,690.617
692.030,690.609
692.034,690.615
692.029,690.607
692.033,690.614
692.036,690.619
692.031,690.611
692.035,690.617
692.030,690.609
692.030,690.610
692.026,690.603
692.022,690.596
692.018,690.591
692.015,690.585
692.020,690.594
692.025,690.601
692.021,690.595
692.018,690.589
692.019,690.592
692.024,690.599
692.028,690.606
692.028,690.607
692.024,690.600
692.025,690.601
692.021,690.595
692.026,690.602
692.030,690.609
692.026,690.602
692.022,690.596
692.026,690.603
692.027,690.604
692.023,690.598
692.024,690.599
692.020,690.593
692.016,690.588
692.013,690.583
692.011,690.579
692.016,690.587
692.018,690.590
692.023,690.598
692.024,690.599
692.020,690.593
692.016,690.588
692.010,690.577
692.016,690.586
692.013,690.582
692.014,690.585
692.012,690.580
692.009,690.576
692.015,690.585
692.012,690.580
692.017,690.589
692.014,690.584
692.011,690.580
692.009,690.575
692.003,690.567
692.001,690.564
692.000,690.561
691.998,690.559
692.002,690.564
692.008,690.574
692.006,690.571
692.004,690.568
692.002,690.565
692.000,690.562
691.995,690.554
692.002,690.565
692.001,690.563
691.999,690.560
691.998,690.558
692.001,690.563
691.999,690.561
691.998,690.558
691.997,690.556
691.995,690.554
691.994,690.553
691.993,690.551
691.993,690.550
691.992,690.549
691.991,690.547
691.972,690.518
691.973,690.519
691.966,690.508
691.973,690.518
691.966,690.507
691.967,690.510
691.961,690.500
691.960,690.498
691.954,690.488
691.957,690.493
691.951,690.484
691.954,690.489
691.954,690.488
691.957,690.493
691.959,690.497
691.954,690.488
691.948,690.480
691.952,690.485
691.951,690.484
691.946,690.477
691.947,690.477
691.950,690.482
691.945,690.475
691.949,690.481
691.952,690.486
691.954,690.489
691.957,690.494
691.956,690.492
691.959,690.497
691.953,690.488
691.956,690.492
691.955,690.491
691.950,690.482
691.950,690.482
691.945,690.474
691.949,690.480
691.952,690.485
691.947,690.478
691.951,690.483
691.950,690.483
691.945,690.475
691.949,690.481
691.952,690.486
691.956,690.491
691.955,690.490
691.958,690.494
691.952,690.485
691.955,690.490
691.950,690.482
691.953,690.487
691.904,690.410
691.904,690.409
691.904,690.408
691.903,690.408
691.903,690.407
691.902,690.407
691.910,690.419
691.909,690.417
691.908,690.416
691.907,690.414
691.906,690.413
691.906,690.412
691.905,690.411
691.905,690.410
691.904,690.409
691.904,690.409
691.908,690.415
691.907,690.414
691.906,690.413
691.914,690.425
691.912,690.422
691.916,690.428
691.914,690.425
691.913,690.423
691.903,690.408
691.903,690.408
691.903,690.407
691.894,690.394
691.891,690.389
691.888,690.385
691.881,690.373
691.883,690.376
691.885,690.379
691.886,690.381
691.884,690.377
691.885,690.380
691.887,690.382
691.888,690.384
691.881,690.372
691.887,690.383
691.880,690.372
691.882,690.374
691.884,690.377
691.885,690.379
691.887,690.382
691.888,690.383
691.889,690.385
691.890,690.387
691.891,690.388
691.888,690.384
691.889,690.386
691.890,690.387
691.891,690.388
691.892,690.390
691.892,690.391
691.893,690.392
691.886,690.380
691.879,690.369
691.889,690.385
691.886,690.381
691.888,690.383
691.881,690.372
691.882,690.375
691.884,690.377
691.877,690.367
691.879,690.370
691.881,690.373
691.883,690.376
691.885,690.378
691.882,690.375
691.884,690.378
691.885,690.380
691.887,690.382
691.888,690.384
691.889,690.385
691.890,690.387
691.891,690.388
691.888,690.384
691.889,690.386
691.890,690.387
691.888,690.383
691.889,690.385
691.886,690.381
691.887,690.383
691.880,690.372
691.882,690.375
691.884,690.377
691.882,690.374
691.875,690.364
691.878,690.367
691.884,690.378
691.886,690.380
691.887,690.382
691.888,690.384
691.889,690.386
691.887,690.382
691.880,690.371
691.882,690.374
691.875,690.363
691.869,690.354
691.872,690.359
691.867,690.350
691.870,690.355
691.869,690.354
691.869,690.353
691.871,690.358
691.866,690.349
691.869,690.354
691.872,690.359
691.871,690.357
691.874,690.361
691.876,690.365
691.867,690.350
691.862,690.342
691.857,690.335
691.861,690.341
691.865,690.347
691.860,690.340
691.868,690.353
691.863,690.345
691.859,690.337
691.854,690.331
691.859,690.337
691.854,690.331
691.859,690.337
691.855,690.331
691.851,690.325
691.852,690.326
691.848,690.321
691.853,690.329
691.858,690.335
691.858,690.336
691.854,690.330
691.858,690.337
691.859,690.337
691.854,690.331
691.859,690.337
691.854,690.331
691.847,690.319
691.844,690.314
691.849,690.322
691.846,690.317
691.843,690.312
691.840,690.308
691.842,690.311
691.840,690.307
691.845,690.316
691.842,690.312
691.844,690.315
691.841,690.310
691.839,690.306
691.841,690.310
691.839,690.305
691.836,690.302
691.834,690.298
691.832,690.295
691.831,690.293
691.829,690.290
691.828,690.288
691.834,690.299
691.833,690.296
691.835,690.300
691.833,690.297
691.832,690.294
691.830,690.292
691.825,690.284
691.824,690.282
691.823,690.281
691.819,690.274
691.826,690.286
691.825,690.284
691.824,690.282
691.823,690.281
691.830,690.292
691.829,690.290
691.828,690.288
691.826,690.286
691.825,690.284
691.824,690.282
691.815,690.268
691.820,690.275
691.819,690.274
691.811,690.261
691.807,690.256
691.808,690.257
691.809,690.258
691.809,690.259
691.810,690.260
691.807,690.255
691.815,690.269
691.815,690.269
691.815,690.268
691.820,690.275
691.819,690.275
691.811,690.261
691.811,690.262
691.811,690.262
691.808,690.257
691.801,690.245
691.794,690.235
691.796,690.238
691.794,690.235
691.804,690.251
691.805,690.252
691.798,690.241
691.800,690.243
691.797,690.240
691.799,690.243
691.801,690.245
691.802,690.247
691.803,690.249
691.801,690.245
691.802,690.247
691.803,690.249
691.796,690.238
691.790,690.228
691.792,690.232
691.783,690.217
691.778,690.209
691.773,690.201
691.769,690.195
691.765,690.189
691.766,690.191
691.763,690.185
691.760,690.180
691.757,690.175
691.762,690.184
691.759,690.179
691.753,690.169
691.755,690.173
691.761,690.182
691.766,690.190
691.771,690.197
691.767,690.191
691.768,690.193
691.764,690.187
691.769,690.195
691.765,690.189
691.762,690.183
691.763,690.186
691.765,690.188
691.761,690.182
691.766,690.191
691.763,690.185
691.768,690.193
691.769,690.194
691.769,690.196
691.766,690.190
691.762,690.184
691.759,690.179
691.764,690.187
691.769,690.195
691.770,690.196
691.774,690.203
691.778,690.209
691.773,690.202
691.777,690.208
691.781,690.214
691.772,690.200
691.776,690.207
691.772,690.200
691.768,690.193
691.764,690.187
691.761,690.182
691.766,690.190
691.767,690.192
691.763,690.186
691.768,690.194
691.765,690.188
691.761,690.183
691.755,690.172
691.749,690.163
691.747,690.160
691.745,690.157
691.744,690.155
691.742,690.153
691.746,690.158
691.744,690.155
691.743,690.153
691.750,690.164
691.748,690.161
691.746,690.158
691.744,690.156
691.743,690.153
691.746,690.159
691.745,690.156
691.751,690.167
691.749,690.163
691.747,690.160
691.754,690.171
691.751,690.167
691.754,690.171
691.760,690.180
691.757,690.175
691.754,690.171
691.760,690.180
691.757,690.176
691.759,690.179
691.756,690.174
691.754,690.170
691.759,690.180
691.756,690.175
691.758,690.178
691.756,690.174
691.758,690.177
691.763,690.186
691.760,690.181
691.757,690.176
691.762,690.185
691.756,690.174
691.753,690.170
691.751,690.166
691.749,690.163
691.755,690.173
691.761,690.182
691.766,690.190
691.759,690.179
691.756,690.175
691.754,690.170
691.751,690.167
691.749,690.163
691.747,690.160
691.750,690.165
691.748,690.162
691.746,690.159
691.745,690.156
691.751,690.167
691.754,690.171
691.756,690.175
691.750,690.165
691.748,690.162
691.746,690.159
691.753,690.169
691.755,690.173
691.753,690.169
691.751,690.166
691.757,690.175
691.754,690.171
691.760,690.180
691.757,690.176
691.759,690.179
691.756,690.174
691.762,690.183
691.767,690.191
691.763,690.186
691.756,690.175
691.758,690.178
691.760,690.181
691.757,690.176
691.763,690.185
691.760,690.180
691.765,690.188
691.758,690.177
691.763,690.186
691.765,690.188
691.761,690.183
691.766,690.191
691.763,690.185
691.768,690.193
691.761,690.182
691.762,690.184
691.759,690.179
691.764,690.188
691.761,690.182
691.766,690.190
691.763,690.185
691.764,690.187
691.761,690.182
691.758,690.177
691.755,690.173
691.761,690.182
691.758,690.177
691.760,690.180
691.753,690.170
691.751,690.166
691.749,690.163
691.747,690.160
691.745,690.157
691.748,690.162
691.751,690.167
691.749,690.163
691.755,690.173
691.753,690.169
691.751,690.166
691.749,690.163
691.751,690.167
691.749,690.164
691.747,690.161
691.746,690.158
691.744,690.155
691.751,690.166
691.749,690.163
691.752,690.167
691.749,690.164
691.756,690.174
691.753,690.170
691.759,690.179
691.756,690.174
691.754,690.170
691.751,690.167
691.754,690.171
691.751,690.167
691.757,690.176
691.755,690.172
691.752,690.168
691.750,690.165
691.753,690.169
691.747,690.160
691.753,690.170
691.751,690.166
691.757,690.176
691.755,690.172
691.752,690.168
691.750,690.165
691.753,690.169
691.750,690.165
691.756,690.175
691.754,690.171
691.752,690.167
691.754,690.171
691.760,690.180
691.762,690.183
691.767,690.191
691.763,690.185
691.760,690.180
691.765,690.188
691.766,690.190
691.763,690.185
691.760,690.180
691.757,690.175
691.754,690.171
691.760,690.180
691.757,690.176
691.759,690.179
691.756,690.174
691.754,690.170
691.751,690.167
691.757,690.176
691.755,690.172
691.760,690.181
691.754,690.171
691.752,690.167
691.749,690.164
691.747,690.161
691.746,690.158
691.749,690.163
691.744,690.154
691.742,690.152
691.741,690.150
691.740,690.149
691.756,690.174
691.753,690.170
691.759,690.179
691.761,690.182
691.758,690.177
691.755,690.173
691.761,690.182
691.758,690.177
691.760,690.180
691.761,690.183
691.758,690.178
691.755,690.173
691.761,690.182
691.758,690.178
691.763,690.186
691.757,690.175
691.754,690.171
691.752,690.167
691.758,690.177
691.755,690.173
691.761,690.182
691.758,690.177
691.760,690.180
691.757,690.175
691.754,690.171
691.747,690.160
691.745,690.157
691.752,690.167
691.754,690.171
691.756,690.175
691.758,690.178
691.756,690.174
691.753,690.170
691.759,690.179
691.756,690.175
691.762,690.183
691.767,690.191
691.768,690.193
691.772,690.200
691.768,690.194
691.764,690.188
691.769,690.195
691.765,690.189
691.767,690.191
691.763,690.185
691.760,690.180
691.757,690.176
691.762,690.184
691.759,690.179
691.764,690.188
691.751,690.167
691.749,690.164
691.747,690.161
691.750,690.165
691.745,690.157
691.743,690.154
691.742,690.152
691.749,690.163
691.747,690.160
691.737,690.145
691.737,690.143
691.740,690.150
691.739,690.148
691.738,690.146
691.738,690.145
691.737,690.144
691.736,690.143
691.735,690.142
691.739,690.148
691.743,690.154
691.742,690.152
691.749,690.163
691.747,690.160
691.753,690.170
691.748,690.161
691.746,690.158
691.744,690.156
691.751,690.166
691.749,690.163
691.755,690.173
691.753,690.169
691.755,690.173
691.753,690.169
691.750,690.165
691.748,690.162
691.755,690.172
691.752,690.168
691.750,690.165
691.753,690.169
691.750,690.166
691.748,690.162
691.747,690.159
691.745,690.157
691.752,690.167
691.749,690.164
691.744,690.155
691.739,690.148
691.738,690.146
691.746,690.158
691.744,690.155
691.743,690.153
691.749,690.164
691.748,690.161
691.742,690.153
691.746,690.158
691.744,690.155
691.743,690.153
691.741,690.151
691.748,690.162
691.747,690.159
691.745,690.157
691.748,690.162
691.751,690.166
691.745,690.157
691.744,690.155
691.742,690.153
691.741,690.151
691.748,690.162
691.754,690.172
691.752,690.168
691.750,690.165
691.748,690.162
691.751,690.166
691.749,690.163
691.747,690.160
691.745,690.157
691.752,690.168
691.750,690.164
691.748,690.161
691.754,690.171
691.756,690.175
691.754,690.171
691.752,690.167
691.749,690.164
691.747,690.161
691.754,690.171
691.752,690.167
691.749,690.164
691.752,690.168
691.750,690.165
691.748,690.162
691.746,690.159
691.745,690.156
691.743,690.154
691.742,690.152
691.741,690.150
691.736,690.143
691.732,690.136
691.732,690.136
691.732,690.135
691.731,690.135
691.731,690.135
691.731,690.135
691.731,690.134
691.731,690.134
691.731,690.134
691.730,690.134
691.735,690.141
691.731,690.135
691.739,690.147
691.738,690.146
691.737,690.144
691.736,690.143
691.736,690.142
691.735,690.141
691.735,690.140
691.726,690.127
691.726,690.127
691.727,690.128
691.727,690.128
691.724,690.123
691.721,690.118
691.718,690.114
691.727,690.129
691.727,690.129
691.728,690.129
691.728,690.129
691.728,690.130
691.728,690.130
691.736,690.143
691.736,690.142
691.740,690.148
691.743,690.154
691.747,690.159
691.741,690.151
691.737,690.144
691.733,690.137
691.732,690.137
691.732,690.136
691.732,690.136
691.732,690.135
691.731,690.135
691.723,690.122
691.724,690.123
691.724,690.124
691.725,690.125
691.722,690.120
691.719,690.115
691.720,690.117
691.721,690.118
691.722,690.120
691.722,690.121
691.723,690.122
691.724,690.123
691.724,690.124
691.725,690.125
691.717,690.112
691.710,690.101
691.708,690.099
691.710,690.102
691.709,690.099
691.707,690.097
691.709,690.100
691.711,690.103
691.713,690.106
691.706,690.096
691.709,690.099
691.711,690.102
691.712,690.105
691.706,690.095
691.708,690.098
691.710,690.101
691.708,690.099
691.707,690.097
691.709,690.100
691.711,690.103
691.713,690.106
691.714,690.108
691.716,690.110
691.717,690.112
691.718,690.114
691.719,690.116
691.725,690.125
691.722,690.120
691.727,690.128
691.727,690.129
691.727,690.129
691.728,690.129
691.720,690.117
691.721,690.118
691.721,690.119
691.730,690.134
691.722,690.121
691.723,690.122
691.728,690.130
691.733,690.137
691.729,690.131
691.729,690.131
691.729,690.131
691.729,690.131
691.729,690.131
691.729,690.131
691.729,690.131
691.729,690.131
691.729,690.131
691.726,690.126
691.722,690.121
691.723,690.122
691.724,690.123
691.729,690.131
691.721,690.118
691.722,690.120
691.714,690.108
691.716,690.110
691.717,690.112
691.718,690.114
691.711,690.103
691.713,690.106
691.706,690.095
691.700,690.086
691.695,690.077
691.695,690.077
691.703,690.090
691.702,690.088
691.701,690.087
691.708,690.098
691.707,690.096
691.706,690.094
691.700,690.085
691.703,690.089
691.705,690.093
691.707,690.097
691.709,690.100
691.711,690.103
691.713,690.106
691.715,690.109
691.716,690.111
691.709,690.100
691.703,690.090
691.706,690.094
691.700,690.085
691.699,690.084
691.694,690.076
691.697,690.081
691.692,690.073
691.692,690.073
691.692,690.073
691.692,690.073
691.701,690.086
691.700,690.085
691.703,690.089
691.702,690.088
691.701,690.087
691.700,690.085
691.699,690.084
691.694,690.076
691.689,690.069
691.685,690.062
691.689,690.068
691.693,690.074
691.697,690.080
691.692,690.072
691.687,690.065
691.691,690.071
691.695,690.077
691.698,690.082
691.693,690.074
691.696,690.080
691.700,690.085
691.702,690.089
691.705,690.093
691.704,690.091
691.711,690.102
691.717,690.113
691.715,690.109
691.716,690.111
691.714,690.108
691.712,690.104
691.710,690.101
691.704,690.091
691.706,690.095
691.708,690.099
691.702,690.089
691.697,690.080
691.696,690.080
691.696,690.079
691.696,690.079
691.696,690.078
691.691,690.071
691.694,690.076
691.698,690.082
691.701,690.086
691.695,690.078
691.690,690.070
691.686,690.063
691.690,690.070
691.694,690.076
691.689,690.068
691.693,690.074
691.696,690.080
691.692,690.072
691.687,690.065
691.691,690.071
691.695,690.077
691.698,690.082
691.701,690.087
691.700,690.086
691.700,690.085
691.699,690.084
691.702,690.088
691.701,690.087
691.700,690.086
691.700,690.085
691.699,690.084
691.694,690.075
691.697,690.081
691.700,690.086
691.703,690.090
691.697,690.081
691.700,690.086
691.703,690.090
691.706,690.094
691.708,690.098
691.710,690.101
691.712,690.104
691.713,690.107
691.715,690.109
691.716,690.111
691.718,690.113
691.719,690.115
691.716,690.111
691.714,690.108
691.712,690.104
691.714,690.107
691.712,690.104
691.710,690.101
691.712,690.104
691.713,690.107
691.715,690.109
691.716,690.111
691.709,690.100
691.703,690.091
691.706,690.094
691.708,690.098
691.710,690.101
691.712,690.104
691.705,690.094
691.700,690.085
691.702,690.089
691.697,690.080
691.692,690.072
691.695,690.078
691.691,690.070
691.694,690.076
691.698,690.082
691.701,690.086
691.700,690.085
691.699,690.084
691.699,690.083
691.693,690.075
691.693,690.075
691.693,690.075
691.697,690.080
691.700,690.085
691.703,690.090
691.705,690.094
691.699,690.084
691.702,690.089
691.705,690.093
691.707,690.097
691.701,690.087
691.704,690.091
691.706,690.095
691.708,690.099
691.710,690.102
691.676,690.047
691.681,690.055
691.686,690.063
691.690,690.069
691.685,690.062
691.690,690.069
691.693,690.075
691.697,690.080
691.700,690.085
691.703,690.090
691.705,690.094
691.699,690.084
691.702,690.089
691.705,690.093
691.699,690.084
691.694,690.076
691.689,690.068
691.685,690.061
691.689,690.068
691.685,690.061
691.681,690.055
691.678,690.050
691.674,690.045
691.680,690.053
691.676,690.048
691.683,690.059
691.680,690.053
691.676,690.048
691.673,690.043
691.671,690.039
691.676,690.047
691.673,690.043
691.675,690.046
691.677,690.048
691.678,690.051
691.680,690.053
691.681,690.055
691.682,690.057
691.675,690.046
691.677,690.048
691.674,690.044
691.671,690.039
691.676,690.048
691.673,690.043
691.671,690.039
691.673,690.042
691.675,690.045
691.676,690.048
691.678,690.050
691.675,690.045
691.657,690.017
691.660,690.022
691.655,690.014
691.659,690.020
691.662,690.025
691.660,690.023
691.659,690.020
691.658,690.018
691.656,690.016
691.655,690.014
691.654,690.012
691.653,690.011
691.652,690.010
691.652,690.008
691.651,690.007
691.650,690.006
691.650,690.006
691.649,690.005
691.649,690.004
691.645,689.998
691.641,689.992
691.646,690.000
691.646,690.000
691.646,690.000
691.646,689.999
691.646,689.999
691.646,689.999
691.654,690.012
691.653,690.010
691.652,690.009
691.651,690.008
691.650,690.007
691.650,690.006
691.649,690.005
691.649,690.004
691.648,690.003
691.648,690.003
691.648,690.002
691.652,690.009
691.651,690.008
691.643,689.994
691.643,689.994
691.643,689.995
691.643,689.995
691.643,689.995
691.643,689.995
691.643,689.995
691.643,689.996
691.643,689.996
691.635,689.983
691.636,689.984
691.634,689.980
691.631,689.976
691.629,689.973
691.627,689.969
691.629,689.972
691.630,689.974
691.631,689.977
691.633,689.979
691.634,689.980
691.635,689.982
691.636,689.983
691.628,689.972
691.630,689.974
691.628,689.971
691.634,689.981
691.632,689.977
691.633,689.979
691.634,689.980
691.635,689.982
691.636,689.983
691.637,689.985
691.637,689.986
691.638,689.987
691.639,689.988
691.639,689.989
691.640,689.990
691.637,689.985
691.642,689.993
691.647,690.001
691.647,690.001
691.646,690.000
691.646,690.000
691.646,690.000
691.646,689.999
691.646,689.999
691.646,689.999
691.645,689.999
691.645,689.999
691.642,689.993
691.639,689.988
691.636,689.983
691.636,689.985
691.637,689.986
691.638,689.987
691.638,689.988
691.639,689.989
691.640,689.989
691.640,689.990
691.640,689.991
691.641,689.991
691.638,689.986
691.635,689.982
691.632,689.978
691.630,689.974
691.631,689.976
691.633,689.978
691.634,689.980
691.635,689.982
691.636,689.983
691.636,689.984
691.637,689.986
691.634,689.981
691.632,689.977
691.633,689.979
691.626,689.968
691.628,689.971
691.621,689.960
691.623,689.964
691.625,689.967
691.627,689.970
691.625,689.967
691.627,689.970
691.629,689.972
691.622,689.962
691.624,689.965
691.626,689.968
691.628,689.971
691.621,689.960
691.624,689.964
691.622,689.962
691.621,689.960
691.623,689.963
691.625,689.966
691.619,689.956
691.621,689.960
691.620,689.958
691.619,689.957
691.613,689.947
691.616,689.952
691.619,689.957
691.613,689.947
691.616,689.952
691.615,689.951
691.615,689.950
691.617,689.954
691.620,689.958
691.622,689.962
691.616,689.953
691.619,689.957
691.621,689.961
691.620,689.959
691.619,689.957
691.613,689.948
691.608,689.940
691.612,689.945
691.607,689.937
691.610,689.943
691.613,689.948
691.613,689.947
691.604,689.934
691.605,689.934
691.600,689.927
691.605,689.934
691.608,689.940
691.612,689.945
691.615,689.950
691.614,689.949
691.614,689.948
691.608,689.940
691.604,689.933
691.600,689.926
691.600,689.927
691.601,689.928
691.597,689.922
691.594,689.916
691.590,689.911
691.587,689.907
691.585,689.902
691.587,689.906
691.584,689.902
691.582,689.898
691.580,689.894
691.578,689.891
691.576,689.889
691.579,689.893
691.577,689.890
691.584,689.901
691.581,689.897
691.587,689.906
691.585,689.902
691.587,689.906
691.584,689.902
691.582,689.898
691.580,689.894
691.578,689.891
691.576,689.888
691.574,689.886
691.581,689.897
691.579,689.893
691.585,689.903
691.583,689.899
691.585,689.903
691.579,689.894
691.577,689.891
691.576,689.888
691.574,689.886
691.577,689.891
691.580,689.895
691.586,689.905
691.584,689.901
691.582,689.897
691.584,689.901
691.586,689.905
691.592,689.914
691.589,689.909
691.586,689.904
691.580,689.895
691.575,689.886
691.573,689.884
691.572,689.882
691.571,689.880
691.566,689.873
691.562,689.866
691.562,689.866
691.562,689.866
691.561,689.865
691.566,689.872
691.570,689.879
691.569,689.877
691.576,689.889
691.574,689.886
691.578,689.891
691.581,689.896
691.587,689.905
691.584,689.901
691.582,689.897
691.580,689.894
691.578,689.891
691.576,689.888
691.574,689.886
691.573,689.884
691.572,689.882
691.567,689.874
691.566,689.873
691.558,689.859
691.558,689.860
691.554,689.854
691.555,689.855
691.563,689.869
691.563,689.868
691.567,689.875
691.567,689.874
691.566,689.872
691.557,689.859
691.554,689.854
691.554,689.854
691.555,689.855
691.555,689.856
691.552,689.851
691.553,689.852
691.554,689.853
691.554,689.854
691.551,689.849
691.552,689.850
691.553,689.851
691.550,689.847
691.547,689.843
691.549,689.845
691.541,689.834
691.543,689.836
691.541,689.833
691.543,689.836
691.544,689.838
691.546,689.841
691.552,689.850
691.544,689.838
691.546,689.841
691.547,689.843
691.548,689.844
691.549,689.846
691.550,689.848
691.551,689.849
691.549,689.845
691.546,689.841
691.547,689.843
691.540,689.832
691.542,689.835
691.549,689.845
691.550,689.847
691.550,689.848
691.551,689.849
691.549,689.845
691.550,689.847
691.551,689.848
691.548,689.844
691.549,689.846
691.550,689.847
691.551,689.849
691.548,689.844
691.549,689.846
691.542,689.835
691.544,689.837
691.542,689.834
691.535,689.824
691.530,689.815
691.529,689.814
691.532,689.819
691.535,689.823
691.533,689.821
691.532,689.819
691.535,689.823
691.529,689.814
691.532,689.819
691.535,689.823
691.537,689.827
691.539,689.830
691.538,689.828
691.540,689.831
691.533,689.821
691.532,689.819
691.535,689.823
691.537,689.827
691.536,689.825
691.538,689.829
691.540,689.832
691.542,689.835
691.540,689.832
691.534,689.822
691.528,689.813
691.528,689.812
691.523,689.804
691.518,689.797
691.519,689.797
691.514,689.791
691.511,689.785
691.512,689.787
691.516,689.794
691.521,689.800
691.521,689.801
691.516,689.794
691.520,689.800
691.524,689.806
691.524,689.806
691.519,689.799
691.523,689.805
691.523,689.805
691.518,689.797
691.522,689.803
691.522,689.803
691.526,689.809
691.529,689.814
691.529,689.813
691.528,689.812
691.531,689.817
691.526,689.809
691.517,689.795
691.513,689.789
691.514,689.791
691.519,689.797
691.514,689.791
691.511,689.785
691.512,689.787
691.516,689.794
691.517,689.795
691.513,689.788
691.509,689.783
691.511,689.785
691.515,689.792
691.519,689.799
691.520,689.799
691.516,689.792
691.512,689.786
691.505,689.775
691.502,689.771
691.499,689.766
691.497,689.763
691.499,689.767
691.497,689.763
691.491,689.754
691.498,689.764
691.496,689.761
691.498,689.765
691.496,689.761
691.486,689.745
691.489,689.751
691.488,689.749
691.483,689.741
691.482,689.740
691.482,689.739
691.486,689.745
691.484,689.743
691.488,689.749
691.487,689.747
691.494,689.758
691.489,689.750
691.487,689.747
691.483,689.740
691.482,689.739
691.481,689.738
691.477,689.731
691.477,689.731
691.477,689.731
691.476,689.730
691.476,689.730
691.481,689.737
691.480,689.736
691.484,689.743
691.483,689.741
691.482,689.740
691.486,689.746
691.485,689.744
691.484,689.743
691.488,689.748
691.478,689.734
691.483,689.740
691.482,689.739
691.481,689.738
691.477,689.732
691.477,689.731
691.473,689.725
691.473,689.726
691.474,689.726
691.474,689.726
691.474,689.726
691.470,689.721
691.471,689.721
691.468,689.716
691.468,689.717
691.469,689.718
691.469,689.719
691.470,689.720
691.475,689.728
691.475,689.728
691.475,689.728
691.471,689.722
691.472,689.723
691.469,689.718
691.469,689.719
691.466,689.714
691.459,689.702
691.452,689.692
691.451,689.690
691.453,689.694
691.455,689.697
691.457,689.700
691.459,689.702
691.460,689.705
691.453,689.694
691.452,689.692
691.438,689.669
691.430,689.656
691.426,689.650
691.427,689.652
691.431,689.659
691.432,689.660
691.428,689.653
691.421,689.642
691.426,689.650
691.419,689.639
691.424,689.648
691.426,689.650
691.422,689.644
691.416,689.634
691.421,689.643
691.415,689.633
691.412,689.629
691.415,689.633
691.412,689.629
691.415,689.633
691.413,689.629
691.415,689.633
691.413,689.629
691.415,689.633
691.413,689.629
691.336,689.508
691.333,689.503
691.335,689.506
691.332,689.501
691.338,689.510
691.339,689.512
691.336,689.507
691.341,689.515
691.334,689.504
691.336,689.507
691.333,689.503
691.330,689.498
691.324,689.489
691.323,689.486
691.321,689.483
691.319,689.481
691.314,689.473
691.313,689.472
691.313,689.470
691.317,689.477
691.323,689.488
691.322,689.485
691.320,689.482
691.315,689.474
691.314,689.473
691.313,689.471
691.309,689.465
691.305,689.459
691.305,689.458
691.305,689.458
691.302,689.453
691.299,689.448
691.291,689.436
691.292,689.438
691.293,689.440
691.299,689.449
691.300,689.450
691.300,689.450
691.301,689.451
691.298,689.446
691.295,689.442
691.296,689.444
691.297,689.445
691.294,689.441
691.292,689.437
691.285,689.426
691.287,689.429
691.285,689.426
691.283,689.424
691.285,689.427
691.279,689.417
691.278,689.416
691.277,689.414
691.272,689.406
691.267,689.398
691.270,689.403
691.270,689.403
691.270,689.403
691.265,689.395
691.269,689.401
691.261,689.388
691.262,689.390
691.258,689.383
691.262,689.390
691.258,689.384
691.263,689.391
691.263,689.392
691.264,689.393
691.259,689.386
691.256,689.380
691.260,689.387
691.261,689.389
691.262,689.390
691.266,689.396
691.270,689.402
691.261,689.389
691.262,689.390
691.255,689.378
691.251,689.373
691.256,689.381
691.253,689.376
691.258,689.383
691.251,689.372
691.253,689.375
691.249,689.370
691.247,689.365
691.244,689.361
691.242,689.358
691.236,689.349
691.231,689.341
691.235,689.347
691.233,689.344
691.240,689.355
691.238,689.352
691.233,689.344
691.236,689.349
691.240,689.354
691.238,689.351
691.244,689.361
691.242,689.358
691.244,689.362
691.247,689.366
691.244,689.362
691.250,689.371
691.255,689.379
691.260,689.386
691.261,689.388
691.261,689.389
691.262,689.390
691.258,689.384
691.254,689.378
691.251,689.373
691.248,689.368
691.250,689.371
691.252,689.374
691.245,689.364
691.243,689.360
691.241,689.356
691.239,689.353
691.237,689.350
691.232,689.342
691.227,689.335
691.231,689.341
691.230,689.340
691.229,689.338
691.236,689.349
691.235,689.347
691.230,689.339
691.234,689.345
691.229,689.338
691.233,689.344
691.231,689.341
691.230,689.340
691.229,689.338
691.225,689.331
691.229,689.338
691.233,689.344
691.232,689.342
691.231,689.340
691.229,689.338
691.229,689.337
691.228,689.335
691.224,689.329
691.220,689.323
691.224,689.330
691.221,689.324
691.221,689.324
691.220,689.324
691.220,689.324
691.220,689.324
691.220,689.324
691.225,689.331
691.221,689.325
691.217,689.319
691.218,689.320
691.218,689.320
691.218,689.320
691.210,689.308
691.211,689.309
691.212,689.310
691.204,689.299
691.206,689.301
691.212,689.310
691.209,689.306
691.207,689.302
691.205,689.299
691.203,689.296
691.196,689.286
691.198,689.289
691.192,689.279
691.187,689.271
691.190,689.276
691.193,689.280
691.195,689.284
691.194,689.282
691.193,689.281
691.192,689.280
691.192,689.278
691.191,689.277
691.190,689.276
691.190,689.275
691.184,689.267
691.188,689.272
691.191,689.277
691.193,689.281
691.196,689.285
691.190,689.276
691.193,689.280
691.195,689.284
691.198,689.288
691.200,689.291
691.198,689.289
691.197,689.287
691.196,689.285
691.195,689.283
691.194,689.282
691.193,689.280
691.195,689.284
691.198,689.288
691.200,689.291
691.202,689.294
691.203,689.297
691.205,689.299
691.206,689.301
691.199,689.291
691.193,689.281
691.188,689.272
691.191,689.277
691.190,689.276
691.190,689.275
691.189,689.274
691.189,689.273
691.188,689.273
691.188,689.272
691.191,689.277
691.185,689.268
691.181,689.261
691.176,689.254
691.172,689.247
691.169,689.242
691.173,689.249
691.178,689.256
691.174,689.250
691.170,689.244
691.175,689.251
691.171,689.245
691.167,689.240
691.164,689.235
691.161,689.230
691.159,689.226
691.161,689.230
691.163,689.234
691.165,689.237
691.167,689.239
691.164,689.235
691.161,689.230
691.159,689.226
691.156,689.222
691.154,689.219
691.157,689.223
691.152,689.215
691.155,689.220
691.149,689.211
691.153,689.217
691.156,689.221
691.154,689.218
691.157,689.223
691.151,689.214
691.154,689.219
691.161,689.229
691.163,689.232
691.165,689.236
691.167,689.239
691.168,689.241
691.170,689.244
691.163,689.233
691.165,689.236
691.167,689.239
691.169,689.242
691.170,689.244
691.171,689.246
691.173,689.248
691.174,689.250
691.175,689.251
691.168,689.240
691.161,689.230
691.155,689.220
691.150,689.212
691.153,689.217
691.148,689.209
691.151,689.214
691.155,689.219
691.157,689.224
691.152,689.215
691.155,689.220
691.158,689.224
691.160,689.228
691.162,689.232
691.156,689.222
691.159,689.227
691.153,689.218
691.156,689.222
691.151,689.214
691.146,689.206
691.142,689.199
691.138,689.192
691.134,689.187
691.131,689.181
691.136,689.189
691.132,689.184
691.129,689.179
691.126,689.175
691.124,689.170
691.125,689.172
691.126,689.174
691.127,689.175
691.127,689.176
691.128,689.177
691.129,689.178
691.126,689.174
691.123,689.170
691.129,689.179
691.126,689.175
691.132,689.183
691.137,689.191
691.133,689.186
691.130,689.180
691.127,689.176
691.124,689.172
691.122,689.168
691.123,689.170
691.124,689.172
691.125,689.173
691.118,689.162
691.120,689.164
691.121,689.166
691.114,689.156
691.116,689.159
691.118,689.161
691.112,689.151
691.114,689.155
691.120,689.165
691.126,689.175
691.124,689.171
691.130,689.180
691.127,689.175
691.124,689.171
691.122,689.167
691.123,689.169
691.124,689.171
691.125,689.173
691.126,689.174
691.127,689.175
691.128,689.176
691.117,689.159
691.115,689.157
691.114,689.154
691.120,689.165
691.118,689.162
691.120,689.164
691.113,689.154
691.115,689.157
691.117,689.160
691.119,689.162
691.112,689.152
691.114,689.155
691.121,689.166
691.119,689.163
691.125,689.172
691.123,689.169
691.120,689.165
691.126,689.175
691.124,689.171
691.125,689.172
691.126,689.174
691.127,689.175
691.127,689.176
691.128,689.177
691.121,689.166
691.119,689.162
691.117,689.159
691.115,689.157
691.114,689.154
691.116,689.158
691.117,689.160
691.111,689.150
691.113,689.154
691.107,689.144
691.110,689.148
691.101,689.134
691.101,689.134
691.101,689.134
691.100,689.133
691.104,689.139
691.099,689.130
691.102,689.136
691.097,689.128
691.097,689.128
691.097,689.129
691.098,689.129
691.090,689.116
691.094,689.123
691.090,689.116
691.094,689.123
691.098,689.129
691.101,689.135
691.101,689.135
691.101,689.134
691.093,689.121
691.089,689.115
691.093,689.122
691.089,689.115
691.090,689.117
691.091,689.118
691.092,689.119
691.088,689.113
691.092,689.120
691.096,689.126
691.096,689.127
691.097,689.127
691.097,689.128
691.092,689.121
691.088,689.114
691.085,689.108
691.086,689.111
691.087,689.113
691.080,689.102
691.077,689.097
691.075,689.093
691.080,689.102
691.082,689.105
691.084,689.107
691.085,689.110
691.082,689.104
691.079,689.099
691.084,689.108
691.086,689.110
691.087,689.112
691.088,689.114
691.092,689.121
691.088,689.114
691.093,689.121
691.093,689.122
691.086,689.110
691.087,689.112
691.088,689.114
691.085,689.108
691.081,689.103
691.078,689.098
691.072,689.089
691.067,689.080
691.070,689.085
691.068,689.082
691.066,689.079
691.065,689.076
691.068,689.082
691.063,689.074
691.066,689.079
691.073,689.090
691.071,689.086
691.069,689.083
691.063,689.075
691.059,689.067
691.058,689.066
691.057,689.065
691.056,689.064
691.052,689.057
691.057,689.064
691.061,689.071
691.060,689.069
691.039,689.036
691.040,689.038
691.033,689.026
691.035,689.029
691.041,689.039
691.038,689.035
691.039,689.036
691.040,689.038
691.038,689.034
691.036,689.031
691.037,689.033
691.038,689.035
691.044,689.044
691.041,689.039
691.031,689.023
691.032,689.025
691.031,689.023
691.037,689.033
691.035,689.030
691.036,689.032
691.038,689.034
691.039,689.036
691.036,689.032
691.042,689.041
691.051,689.055
691.010,688.990
691.014,688.996
691.014,688.996
691.014,688.996
691.009,688.989
691.013,688.995
691.013,688.995
691.005,688.983
691.002,688.976
691.003,688.978
691.004,688.980
691.008,688.987
691.009,688.988
691.001,688.976
690.998,688.971
690.995,688.966
690.997,688.969
690.990,688.958
690.996,688.967
690.990,688.957
690.992,688.961
690.989,688.957
690.992,688.961
690.994,688.964
690.991,688.960
690.989,688.956
690.991,688.960
690.989,688.956
690.994,688.965
690.996,688.968
690.993,688.963
690.990,688.959
690.988,688.955
690.991,688.959
690.988,688.955
690.994,688.964
690.996,688.968
690.998,688.970
690.995,688.965
690.996,688.968
690.998,688.971
690.995,688.966
690.992,688.962
690.994,688.965
690.991,688.960
690.989,688.956
690.983,688.947
690.982,688.945
690.988,688.955
690.982,688.946
690.985,688.951
690.984,688.948
690.986,688.953
690.989,688.957
690.995,688.966
690.989,688.956
690.991,688.960
690.989,688.956
690.991,688.960
690.993,688.963
690.991,688.959
690.988,688.955
690.983,688.946
690.981,688.944
690.976,688.936
690.980,688.942
690.978,688.940
690.982,688.945
690.977,688.937
690.976,688.935
690.979,688.941
690.975,688.934
690.974,688.932
690.970,688.926
690.974,688.932
690.973,688.931
690.972,688.930
690.976,688.936
690.975,688.935
690.974,688.933
690.970,688.926
690.977,688.938
690.976,688.936
690.980,688.942
690.987,688.953
690.984,688.949
690.979,688.941
690.978,688.939
690.977,688.937
690.972,688.930
690.968,688.923
690.968,688.923
690.972,688.930
690.971,688.929
690.971,688.928
690.967,688.922
690.967,688.921
690.971,688.928
690.967,688.922
690.967,688.922
690.964,688.916
690.964,688.916
690.964,688.916
690.961,688.911
690.961,688.912
690.958,688.907
690.959,688.908
690.959,688.909
690.964,688.918
690.964,688.918
690.969,688.925
690.965,688.919
690.965,688.919
690.970,688.927
690.970,688.926
690.969,688.925
690.965,688.919
690.965,688.919
690.962,688.914
690.962,688.914
690.962,688.914
690.959,688.910
690.952,688.897
690.950,688.894
690.948,688.891
690.949,688.894
690.956,688.903
690.956,688.905
690.957,688.906
690.955,688.902
690.947,688.891
690.954,688.901
690.960,688.910
690.960,688.911
690.957,688.906
690.958,688.907
690.959,688.908
690.964,688.917
690.964,688.917
690.961,688.912
690.966,688.920
690.966,688.920
690.962,688.914
690.954,688.902
690.960,688.911
690.961,688.912
690.953,688.899
690.951,688.896
690.952,688.898
690.950,688.895
690.948,688.892
690.950,688.894
690.948,688.891
690.941,688.881
690.940,688.879
690.934,688.870
690.934,688.869
690.942,688.881
690.936,688.872
690.935,688.871
690.930,688.863
690.930,688.863
690.930,688.863
690.933,688.868
690.933,688.867
690.928,688.859
690.928,688.860
690.928,688.860
690.932,688.866
690.931,688.865
690.935,688.870
690.934,688.869
690.929,688.861
690.929,688.861
690.921,688.849
690.917,688.842
690.918,688.844
690.915,688.839
690.916,688.841
690.913,688.835
690.906,688.825
690.912,688.834
690.914,688.837
690.910,688.832
690.904,688.822
690.898,688.813
690.897,688.810
690.900,688.815
690.898,688.812
690.901,688.817
690.899,688.814
690.894,688.806
690.901,688.816
690.903,688.821
690.906,688.825
690.911,688.834
690.913,688.836
690.910,688.831
690.912,688.834
690.917,688.842
690.918,688.844
690.923,688.851
690.923,688.852
690.919,688.846
690.920,688.847
690.916,688.841
690.910,688.830
690.907,688.826
690.901,688.817
690.899,688.813
690.902,688.818
690.900,688.815
690.903,688.819
690.900,688.816
690.903,688.820
690.906,688.824
690.911,688.833
690.905,688.823
690.903,688.819
690.897,688.811
690.895,688.808
690.891,688.800
690.898,688.812
690.893,688.804
690.891,688.802
690.887,688.795
690.886,688.794
690.890,688.800
690.889,688.798
690.893,688.805
690.892,688.803
690.888,688.795
690.879,688.781
690.884,688.789
690.883,688.789
690.880,688.783
690.880,688.783
690.884,688.790
690.884,688.790
690.880,688.784
690.880,688.784
690.885,688.791
690.876,688.778
690.873,688.773
690.874,688.774
690.871,688.769
690.869,688.766
690.866,688.762
690.864,688.759
690.858,688.748
690.857,688.746
690.859,688.750
690.857,688.748
690.860,688.751
690.858,688.749
690.860,688.752
690.859,688.750
690.861,688.753
690.867,688.763
690.868,688.765
690.874,688.775
690.872,688.770
690.872,688.771
690.870,688.767
690.871,688.769
690.868,688.765
690.861,688.754
690.860,688.751
690.862,688.754
690.860,688.752
690.862,688.755
690.860,688.752
690.862,688.755
690.860,688.753
690.862,688.755
690.861,688.753
690.859,688.750
690.861,688.754
690.860,688.751
690.862,688.754
690.868,688.764
690.866,688.761
690.859,688.750
690.858,688.748
690.860,688.751
690.858,688.749
690.860,688.752
690.859,688.750
690.858,688.748
690.852,688.738
690.851,688.737
690.854,688.742
690.853,688.740
690.847,688.732
690.847,688.731
690.847,688.731
690.850,688.736
690.849,688.735
690.852,688.740
690.852,688.738
690.854,688.743
690.853,688.741
690.853,688.740
690.855,688.744
690.854,688.743
690.849,688.734
690.848,688.733
690.851,688.738
690.851,688.737
690.853,688.741
690.852,688.740
690.860,688.752
690.854,688.742
690.853,688.740
690.847,688.732
690.847,688.731
690.847,688.731
690.842,688.723
690.842,688.724
690.838,688.716
690.834,688.710
690.835,688.712
690.831,688.706
690.832,688.708
690.837,688.715
690.833,688.709
690.834,688.710
690.830,688.704
690.832,688.707
690.825,688.696
690.830,688.704
690.831,688.706
690.836,688.714
690.837,688.715
690.841,688.722
690.841,688.722
690.842,688.723
690.845,688.728
690.845,688.728
690.840,688.721
690.833,688.709
690.829,688.703
690.826,688.698
690.828,688.701
690.825,688.696
690.827,688.699
690.828,688.702
690.825,688.697
690.827,688.700
690.829,688.702
690.826,688.697
690.819,688.687
690.825,688.696
690.819,688.687
690.821,688.691
690.819,688.686
690.817,688.683
690.819,688.687
690.825,688.696
690.819,688.686
690.813,688.678
690.811,688.675
690.807,688.667
690.810,688.673
690.809,688.670
690.804,688.663
690.811,688.675
690.810,688.672
690.813,688.677
690.811,688.675
690.810,688.672
690.813,688.677
690.808,688.669
690.807,688.667
690.810,688.673
690.814,688.678
690.812,688.675
690.815,688.680
690.810,688.672
690.808,688.670
690.804,688.663
690.808,688.669
690.807,688.667
690.802,688.660
690.806,688.666
690.805,688.665
690.809,688.671
690.812,688.676
690.811,688.673
690.806,688.666
690.810,688.672
690.808,688.669
690.812,688.675
690.807,688.667
690.798,688.653
690.802,688.660
690.806,688.666
690.805,688.665
690.801,688.658
690.805,688.664
690.799,688.655
690.803,688.662
690.803,688.661
690.802,688.659
690.798,688.653
690.798,688.653
690.794,688.647
690.791,688.642
690.788,688.637
690.789,688.638
690.794,688.647
690.791,688.642
690.791,688.642
690.788,688.638
690.786,688.634
690.778,688.622
690.780,688.625
690.778,688.622
690.776,688.619
690.778,688.622
690.776,688.619
690.775,688.617
690.777,688.620
690.778,688.622
690.777,688.620
690.766,688.603
690.761,688.595
690.761,688.595
690.761,688.595
690.761,688.594
690.764,688.600
690.764,688.599
690.772,688.611
690.774,688.615
690.768,688.605
690.767,688.604
690.766,688.603
690.769,688.607
690.763,688.598
690.763,688.598
690.771,688.610
690.773,688.614
690.772,688.612
690.771,688.610
690.770,688.609
690.764,688.600
690.764,688.599
690.772,688.611
690.770,688.610
690.765,688.600
690.711,688.516
690.716,688.523
690.720,688.530
690.727,688.541
690.734,688.551
690.728,688.543
690.723,688.535
690.727,688.540
690.722,688.532
690.721,688.531
690.720,688.529
690.724,688.535
690.719,688.528
690.723,688.534
690.726,688.540
690.725,688.537
690.723,688.535
690.719,688.528
690.715,688.521
690.711,688.515
690.708,688.510
690.705,688.505
690.702,688.501
690.703,688.502
690.703,688.503
690.704,688.504
690.709,688.512
690.706,688.507
690.703,688.503
690.708,688.511
690.709,688.511
690.709,688.512
690.714,688.519
690.710,688.514
690.715,688.521
690.714,688.520
690.714,688.520
690.713,688.519
690.710,688.513
690.707,688.508
690.712,688.516
690.703,688.503
690.704,688.504
690.705,688.505
690.705,688.506
690.710,688.514
690.707,688.509
690.704,688.504
690.709,688.513
690.709,688.513
690.710,688.513
690.710,688.513
690.706,688.508
690.711,688.516
690.708,688.511
690.713,688.518
690.713,688.518
690.712,688.518
690.717,688.525
690.713,688.518
690.718,688.526
690.714,688.519
690.718,688.526
690.717,688.525
690.725,688.537
690.728,688.542
690.723,688.534
690.718,688.527
690.718,688.526
690.717,688.525
690.716,688.524
690.712,688.517
690.709,688.512
690.709,688.512
690.709,688.512
690.709,688.512
690.706,688.507
690.711,688.515
690.716,688.523
690.720,688.529
690.719,688.528
690.718,688.527
690.722,688.533
690.718,688.526
690.714,688.519
690.718,688.527
690.714,688.520
690.714,688.519
690.713,688.519
690.705,688.506
690.710,688.514
690.707,688.509
690.704,688.504
690.701,688.500
690.694,688.488
690.695,688.491
690.697,688.493
690.698,688.495
690.696,688.491
690.702,688.501
690.700,688.497
690.697,688.493
690.698,688.495
690.700,688.497
690.697,688.493
690.703,688.503
690.709,688.511
690.709,688.512
690.709,688.512
690.709,688.512
690.709,688.512
690.706,688.507
690.703,688.503
690.700,688.498
690.698,688.495
690.696,688.491
690.697,688.493
690.698,688.495
690.696,688.492
690.702,688.501
690.700,688.497
690.697,688.494
690.703,688.503
690.696,688.491
690.689,688.481
690.691,688.484
690.690,688.481
690.688,688.479
690.687,688.477
690.686,688.475
690.685,688.474
690.687,688.478
690.681,688.468
690.684,688.473
690.683,688.471
690.691,688.483
690.689,688.481
690.688,688.478
690.687,688.477
690.689,688.480
690.688,688.478
690.686,688.476
690.685,688.475
690.693,688.486
690.691,688.483
690.689,688.481
690.691,688.484
690.693,688.487
690.691,688.484
690.690,688.482
690.689,688.480
690.687,688.478
690.689,688.481
690.683,688.471
690.686,688.475
690.688,688.479
690.687,688.477
690.686,688.475
690.685,688.474
690.687,688.477
690.689,688.481
690.691,688.484
690.693,688.487
690.687,688.476
690.681,688.467
690.672,688.454
690.664,688.441
690.665,688.443
690.666,688.444
690.667,688.446
690.671,688.452
690.675,688.458
690.678,688.463
690.678,688.463
690.678,688.463
690.678,688.462
690.677,688.462
690.677,688.462
690.677,688.461
690.677,688.461
690.669,688.448
690.673,688.454
690.668,688.447
690.664,688.441
690.660,688.435
690.662,688.437
690.663,688.439
690.664,688.441
690.665,688.443
690.666,688.444
690.667,688.446
690.663,688.439
690.659,688.433
690.664,688.441
690.661,688.435
690.657,688.430
690.662,688.438
690.663,688.440
690.665,688.441
690.666,688.443
690.675,688.457
690.667,688.445
690.667,688.446
690.672,688.453
690.675,688.458
690.678,688.464
690.673,688.455
690.674,688.456
690.674,688.456
690.674,688.456
690.674,688.457
690.674,688.457
690.666,688.444
690.667,688.445
690.668,688.447
690.669,688.448
690.669,688.449
690.670,688.450
690.670,688.451
690.671,688.452
690.671,688.452
690.675,688.458
690.678,688.463
690.681,688.468
690.676,688.460
690.668,688.447
690.669,688.448
690.669,688.449
690.670,688.450
690.670,688.451
690.663,688.439
690.659,688.433
690.656,688.428
690.650,688.418
690.644,688.409
690.647,688.414
690.650,688.418
690.652,688.422
690.650,688.418
690.647,688.414
690.645,688.411
690.643,688.408
690.646,688.412
690.649,688.417
690.651,688.421
690.654,688.424
690.656,688.428
690.658,688.431
690.659,688.433
690.661,688.436
690.662,688.438
690.664,688.440
690.660,688.434
690.665,688.442
690.669,688.448
690.665,688.442
690.666,688.443
690.667,688.445
690.668,688.446
690.668,688.447
690.669,688.448
690.670,688.449
690.670,688.450
690.671,688.451
690.663,688.439
690.659,688.433
690.656,688.428
690.653,688.423
690.659,688.432
690.655,688.427
690.652,688.422
690.650,688.418
690.656,688.427
690.653,688.423
690.658,688.431
690.663,688.439
690.656,688.428
690.658,688.431
690.652,688.421
690.646,688.412
690.649,688.416
690.651,688.420
690.653,688.424
690.656,688.427
690.657,688.430
690.659,688.433
690.661,688.435
690.662,688.438
690.655,688.427
690.649,688.417
690.655,688.426
690.660,688.435
690.657,688.429
690.654,688.424
690.651,688.420
690.657,688.429
690.654,688.424
690.656,688.427
690.658,688.430
690.659,688.433
690.661,688.436
690.654,688.425
690.656,688.428
690.658,688.431
690.660,688.434
690.653,688.423
690.650,688.419
690.648,688.415
690.646,688.412
690.644,688.408
690.642,688.406
690.640,688.403
690.647,688.413
690.645,688.410
690.643,688.407
690.641,688.404
690.644,688.410
690.647,688.414
690.650,688.419
690.652,688.422
690.655,688.426
690.657,688.429
690.658,688.432
690.660,688.434
690.661,688.437
690.663,688.439
690.656,688.428
690.658,688.431
690.651,688.421
690.654,688.424
690.656,688.427
690.653,688.423
690.650,688.419
690.644,688.410
690.639,688.401
690.643,688.407
690.646,688.412
690.641,688.403
690.639,688.401
690.638,688.399
690.633,688.392
690.629,688.385
690.626,688.380
690.630,688.387
690.635,688.394
690.639,688.400
690.642,688.406
690.645,688.411
690.648,688.415
690.643,688.407
690.646,688.412
690.640,688.403
690.644,688.409
690.639,688.400
690.634,688.393
690.638,688.399
690.645,688.410
690.651,688.420
690.657,688.429
690.662,688.437
690.666,688.444
690.670,688.451
690.671,688.452
690.671,688.452
690.672,688.453
690.672,688.453
690.672,688.454
690.673,688.454
690.673,688.455
690.673,688.455
690.673,688.456
690.674,688.456
690.669,688.448
690.665,688.442
690.661,688.436
690.666,688.443
690.670,688.450
690.670,688.451
690.663,688.439
690.664,688.441
690.665,688.442
690.666,688.444
690.659,688.432
690.660,688.435
690.662,688.437
690.663,688.439
690.659,688.433
690.656,688.428
690.653,688.423
690.659,688.432
690.663,688.440
690.665,688.442
690.666,688.443
690.667,688.445
690.667,688.446
690.668,688.447
690.669,688.448
690.669,688.449
690.670,688.450
690.670,688.451
690.659,688.433
690.661,688.435
690.662,688.438
690.663,688.440
690.656,688.429
690.662,688.437
690.658,688.431
690.655,688.426
690.660,688.435
690.657,688.429
690.654,688.424
690.651,688.420
690.657,688.429
690.650,688.419
690.645,688.410
690.648,688.415
690.650,688.419
690.645,688.410
690.647,688.414
690.650,688.419
690.644,688.410
690.639,688.401
690.643,688.407
690.646,688.412
690.649,688.416
690.627,688.382
690.632,688.390
690.636,688.396
690.640,688.402
690.635,688.395
690.639,688.401
690.634,688.394
690.638,688.400
690.642,688.405
690.645,688.410
690.648,688.415
690.650,688.419
690.648,688.415
690.646,688.412
690.641,688.403
690.644,688.409
690.639,688.401
690.642,688.406
690.637,688.398
690.633,688.391
690.632,688.390
690.631,688.389
690.631,688.388
690.638,688.400
690.645,688.411
690.642,688.405
690.640,688.403
690.639,688.400
690.637,688.398
690.636,688.396
690.635,688.395
690.631,688.388
690.627,688.382
690.632,688.389
690.636,688.396
690.631,688.389
690.636,688.396
690.635,688.394
690.634,688.392
690.633,688.391
690.637,688.397
690.641,688.403
690.636,688.396
690.631,688.389
690.628,688.383
690.627,688.382
690.627,688.382
690.627,688.382
690.632,688.389
690.628,688.383
690.627,688.382
690.627,688.382
690.627,688.382
690.627,688.381
690.627,688.381
690.626,688.381
690.626,688.381
690.626,688.380
690.626,688.380
690.626,688.380
690.626,688.380
690.626,688.380
690.626,688.380
690.622,688.374
690.622,688.375
690.623,688.375
690.623,688.375
690.615,688.363
690.616,688.364
690.617,688.366
690.618,688.367
690.615,688.363
690.621,688.372
690.621,688.373
690.626,688.381
690.631,688.388
690.627,688.382
690.632,688.389
690.636,688.396
690.632,688.389
690.636,688.396
690.640,688.402
690.643,688.407
690.646,688.412
690.641,688.404
690.636,688.396
690.632,688.389
690.628,688.383
690.632,688.390
690.628,688.384
690.625,688.378
690.630,688.386
690.634,688.393
690.638,688.399
690.641,688.405
690.637,688.397
690.640,688.403
690.636,688.396
690.639,688.402
690.635,688.394
690.631,688.388
690.627,688.382
690.623,688.376
690.620,688.371
690.621,688.372
690.621,688.372
690.618,688.368
690.616,688.364
690.616,688.365
690.617,688.366
690.610,688.355
690.603,688.344
690.605,688.347
690.599,688.338
690.602,688.341
690.604,688.345
690.606,688.348
690.608,688.351
690.601,688.341
690.600,688.339
690.599,688.338
690.598,688.337
690.598,688.335
690.597,688.334
690.604,688.346
690.603,688.344
690.602,688.342
690.609,688.353
690.607,688.350
690.606,688.348
690.604,688.346
690.603,688.344
690.602,688.342
690.601,688.340
690.603,688.344
690.605,688.347
690.607,688.350
690.609,688.353
690.610,688.355
690.612,688.357
690.613,688.360
690.614,688.361
690.607,688.350
690.609,688.353
690.610,688.355
690.608,688.352
690.610,688.355
690.608,688.352
690.602,688.342
690.596,688.332
690.595,688.332
690.595,688.331
690.594,688.330
690.594,688.330
690.594,688.329
690.602,688.341
690.601,688.340
690.600,688.338
690.599,688.337
690.598,688.336
690.597,688.335
690.597,688.334
690.596,688.333
690.599,688.337
690.593,688.328
690.596,688.333
690.599,688.337
690.601,688.341
690.604,688.345
690.602,688.343
690.601,688.341
690.608,688.352
690.607,688.350
690.605,688.347
690.612,688.358
690.610,688.355
690.608,688.352
690.606,688.349
690.605,688.347
690.604,688.345
690.606,688.348
690.604,688.346
690.603,688.344
690.602,688.342
690.596,688.332
690.599,688.337
690.601,688.341
690.595,688.332
690.595,688.331
690.594,688.330
690.594,688.330
690.594,688.329
690.593,688.329
690.593,688.328
690.593,688.328
690.593,688.327
690.593,688.327
690.588,688.319
690.588,688.320
690.588,688.320
690.583,688.313
690.587,688.319
690.591,688.325
690.591,688.325
690.591,688.325
690.591,688.325
690.591,688.325
690.591,688.325
690.591,688.325
690.591,688.325
690.591,688.325
690.591,688.325
690.591,688.325
690.591,688.325
690.591,688.325
690.591,688.325
690.591,688.325
690.591,688.325
690.594,688.330
690.589,688.322
690.584,688.314
690.585,688.315
690.586,688.316
690.586,688.317
690.586,688.318
690.587,688.318
690.579,688.306
690.580,688.308
690.581,688.309
690.582,688.311
690.583,688.312
690.584,688.313
690.584,688.314
690.585,688.315
690.589,688.321
690.584,688.314
690.588,688.320
690.591,688.325
690.591,688.325
690.591,688.325
690.591,688.325
690.591,688.325
690.591,688.325
690.591,688.325
690.591,688.325
690.586,688.317
690.590,688.323
690.585,688.315
690.589,688.321
690.592,688.327
690.587,688.319
690.588,688.319
690.588,688.320
690.596,688.333
690.596,688.332
690.595,688.331
690.595,688.331
690.594,688.330
690.594,688.329
690.594,688.329
690.593,688.328
690.593,688.328
690.593,688.328
690.601,688.340
690.600,688.339
690.599,688.337
690.598,688.336
690.597,688.335
690.600,688.339
690.594,688.330
690.597,688.335
690.597,688.334
690.596,688.333
690.596,688.332
690.595,688.331
690.595,688.331
690.594,688.330
690.594,688.329
690.594,688.329
690.589,688.321
690.584,688.313
690.585,688.314
690.588,688.321
690.592,688.326
690.592,688.326
690.584,688.313
690.584,688.314
690.585,688.315
690.585,688.316
690.586,688.317
690.586,688.317
690.587,688.318
690.590,688.324
690.586,688.316
690.589,688.322
690.589,688.322
690.590,688.322
690.590,688.323
690.590,688.323
690.582,688.310
690.575,688.299
690.571,688.293
690.568,688.289
690.566,688.284
690.568,688.288
690.562,688.279
690.565,688.283
690.559,688.274
690.562,688.279
690.565,688.283
690.567,688.287
690.570,688.291
690.567,688.286
690.572,688.295
690.569,688.290
690.566,688.286
690.572,688.294
690.574,688.297
690.575,688.300
690.577,688.302
690.578,688.304
690.575,688.299
690.571,688.293
690.568,688.289
690.562,688.279
690.565,688.283
690.567,688.287
690.570,688.291
690.572,688.294
690.569,688.289
690.566,688.285
690.563,688.281
690.566,688.285
690.568,688.289
690.570,688.292
690.572,688.295
690.574,688.298
690.571,688.293
690.568,688.288
690.565,688.284
690.563,688.280
690.565,688.284
690.568,688.288
690.562,688.279
690.557,688.270
690.560,688.275
690.555,688.267
690.553,688.265
690.560,688.276
690.566,688.285
690.564,688.282
690.566,688.286
690.561,688.276
690.555,688.268
690.554,688.266
690.553,688.264
690.551,688.262
690.550,688.260
690.546,688.253
690.542,688.247
690.539,688.242
690.536,688.237
690.533,688.232
690.538,688.241
690.535,688.236
690.532,688.232
690.525,688.220
690.531,688.230
690.537,688.239
690.542,688.247
690.550,688.260
690.549,688.258
690.553,688.264
690.557,688.270
690.552,688.262
690.547,688.255
690.543,688.249
690.535,688.236
690.527,688.224
690.525,688.220
690.523,688.218
690.530,688.228
690.528,688.224
690.534,688.234
690.534,688.235
690.540,688.243
690.536,688.238
690.534,688.233
690.531,688.229
690.537,688.238
690.537,688.239
690.537,688.239
690.534,688.235
690.531,688.230
690.529,688.226
690.530,688.228
690.528,688.224
690.526,688.221
690.524,688.218
690.530,688.228
690.531,688.230
690.537,688.239
690.534,688.234
690.539,688.243
690.544,688.250
690.544,688.250
690.535,688.236
690.536,688.237
690.533,688.232
690.538,688.241
690.543,688.249
690.543,688.249
690.543,688.248
690.547,688.255
690.543,688.249
690.540,688.244
690.537,688.238
690.537,688.239
690.529,688.226
690.535,688.236
690.532,688.231
690.530,688.227
690.531,688.229
690.532,688.230
690.529,688.226
690.524,688.218
690.522,688.215
690.521,688.213
690.514,688.203
690.517,688.207
690.516,688.205
690.515,688.204
690.517,688.207
690.519,688.211
690.518,688.209
690.517,688.207
690.516,688.205
690.518,688.209
690.512,688.200
690.512,688.199
690.511,688.198
690.511,688.197
690.513,688.201
690.513,688.200
690.512,688.199
690.511,688.198
690.511,688.197
690.514,688.202
690.513,688.201
690.512,688.200
690.511,688.198
690.511,688.197
690.510,688.197
690.505,688.188
690.505,688.188
690.505,688.189
690.497,688.176
690.501,688.182
690.502,688.183
690.502,688.184
690.503,688.184
690.506,688.190
690.514,688.203
690.513,688.201
690.513,688.200
690.507,688.191
690.507,688.191
690.515,688.204
690.517,688.208
690.508,688.193
690.508,688.193
690.508,688.193
690.511,688.197
690.505,688.189
690.506,688.189
690.506,688.189
690.506,688.189
690.509,688.194
690.509,688.194
690.508,688.194
690.508,688.193
690.503,688.185
690.507,688.191
690.498,688.178
690.499,688.179
690.503,688.185
690.503,688.186
690.496,688.173
690.488,688.162
690.490,688.165
690.487,688.159
690.481,688.149
690.483,688.153
690.488,688.162
690.482,688.152
690.484,688.155
690.490,688.164
690.491,688.166
690.492,688.168
690.494,688.170
690.490,688.165
690.492,688.167
690.493,688.169
690.497,688.176
690.501,688.183
690.502,688.183
690.502,688.184
690.503,688.184
690.506,688.190
690.506,688.190
690.506,688.190
690.509,688.195
690.501,688.182
690.502,688.183
690.494,688.171
690.495,688.172
690.491,688.166
690.493,688.169
690.494,688.171
690.498,688.178
690.491,688.166
690.492,688.168
690.497,688.175
690.493,688.169
690.494,688.171
690.495,688.173
690.491,688.167
690.493,688.169
690.494,688.171
690.498,688.178
690.499,688.179
690.500,688.180
690.500,688.181
690.501,688.182
690.493,688.170
690.490,688.164
690.491,688.166
690.485,688.156
690.482,688.151
690.479,688.147
690.474,688.139
690.477,688.143
690.475,688.140
690.470,688.132
690.473,688.138
690.471,688.135
690.467,688.127
690.462,688.120
690.458,688.114
690.458,688.114
690.463,688.121
690.459,688.115
690.458,688.114
690.455,688.109
690.460,688.116
690.459,688.116
690.459,688.115
690.463,688.122
690.459,688.116
690.459,688.115
690.455,688.109
690.455,688.109
690.452,688.104
690.449,688.100
690.455,688.108
690.455,688.108
690.451,688.103
690.457,688.111
690.456,688.111
690.461,688.119
690.465,688.125
690.464,688.124
690.468,688.130
690.464,688.123
690.468,688.129
690.475,688.140
690.478,688.145
690.480,688.149
690.478,688.145
690.481,688.150
690.483,688.153
690.477,688.144
690.483,688.153
690.485,688.157
690.479,688.147
690.477,688.144
690.480,688.148
690.482,688.152
690.476,688.143
690.474,688.139
690.481,688.149
690.475,688.140
690.470,688.132
690.468,688.130
690.472,688.136
690.475,688.141
690.473,688.138
690.476,688.143
690.479,688.147
690.474,688.139
690.472,688.136
690.467,688.128
690.471,688.134
690.469,688.132
690.473,688.137
690.468,688.129
690.471,688.135
690.470,688.132
690.465,688.125
690.469,688.131
690.468,688.129
690.471,688.135
690.467,688.127
690.466,688.125
690.465,688.124
690.460,688.117
690.465,688.124
690.469,688.131
690.464,688.123
690.463,688.122
690.459,688.116
690.464,688.123
690.463,688.121
690.462,688.120
690.458,688.114
690.463,688.121
690.467,688.128
690.471,688.134
690.469,688.131
690.465,688.124
690.469,688.130
690.464,688.123
690.463,688.122
690.459,688.115
690.464,688.122
690.471,688.134
690.474,688.139
690.469,688.131
690.468,688.129
690.467,688.127
690.470,688.133
690.474,688.139
690.472,688.136
690.475,688.141
690.478,688.146
690.476,688.142
690.479,688.147
690.481,688.151
690.476,688.142
690.474,688.138
690.477,688.143
690.471,688.135
690.470,688.132
690.465,688.125
690.461,688.119
690.457,688.113
690.454,688.107
690.459,688.115
690.458,688.114
690.455,688.109
690.452,688.104
690.452,688.104
690.457,688.112
690.454,688.107
690.451,688.102
690.451,688.103
690.448,688.098
690.454,688.107
690.454,688.107
690.459,688.115
690.455,688.109
690.452,688.104
690.449,688.099
690.446,688.095
690.455,688.109
690.452,688.104
690.457,688.112
690.462,688.120
690.458,688.114
690.458,688.113
690.454,688.108
690.451,688.103
690.448,688.098
690.446,688.094
690.451,688.103
690.457,688.111
690.461,688.119
690.458,688.113
690.465,688.125
690.464,688.124
690.460,688.117
690.465,688.124
690.461,688.118
690.465,688.124
690.464,688.123
690.460,688.117
690.456,688.111
690.456,688.111
690.448,688.098
690.445,688.094
690.451,688.103
690.452,688.103
690.457,688.112
690.453,688.106
690.450,688.101
690.456,688.110
690.452,688.105
690.453,688.105
690.458,688.113
690.454,688.108
690.454,688.108
690.451,688.103
690.456,688.111
690.453,688.106
690.450,688.101
690.447,688.097
690.448,688.098
690.453,688.106
690.450,688.102
690.459,688.115
690.455,688.109
690.460,688.117
690.460,688.116
690.459,688.116
690.464,688.123
690.460,688.116
690.456,688.110
690.453,688.105
690.458,688.113
690.462,688.121
690.458,688.114
690.463,688.122
690.462,688.120
690.458,688.114
690.455,688.109
690.460,688.116
690.464,688.123
690.460,688.117
690.460,688.116
690.459,688.115
690.456,688.110
690.452,688.104
690.449,688.100
690.455,688.108
690.455,688.108
690.460,688.116
690.456,688.110
690.461,688.118
690.465,688.125
690.461,688.118
690.468,688.130
690.464,688.123
690.468,688.129
690.467,688.127
690.462,688.120
690.458,688.114
690.458,688.114
690.455,688.108
690.451,688.103
690.452,688.104
690.457,688.112
690.462,688.119
690.461,688.118
690.457,688.112
690.454,688.107
690.451,688.102
690.448,688.097
690.453,688.106
690.454,688.107
690.459,688.114
690.455,688.109
690.447,688.096
690.445,688.092
690.442,688.089
690.440,688.085
690.442,688.088
690.448,688.097
690.445,688.093
690.454,688.108
690.451,688.103
690.456,688.111
690.464,688.124
690.460,688.117
690.465,688.124
690.464,688.123
690.460,688.116
690.456,688.110
690.456,688.110
690.453,688.105
690.450,688.100
690.455,688.109
690.452,688.104
690.457,688.112
690.457,688.112
690.453,688.106
690.458,688.114
690.458,688.114
690.463,688.121
690.467,688.127
690.462,688.121
690.462,688.119
690.458,688.113
690.450,688.100
690.447,688.096
690.452,688.105
690.453,688.105
690.450,688.100
690.455,688.109
690.455,688.109
690.460,688.117
690.456,688.111
690.456,688.111
690.461,688.118
690.457,688.112
690.457,688.112
690.462,688.119
690.458,688.113
690.457,688.113
690.454,688.107
690.451,688.102
690.451,688.103
690.456,688.111
690.453,688.106
690.458,688.114
690.458,688.113
690.454,688.108
690.462,688.121
690.459,688.114
690.463,688.122
690.462,688.120
690.466,688.127
690.462,688.120
690.466,688.127
690.470,688.133
690.466,688.125
690.473,688.137
690.468,688.129
690.471,688.135
690.470,688.132
690.468,688.130
690.464,688.123
690.468,688.129
690.467,688.127
690.462,688.121
690.467,688.127
690.462,688.120
690.466,688.127
690.465,688.125
690.464,688.124
690.460,688.117
690.465,688.124
690.469,688.130
690.464,688.123
690.463,688.122
690.459,688.115
690.456,688.110
690.452,688.105
690.461,688.118
690.457,688.112
690.449,688.099
690.446,688.095
690.444,688.091
690.453,688.105
690.450,688.101
690.447,688.096
690.445,688.092
690.443,688.089
690.440,688.086
690.442,688.088
690.440,688.085
690.438,688.082
690.440,688.085
690.438,688.082
690.436,688.079
690.443,688.090
690.449,688.099
690.446,688.095
690.447,688.096
690.453,688.105
690.458,688.113
690.458,688.113
690.454,688.107
690.451,688.103
690.451,688.103
690.457,688.111
690.453,688.106
690.450,688.101
690.447,688.097
690.448,688.098
690.441,688.086
690.439,688.083
690.437,688.081
690.444,688.091
690.450,688.100
690.442,688.088
690.440,688.085
690.438,688.082
690.440,688.085
690.441,688.087
690.440,688.084
690.438,688.082
690.436,688.079
690.435,688.077
690.437,688.080
690.435,688.078
690.434,688.075
690.436,688.079
690.443,688.089
690.449,688.099
690.449,688.100
690.447,688.095
690.444,688.092
690.445,688.093
690.443,688.090
690.449,688.099
690.450,688.100
690.447,688.096
690.444,688.092
690.445,688.094
690.451,688.103
690.444,688.091
690.441,688.087
690.440,688.084
690.438,688.082
690.436,688.079
690.416,688.046
690.416,688.047
690.417,688.048
690.417,688.049
690.421,688.054
690.421,688.055
690.424,688.060
690.424,688.059
690.416,688.046
690.419,688.052
690.419,688.052
690.428,688.066
690.435,688.077
690.434,688.075
690.433,688.073
690.432,688.072
690.431,688.070
690.430,688.069
690.432,688.072
690.431,688.071
690.433,688.074
690.432,688.073
690.431,688.071
690.430,688.069
690.421,688.055
690.372,687.976
690.376,687.984
690.384,687.996
690.387,688.001
690.386,687.999
690.389,688.004
690.387,688.001
690.383,687.994
690.378,687.987
690.382,687.993
690.378,687.986
690.374,687.980
690.378,687.987
690.375,687.981
690.371,687.975
690.368,687.970
690.365,687.965
690.362,687.961
690.359,687.957
690.357,687.954
690.355,687.951
690.362,687.961
690.367,687.970
690.372,687.978
690.372,687.977
690.384,687.997
690.380,687.989
690.376,687.983
690.380,687.990
690.376,687.983
690.380,687.990
690.384,687.996
690.383,687.994
690.386,688.000
690.385,687.997
690.380,687.990
690.379,687.989
690.383,687.995
690.387,688.001
690.382,687.993
690.381,687.991
690.385,687.997
690.383,687.995
690.374,687.980
690.370,687.975
690.367,687.969
690.364,687.965
690.362,687.961
690.367,687.970
690.364,687.965
690.362,687.961
690.363,687.962
690.368,687.971
690.368,687.971
690.373,687.979
690.373,687.979
690.378,687.986
690.377,687.985
690.381,687.992
690.385,687.998
690.384,687.995
690.387,688.001
690.382,687.994
690.386,687.999
690.381,687.992
690.385,687.998
690.381,687.991
690.384,687.997
690.383,687.995
690.387,688.000
690.382,687.993
690.378,687.986
690.374,687.980
690.378,687.987
690.382,687.994
690.381,687.992
690.377,687.985
690.373,687.979
690.370,687.973
690.370,687.973
690.375,687.981
690.374,687.980
690.371,687.975
690.370,687.975
690.367,687.969
690.364,687.965
690.362,687.961
690.362,687.962
690.360,687.958
690.361,687.960
690.359,687.956
690.360,687.958
690.366,687.967
690.363,687.963
690.368,687.971
690.373,687.979
690.370,687.974
690.375,687.981
690.371,687.976
690.368,687.970
690.365,687.966
690.362,687.961
690.360,687.957
690.357,687.954
690.355,687.951
690.357,687.953
690.355,687.950
690.353,687.947
690.352,687.945
690.353,687.947
690.352,687.945
690.358,687.955
690.356,687.952
690.354,687.949
690.348,687.939
690.347,687.937
690.341,687.928
690.340,687.927
690.335,687.919
690.335,687.919
690.335,687.919
690.336,687.919
690.336,687.919
690.339,687.925
690.339,687.924
690.339,687.924
690.338,687.924
690.341,687.928
690.341,687.928
690.340,687.927
690.340,687.926
690.340,687.926
690.343,687.930
690.342,687.929
690.350,687.941
690.348,687.939
690.347,687.938
690.354,687.949
690.356,687.951
690.354,687.948
690.352,687.946
690.351,687.943
690.353,687.946
690.351,687.944
690.345,687.934
690.344,687.933
690.351,687.944
690.358,687.955
690.356,687.952
690.362,687.961
690.360,687.958
690.358,687.954
690.356,687.951
690.346,687.935
690.345,687.934
690.347,687.938
690.346,687.936
690.348,687.940
690.355,687.951
690.349,687.940
690.348,687.938
690.350,687.942
690.357,687.953
690.355,687.950
690.361,687.960
690.359,687.956
690.365,687.965
690.357,687.953
690.355,687.950
690.353,687.947
690.352,687.945
690.350,687.943
690.349,687.941
690.348,687.939
690.342,687.929
690.341,687.928
690.341,687.928
690.349,687.940
690.351,687.943
690.349,687.941
690.343,687.931
690.343,687.930
690.342,687.929
690.341,687.928
690.336,687.920
690.336,687.920
690.336,687.920
690.336,687.920
690.336,687.920
690.339,687.925
690.339,687.925
690.342,687.929
690.341,687.929
690.336,687.920
690.336,687.920
690.336,687.920
690.336,687.920
690.336,687.920
690.336,687.920
690.336,687.920
690.336,687.920
690.336,687.920
690.331,687.913
690.332,687.913
690.332,687.914
690.328,687.907
690.329,687.908
690.321,687.897
690.323,687.899
690.319,687.893
690.321,687.896
690.322,687.898
690.319,687.893
690.320,687.895
690.322,687.898
690.315,687.887
690.317,687.890
690.311,687.880
690.314,687.884
690.319,687.893
690.321,687.895
690.314,687.885
690.308,687.876
690.311,687.880
690.316,687.889
690.318,687.892
690.323,687.900
690.317,687.889
690.318,687.892
690.320,687.895
690.314,687.884
690.316,687.888
690.318,687.891
690.320,687.894
690.321,687.896
690.323,687.899
690.327,687.906
690.320,687.894
690.314,687.884
690.311,687.880
690.313,687.884
690.315,687.887
690.318,687.891
690.311,687.881
690.306,687.872
690.300,687.863
690.299,687.861
690.303,687.867
690.306,687.872
690.304,687.869
690.307,687.874
690.302,687.865
690.297,687.858
690.293,687.851
690.297,687.858
690.293,687.851
690.300,687.863
690.303,687.868
690.307,687.873
690.301,687.865
690.297,687.857
690.296,687.856
690.291,687.849
690.288,687.843
690.292,687.850
690.297,687.857
690.304,687.868
690.307,687.873
690.305,687.870
690.300,687.862
690.303,687.868
690.306,687.873
690.301,687.864
690.296,687.857
690.300,687.863
690.304,687.869
690.307,687.873
690.310,687.878
690.307,687.874
690.310,687.879
690.305,687.870
690.299,687.862
690.303,687.868
690.301,687.865
690.305,687.870
690.311,687.880
690.313,687.884
690.316,687.887
690.318,687.891
690.319,687.893
690.321,687.896
690.322,687.898
690.324,687.900
690.325,687.902
690.326,687.904
690.319,687.893
690.316,687.888
690.310,687.878
690.304,687.869
690.302,687.867
690.298,687.859
690.296,687.857
690.300,687.863
690.304,687.869
690.302,687.866
690.305,687.871
690.300,687.863
690.299,687.861
690.294,687.854
690.298,687.860
690.302,687.866
690.305,687.871
690.300,687.863
690.296,687.856
690.299,687.862
690.295,687.855
690.294,687.853
690.290,687.847
690.294,687.854
690.298,687.860
690.302,687.866
690.309,687.876
690.311,687.881
690.306,687.872
690.304,687.868
690.307,687.873
690.310,687.878
690.304,687.869
690.307,687.874
690.310,687.878
690.312,687.882
690.315,687.886
690.309,687.877
690.311,687.881
690.314,687.885
690.308,687.875
690.303,687.867
690.298,687.859
690.297,687.857
690.292,687.850
690.297,687.857
690.304,687.868
690.299,687.860
690.297,687.858
690.301,687.864
690.296,687.857
690.292,687.850
690.296,687.857
690.292,687.850
690.288,687.844
690.288,687.844
690.285,687.838
690.285,687.838
690.281,687.833
690.279,687.829
690.276,687.825
690.277,687.826
690.275,687.822
690.272,687.819
690.271,687.816
690.277,687.826
690.278,687.827
690.275,687.823
690.273,687.820
690.266,687.809
690.265,687.807
690.263,687.805
690.266,687.808
690.272,687.819
690.270,687.816
690.264,687.805
690.263,687.803
690.270,687.814
690.271,687.817
690.277,687.827
690.275,687.823
690.273,687.819
690.279,687.829
690.284,687.838
690.284,687.838
690.281,687.833
690.278,687.828
690.279,687.830
690.276,687.825
690.277,687.827
690.275,687.823
690.281,687.832
690.281,687.833
690.278,687.828
690.276,687.824
690.269,687.813
690.267,687.810
690.266,687.808
690.268,687.811
690.274,687.822
690.272,687.818
690.273,687.820
690.279,687.830
690.277,687.826
690.274,687.822
690.275,687.823
690.273,687.820
690.271,687.817
690.277,687.827
690.283,687.835
690.280,687.831
690.272,687.819
690.270,687.816
690.269,687.813
690.275,687.823
690.273,687.820
690.271,687.816
690.264,687.806
690.263,687.804
690.262,687.802
690.261,687.801
690.263,687.804
690.270,687.816
690.272,687.818
690.270,687.815
690.268,687.812
690.267,687.810
690.273,687.820
690.271,687.817
690.277,687.827
690.283,687.836
690.280,687.831
690.277,687.827
690.275,687.823
690.273,687.819
690.271,687.816
690.272,687.818
690.278,687.828
690.276,687.824
690.273,687.821
690.271,687.817
690.270,687.814
690.268,687.812
690.269,687.814
690.268,687.812
690.274,687.822
690.267,687.811
690.266,687.809
690.265,687.806
690.266,687.810
690.265,687.807
690.264,687.805
690.255,687.791
690.249,687.782
690.250,687.783
690.263,687.804
690.262,687.802
690.261,687.801
690.260,687.800
690.251,687.785
690.247,687.778
690.247,687.779
690.239,687.766
690.241,687.768
690.242,687.770
690.243,687.772
690.243,687.773
690.247,687.779
690.256,687.793
690.256,687.792
690.255,687.792
690.255,687.791
690.255,687.791
690.262,687.803
690.261,687.801
690.260,687.800
690.263,687.804
690.262,687.802
690.261,687.801
690.260,687.799
690.247,687.779
690.240,687.767
690.236,687.761
690.229,687.751
690.232,687.754
690.234,687.757
690.235,687.760
690.237,687.763
690.238,687.765
690.232,687.754
690.229,687.749
690.231,687.753
690.233,687.756
690.235,687.759
690.228,687.749
690.230,687.752
690.232,687.756
690.237,687.763
690.231,687.753
690.233,687.756
690.235,687.759
690.239,687.767
690.241,687.768
690.242,687.770
690.246,687.777
690.238,687.765
690.240,687.767
690.249,687.781
690.252,687.787
690.252,687.787
690.252,687.787
690.255,687.792
690.255,687.791
690.255,687.791
690.254,687.790
690.254,687.790
690.254,687.790
690.254,687.789
690.254,687.789
690.253,687.789
690.253,687.789
690.248,687.781
690.257,687.794
690.256,687.793
690.259,687.797
690.258,687.796
690.258,687.795
690.260,687.800
690.259,687.798
690.259,687.797
690.258,687.796
690.253,687.787
690.261,687.800
690.260,687.799
690.259,687.798
690.253,687.789
690.245,687.776
690.246,687.777
690.241,687.770
690.242,687.771
690.243,687.773
690.236,687.761
690.233,687.756
690.234,687.759
690.231,687.754
690.233,687.757
690.227,687.747
690.229,687.750
690.231,687.754
690.229,687.749
690.239,687.766
690.240,687.767
690.241,687.769
690.242,687.771
690.243,687.772
690.247,687.779
690.247,687.779
690.248,687.780
690.248,687.781
690.252,687.786
690.252,687.786
690.252,687.786
690.252,687.786
690.252,687.786
690.252,687.786
690.255,687.791
690.263,687.804
690.262,687.802
690.261,687.800
690.260,687.799
690.259,687.798
690.258,687.797
690.261,687.801
690.260,687.800
690.259,687.798
690.259,687.797
690.261,687.801
690.260,687.800
690.268,687.811
690.269,687.814
690.268,687.811
690.266,687.809
690.265,687.807
690.263,687.805
690.262,687.803
690.269,687.814
690.268,687.812
690.266,687.809
690.265,687.807
690.267,687.810
690.265,687.808
690.264,687.806
690.255,687.791
690.255,687.791
690.254,687.790
690.254,687.790
690.254,687.789
690.254,687.789
690.253,687.789
690.253,687.789
690.253,687.788
690.256,687.793
690.256,687.793
690.255,687.792
690.250,687.784
690.250,687.784
690.250,687.784
690.251,687.784
690.254,687.790
690.246,687.776
690.246,687.777
690.247,687.778
690.247,687.779
690.248,687.780
690.248,687.780
690.244,687.773
690.244,687.774
690.245,687.775
690.246,687.777
690.246,687.778
690.247,687.778
690.247,687.779
690.243,687.772
690.244,687.773
690.245,687.775
690.245,687.776
690.241,687.769
690.242,687.771
690.243,687.772
690.247,687.778
690.247,687.779
690.248,687.780
690.251,687.786
690.251,687.786
690.252,687.786
690.252,687.786
690.252,687.786
690.252,687.786
690.255,687.791
690.254,687.790
690.254,687.790
690.257,687.795
690.257,687.794
690.256,687.793
690.259,687.797
690.258,687.796
690.266,687.808
690.264,687.806
690.266,687.809
690.265,687.807
690.264,687.805
690.263,687.803
690.262,687.802
690.261,687.800
690.252,687.786
690.252,687.786
690.252,687.786
690.255,687.791
690.255,687.791
690.254,687.790
690.246,687.777
690.247,687.778
690.247,687.779
690.247,687.779
690.251,687.785
690.251,687.785
690.251,687.785
690.259,687.798
690.259,687.797
690.258,687.796
690.261,687.800
690.260,687.799
690.259,687.798
690.258,687.797
690.261,687.801
690.260,687.799
690.259,687.798
690.258,687.797
690.258,687.796
690.265,687.808
690.264,687.806
690.263,687.804
690.262,687.802
690.261,687.801
690.260,687.799
690.254,687.790
690.254,687.790
690.254,687.790
690.254,687.789
690.254,687.789
690.253,687.789
690.256,687.794
690.256,687.793
690.256,687.792
690.255,687.792
690.255,687.791
690.255,687.791
690.254,687.790
690.254,687.790
690.254,687.790
690.254,687.789
690.254,687.789
690.245,687.776
690.246,687.777
690.250,687.783
690.250,687.783
690.250,687.783
690.250,687.784
690.254,687.789
690.253,687.789
690.253,687.788
690.261,687.801
690.260,687.800
690.259,687.798
690.259,687.797
690.261,687.801
690.260,687.800
690.260,687.798
690.267,687.810
690.265,687.808
690.264,687.806
690.263,687.804
690.265,687.807
690.264,687.805
690.263,687.803
690.262,687.802
690.261,687.800
690.252,687.786
690.247,687.778
690.255,687.792
690.255,687.791
690.258,687.796
690.257,687.795
690.265,687.807
690.264,687.805
690.266,687.808
690.264,687.806
690.266,687.809
690.265,687.807
690.264,687.805
690.271,687.816
690.272,687.818
690.278,687.828
690.284,687.837
690.289,687.845
690.285,687.839
690.285,687.839
690.290,687.847
690.294,687.854
690.290,687.848
690.290,687.847
690.286,687.841
690.286,687.841
690.291,687.848
690.287,687.843
690.284,687.837
690.281,687.832
690.278,687.828
690.276,687.824
690.277,687.825
690.274,687.822
690.272,687.818
690.273,687.820
690.271,687.817
690.269,687.814
690.276,687.824
690.274,687.821
690.271,687.817
690.278,687.827
690.275,687.823
690.273,687.820
690.271,687.817
690.269,687.814
690.268,687.811
690.274,687.822
690.275,687.823
690.273,687.820
690.274,687.822
690.272,687.818
690.270,687.815
690.268,687.813
690.270,687.815
690.268,687.812
690.275,687.823
690.273,687.819
690.279,687.829
690.279,687.830
690.277,687.826
690.282,687.835
690.283,687.835
690.280,687.830
690.280,687.831
690.286,687.840
690.290,687.847
690.287,687.842
690.292,687.849
690.299,687.861
690.294,687.854
690.290,687.848
690.298,687.860
690.302,687.865
690.305,687.871
690.300,687.863
690.303,687.868
690.302,687.865
690.305,687.871
690.300,687.863
690.299,687.860
690.302,687.866
690.305,687.871
690.312,687.881
690.314,687.885
690.316,687.888
690.310,687.879
690.312,687.883
690.315,687.886
690.317,687.889
690.314,687.885
690.308,687.875
690.314,687.885
690.308,687.875
690.303,687.867
690.306,687.872
690.309,687.877
690.307,687.873
690.309,687.878
690.312,687.882
690.314,687.885
690.320,687.894
690.321,687.896
690.323,687.899
690.319,687.893
690.321,687.896
690.325,687.903
690.326,687.905
690.327,687.906
690.328,687.908
690.329,687.909
690.330,687.910
690.330,687.911
690.334,687.917
690.334,687.917
690.335,687.918
690.335,687.918
690.338,687.923
690.338,687.923
690.330,687.910
690.334,687.916
690.334,687.917
690.334,687.917
690.334,687.917
690.335,687.918
690.335,687.918
690.335,687.918
690.335,687.918
690.335,687.919
691.295,689.442
699.812,702.964
711.548,721.596
725.758,744.155
731.170,752.747
735.893,760.246
740.823,768.073
742.719,771.084
745.554,775.584
745.522,775.534
750.280,783.087
751.396,784.859
751.355,784.794
752.230,786.183
753.978,788.959
758.006,795.352
759.152,797.173
758.425,796.018
756.499,792.960
756.341,792.710
755.008,790.593
754.955,790.508
754.167,789.259
753.173,787.680
753.029,787.452
753.803,788.680
751.156,784.478
751.064,784.332
750.940,784.135
750.242,783.027
748.899,780.894
746.977,777.843
746.322,776.803
745.499,775.496
744.079,773.243
743.251,771.928
742.382,770.549
741.292,768.817
739.797,766.444
738.615,764.567
738.473,764.342
739.051,765.259
737.045,762.075
735.806,760.108
734.565,758.138
732.859,755.429
732.626,755.059
731.593,753.420
731.363,753.054
724.881,742.763
724.829,742.681
724.778,742.600
724.741,742.542
724.726,742.518
724.714,742.498
724.704,742.483
724.696,742.470
724.679,742.443
724.664,742.420
724.633,742.369
724.596,742.310
724.544,742.229
723.931,741.256
723.928,741.251
723.893,741.196
723.856,741.136
723.831,741.096
723.815,741.072
723.819,741.077
723.834,741.102
723.883,741.178
724.453,742.085
724.501,742.160
724.607,742.328
725.629,743.951
726.249,744.935
726.297,745.011
726.373,745.133
726.454,745.260
726.506,745.343
726.574,745.451
726.637,745.552
726.686,745.629
726.748,745.728
726.810,745.826
727.321,746.638
727.279,746.571
727.295,746.596
727.326,746.646
727.364,746.706
727.406,746.772
727.436,746.820
727.459,746.857
727.468,746.871
727.484,746.896
727.487,746.900
727.480,746.890
727.465,746.866
727.441,746.827
721.392,737.225
721.430,737.284
721.472,737.351
721.510,737.412
721.553,737.480
721.592,737.542
721.619,737.584
721.660,737.650
721.697,737.709
721.739,737.776
721.787,737.851
721.820,737.904
721.860,737.967
721.895,738.023
721.935,738.086
721.971,738.144
721.996,738.184
722.028,738.234
722.056,738.279
722.089,738.331
722.111,738.366
722.131,738.397
722.148,738.425
722.157,738.438
722.172,738.463
722.177,738.471
722.183,738.480
722.170,738.460
722.151,738.429
722.124,738.387
722.100,738.349
722.079,738.315
722.043,738.258
722.002,738.193
721.956,738.120
721.436,737.294
721.389,737.219
721.343,737.147
721.296,737.071
721.249,736.998
721.186,736.897
721.125,736.801
721.067,736.708
720.550,735.888
720.503,735.813
720.426,735.691
720.364,735.592
720.290,735.475
720.207,735.343
720.133,735.225
719.573,734.337
719.482,734.193
719.392,734.049
719.323,733.940
719.244,733.815
719.159,733.679
718.602,732.795
718.511,732.651
718.361,732.413
718.263,732.256
718.203,732.161
718.162,732.097
718.119,732.027
717.544,731.115
717.497,731.040
717.421,730.920
717.360,730.823
717.268,730.677
717.189,730.551
717.118,730.439
717.051,730.332
716.986,730.230
716.933,730.146
716.400,729.299
716.396,729.292
716.366,729.244
716.350,729.220
716.323,729.176
716.303,729.145
716.275,729.101
716.254,729.068
716.226,729.023
716.214,729.003
716.193,728.971
716.166,728.927
716.152,728.906
716.140,728.887
716.121,728.856
716.104,728.828
716.097,728.818
716.083,728.796
716.079,728.789
716.075,728.784
716.063,728.765
716.053,728.748
716.052,728.746
716.042,728.731
716.034,728.718
716.026,728.706
716.019,728.695
716.013,728.685
716.016,728.690
716.019,728.694
716.021,728.697
716.023,728.701
716.025,728.704
716.027,728.706
716.028,728.709
716.030,728.711
716.031,728.713
716.032,728.715
716.033,728.716
716.034,728.718
716.043,728.733
716.051,728.746
716.059,728.758
716.066,728.769
716.072,728.778
716.078,728.787
716.083,728.795
716.087,728.803
716.091,728.809
716.095,728.815
716.107,728.834
716.117,728.851
716.135,728.879
716.143,728.891
716.159,728.916
716.173,728.938
716.185,728.958
716.197,728.976
716.207,728.993
716.217,729.008
716.225,729.022
716.233,729.034
716.248,729.058
716.262,729.080
716.275,729.100
716.286,729.118
716.297,729.135
716.314,729.163
716.330,729.188
716.345,729.211
716.358,729.232
716.370,729.251
716.380,729.268
716.390,729.283
716.399,729.297
716.415,729.323
716.430,729.346
716.443,729.368
716.455,729.387
716.466,729.404
716.476,729.420
716.485,729.434
716.484,729.433
716.493,729.446
716.500,729.458
716.498,729.455
716.505,729.466
716.503,729.462
716.501,729.459
716.499,729.457
716.506,729.467
716.512,729.477
716.509,729.472
716.515,729.481
716.520,729.490
716.525,729.498
716.529,729.504
716.525,729.497
716.521,729.491
716.517,729.485
716.514,729.480
716.511,729.475
716.508,729.471
716.506,729.467
716.503,729.463
716.493,729.447
716.492,729.445
716.482,729.430
716.474,729.417
716.467,729.405
716.460,729.394
716.454,729.384
716.448,729.375
716.435,729.354
716.422,729.335
716.411,729.317
716.401,729.301
716.384,729.274
716.377,729.262
716.370,729.251
716.356,729.229
716.343,729.208
716.331,729.189
716.320,729.172
716.310,729.157
716.302,729.143
716.294,729.131
716.287,729.119
716.280,729.109
716.274,729.100
716.261,729.078
716.257,729.072
716.253,729.066
716.250,729.061
716.247,729.056
716.236,729.038
716.226,729.022
716.217,729.008
716.209,728.995
716.201,728.983
716.194,728.973
716.188,728.963
716.183,728.954
716.178,728.947
716.173,728.939
716.169,728.933
716.166,728.927
716.154,728.909
716.143,728.892
716.142,728.890
716.133,728.875
716.124,728.861
716.116,728.849
716.109,728.838
716.095,728.814
716.081,728.793
716.069,728.774
716.058,728.757
716.040,728.728
716.024,728.702
716.000,728.665
715.980,728.632
715.961,728.602
715.943,728.574
715.920,728.537
715.898,728.502
715.870,728.458
715.845,728.417
715.822,728.381
715.801,728.348
715.774,728.305
715.749,728.266
715.727,728.230
715.707,728.198
715.680,728.156
715.656,728.118
715.634,728.084
715.598,728.026
715.565,727.973
715.535,727.926
715.500,727.871
715.468,727.820
715.431,727.761
715.398,727.708
715.359,727.647
715.324,727.591
715.292,727.540
715.255,727.481
715.214,727.415
715.176,727.356
715.134,727.288
715.086,727.213
715.043,727.145
714.997,727.072
714.954,727.004
714.907,726.929
714.385,726.100
714.338,726.026
714.291,725.950
714.246,725.879
714.200,725.806
714.153,725.732
714.091,725.633
714.031,725.538
713.972,725.444
713.923,725.367
713.873,725.287
713.820,725.204
713.766,725.117
713.718,725.042
713.158,724.153
713.155,724.148
713.125,724.100
713.087,724.039
713.045,723.973
713.017,723.929
712.983,723.874
712.931,723.792
712.880,723.710
712.837,723.642
712.790,723.569
712.743,723.493
712.691,723.411
712.646,723.340
712.599,723.265
712.558,723.199
712.512,723.127
712.472,723.063
711.932,722.206
711.935,722.211
711.903,722.159
711.867,722.102
711.824,722.034
711.795,721.988
711.762,721.936
711.737,721.896
711.705,721.846
711.678,721.802
711.646,721.752
711.620,721.710
711.597,721.673
711.576,721.640
711.540,721.584
711.508,721.532
711.480,721.489
711.447,721.436
711.418,721.390
711.383,721.334
711.351,721.283
711.323,721.238
711.298,721.199
711.267,721.149
711.230,721.092
711.206,721.053
711.184,721.018
711.156,720.974
711.130,720.933
711.099,720.884
711.071,720.839
711.037,720.785
711.006,720.736
710.979,720.692
710.954,720.652
710.931,720.616
710.902,720.571
710.876,720.529
710.844,720.479
710.815,720.433
710.789,720.391
710.766,720.354
710.736,720.307
710.717,720.277
710.692,720.238
710.661,720.188
710.642,720.157
710.624,720.129
710.601,720.092
710.570,720.044
710.542,720.000
710.526,719.973
710.502,719.936
710.482,719.904
710.463,719.874
710.446,719.846
710.430,719.821
710.416,719.798
710.403,719.778
710.391,719.759
710.380,719.742
710.371,719.727
710.355,719.702
710.340,719.678
710.326,719.655
710.313,719.635
710.295,719.606
710.277,719.577
710.260,719.552
710.245,719.528
710.232,719.507
710.212,719.475
710.193,719.445
710.177,719.419
710.163,719.397
710.149,719.375
710.128,719.342
710.118,719.325
710.100,719.297
710.084,719.272
710.069,719.248
710.049,719.217
710.030,719.186
710.012,719.157
709.988,719.119
709.967,719.086
709.955,719.067
709.936,719.037
709.919,719.010
709.897,718.974
709.883,718.953
709.864,718.923
709.846,718.894
709.829,718.867
709.807,718.832
709.787,718.800
709.759,718.756
709.734,718.716
709.711,718.680
709.682,718.634
709.664,718.606
709.640,718.567
709.618,718.532
709.591,718.489
709.567,718.451
709.545,718.416
709.515,718.369
709.490,718.329
709.465,718.290
709.437,718.244
709.409,718.200
709.377,718.150
709.348,718.104
709.321,718.060
709.289,718.010
709.261,717.965
709.226,717.910
709.195,717.861
709.167,717.817
709.142,717.776
709.111,717.727
709.083,717.682
709.047,717.626
709.025,717.591
707.529,715.215
707.488,715.150
707.457,715.101
707.422,715.046
707.389,714.994
707.345,714.923
707.311,714.869
707.272,714.807
707.237,714.751
707.190,714.678
707.156,714.624
707.116,714.559
707.070,714.488
706.494,713.573
706.481,713.551
706.454,713.509
706.463,713.523
706.445,713.495
706.453,713.508
706.459,713.517
706.447,713.498
706.441,713.489
706.436,713.481
706.419,713.453
706.405,713.430
704.236,709.988
704.206,709.940
704.184,709.905
704.156,709.861
704.133,709.824
704.110,709.788
704.092,709.758
704.067,709.719
704.042,709.679
704.013,709.634
703.993,709.602
703.970,709.565
703.948,709.531
703.929,709.500
703.909,709.468
703.885,709.430
703.863,709.396
703.844,709.364
703.826,709.336
703.810,709.311
703.795,709.288
703.782,709.267
703.770,709.248
703.751,709.218
703.734,709.191
703.719,709.166
703.705,709.144
703.692,709.124
703.672,709.093
703.660,709.073
703.641,709.043
703.626,709.019
703.621,709.011
703.608,708.990
703.594,708.967
703.583,708.951
703.574,708.936
703.557,708.910
703.548,708.895
703.533,708.872
703.518,708.848
703.507,708.830
703.496,708.813
703.487,708.798
703.479,708.785
703.471,708.773
703.456,708.749
703.442,708.727
703.430,708.707
703.416,708.686
