# Physical_Baseline=686.23pF, Trigger_Distance=100.0cm, Atten_Ratio=100.00
Raw_Capacitance(pF),Normalized_Capacitance(pF)
686.233,686.230
686.234,686.233
686.241,686.250
686.242,686.252
686.228,686.219
686.230,686.223
686.237,686.241
686.239,686.244
686.240,686.247
686.238,686.243
686.239,686.245
686.232,686.228
686.231,686.226
686.233,686.230
686.232,686.228
686.234,686.232
686.235,686.235
686.242,686.252
686.235,686.234
686.228,686.218
686.235,686.236
686.237,686.240
686.238,686.242
686.237,686.239
686.238,686.242
686.231,686.225
686.230,686.223
686.232,686.227
686.231,686.225
686.225,686.210
686.227,686.216
686.227,686.215
686.229,686.220
686.231,686.225
686.230,686.223
686.232,686.227
686.233,686.231
686.240,686.249
686.241,686.251
686.240,686.246
686.240,686.249
686.241,686.251
686.240,686.246
686.240,686.249
686.241,686.251
686.240,686.246
686.240,686.249
686.239,686.245
686.237,686.241
686.238,686.244
686.237,686.240
686.238,686.243
686.239,686.246
686.238,686.242
686.239,686.244
686.240,686.247
686.238,686.243
686.239,686.246
686.240,686.248
686.238,686.244
686.239,686.246
686.238,686.242
686.239,686.245
686.240,686.247
686.246,686.263
686.239,686.244
686.232,686.227
686.231,686.225
686.224,686.209
686.224,686.209
686.227,686.215
686.221,686.200
686.229,686.221
686.231,686.225
686.233,686.229
686.232,686.227
686.233,686.231
686.232,686.229
686.232,686.227
686.225,686.211
686.225,686.211
686.227,686.216
686.229,686.221
686.229,686.220
686.231,686.225
686.232,686.229
686.234,686.233
686.235,686.236
686.234,686.233
686.236,686.237
686.234,686.234
686.236,686.237
686.237,686.240
686.244,686.257
686.236,686.238
686.237,686.241
686.236,686.238
686.237,686.241
686.238,686.244
686.237,686.240
686.230,686.223
686.232,686.227
686.233,686.232
686.235,686.235
686.242,686.252
686.242,686.254
686.241,686.249
686.239,686.245
686.240,686.248
686.238,686.244
686.239,686.246
686.240,686.248
686.239,686.244
686.240,686.247
686.241,686.249
686.239,686.245
686.240,686.247
686.233,686.230
686.232,686.227
686.233,686.232
686.240,686.249
686.239,686.245
686.240,686.247
686.238,686.243
686.239,686.246
686.240,686.248
686.239,686.244
686.240,686.246
686.240,686.249
686.239,686.245
686.240,686.247
686.246,686.263
686.246,686.263
686.239,686.244
686.237,686.241
686.238,686.243
686.239,686.246
686.246,686.262
686.246,686.263
686.246,686.263
686.244,686.258
686.245,686.259
686.245,686.260
686.251,686.275
686.251,686.274
686.248,686.268
686.248,686.268
686.248,686.268
686.246,686.262
686.246,686.263
686.255,686.283
686.252,686.276
686.251,686.275
686.251,686.275
686.256,686.288
686.256,686.286
686.253,686.279
686.252,686.278
686.252,686.277
686.257,686.290
686.256,686.288
686.256,686.286
686.260,686.298
686.259,686.295
686.256,686.287
686.255,686.285
686.247,686.264
686.244,686.258
686.237,686.240
686.238,686.243
686.237,686.239
686.238,686.242
686.244,686.258
686.242,686.253
686.235,686.235
686.234,686.232
686.235,686.236
686.242,686.253
686.243,686.255
686.243,686.256
686.241,686.251
686.242,686.253
686.243,686.255
686.241,686.250
686.242,686.252
686.240,686.247
686.241,686.250
686.242,686.252
686.240,686.247
686.241,686.249
686.233,686.232
686.232,686.229
686.234,686.233
686.235,686.236
686.242,686.253
686.243,686.255
686.249,686.270
686.241,686.250
686.234,686.232
686.235,686.236
686.237,686.239
686.238,686.242
686.244,686.258
686.237,686.239
686.230,686.223
686.237,686.241
686.238,686.244
686.239,686.246
686.246,686.262
686.246,686.263
686.246,686.263
686.244,686.258
686.245,686.259
686.245,686.260
686.245,686.261
686.246,686.262
686.244,686.257
686.236,686.238
686.229,686.221
686.229,686.220
686.223,686.205
686.225,686.211
686.225,686.211
686.227,686.216
686.229,686.221
686.229,686.220
686.231,686.225
686.230,686.223
686.229,686.221
686.231,686.226
686.230,686.224
686.232,686.228
686.234,686.232
686.233,686.230
686.234,686.233
686.236,686.237
686.234,686.234
686.236,686.237
686.229,686.221
686.236,686.239
686.238,686.242
686.239,686.245
686.237,686.241
686.236,686.238
686.237,686.241
686.236,686.237
686.235,686.234
686.236,686.238
686.237,686.241
686.236,686.237
686.237,686.240
686.236,686.237
686.237,686.240
686.230,686.223
686.232,686.228
686.234,686.232
686.235,686.235
686.234,686.232
686.233,686.230
686.234,686.234
686.233,686.231
686.227,686.215
686.229,686.220
686.228,686.219
686.230,686.224
686.224,686.208
686.224,686.208
686.224,686.208
686.218,686.194
686.219,686.195
686.214,686.183
686.217,686.191
686.218,686.192
686.221,686.200
686.215,686.187
686.208,686.169
686.209,686.172
686.213,686.182
686.209,686.170
686.210,686.174
686.206,686.163
686.210,686.173
686.203,686.157
686.199,686.148
686.204,686.159
686.198,686.144
686.200,686.150
686.205,686.161
686.209,686.171
686.202,686.155
686.199,686.146
686.196,686.138
686.198,686.145
686.203,686.157
686.207,686.167
686.209,686.171
686.213,686.180
686.216,686.189
686.217,686.191
686.220,686.198
686.223,686.205
686.223,686.205
686.217,686.191
686.218,686.193
686.221,686.200
686.215,686.187
686.216,686.189
686.225,686.210
686.219,686.196
686.222,686.203
686.222,686.204
686.225,686.210
686.216,686.190
686.217,686.191
686.212,686.179
686.208,686.168
686.209,686.171
686.205,686.161
686.201,686.152
686.203,686.157
686.207,686.167
686.211,686.177
686.213,686.180
686.216,686.188
686.211,686.176
686.212,686.179
686.216,686.188
686.211,686.176
686.212,686.179
686.216,686.187
686.211,686.176
686.206,686.165
686.208,686.169
686.204,686.159
686.208,686.169
686.210,686.173
686.205,686.162
686.201,686.153
686.203,686.158
686.200,686.149
686.196,686.140
686.199,686.147
686.196,686.139
686.193,686.131
686.196,686.138
686.201,686.151
686.197,686.142
686.200,686.148
686.196,686.140
686.201,686.153
686.203,686.158
686.205,686.162
686.202,686.153
686.198,686.144
686.200,686.150
686.205,686.162
686.201,686.152
686.203,686.157
686.200,686.148
686.204,686.160
686.206,686.164
686.210,686.174
686.206,686.164
686.210,686.174
686.211,686.177
686.207,686.166
686.211,686.176
686.212,686.179
686.207,686.167
686.211,686.177
686.215,686.186
686.216,686.188
686.219,686.196
686.222,686.203
686.222,686.203
686.217,686.190
686.220,686.198
686.220,686.198
686.212,686.179
686.208,686.168
686.204,686.158
686.206,686.163
686.210,686.173
686.205,686.162
686.207,686.167
686.201,686.151
686.205,686.162
686.201,686.152
686.195,686.138
686.201,686.150
686.205,686.162
686.207,686.166
686.211,686.176
686.206,686.165
686.208,686.169
686.209,686.172
686.213,686.182
686.206,686.164
686.208,686.168
686.212,686.178
686.207,686.167
686.201,686.151
686.197,686.142
686.194,686.135
686.192,686.128
686.203,686.155
686.199,686.146
686.204,686.158
686.206,686.163
686.202,686.153
686.206,686.164
686.208,686.168
686.204,686.158
686.200,686.149
686.202,686.154
686.204,686.159
686.208,686.170
686.204,686.159
686.206,686.164
686.202,686.154
686.207,686.165
686.208,686.169
686.212,686.179
686.216,686.187
686.216,686.189
686.219,686.197
686.214,686.184
686.215,686.186
686.218,686.194
686.206,686.163
686.210,686.173
686.211,686.176
686.215,686.185
686.210,686.173
686.203,686.157
686.205,686.161
686.209,686.172
686.203,686.155
686.196,686.140
686.193,686.133
686.191,686.126
686.194,686.134
686.191,686.127
686.189,686.121
686.194,686.135
686.189,686.122
686.187,686.116
686.193,686.131
686.195,686.138
686.198,686.144
686.195,686.137
686.198,686.143
686.200,686.149
686.205,686.161
686.202,686.154
686.198,686.145
686.201,686.151
686.203,686.156
686.207,686.167
686.203,686.157
686.205,686.162
686.201,686.152
686.198,686.144
686.200,686.149
686.202,686.155
686.207,686.166
686.208,686.170
686.210,686.173
686.213,686.182
686.209,686.171
686.210,686.174
686.206,686.163
686.202,686.154
686.204,686.159
686.200,686.150
686.197,686.141
686.194,686.134
686.197,686.141
686.202,686.153
686.204,686.158
686.205,686.162
686.210,686.173
686.203,686.156
686.199,686.147
686.204,686.159
686.208,686.169
686.210,686.173
686.213,686.182
686.209,686.171
686.210,686.174
686.211,686.177
686.207,686.166
686.203,686.156
686.205,686.161
686.201,686.151
686.198,686.143
686.200,686.149
686.197,686.141
686.202,686.153
686.204,686.158
686.197,686.143
686.194,686.135
686.192,686.128
686.187,686.116
686.184,686.111
686.183,686.106
686.189,686.122
686.192,686.130
686.189,686.123
686.195,686.137
686.198,686.144
686.195,686.136
686.192,686.129
686.195,686.136
686.197,686.143
686.194,686.135
686.197,686.142
686.192,686.128
686.189,686.122
686.184,686.110
686.188,686.119
686.186,686.114
686.184,686.109
686.179,686.098
686.186,686.115
686.192,686.129
686.187,686.117
686.185,686.112
686.183,686.107
686.187,686.116
686.190,686.125
686.188,686.119
686.186,686.114
686.189,686.122
686.195,686.136
686.192,686.129
686.195,686.137
686.190,686.123
686.195,686.137
686.200,686.150
686.203,686.155
686.207,686.166
686.211,686.176
686.212,686.179
686.208,686.168
686.203,686.158
686.205,686.162
686.207,686.167
686.203,686.157
686.205,686.161
686.207,686.165
686.203,686.156
686.199,686.147
686.201,686.152
686.198,686.144
686.203,686.156
686.205,686.161
686.209,686.171
686.213,686.180
686.214,686.183
686.217,686.191
686.220,686.199
686.220,686.199
686.213,686.180
686.208,686.169
686.212,686.179
686.213,686.181
686.216,686.190
686.220,686.197
686.220,686.198
686.215,686.185
686.218,686.193
686.226,686.214
686.226,686.213
686.220,686.199
686.220,686.199
686.221,686.200
686.215,686.187
686.219,686.195
686.211,686.176
686.215,686.185
686.210,686.173
686.214,686.182
686.214,686.185
686.210,686.173
686.205,686.162
686.207,686.167
686.211,686.176
686.215,686.185
686.215,686.187
686.208,686.169
686.212,686.179
686.216,686.187
686.208,686.170
686.210,686.173
686.205,686.162
686.202,686.153
686.204,686.158
686.200,686.149
686.197,686.140
686.193,686.133
686.188,686.120
686.186,686.115
686.192,686.129
686.195,686.137
686.198,686.143
686.203,686.155
686.199,686.146
686.193,686.132
686.188,686.119
686.186,686.114
686.184,686.109
686.188,686.118
686.193,686.133
686.191,686.126
686.196,686.140
686.191,686.126
686.188,686.120
686.186,686.114
686.184,686.110
686.180,686.099
686.178,686.096
686.177,686.092
686.181,686.103
686.177,686.093
686.176,686.090
686.175,686.088
686.174,686.085
686.171,686.077
686.170,686.076
686.170,686.074
686.175,686.087
686.171,686.078
686.171,686.077
686.178,686.095
686.174,686.086
686.171,686.078
686.178,686.096
686.177,686.093
686.174,686.084
686.173,686.082
686.172,686.080
686.171,686.078
686.176,686.090
686.175,686.088
686.174,686.085
686.179,686.097
686.183,686.107
686.189,686.123
686.187,686.117
686.190,686.125
686.193,686.133
686.199,686.146
686.195,686.138
686.190,686.125
686.185,686.113
686.191,686.128
686.189,686.121
686.184,686.110
686.182,686.105
686.186,686.115
686.190,686.123
686.187,686.118
686.185,686.112
686.181,686.102
686.179,686.098
686.186,686.114
686.181,686.103
686.177,686.093
686.176,686.090
686.183,686.107
686.179,686.097
686.175,686.088
686.174,686.085
686.173,686.083
686.170,686.075
686.169,686.074
686.169,686.073
686.166,686.066
686.164,686.059
686.164,686.060
686.172,686.080
686.171,686.078
686.168,686.070
686.168,686.070
686.167,686.069
686.165,686.062
686.170,686.076
686.170,686.074
686.169,686.073
686.174,686.086
686.179,686.097
686.178,686.094
686.184,686.111
686.180,686.100
686.176,686.090
686.175,686.088
686.174,686.085
686.171,686.077
686.176,686.089
686.175,686.087
686.174,686.084
686.173,686.082
686.170,686.074
686.169,686.073
686.169,686.072
686.176,686.091
686.173,686.082
686.178,686.094
686.176,686.091
686.175,686.088
686.174,686.086
686.179,686.097
686.183,686.108
686.181,686.103
686.180,686.099
686.184,686.109
686.180,686.099
686.178,686.095
686.177,686.092
686.181,686.103
686.185,686.113
686.183,686.108
686.182,686.104
686.180,686.100
686.176,686.090
686.175,686.087
686.174,686.085
686.171,686.077
686.176,686.089
686.175,686.086
686.174,686.084
686.173,686.082
686.178,686.094
686.174,686.085
686.173,686.083
686.172,686.081
686.169,686.073
686.166,686.066
686.166,686.066
686.166,686.065
686.166,686.065
686.163,686.059
686.171,686.079
686.171,686.077
686.170,686.076
686.167,686.068
686.165,686.062
686.165,686.062
686.165,686.062
686.165,686.062
686.162,686.056
686.160,686.050
686.160,686.051
686.161,686.052
686.161,686.053
686.159,686.048
686.160,686.049
686.160,686.051
686.161,686.052
686.167,686.066
686.164,686.060
686.164,686.060
686.164,686.060
686.164,686.060
686.170,686.074
686.167,686.067
686.167,686.067
686.166,686.066
686.172,686.079
686.177,686.091
686.184,686.108
686.182,686.104
686.178,686.094
686.182,686.105
686.180,686.101
686.179,686.097
686.183,686.107
686.179,686.097
686.186,686.113
686.184,686.109
686.182,686.104
686.186,686.114
686.189,686.123
686.187,686.117
686.193,686.131
686.188,686.119
686.183,686.107
686.181,686.103
686.180,686.099
686.178,686.096
686.175,686.086
686.174,686.084
686.173,686.082
686.172,686.080
686.177,686.092
686.173,686.083
686.173,686.081
686.172,686.080
686.171,686.078
686.168,686.070
686.165,686.064
686.165,686.063
686.165,686.063
686.171,686.077
686.168,686.069
686.167,686.069
686.167,686.068
686.172,686.081
686.177,686.093
686.176,686.090
686.175,686.087
686.174,686.085
686.171,686.077
686.168,686.069
686.167,686.069
686.167,686.068
686.172,686.081
686.177,686.093
686.176,686.090
686.175,686.087
686.174,686.085
686.171,686.077
686.170,686.075
686.170,686.074
686.169,686.073
686.174,686.085
686.173,686.083
686.172,686.081
686.164,686.060
686.161,686.054
686.167,686.068
686.167,686.068
686.167,686.067
686.167,686.067
686.164,686.060
686.164,686.060
686.164,686.060
686.164,686.061
686.162,686.055
686.160,686.049
686.168,686.070
686.168,686.069
686.165,686.063
686.162,686.057
686.171,686.077
686.162,686.056
686.160,686.050
686.158,686.045
686.159,686.047
686.159,686.048
686.160,686.050
686.166,686.065
686.163,686.058
686.169,686.072
686.166,686.065
686.166,686.065
686.166,686.064
686.163,686.058
686.161,686.052
686.161,686.053
686.161,686.054
686.159,686.049
686.165,686.064
686.157,686.044
686.158,686.045
686.159,686.047
686.165,686.062
686.173,686.082
686.172,686.080
686.171,686.078
686.176,686.091
686.181,686.102
686.179,686.098
686.178,686.094
686.177,686.091
686.181,686.102
686.185,686.112
686.183,686.107
686.173,686.083
686.173,686.081
686.180,686.099
686.176,686.090
686.172,686.081
686.172,686.079
686.179,686.097
686.178,686.094
686.182,686.105
686.180,686.101
686.179,686.097
686.178,686.094
686.174,686.085
686.165,686.063
686.165,686.063
686.165,686.063
686.162,686.057
686.160,686.051
686.161,686.052
686.169,686.073
686.174,686.085
686.179,686.097
686.177,686.094
686.176,686.091
686.173,686.082
686.167,686.069
686.175,686.088
686.174,686.086
686.179,686.097
686.186,686.113
686.184,686.109
686.182,686.104
686.178,686.094
686.177,686.091
686.175,686.088
686.174,686.086
686.171,686.078
686.168,686.070
686.168,686.069
686.167,686.069
686.165,686.062
686.162,686.056
686.162,686.057
686.171,686.077
686.170,686.076
686.167,686.068
686.164,686.062
686.173,686.081
686.172,686.080
686.169,686.072
686.166,686.065
686.166,686.065
686.166,686.064
686.163,686.058
686.169,686.072
686.168,686.071
686.168,686.070
686.168,686.070
686.165,686.063
686.163,686.057
686.163,686.057
686.171,686.077
686.178,686.096
686.175,686.086
686.171,686.078
686.179,686.096
686.177,686.093
686.174,686.084
686.170,686.076
686.170,686.074
686.177,686.093
686.176,686.090
686.172,686.081
686.172,686.079
686.171,686.078
686.170,686.076
686.175,686.089
686.172,686.080
686.179,686.098
686.178,686.095
686.177,686.091
686.173,686.083
686.170,686.075
686.177,686.093
686.176,686.090
686.175,686.087
686.172,686.079
686.168,686.071
686.168,686.070
686.168,686.070
686.167,686.069
686.173,686.082
686.172,686.080
686.171,686.078
686.171,686.077
686.176,686.089
686.172,686.081
686.180,686.099
686.178,686.095
686.177,686.092
686.181,686.103
686.169,686.073
686.169,686.072
686.168,686.071
686.168,686.070
686.165,686.064
686.171,686.077
686.170,686.076
686.170,686.074
686.169,686.073
686.174,686.086
686.171,686.077
686.170,686.076
686.170,686.075
686.167,686.067
686.164,686.061
686.156,686.041
686.157,686.043
686.158,686.045
686.164,686.060
686.170,686.074
686.161,686.053
686.161,686.054
686.167,686.068
686.165,686.062
686.165,686.062
686.165,686.062
686.165,686.062
686.162,686.056
686.160,686.050
686.152,686.032
686.146,686.015
686.139,686.000
686.147,686.019
686.147,686.017
686.148,686.021
686.142,686.006
686.144,686.011
686.143,686.010
686.143,686.009
686.145,686.014
686.147,686.018
686.154,686.036
686.153,686.033
686.154,686.036
686.155,686.038
686.156,686.040
686.154,686.036
686.153,686.033
686.154,686.036
686.155,686.038
686.156,686.040
686.157,686.043
686.155,686.038
686.154,686.035
686.152,686.031
686.145,686.014
686.139,685.999
686.142,686.005
686.141,686.004
686.144,686.010
686.146,686.015
686.147,686.019
686.147,686.017
686.154,686.035
686.152,686.032
686.154,686.035
686.147,686.018
686.148,686.022
686.147,686.020
686.147,686.018
686.148,686.022
686.150,686.026
686.151,686.029
686.150,686.026
686.157,686.043
686.150,686.025
686.151,686.029
686.144,686.012
686.144,686.011
686.143,686.009
686.143,686.008
686.137,685.994
686.140,686.000
686.134,685.986
686.137,685.994
686.137,685.994
686.137,685.994
686.137,685.995
686.140,686.001
686.142,686.007
686.145,686.012
686.152,686.031
686.145,686.014
686.147,686.018
686.149,686.023
686.150,686.026
686.149,686.024
686.140,686.002
686.143,686.007
686.145,686.013
686.147,686.017
686.148,686.021
686.139,686.000
686.139,685.999
686.131,685.980
686.126,685.968
686.130,685.977
686.133,685.985
686.134,685.986
686.134,685.987
686.129,685.975
686.133,685.983
686.136,685.991
686.138,685.997
686.138,685.997
686.139,685.998
686.141,686.004
686.143,686.009
686.137,685.995
686.140,686.001
686.140,686.001
686.132,685.981
686.135,685.988
686.138,685.995
686.132,685.982
686.135,685.990
686.136,685.991
686.136,685.991
686.136,685.992
686.139,685.999
686.141,686.005
686.144,686.010
686.138,685.995
686.138,685.995
686.138,685.996
686.132,685.982
686.127,685.970
686.123,685.959
686.127,685.969
686.128,685.972
686.137,685.994
686.137,685.994
686.132,685.981
686.135,685.989
686.130,685.976
686.131,685.978
686.123,685.960
686.127,685.970
686.131,685.979
686.134,685.987
686.129,685.974
686.130,685.976
686.131,685.978
686.134,685.986
686.129,685.974
686.132,685.982
686.127,685.970
686.123,685.959
686.124,685.963
686.126,685.966
686.127,685.969
686.131,685.978
686.134,685.986
686.129,685.974
686.122,685.956
686.123,685.960
686.117,685.944
686.121,685.955
686.126,685.966
686.121,685.955
686.117,685.945
686.119,685.950
686.121,685.955
686.123,685.959
686.119,685.949
686.115,685.940
686.112,685.932
686.114,685.938
686.117,685.944
686.119,685.949
686.115,685.940
686.120,685.952
686.124,685.962
686.128,685.972
686.129,685.974
686.130,685.977
686.131,685.979
686.134,685.987
686.137,685.994
686.140,686.000
686.140,686.000
686.140,686.000
686.142,686.006
686.144,686.011
686.146,686.016
686.140,686.001
686.140,686.000
686.140,686.000
686.142,686.006
686.144,686.011
686.138,685.996
686.138,685.997
686.138,685.997
686.141,686.003
686.143,686.008
686.145,686.014
686.144,686.012
686.144,686.011
686.135,685.990
686.138,685.997
686.141,686.003
686.135,685.989
686.135,685.990
686.136,685.991
686.138,685.997
686.133,685.984
686.136,685.991
686.139,685.998
686.139,685.998
686.139,685.998
686.139,685.998
686.139,685.998
686.141,686.004
686.143,686.010
686.143,686.009
686.143,686.008
686.142,686.007
686.142,686.006
686.136,685.992
686.131,685.978
686.134,685.986
686.135,685.988
686.135,685.989
686.138,685.996
686.140,686.002
686.143,686.008
686.142,686.007
686.142,686.006
686.142,686.005
686.136,685.991
686.130,685.978
686.126,685.966
686.127,685.969
686.128,685.972
686.121,685.955
686.125,685.965
686.121,685.954
686.125,685.965
686.129,685.974
686.130,685.976
686.131,685.978
686.132,685.980
686.127,685.968
686.122,685.958
686.126,685.967
686.128,685.970
686.129,685.973
686.130,685.976
686.133,685.984
686.136,685.991
686.131,685.978
686.126,685.966
686.127,685.969
686.136,685.992
686.136,685.992
686.139,685.999
686.134,685.985
686.137,685.993
686.131,685.979
686.132,685.981
686.133,685.983
686.133,685.984
686.136,685.992
686.139,685.998
686.141,686.004
686.136,685.990
686.136,685.991
686.136,685.992
686.136,685.992
686.131,685.979
686.126,685.967
686.130,685.976
686.133,685.984
686.134,685.986
686.134,685.987
686.129,685.974
686.124,685.963
686.120,685.952
686.116,685.943
686.119,685.948
686.121,685.953
686.122,685.958
686.118,685.948
686.123,685.958
686.119,685.949
686.123,685.959
686.119,685.949
686.113,685.934
686.115,685.940
686.110,685.926
686.115,685.939
686.112,685.931
686.117,685.943
686.113,685.935
686.110,685.927
686.113,685.934
686.115,685.940
686.117,685.946
686.114,685.937
686.119,685.949
686.123,685.960
686.127,685.969
686.128,685.972
686.129,685.975
686.133,685.983
686.128,685.971
686.123,685.960
686.125,685.963
686.126,685.967
686.127,685.970
686.120,685.953
686.125,685.963
686.120,685.953
686.117,685.943
686.113,685.935
686.115,685.941
686.118,685.946
686.114,685.938
686.119,685.949
686.123,685.960
686.119,685.950
686.121,685.955
686.123,685.959
686.124,685.963
686.128,685.972
686.124,685.961
686.128,685.970
686.131,685.979
686.126,685.967
686.128,685.970
686.121,685.953
686.122,685.958
686.126,685.968
686.130,685.977
686.125,685.965
686.129,685.974
686.130,685.976
686.131,685.978
686.126,685.967
686.118,685.947
686.122,685.958
686.126,685.967
686.128,685.970
686.129,685.973
686.122,685.956
686.126,685.966
686.129,685.975
686.133,685.983
686.136,685.991
686.131,685.978
686.131,685.980
686.132,685.982
686.135,685.989
686.130,685.976
686.133,685.984
686.136,685.992
686.136,685.992
686.137,685.993
686.129,685.974
686.124,685.962
686.120,685.952
686.124,685.963
686.128,685.972
686.129,685.975
686.104,685.913
686.102,685.908
686.106,685.916
686.101,685.904
686.096,685.893
686.092,685.884
686.091,685.881
686.090,685.878
686.089,685.876
686.088,685.874
686.088,685.872
686.087,685.870
686.084,685.863
686.089,685.876
686.094,685.887
686.098,685.898
686.096,685.894
686.095,685.890
686.102,685.906
686.097,685.895
686.093,685.885
686.097,685.896
686.101,685.906
686.099,685.901
686.106,685.916
686.103,685.910
686.109,685.925
686.106,685.918
686.112,685.932
686.106,685.918
686.110,685.926
686.104,685.913
686.102,685.908
686.100,685.902
686.098,685.898
686.096,685.894
686.095,685.890
686.099,685.900
686.095,685.890
686.099,685.900
686.105,685.916
686.103,685.910
686.101,685.904
686.099,685.900
686.097,685.895
686.093,685.885
686.097,685.896
686.101,685.906
686.105,685.915
686.100,685.903
686.098,685.898
686.097,685.894
686.095,685.890
686.094,685.887
686.100,685.904
686.104,685.913
686.099,685.901
686.103,685.910
686.107,685.919
686.104,685.913
686.110,685.927
686.107,685.920
686.113,685.933
686.107,685.920
686.102,685.908
686.098,685.896
686.101,685.906
686.099,685.901
686.106,685.916
686.103,685.910
686.101,685.905
686.099,685.900
686.097,685.896
686.101,685.906
686.097,685.895
686.101,685.905
686.099,685.900
686.097,685.895
686.096,685.892
686.094,685.888
686.093,685.885
686.100,685.902
686.103,685.911
686.099,685.899
686.103,685.909
686.100,685.904
686.099,685.899
686.097,685.895
686.095,685.891
686.091,685.881
686.096,685.892
686.092,685.883
686.088,685.874
686.085,685.866
686.093,685.885
686.092,685.882
686.090,685.879
686.089,685.877
686.097,685.894
686.101,685.904
686.096,685.893
686.092,685.884
686.091,685.881
686.090,685.878
686.097,685.896
686.096,685.892
686.094,685.888
686.093,685.885
686.089,685.876
686.094,685.888
686.093,685.884
686.091,685.882
686.098,685.899
686.097,685.895
686.103,685.910
686.101,685.905
686.099,685.900
686.097,685.896
686.096,685.892
686.092,685.882
686.096,685.893
686.092,685.884
686.089,685.875
686.088,685.873
686.087,685.871
686.086,685.869
686.086,685.868
686.085,685.866
686.085,685.865
686.090,685.878
686.087,685.870
686.084,685.862
686.089,685.875
686.096,685.893
686.094,685.889
686.101,685.905
686.099,685.900
686.105,685.916
686.103,685.910
686.106,685.918
686.109,685.926
686.112,685.933
686.115,685.939
686.109,685.925
686.106,685.918
686.112,685.932
686.109,685.924
686.114,685.938
686.119,685.949
686.113,685.934
686.115,685.941
686.118,685.946
686.120,685.951
686.122,685.956
686.118,685.946
686.114,685.937
686.111,685.929
686.108,685.922
686.111,685.929
686.105,685.916
686.109,685.924
686.104,685.911
686.107,685.919
686.104,685.913
686.102,685.908
686.100,685.902
686.098,685.898
686.104,685.913
686.102,685.908
686.106,685.916
686.101,685.904
686.096,685.894
686.100,685.904
686.096,685.893
686.095,685.889
686.093,685.886
686.092,685.883
686.091,685.880
686.090,685.878
686.089,685.875
686.094,685.887
686.098,685.898
686.102,685.907
686.105,685.916
686.103,685.910
686.101,685.905
686.099,685.900
686.097,685.896
686.104,685.911
686.101,685.906
686.099,685.901
686.098,685.896
686.101,685.906
686.097,685.895
686.101,685.905
686.097,685.894
686.101,685.904
686.096,685.893
686.095,685.889
686.101,685.906
686.099,685.901
686.106,685.916
686.103,685.910
686.101,685.905
686.097,685.894
686.093,685.884
686.097,685.895
686.093,685.885
686.097,685.896
686.093,685.886
686.090,685.877
686.089,685.875
686.088,685.873
686.087,685.871
686.095,685.889
686.093,685.886
686.092,685.883
686.091,685.880
686.087,685.872
686.092,685.884
686.089,685.875
686.086,685.867
686.083,685.860
686.088,685.873
686.087,685.871
686.087,685.869
686.086,685.868
686.093,685.886
686.098,685.897
686.102,685.907
686.097,685.896
686.101,685.906
686.097,685.895
686.095,685.891
686.102,685.907
686.100,685.902
686.098,685.897
686.096,685.893
686.095,685.890
686.093,685.886
686.092,685.883
686.089,685.874
686.085,685.866
686.090,685.879
686.087,685.871
686.086,685.869
686.086,685.867
686.085,685.866
686.093,685.885
686.092,685.882
686.090,685.879
686.095,685.890
686.099,685.901
686.095,685.890
686.091,685.881
686.088,685.872
686.085,685.865
686.084,685.864
686.084,685.863
686.083,685.862
686.083,685.861
686.083,685.860
686.083,685.860
686.082,685.859
686.082,685.859
686.082,685.858
686.082,685.858
686.082,685.858
686.079,685.851
686.077,685.845
686.075,685.840
686.073,685.836
686.079,685.851
686.079,685.851
686.079,685.852
686.079,685.852
686.088,685.872
686.087,685.870
686.086,685.869
686.086,685.867
686.083,685.860
686.080,685.853
686.078,685.847
686.075,685.842
686.073,685.837
686.080,685.853
686.080,685.853
686.080,685.853
686.080,685.853
686.080,685.853
686.080,685.853
686.080,685.853
686.088,685.873
686.085,685.865
686.082,685.858
686.087,685.872
686.092,685.884
686.097,685.895
686.095,685.891
686.094,685.887
686.092,685.884
686.091,685.881
686.090,685.879
686.089,685.876
686.088,685.874
686.088,685.872
686.085,685.864
686.090,685.877
686.086,685.869
686.091,685.881
686.088,685.873
686.085,685.865
686.084,685.864
686.092,685.883
686.099,685.900
686.097,685.895
686.103,685.911
686.109,685.926
686.104,685.913
686.107,685.921
686.110,685.928
686.113,685.935
686.110,685.927
686.107,685.920
686.113,685.934
686.110,685.926
686.107,685.919
686.112,685.933
686.109,685.925
686.112,685.932
686.115,685.938
686.117,685.944
686.119,685.949
686.113,685.934
686.107,685.921
686.105,685.914
686.102,685.909
686.100,685.903
686.098,685.899
686.097,685.894
686.095,685.890
686.094,685.887
686.090,685.878
686.087,685.870
686.092,685.882
686.096,685.893
686.092,685.883
686.097,685.894
686.095,685.890
686.094,685.887
686.092,685.884
686.091,685.881
686.090,685.878
686.089,685.876
686.088,685.874
686.088,685.872
686.092,685.884
686.089,685.875
686.094,685.887
686.098,685.898
686.094,685.887
686.090,685.878
686.089,685.876
686.088,685.874
686.088,685.872
686.087,685.870
686.086,685.869
686.086,685.867
686.085,685.866
686.090,685.879
686.095,685.890
686.091,685.881
686.088,685.872
686.087,685.870
686.086,685.869
686.086,685.867
686.085,685.866
686.093,685.885
686.089,685.876
686.094,685.888
686.090,685.878
686.095,685.890
686.099,685.900
686.095,685.890
686.093,685.886
686.092,685.883
686.091,685.880
686.090,685.878
686.097,685.895
686.093,685.885
686.089,685.876
686.086,685.868
686.083,685.861
686.088,685.874
686.088,685.872
686.087,685.870
686.086,685.869
686.086,685.867
686.085,685.866
686.085,685.865
686.082,685.858
686.087,685.871
686.084,685.864
686.081,685.857
686.089,685.876
686.088,685.874
686.096,685.892
686.094,685.888
686.093,685.885
686.092,685.882
686.088,685.873
686.085,685.865
686.082,685.858
686.079,685.852
686.077,685.846
686.083,685.861
686.075,685.840
686.075,685.841
686.076,685.843
686.076,685.844
686.076,685.845
686.077,685.845
686.077,685.846
686.077,685.847
686.086,685.867
686.085,685.866
686.085,685.865
686.084,685.864
686.081,685.857
686.087,685.870
686.084,685.863
686.081,685.856
686.079,685.850
686.076,685.844
686.074,685.839
686.072,685.834
686.073,685.836
686.074,685.838
686.082,685.859
686.082,685.859
686.082,685.858
686.082,685.858
686.082,685.858
686.079,685.851
686.077,685.845
686.083,685.860
686.080,685.853
686.078,685.847
686.075,685.842
686.073,685.837
686.070,685.828
686.071,685.831
686.080,685.853
686.080,685.853
686.077,685.847
686.075,685.842
686.081,685.857
686.079,685.850
686.076,685.845
686.069,685.826
686.070,685.828
686.071,685.831
686.072,685.833
686.073,685.835
686.073,685.837
686.074,685.839
686.075,685.840
686.075,685.841
686.076,685.843
686.076,685.844
686.076,685.845
686.074,685.839
686.073,685.835
686.071,685.831
686.069,685.827
686.091,685.881
686.090,685.879
686.089,685.876
686.086,685.868
686.083,685.861
686.080,685.854
686.078,685.848
686.084,685.862
686.081,685.856
686.078,685.850
686.079,685.850
686.079,685.850
686.079,685.851
686.079,685.851
686.087,685.871
686.087,685.869
686.078,685.848
686.078,685.849
686.078,685.849
686.084,685.863
686.081,685.856
686.079,685.850
686.085,685.864
686.090,685.877
686.086,685.869
686.081,685.856
686.081,685.856
686.081,685.856
686.087,685.869
686.092,685.882
686.096,685.893
686.100,685.903
686.104,685.912
686.099,685.900
686.095,685.890
686.091,685.881
686.088,685.872
686.087,685.870
686.086,685.869
686.086,685.867
686.085,685.866
686.085,685.865
686.084,685.864
686.084,685.863
686.092,685.882
686.091,685.879
686.090,685.877
686.086,685.869
686.083,685.861
686.089,685.874
686.093,685.886
686.090,685.877
686.086,685.869
686.083,685.861
686.089,685.875
686.088,685.873
686.087,685.871
686.086,685.869
686.086,685.868
686.085,685.866
686.085,685.865
686.084,685.864
686.084,685.863
686.081,685.856
686.087,685.870
686.092,685.882
686.088,685.873
686.093,685.885
686.097,685.896
686.093,685.886
686.092,685.883
686.091,685.880
686.090,685.878
686.089,685.875
686.088,685.873
686.087,685.872
686.087,685.870
686.086,685.868
686.086,685.867
686.085,685.866
686.090,685.878
686.087,685.870
686.092,685.882
686.088,685.874
686.085,685.866
686.082,685.859
686.080,685.852
686.077,685.846
686.078,685.847
686.078,685.848
686.078,685.848
686.078,685.849
686.086,685.869
686.094,685.888
686.093,685.884
686.089,685.876
686.086,685.867
686.083,685.860
686.080,685.854
686.086,685.867
686.083,685.860
686.080,685.854
686.080,685.854
686.080,685.854
686.080,685.854
686.080,685.854
686.080,685.854
686.080,685.854
686.080,685.854
686.080,685.854
686.080,685.854
686.080,685.854
686.086,685.867
686.091,685.880
686.087,685.872
686.084,685.864
686.081,685.857
686.079,685.851
686.077,685.845
686.083,685.859
686.088,685.873
686.087,685.871
686.086,685.869
686.086,685.868
686.085,685.866
686.085,685.865
686.084,685.864
686.084,685.863
686.084,685.862
686.083,685.862
686.083,685.861
686.083,685.860
686.080,685.854
686.078,685.848
686.076,685.842
686.074,685.837
686.072,685.833
686.070,685.829
686.077,685.845
686.075,685.840
686.073,685.835
686.079,685.851
686.085,685.865
686.082,685.858
686.079,685.851
686.079,685.852
686.079,685.852
686.079,685.852
686.080,685.852
686.072,685.833
686.072,685.835
686.073,685.836
686.074,685.838
686.074,685.840
686.075,685.841
686.076,685.842
686.076,685.843
686.074,685.838
686.080,685.853
686.078,685.847
686.075,685.842
686.081,685.857
686.079,685.851
686.077,685.845
686.077,685.846
686.077,685.847
686.078,685.847
686.070,685.828
686.071,685.831
686.072,685.833
686.073,685.835
686.081,685.856
686.081,685.856
686.081,685.856
686.081,685.856
686.081,685.856
686.081,685.856
686.081,685.855
686.078,685.849
686.076,685.844
686.074,685.839
686.072,685.834
686.079,685.850
686.076,685.844
686.074,685.839
686.072,685.834
686.071,685.830
686.069,685.827
686.068,685.823
686.069,685.826
686.070,685.829
686.071,685.831
686.072,685.833
686.073,685.835
686.073,685.837
686.066,685.819
686.067,685.822
686.069,685.825
686.070,685.828
686.076,685.844
686.074,685.839
686.072,685.834
686.071,685.830
686.069,685.827
686.068,685.823
686.067,685.820
686.065,685.817
686.067,685.821
686.068,685.824
686.069,685.827
686.070,685.829
686.063,685.812
686.065,685.816
686.066,685.820
686.060,685.803
686.062,685.808
686.055,685.793
686.050,685.779
686.053,685.786
686.047,685.773
686.048,685.774
686.049,685.776
686.049,685.777
686.050,685.779
686.050,685.780
686.051,685.781
686.043,685.762
686.044,685.765
686.045,685.767
686.046,685.769
686.047,685.772
686.048,685.773
686.048,685.775
686.049,685.777
686.049,685.778
686.050,685.779
686.050,685.780
686.051,685.781
686.051,685.782
686.052,685.783
686.054,685.790
686.057,685.796
686.059,685.802
686.061,685.807
686.063,685.811
686.065,685.815
686.058,685.799
686.052,685.784
686.055,685.791
686.057,685.797
686.059,685.802
686.061,685.807
686.069,685.826
686.075,685.842
686.081,685.857
686.087,685.870
686.092,685.883
686.088,685.874
686.085,685.866
686.082,685.859
686.088,685.872
686.085,685.864
686.082,685.857
686.082,685.857
686.081,685.857
686.081,685.856
686.081,685.856
686.081,685.856
686.081,685.856
686.081,685.856
686.081,685.856
686.078,685.849
686.076,685.844
686.074,685.839
686.080,685.854
686.078,685.848
686.076,685.843
686.082,685.858
686.082,685.857
686.090,685.877
686.089,685.875
686.088,685.873
686.087,685.871
686.086,685.869
686.086,685.868
686.085,685.866
686.085,685.865
686.082,685.858
686.079,685.852
686.077,685.846
686.075,685.841
686.073,685.836
686.074,685.838
686.074,685.839
686.075,685.841
686.075,685.842
686.076,685.843
686.076,685.844
686.082,685.859
686.080,685.852
686.077,685.846
686.083,685.861
686.080,685.854
686.078,685.848
686.084,685.862
686.081,685.856
686.078,685.850
686.079,685.850
686.079,685.850
686.079,685.851
686.079,685.851
686.079,685.851
686.079,685.851
686.079,685.852
686.079,685.852
686.077,685.846
686.083,685.861
686.080,685.854
686.078,685.848
686.076,685.842
686.082,685.857
686.079,685.851
686.077,685.845
686.075,685.840
686.073,685.836
686.071,685.831
686.070,685.827
686.068,685.824
686.075,685.841
686.083,685.862
686.083,685.861
686.091,685.880
686.082,685.858
686.082,685.857
686.082,685.857
686.081,685.857
686.081,685.856
686.079,685.850
686.076,685.845
686.074,685.839
686.081,685.855
686.086,685.868
686.083,685.861
686.080,685.854
686.078,685.848
686.078,685.849
686.078,685.849
686.076,685.844
686.077,685.845
686.077,685.846
686.069,685.827
686.070,685.829
686.071,685.832
686.072,685.834
686.073,685.836
686.074,685.837
686.074,685.839
686.075,685.840
686.075,685.842
686.076,685.843
686.076,685.844
686.077,685.845
686.075,685.840
686.081,685.855
686.078,685.849
686.076,685.843
686.074,685.838
686.072,685.834
686.070,685.830
686.069,685.826
686.068,685.823
686.066,685.820
686.065,685.817
686.064,685.814
686.071,685.832
686.070,685.828
686.076,685.844
686.074,685.839
686.072,685.834
686.079,685.850
686.084,685.864
686.084,685.863
686.084,685.862
686.083,685.862
686.075,685.841
686.076,685.842
686.076,685.843
686.076,685.844
686.077,685.845
686.077,685.846
686.085,685.867
686.085,685.865
686.085,685.864
686.084,685.863
686.084,685.862
686.083,685.862
686.083,685.861
686.083,685.860
686.083,685.860
686.072,685.833
686.070,685.829
686.069,685.826
686.068,685.822
686.074,685.839
686.080,685.854
686.078,685.848
686.076,685.843
686.076,685.844
686.077,685.845
686.077,685.846
686.077,685.847
686.070,685.827
686.071,685.830
686.071,685.832
686.072,685.834
686.073,685.836
686.074,685.838
686.066,685.820
686.068,685.823
686.069,685.826
686.068,685.823
686.066,685.820
686.065,685.817
686.072,685.834
686.071,685.830
686.069,685.826
686.068,685.823
686.067,685.820
686.068,685.823
686.069,685.826
686.070,685.829
686.071,685.831
686.072,685.833
686.073,685.835
686.073,685.837
686.074,685.839
686.075,685.840
686.075,685.842
686.076,685.843
686.076,685.844
686.077,685.845
686.077,685.846
686.069,685.827
686.070,685.829
686.071,685.832
686.070,685.828
686.071,685.830
686.069,685.827
686.068,685.823
686.067,685.820
686.060,685.805
686.054,685.790
686.065,685.816
686.066,685.819
686.068,685.822
686.069,685.825
686.070,685.828
686.071,685.831
686.072,685.833
686.073,685.835
686.073,685.837
686.074,685.838
686.075,685.840
686.075,685.841
686.076,685.842
686.076,685.843
686.076,685.844
686.077,685.845
686.077,685.846
686.077,685.847
686.083,685.861
686.081,685.855
686.078,685.848
686.076,685.843
686.074,685.838
686.068,685.824
686.067,685.821
686.066,685.818
686.065,685.815
686.064,685.813
686.063,685.811
686.062,685.809
686.069,685.827
686.068,685.824
686.067,685.820
686.065,685.817
686.072,685.835
686.071,685.830
686.069,685.827
686.062,685.810
686.064,685.814
686.065,685.817
686.059,685.801
686.061,685.806
686.055,685.791
686.057,685.797
686.051,685.783
686.054,685.790
686.049,685.776
686.052,685.783
686.063,685.811
686.057,685.795
686.059,685.801
686.053,685.786
686.055,685.793
686.058,685.799
686.057,685.798
686.060,685.803
686.059,685.802
686.059,685.801
686.061,685.806
686.063,685.810
686.056,685.795
686.056,685.794
686.056,685.794
686.064,685.814
686.063,685.811
686.062,685.810
686.062,685.808
686.061,685.806
686.060,685.805
686.052,685.783
686.052,685.784
686.052,685.785
686.052,685.785
686.053,685.786
686.053,685.786
686.053,685.787
686.053,685.787
686.053,685.788
686.053,685.788
686.046,685.768
686.046,685.771
686.047,685.773
686.048,685.774
686.049,685.776
686.049,685.777
686.050,685.779
686.050,685.780
686.045,685.767
686.038,685.750
686.040,685.754
686.041,685.757
686.042,685.760
686.052,685.783
686.052,685.784
686.060,685.804
686.060,685.803
686.059,685.802
686.059,685.801
686.058,685.800
686.058,685.799
686.058,685.798
686.057,685.797
686.049,685.777
686.050,685.779
686.050,685.780
686.051,685.781
686.051,685.782
686.051,685.783
686.044,685.764
686.045,685.766
686.046,685.769
686.047,685.771
686.047,685.773
686.048,685.774
686.041,685.756
686.042,685.760
686.043,685.763
686.044,685.765
686.045,685.768
686.046,685.770
686.047,685.772
686.048,685.774
686.048,685.775
686.049,685.777
686.050,685.778
686.050,685.779
686.050,685.780
686.051,685.782
686.051,685.782
686.052,685.783
686.044,685.764
686.045,685.767
686.046,685.769
686.047,685.771
686.047,685.773
686.048,685.775
686.049,685.776
686.049,685.777
686.050,685.779
686.050,685.780
686.051,685.781
686.051,685.782
686.051,685.783
686.052,685.783
686.052,685.784
686.052,685.785
686.060,685.805
686.060,685.804
686.059,685.803
686.059,685.802
686.059,685.800
686.050,685.780
686.051,685.781
686.051,685.782
686.051,685.783
686.052,685.783
686.052,685.784
686.052,685.785
686.052,685.785
686.061,685.806
686.060,685.804
686.052,685.783
686.060,685.804
686.059,685.803
686.059,685.802
686.067,685.820
686.065,685.817
686.072,685.835
686.071,685.830
686.069,685.827
686.068,685.823
686.067,685.820
686.065,685.817
686.064,685.815
686.063,685.813
686.063,685.810
686.062,685.809
686.061,685.807
686.061,685.805
686.060,685.804
686.060,685.803
686.059,685.802
686.059,685.801
686.058,685.800
686.058,685.799
686.058,685.798
686.057,685.797
686.057,685.797
686.057,685.796
686.057,685.796
686.056,685.795
686.056,685.795
686.056,685.794
686.056,685.794
686.056,685.794
686.056,685.794
686.056,685.793
686.056,685.793
686.055,685.793
686.055,685.793
686.055,685.793
686.055,685.792
686.055,685.792
686.055,685.792
686.055,685.792
686.055,685.792
686.055,685.792
686.057,685.797
686.060,685.803
686.054,685.788
686.048,685.774
686.051,685.782
686.054,685.789
686.048,685.775
686.043,685.763
686.047,685.772
686.042,685.760
686.046,685.769
686.049,685.777
686.044,685.764
686.039,685.753
686.043,685.763
686.047,685.771
686.050,685.779
686.053,685.786
686.055,685.793
686.058,685.799
686.060,685.804
686.062,685.809
686.061,685.807
686.053,685.786
686.053,685.786
686.045,685.767
686.046,685.769
686.047,685.771
686.048,685.773
686.048,685.775
686.049,685.776
686.041,685.758
686.043,685.761
686.044,685.764
686.047,685.773
686.042,685.761
686.038,685.750
686.034,685.740
686.038,685.751
686.042,685.760
686.038,685.750
686.034,685.740
686.038,685.751
686.042,685.760
686.046,685.769
686.049,685.777
686.052,685.785
686.047,685.771
686.042,685.759
686.046,685.768
686.041,685.757
686.042,685.760
686.043,685.763
686.044,685.766
686.045,685.768
686.046,685.770
686.047,685.772
686.048,685.774
686.041,685.756
686.042,685.759
686.043,685.762
686.044,685.765
686.037,685.748
686.039,685.752
686.043,685.762
686.044,685.764
686.045,685.767
686.048,685.775
686.049,685.777
686.042,685.758
686.043,685.762
686.044,685.764
686.045,685.767
686.046,685.769
686.047,685.771
686.047,685.773
686.048,685.775
686.049,685.776
686.049,685.778
686.050,685.779
686.042,685.760
686.046,685.769
686.047,685.771
686.047,685.773
686.040,685.755
686.042,685.759
686.037,685.748
686.039,685.752
686.032,685.736
686.035,685.741
686.036,685.746
686.038,685.750
686.032,685.734
686.034,685.740
686.036,685.745
686.032,685.735
686.029,685.727
686.034,685.739
686.036,685.744
686.040,685.754
686.041,685.758
686.043,685.761
686.036,685.744
686.038,685.749
686.039,685.753
686.041,685.756
686.042,685.760
686.043,685.763
686.044,685.765
686.045,685.768
686.046,685.770
686.047,685.772
686.048,685.774
686.043,685.762
686.046,685.770
686.042,685.759
686.037,685.748
686.033,685.738
686.038,685.749
686.034,685.739
686.038,685.750
686.034,685.740
686.031,685.731
686.035,685.743
686.032,685.734
686.036,685.745
686.032,685.736
686.034,685.741
686.028,685.726
686.031,685.732
686.033,685.738
686.035,685.743
686.037,685.747
686.039,685.751
686.040,685.755
686.042,685.759
686.043,685.762
686.044,685.764
686.045,685.767
686.046,685.769
686.039,685.752
686.040,685.755
686.042,685.759
686.045,685.768
686.038,685.750
686.040,685.754
686.041,685.758
686.042,685.761
686.044,685.764
686.047,685.772
686.050,685.780
686.053,685.787
686.056,685.793
686.058,685.799
686.060,685.804
686.062,685.809
686.056,685.794
686.058,685.799
686.052,685.785
686.055,685.791
686.057,685.797
686.060,685.803
686.061,685.808
686.055,685.792
686.058,685.798
686.052,685.784
686.054,685.790
686.057,685.796
686.051,685.782
686.046,685.769
686.041,685.757
686.037,685.747
686.041,685.757
686.045,685.766
686.048,685.774
686.043,685.762
686.047,685.771
686.047,685.773
686.048,685.775
686.057,685.796
686.065,685.815
686.064,685.813
686.063,685.811
686.064,685.815
686.066,685.819
686.059,685.802
686.061,685.807
686.063,685.812
686.065,685.816
686.058,685.800
686.052,685.785
686.055,685.792
686.057,685.797
686.052,685.783
686.046,685.770
686.041,685.758
686.045,685.767
686.048,685.776
686.043,685.763
686.045,685.766
686.046,685.768
686.046,685.770
686.047,685.772
686.048,685.774
686.049,685.776
686.044,685.763
686.045,685.766
686.046,685.768
686.049,685.777
686.052,685.784
686.055,685.791
686.055,685.791
686.057,685.797
686.049,685.776
686.052,685.784
686.054,685.790
686.057,685.796
686.059,685.802
686.061,685.807
686.055,685.791
686.057,685.797
686.051,685.783
686.054,685.790
686.057,685.796
686.051,685.782
686.054,685.788
686.048,685.775
686.043,685.763
686.047,685.771
686.050,685.779
686.053,685.786
686.055,685.793
686.058,685.799
686.060,685.804
686.062,685.809
686.064,685.813
686.065,685.817
686.067,685.820
686.060,685.804
686.062,685.809
686.056,685.793
686.050,685.779
686.045,685.767
686.048,685.775
686.051,685.782
686.054,685.789
686.057,685.795
686.059,685.801
686.061,685.806
686.055,685.791
686.049,685.777
686.052,685.784
686.047,685.771
686.042,685.759
686.038,685.749
686.042,685.759
686.037,685.748
686.041,685.758
686.045,685.767
686.048,685.776
686.043,685.763
686.039,685.752
686.035,685.742
686.039,685.753
686.035,685.743
686.031,685.733
686.028,685.726
686.025,685.718
686.031,685.731
686.035,685.743
686.040,685.754
686.043,685.763
686.047,685.772
686.050,685.779
686.053,685.786
686.047,685.773
686.043,685.761
686.046,685.770
686.041,685.758
686.045,685.767
686.040,685.756
686.036,685.745
686.040,685.756
686.036,685.745
686.032,685.736
686.037,685.747
686.041,685.757
686.037,685.747
686.033,685.737
686.037,685.748
686.042,685.758
686.018,685.701
686.016,685.695
686.022,685.711
686.017,685.698
686.013,685.688
686.017,685.697
686.020,685.706
686.016,685.694
686.019,685.704
686.023,685.712
686.026,685.719
686.028,685.726
686.023,685.713
686.026,685.720
686.021,685.707
686.016,685.695
686.020,685.704
686.015,685.693
686.013,685.688
686.020,685.704
686.025,685.718
686.031,685.731
686.027,685.723
686.024,685.716
686.030,685.729
686.030,685.729
686.032,685.735
686.034,685.740
686.036,685.745
686.038,685.750
686.040,685.754
686.041,685.757
686.042,685.760
686.043,685.763
686.045,685.766
686.040,685.754
686.033,685.738
686.030,685.729
686.032,685.735
686.037,685.747
686.041,685.757
686.037,685.746
686.041,685.757
686.045,685.766
686.048,685.774
686.051,685.782
686.054,685.789
686.056,685.795
686.051,685.781
686.045,685.768
686.041,685.756
686.036,685.746
686.033,685.736
686.029,685.728
686.034,685.740
686.038,685.751
686.042,685.760
686.046,685.769
686.041,685.758
686.037,685.747
686.041,685.757
686.045,685.766
686.040,685.755
686.036,685.745
686.032,685.735
686.029,685.727
686.026,685.719
686.023,685.712
686.026,685.720
686.029,685.727
686.031,685.733
686.025,685.719
686.028,685.726
686.031,685.732
686.025,685.718
686.028,685.725
686.022,685.711
686.025,685.719
686.031,685.732
686.027,685.723
686.024,685.716
686.030,685.729
686.026,685.721
686.024,685.714
686.021,685.708
686.027,685.722
686.024,685.714
686.021,685.708
686.027,685.722
686.032,685.734
686.036,685.746
686.033,685.736
686.029,685.728
686.026,685.720
686.031,685.733
686.028,685.724
686.033,685.737
686.029,685.728
686.034,685.740
686.031,685.731
686.027,685.723
686.032,685.736
686.037,685.747
686.041,685.757
686.037,685.747
686.041,685.757
686.034,685.740
686.036,685.745
686.038,685.749
686.031,685.734
686.034,685.739
686.028,685.724
686.030,685.731
686.033,685.736
686.035,685.742
686.037,685.746
686.038,685.750
686.040,685.754
686.044,685.764
686.047,685.772
686.048,685.774
686.041,685.756
686.034,685.740
686.036,685.744
686.038,685.749
686.039,685.753
686.041,685.756
686.042,685.760
686.043,685.763
686.044,685.765
686.045,685.768
686.046,685.770
686.047,685.772
686.048,685.774
686.040,685.756
686.034,685.739
686.036,685.744
686.038,685.749
686.039,685.753
686.041,685.756
686.042,685.760
686.043,685.763
686.036,685.746
686.033,685.736
686.037,685.747
686.033,685.738
686.030,685.729
686.026,685.721
686.032,685.734
686.028,685.726
686.033,685.738
686.030,685.729
686.034,685.741
686.039,685.752
686.043,685.761
686.046,685.770
686.050,685.778
686.044,685.766
686.040,685.754
686.044,685.764
686.039,685.752
686.043,685.762
686.047,685.771
686.042,685.759
686.045,685.768
686.041,685.756
686.036,685.746
686.041,685.756
686.044,685.765
686.040,685.754
686.044,685.764
686.047,685.772
686.042,685.760
686.043,685.763
686.044,685.766
686.045,685.768
686.038,685.751
686.032,685.735
686.034,685.740
686.036,685.745
686.038,685.749
686.031,685.733
686.026,685.719
686.028,685.726
686.031,685.732
686.033,685.738
686.030,685.729
686.034,685.741
686.039,685.752
686.035,685.742
686.031,685.732
686.036,685.744
686.032,685.735
686.036,685.746
686.041,685.756
686.036,685.746
686.041,685.756
686.036,685.746
686.032,685.736
686.029,685.728
686.031,685.734
686.026,685.719
686.028,685.726
686.023,685.712
686.026,685.720
686.029,685.727
686.031,685.733
686.033,685.739
686.035,685.743
686.040,685.754
686.036,685.744
686.032,685.734
686.036,685.746
686.033,685.736
686.037,685.748
686.041,685.758
686.045,685.767
686.040,685.755
686.036,685.745
686.040,685.755
686.044,685.765
686.037,685.747
686.041,685.757
686.042,685.761
686.036,685.744
686.037,685.748
686.039,685.752
686.041,685.756
686.042,685.759
686.043,685.762
686.044,685.765
686.037,685.748
686.039,685.752
686.043,685.762
686.038,685.751
686.042,685.760
686.038,685.749
686.034,685.740
686.038,685.751
686.034,685.741
686.039,685.751
686.035,685.741
686.031,685.732
686.025,685.718
686.028,685.725
686.031,685.731
686.025,685.717
686.028,685.724
686.022,685.711
686.017,685.699
686.021,685.708
686.027,685.722
686.024,685.714
686.029,685.728
686.034,685.740
686.036,685.744
686.040,685.755
686.044,685.764
686.047,685.773
686.050,685.780
686.045,685.768
686.041,685.756
686.044,685.765
686.048,685.774
686.051,685.782
686.054,685.788
686.048,685.775
686.043,685.763
686.039,685.752
686.035,685.742
686.039,685.752
686.035,685.742
686.037,685.747
686.039,685.751
686.040,685.755
686.041,685.758
686.043,685.761
686.044,685.764
686.037,685.747
686.039,685.751
686.040,685.755
686.042,685.759
686.043,685.762
686.044,685.764
686.045,685.767
686.038,685.749
686.031,685.734
686.034,685.739
686.030,685.730
686.035,685.742
686.039,685.753
686.035,685.743
686.039,685.753
686.043,685.763
686.039,685.752
686.043,685.761
686.038,685.750
686.042,685.760
686.046,685.769
686.041,685.757
686.037,685.747
686.033,685.737
686.037,685.748
686.033,685.739
686.030,685.730
686.027,685.722
686.021,685.709
686.025,685.717
686.027,685.724
686.022,685.710
686.025,685.718
686.020,685.705
686.026,685.719
686.023,685.712
686.028,685.726
686.033,685.738
686.030,685.729
686.026,685.721
686.024,685.714
686.029,685.727
686.026,685.720
686.031,685.732
686.028,685.724
686.025,685.717
686.030,685.730
686.035,685.742
686.037,685.746
686.030,685.731
686.025,685.717
686.020,685.704
686.015,685.693
686.011,685.682
686.007,685.673
686.006,685.671
686.013,685.688
686.011,685.684
686.010,685.680
686.009,685.677
686.007,685.674
686.014,685.691
686.013,685.687
686.019,685.703
686.017,685.697
686.015,685.693
686.021,685.708
686.027,685.722
686.029,685.728
686.026,685.721
686.031,685.733
686.036,685.745
686.032,685.735
686.029,685.727
686.026,685.719
686.031,685.732
686.028,685.724
686.025,685.717
686.030,685.730
686.027,685.722
686.024,685.714
686.029,685.728
686.026,685.720
686.023,685.713
686.026,685.720
686.021,685.707
686.024,685.715
686.027,685.722
686.030,685.729
686.032,685.735
686.026,685.720
686.029,685.727
686.023,685.713
686.026,685.721
686.023,685.714
686.029,685.727
686.026,685.719
686.040,685.755
686.033,685.738
686.027,685.724
686.030,685.730
686.032,685.736
686.034,685.741
686.028,685.726
686.031,685.732
686.033,685.738
686.035,685.743
686.037,685.747
686.031,685.732
686.033,685.737
686.029,685.729
686.026,685.721
686.031,685.733
686.028,685.725
686.025,685.718
686.022,685.711
686.028,685.724
686.033,685.737
686.029,685.728
686.034,685.740
686.039,685.751
686.042,685.761
686.045,685.767
686.040,685.756
686.036,685.745
686.040,685.756
686.034,685.739
686.036,685.744
686.038,685.749
686.039,685.753
686.033,685.737
686.035,685.742
686.029,685.727
686.031,685.733
686.033,685.739
686.035,685.743
686.037,685.748
686.039,685.752
686.035,685.742
686.039,685.753
686.035,685.743
686.031,685.733
686.028,685.725
686.025,685.718
686.030,685.731
686.035,685.742
686.031,685.733
686.029,685.728
686.032,685.734
686.034,685.739
686.036,685.744
686.038,685.749
686.039,685.753
686.043,685.762
686.039,685.751
686.035,685.741
686.039,685.752
686.035,685.742
686.031,685.733
686.028,685.725
686.033,685.737
686.037,685.748
686.041,685.758
686.045,685.767
686.048,685.776
686.043,685.763
686.039,685.752
686.035,685.742
686.037,685.747
686.033,685.737
686.027,685.722
686.030,685.729
686.032,685.735
686.034,685.741
686.028,685.726
686.031,685.732
686.033,685.738
686.027,685.723
686.030,685.729
686.032,685.735
686.034,685.741
686.036,685.745
686.030,685.730
686.032,685.736
686.026,685.721
686.029,685.728
686.032,685.734
686.042,685.759
686.043,685.762
686.044,685.765
686.045,685.767
686.046,685.769
686.047,685.772
686.040,685.754
686.041,685.757
686.042,685.760
686.035,685.743
686.037,685.748
686.033,685.738
686.035,685.743
686.032,685.734
686.034,685.740
686.028,685.725
686.025,685.717
686.022,685.710
686.028,685.724
686.025,685.717
686.030,685.730
686.027,685.722
686.024,685.715
686.021,685.708
686.027,685.722
686.032,685.734
686.028,685.726
686.033,685.738
686.038,685.749
686.034,685.739
686.038,685.750
686.034,685.740
686.031,685.731
686.035,685.743
686.040,685.754
686.043,685.763
686.047,685.772
686.050,685.779
686.050,685.780
686.051,685.782
686.043,685.763
686.044,685.765
686.045,685.768
686.038,685.750
686.040,685.754
686.041,685.758
686.042,685.761
686.036,685.744
686.029,685.729
686.032,685.735
686.034,685.740
686.036,685.745
686.038,685.749
686.039,685.753
686.041,685.757
686.042,685.760
686.043,685.763
686.044,685.766
686.045,685.768
686.041,685.757
686.034,685.740
686.039,685.751
686.034,685.741
686.039,685.752
686.043,685.762
686.046,685.770
686.042,685.759
686.037,685.748
686.033,685.738
686.038,685.749
686.034,685.739
686.030,685.731
686.027,685.723
686.032,685.735
686.029,685.727
686.026,685.719
686.031,685.732
686.027,685.724
686.032,685.736
686.037,685.747
686.039,685.751
686.032,685.735
686.034,685.741
686.036,685.746
686.038,685.750
686.040,685.754
686.041,685.757
686.042,685.760
686.044,685.763
686.045,685.766
686.046,685.768
686.054,685.790
686.046,685.771
686.047,685.773
686.048,685.774
686.049,685.776
686.044,685.763
686.047,685.772
686.040,685.754
686.044,685.764
686.039,685.752
686.035,685.742
686.031,685.733
686.036,685.745
686.040,685.755
686.044,685.764
686.039,685.753
686.035,685.743
686.031,685.734
686.036,685.745
686.037,685.748
686.034,685.739
686.028,685.724
686.030,685.730
686.032,685.736
686.035,685.741
686.036,685.746
686.038,685.750
686.040,685.754
686.033,685.738
686.035,685.743
686.037,685.747
686.039,685.751
686.032,685.735
686.034,685.741
686.036,685.746
686.030,685.730
686.024,685.716
686.027,685.723
686.030,685.730
686.027,685.722
686.024,685.715
686.029,685.728
686.034,685.740
686.030,685.731
686.032,685.734
686.028,685.726
686.033,685.738
686.030,685.729
686.027,685.722
686.032,685.734
686.028,685.726
686.033,685.738
686.038,685.749
686.042,685.759
686.037,685.748
686.033,685.739
686.035,685.743
686.037,685.748
686.041,685.758
686.037,685.747
686.033,685.738
686.035,685.743
686.029,685.728
686.023,685.714
686.026,685.721
686.021,685.708
686.024,685.716
686.019,685.703
686.023,685.712
686.020,685.706
686.026,685.720
686.023,685.713
686.020,685.706
686.018,685.701
686.016,685.695
686.014,685.691
686.012,685.687
686.011,685.683
686.009,685.679
686.008,685.676
686.015,685.693
686.013,685.688
686.020,685.704
686.017,685.699
686.015,685.694
686.013,685.689
686.012,685.685
686.018,685.701
686.016,685.696
686.014,685.691
686.013,685.687
686.011,685.683
686.015,685.693
686.019,685.703
686.014,685.691
686.018,685.701
686.014,685.690
686.018,685.699
686.023,685.714
686.021,685.708
686.027,685.722
686.024,685.714
686.021,685.708
686.019,685.702
686.024,685.716
686.019,685.704
686.023,685.712
686.018,685.700
686.021,685.709
686.016,685.697
686.020,685.706
686.018,685.700
686.016,685.695
686.014,685.690
686.012,685.686
686.019,685.702
686.016,685.697
686.015,685.692
686.013,685.688
686.011,685.684
686.010,685.680
686.008,685.677
686.007,685.674
686.014,685.691
686.013,685.687
686.009,685.677
686.005,685.668
686.010,685.680
686.014,685.691
686.018,685.700
686.013,685.689
686.017,685.698
686.013,685.688
686.009,685.678
686.016,685.694
686.019,685.703
686.025,685.718
686.022,685.711
686.028,685.725
686.025,685.717
686.022,685.710
686.028,685.724
686.025,685.717
686.022,685.710
686.027,685.723
686.032,685.736
686.037,685.747
686.033,685.737
686.029,685.729
686.034,685.741
686.031,685.732
686.027,685.723
686.032,685.736
686.029,685.727
686.034,685.739
686.030,685.730
686.035,685.742
686.039,685.753
686.035,685.743
686.029,685.728
686.031,685.734
686.026,685.719
686.020,685.706
686.024,685.714
686.027,685.722
686.029,685.728
686.024,685.714
686.027,685.722
686.021,685.709
686.024,685.716
686.027,685.723
686.030,685.730
686.032,685.736
686.026,685.721
686.029,685.728
686.024,685.714
686.019,685.702
686.022,685.710
686.025,685.718
686.020,685.705
686.015,685.694
686.011,685.683
686.015,685.693
686.011,685.683
686.017,685.699
686.015,685.694
686.022,685.709
686.027,685.723
686.024,685.716
686.021,685.709
686.019,685.703
686.025,685.717
686.022,685.711
686.020,685.704
686.015,685.693
686.011,685.683
686.015,685.693
686.019,685.702
686.014,685.691
686.018,685.700
686.021,685.709
686.025,685.717
686.019,685.704
686.015,685.693
686.019,685.702
686.022,685.710
686.025,685.718
686.020,685.705
686.015,685.694
686.011,685.683
686.015,685.693
686.019,685.703
686.022,685.711
686.025,685.719
686.023,685.712
686.028,685.725
686.025,685.718
686.022,685.711
686.028,685.725
686.025,685.717
686.022,685.710
686.019,685.704
686.017,685.698
686.015,685.694
686.019,685.703
686.014,685.692
686.010,685.681
686.014,685.692
686.010,685.681
686.015,685.692
686.018,685.701
686.014,685.690
686.010,685.680
686.008,685.677
686.007,685.674
686.014,685.691
686.021,685.707
686.018,685.701
686.024,685.715
686.029,685.729
686.034,685.741
686.039,685.751
686.040,685.755
686.034,685.739
686.036,685.744
686.037,685.748
686.031,685.733
686.028,685.724
686.030,685.731
686.027,685.723
686.024,685.715
686.021,685.709
686.019,685.703
686.025,685.717
686.022,685.711
686.028,685.724
686.025,685.717
686.022,685.710
686.019,685.704
686.017,685.698
686.015,685.694
686.021,685.709
686.025,685.717
686.027,685.724
686.030,685.730
686.032,685.736
686.034,685.741
686.028,685.726
686.023,685.712
686.026,685.720
686.029,685.727
686.031,685.733
686.033,685.739
686.030,685.730
686.035,685.742
686.031,685.732
686.028,685.724
686.033,685.737
686.029,685.728
686.026,685.720
686.023,685.713
686.021,685.707
686.026,685.721
686.021,685.708
686.024,685.716
686.019,685.703
686.022,685.711
686.018,685.699
686.013,685.688
686.017,685.698
686.021,685.707
686.024,685.715
686.029,685.728
686.032,685.734
686.028,685.726
686.025,685.718
686.022,685.711
686.020,685.705
686.018,685.700
686.016,685.694
686.014,685.690
686.012,685.686
686.018,685.701
686.016,685.696
686.014,685.691
686.013,685.687
686.011,685.683
686.010,685.680
686.006,685.671
686.010,685.682
686.007,685.673
686.011,685.684
686.015,685.694
686.019,685.703
686.023,685.712
686.026,685.719
686.028,685.726
686.031,685.732
686.033,685.738
686.030,685.729
686.026,685.721
686.023,685.714
686.021,685.708
686.027,685.722
686.032,685.734
686.028,685.726
686.025,685.718
686.020,685.705
686.015,685.694
686.011,685.683
686.007,685.674
686.012,685.685
686.008,685.675
686.007,685.673
686.006,685.670
686.005,685.668
686.012,685.686
686.010,685.682
686.009,685.678
686.008,685.675
686.007,685.673
686.003,685.664
686.000,685.657
685.997,685.650
686.003,685.663
686.000,685.655
685.999,685.655
685.999,685.654
685.999,685.653
685.999,685.652
685.998,685.652
685.998,685.651
685.998,685.651
686.006,685.670
686.013,685.688
686.017,685.697
686.012,685.686
686.016,685.696
686.012,685.686
686.016,685.696
686.020,685.705
686.015,685.693
686.011,685.683
686.009,685.679
686.008,685.676
686.015,685.693
686.013,685.688
686.011,685.684
686.018,685.700
686.024,685.715
686.029,685.728
686.026,685.720
686.021,685.707
686.016,685.696
686.020,685.705
686.023,685.713
686.026,685.720
686.021,685.707
686.024,685.715
686.021,685.709
686.019,685.703
686.017,685.697
686.015,685.692
686.021,685.708
686.019,685.702
686.016,685.697
686.015,685.692
686.013,685.688
686.017,685.697
686.012,685.686
686.016,685.696
686.020,685.705
686.023,685.714
686.026,685.721
686.029,685.728
686.031,685.734
686.028,685.725
686.025,685.718
686.022,685.711
686.020,685.705
686.018,685.699
686.013,685.688
686.017,685.698
686.021,685.707
686.024,685.715
686.019,685.702
686.014,685.691
686.018,685.701
686.022,685.709
686.027,685.723
686.024,685.716
686.021,685.709
686.019,685.703
686.017,685.698
686.023,685.712
686.020,685.706
686.018,685.700
686.021,685.709
686.017,685.697
686.020,685.706
686.016,685.694
686.019,685.704
686.017,685.698
686.015,685.693
686.021,685.709
686.019,685.703
686.017,685.697
686.023,685.712
686.028,685.726
686.025,685.718
686.028,685.725
686.023,685.712
686.026,685.719
686.028,685.726
686.023,685.712
686.018,685.700
686.021,685.709
686.017,685.697
686.023,685.712
686.020,685.706
686.018,685.700
686.024,685.714
686.021,685.708
686.019,685.702
686.027,685.723
686.024,685.716
686.030,685.729
686.034,685.741
686.039,685.752
686.043,685.762
686.044,685.764
686.045,685.767
686.046,685.769
686.047,685.771
686.039,685.753
686.033,685.737
686.035,685.742
686.029,685.727
686.023,685.714
686.021,685.707
686.018,685.701
686.016,685.696
686.014,685.691
686.005,685.667
686.009,685.679
686.006,685.670
686.010,685.681
686.014,685.692
686.018,685.701
686.008,685.675
686.004,685.666
686.009,685.678
686.008,685.675
686.006,685.672
686.005,685.670
686.005,685.667
686.004,685.665
686.011,685.683
686.010,685.680
686.016,685.696
686.014,685.692
686.013,685.687
686.017,685.697
686.020,685.706
686.016,685.694
686.019,685.704
686.015,685.692
686.018,685.701
686.022,685.710
686.027,685.724
686.030,685.730
686.027,685.722
686.024,685.715
686.021,685.708
686.026,685.721
686.031,685.734
686.028,685.725
686.025,685.718
686.022,685.711
686.020,685.705
686.018,685.699
686.021,685.708
686.024,685.716
686.027,685.723
686.030,685.729
686.032,685.735
686.034,685.741
686.036,685.745
686.038,685.750
686.032,685.734
686.034,685.739
686.028,685.725
686.030,685.731
686.033,685.737
686.029,685.728
686.034,685.740
686.038,685.751
686.034,685.741
686.031,685.732
686.032,685.736
686.026,685.721
686.029,685.728
686.026,685.720
686.023,685.713
686.021,685.707
686.026,685.721
686.023,685.714
686.029,685.727
686.026,685.719
686.031,685.732
686.036,685.744
686.032,685.734
686.036,685.746
686.033,685.736
686.037,685.747
686.033,685.738
686.030,685.729
686.026,685.721
686.024,685.714
686.021,685.708
686.024,685.716
686.027,685.723
686.030,685.729
686.024,685.715
686.009,685.678
686.005,685.669
686.010,685.681
686.014,685.691
686.010,685.681
686.006,685.672
686.003,685.663
686.008,685.675
686.012,685.686
686.016,685.696
686.020,685.705
686.015,685.694
686.013,685.689
686.012,685.685
686.010,685.681
686.017,685.698
686.023,685.713
686.028,685.726
686.025,685.718
686.022,685.711
686.020,685.705
686.018,685.700
686.021,685.708
686.016,685.697
686.020,685.706
686.015,685.694
686.019,685.703
686.014,685.692
686.013,685.687
686.011,685.683
686.010,685.680
686.008,685.677
686.007,685.674
686.004,685.665
686.001,685.657
685.998,685.650
686.003,685.664
686.008,685.676
686.004,685.667
686.004,685.665
686.003,685.663
686.002,685.662
686.002,685.660
686.001,685.659
685.998,685.652
685.996,685.645
686.001,685.659
686.006,685.671
686.011,685.683
686.015,685.693
686.013,685.689
686.012,685.684
686.010,685.681
686.017,685.697
686.023,685.712
686.028,685.726
686.033,685.738
686.030,685.729
686.034,685.741
686.039,685.752
686.035,685.742
686.037,685.746
686.030,685.731
686.033,685.737
686.027,685.722
686.021,685.709
686.025,685.717
686.027,685.724
686.024,685.716
686.022,685.710
686.019,685.704
686.017,685.698
686.015,685.693
686.013,685.689
686.012,685.685
686.016,685.695
686.019,685.704
686.023,685.712
686.026,685.720
686.021,685.707
686.024,685.715
686.027,685.722
686.029,685.729
686.032,685.734
686.026,685.720
686.031,685.733
686.028,685.725
686.033,685.737
686.029,685.728
686.026,685.721
686.023,685.714
686.021,685.707
686.026,685.721
686.031,685.734
686.036,685.745
686.040,685.756
686.042,685.759
686.043,685.762
686.044,685.765
686.045,685.767
686.038,685.750
686.040,685.754
686.041,685.757
686.042,685.760
686.043,685.763
686.036,685.746
686.030,685.731
686.025,685.717
686.027,685.724
686.024,685.716
686.022,685.710
686.027,685.723
686.024,685.716
686.030,685.729
686.026,685.721
686.024,685.714
686.021,685.708
686.019,685.702
686.022,685.710
686.017,685.698
686.021,685.707
686.024,685.715
686.027,685.722
686.029,685.729
686.024,685.715
686.021,685.708
686.019,685.703
686.017,685.697
686.015,685.692
686.013,685.688
686.019,685.704
686.015,685.692
686.010,685.682
686.015,685.692
686.010,685.682
686.015,685.692
686.018,685.702
686.022,685.710
686.025,685.718
686.022,685.711
686.025,685.719
686.023,685.712
686.020,685.706
686.026,685.720
686.031,685.732
686.028,685.724
686.025,685.717
686.022,685.710
686.019,685.704
686.017,685.698
686.015,685.694
686.013,685.689
686.012,685.685
686.018,685.701
686.024,685.716
686.021,685.709
686.019,685.703
686.025,685.717
686.022,685.711
686.020,685.704
686.025,685.719
686.023,685.712
686.020,685.706
686.018,685.700
686.024,685.714
686.029,685.728
686.026,685.720
686.023,685.713
686.020,685.706
686.018,685.701
686.024,685.715
686.021,685.709
686.027,685.723
686.024,685.715
686.019,685.703
686.014,685.692
686.018,685.701
686.014,685.690
686.018,685.700
686.024,685.714
686.021,685.708
686.019,685.702
686.024,685.716
686.030,685.729
686.035,685.741
686.031,685.732
686.036,685.744
686.040,685.754
686.044,685.764
686.039,685.753
686.035,685.743
686.039,685.753
686.041,685.757
686.042,685.760
686.043,685.763
686.036,685.746
686.030,685.731
686.025,685.717
686.027,685.724
686.022,685.710
686.025,685.718
686.028,685.725
686.022,685.711
686.026,685.719
686.028,685.726
686.023,685.712
686.026,685.720
686.029,685.726
686.025,685.719
686.023,685.712
686.028,685.725
686.033,685.738
686.030,685.729
686.026,685.721
686.031,685.734
686.028,685.725
686.025,685.718
686.022,685.711
686.020,685.705
686.018,685.699
686.016,685.694
686.014,685.690
686.018,685.699
686.013,685.688
686.017,685.698
686.013,685.687
686.009,685.677
686.013,685.688
686.017,685.698
686.021,685.707
686.016,685.695
686.020,685.704
686.025,685.718
686.031,685.731
686.027,685.723
686.024,685.716
686.022,685.709
686.027,685.723
686.032,685.735
686.037,685.747
686.033,685.737
686.029,685.728
686.026,685.721
686.023,685.714
686.026,685.721
686.029,685.728
686.023,685.714
686.026,685.721
686.029,685.728
686.032,685.734
686.034,685.739
686.036,685.744
686.030,685.729
686.034,685.741
686.039,685.752
686.035,685.742
686.031,685.732
686.028,685.724
686.033,685.737
686.029,685.728
686.026,685.720
686.031,685.733
686.028,685.725
686.022,685.711
686.025,685.719
686.028,685.726
686.023,685.712
686.018,685.700
686.013,685.689
686.012,685.685
686.010,685.681
686.009,685.678
686.008,685.675
686.015,685.692
686.013,685.688
686.019,685.703
686.017,685.698
686.015,685.693
686.013,685.688
686.011,685.684
686.018,685.700
686.013,685.689
686.017,685.699
686.013,685.688
686.009,685.678
686.013,685.689
686.009,685.679
686.014,685.689
686.012,685.685
686.018,685.701
686.024,685.716
686.022,685.709
686.027,685.723
686.024,685.716
686.021,685.709
686.025,685.717
686.020,685.704
686.023,685.712
686.026,685.720
686.029,685.727
686.026,685.719
686.023,685.712
686.028,685.726
686.025,685.718
686.022,685.711
686.020,685.705
686.018,685.700
686.024,685.714
686.021,685.708
686.019,685.702
686.022,685.710
686.025,685.718
686.028,685.725
686.031,685.731
686.025,685.717
686.028,685.724
686.030,685.731
686.035,685.742
686.031,685.733
686.028,685.725
686.025,685.717
686.022,685.711
686.028,685.724
686.025,685.717
686.022,685.710
686.019,685.704
686.017,685.698
686.023,685.713
686.021,685.707
686.018,685.701
686.022,685.710
686.025,685.717
686.020,685.705
686.015,685.693
686.011,685.683
686.007,685.673
686.003,685.665
686.003,685.663
686.010,685.681
686.017,685.697
686.023,685.712
686.020,685.706
686.018,685.700
686.016,685.695
686.020,685.704
686.023,685.712
686.018,685.700
686.013,685.689
686.020,685.705
686.017,685.699
686.015,685.694
686.022,685.709
686.019,685.703
686.017,685.698
686.015,685.693
686.011,685.683
686.015,685.693
686.011,685.682
686.015,685.693
686.011,685.682
686.007,685.673
686.003,685.664
686.000,685.657
686.005,685.670
686.005,685.667
686.004,685.665
686.003,685.664
686.002,685.662
686.002,685.660
686.001,685.659
686.001,685.658
686.000,685.657
685.997,685.650
686.003,685.663
686.000,685.656
686.026,685.720
686.023,685.713
686.028,685.726
686.025,685.718
686.031,685.731
686.027,685.723
686.024,685.716
686.022,685.709
686.017,685.697
686.020,685.706
686.024,685.714
686.027,685.722
686.029,685.728
686.032,685.734
686.026,685.720
686.021,685.707
686.026,685.721
686.031,685.734
686.028,685.725
686.025,685.718
686.022,685.711
686.020,685.705
686.018,685.699
686.023,685.714
686.021,685.708
686.010,685.682
686.017,685.698
686.023,685.713
686.021,685.707
686.018,685.701
686.014,685.690
686.010,685.680
686.006,685.671
686.003,685.662
686.007,685.674
686.012,685.686
686.010,685.682
686.009,685.678
686.008,685.675
686.007,685.673
686.006,685.670
686.010,685.681
686.007,685.672
686.003,685.664
686.000,685.656
686.005,685.669
686.002,685.661
686.001,685.659
686.001,685.658
686.000,685.657
686.005,685.670
686.002,685.661
686.002,685.660
686.001,685.659
686.001,685.657
686.000,685.656
686.000,685.655
685.999,685.655
685.999,685.654
686.007,685.673
686.014,685.690
686.012,685.686
686.011,685.682
686.007,685.673
686.011,685.684
686.016,685.694
686.019,685.703
686.015,685.692
686.018,685.701
686.022,685.710
686.019,685.704
686.017,685.698
686.015,685.693
686.013,685.689
686.012,685.685
686.010,685.681
686.009,685.678
686.008,685.675
686.007,685.672
686.011,685.683
686.015,685.694
686.019,685.703
686.022,685.711
686.025,685.719
686.020,685.706
686.026,685.720
686.023,685.713
686.021,685.707
686.018,685.701
686.016,685.696
686.012,685.685
686.016,685.695
686.020,685.704
686.023,685.712
686.026,685.720
686.021,685.707
686.024,685.715
686.019,685.703
686.014,685.691
686.021,685.707
686.018,685.701
686.024,685.716
686.021,685.709
686.027,685.723
686.032,685.735
686.037,685.747
686.033,685.737
686.037,685.748
686.033,685.739
686.030,685.730
686.035,685.742
686.039,685.752
686.032,685.736
686.027,685.722
686.029,685.728
686.024,685.714
686.027,685.722
686.021,685.709
686.024,685.716
686.027,685.723
686.022,685.710
686.019,685.704
686.017,685.698
686.015,685.694
686.013,685.689
686.012,685.685
686.010,685.681
686.009,685.678
686.016,685.695
686.014,685.690
686.012,685.686
686.018,685.702
686.016,685.696
686.020,685.705
686.023,685.714
686.018,685.701
686.014,685.690
686.010,685.680
686.014,685.691
686.012,685.686
686.011,685.683
686.009,685.679
686.008,685.676
686.007,685.673
686.006,685.671
686.013,685.688
686.011,685.684
686.007,685.674
686.012,685.686
686.008,685.676
686.005,685.667
686.009,685.679
686.006,685.670
686.005,685.668
686.012,685.685
686.018,685.701
686.016,685.696
686.014,685.691
686.013,685.687
686.011,685.683
686.010,685.680
686.006,685.671
686.003,685.662
685.999,685.655
686.005,685.668
686.001,685.660
686.001,685.658
686.000,685.657
686.000,685.656
686.000,685.655
686.007,685.674
686.004,685.666
686.001,685.658
685.998,685.651
685.995,685.644
686.001,685.658
686.006,685.671
686.003,685.663
686.002,685.661
686.001,685.660
686.001,685.658
685.992,685.637
685.993,685.638
685.993,685.639
685.993,685.640
685.994,685.640
685.999,685.655
686.005,685.667
686.001,685.660
685.998,685.652
685.996,685.646
685.996,685.646
685.996,685.646
685.996,685.646
686.004,685.666
686.003,685.664
686.003,685.662
686.002,685.661
686.001,685.659
686.006,685.672
686.011,685.683
686.007,685.674
686.004,685.665
686.009,685.677
686.007,685.674
686.014,685.691
686.013,685.687
686.011,685.683
686.010,685.680
686.008,685.676
686.013,685.687
686.017,685.697
686.020,685.706
686.024,685.714
686.018,685.702
686.016,685.696
686.014,685.692
686.021,685.707
686.018,685.701
686.016,685.696
686.014,685.691
686.018,685.701
686.014,685.690
686.010,685.680
686.006,685.670
686.005,685.668
686.004,685.666
686.003,685.664
686.003,685.662
685.994,685.641
685.992,685.636
685.998,685.650
685.995,685.644
685.995,685.644
685.995,685.644
685.995,685.644
685.995,685.645
685.993,685.639
685.991,685.633
685.991,685.635
685.992,685.636
685.984,685.617
685.985,685.620
685.984,685.616
685.983,685.613
685.981,685.610
685.983,685.614
685.984,685.617
685.985,685.620
685.986,685.622
685.985,685.619
685.983,685.615
685.982,685.612
685.984,685.615
685.985,685.618
685.978,685.601
685.979,685.605
685.979,685.603
685.978,685.601
685.977,685.600
685.979,685.604
685.981,685.608
685.974,685.592
685.976,685.597
685.976,685.596
685.975,685.595
685.975,685.594
685.977,685.599
685.979,685.603
685.980,685.607
685.979,685.605
685.986,685.623
685.985,685.619
685.986,685.621
685.987,685.624
685.988,685.626
685.989,685.628
685.989,685.630
685.990,685.631
685.988,685.627
685.986,685.623
685.985,685.619
685.984,685.616
685.985,685.618
685.986,685.621
685.979,685.604
685.978,685.602
685.977,685.600
685.977,685.599
685.971,685.583
685.981,685.609
685.982,685.613
685.984,685.616
685.982,685.613
685.981,685.610
685.980,685.607
685.979,685.605
685.981,685.609
685.982,685.613
685.976,685.596
685.975,685.595
685.975,685.594
685.974,685.593
685.976,685.598
685.970,685.583
685.973,685.589
685.973,685.588
685.972,685.588
685.972,685.587
685.974,685.593
685.977,685.598
685.978,685.603
685.972,685.587
685.974,685.593
685.966,685.572
685.966,685.573
685.967,685.574
685.970,685.581
685.972,685.587
685.966,685.573
685.967,685.574
685.967,685.575
685.967,685.576
685.970,685.582
685.973,685.589
685.967,685.574
685.967,685.575
685.959,685.556
685.963,685.565
685.958,685.553
685.954,685.542
685.947,685.526
685.949,685.531
685.951,685.536
685.948,685.527
685.944,685.519
685.949,685.531
685.954,685.542
685.955,685.546
685.957,685.549
685.960,685.559
685.956,685.547
685.952,685.537
685.953,685.541
685.955,685.545
685.957,685.549
685.960,685.558
685.956,685.547
685.959,685.556
685.961,685.559
685.961,685.561
685.957,685.549
685.960,685.559
685.964,685.567
685.964,685.569
685.965,685.570
685.966,685.571
685.961,685.559
685.964,685.567
685.967,685.575
685.967,685.575
685.968,685.576
685.968,685.577
685.971,685.584
685.965,685.570
685.966,685.571
685.966,685.572
685.966,685.573
685.961,685.561
685.965,685.569
685.968,685.576
685.968,685.577
685.968,685.577
685.968,685.578
685.971,685.584
685.965,685.571
685.968,685.578
685.969,685.578
685.969,685.579
685.969,685.579
685.969,685.580
685.964,685.566
685.967,685.574
685.969,685.581
685.970,685.581
685.970,685.581
685.970,685.582
685.964,685.568
685.967,685.575
685.970,685.582
685.972,685.588
685.972,685.588
685.972,685.587
685.964,685.567
685.959,685.555
685.963,685.564
685.966,685.572
685.966,685.573
685.967,685.574
685.961,685.561
685.965,685.569
685.968,685.576
685.970,685.583
685.965,685.569
685.968,685.577
685.968,685.577
685.968,685.578
685.977,685.598
685.978,685.603
685.980,685.607
685.982,685.611
685.983,685.614
685.982,685.611
685.981,685.609
685.980,685.606
685.973,685.590
685.967,685.576
685.970,685.582
685.965,685.569
685.965,685.570
685.966,685.571
685.969,685.578
685.963,685.565
685.958,685.553
685.962,685.562
685.973,685.591
685.973,685.590
685.973,685.589
685.973,685.589
685.967,685.575
685.970,685.581
685.964,685.568
685.967,685.575
685.968,685.576
685.976,685.596
685.978,685.601
685.979,685.605
685.973,685.590
685.973,685.589
685.973,685.589
685.972,685.588
685.975,685.594
685.969,685.579
685.971,685.585
685.971,685.585
685.971,685.585
685.971,685.585
685.974,685.591
685.976,685.596
685.978,685.601
685.968,685.577
685.968,685.577
685.968,685.578
685.971,685.584
685.973,685.590
685.973,685.590
685.973,685.589
685.973,685.589
685.975,685.594
685.969,685.579
685.969,685.580
685.969,685.580
685.969,685.580
685.972,685.587
685.974,685.592
685.974,685.591
685.981,685.610
685.980,685.608
685.982,685.611
685.975,685.595
685.969,685.580
685.969,685.580
685.969,685.581
685.978,685.601
685.979,685.605
685.977,685.598
685.978,685.603
685.972,685.587
685.972,685.587
685.972,685.586
685.972,685.586
685.974,685.592
685.976,685.597
685.978,685.602
685.980,685.606
685.979,685.604
685.978,685.602
685.977,685.600
685.979,685.604
685.981,685.608
685.982,685.612
685.983,685.615
685.982,685.612
685.981,685.609
685.980,685.607
685.982,685.611
685.983,685.614
685.984,685.617
685.985,685.620
685.984,685.616
685.983,685.613
685.981,685.610
685.983,685.614
685.984,685.617
685.985,685.620
685.984,685.616
685.983,685.613
685.976,685.596
685.978,685.601
685.971,685.586
685.971,685.586
685.971,685.585
685.971,685.585
685.966,685.571
685.968,685.578
685.963,685.565
685.956,685.547
685.957,685.551
685.961,685.560
685.964,685.568
685.959,685.556
685.960,685.558
685.961,685.561
685.957,685.549
685.960,685.558
685.964,685.567
685.964,685.568
685.965,685.570
685.966,685.571
685.968,685.578
685.971,685.585
685.965,685.571
685.968,685.578
685.969,685.579
685.969,685.579
685.969,685.579
685.964,685.566
685.967,685.574
685.969,685.581
685.972,685.587
685.974,685.592
685.976,685.598
685.978,685.602
685.985,685.620
685.984,685.617
685.983,685.613
685.984,685.617
685.985,685.620
685.978,685.602
685.980,685.607
685.979,685.604
685.986,685.622
685.985,685.618
685.978,685.601
685.979,685.606
685.981,685.609
685.980,685.607
685.971,685.585
685.974,685.591
685.976,685.596
685.978,685.601
685.977,685.599
685.976,685.598
685.976,685.596
685.978,685.601
685.979,685.605
685.981,685.609
685.980,685.607
685.979,685.605
685.978,685.603
685.980,685.607
685.982,685.610
685.983,685.614
685.982,685.611
685.989,685.628
685.987,685.624
685.988,685.626
685.989,685.628
685.987,685.624
685.985,685.620
685.984,685.617
685.985,685.620
685.978,685.602
685.969,685.581
685.970,685.581
685.970,685.581
685.964,685.568
685.967,685.575
685.960,685.556
685.961,685.559
685.962,685.561
685.957,685.550
685.961,685.559
685.956,685.547
685.949,685.531
685.951,685.536
685.961,685.560
685.964,685.568
685.959,685.556
685.955,685.545
685.948,685.529
685.951,685.534
685.952,685.539
685.949,685.529
685.945,685.521
685.950,685.533
685.952,685.537
685.954,685.542
685.955,685.546
685.959,685.555
685.963,685.564
685.966,685.572
685.961,685.559
685.954,685.542
685.955,685.546
685.965,685.569
685.968,685.576
685.970,685.583
685.973,685.589
685.975,685.594
685.977,685.599
685.976,685.598
685.976,685.596
685.975,685.595
685.969,685.580
685.972,685.587
685.974,685.592
685.976,685.598
685.976,685.596
685.975,685.595
685.967,685.574
685.962,685.561
685.965,685.569
685.968,685.577
685.968,685.577
685.968,685.578
685.969,685.579
685.971,685.585
685.966,685.571
685.966,685.572
685.958,685.554
685.960,685.556
685.955,685.545
685.959,685.555
685.954,685.544
685.956,685.547
685.957,685.551
685.953,685.540
685.957,685.550
685.961,685.559
685.962,685.562
685.963,685.564
685.963,685.566
685.964,685.567
685.967,685.575
685.970,685.582
685.964,685.568
685.967,685.575
685.970,685.582
685.970,685.582
685.970,685.582
685.970,685.583
685.962,685.563
685.957,685.551
685.961,685.560
685.964,685.568
685.965,685.570
685.966,685.571
685.966,685.572
685.969,685.579
685.963,685.566
685.958,685.554
685.960,685.557
685.961,685.559
685.962,685.561
685.957,685.550
685.961,685.559
685.962,685.561
685.962,685.563
685.963,685.565
685.966,685.573
685.969,685.580
685.964,685.567
685.959,685.554
685.960,685.557
685.961,685.560
685.964,685.568
685.959,685.556
685.963,685.564
685.966,685.572
685.966,685.573
685.967,685.574
685.967,685.575
685.962,685.562
685.957,685.550
685.961,685.559
685.964,685.568
685.965,685.569
685.973,685.590
685.973,685.590
685.973,685.589
685.975,685.595
685.977,685.599
685.979,685.604
685.980,685.608
685.982,685.612
685.981,685.609
685.980,685.606
685.979,685.604
685.981,685.608
685.982,685.612
685.975,685.595
685.969,685.580
685.961,685.561
685.954,685.543
685.958,685.553
685.954,685.542
685.958,685.552
685.959,685.555
685.960,685.558
685.961,685.560
685.964,685.569
685.967,685.576
685.962,685.563
685.963,685.565
685.964,685.567
685.964,685.568
685.965,685.570
685.968,685.577
685.963,685.564
685.966,685.572
685.966,685.573
685.967,685.574
685.967,685.575
685.967,685.576
685.970,685.582
685.973,685.588
685.972,685.588
685.972,685.587
685.964,685.567
685.959,685.555
685.955,685.544
685.958,685.554
685.952,685.537
685.945,685.522
685.950,685.533
685.955,685.544
685.958,685.554
685.954,685.543
685.948,685.527
685.942,685.513
685.945,685.519
685.941,685.512
685.939,685.505
685.934,685.493
685.929,685.482
685.936,685.497
685.941,685.511
685.938,685.504
685.942,685.512
685.944,685.519
685.949,685.531
685.946,685.522
685.942,685.514
685.945,685.521
685.940,685.507
685.937,685.501
685.943,685.514
685.948,685.527
685.942,685.513
685.945,685.519
685.947,685.526
685.944,685.517
685.941,685.510
685.938,685.503
685.941,685.511
685.936,685.498
685.934,685.492
685.931,685.487
685.927,685.477
685.931,685.487
685.927,685.476
685.934,685.492
685.932,685.487
685.930,685.483
685.928,685.478
685.932,685.488
685.936,685.497
685.941,685.511
685.939,685.505
685.942,685.512
685.936,685.499
685.932,685.487
685.930,685.483
685.928,685.479
685.926,685.475
685.923,685.465
685.919,685.457
685.924,685.469
685.923,685.466
685.930,685.483
685.928,685.479
685.932,685.489
685.936,685.498
685.939,685.506
685.945,685.519
685.949,685.531
685.954,685.542
685.955,685.546
685.957,685.550
685.958,685.553
685.954,685.542
685.950,685.532
685.954,685.543
685.948,685.527
685.942,685.513
685.947,685.525
685.952,685.537
685.948,685.528
685.944,685.519
685.947,685.525
685.949,685.531
685.954,685.542
685.950,685.532
685.954,685.543
685.948,685.527
685.950,685.533
685.952,685.537
685.956,685.548
685.960,685.557
685.955,685.546
685.949,685.530
685.943,685.515
685.940,685.508
685.937,685.501
685.932,685.489
685.928,685.479
685.926,685.475
685.925,685.471
685.924,685.468
685.920,685.459
685.925,685.471
685.921,685.462
685.920,685.460
685.920,685.458
685.924,685.470
685.929,685.481
685.933,685.490
685.931,685.485
685.929,685.481
685.953,685.540
685.957,685.550
685.953,685.539
685.946,685.524
685.949,685.530
685.945,685.521
685.950,685.533
685.954,685.544
685.956,685.547
685.949,685.531
685.954,685.542
685.950,685.532
685.954,685.543
685.956,685.547
685.949,685.531
685.951,685.536
685.947,685.527
685.952,685.538
685.954,685.542
685.947,685.527
685.950,685.532
685.946,685.523
685.943,685.515
685.940,685.508
685.943,685.515
685.948,685.528
685.950,685.533
685.952,685.538
685.956,685.548
685.952,685.538
685.954,685.542
685.955,685.546
685.957,685.550
685.958,685.553
685.962,685.562
685.957,685.550
685.953,685.539
685.954,685.544
685.948,685.528
685.953,685.539
685.949,685.529
685.945,685.521
685.942,685.513
685.945,685.520
685.947,685.526
685.949,685.531
685.946,685.522
685.943,685.514
685.945,685.521
685.948,685.527
685.961,685.559
685.962,685.562
685.963,685.564
685.963,685.566
685.966,685.573
685.969,685.580
685.969,685.581
685.969,685.581
685.970,685.581
685.970,685.581
685.964,685.568
685.967,685.575
685.962,685.562
685.957,685.551
685.961,685.560
685.962,685.562
685.955,685.544
685.956,685.548
685.952,685.538
685.956,685.548
685.958,685.551
685.959,685.554
685.960,685.557
685.963,685.565
685.966,685.573
685.967,685.574
685.967,685.575
685.967,685.576
685.962,685.563
685.965,685.571
685.958,685.552
685.959,685.555
685.960,685.558
685.964,685.566
685.967,685.574
685.969,685.581
685.972,685.587
685.972,685.587
685.972,685.586
685.972,685.586
685.971,685.586
685.974,685.592
685.976,685.597
685.975,685.596
685.975,685.594
685.975,685.593
685.977,685.598
685.978,685.603
685.980,685.607
685.982,685.611
685.981,685.608
685.980,685.606
685.981,685.610
685.975,685.593
685.977,685.598
685.970,685.583
685.970,685.583
685.970,685.583
685.970,685.583
685.973,685.589
685.975,685.595
685.977,685.599
685.979,685.604
685.978,685.602
685.977,685.600
685.977,685.599
685.987,685.623
685.987,685.625
685.980,685.607
685.974,685.591
685.973,685.590
685.981,685.610
685.975,685.593
685.969,685.579
685.971,685.585
685.966,685.571
685.958,685.553
685.959,685.556
685.960,685.558
685.964,685.567
685.967,685.574
685.970,685.581
685.972,685.587
685.972,685.587
685.972,685.587
685.972,685.586
685.974,685.592
685.968,685.577
685.971,685.584
685.971,685.584
685.971,685.584
685.971,685.584
685.973,685.590
685.975,685.595
685.977,685.600
685.977,685.598
685.976,685.597
685.970,685.582
685.964,685.568
685.967,685.576
685.962,685.563
685.955,685.545
685.956,685.548
685.952,685.538
685.948,685.528
685.945,685.520
685.939,685.506
685.942,685.514
685.945,685.520
685.950,685.532
685.954,685.543
685.950,685.533
685.952,685.538
685.954,685.542
685.955,685.546
685.959,685.556
685.963,685.564
685.964,685.566
685.964,685.568
685.965,685.569
685.968,685.577
685.962,685.564
685.958,685.552
685.961,685.561
685.962,685.563
685.963,685.565
685.964,685.567
685.959,685.554
685.962,685.563
685.963,685.565
685.964,685.567
685.964,685.569
685.967,685.576
685.970,685.582
685.973,685.589
685.967,685.574
685.967,685.575
685.967,685.576
685.968,685.577
685.962,685.564
685.966,685.571
685.969,685.578
685.969,685.579
685.969,685.579
685.969,685.580
685.964,685.566
685.959,685.554
685.962,685.563
685.963,685.565
685.964,685.567
685.964,685.568
685.967,685.576
685.962,685.563
685.965,685.571
685.966,685.572
685.958,685.553
685.959,685.556
685.955,685.545
685.959,685.555
685.952,685.538
685.954,685.542
685.955,685.546
685.951,685.536
685.955,685.546
685.951,685.536
685.956,685.546
685.957,685.550
685.950,685.533
685.955,685.544
685.950,685.534
685.952,685.539
685.946,685.523
685.940,685.509
685.946,685.522
685.942,685.514
685.940,685.507
685.942,685.514
685.945,685.521
685.950,685.533
685.946,685.524
685.949,685.529
685.951,685.535
685.945,685.519
685.941,685.512
685.947,685.525
685.949,685.530
685.951,685.535
685.955,685.546
685.951,685.536
685.955,685.546
685.957,685.550
685.958,685.553
685.954,685.542
685.950,685.532
685.946,685.523
685.948,685.529
685.951,685.534
685.947,685.525
685.944,685.517
685.940,685.509
685.938,685.503
685.933,685.491
685.936,685.499
685.934,685.494
685.932,685.488
685.936,685.497
685.931,685.486
685.935,685.495
685.941,685.510
685.946,685.522
685.948,685.528
685.950,685.534
685.952,685.538
685.948,685.529
685.953,685.540
685.957,685.550
685.958,685.553
685.951,685.536
685.948,685.527
685.952,685.538
685.948,685.529
685.951,685.534
685.944,685.519
685.941,685.511
685.939,685.505
685.944,685.518
685.947,685.524
685.949,685.530
685.951,685.535
685.955,685.545
685.951,685.535
685.955,685.546
685.959,685.555
685.952,685.538
685.954,685.543
685.958,685.552
685.962,685.561
685.957,685.550
685.958,685.553
685.951,685.536
685.947,685.527
685.944,685.518
685.947,685.524
685.941,685.510
685.936,685.497
685.933,685.492
685.939,685.507
685.942,685.514
685.945,685.521
685.947,685.527
685.944,685.518
685.949,685.530
685.951,685.535
685.953,685.540
685.955,685.544
685.958,685.554
685.962,685.562
685.957,685.551
685.959,685.554
685.960,685.557
685.955,685.545
685.951,685.535
685.955,685.546
685.957,685.549
685.950,685.533
685.944,685.518
685.941,685.511
685.946,685.524
685.951,685.535
685.953,685.540
685.955,685.544
685.951,685.534
685.947,685.525
685.941,685.511
685.944,685.518
685.941,685.510
685.946,685.523
685.943,685.515
685.945,685.522
685.940,685.508
685.937,685.501
685.935,685.495
685.932,685.490
685.936,685.499
685.939,685.507
685.937,685.500
685.934,685.494
685.938,685.503
685.941,685.510
685.938,685.504
685.936,685.497
685.933,685.492
685.929,685.481
685.925,685.471
685.924,685.468
685.922,685.465
685.927,685.476
685.931,685.487
685.937,685.502
685.935,685.496
685.930,685.484
685.934,685.494
685.932,685.488
685.930,685.484
685.936,685.499
685.932,685.487
685.935,685.497
685.933,685.491
685.939,685.506
685.936,685.499
685.932,685.488
685.927,685.477
685.926,685.473
685.933,685.490
685.928,685.479
685.932,685.489
685.936,685.498
685.942,685.512
685.947,685.525
685.941,685.511
685.944,685.518
685.946,685.524
685.943,685.516
685.940,685.508
685.937,685.502
685.941,685.510
685.943,685.517
685.948,685.529
685.953,685.540
685.947,685.525
685.949,685.530
685.945,685.521
685.942,685.514
685.939,685.507
685.942,685.514
685.945,685.521
685.942,685.513
685.939,685.506
685.934,685.493
685.929,685.482
685.928,685.478
685.926,685.474
685.925,685.471
685.929,685.481
685.933,685.491
685.931,685.486
685.929,685.482
685.928,685.478
685.932,685.488
685.935,685.497
685.933,685.491
685.931,685.486
685.937,685.502
685.932,685.490
685.936,685.499
685.942,685.513
685.947,685.525
685.944,685.517
685.946,685.523
685.943,685.515
685.940,685.508
685.945,685.521
685.948,685.527
685.942,685.513
685.947,685.525
685.944,685.517
685.938,685.504
685.941,685.511
685.938,685.504
685.936,685.498
685.934,685.492
685.929,685.481
685.927,685.477
685.926,685.474
685.933,685.490
685.928,685.479
685.932,685.489
685.930,685.484
685.929,685.480
685.933,685.490
685.928,685.479
685.927,685.475
685.925,685.472
685.922,685.463
685.918,685.454
685.918,685.453
685.917,685.451
685.917,685.450
685.914,685.443
685.921,685.462
685.921,685.460
685.920,685.458
685.917,685.450
685.914,685.443
685.921,685.462
685.921,685.460
685.925,685.472
685.930,685.483
685.936,685.498
685.942,685.512
685.936,685.497
685.939,685.506
685.936,685.499
685.934,685.494
685.938,685.502
685.933,685.490
685.931,685.485
685.929,685.481
685.927,685.477
685.923,685.467
685.928,685.478
685.932,685.488
685.930,685.484
685.928,685.479
685.927,685.475
685.931,685.486
685.935,685.495
685.940,685.509
685.938,685.503
685.933,685.491
685.928,685.480
685.935,685.496
685.933,685.490
685.936,685.499
685.940,685.507
685.938,685.504
685.941,685.511
685.936,685.498
685.931,685.487
685.938,685.502
685.935,685.496
685.930,685.485
685.934,685.494
685.930,685.483
685.928,685.479
685.935,685.495
685.932,685.489
685.936,685.498
685.939,685.507
685.942,685.514
685.939,685.507
685.945,685.520
685.950,685.532
685.944,685.517
685.938,685.504
685.936,685.498
685.941,685.512
685.947,685.525
685.941,685.510
685.944,685.517
685.947,685.525
685.952,685.537
685.948,685.527
685.944,685.519
685.947,685.525
685.949,685.531
685.946,685.522
685.942,685.514
685.947,685.527
685.950,685.532
685.952,685.537
685.945,685.522
685.942,685.514
685.947,685.526
685.942,685.512
685.944,685.519
685.939,685.505
685.936,685.499
685.942,685.513
685.945,685.520
685.947,685.526
685.944,685.517
685.949,685.530
685.945,685.521
685.948,685.527
685.959,685.555
685.960,685.558
685.964,685.567
685.959,685.554
685.960,685.557
685.961,685.560
685.956,685.548
685.952,685.538
685.956,685.548
685.958,685.551
685.951,685.535
685.947,685.525
685.944,685.517
685.938,685.504
685.933,685.492
685.931,685.487
685.929,685.482
685.925,685.472
685.930,685.483
685.936,685.498
685.934,685.492
685.937,685.501
685.932,685.489
685.930,685.484
685.937,685.500
685.934,685.494
685.930,685.483
685.926,685.473
685.924,685.469
685.921,685.460
685.925,685.472
685.930,685.483
685.928,685.479
685.926,685.475
685.931,685.485
685.926,685.475
685.931,685.485
685.929,685.481
685.927,685.477
685.931,685.487
685.927,685.476
685.931,685.487
685.929,685.482
685.928,685.478
685.932,685.488
685.935,685.497
685.933,685.491
685.939,685.506
685.942,685.514
685.945,685.520
685.947,685.526
685.952,685.538
685.956,685.548
685.958,685.551
685.961,685.560
685.956,685.549
685.952,685.538
685.946,685.523
685.940,685.509
685.938,685.502
685.935,685.496
685.938,685.504
685.934,685.492
685.939,685.507
685.937,685.500
685.932,685.489
685.928,685.478
685.926,685.474
685.925,685.471
685.921,685.462
685.926,685.473
685.924,685.470
685.931,685.487
685.935,685.496
685.930,685.484
685.929,685.480
685.927,685.476
685.923,685.467
685.928,685.478
685.926,685.474
685.925,685.471
685.929,685.481
685.925,685.471
685.924,685.468
685.923,685.465
685.919,685.457
685.916,685.449
685.916,685.448
685.915,685.447
685.913,685.441
685.918,685.454
685.915,685.447
685.915,685.446
685.914,685.445
685.912,685.439
685.917,685.453
685.917,685.451
685.924,685.470
685.921,685.461
685.926,685.473
685.924,685.469
685.923,685.466
685.920,685.458
685.924,685.470
685.923,685.467
685.922,685.464
685.927,685.476
685.923,685.466
685.927,685.477
685.926,685.474
685.922,685.464
685.919,685.456
685.916,685.448
685.915,685.447
685.923,685.466
685.922,685.464
685.919,685.455
685.916,685.448
685.923,685.467
685.922,685.464
685.927,685.475
685.931,685.486
685.937,685.501
685.935,685.495
685.938,685.503
685.941,685.511
685.938,685.504
685.936,685.498
685.939,685.506
685.934,685.494
685.932,685.488
685.930,685.484
685.926,685.473
685.922,685.464
685.919,685.456
685.918,685.454
685.923,685.467
685.920,685.458
685.927,685.476
685.925,685.472
685.930,685.483
685.926,685.473
685.924,685.469
685.923,685.466
685.928,685.477
685.924,685.468
685.922,685.465
685.921,685.462
685.918,685.454
685.915,685.447
685.915,685.446
685.914,685.445
685.914,685.445
685.912,685.438
685.912,685.438
685.920,685.458
685.924,685.470
685.921,685.461
685.918,685.453
685.917,685.451
685.914,685.444
685.911,685.438
685.917,685.452
685.917,685.450
685.916,685.449
685.913,685.442
685.911,685.436
685.919,685.456
685.918,685.454
685.915,685.447
685.920,685.460
685.920,685.458
685.919,685.456
685.924,685.468
685.920,685.459
685.917,685.451
685.917,685.450
685.916,685.449
685.913,685.442
685.913,685.442
685.913,685.442
685.919,685.455
685.923,685.467
685.922,685.465
685.921,685.462
685.926,685.474
685.930,685.484
685.928,685.480
685.927,685.476
685.923,685.466
685.928,685.477
685.934,685.494
685.932,685.488
685.928,685.478
685.932,685.488
685.938,685.503
685.935,685.497
685.931,685.485
685.934,685.494
685.938,685.503
685.935,685.497
685.941,685.511
685.936,685.498
685.939,685.506
685.945,685.519
685.941,685.512
685.936,685.499
685.931,685.487
685.930,685.482
685.928,685.478
685.924,685.469
685.920,685.460
685.920,685.458
685.927,685.476
685.931,685.486
685.927,685.476
685.925,685.472
685.924,685.469
685.920,685.460
685.925,685.472
685.924,685.469
685.923,685.466
685.919,685.457
685.916,685.450
685.916,685.448
685.923,685.467
685.920,685.459
685.917,685.451
685.922,685.463
685.921,685.461
685.920,685.459
685.925,685.471
685.929,685.481
685.935,685.497
685.933,685.491
685.937,685.500
685.940,685.508
685.937,685.502
685.935,685.496
685.930,685.484
685.926,685.474
685.930,685.484
685.929,685.480
685.927,685.476
685.931,685.486
685.927,685.476
685.925,685.472
685.924,685.469
685.921,685.460
685.925,685.472
685.924,685.469
685.923,685.466
685.927,685.477
685.931,685.487
685.930,685.482
685.928,685.478
685.924,685.469
685.920,685.460
685.917,685.452
685.917,685.451
685.916,685.450
685.921,685.462
685.918,685.454
685.917,685.453
685.917,685.451
685.914,685.444
685.911,685.438
685.917,685.452
685.917,685.450
685.916,685.449
685.913,685.442
685.919,685.456
685.918,685.454
685.915,685.447
685.912,685.440
685.912,685.440
685.912,685.440
685.910,685.434
685.916,685.448
685.923,685.467
685.922,685.464
685.921,685.462
685.918,685.453
685.915,685.446
685.914,685.445
685.914,685.445
685.912,685.438
685.909,685.432
685.909,685.433
685.910,685.434
685.908,685.428
685.908,685.429
685.916,685.450
685.922,685.463
685.918,685.454
685.926,685.473
685.924,685.469
685.929,685.480
685.933,685.490
685.939,685.505
685.936,685.499
685.931,685.487
685.927,685.476
685.934,685.493
685.932,685.487
685.927,685.477
685.931,685.487
685.935,685.496
685.941,685.510
685.936,685.498
685.931,685.486
685.937,685.501
685.935,685.495
685.933,685.490
685.936,685.499
685.931,685.487
685.930,685.482
685.928,685.478
685.932,685.488
685.936,685.497
685.933,685.492
685.931,685.487
685.927,685.476
685.923,685.467
685.922,685.464
685.921,685.462
685.926,685.473
685.930,685.484
685.928,685.479
685.927,685.475
685.923,685.466
685.927,685.477
685.926,685.473
685.925,685.470
685.921,685.461
685.926,685.473
685.922,685.464
685.921,685.461
685.926,685.473
685.922,685.464
685.929,685.481
685.927,685.477
685.923,685.467
685.920,685.459
685.919,685.457
685.918,685.455
685.915,685.447
685.913,685.441
685.913,685.440
685.912,685.440
685.910,685.434
685.916,685.448
685.915,685.447
685.915,685.446
685.912,685.440
685.918,685.454
685.917,685.452
685.917,685.451
685.914,685.444
685.911,685.437
685.911,685.437
685.911,685.437
685.917,685.451
685.914,685.444
685.922,685.463
685.921,685.461
685.918,685.453
685.923,685.465
685.922,685.463
685.926,685.474
685.922,685.465
685.930,685.482
685.928,685.478
685.932,685.488
685.928,685.477
685.926,685.474
685.925,685.470
685.923,685.467
685.928,685.478
685.932,685.488
685.930,685.484
685.926,685.473
685.930,685.484
685.928,685.480
685.927,685.476
685.923,685.466
685.919,685.458
685.927,685.476
685.925,685.472
685.922,685.463
685.918,685.455
685.918,685.453
685.917,685.452
685.922,685.464
685.919,685.456
685.918,685.454
685.917,685.453
685.923,685.465
685.927,685.476
685.926,685.473
685.911,685.436
685.911,685.436
685.908,685.430
685.914,685.445
685.912,685.438
685.912,685.438
685.912,685.438
685.909,685.433
685.910,685.433
685.918,685.453
685.915,685.446
685.920,685.459
685.919,685.457
685.919,685.455
685.916,685.448
685.921,685.461
685.920,685.459
685.919,685.457
685.916,685.449
685.921,685.462
685.928,685.479
685.927,685.476
685.931,685.486
685.927,685.475
685.923,685.466
685.920,685.459
685.917,685.451
685.922,685.464
685.921,685.462
685.920,685.459
685.917,685.451
685.914,685.444
685.914,685.444
685.914,685.443
685.911,685.437
685.917,685.451
685.916,685.450
685.916,685.449
685.913,685.442
685.911,685.436
685.911,685.436
685.911,685.436
685.908,685.430
685.914,685.445
685.914,685.444
685.914,685.444
685.911,685.437
685.919,685.457
685.919,685.455
685.918,685.454
685.915,685.446
685.912,685.440
685.912,685.440
685.910,685.434
685.908,685.428
685.908,685.429
685.908,685.430
685.906,685.425
685.912,685.440
685.912,685.440
685.912,685.440
685.910,685.434
685.910,685.434
685.910,685.435
685.916,685.449
685.921,685.462
685.920,685.459
685.919,685.457
685.916,685.450
685.913,685.443
685.913,685.442
685.913,685.442
685.911,685.436
685.908,685.430
685.909,685.431
685.914,685.445
685.920,685.458
685.919,685.456
685.918,685.455
685.923,685.467
685.920,685.458
685.919,685.456
685.918,685.455
685.915,685.447
685.921,685.460
685.920,685.458
685.919,685.456
685.916,685.449
685.913,685.442
685.921,685.461
685.928,685.479
685.924,685.469
685.928,685.480
685.927,685.476
685.925,685.472
685.930,685.483
685.928,685.479
685.926,685.475
685.923,685.465
685.919,685.457
685.919,685.455
685.918,685.454
685.917,685.452
685.914,685.445
685.912,685.438
685.912,685.438
685.912,685.438
685.909,685.433
685.907,685.427
685.908,685.428
685.908,685.429
685.914,685.444
685.914,685.443
685.914,685.443
685.913,685.443
685.911,685.436
685.917,685.450
685.916,685.449
685.916,685.448
685.921,685.461
685.926,685.473
685.924,685.469
685.929,685.480
685.925,685.470
685.923,685.467
685.922,685.465
685.927,685.476
685.923,685.466
685.922,685.464
685.921,685.461
685.918,685.453
685.917,685.452
685.917,685.451
685.916,685.449
685.913,685.442
685.919,685.456
685.918,685.454
685.925,685.472
685.922,685.463
685.926,685.475
685.925,685.471
685.924,685.468
685.920,685.459
685.925,685.471
685.924,685.468
685.923,685.465
685.927,685.476
685.926,685.473
685.924,685.470
685.923,685.467
685.920,685.458
685.919,685.456
685.918,685.454
685.915,685.447
685.920,685.460
685.920,685.458
685.927,685.476
685.923,685.466
685.920,685.458
685.919,685.456
685.916,685.448
685.913,685.442
685.905,685.422
685.906,685.423
685.904,685.419
685.910,685.434
685.910,685.435
685.910,685.435
685.908,685.429
685.906,685.424
685.907,685.426
685.907,685.427
685.913,685.442
685.911,685.436
685.919,685.456
685.918,685.454
685.915,685.447
685.912,685.440
685.912,685.440
685.912,685.440
685.910,685.434
685.908,685.428
685.900,685.409
685.899,685.406
685.897,685.403
685.896,685.401
685.898,685.404
685.899,685.408
685.898,685.405
685.897,685.402
685.898,685.405
685.900,685.409
685.898,685.406
685.900,685.409
685.901,685.412
685.899,685.408
685.898,685.405
685.900,685.408
685.901,685.411
685.899,685.408
685.901,685.411
685.902,685.414
685.903,685.416
685.909,685.432
685.909,685.433
685.918,685.453
685.917,685.451
685.914,685.444
685.911,685.438
685.911,685.438
685.911,685.438
685.909,685.432
685.915,685.446
685.915,685.446
685.914,685.445
685.920,685.458
685.917,685.450
685.914,685.443
685.922,685.463
685.921,685.460
685.925,685.472
685.924,685.469
685.923,685.466
685.922,685.463
685.919,685.455
685.923,685.467
685.922,685.465
685.921,685.462
685.926,685.474
685.925,685.470
685.923,685.467
685.928,685.478
685.924,685.469
685.920,685.460
685.920,685.458
685.924,685.470
685.921,685.461
685.920,685.459
685.919,685.457
685.916,685.449
685.921,685.462
685.920,685.460
685.920,685.458
685.916,685.450
685.916,685.449
685.916,685.448
685.921,685.461
685.918,685.453
685.917,685.451
685.917,685.450
685.916,685.449
685.913,685.442
685.913,685.442
685.913,685.442
685.911,685.436
685.908,685.430
685.906,685.425
685.907,685.426
685.907,685.427
685.905,685.423
685.911,685.438
685.911,685.438
685.920,685.458
685.924,685.470
685.929,685.481
685.927,685.477
685.926,685.473
685.930,685.484
685.926,685.473
685.924,685.470
685.923,685.467
685.928,685.478
685.924,685.468
685.923,685.466
685.922,685.463
685.926,685.474
685.923,685.465
685.922,685.463
685.921,685.460
685.925,685.472
685.922,685.463
685.921,685.461
685.920,685.459
685.917,685.451
685.914,685.444
685.914,685.443
685.919,685.457
685.916,685.449
685.916,685.448
685.915,685.447
685.912,685.440
685.910,685.434
685.918,685.454
685.915,685.447
685.920,685.460
685.920,685.458
685.919,685.456
685.916,685.448
685.913,685.442
685.913,685.441
685.913,685.441
685.918,685.454
685.923,685.467
685.922,685.464
685.921,685.462
685.918,685.454
685.923,685.466
685.922,685.463
685.921,685.461
685.920,685.459
685.917,685.451
685.914,685.444
685.914,685.443
685.911,685.437
685.909,685.431
685.909,685.432
685.909,685.433
685.910,685.433
685.907,685.428
685.908,685.429
685.908,685.430
685.914,685.444
685.911,685.438
685.911,685.438
685.911,685.438
685.917,685.452
685.922,685.464
685.921,685.462
685.920,685.460
685.925,685.471
685.924,685.468
685.923,685.465
685.922,685.463
685.918,685.454
685.915,685.447
685.915,685.446
685.915,685.446
685.920,685.459
685.925,685.471
685.924,685.468
685.922,685.465
685.919,685.456
685.916,685.449
685.916,685.448
685.915,685.447
685.920,685.460
685.917,685.452
685.917,685.451
685.922,685.463
685.918,685.455
685.918,685.454
685.917,685.452
685.917,685.451
685.914,685.444
685.911,685.437
685.911,685.437
685.903,685.418
685.910,685.433
685.907,685.428
685.916,685.449
685.916,685.448
685.913,685.441
685.910,685.435
685.908,685.429
685.908,685.430
685.909,685.431
685.907,685.426
685.905,685.421
685.913,685.442
685.913,685.442
685.911,685.436
685.916,685.450
685.916,685.449
685.916,685.448
685.921,685.461
685.918,685.453
685.917,685.451
685.917,685.450
685.922,685.463
685.918,685.455
685.918,685.453
685.917,685.452
685.914,685.445
685.912,685.438
685.912,685.438
685.912,685.438
685.909,685.432
685.907,685.427
685.907,685.428
685.900,685.409
685.899,685.406
685.905,685.423
685.906,685.424
685.907,685.426
685.905,685.421
685.903,685.417
685.904,685.419
685.902,685.415
685.901,685.411
685.899,685.408
685.909,685.431
685.909,685.431
685.907,685.426
685.907,685.427
685.908,685.428
685.906,685.423
685.912,685.439
685.912,685.439
685.912,685.439
685.917,685.453
685.914,685.445
685.914,685.445
685.914,685.444
685.911,685.438
685.917,685.451
685.917,685.450
685.914,685.443
685.911,685.437
685.911,685.437
685.911,685.437
685.917,685.451
685.922,685.464
685.921,685.461
685.920,685.459
685.925,685.471
685.929,685.482
685.928,685.478
685.932,685.488
685.935,685.497
685.933,685.491
685.931,685.486
685.927,685.476
685.923,685.466
685.922,685.464
685.921,685.461
685.926,685.473
685.922,685.464
685.921,685.461
685.928,685.479
685.924,685.469
685.921,685.460
685.920,685.458
685.919,685.456
685.910,685.435
685.908,685.429
685.906,685.424
685.906,685.426
685.905,685.421
685.911,685.436
685.911,685.437
685.912,685.439
685.912,685.439
685.918,685.453
685.915,685.446
685.914,685.445
685.914,685.444
685.919,685.458
685.916,685.450
685.924,685.469
685.923,685.466
685.927,685.477
685.931,685.487
685.930,685.482
685.928,685.478
685.932,685.488
685.938,685.503
685.935,685.497
685.931,685.486
685.927,685.475
685.925,685.472
685.924,685.469
685.920,685.460
685.925,685.472
685.924,685.468
685.923,685.466
685.904,685.419
685.902,685.415
685.903,685.417
685.904,685.419
685.902,685.415
685.909,685.431
685.909,685.432
685.909,685.433
685.907,685.427
685.905,685.422
685.906,685.424
685.906,685.425
685.904,685.420
685.903,685.416
685.904,685.418
685.904,685.420
685.903,685.416
685.904,685.418
685.904,685.420
685.911,685.436
685.908,685.430
685.909,685.431
685.906,685.426
685.905,685.421
685.905,685.423
685.930,685.484
685.928,685.479
685.927,685.476
685.923,685.466
685.922,685.463
685.913,685.441
685.918,685.455
685.915,685.447
685.915,685.446
685.923,685.465
685.927,685.477
685.923,685.467
685.922,685.464
685.921,685.462
685.918,685.454
685.923,685.466
685.922,685.463
685.921,685.461
685.926,685.473
685.930,685.483
685.928,685.479
685.932,685.489
685.928,685.478
685.926,685.474
685.925,685.471
685.921,685.462
685.920,685.460
685.920,685.458
685.916,685.450
685.914,685.443
685.913,685.442
685.905,685.422
685.903,685.418
685.904,685.420
685.905,685.422
685.903,685.417
685.910,685.433
685.902,685.414
685.903,685.416
685.901,685.412
685.900,685.409
685.901,685.412
685.908,685.428
685.906,685.423
685.906,685.425
685.907,685.426
685.905,685.421
685.903,685.417
685.896,685.399
685.895,685.397
685.894,685.395
685.896,685.399
685.897,685.403
685.896,685.400
685.895,685.398
685.897,685.402
685.898,685.405
685.897,685.403
685.891,685.386
685.893,685.391
685.892,685.390
685.891,685.388
685.893,685.393
685.893,685.392
685.892,685.390
685.886,685.375
685.888,685.381
685.888,685.380
685.888,685.380
685.890,685.386
685.892,685.391
685.892,685.389
685.894,685.394
685.895,685.398
685.894,685.396
685.894,685.394
685.895,685.398
685.897,685.402
685.896,685.400
685.898,685.403
685.899,685.407
685.898,685.404
685.905,685.421
685.897,685.403
685.899,685.406
685.898,685.403
685.896,685.401
685.898,685.405
685.897,685.402
685.896,685.399
685.897,685.403
685.896,685.401
685.895,685.398
685.897,685.402
685.898,685.406
685.897,685.403
685.899,685.406
685.900,685.409
685.899,685.406
685.897,685.403
685.899,685.406
685.900,685.409
685.899,685.406
685.898,685.403
685.899,685.407
685.900,685.410
685.907,685.426
685.907,685.428
685.908,685.429
685.914,685.443
685.911,685.437
685.911,685.437
685.911,685.437
685.909,685.431
685.907,685.426
685.907,685.427
685.905,685.423
685.904,685.418
685.904,685.420
685.897,685.402
685.904,685.419
685.905,685.421
685.905,685.423
685.904,685.419
685.910,685.434
685.902,685.415
685.903,685.417
685.901,685.413
685.908,685.429
685.908,685.430
685.909,685.431
685.915,685.445
685.914,685.445
685.922,685.464
685.919,685.456
685.916,685.448
685.915,685.447
685.907,685.427
685.905,685.422
685.903,685.417
685.904,685.419
685.902,685.415
685.909,685.431
685.909,685.432
685.909,685.433
685.907,685.427
685.905,685.422
685.898,685.404
685.899,685.408
685.906,685.424
685.904,685.420
685.905,685.422
685.906,685.423
685.904,685.419
685.910,685.434
685.910,685.435
685.910,685.435
685.908,685.429
685.906,685.424
685.907,685.426
685.907,685.427
685.905,685.422
685.903,685.418
685.912,685.439
685.904,685.420
685.902,685.415
685.903,685.418
685.904,685.420
685.910,685.435
685.908,685.430
685.917,685.450
685.916,685.449
685.913,685.442
685.913,685.442
685.913,685.442
685.911,685.436
685.911,685.436
685.911,685.436
685.908,685.430
685.906,685.425
685.912,685.440
685.912,685.440
685.918,685.454
685.915,685.446
685.915,685.446
685.906,685.425
685.912,685.440
685.910,685.434
685.910,685.435
685.910,685.435
685.908,685.429
685.908,685.430
685.909,685.431
685.907,685.426
685.905,685.421
685.905,685.423
685.906,685.424
685.904,685.420
685.902,685.416
685.903,685.418
685.904,685.420
685.902,685.416
685.901,685.412
685.894,685.395
685.888,685.379
685.887,685.379
685.890,685.384
685.892,685.389
685.891,685.388
685.891,685.387
685.893,685.392
685.895,685.396
685.894,685.394
685.896,685.399
685.897,685.402
685.896,685.400
685.895,685.398
685.897,685.402
685.898,685.405
685.897,685.402
685.898,685.406
685.900,685.409
685.901,685.412
685.900,685.408
685.898,685.405
685.900,685.409
685.901,685.411
685.899,685.408
685.898,685.405
685.907,685.428
685.913,685.443
685.911,685.436
685.911,685.437
685.911,685.437
685.909,685.431
685.907,685.426
685.907,685.427
685.907,685.428
685.913,685.443
685.911,685.436
685.911,685.437
685.909,685.431
685.906,685.426
685.907,685.427
685.907,685.428
685.913,685.443
685.911,685.436
685.911,685.436
685.911,685.437
685.909,685.431
685.915,685.445
685.914,685.445
685.906,685.424
685.912,685.440
685.912,685.439
685.912,685.439
685.910,685.433
685.907,685.428
685.908,685.429
685.914,685.444
685.911,685.437
685.909,685.431
685.909,685.432
685.907,685.427
685.905,685.422
685.906,685.423
685.906,685.425
685.912,685.440
685.910,685.434
685.910,685.434
685.910,685.435
685.916,685.449
685.913,685.442
685.905,685.422
685.911,685.437
685.909,685.431
685.909,685.432
685.909,685.433
685.907,685.427
685.913,685.442
685.913,685.442
685.921,685.461
685.920,685.459
685.917,685.451
685.922,685.464
685.921,685.462
685.920,685.459
685.917,685.451
685.916,685.450
685.916,685.449
685.913,685.442
685.911,685.436
685.911,685.436
685.903,685.417
685.901,685.413
685.900,685.409
685.901,685.412
685.902,685.415
685.909,685.431
685.914,685.445
685.914,685.445
685.912,685.438
685.917,685.452
685.917,685.451
685.924,685.469
685.921,685.460
685.925,685.472
685.924,685.469
685.923,685.466
685.927,685.477
685.932,685.487
685.930,685.483
685.928,685.479
685.924,685.469
685.923,685.466
685.922,685.463
685.921,685.461
685.926,685.473
685.922,685.463
685.921,685.461
685.928,685.479
685.924,685.469
685.923,685.466
685.922,685.463
685.919,685.455
685.915,685.448
685.915,685.447
685.915,685.446
685.912,685.439
685.910,685.433
685.910,685.434
685.910,685.434
685.908,685.429
685.906,685.424
685.906,685.425
685.907,685.426
685.905,685.422
685.903,685.417
685.904,685.419
685.905,685.421
685.903,685.417
685.904,685.419
685.905,685.421
685.903,685.417
685.909,685.433
685.910,685.433
685.910,685.434
685.908,685.428
685.906,685.423
685.914,685.444
685.911,685.438
685.909,685.432
685.909,685.433
685.910,685.433
685.907,685.428
685.913,685.443
685.913,685.442
685.911,685.436
685.908,685.430
685.909,685.431
685.909,685.432
685.907,685.426
685.907,685.428
685.908,685.429
685.906,685.424
685.912,685.439
685.912,685.439
685.912,685.439
685.909,685.433
685.907,685.427
685.908,685.428
685.906,685.423
685.904,685.419
685.905,685.421
685.905,685.422
685.911,685.438
685.917,685.452
685.917,685.450
685.914,685.443
685.919,685.457
685.918,685.455
685.918,685.453
685.915,685.446
685.914,685.445
685.906,685.425
685.904,685.420
685.903,685.416
685.903,685.418
685.904,685.420
685.903,685.416
685.901,685.412
685.902,685.415
685.901,685.411
685.899,685.408
685.900,685.411
685.902,685.413
685.900,685.410
685.901,685.413
685.902,685.415
685.901,685.411
685.899,685.408
685.901,685.411
685.899,685.408
685.906,685.424
685.906,685.426
685.907,685.427
685.905,685.422
685.906,685.423
685.906,685.425
685.904,685.420
685.903,685.416
685.904,685.418
685.904,685.420
685.903,685.416
685.901,685.412
685.908,685.428
685.900,685.410
685.899,685.406
685.898,685.404
685.899,685.407
685.900,685.410
685.899,685.407
685.898,685.404
685.907,685.427
685.907,685.428
685.894,685.395
685.893,685.393
685.895,685.398
685.897,685.402
685.896,685.399
685.895,685.397
685.896,685.401
685.898,685.405
685.905,685.422
685.903,685.417
685.904,685.419
685.905,685.421
685.903,685.417
685.904,685.419
685.905,685.421
685.903,685.417
685.901,685.413
685.902,685.415
685.895,685.398
685.894,685.395
685.896,685.400
685.897,685.403
685.904,685.420
685.903,685.416
685.904,685.418
685.889,685.382
685.897,685.401
685.904,685.419
685.904,685.421
685.905,685.422
685.906,685.424
685.912,685.439
685.912,685.439
685.912,685.439
685.909,685.433
685.915,685.447
685.915,685.446
685.912,685.440
685.910,685.434
685.910,685.434
685.908,685.429
685.906,685.424
685.906,685.425
685.907,685.426
685.905,685.422
685.906,685.423
685.906,685.425
685.904,685.420
685.903,685.416
685.903,685.418
685.904,685.420
685.902,685.416
685.895,685.398
685.897,685.402
685.896,685.400
685.889,685.383
685.892,685.389
685.891,685.388
685.891,685.386
685.893,685.391
685.900,685.410
685.899,685.406
685.900,685.409
685.901,685.412
685.900,685.409
685.898,685.406
685.892,685.389
685.893,685.394
685.893,685.392
685.895,685.396
685.896,685.400
685.895,685.398
685.894,685.396
685.896,685.400
685.890,685.384
685.889,685.383
685.889,685.383
685.891,685.388
685.893,685.393
685.893,685.391
685.892,685.390
685.894,685.394
685.893,685.393
685.893,685.391
685.892,685.390
685.894,685.394
685.893,685.393
685.893,685.391
685.894,685.396
685.904,685.419
685.910,685.435
685.908,685.429
685.908,685.430
685.906,685.425
685.912,685.440
685.912,685.440
685.912,685.440
685.912,685.440
685.910,685.434
685.910,685.434
685.910,685.435
685.910,685.435
685.908,685.429
685.914,685.444
685.911,685.438
685.911,685.438
685.911,685.438
685.911,685.438
685.909,685.432
685.907,685.427
685.907,685.428
685.908,685.429
685.914,685.444
685.919,685.457
685.918,685.455
685.915,685.448
685.921,685.460
685.917,685.453
685.917,685.451
685.914,685.444
685.919,685.457
685.927,685.475
685.925,685.472
685.922,685.463
685.918,685.454
685.918,685.453
685.917,685.452
685.914,685.444
685.911,685.438
685.911,685.438
685.911,685.438
685.917,685.452
685.914,685.445
685.914,685.444
685.914,685.443
685.919,685.457
685.924,685.469
685.923,685.466
685.922,685.463
685.927,685.475
685.923,685.466
685.927,685.477
685.926,685.473
685.932,685.490
685.936,685.499
685.931,685.487
685.930,685.482
685.928,685.478
685.934,685.494
685.938,685.503
685.933,685.491
685.931,685.486
685.929,685.481
685.925,685.471
685.929,685.482
685.928,685.478
685.926,685.474
685.922,685.465
685.927,685.476
685.925,685.472
685.924,685.469
685.929,685.480
685.925,685.470
685.923,685.467
685.930,685.484
685.926,685.474
685.930,685.484
685.929,685.480
685.927,685.476
685.931,685.486
685.927,685.476
685.925,685.472
685.924,685.469
685.921,685.460
685.920,685.458
685.919,685.456
685.926,685.474
685.922,685.465
685.919,685.457
685.918,685.455
685.918,685.453
685.915,685.446
685.920,685.459
685.919,685.457
685.919,685.455
685.918,685.454
685.915,685.446
685.920,685.459
685.919,685.457
685.919,685.456
685.916,685.448
685.913,685.441
685.913,685.441
685.913,685.441
685.913,685.441
685.918,685.454
685.915,685.447
685.915,685.446
685.923,685.465
685.927,685.476
685.923,685.467
685.922,685.464
685.921,685.462
685.926,685.473
685.922,685.464
685.927,685.476
685.925,685.472
685.924,685.469
685.920,685.460
685.925,685.472
685.924,685.469
685.931,685.485
685.927,685.475
685.923,685.466
685.922,685.463
685.929,685.481
685.927,685.477
685.923,685.467
685.922,685.464
685.921,685.462
685.928,685.479
685.924,685.470
685.929,685.480
685.927,685.476
685.926,685.473
685.922,685.464
685.919,685.455
685.926,685.474
685.925,685.470
685.929,685.481
685.933,685.491
685.931,685.486
685.937,685.501
685.932,685.489
685.936,685.498
685.934,685.493
685.940,685.507
685.943,685.514
685.937,685.501
685.943,685.515
685.940,685.508
685.943,685.515
685.937,685.502
685.933,685.490
685.931,685.485
685.926,685.475
685.923,685.465
685.930,685.482
685.928,685.478
685.924,685.469
685.920,685.460
685.920,685.458
685.927,685.476
685.923,685.466
685.927,685.477
685.926,685.474
685.922,685.464
685.927,685.476
685.923,685.466
685.922,685.463
685.927,685.475
685.923,685.466
685.927,685.477
685.926,685.473
685.932,685.490
685.928,685.479
685.924,685.469
685.929,685.480
685.927,685.476
685.923,685.467
685.928,685.478
685.926,685.474
685.925,685.471
685.921,685.462
685.918,685.453
685.917,685.452
685.917,685.451
685.922,685.463
685.918,685.455
685.918,685.454
685.917,685.452
685.914,685.445
685.920,685.458
685.919,685.456
685.926,685.474
685.922,685.465
685.927,685.476
685.934,685.492
685.932,685.487
685.935,685.496
685.931,685.485
685.934,685.494
685.932,685.489
685.938,685.504
685.933,685.492
685.929,685.481
685.935,685.497
685.941,685.511
685.944,685.518
685.938,685.504
685.936,685.498
685.934,685.492
685.929,685.481
685.933,685.491
685.931,685.486
685.937,685.501
685.932,685.489
685.936,685.498
685.934,685.493
685.932,685.488
685.935,685.497
685.931,685.485
685.937,685.501
685.935,685.495
685.930,685.484
685.934,685.493
685.932,685.488
685.930,685.483
685.934,685.493
685.929,685.482
685.928,685.477
685.926,685.474
685.930,685.484
685.926,685.474
685.925,685.471
685.924,685.468
685.920,685.459
685.925,685.471
685.924,685.468
685.922,685.465
685.919,685.457
685.916,685.449
685.916,685.448
685.915,685.447
685.920,685.460
685.925,685.472
685.924,685.468
685.923,685.466
685.919,685.457
685.919,685.455
685.918,685.454
685.917,685.452
685.922,685.465
685.921,685.462
685.920,685.460
685.917,685.452
685.914,685.445
685.914,685.444
685.914,685.443
685.919,685.457
685.916,685.449
685.921,685.462
685.920,685.460
685.917,685.452
685.914,685.445
685.914,685.444
685.914,685.443
685.914,685.443
685.911,685.437
685.909,685.431
685.917,685.451
685.917,685.450
685.916,685.449
685.913,685.442
685.911,685.436
685.911,685.436
685.911,685.436
685.917,685.450
685.922,685.463
685.921,685.461
685.920,685.459
685.917,685.451
685.922,685.463
685.921,685.461
685.920,685.459
685.925,685.471
685.929,685.481
685.927,685.477
685.926,685.474
685.930,685.484
685.926,685.474
685.925,685.471
685.924,685.468
685.928,685.479
685.932,685.488
685.938,685.504
685.936,685.497
685.931,685.486
685.927,685.475
685.931,685.486
685.937,685.501
685.935,685.495
685.938,685.503
685.933,685.491
685.931,685.486
685.929,685.482
685.925,685.472
685.922,685.463
685.921,685.460
685.917,685.453
685.922,685.463
685.926,685.474
685.925,685.471
685.924,685.468
685.920,685.459
685.917,685.451
685.916,685.450
685.916,685.449
685.913,685.442
685.919,685.456
685.916,685.448
685.915,685.447
685.915,685.446
685.912,685.440
685.912,685.440
685.912,685.439
685.912,685.439
685.910,685.433
685.915,685.448
685.915,685.447
685.915,685.446
685.920,685.459
685.917,685.451
685.916,685.450
685.924,685.469
685.921,685.460
685.920,685.458
685.919,685.456
685.916,685.449
685.921,685.461
685.920,685.459
685.919,685.457
685.919,685.456
685.924,685.468
685.920,685.459
685.919,685.457
685.927,685.475
685.957,685.551
686.001,685.658
686.638,687.228
686.696,687.372
686.802,687.632
686.920,687.924
687.010,688.146
687.086,688.334
687.155,688.503
687.220,688.663
687.248,688.732
687.271,688.789
687.290,688.836
687.306,688.876
687.320,688.910
687.323,688.917
687.325,688.923
687.319,688.906
687.304,688.871
687.291,688.839
687.271,688.790
687.245,688.726
687.214,688.648
687.191,688.592
687.165,688.528
687.125,688.430
686.592,687.114
686.589,687.108
686.560,687.035
686.545,686.998
686.530,686.963
686.535,686.976
686.571,687.063
686.630,687.210
686.693,687.363
686.754,687.514
686.795,687.615
686.829,687.699
686.858,687.771
686.883,687.834
686.906,687.888
686.925,687.936
686.951,687.999
686.965,688.034
686.986,688.087
687.013,688.154
687.046,688.234
687.075,688.306
687.110,688.391
687.678,689.791
687.765,690.006
687.804,690.103
687.868,690.260
687.960,690.487
688.032,690.665
688.553,691.949
688.640,692.164
688.641,692.166
688.677,692.255
688.724,692.369
688.755,692.447
688.805,692.570
688.843,692.663
688.850,692.681
688.845,692.669
688.827,692.625
688.816,692.597
688.787,692.526
688.772,692.488
688.758,692.454
688.746,692.425
688.741,692.412
688.728,692.380
688.708,692.331
688.685,692.274
688.656,692.202
688.635,692.151
688.603,692.072
688.563,691.973
688.527,691.885
688.486,691.785
688.450,691.695
687.942,690.442
687.939,690.436
687.920,690.388
687.931,690.417
687.915,690.376
687.893,690.323
687.860,690.240
687.834,690.176
687.817,690.136
687.800,690.094
687.776,690.034
687.756,689.984
687.742,689.949
687.729,689.919
687.707,689.863
687.678,689.792
687.653,689.730
687.630,689.674
687.593,689.584
687.563,689.510
687.534,689.436
687.491,689.330
687.452,689.235
687.409,689.129
687.370,689.034
687.335,688.948
687.304,688.870
687.268,688.780
687.243,688.719
687.212,688.644
687.185,688.576
687.160,688.515
687.137,688.459
687.117,688.409
687.091,688.344
687.067,688.285
687.045,688.232
687.025,688.184
687.008,688.140
686.992,688.101
686.977,688.065
686.962,688.026
686.950,687.998
686.937,687.965
686.928,687.943
686.919,687.922
686.912,687.903
686.897,687.867
686.883,687.833
686.871,687.803
686.868,687.796
686.857,687.769
686.848,687.745
686.839,687.724
686.831,687.704
686.824,687.686
686.817,687.670
686.817,687.669
686.811,687.655
686.805,687.641
686.809,687.649
686.804,687.637
686.791,687.606
686.785,687.591
686.782,687.584
686.780,687.578
686.777,687.572
686.775,687.567
686.773,687.562
686.769,687.551
686.768,687.548
686.766,687.545
686.763,687.536
686.754,687.515
686.754,687.515
686.752,687.509
686.752,687.510
686.752,687.510
686.745,687.491
686.743,687.487
686.736,687.470
686.738,687.475
686.737,687.473
686.731,687.457
686.733,687.463
686.727,687.448
686.730,687.455
686.732,687.461
686.734,687.466
686.728,687.451
686.728,687.451
686.723,687.438
686.718,687.425
686.721,687.434
686.725,687.442
686.719,687.429
686.723,687.438
686.718,687.425
686.711,687.408
686.707,687.399
686.703,687.390
686.700,687.382
686.698,687.376
686.695,687.369
686.690,687.357
686.688,687.353
686.687,687.349
686.685,687.345
686.681,687.335
686.680,687.333
686.679,687.331
686.678,687.328
686.686,687.346
686.690,687.356
686.688,687.352
686.694,687.368
686.690,687.356
686.688,687.351
686.686,687.347
686.685,687.344
686.683,687.340
686.680,687.331
686.679,687.329
686.678,687.327
686.677,687.325
686.674,687.318
686.682,687.337
686.681,687.334
686.680,687.332
686.679,687.329
686.684,687.341
686.682,687.338
686.681,687.335
686.680,687.333
686.677,687.324
686.676,687.323
686.676,687.321
686.675,687.320
686.675,687.319
686.674,687.318
686.674,687.317
686.674,687.317
686.673,687.316
686.679,687.329
686.678,687.327
686.685,687.345
686.684,687.342
686.683,687.338
686.687,687.349
686.693,687.365
686.691,687.360
686.689,687.355
686.693,687.364
686.688,687.353
686.695,687.368
686.700,687.383
686.698,687.376
686.701,687.383
686.698,687.376
686.703,687.389
686.700,687.382
686.697,687.375
686.695,687.368
686.698,687.376
686.695,687.370
686.693,687.364
686.691,687.359
686.686,687.348
686.685,687.344
686.684,687.341
686.690,687.358
686.696,687.373
686.702,687.386
686.699,687.379
686.696,687.372
686.694,687.366
686.689,687.355
686.687,687.350
686.686,687.346
686.684,687.343
686.691,687.359
686.689,687.355
686.687,687.350
686.686,687.346
686.690,687.356
686.688,687.352
686.686,687.348
686.685,687.344
686.683,687.341
686.680,687.331
686.679,687.329
686.678,687.327
686.677,687.326
686.685,687.344
686.691,687.360
686.697,687.375
686.695,687.369
686.698,687.377
686.695,687.370
686.701,687.384
686.698,687.377
686.701,687.384
686.698,687.377
686.696,687.371
686.701,687.385
686.698,687.377
686.704,687.391
686.709,687.403
686.702,687.388
686.699,687.380
686.697,687.373
686.694,687.367
686.697,687.375
686.703,687.389
686.708,687.401
686.704,687.392
686.701,687.384
686.706,687.397
686.711,687.408
686.707,687.399
686.709,687.404
686.705,687.395
686.710,687.406
686.714,687.417
686.718,687.426
686.722,687.435
686.725,687.443
686.728,687.450
686.730,687.456
686.733,687.462
686.727,687.447
686.727,687.448
686.721,687.434
686.717,687.423
686.718,687.425
686.721,687.434
686.725,687.442
686.727,687.449
686.727,687.449
686.730,687.456
686.724,687.442
686.725,687.443
686.720,687.430
686.723,687.438
686.726,687.446
686.729,687.453
686.731,687.459
686.726,687.444
686.728,687.451
686.731,687.458
686.733,687.463
686.733,687.462
686.735,687.467
686.737,687.472
686.744,687.490
686.745,687.492
686.746,687.495
686.744,687.491
686.745,687.493
686.746,687.495
686.747,687.498
686.748,687.499
686.748,687.501
686.747,687.496
686.747,687.498
686.740,687.480
686.739,687.478
686.740,687.481
686.742,687.485
686.741,687.482
686.742,687.485
686.743,687.488
686.742,687.484
686.735,687.468
686.737,687.472
686.739,687.477
686.740,687.481
686.739,687.478
686.746,687.495
686.747,687.497
686.748,687.499
686.740,687.480
686.749,687.503
686.750,687.505
686.750,687.506
686.751,687.507
686.751,687.508
686.749,687.502
686.750,687.504
686.750,687.505
686.751,687.506
686.751,687.507
686.751,687.508
686.749,687.503
686.750,687.504
686.750,687.505
686.751,687.506
686.751,687.507
686.751,687.508
686.752,687.509
686.752,687.510
686.752,687.511
686.753,687.511
686.753,687.512
686.751,687.506
686.748,687.501
686.739,687.478
686.741,687.482
686.734,687.465
686.728,687.450
686.730,687.457
686.725,687.443
686.728,687.450
686.730,687.456
686.733,687.462
686.732,687.461
686.734,687.466
686.736,687.471
686.736,687.469
686.737,687.474
686.739,687.478
686.741,687.481
686.742,687.485
686.743,687.488
686.742,687.484
686.743,687.488
686.744,687.490
686.745,687.493
686.746,687.495
686.747,687.497
686.745,687.493
686.733,687.462
686.735,687.467
686.737,687.472
686.736,687.470
686.738,687.474
686.731,687.459
686.731,687.458
686.733,687.464
686.735,687.469
686.737,687.473
686.736,687.471
686.730,687.456
686.733,687.462
686.735,687.467
686.729,687.452
686.723,687.438
686.718,687.426
686.714,687.415
686.718,687.425
686.721,687.433
686.716,687.422
686.712,687.411
686.708,687.401
686.712,687.412
686.716,687.422
686.720,687.431
686.715,687.420
686.711,687.409
686.713,687.413
686.717,687.423
686.720,687.432
686.716,687.420
686.711,687.410
686.708,687.400
686.704,687.391
686.709,687.403
686.711,687.408
686.715,687.418
686.711,687.408
686.707,687.399
686.711,687.410
686.708,687.400
686.704,687.391
686.701,687.384
686.706,687.396
686.711,687.408
686.707,687.398
686.703,687.390
686.708,687.402
686.713,687.413
686.717,687.423
686.718,687.426
686.721,687.434
686.717,687.422
686.712,687.412
686.706,687.396
686.702,687.387
686.699,687.380
686.705,687.393
686.701,687.385
686.699,687.378
686.696,687.371
686.702,687.385
686.696,687.372
686.694,687.366
686.691,687.360
686.697,687.375
686.695,687.369
686.698,687.377
686.695,687.370
686.693,687.364
686.691,687.359
686.689,687.354
686.687,687.350
686.686,687.346
686.684,687.343
686.688,687.353
686.687,687.349
686.685,687.345
686.684,687.342
686.683,687.338
686.689,687.355
686.696,687.371
686.701,687.385
686.696,687.371
686.693,687.365
686.691,687.360
686.689,687.355
686.693,687.364
686.691,687.359
686.689,687.354
686.695,687.370
686.693,687.364
686.696,687.372
686.694,687.366
686.700,687.381
686.697,687.374
686.694,687.368
686.700,687.382
686.705,687.395
686.710,687.406
686.712,687.411
686.708,687.401
686.712,687.412
686.708,687.402
686.710,687.407
686.715,687.417
686.718,687.427
686.714,687.416
686.710,687.406
686.703,687.390
686.708,687.402
686.705,687.393
686.699,687.379
686.696,687.372
686.694,687.366
686.700,687.381
686.705,687.394
686.699,687.379
686.696,687.373
686.694,687.367
686.697,687.375
686.703,687.388
686.708,687.400
686.704,687.392
686.709,687.404
686.713,687.414
686.717,687.424
686.713,687.413
686.717,687.423
686.718,687.426
686.714,687.415
686.709,687.405
686.714,687.415
686.718,687.425
686.711,687.408
686.707,687.398
686.703,687.390
686.698,687.376
686.703,687.389
686.708,687.402
686.705,687.393
686.701,687.385
686.698,687.378
686.696,687.371
686.701,687.385
686.707,687.398
686.711,687.409
686.707,687.400
686.704,687.391
686.709,687.403
686.703,687.388
686.708,687.400
686.704,687.391
686.701,687.384
686.695,687.370
686.701,687.384
686.698,687.377
686.704,687.390
686.701,687.383
686.706,687.396
686.710,687.407
686.707,687.398
686.709,687.403
686.705,687.394
686.702,687.386
686.699,687.379
686.696,687.372
686.699,687.379
686.696,687.373
686.694,687.367
686.692,687.361
686.687,687.350
686.686,687.346
686.684,687.343
686.683,687.340
686.682,687.337
686.686,687.348
686.685,687.344
686.683,687.341
686.682,687.338
686.681,687.335
686.680,687.332
686.679,687.330
686.678,687.328
686.678,687.326
686.674,687.318
686.674,687.318
686.674,687.317
686.673,687.316
686.679,687.329
686.683,687.340
686.682,687.337
686.681,687.335
686.680,687.332
686.677,687.324
