# Physical_Baseline=685.83pF, Trigger_Distance=100.0cm, Atten_Ratio=100.00
Raw_Capacitance(pF),Normalized_Capacitance(pF)
685.828,685.831
685.833,685.845
685.833,685.843
685.832,685.842
685.829,685.835
685.829,685.834
685.827,685.828
685.827,685.828
685.824,685.823
685.825,685.823
685.823,685.818
685.821,685.813
685.821,685.815
685.819,685.810
685.820,685.812
685.818,685.808
685.819,685.810
685.818,685.806
685.819,685.808
685.819,685.810
685.818,685.806
685.819,685.809
685.817,685.805
685.818,685.807
685.817,685.804
685.815,685.800
685.824,685.823
685.830,685.837
685.828,685.830
685.828,685.830
685.825,685.825
685.833,685.845
685.830,685.837
685.830,685.837
685.830,685.836
685.827,685.830
685.827,685.830
685.825,685.824
685.825,685.824
685.825,685.825
685.831,685.839
685.831,685.838
685.836,685.851
685.835,685.849
685.832,685.841
685.829,685.834
685.829,685.834
685.826,685.828
685.835,685.847
685.840,685.860
685.844,685.870
685.842,685.866
685.839,685.857
685.837,685.854
685.842,685.866
685.846,685.876
685.819,685.809
685.817,685.805
685.818,685.808
685.817,685.804
685.810,685.787
685.811,685.791
685.811,685.789
685.812,685.793
685.819,685.810
685.820,685.812
685.818,685.808
685.819,685.810
685.818,685.806
685.824,685.822
685.824,685.823
685.822,685.817
685.815,685.799
685.822,685.816
685.822,685.817
685.820,685.812
685.826,685.828
685.824,685.822
685.830,685.836
685.830,685.836
685.827,685.830
685.818,685.807
685.819,685.809
685.825,685.825
685.826,685.825
685.823,685.820
685.829,685.835
685.829,685.834
685.835,685.847
685.834,685.846
685.831,685.838
685.831,685.838
685.828,685.831
685.828,685.831
685.825,685.825
685.823,685.820
685.824,685.821
685.830,685.835
685.829,685.835
685.827,685.828
685.827,685.829
685.825,685.823
685.825,685.824
685.825,685.824
685.823,685.819
685.823,685.820
685.821,685.815
685.822,685.816
685.820,685.812
685.818,685.808
685.819,685.810
685.818,685.806
685.824,685.822
685.832,685.842
685.838,685.855
685.837,685.852
685.841,685.864
685.840,685.861
685.844,685.871
685.848,685.881
685.846,685.876
685.842,685.866
685.841,685.862
685.845,685.873
685.849,685.883
685.847,685.877
685.843,685.867
685.841,685.864
685.846,685.874
685.841,685.864
685.838,685.855
685.834,685.847
685.826,685.826
685.823,685.820
685.824,685.821
685.822,685.816
685.822,685.817
685.820,685.813
685.821,685.815
685.819,685.810
685.826,685.826
685.826,685.826
685.824,685.821
685.824,685.822
685.822,685.817
685.822,685.818
685.820,685.813
685.813,685.795
685.812,685.793
685.819,685.810
685.820,685.812
685.826,685.827
685.826,685.828
685.824,685.822
685.824,685.823
685.822,685.817
685.828,685.832
685.828,685.832
685.834,685.846
685.833,685.844
685.833,685.843
685.838,685.855
685.837,685.853
685.833,685.845
685.841,685.863
685.840,685.860
685.836,685.851
685.835,685.849
685.832,685.842
685.832,685.840
685.831,685.839
685.828,685.833
685.828,685.832
685.826,685.826
685.826,685.827
685.832,685.841
685.829,685.834
685.829,685.833
685.826,685.827
685.826,685.828
685.824,685.822
685.824,685.823
685.825,685.823
685.831,685.838
685.830,685.837
685.836,685.850
685.835,685.848
685.834,685.846
685.831,685.839
685.831,685.838
685.836,685.851
685.835,685.849
685.834,685.847
685.831,685.840
685.831,685.839
685.828,685.832
685.828,685.832
685.826,685.826
685.818,685.807
685.824,685.823
685.822,685.817
685.815,685.799
685.814,685.796
685.815,685.799
685.814,685.796
685.815,685.800
685.814,685.797
685.807,685.780
685.807,685.779
685.808,685.784
685.808,685.782
685.810,685.787
685.809,685.785
685.811,685.789
685.802,685.768
685.804,685.774
685.812,685.793
685.811,685.791
685.810,685.789
685.810,685.787
685.811,685.791
685.810,685.789
685.812,685.793
685.803,685.771
685.805,685.776
685.805,685.776
685.799,685.761
685.799,685.762
685.802,685.768
685.802,685.768
685.805,685.774
685.804,685.774
685.798,685.759
685.799,685.760
685.802,685.767
685.802,685.767
685.804,685.773
685.812,685.792
685.811,685.790
685.812,685.794
685.812,685.791
685.813,685.795
685.812,685.793
685.813,685.796
685.812,685.793
685.814,685.797
685.813,685.794
685.812,685.792
685.813,685.795
685.812,685.793
685.806,685.777
685.805,685.776
685.807,685.781
685.807,685.780
685.809,685.785
685.808,685.783
685.802,685.768
685.802,685.768
685.796,685.754
685.797,685.756
685.800,685.763
685.800,685.763
685.803,685.770
685.811,685.789
685.812,685.793
685.803,685.771
685.798,685.757
685.798,685.758
685.801,685.765
685.801,685.765
685.801,685.766
685.801,685.766
685.801,685.766
685.804,685.772
685.804,685.772
685.798,685.758
685.798,685.759
685.793,685.746
685.794,685.748
685.797,685.756
685.798,685.757
685.798,685.758
685.801,685.765
685.801,685.765
685.801,685.766
685.801,685.766
685.804,685.772
685.804,685.772
685.806,685.777
685.813,685.796
685.807,685.780
685.806,685.779
685.808,685.784
685.808,685.782
685.807,685.781
685.801,685.766
685.801,685.766
685.804,685.772
685.804,685.772
685.806,685.778
685.805,685.777
685.808,685.782
685.807,685.780
685.809,685.785
685.808,685.784
685.808,685.782
685.810,685.787
685.809,685.785
685.811,685.789
685.810,685.787
685.812,685.791
685.811,685.789
685.812,685.793
685.811,685.791
685.813,685.794
685.812,685.792
685.813,685.796
685.812,685.793
685.814,685.797
685.813,685.794
685.812,685.791
685.813,685.795
685.812,685.793
685.814,685.796
685.820,685.813
685.821,685.815
685.819,685.810
685.820,685.812
685.818,685.808
685.819,685.810
685.818,685.806
685.811,685.789
685.810,685.787
685.803,685.772
685.803,685.771
685.798,685.757
685.798,685.758
685.798,685.759
685.801,685.766
685.801,685.766
685.804,685.772
685.804,685.772
685.798,685.758
685.798,685.759
685.801,685.766
685.801,685.766
685.804,685.772
685.804,685.772
685.798,685.758
685.798,685.759
685.801,685.766
685.801,685.766
685.804,685.772
685.803,685.772
685.798,685.758
685.806,685.778
685.806,685.777
685.805,685.776
685.805,685.776
685.805,685.775
685.805,685.775
685.807,685.780
685.806,685.779
685.808,685.784
685.808,685.782
685.802,685.767
685.802,685.767
685.796,685.754
685.797,685.755
685.797,685.757
685.792,685.744
685.793,685.746
685.796,685.754
685.797,685.756
685.800,685.763
685.792,685.744
685.795,685.752
685.796,685.754
685.791,685.741
685.784,685.724
685.788,685.734
685.789,685.738
685.793,685.746
685.794,685.749
685.797,685.756
685.798,685.757
685.792,685.745
685.793,685.747
685.794,685.749
685.797,685.757
685.798,685.758
685.798,685.759
685.799,685.760
685.791,685.741
685.792,685.744
685.795,685.752
685.796,685.754
685.789,685.736
685.790,685.739
685.791,685.742
685.787,685.731
685.788,685.734
685.784,685.724
685.794,685.748
685.794,685.750
685.798,685.757
685.798,685.758
685.793,685.746
685.794,685.748
685.797,685.756
685.797,685.757
685.798,685.758
685.793,685.745
685.794,685.748
685.797,685.755
685.797,685.757
685.800,685.764
685.800,685.764
685.803,685.770
685.811,685.790
685.804,685.774
685.804,685.774
685.806,685.779
685.806,685.778
685.806,685.777
685.808,685.782
685.807,685.781
685.809,685.785
685.808,685.784
685.810,685.788
685.809,685.786
685.803,685.771
685.811,685.790
685.813,685.794
685.812,685.791
685.811,685.789
685.804,685.774
685.812,685.793
685.814,685.796
685.812,685.794
685.806,685.778
685.805,685.777
685.800,685.762
685.800,685.763
685.794,685.750
685.795,685.751
685.798,685.759
685.799,685.760
685.801,685.766
685.801,685.767
685.804,685.773
685.804,685.772
685.806,685.778
685.806,685.777
685.808,685.782
685.807,685.781
685.809,685.785
685.808,685.784
685.802,685.769
685.802,685.769
685.805,685.774
685.804,685.774
685.798,685.760
685.791,685.741
685.786,685.730
685.788,685.734
685.784,685.723
685.777,685.708
685.782,685.720
685.784,685.724
685.780,685.715
685.782,685.720
685.786,685.730
685.788,685.734
685.792,685.743
685.793,685.745
685.796,685.753
685.797,685.755
685.799,685.762
685.800,685.763
685.802,685.769
685.796,685.753
685.796,685.754
685.799,685.761
685.800,685.762
685.802,685.769
685.810,685.788
685.812,685.792
685.811,685.790
685.804,685.774
685.804,685.774
685.804,685.773
685.798,685.759
685.799,685.760
685.801,685.767
685.801,685.767
685.796,685.753
685.797,685.755
685.799,685.762
685.800,685.763
685.800,685.763
685.803,685.770
685.803,685.770
685.805,685.775
685.805,685.775
685.799,685.760
685.801,685.765
685.801,685.766
685.801,685.766
685.796,685.753
685.788,685.735
685.792,685.744
685.793,685.746
685.796,685.754
685.797,685.755
685.805,685.776
685.799,685.762
685.808,685.782
685.802,685.767
685.810,685.787
685.803,685.771
685.795,685.751
685.798,685.759
685.799,685.760
685.801,685.766
685.801,685.767
685.796,685.753
685.804,685.774
685.807,685.779
685.806,685.778
685.806,685.778
685.808,685.783
685.816,685.801
685.817,685.804
685.815,685.801
685.817,685.804
685.815,685.800
685.814,685.797
685.815,685.800
685.814,685.797
685.815,685.801
685.814,685.798
685.815,685.801
685.814,685.798
685.815,685.801
685.814,685.798
685.813,685.795
685.812,685.792
685.811,685.790
685.813,685.794
685.812,685.791
685.805,685.776
685.805,685.775
685.807,685.780
685.807,685.779
685.806,685.778
685.806,685.777
685.800,685.763
685.800,685.763
685.803,685.770
685.795,685.750
685.798,685.758
685.798,685.759
685.798,685.760
685.799,685.760
685.794,685.748
685.794,685.750
685.795,685.751
685.796,685.753
685.791,685.741
685.792,685.744
685.787,685.732
685.783,685.722
685.787,685.732
685.781,685.716
685.777,685.707
685.782,685.719
685.784,685.724
685.780,685.714
685.782,685.719
685.786,685.730
685.780,685.714
685.776,685.706
685.779,685.712
685.775,685.703
685.770,685.690
685.767,685.684
685.771,685.692
685.776,685.705
685.779,685.711
685.775,685.703
685.770,685.690
685.775,685.703
685.778,685.709
685.783,685.721
685.776,685.706
685.773,685.698
685.776,685.705
685.779,685.711
685.773,685.697
685.776,685.704
685.781,685.716
685.775,685.701
685.772,685.694
685.767,685.682
685.764,685.676
685.768,685.685
685.774,685.699
685.776,685.706
685.773,685.698
685.776,685.705
685.773,685.697
685.768,685.684
685.765,685.679
685.769,685.687
685.766,685.681
685.770,685.690
685.767,685.684
685.771,685.692
685.768,685.685
685.771,685.693
685.777,685.706
685.779,685.712
685.776,685.704
685.770,685.691
685.768,685.684
685.763,685.673
685.761,685.668
685.765,685.678
685.771,685.692
685.774,685.700
685.771,685.692
685.774,685.700
685.769,685.687
685.766,685.681
685.762,685.670
685.765,685.679
685.761,685.668
685.767,685.684
685.771,685.692
685.774,685.699
685.779,685.711
685.781,685.717
685.783,685.722
685.777,685.707
685.774,685.699
685.776,685.706
685.781,685.718
685.783,685.722
685.779,685.713
685.774,685.699
685.768,685.686
685.772,685.694
685.774,685.701
685.779,685.713
685.782,685.719
685.786,685.729
685.787,685.733
685.783,685.723
685.785,685.727
685.789,685.737
685.790,685.740
685.794,685.748
685.795,685.750
685.795,685.752
685.798,685.760
685.799,685.760
685.802,685.767
685.802,685.767
685.796,685.754
685.797,685.755
685.800,685.762
685.800,685.763
685.794,685.750
685.795,685.751
685.798,685.759
685.799,685.760
685.801,685.766
685.801,685.767
685.796,685.753
685.796,685.755
685.799,685.762
685.792,685.743
685.787,685.732
685.780,685.716
685.785,685.727
685.787,685.731
685.782,685.720
685.776,685.706
685.781,685.718
685.783,685.722
685.787,685.733
685.781,685.717
685.777,685.708
685.780,685.714
685.776,685.705
685.771,685.692
685.766,685.680
685.761,685.669
685.765,685.678
685.761,685.667
685.765,685.677
685.771,685.692
685.773,685.699
685.779,685.711
685.775,685.703
685.778,685.709
685.782,685.721
685.784,685.725
685.780,685.716
685.783,685.721
685.779,685.712
685.773,685.698
685.770,685.691
685.765,685.679
685.771,685.693
685.766,685.681
685.772,685.695
685.767,685.682
685.765,685.677
685.768,685.686
685.774,685.699
685.776,685.706
685.773,685.698
685.776,685.705
685.781,685.717
685.783,685.722
685.787,685.732
685.789,685.735
685.792,685.744
685.793,685.747
685.796,685.755
685.789,685.737
685.790,685.740
685.786,685.729
685.787,685.733
685.783,685.722
685.777,685.707
685.774,685.699
685.776,685.706
685.773,685.698
685.776,685.705
685.771,685.692
685.776,685.705
685.770,685.691
685.768,685.685
685.771,685.693
685.768,685.686
685.764,685.675
685.762,685.670
685.766,685.679
685.771,685.694
685.766,685.681
685.770,685.690
685.767,685.684
685.771,685.692
685.768,685.685
685.771,685.693
685.768,685.687
685.772,685.694
685.769,685.688
685.772,685.696
685.769,685.689
685.773,685.696
685.770,685.690
685.773,685.697
685.778,685.710
685.780,685.715
685.785,685.726
685.786,685.730
685.782,685.720
685.784,685.725
685.786,685.729
685.795,685.752
685.790,685.740
685.784,685.723
685.788,685.733
685.789,685.737
685.790,685.740
685.794,685.748
685.795,685.750
685.795,685.752
685.790,685.740
685.792,685.743
685.795,685.751
685.796,685.753
685.791,685.740
685.792,685.743
685.787,685.732
685.789,685.735
685.792,685.744
685.793,685.747
685.796,685.755
685.797,685.756
685.800,685.763
685.800,685.763
685.795,685.750
685.795,685.752
685.798,685.759
685.799,685.760
685.799,685.761
685.799,685.762
685.794,685.749
685.795,685.751
685.788,685.733
685.789,685.736
685.790,685.740
685.791,685.742
685.795,685.751
685.796,685.752
685.799,685.760
685.799,685.761
685.794,685.748
685.794,685.750
685.795,685.752
685.796,685.753
685.791,685.741
685.792,685.744
685.787,685.732
685.789,685.736
685.792,685.745
685.793,685.747
685.794,685.749
685.787,685.731
685.788,685.735
685.784,685.724
685.786,685.729
685.782,685.719
685.784,685.723
685.788,685.734
685.789,685.737
685.793,685.746
685.786,685.729
685.790,685.738
685.785,685.727
685.779,685.712
685.775,685.704
685.778,685.710
685.775,685.702
685.769,685.689
685.767,685.682
685.770,685.691
685.773,685.698
685.770,685.691
685.765,685.679
685.771,685.693
685.774,685.701
685.769,685.688
685.772,685.695
685.767,685.683
685.765,685.677
685.768,685.686
685.774,685.700
685.777,685.706
685.773,685.699
685.776,685.705
685.773,685.698
685.768,685.685
685.765,685.679
685.761,685.668
685.759,685.664
685.763,685.674
685.761,685.669
685.757,685.659
685.756,685.656
685.755,685.653
685.759,685.664
685.758,685.660
685.754,685.651
685.761,685.668
685.765,685.678
685.771,685.692
685.774,685.699
685.779,685.712
685.773,685.698
685.770,685.691
685.773,685.698
685.776,685.705
685.779,685.711
685.781,685.716
685.785,685.727
685.781,685.718
685.783,685.722
685.779,685.713
685.782,685.718
685.784,685.723
685.785,685.727
685.787,685.731
685.791,685.741
685.792,685.743
685.787,685.732
685.789,685.735
685.790,685.739
685.791,685.741
685.792,685.744
685.793,685.746
685.796,685.754
685.791,685.742
685.792,685.745
685.796,685.753
685.796,685.754
685.799,685.761
685.799,685.762
685.794,685.749
685.803,685.770
685.805,685.776
685.805,685.775
685.807,685.780
685.807,685.779
685.809,685.784
685.808,685.783
685.810,685.787
685.809,685.785
685.811,685.790
685.810,685.788
685.812,685.792
685.811,685.789
685.812,685.793
685.811,685.791
685.813,685.795
685.812,685.792
685.813,685.796
685.812,685.793
685.814,685.797
685.805,685.774
685.807,685.780
685.798,685.759
685.801,685.766
685.801,685.766
685.796,685.753
685.796,685.754
685.799,685.761
685.799,685.762
685.794,685.749
685.787,685.731
685.791,685.741
685.784,685.724
685.788,685.734
685.781,685.718
685.786,685.729
685.779,685.713
685.784,685.724
685.786,685.729
685.782,685.719
685.784,685.723
685.777,685.708
685.774,685.700
685.777,685.707
685.773,685.699
685.768,685.686
685.774,685.700
685.777,685.706
685.773,685.699
685.768,685.686
685.766,685.680
685.769,685.688
685.785,685.728
685.789,685.737
685.785,685.727
685.787,685.731
685.782,685.720
685.776,685.706
685.773,685.698
685.768,685.685
685.766,685.679
685.769,685.688
685.766,685.682
685.762,685.671
685.766,685.680
685.772,685.694
685.775,685.701
685.772,685.694
685.766,685.682
685.764,685.676
685.760,685.666
685.758,685.662
685.757,685.658
685.753,685.649
685.752,685.647
685.749,685.639
685.748,685.638
685.761,685.669
685.765,685.679
685.763,685.673
685.767,685.682
685.765,685.677
685.760,685.666
685.767,685.682
685.770,685.690
685.767,685.684
685.771,685.692
685.768,685.686
685.771,685.693
685.769,685.687
685.772,685.695
685.775,685.702
685.780,685.714
685.774,685.700
685.771,685.692
685.774,685.700
685.771,685.693
685.766,685.680
685.772,685.695
685.775,685.702
685.769,685.689
685.775,685.702
685.765,685.679
685.763,685.674
685.767,685.683
685.765,685.678
685.768,685.686
685.766,685.680
685.761,685.669
685.768,685.685
685.771,685.693
685.776,685.706
685.779,685.712
685.775,685.703
685.770,685.690
685.773,685.698
685.770,685.691
685.765,685.679
685.763,685.673
685.767,685.682
685.765,685.677
685.760,685.666
685.756,685.657
685.755,685.653
685.751,685.645
685.751,685.643
685.755,685.655
685.754,685.652
685.759,685.663
685.757,685.659
685.762,685.670
685.760,685.666
685.756,685.656
685.763,685.672
685.766,685.682
685.770,685.690
685.765,685.678
685.760,685.667
685.759,685.663
685.755,685.654
685.754,685.651
685.750,685.643
685.747,685.635
685.755,685.654
685.752,685.645
685.751,685.643
685.756,685.655
685.762,685.672
685.766,685.681
685.756,685.656
685.755,685.653
685.751,685.645
685.751,685.643
685.755,685.655
685.754,685.652
685.759,685.663
685.757,685.659
685.762,685.670
685.760,685.666
685.756,685.656
685.763,685.672
685.758,685.662
685.765,685.678
685.768,685.687
685.772,685.694
685.777,685.707
685.779,685.713
685.776,685.705
685.778,685.711
685.775,685.703
685.770,685.689
685.767,685.683
685.762,685.672
685.761,685.667
685.759,685.663
685.755,685.654
685.754,685.651
685.758,685.662
685.757,685.659
685.761,685.669
685.760,685.665
685.756,685.655
685.762,685.672
685.758,685.662
685.762,685.672
685.766,685.681
685.764,685.676
685.762,685.671
685.766,685.680
685.764,685.675
685.767,685.684
685.765,685.678
685.761,685.667
685.767,685.683
685.770,685.691
685.768,685.685
685.763,685.673
685.759,685.663
685.765,685.679
685.769,685.687
685.774,685.701
685.777,685.707
685.782,685.719
685.784,685.724
685.788,685.734
685.781,685.718
685.786,685.728
685.787,685.732
685.783,685.722
685.785,685.726
685.781,685.717
685.783,685.722
685.787,685.732
685.789,685.735
685.784,685.725
685.780,685.715
685.774,685.701
685.771,685.694
685.774,685.701
685.771,685.693
685.766,685.681
685.764,685.676
685.762,685.671
685.766,685.680
685.764,685.675
685.767,685.684
685.765,685.678
685.761,685.667
685.767,685.683
685.770,685.691
685.765,685.679
685.763,685.674
685.767,685.683
685.765,685.677
685.768,685.686
685.766,685.680
685.769,685.689
685.767,685.683
685.762,685.671
685.760,685.667
685.756,685.657
685.755,685.654
685.752,685.645
685.756,685.657
685.753,685.648
685.757,685.660
685.764,685.676
685.768,685.685
685.765,685.679
685.761,685.668
685.757,685.658
685.755,685.655
685.760,685.666
685.758,685.662
685.755,685.653
685.761,685.669
685.757,685.659
685.754,685.650
685.761,685.667
685.765,685.677
685.771,685.692
685.774,685.699
685.771,685.692
685.774,685.699
685.771,685.692
685.766,685.680
685.764,685.675
685.762,685.670
685.757,685.660
685.764,685.676
685.768,685.685
685.765,685.679
685.761,685.668
685.759,685.664
685.755,685.654
685.754,685.652
685.759,685.663
685.757,685.659
685.753,685.650
685.758,685.661
685.757,685.658
685.761,685.668
685.759,685.664
685.755,685.655
685.754,685.652
685.751,685.644
685.750,685.642
685.755,685.654
685.762,685.671
685.758,685.660
685.762,685.671
685.768,685.686
685.771,685.694
685.777,685.707
685.771,685.693
685.768,685.687
685.772,685.694
685.769,685.688
685.764,685.676
685.770,685.691
685.773,685.698
685.770,685.691
685.773,685.699
685.768,685.686
685.766,685.680
685.769,685.688
685.767,685.682
685.762,685.671
685.768,685.686
685.772,685.694
685.769,685.687
685.764,685.676
685.768,685.685
685.765,685.679
685.769,685.688
685.766,685.682
685.770,685.690
685.767,685.684
685.771,685.692
685.774,685.699
685.771,685.692
685.774,685.699
685.771,685.692
685.766,685.680
685.764,685.675
685.767,685.684
685.765,685.678
685.768,685.687
685.766,685.681
685.769,685.689
685.775,685.702
685.778,685.709
685.774,685.701
685.771,685.693
685.774,685.701
685.771,685.693
685.766,685.681
685.764,685.676
685.760,685.665
685.758,685.661
685.757,685.658
685.761,685.668
685.759,685.664
685.763,685.674
685.759,685.664
685.763,685.674
685.769,685.689
685.772,685.696
685.770,685.689
685.765,685.677
685.771,685.692
685.774,685.699
685.771,685.692
685.774,685.699
685.776,685.706
685.781,685.718
685.783,685.723
685.787,685.733
685.789,685.736
685.793,685.745
685.785,685.728
685.781,685.718
685.775,685.703
685.780,685.715
685.774,685.701
685.769,685.688
685.767,685.682
685.770,685.690
685.767,685.684
685.763,685.673
685.761,685.668
685.757,685.658
685.763,685.674
685.767,685.683
685.765,685.678
685.763,685.673
685.759,685.662
685.757,685.659
685.761,685.669
685.760,685.665
685.764,685.675
685.762,685.670
685.760,685.666
685.764,685.675
685.770,685.690
685.773,685.698
685.770,685.691
685.765,685.679
685.763,685.673
685.767,685.682
685.762,685.671
685.768,685.686
685.764,685.675
685.762,685.670
685.766,685.679
685.771,685.694
685.774,685.701
685.779,685.713
685.782,685.718
685.786,685.729
685.779,685.713
685.784,685.724
685.786,685.729
685.790,685.738
685.791,685.741
685.794,685.750
685.787,685.732
685.783,685.722
685.777,685.707
685.779,685.713
685.773,685.699
685.776,685.705
685.773,685.698
685.776,685.704
685.773,685.697
685.776,685.704
685.772,685.696
685.770,685.689
685.765,685.677
685.763,685.672
685.766,685.682
685.772,685.696
685.775,685.703
685.780,685.715
685.774,685.700
685.771,685.693
685.774,685.700
685.779,685.713
685.773,685.699
685.771,685.692
685.766,685.679
685.771,685.694
685.774,685.701
685.777,685.707
685.774,685.699
685.779,685.712
685.781,685.717
685.775,685.703
685.772,685.695
685.775,685.702
685.772,685.695
685.775,685.702
685.764,685.675
685.759,685.664
685.758,685.661
685.754,685.651
685.751,685.643
685.750,685.641
685.755,685.653
685.754,685.651
685.750,685.643
685.755,685.655
685.754,685.652
685.751,685.643
685.750,685.642
685.747,685.634
685.744,685.628
685.744,685.627
685.742,685.621
685.742,685.622
685.740,685.616
685.740,685.617
685.738,685.612
685.736,685.607
685.737,685.609
685.735,685.605
685.736,685.607
685.734,685.603
685.735,685.605
685.741,685.620
685.741,685.621
685.739,685.615
685.745,685.630
685.745,685.629
685.742,685.623
685.750,685.643
685.747,685.635
685.747,685.634
685.744,685.628
685.744,685.627
685.750,685.641
685.755,685.653
685.759,685.664
685.763,685.674
685.761,685.669
685.757,685.659
685.756,685.656
685.752,685.647
685.751,685.645
685.748,685.637
685.745,685.630
685.743,685.624
685.740,685.618
685.741,685.619
685.739,685.614
685.739,685.615
685.745,685.630
685.745,685.629
685.750,685.642
685.758,685.660
685.762,685.671
685.758,685.660
685.762,685.671
685.766,685.680
685.764,685.675
685.767,685.684
685.765,685.678
685.760,685.667
685.759,685.663
685.755,685.654
685.754,685.651
685.750,685.643
685.755,685.655
685.754,685.652
685.751,685.644
685.750,685.642
685.755,685.654
685.760,685.665
685.758,685.661
685.754,685.652
685.753,685.649
685.750,685.641
685.749,685.640
685.754,685.652
685.751,685.644
685.750,685.642
685.747,685.634
685.747,685.633
685.752,685.646
685.751,685.644
685.748,685.637
685.753,685.649
685.752,685.647
685.757,685.659
685.764,685.675
685.759,685.664
685.758,685.661
685.762,685.671
685.758,685.661
685.756,685.657
685.761,685.668
685.759,685.664
685.755,685.654
685.754,685.651
685.751,685.643
685.758,685.661
685.754,685.652
685.759,685.663
685.757,685.659
685.753,685.650
685.753,685.648
685.749,685.640
685.746,685.633
685.746,685.632
685.743,685.626
685.743,685.625
685.741,685.620
685.739,685.614
685.739,685.615
685.745,685.630
685.745,685.629
685.750,685.643
685.747,685.635
685.747,685.634
685.744,685.628
685.752,685.647
685.749,685.639
685.754,685.651
685.753,685.649
685.758,685.660
685.756,685.657
685.761,685.667
685.759,685.663
685.755,685.654
685.754,685.651
685.758,685.662
685.757,685.659
685.755,685.655
685.760,685.665
685.758,685.662
685.754,685.652
685.753,685.650
685.750,685.641
685.747,685.634
685.747,685.633
685.752,685.646
685.751,685.644
685.756,685.656
685.755,685.653
685.762,685.670
685.765,685.679
685.763,685.674
685.767,685.683
685.765,685.678
685.768,685.686
685.772,685.694
685.777,685.707
685.779,685.713
685.784,685.724
685.786,685.728
685.782,685.719
685.776,685.704
685.781,685.718
685.783,685.723
685.788,685.733
685.789,685.736
685.785,685.726
685.778,685.710
685.775,685.702
685.770,685.689
685.767,685.683
685.770,685.691
685.768,685.685
685.763,685.673
685.759,685.663
685.749,685.640
685.746,685.633
685.744,685.626
685.752,685.645
685.748,685.638
685.748,685.637
685.745,685.630
685.745,685.629
685.742,685.623
685.742,685.623
685.748,685.637
685.753,685.649
685.752,685.647
685.757,685.659
685.756,685.655
685.752,685.647
685.751,685.645
685.756,685.656
685.753,685.648
685.752,685.645
685.748,685.638
685.748,685.637
685.753,685.649
685.752,685.647
685.757,685.658
685.753,685.649
685.760,685.667
685.756,685.657
685.755,685.654
685.759,685.665
685.758,685.661
685.754,685.652
685.753,685.649
685.752,685.647
685.757,685.658
685.755,685.655
685.752,685.646
685.751,685.644
685.748,685.637
685.745,685.630
685.751,685.643
685.747,685.636
685.747,685.634
685.752,685.647
685.751,685.645
685.748,685.637
685.745,685.630
685.745,685.630
685.751,685.643
685.750,685.641
685.747,685.634
685.746,685.633
685.752,685.646
685.757,685.658
685.755,685.655
685.760,685.665
685.758,685.662
685.762,685.672
685.761,685.667
685.765,685.677
685.768,685.686
685.766,685.680
685.761,685.669
685.760,685.665
685.756,685.655
685.754,685.652
685.751,685.644
685.750,685.642
685.747,685.635
685.752,685.648
685.757,685.659
685.753,685.650
685.760,685.667
685.764,685.677
685.762,685.672
685.766,685.681
685.764,685.676
685.768,685.685
685.773,685.699
685.776,685.705
685.771,685.692
685.768,685.685
685.763,685.674
685.761,685.669
685.765,685.679
685.761,685.668
685.759,685.664
685.763,685.674
685.761,685.669
685.757,685.659
685.756,685.656
685.752,685.647
685.751,685.645
685.756,685.657
685.755,685.653
685.759,685.664
685.758,685.661
685.754,685.651
685.753,685.649
685.758,685.660
685.754,685.651
685.761,685.668
685.757,685.658
685.764,685.675
685.767,685.684
685.765,685.678
685.768,685.686
685.766,685.681
685.761,685.670
685.760,685.665
685.756,685.656
685.755,685.653
685.753,685.650
685.758,685.661
685.757,685.658
685.753,685.649
685.752,685.647
685.757,685.658
685.763,685.674
685.767,685.683
685.773,685.697
685.768,685.685
685.763,685.673
685.767,685.682
685.770,685.690
685.776,685.704
685.770,685.690
685.776,685.704
685.770,685.690
685.768,685.684
685.763,685.673
685.761,685.668
685.765,685.678
685.763,685.673
685.767,685.682
685.772,685.696
685.767,685.684
685.771,685.692
685.768,685.685
685.763,685.674
685.761,685.669
685.757,685.659
685.753,685.650
685.753,685.648
685.749,685.640
685.749,685.638
685.746,685.631
685.746,685.631
685.743,685.624
685.741,685.619
685.741,685.619
685.739,685.614
685.739,685.615
685.745,685.630
685.742,685.623
685.743,685.623
685.740,685.618
685.732,685.599
685.739,685.615
685.740,685.616
685.745,685.631
685.743,685.624
685.743,685.624
685.749,685.638
685.748,685.637
685.753,685.649
685.752,685.647
685.749,685.639
685.754,685.651
685.753,685.649
685.750,685.641
685.749,685.639
685.754,685.652
685.753,685.649
685.758,685.661
685.762,685.671
685.760,685.666
685.764,685.676
685.762,685.671
685.758,685.661
685.757,685.658
685.761,685.668
685.767,685.684
685.771,685.692
685.766,685.679
685.769,685.688
685.764,685.676
685.768,685.685
685.765,685.679
685.769,685.688
685.766,685.682
685.762,685.671
685.766,685.680
685.764,685.675
685.767,685.684
685.765,685.678
685.760,685.667
685.759,685.663
685.755,685.654
685.752,685.645
685.748,685.638
685.745,685.631
685.745,685.630
685.751,685.643
685.750,685.641
685.747,685.634
685.747,685.633
685.744,685.627
685.749,685.640
685.749,685.639
685.746,685.632
685.746,685.631
685.743,685.625
685.743,685.625
685.749,685.638
685.756,685.656
685.755,685.653
685.759,685.664
685.758,685.661
685.754,685.651
685.751,685.643
685.750,685.641
685.755,685.653
685.762,685.670
685.758,685.660
685.764,685.676
685.760,685.666
685.758,685.662
685.762,685.672
685.766,685.681
685.772,685.695
685.775,685.702
685.772,685.695
685.767,685.682
685.764,685.677
685.760,685.666
685.756,685.656
685.755,685.653
685.751,685.645
685.751,685.643
685.747,685.636
685.747,685.634
685.744,685.628
685.750,685.641
685.749,685.640
685.746,685.632
685.746,685.632
685.743,685.625
685.735,685.606
685.736,685.607
685.734,685.603
685.735,685.605
685.742,685.621
685.742,685.621
685.739,685.616
685.737,685.611
685.738,685.612
685.744,685.627
685.744,685.627
685.741,685.621
685.747,685.635
685.747,685.634
685.752,685.647
685.751,685.645
685.756,685.656
685.755,685.653
685.751,685.645
685.748,685.637
685.748,685.636
685.753,685.649
685.752,685.646
685.757,685.658
685.755,685.655
685.752,685.646
685.749,685.638
685.748,685.637
685.753,685.649
685.752,685.647
685.749,685.639
685.748,685.638
685.754,685.650
685.750,685.642
685.747,685.635
685.744,685.628
685.744,685.628
685.742,685.622
685.742,685.622
685.740,685.617
685.740,685.617
685.746,685.632
685.746,685.631
685.743,685.625
685.741,685.619
685.749,685.639
685.746,685.632
685.746,685.631
685.751,685.644
685.748,685.636
685.747,685.635
685.745,685.629
685.753,685.648
685.749,685.640
685.749,685.638
685.748,685.637
685.753,685.649
685.744,685.628
685.742,685.622
685.742,685.622
685.742,685.622
685.740,685.617
685.740,685.617
685.738,685.612
685.746,685.633
685.744,685.626
685.749,685.640
685.746,685.633
685.744,685.626
685.744,685.626
685.749,685.640
685.749,685.638
685.746,685.631
685.753,685.650
685.752,685.648
685.752,685.645
685.756,685.657
685.753,685.648
685.760,685.666
685.756,685.656
685.763,685.672
685.758,685.662
685.757,685.659
685.761,685.669
685.757,685.659
685.756,685.656
685.752,685.647
685.751,685.645
685.748,685.637
685.753,685.650
685.752,685.647
685.749,685.640
685.749,685.638
685.746,685.631
685.745,685.630
685.737,685.610
685.743,685.625
685.743,685.625
685.749,685.639
685.754,685.651
685.759,685.662
685.755,685.653
685.754,685.650
685.750,685.642
685.750,685.641
685.747,685.633
685.744,685.627
685.744,685.627
685.749,685.640
685.749,685.639
685.746,685.632
685.746,685.631
685.743,685.625
685.741,685.619
685.741,685.619
685.739,685.614
685.737,685.609
685.737,685.611
685.744,685.626
685.743,685.626
685.741,685.620
685.741,685.620
685.747,685.634
685.744,685.628
685.750,685.641
685.747,685.634
685.746,685.633
685.752,685.646
685.751,685.644
685.756,685.656
685.752,685.647
685.759,685.664
685.755,685.655
685.754,685.652
685.751,685.644
685.750,685.642
685.755,685.654
685.760,685.665
685.766,685.681
685.769,685.689
685.767,685.683
685.770,685.691
685.768,685.685
685.771,685.693
685.774,685.700
685.779,685.712
685.781,685.718
685.778,685.709
685.780,685.714
685.784,685.725
685.786,685.730
685.788,685.733
685.783,685.723
685.777,685.708
685.774,685.700
685.769,685.687
685.772,685.695
685.769,685.688
685.764,685.676
685.762,685.671
685.766,685.681
685.764,685.675
685.767,685.684
685.763,685.673
685.761,685.668
685.757,685.658
685.755,685.655
685.752,685.646
685.749,685.638
685.748,685.637
685.753,685.650
685.752,685.647
685.757,685.659
685.753,685.650
685.752,685.647
685.757,685.659
685.756,685.656
685.760,685.666
685.767,685.682
685.770,685.690
685.767,685.684
685.771,685.692
685.766,685.680
685.772,685.694
685.775,685.701
685.772,685.694
685.774,685.701
685.771,685.694
685.766,685.682
685.762,685.670
685.760,685.666
685.764,685.676
685.762,685.671
685.758,685.661
685.757,685.658
685.761,685.668
685.759,685.664
685.763,685.674
685.767,685.683
685.765,685.677
685.760,685.667
685.767,685.682
685.770,685.690
685.767,685.684
685.763,685.673
685.761,685.668
685.765,685.678
685.760,685.667
685.759,685.663
685.763,685.673
685.761,685.668
685.765,685.678
685.771,685.692
685.774,685.699
685.751,685.644
685.748,685.637
685.745,685.630
685.745,685.629
685.742,685.623
685.742,685.623
685.740,685.618
685.740,685.618
685.738,685.613
685.739,685.614
685.737,685.609
685.735,685.605
685.736,685.607
685.734,685.603
685.735,685.605
685.736,685.607
685.734,685.603
685.735,685.605
685.733,685.601
685.734,685.603
685.733,685.600
685.731,685.596
685.732,685.599
685.731,685.596
685.730,685.593
685.756,685.657
685.763,685.673
685.767,685.682
685.762,685.671
685.760,685.667
685.764,685.676
685.760,685.666
685.758,685.662
685.755,685.653
685.753,685.650
685.758,685.661
685.754,685.652
685.753,685.649
685.750,685.641
685.749,685.640
685.746,685.632
685.746,685.632
685.743,685.625
685.741,685.619
685.741,685.620
685.739,685.615
685.737,685.610
685.746,685.631
685.751,685.644
685.750,685.642
685.769,685.689
685.765,685.677
685.760,685.666
685.767,685.682
685.762,685.671
685.760,685.666
685.756,685.657
685.755,685.653
685.746,685.631
685.743,685.625
685.735,685.605
685.734,685.602
685.732,685.598
685.733,685.600
685.732,685.597
685.733,685.600
685.731,685.596
685.730,685.593
685.731,685.596
685.730,685.593
685.729,685.590
685.730,685.594
685.737,685.610
685.738,685.612
685.736,685.607
685.742,685.622
685.742,685.623
685.748,685.637
685.747,685.635
685.745,685.629
685.744,685.628
685.742,685.622
685.742,685.622
685.740,685.617
685.738,685.612
685.738,685.613
685.736,685.608
685.737,685.610
685.735,685.606
685.734,685.602
685.734,685.604
685.733,685.600
685.734,685.603
685.732,685.599
685.731,685.596
685.732,685.598
685.731,685.595
685.732,685.598
685.731,685.595
685.732,685.598
685.739,685.614
685.737,685.609
685.737,685.611
685.735,685.606
685.734,685.602
685.732,685.599
685.739,685.615
685.747,685.635
685.745,685.629
685.744,685.628
685.742,685.622
685.740,685.617
685.740,685.617
685.746,685.632
685.746,685.631
685.743,685.625
685.743,685.625
685.741,685.619
685.738,685.614
685.739,685.615
685.745,685.629
685.745,685.629
685.742,685.623
685.742,685.623
685.740,685.617
685.746,685.632
685.754,685.651
685.750,685.642
685.750,685.641
685.747,685.633
685.746,685.633
685.744,685.626
685.741,685.620
685.741,685.621
685.747,685.635
685.755,685.653
685.759,685.664
685.755,685.655
685.760,685.666
685.764,685.675
685.762,685.670
685.766,685.680
685.764,685.675
685.762,685.670
685.765,685.679
685.771,685.693
685.774,685.701
685.779,685.713
685.781,685.718
685.778,685.709
685.780,685.715
685.774,685.701
685.771,685.693
685.766,685.681
685.764,685.676
685.760,685.665
685.756,685.655
685.754,685.652
685.759,685.663
685.757,685.660
685.754,685.651
685.750,685.643
685.750,685.641
685.755,685.653
685.754,685.650
685.753,685.648
685.749,685.640
685.749,685.638
685.746,685.631
685.743,685.625
685.743,685.625
685.741,685.619
685.741,685.620
685.739,685.614
685.739,685.615
685.737,685.610
685.743,685.625
685.743,685.625
685.741,685.619
685.741,685.620
685.747,685.634
685.747,685.633
685.744,685.627
685.744,685.626
685.741,685.621
685.747,685.635
685.747,685.634
685.752,685.647
685.751,685.644
685.748,685.637
685.748,685.636
685.753,685.648
685.752,685.646
685.757,685.658
685.761,685.668
685.767,685.684
685.763,685.672
685.761,685.668
685.765,685.677
685.771,685.692
685.774,685.699
685.771,685.692
685.768,685.686
685.771,685.694
685.769,685.687
685.764,685.675
685.762,685.670
685.758,685.660
685.756,685.657
685.753,685.648
685.752,685.646
685.749,685.638
685.754,685.651
685.750,685.643
685.755,685.655
685.762,685.671
685.766,685.680
685.764,685.675
685.759,685.664
685.763,685.674
685.762,685.670
685.760,685.665
685.764,685.675
685.759,685.665
685.766,685.680
685.761,685.669
685.760,685.665
685.764,685.675
685.767,685.684
685.765,685.678
685.761,685.667
685.759,685.663
685.755,685.654
685.760,685.665
685.758,685.661
685.762,685.671
685.760,685.667
685.756,685.657
685.755,685.654
685.760,685.665
685.756,685.655
685.754,685.652
685.751,685.644
685.750,685.642
685.742,685.621
685.739,685.616
685.740,685.617
685.738,685.612
685.736,685.607
685.737,685.609
685.735,685.604
685.736,685.606
685.734,685.602
685.740,685.618
685.741,685.619
685.739,685.614
685.739,685.615
685.745,685.629
685.742,685.623
685.750,685.643
685.755,685.655
685.762,685.671
685.758,685.661
685.757,685.658
685.753,685.649
685.758,685.660
685.756,685.657
685.753,685.648
685.752,685.646
685.757,685.658
685.753,685.649
685.758,685.660
685.754,685.651
685.753,685.649
685.758,685.660
685.756,685.657
685.753,685.648
685.741,685.620
685.741,685.621
685.739,685.615
685.737,685.611
685.738,685.612
685.736,685.607
685.745,685.628
685.742,685.622
685.748,685.636
685.753,685.649
685.750,685.641
685.749,685.639
685.754,685.652
685.761,685.669
685.765,685.678
685.763,685.673
685.759,685.663
685.763,685.673
685.761,685.668
685.765,685.678
685.763,685.673
685.767,685.682
685.772,685.696
685.767,685.684
685.765,685.678
685.760,685.667
685.756,685.657
685.755,685.654
685.760,685.665
685.758,685.661
685.754,685.652
685.761,685.669
685.765,685.678
685.769,685.687
685.774,685.701
685.769,685.688
685.774,685.701
685.777,685.708
685.774,685.700
685.777,685.706
685.771,685.693
685.766,685.681
685.761,685.670
685.760,685.665
685.764,685.675
685.762,685.670
685.758,685.660
685.762,685.671
685.760,685.666
685.764,685.676
685.762,685.671
685.766,685.680
685.772,685.695
685.767,685.682
685.762,685.671
685.760,685.666
685.764,685.676
685.762,685.671
685.766,685.681
685.761,685.670
685.760,685.665
685.764,685.675
685.762,685.670
685.758,685.660
685.756,685.657
685.753,685.648
685.749,685.640
685.757,685.658
685.753,685.649
685.752,685.647
685.749,685.639
685.756,685.657
685.753,685.648
685.757,685.660
685.754,685.651
685.750,685.643
685.750,685.641
685.747,685.633
685.746,685.633
685.744,685.626
685.744,685.626
685.743,685.626
685.749,685.639
685.748,685.638
685.754,685.650
685.753,685.648
685.749,685.640
685.749,685.638
685.748,685.637
685.745,685.630
685.753,685.649
685.750,685.641
685.749,685.639
685.746,685.632
685.746,685.632
685.743,685.625
685.741,685.619
685.749,685.639
685.746,685.632
685.746,685.632
685.743,685.625
685.741,685.619
685.739,685.614
685.745,685.629
685.745,685.628
685.742,685.622
685.742,685.622
685.748,685.636
685.745,685.630
685.745,685.629
685.742,685.623
685.750,685.643
685.755,685.655
685.754,685.652
685.751,685.644
685.748,685.636
685.747,685.635
685.753,685.648
685.752,685.645
685.748,685.638
685.748,685.637
685.745,685.630
685.743,685.623
685.751,685.643
685.755,685.655
685.754,685.652
685.751,685.644
685.750,685.642
685.749,685.640
685.754,685.652
685.753,685.650
685.750,685.642
685.749,685.640
685.746,685.633
685.744,685.626
685.744,685.626
685.749,685.640
685.757,685.658
685.753,685.649
685.752,685.646
685.749,685.638
685.746,685.631
685.746,685.631
685.743,685.624
685.743,685.624
685.741,685.619
685.741,685.619
685.739,685.614
685.737,685.609
685.737,685.611
685.735,685.606
685.742,685.622
685.742,685.622
685.748,685.636
685.747,685.635
685.745,685.628
685.742,685.622
685.742,685.622
685.748,685.636
685.747,685.635
685.745,685.629
685.744,685.628
685.742,685.622
685.750,685.642
685.747,685.634
685.744,685.628
685.744,685.627
685.742,685.621
685.747,685.635
685.745,685.629
685.742,685.622
685.742,685.623
685.748,685.637
685.763,685.672
685.761,685.668
685.765,685.677
685.771,685.692
685.766,685.680
685.763,685.674
685.767,685.683
685.765,685.678
685.768,685.686
685.774,685.700
685.777,685.707
685.773,685.699
685.776,685.705
685.773,685.698
685.776,685.704
685.778,685.711
685.783,685.722
685.777,685.707
685.774,685.699
685.779,685.711
685.775,685.703
685.770,685.690
685.775,685.703
685.778,685.709
685.775,685.701
685.798,685.757
685.798,685.758
685.801,685.765
685.801,685.765
685.801,685.766
685.801,685.766
685.796,685.753
685.791,685.740
685.792,685.743
685.795,685.751
685.796,685.753
685.791,685.741
685.784,685.724
685.788,685.734
685.797,685.757
685.792,685.744
685.785,685.727
685.789,685.737
685.790,685.740
685.794,685.749
685.795,685.750
685.790,685.738
685.791,685.741
685.786,685.730
685.780,685.714
685.797,685.756
685.798,685.758
685.798,685.759
685.798,685.760
685.799,685.760
685.802,685.767
685.804,685.773
685.804,685.772
685.806,685.778
685.806,685.777
685.808,685.782
685.807,685.781
685.809,685.785
685.808,685.784
685.802,685.769
685.802,685.769
685.805,685.774
685.804,685.774
685.807,685.779
685.806,685.778
685.808,685.783
685.800,685.762
685.800,685.763
685.802,685.769
685.802,685.769
685.797,685.755
685.797,685.757
685.800,685.764
685.800,685.764
685.795,685.751
685.796,685.753
685.791,685.740
685.792,685.743
685.795,685.751
685.796,685.753
685.791,685.741
685.784,685.724
685.780,685.715
685.782,685.720
685.776,685.705
685.781,685.717
685.783,685.722
685.787,685.732
685.789,685.735
685.782,685.719
685.784,685.724
685.780,685.714
685.782,685.720
685.778,685.711
685.781,685.716
685.777,685.707
685.779,685.713
685.782,685.718
685.784,685.723
685.780,685.714
685.782,685.719
685.778,685.710
685.780,685.716
685.785,685.727
685.787,685.731
685.782,685.720
685.784,685.725
685.780,685.716
685.782,685.721
685.779,685.711
685.781,685.717
685.785,685.728
685.779,685.712
685.776,685.704
685.770,685.690
685.768,685.684
685.771,685.692
685.768,685.686
685.771,685.694
685.766,685.681
685.772,685.696
685.769,685.689
685.773,685.696
685.775,685.703
685.780,685.715
685.782,685.720
685.787,685.731
685.788,685.734
685.789,685.738
685.785,685.727
685.787,685.731
685.791,685.740
685.784,685.723
685.788,685.734
685.781,685.718
685.786,685.728
685.787,685.732
685.783,685.722
685.777,685.707
685.782,685.719
685.784,685.723
685.788,685.733
685.789,685.737
685.793,685.746
685.794,685.748
685.797,685.756
685.797,685.757
685.800,685.764
685.792,685.745
685.796,685.753
685.796,685.754
685.799,685.761
685.800,685.762
685.802,685.769
685.802,685.769
685.797,685.755
685.789,685.737
685.793,685.746
685.794,685.748
685.789,685.736
685.790,685.739
685.794,685.748
685.794,685.750
685.790,685.738
685.783,685.722
685.779,685.712
685.773,685.698
685.778,685.711
685.781,685.716
685.785,685.727
685.787,685.731
685.783,685.721
685.784,685.726
685.789,685.735
685.790,685.739
685.793,685.747
685.786,685.730
685.788,685.734
685.789,685.737
685.793,685.746
685.794,685.748
685.797,685.756
685.805,685.776
685.807,685.782
685.807,685.780
685.801,685.765
685.801,685.766
685.804,685.772
685.803,685.772
685.806,685.777
685.805,685.776
685.807,685.781
685.807,685.780
685.809,685.785
685.808,685.783
685.810,685.788
685.809,685.786
685.803,685.771
685.797,685.757
685.798,685.758
685.793,685.745
685.794,685.748
685.797,685.755
685.797,685.757
685.790,685.738
685.791,685.741
685.794,685.750
685.795,685.752
685.790,685.740
685.791,685.742
685.795,685.751
685.796,685.752
685.799,685.760
685.799,685.761
685.802,685.767
685.802,685.767
685.796,685.754
685.789,685.736
685.792,685.745
685.793,685.747
685.797,685.755
685.797,685.756
685.800,685.763
685.800,685.764
685.803,685.770
685.803,685.770
685.805,685.775
685.805,685.775
685.807,685.780
685.806,685.779
685.808,685.784
685.808,685.782
685.802,685.767
685.802,685.768
685.796,685.754
685.797,685.755
685.800,685.763
685.800,685.763
685.803,685.770
685.803,685.770
685.805,685.775
685.805,685.775
685.807,685.780
685.806,685.779
685.800,685.764
685.801,685.765
685.803,685.771
685.803,685.771
685.805,685.776
685.805,685.776
685.807,685.781
685.807,685.780
685.809,685.784
685.808,685.783
685.810,685.787
685.801,685.766
685.804,685.772
685.804,685.772
685.798,685.758
685.798,685.759
685.793,685.746
685.794,685.748
685.797,685.756
685.797,685.757
685.800,685.764
685.801,685.765
685.795,685.751
685.796,685.753
685.791,685.741
685.792,685.743
685.787,685.732
685.789,685.735
685.792,685.744
685.793,685.747
685.796,685.755
685.797,685.756
685.792,685.744
685.785,685.726
685.789,685.736
685.790,685.739
685.786,685.728
685.779,685.713
685.784,685.724
685.778,685.709
685.782,685.720
685.784,685.725
685.778,685.710
685.783,685.721
685.787,685.731
685.788,685.735
685.784,685.724
685.786,685.729
685.787,685.733
685.789,685.736
685.792,685.745
685.793,685.747
685.797,685.755
685.797,685.756
685.792,685.744
685.793,685.746
685.794,685.748
685.795,685.750
685.790,685.738
685.791,685.741
685.794,685.750
685.795,685.752
685.798,685.759
685.791,685.740
685.794,685.749
685.795,685.751
685.798,685.758
685.798,685.759
685.793,685.747
685.794,685.749
685.789,685.737
685.790,685.740
685.786,685.729
685.787,685.733
685.791,685.742
685.784,685.725
685.796,685.753
685.797,685.755
685.791,685.742
685.792,685.745
685.796,685.753
685.796,685.755
685.791,685.742
685.792,685.745
685.796,685.753
685.796,685.754
685.791,685.742
685.792,685.745
685.796,685.753
685.796,685.754
685.791,685.742
685.792,685.744
685.785,685.727
685.779,685.712
685.784,685.723
685.785,685.727
685.779,685.712
685.784,685.723
685.785,685.727
685.781,685.718
685.783,685.723
685.787,685.732
685.791,685.741
685.792,685.744
685.793,685.746
685.794,685.748
685.797,685.756
685.797,685.757
685.800,685.764
685.801,685.765
685.803,685.771
685.795,685.751
685.798,685.759
685.798,685.760
685.793,685.747
685.794,685.749
685.789,685.737
685.790,685.740
685.794,685.749
685.787,685.731
685.783,685.721
685.776,685.706
685.773,685.698
685.776,685.705
685.781,685.717
685.783,685.722
685.815,685.799
685.816,685.802
685.815,685.799
685.816,685.802
685.815,685.799
685.808,685.782
685.807,685.781
685.801,685.766
685.809,685.786
685.811,685.790
685.818,685.807
685.819,685.809
685.817,685.806
685.816,685.802
685.809,685.785
685.808,685.784
685.810,685.788
685.809,685.786
685.811,685.790
685.810,685.788
685.812,685.792
685.811,685.790
685.810,685.788
685.809,685.786
685.809,685.785
685.785,685.728
685.787,685.732
685.783,685.722
685.785,685.726
685.789,685.736
685.790,685.739
685.794,685.748
685.794,685.750
685.789,685.738
685.791,685.741
685.794,685.749
685.795,685.751
685.798,685.759
685.798,685.760
685.793,685.747
685.794,685.749
685.795,685.751
685.796,685.753
685.799,685.760
685.793,685.747
685.794,685.749
685.795,685.751
685.796,685.753
685.799,685.760
685.799,685.761
685.794,685.748
685.794,685.750
685.790,685.738
685.791,685.741
685.794,685.749
685.795,685.751
685.798,685.759
685.798,685.760
685.801,685.766
685.801,685.767
685.804,685.773
685.798,685.759
685.798,685.760
685.801,685.766
685.801,685.767
685.796,685.753
685.796,685.755
685.791,685.742
685.792,685.745
685.796,685.753
685.796,685.754
685.799,685.761
685.800,685.762
685.802,685.769
685.802,685.769
685.805,685.774
685.804,685.774
685.804,685.773
685.798,685.759
685.799,685.760
685.801,685.767
685.802,685.767
685.804,685.773
685.812,685.792
685.813,685.796
685.812,685.793
685.814,685.797
685.813,685.794
685.814,685.797
685.813,685.795
685.814,685.798
685.813,685.795
685.806,685.779
685.806,685.778
685.806,685.777
685.813,685.796
685.815,685.799
685.808,685.782
685.807,685.781
685.807,685.780
685.806,685.779
685.800,685.764
685.801,685.765
685.803,685.771
685.803,685.771
685.805,685.776
685.805,685.776
685.799,685.761
685.799,685.762
685.794,685.749
685.795,685.751
685.796,685.753
685.799,685.760
685.799,685.761
685.802,685.767
685.802,685.767
685.804,685.773
685.804,685.773
685.806,685.778
685.806,685.777
685.808,685.782
685.807,685.781
685.809,685.786
685.801,685.765
685.801,685.765
685.795,685.752
685.796,685.753
685.791,685.741
685.792,685.744
685.795,685.752
685.804,685.773
685.806,685.778
685.814,685.797
685.815,685.800
685.814,685.797
685.821,685.814
685.821,685.815
685.828,685.830
685.828,685.830
685.833,685.844
685.833,685.843
685.830,685.836
685.835,685.849
685.834,685.847
685.831,685.840
685.831,685.839
685.828,685.832
685.828,685.832
685.826,685.826
685.826,685.826
685.824,685.821
685.824,685.822
685.824,685.822
685.822,685.817
685.823,685.819
685.821,685.814
685.813,685.796
685.812,685.793
685.806,685.777
685.805,685.776
685.799,685.762
685.800,685.763
685.800,685.763
685.803,685.770
685.803,685.770
685.805,685.775
685.805,685.775
685.807,685.780
685.806,685.779
685.808,685.784
685.808,685.782
685.810,685.787
685.809,685.785
685.811,685.789
685.810,685.787
685.812,685.791
685.805,685.775
685.813,685.794
685.814,685.798
685.813,685.795
685.814,685.798
685.821,685.815
685.822,685.816
685.820,685.812
685.821,685.814
685.827,685.829
685.825,685.823
685.825,685.824
685.823,685.819
685.823,685.820
685.821,685.815
685.822,685.816
685.820,685.812
685.821,685.813
685.819,685.809
685.820,685.811
685.818,685.807
685.819,685.809
685.817,685.805
685.818,685.808
685.817,685.804
685.815,685.801
685.817,685.804
685.815,685.800
685.816,685.803
685.815,685.800
685.816,685.803
685.815,685.799
685.816,685.802
685.815,685.799
685.816,685.802
685.815,685.799
685.816,685.802
685.815,685.799
685.816,685.802
685.815,685.799
685.813,685.796
685.815,685.799
685.814,685.796
685.815,685.799
685.814,685.796
685.807,685.780
685.806,685.779
685.808,685.784
685.808,685.782
685.810,685.787
685.809,685.785
685.808,685.784
685.810,685.788
685.809,685.786
685.803,685.771
685.803,685.771
685.805,685.776
685.805,685.776
685.807,685.781
685.807,685.780
685.809,685.784
685.808,685.783
685.807,685.782
685.807,685.780
685.807,685.779
685.809,685.784
685.808,685.783
685.810,685.787
685.809,685.785
685.811,685.790
685.810,685.788
685.812,685.792
685.819,685.809
685.820,685.811
685.818,685.807
685.819,685.809
685.817,685.805
685.824,685.821
685.816,685.803
685.815,685.799
685.814,685.796
685.812,685.794
685.806,685.778
685.806,685.777
685.808,685.782
685.815,685.800
685.816,685.803
685.815,685.800
685.816,685.802
685.815,685.799
685.816,685.802
685.815,685.799
685.808,685.782
685.810,685.787
685.809,685.785
685.811,685.789
685.810,685.787
685.804,685.772
685.803,685.772
685.806,685.777
685.813,685.796
685.807,685.780
685.806,685.779
685.808,685.783
685.808,685.782
685.810,685.787
685.809,685.785
685.803,685.770
685.803,685.770
685.803,685.770
685.805,685.775
685.805,685.775
685.807,685.780
685.806,685.779
685.808,685.784
685.816,685.802
685.823,685.818
685.823,685.819
685.821,685.815
685.822,685.816
685.820,685.812
685.821,685.813
685.819,685.809
685.825,685.825
685.825,685.825
685.831,685.839
685.823,685.819
685.823,685.820
685.821,685.815
685.814,685.797
685.813,685.794
685.814,685.798
685.813,685.795
685.814,685.798
685.813,685.795
685.812,685.793
685.814,685.796
685.821,685.813
685.821,685.815
685.819,685.810
685.818,685.806
685.816,685.803
685.815,685.800
685.808,685.783
685.808,685.782
685.809,685.786
685.809,685.785
685.811,685.789
685.818,685.806
685.819,685.809
685.817,685.805
685.816,685.801
685.817,685.804
685.815,685.801
685.817,685.804
685.815,685.800
685.816,685.803
685.815,685.800
685.816,685.803
685.815,685.799
685.814,685.796
685.815,685.800
685.814,685.797
685.815,685.800
685.822,685.816
685.822,685.817
685.828,685.832
685.834,685.846
685.833,685.844
685.830,685.837
685.830,685.836
685.827,685.830
685.827,685.830
685.825,685.824
685.825,685.825
685.823,685.820
685.821,685.815
685.822,685.816
685.820,685.812
685.821,685.813
685.819,685.809
685.820,685.811
685.818,685.807
685.811,685.790
685.810,685.788
685.812,685.792
685.811,685.790
685.818,685.807
685.811,685.790
685.810,685.788
685.812,685.792
685.811,685.790
685.812,685.793
685.811,685.791
685.813,685.795
685.812,685.792
685.811,685.790
685.805,685.774
685.804,685.774
685.806,685.779
685.806,685.778
685.808,685.783
685.815,685.801
685.809,685.784
685.808,685.783
685.802,685.768
685.804,685.774
685.804,685.773
685.806,685.779
685.814,685.797
685.815,685.800
685.814,685.797
685.815,685.800
685.814,685.797
685.813,685.795
685.814,685.798
685.813,685.795
685.814,685.798
685.821,685.815
685.822,685.816
685.820,685.812
685.813,685.794
685.812,685.792
685.813,685.795
685.800,685.764
685.801,685.765
685.803,685.771
685.803,685.771
685.803,685.771
685.805,685.776
685.805,685.776
685.807,685.781
685.807,685.780
685.809,685.784
685.808,685.783
685.810,685.787
685.812,685.791
685.811,685.789
685.812,685.793
685.811,685.791
685.813,685.794
685.812,685.792
685.813,685.796
685.820,685.813
685.821,685.814
685.822,685.816
685.820,685.811
685.820,685.813
685.819,685.809
685.815,685.799
685.816,685.802
685.815,685.799
685.816,685.802
685.815,685.799
685.816,685.802
685.815,685.799
685.808,685.782
685.815,685.801
685.808,685.784
685.808,685.782
685.807,685.781
685.809,685.786
685.817,685.804
685.818,685.806
685.824,685.822
685.824,685.823
685.825,685.823
685.823,685.818
685.823,685.819
685.821,685.815
685.814,685.796
685.812,685.794
685.822,685.817
685.828,685.832
685.831,685.840
685.831,685.839
685.836,685.851
685.835,685.849
685.835,685.847
685.832,685.840
685.839,685.859
685.844,685.870
685.842,685.866
685.838,685.857
685.837,685.854
685.836,685.852
685.833,685.844
685.833,685.843
685.830,685.836
685.821,685.816
685.820,685.811
685.826,685.827
685.826,685.827
685.832,685.841
685.839,685.859
685.836,685.851
685.841,685.862
685.839,685.859
685.844,685.870
685.842,685.866
685.847,685.877
685.842,685.866
685.841,685.863
685.845,685.873
685.852,685.889
685.855,685.897
685.852,685.891
685.856,685.898
685.858,685.906
685.855,685.898
685.850,685.886
685.848,685.881
685.844,685.870
685.842,685.866
685.841,685.863
685.845,685.873
685.852,685.889
685.855,685.897
685.852,685.890
685.847,685.879
685.838,685.855
685.837,685.852
685.841,685.864
685.840,685.861
685.844,685.871
685.843,685.867
685.839,685.858
685.838,685.855
685.837,685.853
685.841,685.864
685.840,685.861
685.845,685.872
685.843,685.868
685.841,685.864
685.846,685.875
685.844,685.870
685.848,685.880
685.846,685.875
685.844,685.871
685.848,685.881
685.846,685.876
685.850,685.885
685.848,685.880
685.844,685.869
685.840,685.860
685.839,685.857
685.835,685.849
685.834,685.847
685.839,685.859
685.838,685.856
685.843,685.867
685.839,685.858
685.838,685.855
685.834,685.847
685.834,685.845
685.831,685.838
685.830,685.837
685.828,685.831
685.820,685.811
685.818,685.807
685.819,685.809
685.817,685.805
685.816,685.802
685.817,685.805
685.816,685.801
685.817,685.804
685.823,685.820
685.824,685.821
685.824,685.822
685.822,685.817
685.823,685.818
685.821,685.813
685.821,685.815
685.819,685.810
685.820,685.812
685.818,685.808
685.819,685.810
685.818,685.806
685.816,685.803
685.817,685.805
685.816,685.802
685.817,685.804
685.823,685.820
685.824,685.821
685.822,685.816
685.822,685.818
685.820,685.813
685.813,685.795
685.812,685.793
685.805,685.776
685.805,685.776
685.805,685.775
685.805,685.775
685.804,685.774
685.799,685.760
685.807,685.780
685.809,685.785
685.816,685.803
685.817,685.805
685.816,685.802
685.809,685.785
685.811,685.789
685.810,685.787
685.812,685.791
685.811,685.789
685.812,685.793
685.819,685.810
685.820,685.812
685.818,685.808
685.819,685.810
685.820,685.812
685.818,685.808
685.819,685.810
685.818,685.806
685.818,685.808
685.817,685.805
685.818,685.807
685.816,685.803
685.818,685.806
685.816,685.802
685.815,685.799
685.814,685.796
685.820,685.813
685.819,685.809
685.817,685.805
685.818,685.808
685.817,685.804
685.818,685.806
685.816,685.803
685.817,685.805
685.816,685.802
685.823,685.818
685.815,685.800
685.822,685.816
685.822,685.818
685.820,685.813
685.821,685.815
685.819,685.810
685.820,685.812
685.818,685.808
685.819,685.810
685.826,685.826
685.826,685.826
685.826,685.826
685.824,685.821
685.824,685.822
685.822,685.817
685.822,685.818
685.821,685.813
685.821,685.815
685.822,685.816
685.828,685.831
685.820,685.812
685.818,685.808
685.817,685.804
685.818,685.806
685.824,685.822
685.825,685.823
685.822,685.818
685.823,685.819
685.823,685.820
685.821,685.815
685.822,685.817
685.820,685.812
685.821,685.814
685.827,685.829
685.827,685.829
685.833,685.843
685.830,685.836
685.830,685.835
685.827,685.829
685.827,685.829
685.833,685.843
685.840,685.861
685.847,685.878
685.851,685.887
685.849,685.881
685.852,685.890
685.858,685.904
685.855,685.897
685.850,685.885
685.848,685.880
685.843,685.869
685.842,685.865
685.838,685.856
685.843,685.867
685.849,685.883
685.853,685.892
685.858,685.906
685.855,685.898
685.858,685.905
685.855,685.898
685.853,685.892
685.848,685.880
685.846,685.875
685.842,685.865
685.846,685.876
685.844,685.871
685.848,685.881
685.846,685.876
685.842,685.866
685.838,685.857
685.837,685.854
685.842,685.866
685.841,685.862
685.845,685.873
685.849,685.882
685.847,685.877
685.843,685.867
685.841,685.863
685.837,685.854
685.836,685.852
685.833,685.844
685.838,685.856
685.837,685.854
685.842,685.865
685.841,685.862
685.837,685.853
685.836,685.851
685.835,685.849
685.832,685.841
685.832,685.840
685.831,685.839
685.828,685.832
685.828,685.832
685.834,685.846
685.833,685.844
685.833,685.843
685.838,685.855
685.845,685.872
685.849,685.882
685.847,685.877
685.851,685.886
685.846,685.875
685.852,685.890
685.847,685.879
685.846,685.874
685.841,685.864
685.840,685.861
685.836,685.852
685.841,685.864
685.840,685.860
685.844,685.871
685.848,685.881
685.846,685.876
685.850,685.885
685.854,685.894
685.851,685.888
685.854,685.896
685.860,685.909
685.862,685.915
685.859,685.907
685.856,685.900
685.859,685.907
685.864,685.919
685.866,685.924
685.870,685.935
685.872,685.938
685.873,685.942
685.869,685.931
685.863,685.916
685.859,685.907
685.854,685.894
685.859,685.908
685.856,685.900
685.859,685.907
685.864,685.919
685.866,685.925
685.868,685.929
685.864,685.920
685.858,685.905
685.855,685.898
685.850,685.886
685.846,685.875
685.852,685.890
685.847,685.878
685.845,685.874
685.849,685.883
685.845,685.872
685.843,685.868
685.847,685.878
685.845,685.874
685.844,685.870
685.840,685.860
685.839,685.857
685.835,685.849
685.834,685.847
685.839,685.859
685.838,685.856
685.835,685.848
685.832,685.840
685.839,685.859
685.844,685.870
685.850,685.886
685.854,685.894
685.857,685.902
685.862,685.914
685.856,685.901
685.851,685.888
685.849,685.883
685.853,685.891
685.856,685.899
685.853,685.892
685.856,685.900
685.854,685.894
685.851,685.887
685.846,685.876
685.845,685.872
685.843,685.868
685.847,685.878
685.845,685.873
685.849,685.883
685.853,685.891
685.850,685.886
685.854,685.894
685.857,685.902
685.854,685.895
685.857,685.902
685.854,685.895
685.860,685.909
685.862,685.915
685.859,685.907
685.862,685.913
685.856,685.899
685.853,685.893
685.856,685.901
685.854,685.894
685.851,685.888
685.854,685.896
685.852,685.890
685.847,685.878
685.851,685.887
685.849,685.882
685.844,685.871
685.848,685.881
685.846,685.876
685.842,685.866
685.841,685.862
685.837,685.853
685.834,685.845
685.833,685.844
685.830,685.837
685.830,685.836
685.827,685.830
685.833,685.843
685.832,685.842
685.838,685.855
685.842,685.866
685.841,685.862
685.837,685.854
685.836,685.851
685.835,685.849
685.840,685.861
685.839,685.858
685.844,685.869
685.850,685.885
685.848,685.880
685.852,685.889
685.849,685.883
685.847,685.878
685.851,685.887
685.857,685.901
685.859,685.908
685.862,685.914
685.867,685.926
685.869,685.930
685.865,685.921
685.861,685.912
685.856,685.899
685.853,685.892
685.848,685.880
685.846,685.876
685.844,685.871
685.848,685.881
685.846,685.876
685.850,685.885
685.846,685.874
685.844,685.870
685.848,685.880
685.854,685.895
685.851,685.888
685.847,685.877
685.853,685.892
685.856,685.900
685.859,685.907
685.864,685.919
685.866,685.924
685.870,685.935
685.866,685.925
685.868,685.929
685.864,685.920
685.858,685.905
685.861,685.912
685.858,685.904
685.861,685.911
685.857,685.903
685.860,685.910
685.855,685.896
685.860,685.910
685.885,685.971
685.885,685.971
685.886,685.972
685.888,685.978
685.896,685.997
685.897,686.000
685.899,686.004
685.898,686.001
685.897,685.998
685.890,685.982
685.882,685.962
685.874,685.944
685.878,685.952
685.879,685.954
685.879,685.956
685.874,685.944
685.875,685.947
685.877,685.950
685.880,685.958
685.880,685.959
685.881,685.961
685.876,685.948
685.877,685.950
685.878,685.953
685.873,685.941
685.878,685.953
685.873,685.941
685.874,685.944
685.875,685.947
685.871,685.936
685.872,685.939
685.874,685.943
685.877,685.951
685.878,685.953
685.879,685.955
685.874,685.943
685.875,685.946
685.876,685.949
685.872,685.938
685.865,685.922
685.867,685.927
685.871,685.937
685.873,685.940
685.866,685.924
685.870,685.935
685.872,685.938
685.873,685.942
685.869,685.931
685.879,685.955
685.879,685.956
685.858,685.905
685.853,685.892
685.859,685.906
685.861,685.912
685.858,685.904
685.853,685.891
685.858,685.905
685.863,685.917
685.858,685.903
685.855,685.896
685.852,685.890
685.855,685.898
685.853,685.891
685.848,685.880
685.852,685.889
685.857,685.903
685.860,685.909
685.855,685.896
685.852,685.890
685.855,685.898
685.853,685.891
685.848,685.880
685.852,685.889
685.857,685.903
685.862,685.915
685.857,685.901
685.854,685.894
685.857,685.902
685.860,685.909
685.857,685.901
685.859,685.908
685.862,685.914
685.859,685.906
685.853,685.893
685.857,685.901
685.862,685.914
685.856,685.900
685.853,685.893
685.851,685.887
685.854,685.895
685.860,685.909
685.865,685.921
685.867,685.926
685.863,685.917
685.865,685.922
685.867,685.927
685.864,685.918
685.866,685.923
685.860,685.909
685.865,685.921
685.867,685.926
685.869,685.930
685.865,685.921
685.867,685.926
685.871,685.936
685.867,685.926
685.869,685.931
685.862,685.915
685.859,685.907
685.862,685.913
685.866,685.925
685.863,685.916
685.865,685.921
685.861,685.913
685.864,685.918
685.866,685.924
685.862,685.915
685.859,685.907
685.854,685.894
685.851,685.888
685.854,685.896
685.852,685.890
685.850,685.884
685.853,685.892
685.848,685.881
685.846,685.876
685.842,685.866
685.849,685.882
685.847,685.877
685.850,685.886
685.856,685.900
685.859,685.907
685.862,685.914
685.867,685.925
685.868,685.930
685.865,685.920
685.869,685.931
685.871,685.935
685.875,685.945
685.876,685.948
685.877,685.950
685.872,685.939
685.865,685.922
685.867,685.927
685.864,685.918
685.866,685.924
685.868,685.928
685.864,685.919
685.858,685.905
685.861,685.911
685.858,685.903
685.863,685.916
685.865,685.921
685.861,685.913
685.866,685.924
685.860,685.909
685.857,685.902
685.860,685.909
685.862,685.915
685.867,685.926
685.869,685.931
685.870,685.935
685.874,685.944
685.868,685.928
685.864,685.918
685.868,685.929
685.870,685.934
685.874,685.943
685.867,685.927
685.869,685.931
685.865,685.921
685.867,685.926
685.869,685.931
685.873,685.941
685.869,685.930
685.870,685.934
685.874,685.944
685.878,685.953
685.879,685.955
685.879,685.957
685.882,685.964
685.883,685.965
685.883,685.966
685.886,685.972
685.886,685.973
685.886,685.973
685.888,685.979
685.891,685.984
685.882,685.963
685.877,685.951
685.880,685.959
685.881,685.960
685.884,685.967
685.878,685.954
685.879,685.956
685.882,685.964
685.885,685.970
685.885,685.971
685.885,685.971
685.880,685.958
685.880,685.959
685.881,685.961
685.876,685.948
685.871,685.937
685.873,685.940
685.876,685.949
685.872,685.938
685.873,685.941
685.869,685.931
685.865,685.921
685.867,685.926
685.871,685.937
685.867,685.927
685.869,685.931
685.873,685.941
685.877,685.950
685.878,685.952
685.873,685.940
685.868,685.930
685.870,685.934
685.874,685.944
685.870,685.933
685.871,685.937
685.875,685.946
685.879,685.955
685.879,685.956
685.874,685.944
685.878,685.953
685.879,685.955
685.882,685.962
685.885,685.969
685.885,685.970
685.879,685.957
685.882,685.964
685.883,685.965
685.883,685.966
685.878,685.953
685.879,685.955
685.879,685.957
685.874,685.944
685.884,685.967
685.884,685.967
685.886,685.974
685.886,685.974
685.886,685.974
685.889,685.980
685.891,685.985
685.891,685.984
685.893,685.989
685.894,685.993
685.894,685.991
685.893,685.990
685.887,685.975
685.887,685.974
685.889,685.980
685.891,685.985
685.891,685.984
685.893,685.989
685.895,685.993
685.902,686.011
685.900,686.007
685.893,685.991
685.893,685.989
685.892,685.987
685.894,685.992
685.896,685.996
685.895,685.994
685.902,686.012
685.903,686.014
685.904,686.016
685.910,686.031
685.916,686.045
685.916,686.044
685.915,686.044
685.912,686.037
685.910,686.031
685.910,686.031
685.910,686.032
685.908,686.026
685.908,686.027
685.901,686.008
685.899,686.005
685.898,686.002
685.899,686.005
685.898,686.002
685.897,686.000
685.898,686.003
685.892,685.987
685.899,686.005
685.898,686.002
685.899,686.005
685.898,686.002
685.905,686.019
685.906,686.020
685.906,686.022
685.904,686.017
685.905,686.019
685.906,686.021
685.896,685.997
685.895,685.994
685.897,685.998
685.896,685.996
685.895,685.994
685.896,685.998
685.890,685.982
685.889,685.981
685.892,685.986
685.893,685.991
685.895,685.995
685.894,685.993
685.896,685.997
685.889,685.981
685.889,685.980
685.891,685.985
685.885,685.971
685.885,685.971
685.885,685.971
685.880,685.958
685.880,685.959
685.881,685.961
685.884,685.968
685.887,685.974
685.887,685.974
685.887,685.974
685.897,685.999
685.890,685.983
685.890,685.982
685.898,686.001
685.899,686.004
685.898,686.001
685.897,685.999
685.898,686.002
685.891,685.986
685.891,685.984
685.890,685.983
685.892,685.988
685.894,685.993
685.894,685.991
685.893,685.989
685.895,685.994
685.896,685.998
685.903,686.015
685.904,686.017
685.913,686.038
685.910,686.032
685.916,686.046
685.916,686.045
685.915,686.044
685.921,686.057
685.917,686.049
685.917,686.048
685.914,686.041
685.911,686.034
685.911,686.034
685.911,686.034
685.909,686.029
685.907,686.023
685.907,686.025
685.908,686.026
685.916,686.046
685.913,686.039
685.913,686.039
685.921,686.058
685.912,686.036
685.910,686.030
685.908,686.025
685.908,686.026
685.906,686.021
685.904,686.017
685.905,686.018
685.906,686.020
685.904,686.016
685.902,686.012
685.895,685.994
685.897,685.998
685.896,685.996
685.897,686.000
685.898,686.003
685.897,686.000
685.896,685.998
685.898,686.001
685.899,686.004
685.906,686.021
685.912,686.036
685.912,686.036
685.910,686.030
685.915,686.044
685.915,686.043
685.915,686.043
685.920,686.055
685.917,686.048
685.916,686.047
685.916,686.045
685.913,686.039
685.913,686.038
685.913,686.038
685.910,686.032
685.908,686.026
685.917,686.047
685.924,686.065
685.920,686.056
685.917,686.049
685.917,686.047
685.916,686.046
685.913,686.039
685.911,686.033
685.911,686.033
685.911,686.033
685.909,686.028
685.906,686.022
685.907,686.024
685.907,686.025
685.905,686.020
685.904,686.015
685.904,686.017
685.905,686.019
685.911,686.034
685.917,686.048
685.916,686.047
685.916,686.046
685.921,686.058
685.918,686.050
685.917,686.049
685.914,686.042
685.912,686.035
685.920,686.055
685.919,686.053
685.916,686.045
685.913,686.039
685.913,686.038
685.921,686.057
685.926,686.069
685.922,686.060
685.921,686.058
685.926,686.069
685.922,686.060
685.927,686.071
685.925,686.068
685.924,686.065
685.920,686.056
685.917,686.048
685.925,686.066
685.923,686.063
685.928,686.074
685.924,686.065
685.923,686.062
685.922,686.060
685.918,686.051
685.915,686.044
685.915,686.043
685.920,686.056
685.917,686.048
685.917,686.047
685.916,686.046
685.913,686.039
685.911,686.033
685.911,686.033
685.919,686.053
685.916,686.045
685.913,686.038
685.913,686.038
685.913,686.038
685.910,686.032
685.910,686.032
685.911,686.032
685.911,686.033
685.908,686.027
685.906,686.022
685.907,686.023
685.915,686.044
685.913,686.037
685.912,686.037
685.912,686.037
685.912,686.037
685.910,686.031
685.926,686.069
685.922,686.060
685.921,686.058
685.920,686.055
685.917,686.048
685.914,686.041
685.914,686.040
685.922,686.059
685.918,686.051
685.915,686.044
685.915,686.043
685.915,686.042
685.912,686.036
685.917,686.049
685.917,686.048
685.916,686.047
685.922,686.059
685.918,686.051
685.918,686.049
685.917,686.048
685.914,686.041
685.911,686.035
685.911,686.035
685.911,686.035
685.909,686.029
685.917,686.047
685.914,686.040
685.914,686.040
685.913,686.039
685.911,686.033
685.908,686.027
685.909,686.028
685.909,686.029
685.907,686.023
685.913,686.038
685.913,686.038
685.918,686.051
685.923,686.063
685.930,686.080
685.928,686.076
685.924,686.066
685.929,686.077
685.927,686.073
685.926,686.069
685.930,686.080
685.926,686.070
685.930,686.080
685.936,686.095
685.940,686.103
685.935,686.091
685.930,686.079
685.934,686.089
685.932,686.084
685.930,686.079
685.926,686.069
685.922,686.060
685.921,686.058
685.920,686.056
685.925,686.067
685.921,686.058
685.928,686.076
685.927,686.072
685.923,686.062
685.919,686.054
685.919,686.052
685.918,686.051
685.923,686.063
685.928,686.074
685.934,686.090
685.932,686.084
685.928,686.074
685.924,686.064
685.923,686.062
685.922,686.059
685.918,686.051
685.915,686.044
685.915,686.043
685.915,686.042
685.912,686.036
685.909,686.030
685.910,686.030
685.910,686.031
685.908,686.025
685.906,686.020
685.906,686.022
685.907,686.023
685.905,686.018
685.911,686.034
685.911,686.034
685.911,686.034
685.909,686.028
685.917,686.048
685.925,686.067
685.921,686.058
685.926,686.069
685.932,686.085
685.930,686.081
685.934,686.090
685.930,686.079
685.928,686.075
685.927,686.071
685.923,686.062
685.919,686.054
685.919,686.052
685.926,686.070
685.925,686.066
685.929,686.077
685.933,686.087
685.931,686.082
685.929,686.077
685.925,686.068
685.921,686.059
685.920,686.056
685.928,686.074
685.924,686.064
685.923,686.062
685.922,686.059
685.926,686.070
685.922,686.061
685.921,686.059
685.920,686.056
685.917,686.049
685.922,686.061
685.921,686.059
685.920,686.056
685.917,686.048
685.922,686.061
685.919,686.052
685.918,686.051
685.926,686.069
685.922,686.060
685.918,686.052
685.918,686.050
685.917,686.049
685.914,686.041
685.912,686.035
685.912,686.035
685.912,686.035
685.909,686.029
685.915,686.044
685.915,686.043
685.915,686.042
685.912,686.036
685.909,686.030
685.910,686.030
685.918,686.050
685.923,686.062
685.919,686.054
685.919,686.052
685.918,686.051
685.923,686.063
685.920,686.054
685.919,686.052
685.918,686.051
685.915,686.044
685.912,686.037
685.912,686.037
685.912,686.037
685.920,686.056
685.925,686.067
685.921,686.059
685.920,686.056
685.920,686.054
685.924,686.066
685.921,686.057
685.920,686.055
685.919,686.053
685.924,686.065
685.920,686.056
685.920,686.054
685.927,686.072
685.923,686.063
685.928,686.074
685.926,686.070
685.925,686.067
685.921,686.058
685.918,686.050
685.917,686.048
685.925,686.067
685.931,686.083
685.935,686.092
685.939,686.100
685.936,686.094
685.942,686.108
685.936,686.095
685.940,686.103
685.943,686.110
685.940,686.103
685.937,686.097
685.932,686.085
685.936,686.094
685.942,686.108
685.939,686.101
685.934,686.089
685.929,686.078
685.928,686.074
685.926,686.070
685.925,686.067
685.921,686.058
685.926,686.069
685.924,686.066
685.931,686.083
685.935,686.092
685.930,686.080
685.929,686.076
685.927,686.072
685.931,686.082
685.935,686.092
685.930,686.080
685.929,686.076
685.927,686.072
685.931,686.082
685.927,686.072
685.925,686.069
685.924,686.065
685.921,686.057
685.920,686.055
685.919,686.053
685.918,686.051
685.923,686.063
685.928,686.074
685.926,686.071
685.933,686.087
685.929,686.076
685.924,686.066
685.923,686.063
685.922,686.061
685.927,686.072
685.923,686.062
685.922,686.060
685.921,686.058
685.920,686.055
685.925,686.067
685.929,686.078
685.936,686.093
685.941,686.107
685.938,686.100
685.942,686.108
685.947,686.120
685.943,686.112
685.938,686.099
685.941,686.107
685.944,686.113
685.941,686.106
685.946,686.119
685.948,686.124
685.951,686.130
685.955,686.140
685.959,686.150
685.952,686.133
685.954,686.137
685.947,686.122
685.944,686.113
685.949,686.125
685.951,686.130
685.953,686.135
685.954,686.139
685.950,686.129
685.955,686.140
685.956,686.144
685.950,686.127
685.946,686.119
685.943,686.111
685.945,686.117
685.948,686.123
685.942,686.109
685.939,686.102
685.936,686.095
685.932,686.084
685.935,686.093
685.933,686.087
685.931,686.082
685.927,686.072
685.925,686.069
685.924,686.065
685.923,686.063
685.927,686.074
685.932,686.084
685.930,686.079
685.928,686.075
685.932,686.085
685.928,686.074
685.926,686.070
685.925,686.067
685.921,686.058
685.918,686.050
685.917,686.049
685.917,686.047
685.916,686.046
685.921,686.059
685.926,686.070
685.925,686.067
685.924,686.064
685.928,686.075
685.932,686.085
685.928,686.074
685.926,686.070
685.925,686.067
685.929,686.078
685.927,686.074
685.934,686.089
685.932,686.084
685.936,686.093
685.939,686.101
685.944,686.115
685.941,686.107
685.936,686.094
685.931,686.083
685.929,686.078
685.928,686.074
685.926,686.070
685.930,686.081
685.926,686.071
685.925,686.067
685.924,686.064
685.920,686.056
685.925,686.067
685.921,686.058
685.920,686.056
685.920,686.054
685.916,686.047
685.922,686.059
685.929,686.076
685.935,686.092
685.938,686.100
685.941,686.107
685.936,686.095
685.942,686.108
685.939,686.101
685.934,686.089
685.929,686.078
685.928,686.074
685.926,686.070
685.922,686.061
685.919,686.053
685.918,686.051
685.918,686.050
685.917,686.048
685.922,686.061
685.927,686.072
685.925,686.069
685.932,686.085
685.938,686.100
685.933,686.088
685.931,686.083
685.937,686.098
685.935,686.092
685.930,686.080
685.934,686.090
685.932,686.085
685.930,686.080
685.926,686.070
685.922,686.061
685.921,686.058
685.920,686.056
685.925,686.068
685.929,686.078
685.933,686.088
685.931,686.083
685.929,686.078
685.933,686.088
685.937,686.096
685.934,686.090
685.932,686.085
685.936,686.094
685.934,686.089
685.932,686.084
685.930,686.079
685.934,686.088
685.929,686.078
685.927,686.074
685.934,686.089
685.930,686.078
685.925,686.069
685.922,686.059
685.929,686.077
685.935,686.092
685.939,686.100
685.934,686.088
685.937,686.097
685.935,686.091
685.932,686.086
685.936,686.094
685.939,686.103
685.937,686.096
685.934,686.090
685.930,686.079
685.926,686.069
685.924,686.066
685.923,686.063
685.920,686.054
685.924,686.066
685.923,686.063
685.922,686.060
685.919,686.052
685.916,686.045
685.923,686.063
685.922,686.061
685.921,686.058
685.926,686.070
685.922,686.061
685.929,686.078
685.936,686.093
685.939,686.101
685.942,686.109
685.947,686.121
685.944,686.113
685.949,686.125
685.951,686.130
685.953,686.135
685.949,686.125
685.953,686.136
685.949,686.127
685.943,686.112
685.938,686.099
685.943,686.112
685.940,686.105
685.938,686.098
685.933,686.086
685.936,686.095
685.934,686.090
685.932,686.084
685.930,686.080
685.934,686.089
685.929,686.078
685.925,686.068
685.924,686.065
685.923,686.062
685.927,686.073
685.923,686.064
685.928,686.075
685.926,686.071
685.925,686.067
685.921,686.059
685.926,686.070
685.925,686.067
685.931,686.083
685.935,686.092
685.931,686.081
685.929,686.077
685.927,686.073
685.931,686.083
685.927,686.072
685.926,686.069
685.924,686.066
685.929,686.076
685.925,686.067
685.923,686.064
685.922,686.061
685.919,686.053
685.916,686.045
685.915,686.044
685.923,686.063
685.928,686.074
685.924,686.064
685.920,686.056
685.919,686.054
685.919,686.052
685.916,686.045
685.921,686.057
685.920,686.055
685.919,686.053
685.924,686.065
685.928,686.076
685.935,686.092
685.933,686.086
685.928,686.075
685.932,686.085
685.930,686.081
685.929,686.076
685.933,686.086
685.928,686.075
685.927,686.071
685.933,686.087
685.931,686.082
685.935,686.092
685.930,686.080
685.937,686.096
685.934,686.090
685.938,686.098
685.933,686.086
685.931,686.081
685.929,686.077
685.933,686.087
685.936,686.095
685.934,686.090
685.932,686.084
685.936,686.093
685.931,686.082
685.935,686.091
685.932,686.086
685.931,686.081
685.937,686.096
685.940,686.104
685.943,686.111
685.940,686.104
685.937,686.097
685.943,686.111
685.945,686.117
685.948,686.123
685.950,686.128
685.954,686.139
685.958,686.149
685.960,686.152
685.961,686.154
685.956,686.143
685.960,686.152
685.961,686.155
685.954,686.137
685.955,686.141
685.951,686.131
685.947,686.122
685.942,686.108
685.944,686.115
685.949,686.126
685.946,686.118
685.940,686.104
685.935,686.092
685.933,686.086
685.931,686.081
685.927,686.071
685.923,686.062
685.922,686.059
685.921,686.057
685.925,686.069
685.930,686.079
685.934,686.089
685.932,686.084
685.935,686.093
685.931,686.081
685.929,686.077
685.935,686.093
685.939,686.101
685.942,686.108
685.939,686.101
685.936,686.095
685.940,686.103
685.934,686.090
685.932,686.085
685.930,686.081
685.934,686.090
685.938,686.098
685.941,686.106
685.946,686.119
685.943,686.111
685.945,686.117
685.948,686.123
685.944,686.115
685.941,686.107
685.936,686.094
685.939,686.103
685.937,686.096
685.934,686.090
685.938,686.099
685.941,686.106
685.938,686.100
685.944,686.113
685.941,686.105
685.935,686.093
685.931,686.082
685.937,686.097
685.935,686.091
685.938,686.099
685.941,686.107
685.936,686.094
685.934,686.089
685.932,686.084
685.935,686.093
685.931,686.081
685.937,686.096
685.935,686.091
685.932,686.085
685.936,686.094
685.931,686.083
685.929,686.078
685.936,686.094
685.931,686.082
685.927,686.072
685.925,686.069
685.924,686.065
685.929,686.076
685.933,686.086
685.931,686.081
685.929,686.077
685.927,686.073
685.931,686.083
685.927,686.073
685.926,686.069
685.924,686.066
685.921,686.057
685.925,686.069
685.924,686.065
685.923,686.063
685.927,686.074
685.924,686.064
685.930,686.081
685.929,686.077
685.925,686.067
685.929,686.077
685.925,686.068
685.916,686.045
685.921,686.058
685.926,686.069
685.924,686.066
685.923,686.063
685.920,686.054
685.916,686.047
685.916,686.046
685.916,686.045
685.921,686.057
685.926,686.069
685.924,686.066
685.923,686.063
685.928,686.074
685.924,686.064
685.922,686.061
685.921,686.059
685.918,686.051
685.923,686.063
685.922,686.060
685.921,686.058
685.918,686.050
685.915,686.043
685.914,686.042
685.914,686.041
685.924,686.065
685.923,686.062
685.930,686.079
685.934,686.089
685.937,686.097
685.935,686.091
685.933,686.086
685.931,686.081
685.934,686.090
685.930,686.079
685.928,686.075
685.935,686.091
685.932,686.085
685.936,686.094
685.939,686.102
685.945,686.115
685.942,686.108
685.944,686.115
685.939,686.101
685.936,686.095
685.934,686.089
685.929,686.078
685.925,686.068
685.924,686.065
685.923,686.062
685.929,686.078
685.928,686.074
685.924,686.065
685.928,686.075
685.927,686.072
685.933,686.088
685.937,686.096
685.940,686.104
685.937,686.098
685.943,686.111
685.946,686.118
685.948,686.123
685.945,686.115
685.941,686.107
685.947,686.120
685.941,686.106
685.936,686.093
685.933,686.088
685.931,686.083
685.935,686.092
685.930,686.081
685.929,686.076
685.927,686.073
685.923,686.063
685.928,686.074
685.926,686.070
685.925,686.067
685.924,686.064
685.920,686.055
685.917,686.048
685.916,686.047
685.916,686.045
685.921,686.058
685.918,686.050
685.917,686.049
685.917,686.047
685.914,686.040
685.911,686.034
685.911,686.034
685.911,686.034
685.909,686.028
685.915,686.043
685.914,686.042
685.914,686.041
685.912,686.035
685.917,686.049
685.917,686.047
685.916,686.046
685.921,686.059
685.926,686.070
685.925,686.067
685.924,686.064
685.920,686.055
685.917,686.048
685.916,686.046
685.924,686.065
685.920,686.056
685.925,686.068
685.924,686.065
685.923,686.062
685.927,686.073
685.923,686.063
685.930,686.080
685.928,686.076
685.924,686.066
685.921,686.058
685.928,686.075
685.935,686.091
685.930,686.079
685.926,686.069
685.924,686.066
685.923,686.063
685.920,686.055
685.917,686.047
685.916,686.046
685.924,686.064
685.920,686.056
685.917,686.048
685.916,686.047
685.916,686.046
685.913,686.039
685.911,686.033
685.911,686.033
685.911,686.033
685.909,686.028
685.906,686.022
685.907,686.024
685.907,686.025
685.905,686.020
685.906,686.021
685.907,686.023
685.905,686.018
685.911,686.033
685.911,686.033
685.911,686.034
685.909,686.028
685.907,686.023
685.907,686.024
685.908,686.025
685.906,686.020
685.904,686.016
685.904,686.018
685.903,686.013
685.909,686.029
685.909,686.030
685.910,686.030
685.908,686.025
685.906,686.020
685.904,686.016
685.904,686.018
685.905,686.019
685.903,686.015
685.910,686.030
685.910,686.031
685.910,686.031
685.916,686.045
685.913,686.039
685.913,686.038
685.913,686.038
685.910,686.032
685.916,686.046
685.916,686.045
685.915,686.044
685.913,686.037
685.918,686.051
685.917,686.049
685.917,686.048
685.922,686.060
685.919,686.052
685.926,686.070
685.925,686.067
685.921,686.058
685.918,686.050
685.925,686.068
685.924,686.065
685.920,686.056
685.925,686.068
685.932,686.084
685.938,686.099
685.933,686.087
685.931,686.082
685.929,686.078
685.928,686.074
685.924,686.064
685.920,686.056
685.919,686.054
685.919,686.052
685.916,686.044
685.913,686.038
685.913,686.037
685.913,686.037
685.910,686.031
685.908,686.026
685.908,686.027
685.909,686.028
685.906,686.022
685.913,686.037
685.904,686.018
685.911,686.033
685.908,686.027
685.909,686.028
685.909,686.029
685.909,686.029
685.907,686.024
685.913,686.039
685.913,686.038
685.913,686.038
685.910,686.032
685.908,686.026
685.909,686.027
685.906,686.022
685.905,686.018
685.905,686.019
685.906,686.021
685.912,686.036
685.910,686.030
685.910,686.030
685.910,686.031
685.916,686.045
685.915,686.044
685.915,686.043
685.920,686.056
685.917,686.048
685.909,686.027
685.909,686.028
685.915,686.042
685.914,686.042
685.914,686.041
685.911,686.035
685.917,686.048
685.917,686.047
685.916,686.046
685.913,686.039
685.911,686.033
685.911,686.033
685.911,686.033
685.909,686.028
685.909,686.028
685.909,686.029
685.909,686.030
685.915,686.044
685.912,686.037
685.912,686.037
685.920,686.056
685.917,686.048
685.922,686.061
685.921,686.058
685.920,686.056
685.917,686.048
685.922,686.060
685.921,686.058
685.920,686.056
685.917,686.048
685.914,686.041
685.914,686.040
685.914,686.040
685.919,686.053
685.924,686.065
685.923,686.062
685.922,686.060
685.918,686.051
685.915,686.044
685.915,686.043
685.915,686.042
685.912,686.036
685.918,686.049
685.917,686.048
685.917,686.047
685.914,686.040
685.911,686.034
685.911,686.034
685.911,686.034
685.909,686.028
685.907,686.023
685.907,686.024
685.908,686.025
685.906,686.020
685.912,686.035
685.912,686.035
685.917,686.049
685.914,686.042
685.914,686.041
685.914,686.041
685.911,686.034
685.917,686.048
685.924,686.066
685.923,686.063
685.920,686.055
685.919,686.053
685.918,686.051
685.918,686.050
685.915,686.043
685.914,686.042
685.914,686.041
685.912,686.035
685.909,686.029
685.909,686.030
685.910,686.030
685.910,686.031
685.908,686.025
685.900,686.007
685.901,686.009
685.900,686.006
685.898,686.003
685.900,686.006
685.898,686.003
685.897,686.000
685.891,685.984
685.893,685.989
685.900,686.007
685.899,686.004
685.900,686.007
685.901,686.009
685.900,686.006
685.901,686.009
685.902,686.011
685.908,686.027
685.914,686.041
685.914,686.041
685.914,686.040
685.914,686.040
685.919,686.053
685.918,686.051
685.918,686.050
685.915,686.043
685.920,686.056
685.919,686.054
685.919,686.052
685.916,686.044
685.915,686.044
685.915,686.043
685.912,686.036
685.910,686.030
685.910,686.031
685.910,686.031
685.916,686.045
685.913,686.038
685.913,686.038
685.910,686.032
685.916,686.046
685.913,686.039
685.913,686.039
685.911,686.033
685.908,686.027
685.909,686.028
685.909,686.028
685.915,686.043
685.920,686.056
685.927,686.073
685.926,686.070
685.922,686.060
685.919,686.052
685.918,686.051
685.925,686.069
685.922,686.059
685.918,686.051
685.918,686.050
685.917,686.048
685.914,686.041
685.906,686.021
685.907,686.023
685.905,686.018
685.911,686.033
685.911,686.033
685.911,686.034
685.909,686.028
685.907,686.023
685.907,686.024
685.908,686.025
685.906,686.020
685.906,686.022
685.907,686.023
685.905,686.018
685.903,686.014
685.904,686.016
685.905,686.018
685.895,685.994
685.896,685.998
685.890,685.982
685.881,685.962
685.884,685.969
685.879,685.955
685.880,685.957
685.883,685.965
685.875,685.946
685.879,685.954
685.874,685.943
685.875,685.946
685.876,685.948
685.879,685.957
685.882,685.964
685.883,685.965
685.886,685.972
685.888,685.978
685.888,685.977
685.888,685.977
685.890,685.983
685.890,685.982
685.889,685.981
685.892,685.986
685.893,685.991
685.901,686.008
685.902,686.011
685.895,685.994
685.894,685.992
685.893,685.990
685.895,685.994
685.897,685.998
685.896,685.996
685.903,686.013
685.904,686.015
685.904,686.017
685.903,686.013
685.896,685.996
685.895,685.994
685.910,686.030
685.915,686.044
685.915,686.043
685.912,686.037
685.910,686.031
685.910,686.031
685.910,686.032
685.908,686.026
685.906,686.021
685.906,686.022
685.907,686.024
685.905,686.019
685.906,686.020
685.906,686.022
685.912,686.037
685.918,686.050
685.909,686.029
685.907,686.024
685.905,686.019
685.906,686.021
685.906,686.022
685.904,686.017
685.903,686.013
685.904,686.015
685.912,686.037
685.908,686.026
685.906,686.021
685.906,686.022
685.904,686.018
685.903,686.013
685.904,686.015
685.896,685.998
685.903,686.015
685.902,686.011
685.903,686.013
685.901,686.010
685.900,686.006
685.901,686.009
685.902,686.012
685.909,686.028
685.906,686.022
685.907,686.024
685.905,686.019
685.903,686.015
685.904,686.017
685.902,686.013
685.893,685.989
685.887,685.974
685.881,685.961
685.882,685.962
685.882,685.963
685.882,685.964
685.883,685.965
685.886,685.972
685.886,685.972
685.886,685.972
685.888,685.978
685.888,685.977
685.888,685.977
685.890,685.983
685.890,685.982
685.889,685.981
685.892,685.986
685.885,685.971
685.894,685.991
685.893,685.989
685.895,685.994
685.902,686.011
685.900,686.008
685.902,686.010
685.892,685.987
685.892,685.986
685.893,685.991
685.895,685.995
685.894,685.993
685.888,685.977
685.890,685.983
685.890,685.982
685.890,685.981
685.892,685.987
685.891,685.985
685.899,686.004
685.900,686.007
685.901,686.009
685.908,686.025
685.906,686.021
685.906,686.022
685.907,686.023
685.905,686.018
685.906,686.020
685.906,686.022
685.896,685.998
685.895,685.995
685.889,685.980
685.883,685.965
685.883,685.966
685.886,685.973
685.888,685.978
685.891,685.984
685.898,686.002
685.900,686.006
685.901,686.008
685.899,686.005
685.906,686.022
685.907,686.023
685.907,686.024
685.913,686.039
685.911,686.033
685.903,686.013
685.901,686.010
685.902,686.012
685.903,686.014
685.901,686.010
685.900,686.007
685.901,686.010
685.894,685.992
685.893,685.991
685.895,685.995
685.889,685.979
685.888,685.979
685.891,685.984
685.893,685.989
685.892,685.987
685.894,685.992
685.888,685.977
685.888,685.976
685.890,685.982
685.892,685.987
685.899,686.005
685.898,686.002
685.899,686.005
685.901,686.008
685.899,686.005
685.900,686.008
685.902,686.010
685.900,686.007
685.899,686.004
685.900,686.007
685.899,686.004
685.898,686.001
685.899,686.004
685.892,685.988
685.892,685.986
685.891,685.985
685.893,685.990
685.892,685.988
685.892,685.987
685.894,685.992
685.893,685.990
685.887,685.975
685.889,685.980
685.897,685.999
685.898,686.003
685.892,685.986
685.891,685.985
685.899,686.003
685.892,685.987
685.891,685.986
685.891,685.985
685.893,685.989
685.887,685.974
685.887,685.974
685.881,685.961
685.882,685.962
685.882,685.963
685.877,685.950
685.878,685.952
685.879,685.955
685.874,685.943
685.875,685.946
685.868,685.929
685.864,685.920
685.866,685.925
685.868,685.929
685.864,685.920
685.866,685.925
685.863,685.916
685.867,685.927
685.869,685.932
685.865,685.922
685.867,685.927
685.869,685.931
685.873,685.941
685.866,685.925
685.863,685.916
685.867,685.927
685.869,685.932
685.865,685.922
685.862,685.913
685.864,685.919
685.860,685.910
685.865,685.922
685.867,685.927
685.872,685.937
685.867,685.927
685.869,685.932
685.865,685.922
685.867,685.927
685.869,685.931
685.865,685.922
685.870,685.933
685.863,685.917
685.868,685.928
685.864,685.919
685.866,685.924
685.862,685.915
685.865,685.921
685.867,685.926
685.863,685.917
685.860,685.908
685.862,685.915
685.872,685.940
685.868,685.929
685.870,685.933
685.872,685.937
685.875,685.947
685.871,685.936
685.872,685.939
685.874,685.942
685.869,685.932
685.871,685.936
685.867,685.926
685.871,685.936
685.872,685.940
685.876,685.949
685.872,685.937
685.873,685.941
685.869,685.930
685.870,685.934
685.880,685.958
685.875,685.945
685.884,685.968
685.884,685.968
685.879,685.955
685.879,685.957
685.872,685.939
685.876,685.948
685.877,685.950
685.870,685.933
685.866,685.923
685.860,685.909
685.865,685.921
685.869,685.932
685.871,685.936
685.872,685.939
685.876,685.948
685.877,685.951
685.878,685.953
685.881,685.961
685.874,685.943
685.875,685.946
685.878,685.954
685.879,685.956
685.880,685.958
685.883,685.965
685.883,685.966
685.884,685.967
685.886,685.973
685.886,685.973
685.886,685.973
685.889,685.979
685.891,685.984
685.890,685.983
685.892,685.988
685.886,685.973
685.886,685.973
685.878,685.954
685.881,685.962
685.882,685.963
685.882,685.964
685.877,685.951
685.878,685.953
685.879,685.955
685.882,685.963
685.882,685.964
685.883,685.965
685.878,685.952
685.881,685.960
685.873,685.942
685.877,685.951
685.878,685.953
685.879,685.955
685.874,685.943
685.869,685.932
685.871,685.936
685.867,685.926
685.861,685.911
685.863,685.917
685.860,685.909
685.862,685.915
685.867,685.926
685.871,685.937
685.873,685.940
685.868,685.930
685.862,685.914
685.856,685.901
685.854,685.894
685.857,685.902
685.852,685.889
685.849,685.883
685.853,685.892
685.848,685.880
685.846,685.875
685.850,685.885
685.848,685.880
685.851,685.888
685.847,685.877
685.845,685.873
685.841,685.863
685.848,685.879
685.843,685.869
685.839,685.859
685.838,685.856
685.843,685.867
685.841,685.864
685.838,685.855
685.842,685.866
685.841,685.863
685.845,685.873
685.849,685.883
685.847,685.878
685.851,685.887
685.849,685.881
685.852,685.890
685.847,685.879
685.845,685.874
685.841,685.864
685.840,685.861
685.836,685.852
685.841,685.864
685.840,685.860
685.844,685.871
685.843,685.867
685.841,685.864
685.846,685.874
685.844,685.870
685.840,685.860
685.839,685.857
685.838,685.855
685.842,685.866
685.849,685.882
685.852,685.891
685.850,685.885
685.848,685.880
685.852,685.889
685.857,685.903
685.860,685.909
685.863,685.916
685.859,685.907
685.856,685.900
685.859,685.907
685.856,685.900
685.859,685.907
685.862,685.913
685.866,685.925
685.860,685.910
685.857,685.902
685.862,685.915
685.865,685.920
685.869,685.931
685.871,685.935
685.867,685.925
685.860,685.910
685.863,685.917
685.860,685.908
685.862,685.914
685.859,685.906
685.853,685.893
685.851,685.887
685.846,685.876
685.842,685.866
685.849,685.882
685.852,685.891
685.858,685.905
685.855,685.897
685.858,685.905
685.855,685.898
685.850,685.885
685.848,685.880
685.854,685.895
685.857,685.902
685.854,685.895
685.860,685.909
685.862,685.915
685.867,685.927
685.861,685.912
685.858,685.904
685.863,685.916
685.857,685.902
685.862,685.915
685.859,685.907
685.862,685.913
685.866,685.925
685.868,685.929
685.862,685.914
685.859,685.906
685.861,685.912
685.858,685.905
685.855,685.897
685.858,685.905
685.855,685.898
685.858,685.905
685.861,685.911
685.858,685.904
685.852,685.891
685.858,685.905
685.861,685.911
685.863,685.917
685.860,685.909
685.854,685.895
685.852,685.889
685.847,685.878
685.845,685.873
685.841,685.863
685.837,685.854
685.836,685.852
685.833,685.844
685.833,685.843
685.830,685.836
685.827,685.829
685.827,685.829
685.825,685.823
685.825,685.824
685.823,685.819
685.823,685.820
685.821,685.815
685.814,685.797
685.813,685.794
685.812,685.792
685.813,685.795
685.812,685.793
685.814,685.796
685.812,685.794
685.806,685.778
685.806,685.777
685.808,685.782
685.815,685.800
685.814,685.797
685.815,685.800
685.814,685.797
685.815,685.800
685.822,685.817
685.823,685.818
685.821,685.813
685.827,685.829
685.827,685.829
685.825,685.823
685.825,685.824
685.823,685.819
685.823,685.820
685.835,685.849
685.834,685.847
685.831,685.840
685.831,685.839
685.828,685.832
685.826,685.826
685.826,685.826
685.832,685.840
685.831,685.839
685.836,685.852
685.836,685.850
685.832,685.842
685.830,685.835
685.829,685.835
685.835,685.848
685.834,685.846
685.839,685.858
685.838,685.856
685.835,685.847
685.834,685.846
685.831,685.838
685.836,685.851
685.843,685.869
685.847,685.879
685.846,685.874
685.811,685.791
685.810,685.789
685.812,685.793
685.811,685.790
685.813,685.794
685.820,685.811
685.820,685.813
685.819,685.809
685.817,685.805
685.818,685.807
685.817,685.804
685.818,685.806
685.816,685.803
685.817,685.805
685.816,685.802
685.817,685.804
685.815,685.801
685.817,685.804
685.823,685.820
685.824,685.821
685.822,685.816
685.822,685.817
685.823,685.818
685.821,685.814
685.821,685.815
685.808,685.783
685.808,685.782
685.802,685.767
685.802,685.767
685.804,685.773
685.806,685.779
685.806,685.778
685.808,685.783
685.807,685.781
685.801,685.766
685.801,685.767
685.804,685.773
685.804,685.772
685.806,685.778
685.814,685.796
685.812,685.794
685.814,685.797
685.813,685.794
685.814,685.798
685.813,685.795
685.806,685.779
685.806,685.778
685.808,685.783
685.807,685.782
685.809,685.786
685.809,685.785
685.810,685.789
685.810,685.787
685.811,685.791
685.810,685.789
685.818,685.806
685.819,685.809
685.817,685.805
685.818,685.807
685.817,685.804
685.818,685.806
685.816,685.802
685.817,685.805
685.816,685.802
685.817,685.804
685.823,685.820
685.816,685.802
685.815,685.799
685.816,685.802
685.815,685.799
685.808,685.782
685.815,685.800
685.816,685.803
685.815,685.800
685.822,685.816
685.822,685.818
685.820,685.813
685.821,685.815
685.819,685.810
685.820,685.812
685.818,685.808
685.811,685.791
685.810,685.789
685.812,685.792
685.811,685.790
685.813,685.794
685.812,685.791
685.813,685.795
685.812,685.793
685.811,685.790
685.810,685.788
685.810,685.786
685.801,685.765
685.803,685.771
685.803,685.771
685.806,685.777
685.805,685.776
685.807,685.781
685.809,685.786
685.801,685.765
685.803,685.771
685.803,685.771
685.805,685.776
685.805,685.776
685.799,685.761
685.799,685.762
685.802,685.768
685.802,685.768
685.804,685.774
685.804,685.774
685.798,685.759
685.799,685.760
685.802,685.767
685.802,685.767
685.802,685.767
685.796,685.754
685.797,685.755
685.792,685.743
685.793,685.745
685.788,685.734
685.789,685.737
685.793,685.746
685.794,685.748
685.797,685.756
685.797,685.757
685.792,685.744
685.793,685.747
685.796,685.755
685.797,685.756
685.800,685.763
685.800,685.764
685.803,685.770
685.803,685.770
685.805,685.775
685.805,685.775
685.799,685.761
685.807,685.781
685.809,685.786
685.808,685.784
685.810,685.788
685.810,685.786
685.809,685.785
685.808,685.783
685.810,685.788
685.809,685.786
685.809,685.784
685.810,685.789
685.810,685.787
685.811,685.791
685.818,685.808
685.819,685.810
685.818,685.806
685.819,685.809
685.817,685.805
685.818,685.807
685.817,685.804
685.818,685.806
685.816,685.802
685.817,685.805
685.816,685.802
685.809,685.785
685.808,685.783
685.810,685.788
685.812,685.792
685.811,685.790
685.812,685.794
685.811,685.791
685.805,685.775
685.805,685.775
685.799,685.760
685.799,685.761
685.802,685.768
685.802,685.768
685.796,685.754
685.797,685.756
685.800,685.763
685.800,685.763
685.803,685.770
685.805,685.775
685.813,685.794
685.814,685.798
685.813,685.795
685.806,685.779
685.808,685.784
685.808,685.782
685.807,685.781
685.807,685.780
685.801,685.765
685.801,685.765
685.795,685.752
685.804,685.773
685.806,685.778
685.806,685.777
685.808,685.782
685.807,685.781
685.809,685.786
685.809,685.784
685.802,685.769
685.794,685.749
685.797,685.757
685.790,685.739
685.785,685.728
685.787,685.732
685.791,685.741
685.792,685.744
685.795,685.752
685.796,685.754
685.799,685.761
685.807,685.781
685.809,685.786
685.809,685.784
685.810,685.788
685.810,685.786
685.811,685.791
685.810,685.789
685.802,685.767
685.802,685.767
685.802,685.767
685.802,685.768
685.796,685.754
685.797,685.755
685.792,685.743
685.785,685.726
685.789,685.736
685.790,685.739
685.786,685.728
685.787,685.732
685.783,685.722
685.785,685.726
685.781,685.716
685.783,685.721
685.779,685.712
685.781,685.718
685.786,685.728
685.779,685.713
685.776,685.704
685.778,685.710
685.775,685.702
685.778,685.709
685.782,685.720
685.776,685.705
685.773,685.698
685.768,685.685
685.773,685.699
685.776,685.705
685.771,685.692
685.776,685.705
685.779,685.711
685.781,685.717
685.775,685.702
685.772,685.695
685.775,685.702
685.772,685.694
685.767,685.682
685.770,685.690
685.767,685.684
685.771,685.692
685.768,685.686
685.771,685.694
685.769,685.687
685.764,685.675
685.768,685.684
685.773,685.698
685.776,685.705
685.773,685.697
685.768,685.685
685.773,685.698
685.776,685.705
685.773,685.697
685.768,685.685
685.765,685.679
685.769,685.688
685.772,685.695
685.775,685.702
685.778,685.709
685.772,685.695
685.777,685.708
685.780,685.714
685.774,685.699
685.779,685.712
685.781,685.717
685.785,685.728
685.779,685.712
685.784,685.723
685.777,685.708
685.774,685.700
685.769,685.687
685.774,685.701
685.777,685.707
685.774,685.699
685.768,685.686
685.766,685.681
685.761,685.670
685.760,685.665
685.758,685.661
685.762,685.672
685.760,685.667
685.764,685.677
685.762,685.672
685.758,685.662
685.757,685.658
685.753,685.649
685.750,685.641
685.749,685.640
685.754,685.652
685.753,685.649
685.750,685.641
685.749,685.640
685.746,685.632
685.746,685.632
685.751,685.645
685.748,685.637
685.756,685.655
685.760,685.666
685.758,685.662
685.763,685.672
685.761,685.668
685.757,685.658
685.755,685.655
685.760,685.666
685.764,685.675
685.770,685.690
685.773,685.697
685.770,685.690
685.765,685.678
685.763,685.673
685.767,685.682
685.770,685.690
685.773,685.698
685.768,685.685
685.766,685.679
685.761,685.668
685.759,685.664
685.763,685.674
685.761,685.669
685.765,685.679
685.769,685.688
685.766,685.682
685.770,685.690
685.767,685.684
685.765,685.678
685.768,685.687
685.772,685.694
685.769,685.688
685.772,685.696
685.769,685.689
685.773,685.696
685.778,685.709
685.780,685.715
685.776,685.706
685.779,685.712
685.784,685.723
685.785,685.727
685.781,685.718
685.783,685.723
685.785,685.727
685.781,685.717
685.775,685.703
685.772,685.695
685.775,685.702
685.780,685.714
685.782,685.720
685.776,685.705
685.781,685.717
685.775,685.702
685.780,685.714
685.774,685.700
685.771,685.693
685.766,685.681
685.764,685.675
685.768,685.684
685.773,685.698
685.768,685.685
685.774,685.699
685.776,685.706
685.773,685.698
685.768,685.685
685.763,685.674
685.759,685.663
685.763,685.673
685.761,685.669
685.757,685.659
685.756,685.656
685.760,685.666
685.758,685.662
685.755,685.653
685.759,685.664
685.758,685.660
685.762,685.671
685.760,685.666
685.756,685.657
685.755,685.653
685.759,685.664
685.758,685.661
685.754,685.651
685.753,685.649
685.750,685.641
685.749,685.639
685.746,685.632
685.754,685.651
685.753,685.649
685.750,685.641
685.749,685.640
685.754,685.652
685.753,685.649
685.758,685.661
685.762,685.671
685.760,685.666
685.756,685.657
685.753,685.648
685.752,685.646
685.749,685.638
685.748,685.637
685.745,685.630
685.743,685.624
685.743,685.624
685.748,685.638
685.748,685.636
685.747,685.635
685.745,685.629
685.744,685.628
685.750,685.641
685.749,685.640
685.749,685.638
685.754,685.651
685.762,685.671
685.760,685.666
685.756,685.657
685.763,685.673
685.767,685.682
685.764,685.677
685.768,685.686
685.766,685.680
685.769,685.688
685.767,685.682
685.770,685.690
685.767,685.684
685.763,685.673
685.759,685.662
685.765,685.678
685.769,685.687
685.764,685.675
685.762,685.670
685.766,685.680
685.764,685.675
685.767,685.684
685.765,685.678
685.768,685.686
685.764,685.675
685.762,685.670
685.766,685.679
685.763,685.674
685.767,685.683
685.765,685.678
685.760,685.667
685.759,685.663
685.763,685.673
685.759,685.662
685.757,685.659
685.761,685.669
685.760,685.665
685.756,685.655
685.754,685.652
685.753,685.650
685.750,685.642
685.757,685.660
685.762,685.670
685.760,685.666
685.764,685.675
685.770,685.690
685.765,685.678
685.769,685.687
685.766,685.681
685.770,685.689
685.775,685.703
685.753,685.649
685.752,685.647
685.749,685.639
685.748,685.637
685.745,685.630
685.743,685.624
685.743,685.624
685.740,685.618
685.741,685.619
685.739,685.614
685.739,685.615
685.737,685.610
685.735,685.606
685.736,685.608
685.734,685.603
685.735,685.606
685.734,685.602
685.732,685.598
685.733,685.601
685.732,685.597
685.733,685.600
685.734,685.602
685.732,685.599
685.733,685.601
685.740,685.617
685.746,685.632
685.746,685.632
685.743,685.625
685.741,685.619
685.741,685.620
685.747,685.634
685.746,685.633
685.744,685.626
685.741,685.621
685.742,685.621
685.739,685.616
685.737,685.611
685.738,685.612
685.736,685.607
685.737,685.609
685.743,685.624
685.741,685.619
685.741,685.619
685.739,685.614
685.739,685.615
685.737,685.610
685.735,685.606
685.742,685.621
685.747,685.635
685.747,685.634
685.746,685.632
685.746,685.632
685.751,685.645
685.750,685.643
685.750,685.641
685.747,685.634
685.746,685.633
685.744,685.626
685.744,685.626
685.741,685.620
685.747,685.634
685.747,685.633
685.744,685.627
685.744,685.627
685.741,685.621
685.739,685.615
685.737,685.610
685.735,685.606
685.736,685.608
685.734,685.604
685.735,685.606
685.742,685.621
685.739,685.616
685.740,685.617
685.746,685.631
685.745,685.630
685.743,685.624
685.743,685.624
685.741,685.619
685.738,685.613
685.739,685.614
685.737,685.610
685.737,685.611
685.744,685.626
685.752,685.645
685.748,685.638
685.746,685.631
685.745,685.630
685.751,685.643
685.750,685.642
685.757,685.660
685.764,685.676
685.768,685.685
685.763,685.673
685.761,685.669
685.757,685.659
685.756,685.655
685.752,685.647
685.751,685.645
685.748,685.637
685.748,685.636
685.745,685.629
685.742,685.623
685.742,685.623
685.740,685.617
685.740,685.618
685.741,685.619
685.746,685.633
685.746,685.632
685.751,685.645
685.748,685.637
685.748,685.636
685.745,685.629
685.745,685.629
685.742,685.623
685.750,685.643
685.755,685.655
685.754,685.652
685.759,685.663
685.755,685.654
685.754,685.651
685.758,685.662
685.757,685.659
685.761,685.669
685.760,685.665
685.764,685.675
685.762,685.670
685.760,685.666
685.756,685.656
685.755,685.653
685.751,685.645
685.748,685.637
685.748,685.636
685.745,685.629
685.745,685.629
685.742,685.622
685.740,685.617
685.740,685.618
685.738,685.613
685.739,685.614
685.737,685.609
685.737,685.611
685.735,685.606
685.734,685.602
685.735,685.604
685.733,685.600
685.740,685.616
685.740,685.617
685.738,685.612
685.730,685.594
685.729,685.591
685.728,685.588
685.730,685.592
685.728,685.589
685.730,685.593
685.729,685.590
685.728,685.588
685.729,685.591
685.736,685.608
685.737,685.610
685.735,685.605
685.734,685.602
685.734,685.604
685.733,685.600
685.734,685.602
685.732,685.599
685.725,685.582
685.733,685.600
685.739,685.616
685.740,685.617
685.738,685.612
685.738,685.613
685.736,685.608
685.735,685.604
685.735,685.606
685.742,685.621
685.742,685.622
685.740,685.616
685.738,685.611
685.738,685.613
685.736,685.608
685.737,685.610
685.735,685.605
685.733,685.601
685.734,685.604
685.741,685.619
685.741,685.620
685.739,685.614
685.745,685.629
685.745,685.629
685.742,685.623
685.742,685.623
685.742,685.623
685.740,685.617
685.740,685.618
685.738,685.613
685.739,685.614
685.737,685.609
685.735,685.605
685.733,685.601
685.732,685.598
685.733,685.600
685.732,685.597
685.725,685.580
685.726,685.584
685.734,685.602
685.734,685.604
685.733,685.600
685.734,685.603
685.732,685.599
685.731,685.596
685.732,685.598
685.739,685.615
685.731,685.596
685.732,685.599
685.731,685.595
685.732,685.598
685.731,685.595
685.730,685.592
685.731,685.595
685.730,685.592
685.731,685.595
685.730,685.592
685.737,685.609
685.737,685.611
685.735,685.606
685.736,685.608
685.734,685.604
685.733,685.600
685.734,685.602
685.732,685.599
685.733,685.601
685.740,685.617
685.746,685.632
685.746,685.631
685.743,685.625
685.743,685.625
685.741,685.619
685.738,685.614
685.739,685.615
685.737,685.610
685.737,685.611
685.744,685.626
685.741,685.620
685.741,685.621
685.739,685.615
685.737,685.610
685.730,685.592
685.729,685.590
685.730,685.593
685.729,685.590
685.728,685.588
685.729,685.591
685.728,685.589
685.727,685.586
685.729,685.590
685.736,685.607
685.736,685.609
685.735,685.604
685.741,685.620
685.741,685.621
685.739,685.615
685.740,685.616
685.745,685.631
685.743,685.624
685.743,685.624
685.749,685.638
685.748,685.637
685.745,685.630
685.743,685.624
685.743,685.624
685.740,685.618
685.738,685.613
685.739,685.614
685.737,685.609
685.737,685.611
685.743,685.626
685.743,685.626
685.749,685.639
685.746,685.632
685.746,685.631
685.743,685.625
685.735,685.606
685.736,685.607
685.734,685.603
685.735,685.605
685.741,685.621
685.742,685.621
685.742,685.621
685.747,685.635
685.747,685.634
685.744,685.628
685.750,685.641
685.749,685.639
685.746,685.632
685.746,685.632
685.746,685.631
685.743,685.625
685.743,685.625
685.741,685.619
685.733,685.600
685.731,685.596
685.730,685.593
685.731,685.596
685.730,685.593
685.737,685.610
685.729,685.592
685.736,685.608
685.737,685.610
685.735,685.606
685.742,685.621
685.742,685.621
685.747,685.635
685.747,685.634
685.744,685.628
685.742,685.622
685.742,685.622
685.740,685.616
685.740,685.617
685.746,685.632
685.743,685.625
685.743,685.625
685.741,685.619
685.739,685.614
685.739,685.615
685.737,685.610
685.738,685.612
685.738,685.613
685.744,685.628
685.736,685.608
685.737,685.610
685.735,685.605
685.736,685.607
685.734,685.603
685.733,685.599
685.734,685.602
685.732,685.598
685.733,685.601
685.726,685.583
685.725,685.582
685.727,685.586
685.726,685.584
685.720,685.568
685.720,685.568
685.719,685.567
685.722,685.573
685.729,685.591
685.728,685.589
685.722,685.573
685.721,685.572
685.723,685.577
685.725,685.581
685.725,685.580
685.726,685.584
685.726,685.582
685.725,685.580
685.727,685.585
685.726,685.583
685.727,685.587
685.729,685.590
685.728,685.588
685.729,685.591
685.728,685.589
685.727,685.586
685.729,685.590
685.728,685.588
685.727,685.585
685.728,685.589
685.727,685.587
685.727,685.585
685.720,685.569
685.720,685.568
685.722,685.574
685.730,685.592
685.729,685.590
685.730,685.593
685.729,685.590
685.730,685.593
685.729,685.591
685.728,685.588
685.729,685.592
685.728,685.589
685.730,685.592
685.729,685.590
685.728,685.587
685.729,685.591
685.728,685.588
685.727,685.586
685.729,685.590
685.736,685.607
685.736,685.608
685.735,685.604
685.733,685.600
685.734,685.603
685.740,685.618
685.738,685.613
685.739,685.614
685.737,685.610
685.737,685.611
685.736,685.607
685.734,685.603
685.735,685.605
685.733,685.601
685.732,685.597
685.733,685.600
685.731,685.596
685.733,685.599
685.731,685.596
685.732,685.599
685.733,685.601
685.732,685.598
685.733,685.600
685.734,685.602
685.732,685.599
685.733,685.601
685.732,685.598
685.733,685.600
685.732,685.597
685.738,685.613
685.731,685.595
685.729,685.592
685.736,685.608
685.737,685.610
685.735,685.606
685.728,685.588
685.729,685.591
685.728,685.589
685.722,685.573
685.721,685.572
685.721,685.571
685.723,685.576
685.723,685.575
685.722,685.574
685.724,685.579
685.724,685.577
685.725,685.582
685.727,685.586
685.726,685.584
685.728,685.588
685.727,685.585
685.728,685.589
685.727,685.587
685.727,685.585
685.728,685.588
685.727,685.586
685.729,685.590
685.730,685.593
685.729,685.590
685.722,685.574
685.722,685.573
685.728,685.588
685.735,685.606
685.728,685.588
685.727,685.586
685.729,685.589
685.728,685.587
685.729,685.591
685.728,685.588
685.735,685.605
685.728,685.588
685.727,685.585
685.726,685.583
685.728,685.587
685.727,685.585
685.720,685.569
685.720,685.569
685.720,685.568
685.722,685.574
685.722,685.573
685.721,685.572
685.723,685.577
685.723,685.576
685.725,685.580
685.724,685.579
685.724,685.578
685.703,685.528
685.705,685.531
685.708,685.540
685.709,685.542
685.712,685.550
685.715,685.557
685.724,685.577
685.725,685.582
685.733,685.600
685.731,685.596
685.732,685.599
685.739,685.615
685.740,685.616
685.737,685.611
685.736,685.607
685.728,685.589
685.727,685.587
685.729,685.590
685.728,685.588
685.727,685.585
685.728,685.589
685.735,685.606
685.736,685.608
685.734,685.604
685.733,685.600
685.725,685.580
685.724,685.579
685.724,685.578
685.718,685.563
685.718,685.563
685.718,685.563
685.720,685.569
685.720,685.568
685.720,685.568
685.722,685.573
685.721,685.572
685.721,685.572
685.715,685.557
685.716,685.558
685.716,685.558
685.718,685.565
685.718,685.565
685.721,685.570
685.723,685.576
685.722,685.574
685.724,685.579
685.726,685.584
685.725,685.582
685.725,685.580
685.726,685.584
685.720,685.569
685.720,685.569
685.722,685.574
685.724,685.579
685.724,685.578
685.726,685.582
685.725,685.580
685.724,685.579
685.718,685.564
685.718,685.564
685.718,685.564
685.712,685.550
685.713,685.551
685.713,685.553
685.708,685.540
685.709,685.542
685.702,685.525
685.706,685.535
685.707,685.537
685.711,685.546
685.714,685.553
685.706,685.535
685.710,685.543
685.710,685.545
685.711,685.547
685.706,685.535
685.707,685.538
685.708,685.540
685.712,685.548
685.712,685.550
685.713,685.551
685.708,685.539
685.701,685.521
685.705,685.531
685.700,685.521
685.702,685.525
685.704,685.529
685.707,685.538
685.700,685.521
685.696,685.511
685.693,685.502
685.695,685.508
685.700,685.519
685.704,685.529
685.705,685.532
685.706,685.535
685.702,685.524
685.703,685.528
685.707,685.537
685.711,685.546
685.711,685.547
685.712,685.549
685.715,685.556
685.715,685.557
685.716,685.558
685.710,685.545
685.711,685.547
685.712,685.548
685.707,685.536
685.708,685.539
685.709,685.541
685.704,685.529
685.705,685.533
685.706,685.536
685.702,685.525
685.703,685.528
685.705,685.532
685.708,685.541
685.709,685.543
685.710,685.545
685.705,685.533
685.707,685.536
685.708,685.539
685.711,685.547
685.704,685.529
685.697,685.513
685.701,685.524
685.695,685.508
685.697,685.513
685.702,685.524
685.695,685.508
685.692,685.500
685.697,685.512
685.699,685.517
685.701,685.521
685.697,685.511
685.699,685.517
685.701,685.521
685.697,685.511
685.699,685.517
685.692,685.502
685.689,685.494
685.694,685.506
685.697,685.512
685.699,685.517
685.695,685.508
685.689,685.494
685.694,685.506
685.691,685.498
685.694,685.504
685.696,685.510
685.692,685.501
685.689,685.494
685.692,685.500
685.694,685.506
685.691,685.498
685.694,685.504
685.696,685.510
685.700,685.521
685.702,685.525
685.704,685.529
685.707,685.538
685.703,685.527
685.704,685.530
685.700,685.520
685.694,685.504
685.696,685.510
685.692,685.501
685.689,685.494
685.692,685.500
685.694,685.506
685.691,685.498
685.694,685.504
685.696,685.510
685.700,685.521
685.702,685.525
685.704,685.529
685.707,685.538
685.708,685.540
685.709,685.543
685.713,685.550
685.713,685.552
685.716,685.559
685.711,685.546
685.711,685.547
685.714,685.555
685.717,685.561
685.717,685.562
685.712,685.548
685.712,685.550
685.713,685.551
685.716,685.558
685.716,685.558
685.716,685.559
685.719,685.565
685.713,685.551
685.713,685.553
685.716,685.559
685.716,685.560
685.717,685.560
685.719,685.566
685.727,685.586
685.726,685.584
685.728,685.588
685.727,685.585
685.726,685.583
685.728,685.587
685.727,685.585
685.726,685.583
685.728,685.587
685.727,685.585
685.726,685.583
685.727,685.587
685.727,685.585
685.720,685.569
685.722,685.574
685.722,685.573
685.724,685.578
685.726,685.583
685.725,685.581
685.727,685.585
685.728,685.589
685.735,685.606
685.736,685.608
685.734,685.604
685.733,685.600
685.734,685.602
685.732,685.599
685.723,685.576
685.725,685.581
685.724,685.579
685.726,685.583
685.725,685.582
685.717,685.561
685.719,685.567
685.719,685.566
685.719,685.566
685.713,685.552
685.714,685.553
685.717,685.560
685.719,685.566
685.719,685.566
685.713,685.552
685.716,685.559
685.716,685.559
685.716,685.560
685.711,685.547
685.712,685.548
685.715,685.555
685.717,685.562
685.717,685.562
685.717,685.562
685.712,685.549
685.712,685.550
685.713,685.552
685.708,685.539
685.701,685.522
685.697,685.512
685.699,685.517
685.701,685.522
685.705,685.531
685.708,685.540
685.709,685.543
685.713,685.550
685.713,685.552
685.714,685.553
685.708,685.540
685.709,685.543
685.710,685.545
685.713,685.552
685.706,685.534
685.707,685.537
685.710,685.545
685.711,685.547
685.712,685.548
685.707,685.536
685.708,685.539
685.709,685.541
685.712,685.549
685.713,685.551
685.713,685.552
685.716,685.559
685.708,685.540
685.709,685.542
685.704,685.531
685.706,685.534
685.707,685.537
685.702,685.526
685.704,685.529
685.708,685.538
685.709,685.541
685.710,685.543
685.713,685.551
685.713,685.552
685.706,685.534
685.707,685.537
685.702,685.526
685.704,685.529
685.697,685.513
685.694,685.504
685.696,685.510
685.698,685.515
685.702,685.525
685.704,685.529
685.700,685.519
685.701,685.523
685.703,685.527
685.707,685.536
685.708,685.539
685.709,685.541
685.712,685.549
685.713,685.551
685.713,685.552
685.716,685.559
685.708,685.540
685.711,685.548
685.720,685.569
685.720,685.568
685.722,685.574
685.724,685.579
685.724,685.577
685.725,685.582
685.717,685.561
685.717,685.561
685.711,685.548
685.712,685.549
685.713,685.551
685.716,685.558
685.716,685.558
685.718,685.565
685.713,685.551
685.713,685.552
685.716,685.559
685.716,685.559
685.716,685.560
685.719,685.566
685.719,685.566
685.719,685.566
685.713,685.552
685.714,685.553
685.708,685.540
685.712,685.548
685.712,685.550
685.707,685.537
685.708,685.540
685.709,685.542
685.704,685.531
685.706,685.534
685.707,685.537
685.710,685.545
685.711,685.547
685.704,685.529
685.699,685.519
685.701,685.523
685.703,685.527
685.707,685.536
685.708,685.539
685.709,685.541
685.712,685.549
685.715,685.556
685.715,685.557
685.718,685.563
685.712,685.550
685.713,685.551
685.716,685.558
685.718,685.564
685.710,685.545
685.703,685.527
685.707,685.536
685.708,685.539
685.709,685.542
685.704,685.530
685.705,685.533
685.707,685.536
685.702,685.525
685.704,685.529
685.707,685.538
685.711,685.546
685.711,685.548
685.712,685.549
685.715,685.557
685.715,685.557
685.710,685.544
685.705,685.532
685.706,685.535
685.710,685.544
685.711,685.546
685.711,685.547
685.706,685.535
685.707,685.538
685.708,685.541
685.704,685.529
685.705,685.532
685.698,685.516
685.695,685.507
685.697,685.512
685.699,685.517
685.695,685.508
685.697,685.513
685.699,685.518
685.703,685.528
685.705,685.532
685.706,685.535
685.702,685.524
685.703,685.528
685.705,685.531
685.706,685.534
685.707,685.537
685.710,685.545
685.714,685.553
685.714,685.554
685.709,685.541
685.704,685.530
685.705,685.533
685.701,685.522
685.697,685.512
685.691,685.498
685.696,685.510
685.692,685.501
685.695,685.507
685.691,685.499
685.696,685.511
685.690,685.496
685.687,685.489
685.685,685.483
685.688,685.490
685.691,685.497
685.688,685.490
685.691,685.497
685.685,685.484
685.691,685.497
685.693,685.504
685.698,685.515
685.694,685.506
685.697,685.511
685.693,685.503
685.698,685.514
685.700,685.519
685.701,685.523
685.703,685.527
685.696,685.511
685.693,685.503
685.698,685.514
685.700,685.519
685.701,685.523
685.697,685.513
685.699,685.518
685.695,685.509
685.698,685.514
685.700,685.519
685.704,685.529
685.707,685.538
685.708,685.541
685.712,685.549
685.715,685.556
685.707,685.537
685.711,685.546
685.703,685.528
685.705,685.531
685.708,685.540
685.709,685.542
685.702,685.525
685.706,685.535
685.707,685.537
685.711,685.546
685.714,685.553
685.714,685.554
685.714,685.555
685.717,685.562
685.717,685.562
685.717,685.562
685.720,685.568
685.720,685.568
685.722,685.573
685.724,685.578
685.723,685.577
685.717,685.562
685.712,685.548
685.712,685.550
685.713,685.551
685.716,685.558
685.716,685.559
685.718,685.565
685.713,685.551
685.713,685.552
685.706,685.534
685.709,685.543
685.710,685.545
685.711,685.547
685.714,685.554
685.714,685.555
685.715,685.556
685.709,685.543
685.710,685.545
685.711,685.547
685.714,685.554
685.714,685.555
685.709,685.542
685.712,685.550
685.713,685.551
685.702,685.525
685.704,685.529
685.705,685.532
685.701,685.521
685.702,685.525
685.698,685.515
685.702,685.526
685.704,685.529
685.708,685.539
685.709,685.541
685.710,685.543
685.705,685.531
685.700,685.521
685.702,685.525
685.698,685.515
685.700,685.520
685.702,685.524
685.706,685.533
685.709,685.542
685.710,685.544
685.705,685.532
685.709,685.541
685.702,685.524
685.706,685.533
685.699,685.517
685.699,685.517
685.703,685.527
685.696,685.511
685.699,685.516
685.703,685.527
685.704,685.530
685.700,685.520
685.702,685.524
685.703,685.528
685.707,685.537
685.708,685.540
685.711,685.548
685.712,685.549
685.713,685.551
685.716,685.558
685.716,685.558
685.716,685.559
685.716,685.559
685.724,685.579
685.726,685.584
685.725,685.582
685.725,685.580
685.726,685.584
685.726,685.582
685.725,685.581
685.724,685.577
685.723,685.576
685.725,685.581
685.724,685.579
685.726,685.584
685.725,685.582
685.725,685.580
685.726,685.584
685.720,685.569
685.720,685.568
685.720,685.568
685.722,685.573
685.721,685.572
685.716,685.558
685.708,685.539
685.709,685.541
685.704,685.530
685.700,685.519
685.693,685.504
685.698,685.516
685.692,685.501
685.695,685.507
685.691,685.498
685.694,685.505
685.696,685.510
685.701,685.521
685.705,685.531
685.706,685.534
685.707,685.537
685.708,685.540
685.709,685.542
685.702,685.525
685.706,685.534
685.707,685.537
685.700,685.520
685.696,685.510
685.690,685.496
685.693,685.503
685.690,685.495
685.692,685.501
685.695,685.507
685.697,685.513
685.693,685.504
685.688,685.490
685.691,685.497
685.696,685.509
685.698,685.514
685.700,685.519
685.696,685.510
685.692,685.501
685.687,685.488
685.682,685.475
685.688,685.490
685.682,685.477
685.680,685.472
685.686,685.486
685.689,685.494
685.692,685.501
685.697,685.512
685.699,685.517
685.701,685.522
685.705,685.531
685.706,685.535
685.710,685.543
685.710,685.545
685.711,685.547
685.714,685.554
685.715,685.555
685.715,685.556
685.718,685.563
685.718,685.563
685.720,685.569
685.722,685.574
685.722,685.573
685.724,685.578
685.715,685.557
685.716,685.558
685.708,685.539
685.711,685.547
685.712,685.549
685.712,685.550
685.715,685.557
685.708,685.539
685.701,685.521
685.705,685.531
685.700,685.521
685.702,685.525
685.698,685.515
685.700,685.520
685.694,685.504
685.690,685.496
685.685,685.483
685.688,685.491
685.685,685.484
685.691,685.498
685.693,685.504
685.698,685.515
685.700,685.520
685.702,685.524
685.698,685.514
685.694,685.505
685.696,685.511
685.701,685.522
685.697,685.512
685.699,685.517
685.703,685.527
685.699,685.517
685.701,685.521
685.697,685.512
685.701,685.522
685.703,685.527
685.704,685.530
685.708,685.539
685.709,685.541
685.710,685.544
685.713,685.551
685.713,685.552
685.714,685.554
685.717,685.560
685.709,685.541
685.712,685.549
685.715,685.556
685.715,685.557
685.718,685.563
685.718,685.563
685.718,685.563
685.720,685.569
685.720,685.569
685.720,685.568
685.722,685.574
685.722,685.573
685.721,685.572
685.715,685.557
685.716,685.558
685.716,685.559
685.710,685.545
685.711,685.547
685.712,685.549
685.715,685.556
685.715,685.557
685.715,685.558
685.718,685.564
685.718,685.564
685.718,685.564
685.712,685.550
685.713,685.552
685.706,685.533
685.709,685.542
685.710,685.544
685.711,685.546
685.706,685.534
685.709,685.543
685.710,685.545
685.703,685.527
685.699,685.517
685.701,685.521
685.694,685.506
685.691,685.498
685.685,685.484
685.689,685.492
685.694,685.505
685.696,685.510
685.693,685.502
685.695,685.508
685.697,685.513
685.701,685.524
685.703,685.527
685.705,685.531
685.708,685.540
685.709,685.542
685.704,685.531
685.706,685.534
685.707,685.537
685.710,685.545
685.711,685.547
685.712,685.548
685.715,685.556
685.715,685.557
685.715,685.557
685.710,685.544
685.711,685.546
685.714,685.554
685.717,685.560
685.725,685.580
685.724,685.579
685.718,685.563
685.718,685.563
685.712,685.550
685.715,685.557
685.716,685.558
685.710,685.545
685.713,685.552
685.722,685.573
685.748,685.636
685.779,685.713
685.808,685.783
685.826,685.826
685.850,685.885
685.872,685.939
685.884,685.967
685.894,685.993
685.904,686.017
685.913,686.038
685.913,686.038
685.926,686.070
685.933,686.087
685.947,686.121
685.960,686.152
685.963,686.160
685.974,686.187
685.976,686.192
685.976,686.191
685.975,686.190
685.975,686.189
685.969,686.174
685.955,686.141
685.949,686.126
685.937,686.097
685.924,686.066
685.907,686.024
685.897,686.000
685.883,685.964
685.861,685.912
685.848,685.879
685.838,685.855
685.826,685.827
685.816,685.802
685.809,685.785
685.808,685.784
685.810,685.788
685.809,685.786
685.811,685.790
685.810,685.788
685.812,685.792
685.819,685.810
685.825,685.825
685.834,685.845
685.849,685.883
685.871,685.936
685.913,686.037
685.953,686.135
685.994,686.236
686.497,687.459
686.499,687.465
686.500,687.467
686.522,687.521
686.572,687.641
686.605,687.722
686.670,687.880
687.172,689.102
687.259,689.313
687.317,689.454
687.389,689.631
687.469,689.826
687.554,690.032
688.100,691.361
688.145,691.470
688.199,691.601
688.284,691.808
688.317,691.890
688.346,691.959
688.334,691.931
688.330,691.920
688.345,691.957
688.347,691.961
688.328,691.916
688.302,691.853
688.271,691.777
688.244,691.711
688.203,691.611
688.166,691.522
688.126,691.423
688.084,691.322
688.052,691.245
688.024,691.176
687.999,691.115
687.968,691.040
687.932,690.953
687.435,689.742
687.432,689.736
687.432,689.734
687.453,689.786
687.448,689.774
687.430,689.729
687.403,689.663
687.382,689.613
687.366,689.574
687.342,689.516
687.322,689.467
687.296,689.403
687.273,689.348
687.254,689.301
687.228,689.238
687.205,689.182
687.176,689.112
687.159,689.071
687.136,689.014
687.107,688.943
687.089,688.899
687.064,688.840
687.034,688.767
687.015,688.721
686.998,688.680
686.975,688.623
686.954,688.571
686.935,688.525
686.915,688.477
686.892,688.420
686.879,688.388
686.859,688.340
686.846,688.310
686.830,688.269
686.814,688.232
686.793,688.179
686.773,688.131
686.763,688.108
686.752,688.080
686.742,688.055
686.724,688.013
686.709,687.975
686.695,687.940
686.682,687.909
686.670,687.881
686.660,687.855
686.645,687.819
686.631,687.786
686.619,687.756
686.608,687.729
686.590,687.685
686.581,687.665
686.571,687.640
686.557,687.605
686.543,687.572
686.539,687.563
686.536,687.554
686.525,687.527
686.520,687.515
686.518,687.511
686.509,687.488
686.508,687.486
686.497,687.459
686.489,687.441
686.491,687.444
686.484,687.427
686.475,687.405
686.461,687.373
686.457,687.363
686.451,687.347
686.448,687.340
686.445,687.333
686.440,687.320
686.438,687.315
686.436,687.310
686.432,687.300
686.422,687.277
686.422,687.276
686.419,687.269
686.419,687.269
686.411,687.249
686.411,687.251
686.404,687.233
686.403,687.230
686.396,687.214
686.396,687.213
686.398,687.218
686.392,687.203
686.384,687.183
686.379,687.172
686.374,687.161
686.379,687.171
686.374,687.161
686.368,687.145
686.365,687.137
686.367,687.143
686.364,687.136
686.361,687.128
686.356,687.116
686.354,687.111
686.352,687.106
686.350,687.102
686.356,687.117
686.354,687.112
686.352,687.107
686.348,687.097
686.346,687.093
686.343,687.084
686.342,687.082
686.339,687.074
686.338,687.073
686.338,687.072
686.335,687.065
686.335,687.064
686.332,687.058
686.332,687.058
686.330,687.053
686.330,687.053
686.336,687.068
686.336,687.067
686.335,687.066
686.335,687.066
686.335,687.065
686.332,687.059
686.333,687.059
686.330,687.053
686.330,687.054
686.328,687.049
686.329,687.050
686.327,687.045
686.327,687.046
686.328,687.048
686.328,687.049
686.329,687.050
686.329,687.051
686.330,687.052
686.336,687.067
686.335,687.066
686.333,687.060
686.333,687.060
686.333,687.060
686.333,687.060
686.333,687.060
686.333,687.060
686.333,687.060
686.331,687.054
686.331,687.055
686.326,687.044
686.324,687.040
686.317,687.022
686.316,687.020
686.318,687.024
686.317,687.021
686.310,687.005
686.313,687.011
686.315,687.016
686.308,687.000
686.303,686.987
686.298,686.974
686.293,686.963
686.297,686.972
686.298,686.975
686.293,686.963
686.294,686.967
686.290,686.956
686.292,686.960
686.296,686.970
686.297,686.972
686.300,686.981
686.301,686.982
686.296,686.970
686.297,686.973
686.304,686.989
686.307,686.996
686.309,687.002
686.312,687.008
686.314,687.013
686.315,687.018
686.317,687.022
686.311,687.006
686.305,686.992
686.300,686.979
686.308,687.000
686.311,687.006
686.305,686.992
686.307,686.998
686.310,687.004
686.310,687.004
686.312,687.009
686.314,687.014
686.316,687.019
686.317,687.023
686.319,687.026
686.312,687.010
686.314,687.015
686.314,687.013
686.316,687.018
686.293,686.962
686.288,686.952
686.290,686.956
686.294,686.966
686.295,686.969
686.291,686.958
686.293,686.962
686.296,686.971
686.297,686.974
686.293,686.963
686.294,686.966
686.290,686.956
686.286,686.946
686.291,686.957
686.295,686.967
686.298,686.976
686.294,686.964
686.297,686.974
686.298,686.976
686.302,686.984
686.302,686.985
686.305,686.993
686.305,686.993
686.308,687.000
686.308,687.000
686.295,686.967
686.298,686.976
686.299,686.978
686.302,686.986
686.303,686.987
686.298,686.975
686.301,686.983
686.296,686.971
686.300,686.979
686.300,686.981
686.304,686.989
686.296,686.970
686.299,686.979
686.300,686.981
686.295,686.969
686.291,686.958
686.292,686.962
686.288,686.952
686.282,686.936
686.287,686.948
686.289,686.953
686.293,686.963
686.294,686.967
686.298,686.976
686.293,686.964
686.297,686.973
686.301,686.982
686.301,686.983
686.304,686.991
686.305,686.991
686.307,686.998
686.307,686.998
686.310,687.004
686.310,687.003
686.312,687.009
686.314,687.014
686.308,686.999
686.302,686.985
686.303,686.986
686.305,686.993
686.306,686.994
686.300,686.981
686.295,686.969
686.291,686.958
686.295,686.968
686.291,686.957
686.287,686.948
686.281,686.933
686.286,686.945
686.288,686.950
686.284,686.941
686.281,686.933
686.278,686.926
686.283,686.939
686.285,686.944
686.282,686.936
686.284,686.942
686.281,686.934
686.283,686.940
686.288,686.951
686.290,686.956
686.286,686.946
686.291,686.957
686.295,686.967
686.290,686.957
686.292,686.960
686.296,686.970
686.297,686.973
686.292,686.961
686.294,686.965
686.289,686.955
686.291,686.959
686.287,686.949
686.292,686.960
686.296,686.969
686.299,686.978
686.302,686.986
686.305,686.993
686.308,687.000
686.310,687.005
686.302,686.985
686.297,686.973
686.298,686.975
686.293,686.964
686.295,686.967
686.290,686.957
686.292,686.960
686.296,686.970
686.291,686.959
686.293,686.963
686.289,686.953
686.293,686.963
686.289,686.953
686.291,686.957
686.295,686.967
686.296,686.970
686.299,686.979
686.292,686.961
686.288,686.951
686.282,686.936
686.279,686.928
686.281,686.935
686.278,686.927
686.273,686.915
686.271,686.909
686.269,686.904
686.272,686.913
686.270,686.907
686.274,686.916
686.271,686.910
686.275,686.919
686.280,686.932
686.283,686.938
686.280,686.930
686.285,686.943
686.287,686.948
686.283,686.939
686.286,686.945
686.282,686.936
686.284,686.942
686.281,686.934
686.278,686.927
686.281,686.933
686.278,686.926
686.281,686.933
686.286,686.945
686.280,686.930
686.277,686.923
686.272,686.911
686.269,686.906
686.267,686.901
686.263,686.891
686.262,686.887
686.266,686.898
686.273,686.914
686.276,686.922
686.273,686.915
686.279,686.929
686.282,686.936
686.287,686.948
686.289,686.952
686.285,686.943
686.279,686.929
686.284,686.941
686.281,686.933
686.278,686.926
686.283,686.939
686.285,686.944
686.282,686.936
686.279,686.928
686.276,686.922
686.273,686.915
686.277,686.923
686.274,686.917
686.277,686.925
686.274,686.918
686.278,686.926
686.275,686.919
686.272,686.913
686.270,686.907
686.268,686.903
686.272,686.912
686.270,686.906
686.273,686.915
686.271,686.909
686.277,686.924
686.274,686.917
686.272,686.912
686.275,686.920
686.273,686.914
686.276,686.922
686.273,686.915
686.279,686.929
686.282,686.936
686.279,686.928
686.281,686.935
686.286,686.947
686.280,686.932
686.277,686.925
686.275,686.918
686.278,686.926
686.275,686.919
686.278,686.927
686.275,686.920
686.270,686.908
686.268,686.903
686.266,686.899
686.262,686.888
686.261,686.885
686.265,686.896
686.272,686.912
686.267,686.900
686.274,686.916
686.271,686.910
686.269,686.905
686.275,686.920
686.270,686.908
686.276,686.922
686.279,686.929
686.276,686.922
686.282,686.936
686.287,686.948
686.283,686.939
686.280,686.931
686.277,686.924
686.280,686.931
686.285,686.943
686.279,686.929
686.276,686.922
686.271,686.910
686.277,686.924
686.280,686.931
686.277,686.924
686.274,686.917
686.277,686.925
686.275,686.918
686.270,686.907
686.276,686.921
686.281,686.935
686.278,686.927
686.275,686.920
686.270,686.908
686.268,686.903
686.267,686.899
686.270,686.908
686.268,686.903
686.264,686.893
686.263,686.889
686.261,686.886
686.268,686.903
686.274,686.918
686.269,686.906
686.268,686.901
686.263,686.891
686.270,686.907
686.273,686.916
686.271,686.910
686.269,686.905
686.275,686.920
686.273,686.914
686.276,686.922
686.273,686.915
686.271,686.910
686.269,686.905
686.267,686.900
686.271,686.909
686.269,686.904
686.267,686.900
686.265,686.895
686.264,686.892
686.262,686.888
686.261,686.885
686.257,686.876
686.257,686.874
686.261,686.886
686.260,686.883
686.259,686.881
686.264,686.892
686.270,686.908
686.274,686.916
686.279,686.930
686.282,686.937
686.279,686.929
686.276,686.922
686.279,686.929
686.276,686.922
686.279,686.929
686.276,686.922
686.279,686.929
686.284,686.942
686.289,686.953
686.291,686.957
686.287,686.948
686.289,686.952
686.285,686.943
686.289,686.955
686.286,686.945
686.282,686.937
686.285,686.942
686.281,686.934
686.284,686.940
686.280,686.932
686.277,686.925
686.272,686.912
686.270,686.907
686.274,686.916
686.271,686.910
686.275,686.918
686.272,686.912
686.270,686.907
686.274,686.916
686.271,686.910
686.275,686.918
686.272,686.912
686.276,686.921
686.273,686.915
686.271,686.909
686.274,686.917
686.272,686.912
686.275,686.920
686.273,686.914
686.276,686.922
686.273,686.915
686.271,686.910
686.275,686.918
686.280,686.932
686.283,686.938
686.279,686.930
686.277,686.923
686.274,686.917
686.280,686.930
686.282,686.937
686.279,686.929
686.274,686.916
686.279,686.930
686.277,686.923
686.279,686.930
686.285,686.943
686.287,686.948
686.283,686.939
686.277,686.925
686.283,686.938
686.279,686.930
686.282,686.937
686.279,686.929
686.282,686.935
686.279,686.928
686.273,686.915
686.279,686.929
686.284,686.942
686.286,686.947
686.283,686.938
686.285,686.944
686.290,686.955
686.286,686.946
686.282,686.937
686.279,686.929
686.274,686.916
686.271,686.911
686.269,686.906
686.273,686.914
686.271,686.909
686.266,686.898
686.265,686.894
