# Physical_Baseline=688.39pF, Trigger_Distance=70.0cm, Atten_Ratio=49.00
Raw_Capacitance(pF),Normalized_Capacitance(pF)
688.386,688.380
688.386,688.380
688.384,688.374
688.381,688.369
688.382,688.370
688.380,688.365
688.381,688.367
688.387,688.381
688.384,688.375
688.385,688.376
688.382,688.370
688.383,688.372
688.383,688.373
688.381,688.368
688.382,688.369
688.388,688.383
688.393,688.396
688.393,688.395
688.389,688.388
688.387,688.381
688.387,688.381
688.384,688.375
688.385,688.376
688.393,688.396
688.398,688.408
688.397,688.406
688.393,688.397
688.390,688.389
688.390,688.389
688.387,688.382
688.387,688.382
688.387,688.383
688.385,688.376
688.385,688.377
688.391,688.390
688.396,688.402
688.403,688.420
688.407,688.429
688.410,688.437
688.408,688.432
688.404,688.421
688.402,688.418
688.401,688.415
688.405,688.424
688.403,688.421
688.407,688.430
688.403,688.419
688.409,688.435
688.413,688.443
688.410,688.437
688.413,688.445
688.416,688.451
688.414,688.445
688.409,688.433
688.407,688.428
688.402,688.418
688.398,688.408
688.397,688.406
688.393,688.397
688.393,688.396
688.393,688.395
688.389,688.388
688.389,688.387
688.394,688.400
688.391,688.392
688.391,688.391
688.396,688.403
688.395,688.401
688.395,688.400
688.391,688.392
688.391,688.391
688.388,688.384
688.385,688.377
688.385,688.378
688.391,688.391
688.383,688.372
688.380,688.366
688.386,688.381
688.387,688.381
688.384,688.375
688.385,688.376
688.390,688.389
688.390,688.389
688.387,688.382
688.384,688.376
688.382,688.370
688.380,688.365
688.381,688.367
688.367,688.334
688.374,688.352
688.376,688.355
688.374,688.351
688.381,688.367
688.381,688.369
688.379,688.364
688.380,688.366
688.386,688.380
688.386,688.380
688.384,688.374
688.381,688.369
688.382,688.370
688.380,688.365
688.381,688.367
688.387,688.381
688.379,688.363
688.377,688.358
688.375,688.354
688.377,688.357
688.375,688.353
688.368,688.337
688.367,688.335
688.361,688.321
688.361,688.320
688.356,688.307
688.356,688.308
688.351,688.296
688.352,688.298
688.347,688.287
688.348,688.290
688.352,688.299
688.353,688.301
688.356,688.309
688.356,688.309
688.357,688.310
688.360,688.317
688.352,688.298
688.355,688.306
688.364,688.326
688.358,688.313
688.358,688.313
688.353,688.301
688.353,688.302
688.357,688.310
688.357,688.311
688.360,688.318
688.360,688.318
688.368,688.336
688.362,688.322
688.352,688.300
688.348,688.289
688.349,688.292
688.353,688.301
688.353,688.302
688.349,688.291
688.350,688.293
688.351,688.295
688.354,688.304
688.355,688.305
688.358,688.313
688.350,688.294
688.354,688.303
688.354,688.304
688.355,688.305
688.350,688.294
688.351,688.296
688.346,688.285
688.347,688.288
688.351,688.297
688.352,688.299
688.356,688.307
688.348,688.289
688.344,688.279
688.337,688.264
688.320,688.223
688.324,688.232
688.322,688.227
688.325,688.236
688.331,688.250
688.334,688.256
688.339,688.269
688.341,688.273
688.338,688.265
688.340,688.270
688.344,688.281
688.346,688.284
688.350,688.294
688.351,688.296
688.354,688.304
688.355,688.305
688.358,688.313
688.358,688.313
688.353,688.301
688.354,688.302
688.349,688.291
688.342,688.275
688.346,688.285
688.347,688.288
688.343,688.278
688.337,688.263
688.334,688.255
688.336,688.261
688.333,688.254
688.327,688.241
688.325,688.235
688.320,688.224
688.316,688.214
688.315,688.211
688.311,688.202
688.310,688.200
688.315,688.211
688.314,688.209
688.310,688.200
688.310,688.199
688.306,688.191
688.306,688.190
688.303,688.183
688.303,688.183
688.301,688.177
688.298,688.171
688.299,688.172
688.296,688.167
688.297,688.169
688.303,688.182
688.303,688.183
688.300,688.176
688.301,688.177
688.306,688.190
688.306,688.190
688.303,688.183
688.303,688.183
688.308,688.196
688.313,688.207
688.312,688.205
688.317,688.215
688.316,688.213
688.312,688.203
688.311,688.202
688.307,688.193
688.307,688.193
688.312,688.204
688.311,688.203
688.316,688.213
688.323,688.230
688.326,688.238
688.324,688.233
688.328,688.241
688.325,688.236
688.320,688.224
688.319,688.221
688.323,688.230
688.313,688.206
688.312,688.204
688.308,688.196
688.313,688.207
688.310,688.198
688.309,688.197
688.314,688.209
688.313,688.206
688.317,688.217
688.316,688.214
688.312,688.204
688.311,688.203
688.308,688.194
688.299,688.174
688.305,688.188
688.305,688.188
688.302,688.181
688.308,688.193
688.307,688.193
688.304,688.185
688.304,688.185
688.301,688.179
688.294,688.160
688.295,688.163
688.293,688.158
688.294,688.161
688.292,688.157
688.293,688.159
688.291,688.155
688.293,688.158
688.291,688.154
688.292,688.157
688.293,688.160
688.292,688.156
688.293,688.158
688.299,688.173
688.300,688.175
688.297,688.169
688.295,688.164
688.296,688.166
688.294,688.161
688.287,688.144
688.288,688.148
688.287,688.145
688.289,688.149
688.287,688.146
688.281,688.130
688.280,688.129
688.280,688.128
688.279,688.126
688.279,688.125
688.273,688.112
688.273,688.112
688.276,688.119
688.276,688.119
688.276,688.118
688.279,688.125
688.278,688.124
688.281,688.130
688.275,688.116
688.275,688.116
688.278,688.123
688.277,688.122
688.272,688.109
688.275,688.116
688.275,688.116
688.278,688.123
688.277,688.122
688.277,688.121
688.272,688.108
688.272,688.109
688.275,688.116
688.275,688.116
688.275,688.116
688.278,688.122
688.277,688.122
688.280,688.128
688.279,688.127
688.282,688.132
688.289,688.150
688.291,688.153
688.292,688.156
688.290,688.152
688.283,688.136
688.283,688.134
688.282,688.132
688.284,688.137
688.283,688.135
688.285,688.140
688.287,688.144
688.286,688.142
688.287,688.146
688.286,688.143
688.285,688.140
688.287,688.145
688.286,688.142
688.288,688.146
688.281,688.131
688.280,688.129
688.283,688.135
688.282,688.133
688.289,688.150
688.283,688.134
688.282,688.132
688.284,688.137
688.283,688.135
688.285,688.140
688.287,688.144
688.286,688.142
688.287,688.146
688.286,688.143
688.285,688.140
688.279,688.126
688.279,688.125
688.281,688.130
688.280,688.129
688.280,688.128
688.274,688.114
688.269,688.102
688.269,688.103
688.265,688.092
688.258,688.075
688.259,688.079
688.255,688.070
688.249,688.055
688.243,688.041
688.241,688.036
688.236,688.025
688.232,688.014
688.231,688.011
688.235,688.021
688.239,688.030
688.245,688.045
688.248,688.052
688.250,688.058
688.255,688.070
688.249,688.055
688.252,688.061
688.257,688.073
688.258,688.077
688.260,688.080
688.256,688.071
688.250,688.056
688.252,688.062
688.249,688.055
688.243,688.041
688.238,688.029
688.234,688.018
688.240,688.034
688.236,688.023
688.231,688.013
688.230,688.010
688.234,688.020
688.238,688.029
688.236,688.025
688.235,688.021
688.231,688.011
688.235,688.021
688.233,688.017
688.232,688.014
688.228,688.005
688.224,687.996
688.224,687.995
688.221,687.987
688.218,687.981
688.218,687.981
688.215,687.975
688.213,687.969
688.214,687.970
688.211,687.965
688.217,687.979
688.218,687.980
688.215,687.974
688.221,687.987
688.218,687.980
688.218,687.981
688.223,687.993
688.228,688.005
688.227,688.003
688.224,687.995
688.229,688.006
688.228,688.004
688.227,688.002
688.223,687.994
688.220,687.986
688.220,687.986
688.217,687.979
688.215,687.973
688.212,687.968
688.205,687.950
688.206,687.953
688.205,687.950
688.211,687.965
688.209,687.961
688.210,687.963
688.208,687.958
688.207,687.954
688.205,687.950
688.198,687.935
688.200,687.939
688.207,687.956
688.206,687.952
688.207,687.955
688.205,687.951
688.204,687.948
688.205,687.951
688.207,687.954
688.205,687.951
688.212,687.966
688.204,687.949
688.206,687.952
688.204,687.949
688.203,687.946
688.197,687.930
688.191,687.916
688.191,687.916
688.191,687.916
688.190,687.916
688.193,687.922
688.188,687.909
688.188,687.910
688.188,687.910
688.191,687.917
688.194,687.924
688.193,687.923
688.193,687.922
688.193,687.921
688.187,687.908
688.190,687.915
688.198,687.934
688.198,687.932
688.197,687.931
688.199,687.936
688.198,687.934
688.197,687.932
688.197,687.930
688.199,687.936
688.198,687.934
688.197,687.932
688.196,687.930
688.199,687.935
688.193,687.921
688.192,687.920
688.192,687.920
688.192,687.919
688.195,687.925
688.194,687.924
688.194,687.923
688.193,687.923
688.196,687.928
688.198,687.934
688.197,687.932
688.197,687.930
688.191,687.916
688.185,687.904
688.186,687.905
688.186,687.906
688.187,687.906
688.182,687.895
688.182,687.897
688.191,687.917
688.186,687.905
688.189,687.912
688.189,687.913
688.189,687.913
688.189,687.913
688.184,687.900
688.179,687.889
688.180,687.892
688.181,687.894
688.185,687.903
688.188,687.910
688.188,687.911
688.189,687.911
688.189,687.911
688.192,687.918
688.194,687.925
688.194,687.924
688.193,687.923
688.196,687.929
688.190,687.915
688.190,687.915
688.182,687.896
688.183,687.898
688.175,687.880
688.172,687.871
688.173,687.875
688.175,687.879
688.168,687.863
688.173,687.875
688.178,687.885
688.179,687.888
688.180,687.891
688.181,687.893
688.184,687.902
688.185,687.903
688.185,687.904
688.186,687.905
688.178,687.887
688.174,687.877
688.170,687.868
688.164,687.854
688.159,687.840
688.162,687.847
688.164,687.854
688.170,687.866
688.166,687.858
688.169,687.864
688.171,687.869
688.172,687.873
688.177,687.884
688.178,687.886
688.171,687.870
688.173,687.874
688.167,687.859
688.164,687.852
688.161,687.845
688.164,687.852
688.166,687.858
688.168,687.863
688.165,687.856
688.162,687.849
688.165,687.855
688.178,687.886
688.179,687.888
688.172,687.872
688.168,687.863
688.165,687.856
688.168,687.861
688.162,687.847
688.164,687.854
688.167,687.860
688.161,687.846
688.167,687.859
688.172,687.871
688.165,687.856
688.168,687.862
688.170,687.867
688.164,687.852
688.161,687.846
688.167,687.859
688.172,687.871
688.173,687.875
688.167,687.860
688.169,687.865
688.166,687.857
688.171,687.870
688.173,687.874
688.155,687.832
688.159,687.840
688.162,687.847
688.164,687.854
688.161,687.847
688.159,687.841
688.154,687.829
688.149,687.818
688.145,687.808
688.144,687.806
688.143,687.804
688.143,687.802
688.142,687.800
688.138,687.792
688.135,687.785
688.132,687.778
688.130,687.772
688.130,687.773
688.131,687.774
688.136,687.787
688.141,687.799
688.146,687.810
688.150,687.820
688.157,687.836
688.155,687.831
688.158,687.839
688.161,687.846
688.156,687.834
688.151,687.822
688.150,687.819
688.156,687.834
688.154,687.830
688.150,687.819
688.153,687.828
688.149,687.817
688.145,687.807
688.152,687.824
688.158,687.840
688.164,687.853
688.159,687.840
688.162,687.847
688.164,687.854
688.159,687.840
688.156,687.835
688.154,687.830
688.158,687.838
688.161,687.845
688.156,687.833
688.154,687.828
688.152,687.824
688.154,687.830
688.158,687.838
688.156,687.833
688.154,687.829
688.157,687.837
688.152,687.825
688.156,687.834
688.162,687.848
688.167,687.861
688.169,687.866
688.171,687.871
688.173,687.875
688.170,687.866
688.174,687.877
688.176,687.881
688.177,687.884
688.178,687.887
688.179,687.890
688.183,687.899
688.184,687.900
688.176,687.883
688.170,687.866
688.172,687.871
688.176,687.882
688.177,687.885
688.180,687.890
688.181,687.893
688.176,687.882
688.178,687.885
688.179,687.888
688.180,687.891
688.176,687.880
688.180,687.890
688.175,687.880
688.169,687.864
688.171,687.869
688.173,687.874
688.169,687.865
688.174,687.876
688.167,687.861
688.169,687.866
688.163,687.852
688.169,687.864
688.166,687.857
688.168,687.862
688.170,687.867
688.164,687.853
688.161,687.846
688.167,687.859
688.164,687.852
688.158,687.839
688.153,687.827
688.157,687.835
688.154,687.830
688.161,687.845
688.158,687.839
688.153,687.827
688.149,687.817
688.145,687.807
688.149,687.817
688.148,687.814
688.146,687.811
688.153,687.828
688.157,687.836
688.152,687.824
688.156,687.833
688.159,687.841
688.157,687.835
688.154,687.830
688.158,687.838
688.161,687.846
688.164,687.852
688.169,687.865
688.171,687.870
688.173,687.874
688.166,687.859
688.171,687.871
688.176,687.881
688.177,687.885
688.179,687.887
688.182,687.897
688.183,687.898
688.184,687.900
688.184,687.901
688.180,687.890
688.175,687.880
688.177,687.883
688.178,687.886
688.179,687.889
688.183,687.898
688.186,687.906
688.187,687.907
688.187,687.908
688.190,687.915
688.193,687.922
688.185,687.902
688.185,687.903
688.180,687.892
688.176,687.882
688.177,687.885
688.187,687.907
688.182,687.895
688.185,687.904
688.186,687.905
688.186,687.905
688.195,687.925
688.197,687.931
688.196,687.929
688.196,687.928
688.190,687.914
688.190,687.914
688.198,687.933
688.197,687.932
688.199,687.937
688.201,687.941
688.200,687.939
688.199,687.936
688.198,687.934
688.198,687.932
688.197,687.931
688.196,687.929
688.195,687.928
688.190,687.914
688.185,687.902
688.185,687.903
688.177,687.885
688.179,687.888
688.174,687.878
688.179,687.888
688.180,687.891
688.181,687.893
688.182,687.895
688.185,687.903
688.189,687.911
688.191,687.918
688.183,687.899
688.184,687.900
688.179,687.889
688.175,687.879
688.176,687.883
688.170,687.866
688.172,687.871
688.168,687.863
688.170,687.868
688.172,687.872
688.166,687.857
688.163,687.850
688.168,687.863
688.173,687.875
688.167,687.859
688.169,687.865
688.166,687.857
688.163,687.850
688.165,687.856
688.168,687.862
688.173,687.873
688.169,687.865
688.166,687.857
688.168,687.863
688.170,687.867
688.167,687.860
688.164,687.852
688.166,687.858
688.168,687.864
688.173,687.875
688.170,687.866
688.180,687.890
688.181,687.892
688.184,687.901
688.180,687.890
688.181,687.892
688.181,687.894
688.177,687.884
688.181,687.894
688.182,687.896
688.183,687.897
688.186,687.906
688.181,687.894
688.182,687.896
688.183,687.898
688.186,687.906
688.190,687.914
688.190,687.914
688.190,687.914
688.182,687.895
688.185,687.903
688.186,687.904
688.186,687.905
688.181,687.894
688.177,687.883
688.181,687.893
688.182,687.895
688.182,687.897
688.186,687.905
688.186,687.906
688.187,687.907
688.182,687.895
688.185,687.904
688.186,687.905
688.186,687.906
688.187,687.906
688.190,687.914
688.185,687.902
688.185,687.903
688.185,687.904
688.181,687.893
688.176,687.882
688.178,687.885
688.179,687.888
688.180,687.891
688.184,687.899
688.184,687.901
688.185,687.902
688.188,687.910
688.191,687.917
688.199,687.936
688.198,687.934
688.197,687.932
688.199,687.937
688.199,687.935
688.198,687.933
688.200,687.938
688.202,687.942
688.201,687.940
688.200,687.937
688.201,687.942
688.200,687.939
688.199,687.937
688.198,687.935
688.200,687.939
688.207,687.956
688.214,687.971
688.220,687.985
688.220,687.985
688.225,687.997
688.221,687.989
688.221,687.989
688.218,687.982
688.224,687.995
688.231,688.013
688.227,688.003
688.232,688.014
688.239,688.030
688.234,688.019
688.238,688.028
688.236,688.024
688.235,688.020
688.238,688.029
688.242,688.037
688.248,688.051
688.250,688.058
688.245,688.044
688.242,688.038
688.237,688.027
688.233,688.016
688.239,688.032
688.243,688.040
688.238,688.028
688.236,688.024
688.240,688.033
688.235,688.021
688.234,688.018
688.229,688.008
688.226,687.999
688.225,687.998
688.225,687.997
688.229,688.008
688.234,688.018
688.237,688.027
688.233,688.017
688.237,688.026
688.235,688.022
688.239,688.031
688.242,688.039
688.240,688.034
688.243,688.041
688.246,688.048
688.244,688.042
688.239,688.030
688.234,688.019
688.233,688.016
688.231,688.013
688.227,688.004
688.227,688.002
688.226,688.000
688.223,687.992
688.222,687.991
688.230,688.010
688.226,688.001
688.226,687.999
688.225,687.998
688.222,687.990
688.219,687.983
688.219,687.983
688.224,687.995
688.229,688.007
688.228,688.005
688.224,687.996
688.229,688.008
688.228,688.005
688.225,687.997
688.229,688.008
688.237,688.025
688.240,688.034
688.243,688.041
688.241,688.036
688.244,688.044
688.247,688.050
688.253,688.063
688.255,688.068
688.251,688.060
688.248,688.053
688.243,688.040
688.246,688.047
688.251,688.060
688.254,688.065
688.247,688.051
688.245,688.045
688.248,688.051
688.250,688.058
688.247,688.051
688.250,688.057
688.252,688.062
688.249,688.055
688.252,688.061
688.254,688.066
688.250,688.058
688.253,688.063
688.255,688.068
688.251,688.060
688.254,688.066
688.248,688.051
688.253,688.064
688.247,688.050
688.250,688.056
688.252,688.062
688.254,688.067
688.251,688.059
688.248,688.052
688.242,688.039
688.245,688.046
688.243,688.040
688.238,688.028
688.236,688.024
688.243,688.039
688.238,688.028
688.233,688.017
688.240,688.033
688.243,688.041
688.246,688.048
688.244,688.042
688.239,688.030
688.242,688.038
688.240,688.033
688.243,688.041
688.241,688.035
688.239,688.030
688.242,688.039
688.240,688.034
688.243,688.041
688.249,688.055
688.252,688.061
688.254,688.066
688.259,688.077
688.252,688.062
688.254,688.067
688.251,688.059
688.256,688.071
688.258,688.075
688.262,688.086
688.263,688.089
688.264,688.091
688.260,688.081
688.261,688.084
688.266,688.094
688.269,688.102
688.270,688.104
688.265,688.092
688.258,688.075
688.251,688.060
688.248,688.053
688.251,688.059
688.253,688.064
688.247,688.050
688.244,688.044
688.239,688.031
688.237,688.027
688.241,688.035
688.244,688.043
688.242,688.037
688.245,688.045
688.248,688.051
688.245,688.045
688.248,688.052
688.245,688.045
688.248,688.052
688.250,688.058
688.247,688.051
688.242,688.038
688.237,688.026
688.235,688.022
688.239,688.031
688.242,688.039
688.248,688.053
688.243,688.040
688.241,688.035
688.239,688.030
688.242,688.038
688.245,688.045
688.251,688.059
688.253,688.064
688.258,688.076
688.259,688.079
688.261,688.083
688.257,688.073
688.259,688.077
688.255,688.069
688.257,688.073
688.258,688.077
688.263,688.087
688.264,688.090
688.260,688.080
688.261,688.083
688.262,688.086
688.266,688.096
688.267,688.098
688.271,688.106
688.271,688.107
688.266,688.095
688.267,688.097
688.268,688.099
688.263,688.088
688.256,688.072
688.258,688.076
688.262,688.086
688.255,688.070
688.257,688.074
688.262,688.085
688.263,688.088
688.267,688.097
688.262,688.086
688.263,688.089
688.259,688.079
688.261,688.083
688.265,688.092
688.261,688.082
688.262,688.085
688.266,688.095
688.267,688.097
688.268,688.099
688.271,688.107
688.271,688.107
688.274,688.115
688.274,688.115
688.277,688.122
688.277,688.121
688.277,688.120
688.279,688.127
688.279,688.125
688.281,688.131
688.289,688.149
688.290,688.152
688.289,688.149
688.287,688.145
688.281,688.130
688.280,688.129
688.288,688.147
688.289,688.150
688.288,688.147
688.281,688.132
688.281,688.130
688.280,688.128
688.282,688.134
688.282,688.132
688.276,688.118
688.305,688.188
688.305,688.188
688.302,688.181
688.308,688.193
688.304,688.186
688.310,688.198
688.309,688.197
688.306,688.189
688.306,688.189
688.311,688.201
688.310,688.200
688.307,688.191
688.306,688.191
688.306,688.190
688.303,688.183
688.303,688.183
688.301,688.177
688.301,688.178
688.306,688.191
688.306,688.190
688.303,688.183
688.303,688.183
688.301,688.177
688.301,688.178
688.301,688.179
688.319,688.221
688.326,688.236
688.321,688.225
688.319,688.221
688.315,688.211
688.314,688.209
688.310,688.200
688.318,688.218
688.322,688.227
688.320,688.223
688.316,688.213
688.315,688.210
688.319,688.220
688.325,688.236
688.329,688.243
688.326,688.238
688.329,688.245
688.327,688.240
688.330,688.247
688.328,688.241
688.323,688.229
688.321,688.225
688.324,688.233
688.323,688.229
688.318,688.218
688.317,688.215
688.313,688.205
688.312,688.204
688.308,688.195
688.316,688.213
688.312,688.204
688.311,688.202
688.308,688.194
688.307,688.193
688.312,688.205
688.312,688.203
688.308,688.194
688.308,688.194
688.312,688.205
688.312,688.203
688.319,688.221
688.315,688.211
688.322,688.227
688.325,688.236
688.323,688.231
688.327,688.239
688.333,688.253
688.327,688.240
688.325,688.235
688.328,688.242
688.326,688.237
688.329,688.244
688.335,688.258
688.329,688.244
688.327,688.239
688.330,688.246
688.335,688.259
688.338,688.265
688.342,688.276
688.336,688.261
688.341,688.273
688.343,688.277
688.339,688.268
688.341,688.273
688.337,688.264
688.331,688.250
688.329,688.244
688.324,688.232
688.322,688.227
688.317,688.217
688.316,688.214
688.320,688.223
688.319,688.220
688.314,688.210
688.311,688.201
688.315,688.212
688.322,688.228
688.326,688.237
688.329,688.244
688.324,688.232
688.330,688.246
688.325,688.234
688.328,688.242
688.323,688.230
688.326,688.238
688.324,688.233
688.327,688.241
688.325,688.235
688.328,688.243
688.334,688.257
688.337,688.262
688.333,688.255
688.328,688.242
688.326,688.236
688.321,688.225
688.324,688.233
688.328,688.241
688.331,688.248
688.333,688.255
688.331,688.248
688.333,688.255
688.328,688.241
688.331,688.248
688.328,688.242
688.331,688.249
688.329,688.243
688.331,688.250
688.329,688.244
688.335,688.258
688.329,688.244
688.327,688.238
688.330,688.246
688.332,688.253
688.335,688.258
688.332,688.252
688.327,688.238
688.324,688.233
688.328,688.241
688.325,688.236
688.321,688.224
688.319,688.221
688.323,688.230
688.321,688.225
688.325,688.234
688.323,688.229
688.326,688.238
688.324,688.233
688.319,688.222
688.318,688.218
688.314,688.208
688.313,688.206
688.317,688.216
688.324,688.233
688.327,688.241
688.325,688.235
688.328,688.243
688.326,688.237
688.329,688.245
688.335,688.258
688.337,688.264
688.334,688.256
688.336,688.262
688.333,688.255
688.336,688.260
688.333,688.253
688.327,688.240
688.325,688.235
688.320,688.224
688.319,688.220
688.323,688.229
688.321,688.225
688.324,688.233
688.323,688.229
688.326,688.237
688.324,688.232
688.327,688.240
688.325,688.235
688.328,688.243
688.334,688.256
688.328,688.243
688.334,688.256
688.336,688.262
688.341,688.274
688.343,688.278
688.339,688.269
688.341,688.273
688.338,688.265
688.340,688.270
688.336,688.262
688.339,688.267
688.335,688.259
688.338,688.265
688.334,688.257
688.337,688.263
688.342,688.274
688.343,688.278
688.348,688.288
688.349,688.291
688.344,688.281
688.346,688.284
688.350,688.294
688.351,688.296
688.354,688.305
688.355,688.306
688.358,688.313
688.358,688.313
688.361,688.320
688.361,688.320
688.356,688.307
688.356,688.308
688.356,688.309
688.351,688.297
688.352,688.299
688.355,688.307
688.356,688.308
688.351,688.296
688.352,688.298
688.355,688.307
688.356,688.307
688.359,688.315
688.362,688.322
688.361,688.321
688.364,688.327
688.364,688.326
688.366,688.332
688.357,688.311
688.352,688.299
688.353,688.301
688.356,688.309
688.357,688.310
688.352,688.298
688.352,688.299
688.356,688.308
688.348,688.289
688.344,688.279
688.337,688.264
688.334,688.256
688.336,688.262
688.341,688.274
688.335,688.259
688.332,688.252
688.335,688.258
688.340,688.270
688.342,688.275
688.346,688.285
688.339,688.269
688.336,688.261
688.338,688.266
688.335,688.258
688.329,688.245
688.327,688.239
688.330,688.246
688.327,688.241
688.322,688.229
688.329,688.244
688.324,688.231
688.322,688.227
688.325,688.235
688.323,688.231
688.327,688.239
688.325,688.234
688.328,688.242
688.326,688.236
688.329,688.244
688.326,688.238
688.330,688.246
688.327,688.240
688.322,688.228
688.328,688.243
688.331,688.250
688.329,688.244
688.332,688.251
688.329,688.244
688.332,688.251
688.329,688.245
688.332,688.252
688.337,688.264
688.339,688.269
688.336,688.261
688.338,688.266
688.335,688.259
688.337,688.264
688.339,688.269
688.333,688.254
688.328,688.241
688.325,688.236
688.329,688.243
688.334,688.257
688.329,688.243
688.334,688.257
688.337,688.263
688.334,688.255
688.328,688.242
688.326,688.236
688.329,688.244
688.327,688.238
688.330,688.246
688.327,688.240
688.330,688.247
688.336,688.260
688.338,688.266
688.335,688.258
688.337,688.263
688.334,688.256
688.328,688.243
688.326,688.237
688.329,688.245
688.327,688.239
688.322,688.227
688.320,688.223
688.324,688.232
688.330,688.247
688.333,688.253
688.330,688.247
688.325,688.234
688.331,688.249
688.325,688.236
688.323,688.231
688.319,688.220
688.325,688.236
688.329,688.243
688.326,688.238
688.329,688.245
688.327,688.240
688.330,688.247
688.325,688.234
688.320,688.223
688.324,688.232
688.319,688.221
688.318,688.217
688.316,688.214
688.312,688.205
688.312,688.203
688.308,688.195
688.308,688.194
688.305,688.186
688.305,688.186
688.310,688.199
688.309,688.197
688.314,688.209
688.321,688.225
688.317,688.215
688.313,688.205
688.312,688.203
688.316,688.214
688.320,688.224
688.319,688.220
688.315,688.210
688.314,688.208
688.318,688.218
688.322,688.227
688.320,688.223
688.319,688.220
688.323,688.229
688.321,688.225
688.324,688.233
688.323,688.229
688.326,688.237
688.324,688.232
688.327,688.240
688.333,688.254
688.336,688.260
688.333,688.253
688.335,688.259
688.332,688.252
688.335,688.258
688.340,688.270
688.336,688.262
688.339,688.267
688.335,688.259
688.329,688.245
688.327,688.240
688.322,688.228
688.320,688.224
688.316,688.213
688.315,688.211
688.319,688.221
688.318,688.218
688.314,688.208
688.313,688.206
688.309,688.197
688.306,688.189
688.306,688.189
688.311,688.201
688.310,688.199
688.307,688.191
688.315,688.210
688.319,688.220
688.325,688.236
688.329,688.243
688.326,688.238
688.321,688.226
688.328,688.241
688.323,688.229
688.329,688.244
688.324,688.232
688.322,688.227
688.325,688.236
688.331,688.250
688.334,688.256
688.331,688.250
688.326,688.237
688.332,688.251
688.334,688.257
688.332,688.250
688.326,688.237
688.324,688.233
688.327,688.240
688.330,688.247
688.333,688.254
688.336,688.260
688.338,688.265
688.340,688.270
688.336,688.262
688.339,688.267
688.335,688.259
688.329,688.245
688.327,688.240
688.322,688.228
688.320,688.224
688.316,688.213
688.312,688.204
688.308,688.196
688.305,688.188
688.305,688.188
688.310,688.200
688.318,688.218
688.322,688.227
688.328,688.242
688.331,688.249
688.328,688.243
688.323,688.231
688.321,688.226
688.325,688.235
688.323,688.230
688.326,688.238
688.332,688.252
688.330,688.246
688.324,688.234
688.323,688.229
688.326,688.237
688.324,688.232
688.319,688.221
688.318,688.218
688.314,688.208
688.321,688.225
688.324,688.233
688.323,688.229
688.318,688.218
688.317,688.215
688.321,688.225
688.319,688.221
688.318,688.218
688.322,688.227
688.325,688.235
688.328,688.243
688.323,688.231
688.313,688.207
688.312,688.205
688.309,688.197
688.308,688.196
688.305,688.188
688.313,688.207
688.318,688.217
688.316,688.214
688.320,688.224
688.319,688.220
688.323,688.229
688.329,688.244
688.332,688.251
688.303,688.182
688.308,688.195
688.308,688.194
688.305,688.186
688.305,688.186
688.305,688.186
688.302,688.179
688.302,688.180
688.299,688.174
688.300,688.175
688.297,688.169
688.298,688.171
688.296,688.166
688.305,688.187
688.310,688.199
688.309,688.198
688.314,688.209
688.321,688.226
688.325,688.234
688.323,688.230
688.318,688.219
688.309,688.196
688.314,688.208
688.310,688.199
688.309,688.198
688.302,688.180
688.307,688.193
688.304,688.186
688.304,688.186
688.309,688.198
688.309,688.197
688.314,688.208
688.313,688.206
688.309,688.197
688.309,688.196
688.305,688.188
688.305,688.188
688.310,688.200
688.307,688.192
688.312,688.204
688.316,688.214
688.315,688.212
688.311,688.202
688.311,688.201
688.307,688.193
688.307,688.192
688.304,688.185
688.301,688.178
688.301,688.179
688.299,688.173
688.273,688.111
688.276,688.118
688.276,688.117
688.275,688.117
688.278,688.124
688.278,688.123
688.280,688.129
688.288,688.147
688.286,688.144
688.288,688.148
688.295,688.164
688.288,688.147
688.286,688.144
688.288,688.148
688.287,688.145
688.286,688.142
688.288,688.146
688.286,688.143
688.288,688.147
688.287,688.144
688.288,688.148
688.287,688.145
688.286,688.142
688.280,688.127
688.271,688.107
688.271,688.107
688.266,688.096
688.267,688.098
688.271,688.106
688.266,688.094
688.267,688.096
688.267,688.098
688.271,688.106
688.271,688.107
688.274,688.115
688.277,688.122
688.277,688.121
688.277,688.120
688.271,688.107
688.272,688.108
688.272,688.109
688.267,688.097
688.268,688.099
688.263,688.088
688.259,688.078
688.260,688.082
688.256,688.072
688.253,688.064
688.255,688.069
688.252,688.061
688.249,688.054
688.243,688.040
688.249,688.054
688.246,688.048
688.249,688.054
688.246,688.047
688.243,688.041
688.246,688.048
688.249,688.055
688.246,688.048
688.249,688.055
688.243,688.041
688.241,688.036
688.236,688.024
688.240,688.033
688.243,688.041
688.241,688.035
688.244,688.043
688.247,688.050
688.244,688.044
688.239,688.031
688.242,688.039
688.248,688.053
688.251,688.059
688.253,688.064
688.250,688.057
688.244,688.043
688.239,688.031
688.245,688.046
688.240,688.033
688.235,688.022
688.242,688.037
688.237,688.026
688.240,688.034
688.246,688.049
688.241,688.036
688.236,688.024
688.235,688.020
688.233,688.017
688.229,688.007
688.233,688.018
688.232,688.015
688.228,688.005
688.232,688.015
688.231,688.013
688.235,688.022
688.239,688.031
688.245,688.046
688.248,688.052
688.251,688.058
688.248,688.051
688.242,688.038
688.245,688.046
688.251,688.059
688.245,688.045
688.248,688.052
688.253,688.065
688.255,688.069
688.249,688.055
688.254,688.067
688.248,688.052
688.243,688.039
688.240,688.034
688.238,688.029
688.242,688.038
688.237,688.026
688.243,688.041
688.246,688.048
688.249,688.055
688.254,688.067
688.256,688.072
688.250,688.057
688.247,688.050
688.250,688.056
688.252,688.062
688.249,688.054
688.243,688.041
688.246,688.048
688.244,688.042
688.247,688.049
688.249,688.055
688.246,688.049
688.244,688.042
688.247,688.049
688.244,688.043
688.247,688.050
688.242,688.037
688.237,688.026
688.235,688.022
688.231,688.012
688.227,688.002
688.223,687.994
688.223,687.993
688.220,687.985
688.220,687.985
688.220,687.985
688.217,687.979
688.214,687.973
688.215,687.974
688.213,687.968
688.218,687.982
688.219,687.982
688.219,687.983
688.216,687.976
688.221,687.989
688.221,687.989
688.226,688.001
688.223,687.993
688.223,687.992
688.228,688.004
688.224,687.995
688.224,687.994
688.223,687.993
688.220,687.986
688.217,687.979
688.217,687.980
688.218,687.980
688.223,687.993
688.220,687.985
688.220,687.985
688.217,687.979
688.222,687.992
688.222,687.991
688.219,687.984
688.224,687.996
688.224,687.995
688.229,688.007
688.225,687.998
688.225,687.997
688.221,687.989
688.226,688.001
688.226,687.999
688.225,687.998
688.222,687.990
688.222,687.990
688.219,687.982
688.216,687.976
688.221,687.989
688.221,687.989
688.226,688.001
688.223,687.992
688.222,687.992
688.227,688.003
688.224,687.995
688.223,687.994
688.228,688.005
688.233,688.016
688.239,688.032
688.243,688.040
688.238,688.028
688.236,688.024
688.240,688.033
688.243,688.040
688.241,688.035
688.244,688.043
688.239,688.031
688.237,688.026
688.241,688.035
688.247,688.049
688.249,688.055
688.252,688.061
688.246,688.047
688.235,688.022
688.231,688.012
688.227,688.002
688.226,688.001
688.223,687.992
688.220,687.985
688.220,687.985
688.220,687.985
688.225,687.997
688.221,687.989
688.221,687.989
688.226,688.001
688.223,687.993
688.231,688.011
688.227,688.002
688.223,687.994
688.223,687.993
688.228,688.004
688.232,688.015
688.231,688.012
688.235,688.022
688.231,688.012
688.230,688.009
688.234,688.019
688.230,688.009
688.229,688.007
688.233,688.017
688.237,688.026
688.243,688.041
688.241,688.036
688.236,688.025
688.235,688.021
688.233,688.017
688.237,688.027
688.233,688.016
688.231,688.013
688.230,688.010
688.235,688.020
688.230,688.010
688.229,688.008
688.234,688.018
688.229,688.008
688.234,688.018
688.232,688.015
688.236,688.025
688.240,688.033
688.246,688.048
688.249,688.054
688.243,688.041
688.241,688.035
688.239,688.030
688.242,688.039
688.237,688.027
688.236,688.023
688.239,688.032
688.235,688.020
688.233,688.017
688.229,688.007
688.233,688.018
688.232,688.015
688.228,688.005
688.232,688.015
688.228,688.006
688.228,688.004
688.232,688.014
688.231,688.012
688.235,688.022
688.239,688.030
688.237,688.026
688.235,688.022
688.231,688.012
688.235,688.022
688.234,688.018
688.229,688.008
688.234,688.018
688.230,688.009
688.229,688.006
688.228,688.004
688.224,687.996
688.221,687.988
688.221,687.988
688.226,688.000
688.223,687.992
688.222,687.991
688.222,687.991
688.219,687.983
688.224,687.996
688.224,687.995
688.223,687.994
688.220,687.986
688.220,687.986
688.220,687.986
688.225,687.998
688.230,688.009
688.237,688.026
688.241,688.035
688.236,688.023
688.239,688.032
688.235,688.021
688.233,688.017
688.240,688.033
688.243,688.041
688.246,688.048
688.244,688.042
688.247,688.049
688.249,688.055
688.247,688.049
688.241,688.036
688.244,688.044
688.242,688.038
688.237,688.026
688.233,688.016
688.229,688.006
688.228,688.004
688.232,688.015
688.228,688.005
688.227,688.003
688.227,688.001
688.223,687.993
688.220,687.986
688.220,687.986
688.220,687.986
688.217,687.979
688.214,687.973
688.215,687.974
688.213,687.968
688.210,687.963
688.219,687.984
688.219,687.984
688.225,687.997
688.229,688.008
688.228,688.006
688.225,687.997
688.221,687.989
688.229,688.008
688.226,687.999
688.230,688.010
688.237,688.027
688.233,688.016
688.237,688.025
688.243,688.041
688.246,688.048
688.241,688.035
688.247,688.049
688.249,688.056
688.244,688.042
688.241,688.037
688.237,688.025
688.232,688.014
688.231,688.012
688.227,688.002
688.232,688.013
688.230,688.010
688.229,688.008
688.234,688.018
688.237,688.027
688.236,688.023
688.239,688.032
688.243,688.040
688.241,688.035
688.244,688.042
688.239,688.030
688.242,688.038
688.240,688.033
688.235,688.022
688.231,688.012
688.230,688.009
688.234,688.019
688.230,688.009
688.229,688.007
688.236,688.024
688.240,688.033
688.238,688.028
688.241,688.036
688.244,688.044
688.250,688.057
688.244,688.044
688.247,688.050
688.245,688.044
688.242,688.039
688.245,688.046
688.251,688.059
688.256,688.071
688.250,688.056
688.252,688.062
688.249,688.055
688.251,688.060
688.246,688.046
688.251,688.060
688.253,688.065
688.247,688.050
688.253,688.063
688.255,688.068
688.249,688.054
688.246,688.047
688.249,688.054
688.243,688.040
688.241,688.035
688.239,688.030
688.234,688.019
688.230,688.009
688.229,688.007
688.228,688.005
688.224,687.996
688.229,688.008
688.228,688.005
688.233,688.016
688.237,688.025
688.243,688.040
688.246,688.048
688.249,688.054
688.243,688.041
688.246,688.048
688.239,688.030
688.242,688.038
688.240,688.033
688.243,688.041
688.246,688.048
688.244,688.042
688.238,688.030
688.234,688.019
688.230,688.009
688.234,688.019
688.230,688.009
688.229,688.007
688.225,687.998
688.230,688.009
688.229,688.007
688.233,688.017
688.237,688.026
688.235,688.022
688.239,688.031
688.242,688.039
688.248,688.053
688.251,688.059
688.245,688.045
688.243,688.039
688.238,688.027
688.272,688.109
688.275,688.116
688.275,688.116
688.267,688.097
688.270,688.105
688.263,688.087
688.264,688.090
688.260,688.080
688.253,688.064
688.255,688.069
688.252,688.061
688.254,688.066
688.248,688.052
688.245,688.045
688.248,688.052
688.250,688.058
688.247,688.051
688.250,688.057
688.252,688.062
688.249,688.055
688.252,688.061
688.257,688.073
688.250,688.058
688.253,688.063
688.249,688.056
688.243,688.039
688.240,688.034
688.236,688.023
688.239,688.032
688.237,688.027
688.241,688.036
688.244,688.043
688.239,688.031
688.237,688.026
688.233,688.016
688.231,688.013
688.227,688.003
688.224,687.995
688.223,687.994
688.223,687.993
688.220,687.985
688.220,687.985
688.220,687.985
688.225,687.998
688.222,687.990
688.221,687.989
688.219,687.982
688.216,687.976
688.213,687.970
688.211,687.965
688.209,687.960
688.210,687.962
688.211,687.964
688.209,687.960
688.210,687.962
688.219,687.983
688.224,687.996
688.229,688.007
688.228,688.005
688.232,688.015
688.236,688.025
688.235,688.021
688.239,688.030
688.234,688.019
688.233,688.016
688.237,688.025
688.232,688.015
688.231,688.012
688.227,688.003
688.226,688.001
688.226,687.999
688.222,687.991
688.219,687.984
688.219,687.984
688.216,687.977
688.222,687.990
688.222,687.990
688.221,687.989
688.227,688.001
688.223,687.993
688.223,687.992
688.228,688.004
688.235,688.021
688.239,688.030
688.234,688.019
688.233,688.016
688.232,688.013
688.228,688.004
688.232,688.014
688.239,688.031
688.242,688.039
688.240,688.034
688.238,688.029
688.234,688.018
688.237,688.027
688.236,688.023
688.231,688.013
688.235,688.023
688.234,688.019
688.238,688.028
688.244,688.043
688.242,688.037
688.237,688.026
688.235,688.022
688.234,688.018
688.230,688.008
688.229,688.006
688.228,688.004
688.224,687.996
688.224,687.995
688.229,688.006
688.233,688.016
688.232,688.013
688.239,688.030
688.234,688.019
688.241,688.035
688.244,688.042
688.239,688.030
688.237,688.026
688.240,688.034
688.236,688.023
688.234,688.019
688.230,688.009
688.234,688.019
688.233,688.016
688.237,688.025
688.232,688.015
688.231,688.012
688.230,688.009
688.234,688.019
688.233,688.016
688.240,688.032
688.243,688.040
688.241,688.035
688.244,688.042
688.247,688.049
688.252,688.062
688.254,688.067
688.251,688.060
688.256,688.072
688.258,688.076
688.254,688.067
688.256,688.072
688.258,688.076
688.254,688.067
688.256,688.072
688.258,688.076
688.254,688.067
688.256,688.072
688.261,688.082
688.262,688.085
688.263,688.088
688.267,688.098
688.268,688.099
688.268,688.101
688.264,688.090
688.265,688.092
688.269,688.101
688.269,688.102
688.270,688.103
688.273,688.111
688.273,688.112
688.276,688.119
688.276,688.118
688.276,688.118
688.270,688.105
688.271,688.106
688.271,688.107
688.266,688.095
688.267,688.097
688.260,688.080
688.256,688.071
688.252,688.063
688.246,688.049
688.244,688.042
688.250,688.056
688.252,688.062
688.249,688.054
688.254,688.067
688.256,688.071
688.253,688.063
688.258,688.075
688.259,688.079
688.263,688.089
688.264,688.091
688.265,688.093
688.269,688.102
688.270,688.103
688.265,688.092
688.268,688.101
688.269,688.102
688.264,688.091
688.257,688.074
688.251,688.059
688.248,688.052
688.250,688.058
688.245,688.044
688.242,688.039
688.245,688.046
688.248,688.052
688.245,688.046
688.240,688.034
688.243,688.041
688.249,688.055
688.252,688.061
688.246,688.047
688.243,688.041
688.246,688.048
688.244,688.042
688.247,688.049
688.241,688.036
688.239,688.031
688.243,688.039
688.238,688.027
688.236,688.023
688.240,688.032
688.246,688.047
688.248,688.053
688.251,688.059
688.256,688.071
688.250,688.056
688.252,688.062
688.257,688.074
688.259,688.078
688.263,688.088
688.264,688.090
688.265,688.093
688.269,688.102
688.269,688.103
688.265,688.092
688.268,688.101
688.269,688.102
688.264,688.091
688.265,688.093
688.266,688.095
688.270,688.104
688.270,688.105
688.273,688.112
688.273,688.113
688.274,688.113
688.268,688.101
688.269,688.102
688.264,688.091
688.265,688.093
688.258,688.076
688.263,688.087
688.264,688.089
688.265,688.092
688.260,688.082
688.254,688.066
688.250,688.058
688.245,688.045
688.248,688.051
688.245,688.045
688.248,688.051
688.242,688.038
688.240,688.033
688.243,688.041
688.249,688.055
688.252,688.061
688.254,688.066
688.250,688.058
688.245,688.045
688.248,688.051
688.253,688.064
688.255,688.069
688.260,688.080
688.261,688.083
688.262,688.086
688.258,688.077
688.252,688.061
688.254,688.066
688.259,688.078
688.260,688.081
688.253,688.065
688.250,688.058
688.253,688.063
688.247,688.049
688.244,688.043
688.247,688.050
688.244,688.043
688.242,688.038
688.245,688.045
688.243,688.039
688.248,688.053
688.243,688.040
688.241,688.035
688.244,688.043
688.247,688.050
688.244,688.043
688.239,688.031
688.234,688.020
688.241,688.036
688.244,688.043
688.250,688.057
688.252,688.062
688.254,688.067
688.259,688.079
688.261,688.082
688.265,688.092
688.266,688.094
688.267,688.096
688.270,688.105
688.271,688.106
688.274,688.113
688.282,688.133
688.281,688.131
688.283,688.136
688.282,688.134
688.285,688.139
688.278,688.124
688.278,688.123
688.281,688.129
688.280,688.128
688.279,688.127
688.282,688.132
688.281,688.131
688.272,688.110
688.275,688.117
688.275,688.117
688.275,688.117
688.278,688.123
688.278,688.123
688.277,688.122
688.277,688.121
688.277,688.121
688.279,688.127
688.279,688.126
688.273,688.112
688.273,688.113
688.274,688.113
688.276,688.120
688.276,688.119
688.279,688.126
688.273,688.112
688.273,688.113
688.268,688.100
688.269,688.102
688.269,688.103
688.265,688.092
688.266,688.094
688.261,688.084
688.254,688.068
688.256,688.072
688.253,688.064
688.247,688.050
688.250,688.056
688.247,688.049
688.249,688.055
688.252,688.061
688.257,688.073
688.250,688.058
688.253,688.063
688.250,688.056
688.252,688.061
688.246,688.047
688.243,688.041
688.246,688.048
688.249,688.055
688.246,688.048
688.249,688.055
688.251,688.060
688.248,688.053
688.251,688.059
688.253,688.064
688.258,688.076
688.260,688.080
688.253,688.064
688.250,688.056
688.244,688.043
688.247,688.050
688.244,688.044
688.247,688.050
688.250,688.057
688.247,688.050
688.242,688.037
688.237,688.025
688.235,688.021
688.234,688.018
688.237,688.027
688.244,688.042
688.247,688.049
688.249,688.055
688.255,688.068
688.256,688.072
688.250,688.057
688.255,688.069
688.257,688.074
688.262,688.084
688.263,688.087
688.264,688.090
688.265,688.092
688.274,688.114
688.277,688.120
688.276,688.120
688.279,688.126
688.287,688.144
688.294,688.160
688.295,688.163
688.301,688.177
688.301,688.178
688.307,688.191
688.298,688.171
688.304,688.185
688.304,688.185
688.309,688.198
688.314,688.209
688.318,688.219
688.314,688.209
688.313,688.207
688.310,688.198
688.309,688.197
688.306,688.189
688.306,688.189
688.311,688.201
688.310,688.199
688.307,688.191
688.306,688.191
688.303,688.184
688.303,688.184
688.301,688.177
688.298,688.171
688.299,688.173
688.296,688.167
688.297,688.169
688.296,688.165
688.294,688.160
688.295,688.163
688.293,688.158
688.294,688.161
688.292,688.156
688.293,688.159
688.291,688.155
688.290,688.151
688.291,688.155
688.298,688.170
688.290,688.152
688.297,688.168
688.295,688.163
688.295,688.165
688.293,688.160
688.294,688.162
688.293,688.158
688.291,688.154
688.292,688.157
688.290,688.153
688.284,688.137
688.291,688.154
688.292,688.157
688.290,688.153
688.289,688.149
688.290,688.153
688.289,688.149
688.282,688.134
688.282,688.132
688.281,688.130
688.280,688.129
688.280,688.127
688.282,688.133
688.273,688.112
688.276,688.119
688.279,688.125
688.278,688.124
688.273,688.111
688.273,688.112
688.276,688.119
688.284,688.137
688.283,688.135
688.285,688.140
688.284,688.138
688.286,688.142
688.285,688.139
688.287,688.144
688.285,688.141
688.284,688.139
688.280,688.128
688.279,688.127
688.279,688.125
688.281,688.131
688.281,688.129
688.280,688.128
688.279,688.127
688.279,688.126
688.281,688.131
688.281,688.130
688.280,688.128
688.282,688.134
688.282,688.132
688.276,688.118
688.284,688.137
688.286,688.141
688.285,688.139
688.284,688.137
688.286,688.141
688.284,688.139
688.284,688.136
688.285,688.141
688.284,688.139
688.278,688.124
688.278,688.123
688.272,688.110
688.267,688.098
688.268,688.100
688.272,688.108
688.280,688.128
688.274,688.114
688.274,688.114
688.274,688.114
688.277,688.121
688.277,688.121
688.279,688.127
688.279,688.126
688.279,688.125
688.281,688.130
688.280,688.129
688.283,688.134
688.282,688.132
688.289,688.150
688.291,688.153
688.289,688.149
688.290,688.153
688.289,688.149
688.282,688.134
688.282,688.132
688.289,688.149
688.290,688.153
688.297,688.168
688.298,688.170
688.304,688.184
688.304,688.184
688.301,688.178
688.301,688.178
688.299,688.172
688.296,688.167
688.289,688.149
688.296,688.165
688.296,688.167
688.294,688.162
688.292,688.158
688.299,688.173
688.297,688.167
688.297,688.169
688.303,688.183
688.303,688.183
688.309,688.196
688.308,688.195
688.313,688.206
688.312,688.204
688.308,688.196
688.313,688.207
688.312,688.205
688.309,688.197
688.308,688.196
688.305,688.188
688.302,688.181
688.302,688.181
688.308,688.194
688.307,688.193
688.304,688.186
688.301,688.179
688.302,688.180
688.291,688.154
688.284,688.138
688.283,688.136
688.285,688.141
688.284,688.138
688.283,688.136
688.285,688.141
688.284,688.138
688.286,688.143
688.285,688.140
688.292,688.157
688.290,688.153
688.289,688.149
688.290,688.153
688.289,688.149
688.282,688.134
688.276,688.119
688.268,688.100
688.271,688.108
688.267,688.096
688.267,688.098
688.271,688.106
688.271,688.107
688.274,688.115
688.277,688.121
688.269,688.102
688.272,688.110
688.272,688.110
688.265,688.092
688.268,688.101
688.269,688.102
688.272,688.110
688.273,688.110
688.268,688.099
688.268,688.100
688.277,688.121
688.279,688.127
688.279,688.126
688.281,688.131
688.281,688.130
688.283,688.135
688.282,688.133
688.281,688.131
688.284,688.137
688.283,688.135
688.285,688.139
688.284,688.137
688.286,688.142
688.285,688.139
688.284,688.137
688.286,688.141
688.293,688.158
688.294,688.160
688.292,688.156
688.293,688.159
688.299,688.174
688.297,688.168
688.298,688.170
688.295,688.165
688.288,688.147
688.287,688.144
688.286,688.142
688.285,688.139
688.292,688.156
688.293,688.159
688.291,688.155
688.292,688.157
688.293,688.160
688.292,688.156
688.285,688.139
688.284,688.137
688.286,688.142
688.285,688.139
688.292,688.156
688.293,688.159
688.291,688.155
688.292,688.157
688.291,688.153
688.292,688.156
688.290,688.153
688.284,688.137
688.286,688.141
688.284,688.139
688.286,688.143
688.285,688.140
688.284,688.138
688.283,688.136
688.277,688.122
688.280,688.128
688.279,688.126
688.282,688.132
688.281,688.131
688.275,688.117
688.275,688.116
688.283,688.135
688.290,688.153
688.289,688.149
688.290,688.152
688.297,688.168
688.289,688.150
688.288,688.147
688.290,688.151
688.288,688.147
688.290,688.151
688.288,688.148
688.287,688.145
688.289,688.148
688.287,688.145
688.289,688.149
688.287,688.146
688.289,688.150
688.288,688.146
688.289,688.150
688.288,688.147
688.287,688.144
688.288,688.148
688.295,688.164
688.296,688.166
688.294,688.161
688.292,688.156
688.293,688.159
688.291,688.155
688.293,688.158
688.291,688.154
688.292,688.157
688.298,688.172
688.296,688.167
688.297,688.168
688.303,688.182
688.303,688.183
688.300,688.176
688.301,688.177
688.298,688.171
688.304,688.185
688.304,688.185
688.301,688.178
688.301,688.179
688.307,688.192
688.307,688.191
688.312,688.203
688.311,688.201
688.307,688.193
688.304,688.186
688.296,688.167
688.294,688.162
688.295,688.164
688.293,688.159
688.294,688.162
688.300,688.177
688.298,688.171
688.299,688.172
688.296,688.167
688.297,688.168
688.295,688.163
688.288,688.146
688.289,688.150
688.288,688.147
688.289,688.150
688.296,688.166
688.297,688.168
688.295,688.163
688.293,688.158
688.294,688.161
688.292,688.157
688.293,688.159
688.299,688.174
688.297,688.169
688.290,688.151
688.296,688.167
688.289,688.149
688.288,688.146
688.281,688.131
688.281,688.129
688.280,688.128
688.282,688.134
688.282,688.132
688.284,688.137
688.278,688.122
688.285,688.141
688.287,688.145
688.286,688.142
688.288,688.146
688.286,688.143
688.288,688.147
688.287,688.144
688.280,688.129
688.280,688.128
688.279,688.127
688.282,688.132
688.281,688.131
688.283,688.136
688.282,688.134
688.282,688.132
688.284,688.137
688.283,688.135
688.285,688.140
688.292,688.156
688.293,688.159
688.291,688.155
688.290,688.151
688.291,688.155
688.290,688.151
688.283,688.135
688.282,688.133
688.281,688.131
688.284,688.137
688.283,688.135
688.277,688.120
688.279,688.127
688.279,688.125
688.281,688.131
688.281,688.129
688.280,688.128
688.274,688.114
688.274,688.114
688.269,688.102
688.270,688.103
688.273,688.111
688.276,688.118
688.276,688.118
688.278,688.124
688.278,688.123
688.278,688.123
688.272,688.110
688.272,688.110
688.275,688.117
688.275,688.117
688.275,688.117
688.275,688.117
688.283,688.136
688.293,688.160
688.292,688.155
688.293,688.158
688.291,688.154
688.292,688.157
688.291,688.153
688.292,688.156
688.290,688.152
688.292,688.156
688.290,688.152
688.291,688.155
688.290,688.151
688.296,688.167
688.297,688.168
688.295,688.163
688.296,688.166
688.294,688.161
688.287,688.144
688.294,688.160
688.292,688.156
688.285,688.140
688.284,688.137
688.286,688.142
688.285,688.139
688.287,688.144
688.285,688.141
688.287,688.145
688.286,688.142
688.293,688.159
688.294,688.161
688.300,688.176
688.301,688.177
688.301,688.178
688.298,688.172
688.299,688.173
688.297,688.168
688.297,688.169
688.303,688.183
688.303,688.183
688.303,688.184
688.301,688.177
688.301,688.178
688.299,688.172
688.299,688.173
688.305,688.187
688.305,688.187
688.302,688.180
688.310,688.200
688.315,688.211
688.306,688.189
688.303,688.182
688.308,688.195
688.308,688.194
688.305,688.186
688.305,688.186
688.305,688.186
688.302,688.179
688.302,688.180
688.299,688.174
688.300,688.175
688.305,688.188
688.302,688.181
688.303,688.182
688.300,688.175
688.300,688.176
688.298,688.171
688.299,688.172
688.296,688.167
688.294,688.162
688.295,688.164
688.293,688.159
688.291,688.155
688.290,688.151
688.291,688.155
688.292,688.158
688.291,688.154
688.292,688.157
688.298,688.172
688.296,688.166
688.289,688.149
688.295,688.165
688.296,688.167
688.302,688.181
688.294,688.162
688.293,688.158
688.299,688.173
688.299,688.174
688.297,688.168
688.298,688.170
688.303,688.184
688.304,688.184
688.301,688.177
688.298,688.171
688.291,688.154
688.289,688.150
688.291,688.153
688.297,688.169
688.298,688.170
688.296,688.165
688.294,688.160
688.295,688.163
688.293,688.158
688.294,688.161
688.292,688.157
688.293,688.159
688.299,688.174
688.300,688.175
688.297,688.169
688.298,688.171
688.312,688.204
688.309,688.196
688.308,688.195
688.305,688.187
688.297,688.168
688.303,688.182
688.303,688.182
688.300,688.176
688.301,688.177
688.306,688.190
688.306,688.190
688.311,688.202
688.310,688.200
688.310,688.199
688.306,688.191
688.306,688.190
688.311,688.202
688.319,688.220
688.314,688.210
688.313,688.207
688.312,688.205
688.317,688.216
688.316,688.213
688.320,688.222
688.326,688.238
688.326,688.236
688.321,688.225
688.319,688.221
688.323,688.230
688.318,688.219
688.325,688.235
688.328,688.243
688.326,688.237
688.321,688.226
688.328,688.241
688.323,688.229
688.321,688.225
688.324,688.233
688.323,688.229
688.326,688.237
688.332,688.251
688.335,688.257
688.332,688.251
688.326,688.238
688.324,688.233
688.327,688.241
688.325,688.235
688.328,688.243
688.334,688.257
688.337,688.262
688.310,688.199
688.307,688.191
688.306,688.191
688.311,688.203
688.311,688.201
688.307,688.193
688.307,688.192
688.304,688.185
688.309,688.197
688.306,688.189
688.303,688.182
688.303,688.183
688.308,688.195
688.308,688.194
688.313,688.206
688.312,688.204
688.316,688.215
688.315,688.212
688.319,688.222
688.318,688.218
688.314,688.208
688.310,688.200
688.307,688.191
688.304,688.184
688.304,688.184
688.287,688.146
688.286,688.143
688.280,688.128
688.274,688.114
688.274,688.114
688.277,688.121
688.277,688.120
688.276,688.120
688.271,688.107
688.271,688.108
688.274,688.115
688.274,688.115
688.274,688.115
688.277,688.122
688.269,688.102
688.270,688.103
688.273,688.111
688.265,688.092
688.266,688.095
688.261,688.084
688.263,688.087
688.259,688.077
688.255,688.069
688.257,688.073
688.250,688.058
688.247,688.051
688.250,688.057
688.247,688.050
688.245,688.044
688.247,688.051
688.250,688.057
688.247,688.050
688.242,688.037
688.237,688.026
688.235,688.022
688.231,688.012
688.235,688.021
688.242,688.037
688.245,688.044
688.247,688.051
688.245,688.045
688.240,688.032
688.243,688.040
688.249,688.054
688.243,688.041
688.238,688.029
688.234,688.018
688.232,688.015
688.236,688.024
688.240,688.033
688.235,688.022
688.234,688.018
688.229,688.008
688.234,688.018
688.232,688.015
688.231,688.012
688.227,688.003
688.224,687.995
688.223,687.994
688.223,687.993
688.220,687.985
688.220,687.985
688.220,687.985
688.217,687.979
688.214,687.973
688.207,687.955
688.208,687.958
688.206,687.953
688.205,687.950
688.198,687.934
688.197,687.932
688.197,687.930
688.196,687.929
688.195,687.927
688.190,687.914
688.184,687.902
688.185,687.903
688.185,687.904
688.186,687.905
688.181,687.893
688.177,687.883
688.181,687.893
688.182,687.895
688.182,687.897
688.178,687.886
688.174,687.876
688.175,687.880
688.169,687.864
688.163,687.850
688.157,687.837
688.152,687.825
688.148,687.815
688.144,687.805
688.148,687.816
688.147,687.812
688.146,687.810
688.142,687.801
688.138,687.792
688.135,687.785
688.133,687.778
688.130,687.772
688.128,687.767
688.126,687.762
688.124,687.757
688.122,687.753
688.123,687.756
688.124,687.759
688.125,687.761
688.118,687.744
688.120,687.748
688.126,687.764
688.124,687.759
688.123,687.755
688.129,687.770
688.119,687.746
688.117,687.743
688.108,687.721
688.108,687.720
688.108,687.720
688.110,687.726
688.113,687.731
688.115,687.736
688.109,687.722
688.103,687.709
688.098,687.697
688.094,687.686
688.097,687.695
688.093,687.685
688.097,687.694
688.101,687.702
688.096,687.691
688.091,687.681
688.088,687.672
688.084,687.663
688.089,687.675
688.085,687.666
688.090,687.677
688.094,687.687
688.090,687.678
688.086,687.669
688.083,687.661
688.080,687.653
688.074,687.640
688.069,687.628
688.067,687.624
688.066,687.620
688.064,687.616
688.055,687.594
688.054,687.593
688.054,687.592
688.051,687.585
688.056,687.597
688.053,687.589
688.050,687.582
688.047,687.576
688.045,687.570
688.042,687.564
688.043,687.566
688.036,687.549
688.029,687.533
688.023,687.519
688.023,687.518
688.023,687.518
688.023,687.517
688.022,687.517
688.017,687.504
688.020,687.512
688.020,687.512
688.012,687.493
688.013,687.495
688.006,687.478
688.007,687.482
688.003,687.472
687.997,687.457
687.999,687.462
688.001,687.467
687.995,687.453
687.998,687.459
687.995,687.451
687.992,687.445
687.987,687.432
687.982,687.421
687.978,687.411
687.977,687.408
687.981,687.418
687.979,687.415
687.983,687.424
687.979,687.414
687.983,687.423
687.981,687.419
687.977,687.410
687.973,687.400
687.978,687.411
687.969,687.389
687.968,687.389
687.965,687.382
687.963,687.375
687.955,687.357
687.953,687.353
687.951,687.349
687.953,687.352
687.951,687.349
687.950,687.345
687.949,687.342
687.950,687.346
687.949,687.343
687.940,687.321
687.934,687.308
687.926,687.290
687.919,687.273
687.921,687.277
687.922,687.280
687.924,687.283
687.920,687.274
687.921,687.277
687.923,687.281
687.919,687.272
687.912,687.257
687.915,687.262
687.912,687.254
687.906,687.241
687.901,687.229
687.899,687.224
687.902,687.233
687.900,687.228
687.896,687.217
687.892,687.207
687.891,687.205
687.895,687.215
687.899,687.225
687.895,687.214
687.891,687.205
687.887,687.196
687.884,687.188
687.881,687.181
687.878,687.175
687.875,687.169
687.873,687.164
687.871,687.159
687.878,687.174
687.875,687.168
687.873,687.163
687.871,687.158
687.869,687.154
687.860,687.131
687.862,687.136
687.861,687.134
687.855,687.119
687.854,687.119
687.849,687.106
687.849,687.106
687.844,687.095
687.845,687.096
687.838,687.079
687.839,687.082
687.840,687.085
687.841,687.088
687.834,687.071
687.836,687.075
687.832,687.066
687.826,687.052
687.821,687.039
687.816,687.027
687.806,687.003
687.802,686.995
687.799,686.987
687.796,686.980
687.793,686.974
687.785,686.955
687.784,686.951
687.782,686.948
687.781,686.944
687.782,686.948
687.781,686.945
687.780,686.942
687.779,686.939
687.777,686.936
687.777,686.934
687.778,686.939
687.777,686.936
687.768,686.915
687.763,686.902
687.763,686.903
687.764,686.904
687.767,686.912
687.767,686.912
687.770,686.918
687.762,686.899
687.762,686.900
687.758,686.889
687.758,686.891
687.751,686.874
687.748,686.866
687.750,686.870
687.746,686.861
687.740,686.847
687.735,686.835
687.732,686.829
687.728,686.818
687.724,686.808
687.720,686.799
687.724,686.810
687.728,686.820
687.727,686.816
687.731,686.826
687.734,686.834
687.732,686.829
687.736,686.837
687.731,686.825
687.726,686.814
687.730,686.824
687.726,686.813
687.722,686.804
687.718,686.795
687.715,686.787
687.714,686.787
687.719,686.799
687.716,686.791
687.713,686.783
687.710,686.777
687.708,686.770
687.705,686.765
687.706,686.766
687.704,686.761
687.702,686.757
687.695,686.740
687.694,686.737
687.693,686.735
687.686,686.720
687.686,686.719
687.686,686.719
687.686,686.718
687.688,686.724
687.688,686.723
687.687,686.722
687.687,686.721
687.687,686.721
687.686,686.720
687.686,686.719
687.680,686.706
687.675,686.694
687.676,686.696
687.669,686.679
687.662,686.663
687.664,686.668
687.666,686.672
687.668,686.676
687.661,686.660
687.666,686.672
687.668,686.676
687.661,686.660
687.655,686.646
687.658,686.652
687.660,686.658
687.662,686.663
687.664,686.668
687.666,686.672
687.663,686.664
687.664,686.668
687.666,686.673
687.660,686.657
687.665,686.669
687.659,686.654
687.653,686.641
687.648,686.629
687.643,686.618
687.639,686.608
687.635,686.599
687.632,686.591
687.629,686.583
687.626,686.576
687.631,686.589
687.628,686.582
687.625,686.576
687.631,686.589
687.624,686.572
687.621,686.566
687.619,686.561
687.617,686.556
687.616,686.552
687.617,686.555
687.610,686.538
687.609,686.536
687.608,686.534
687.607,686.532
687.606,686.530
687.608,686.535
687.610,686.539
687.609,686.537
687.608,686.534
687.607,686.532
687.606,686.530
687.606,686.529
687.600,686.515
687.594,686.502
687.597,686.509
687.600,686.516
687.600,686.516
687.600,686.516
687.600,686.515
687.590,686.492
687.583,686.475
687.576,686.460
687.579,686.465
687.572,686.450
687.567,686.437
687.562,686.425
687.565,686.434
687.563,686.429
687.561,686.424
687.568,686.439
687.565,686.433
687.569,686.441
687.566,686.435
687.561,686.423
687.565,686.432
687.568,686.440
687.571,686.447
687.574,686.453
687.568,686.440
687.571,686.447
687.574,686.453
687.568,686.440
687.571,686.447
687.566,686.434
687.581,686.470
687.582,686.474
687.576,686.458
687.573,686.451
687.578,686.463
687.583,686.474
687.579,686.465
687.584,686.476
687.580,686.467
687.584,686.478
687.586,686.481
687.587,686.484
687.588,686.487
687.589,686.490
687.590,686.492
687.591,686.494
687.592,686.496
687.592,686.497
687.593,686.499
687.586,686.481
687.587,686.484
687.588,686.487
687.589,686.489
687.590,686.492
687.583,686.475
687.584,686.478
687.578,686.463
687.580,686.467
687.582,686.472
687.583,686.476
687.585,686.479
687.586,686.482
687.587,686.485
687.588,686.488
687.581,686.471
687.583,686.475
687.585,686.479
687.578,686.463
687.572,686.449
687.574,686.455
687.577,686.460
687.579,686.465
687.581,686.470
687.582,686.474
687.584,686.478
687.585,686.481
687.587,686.484
687.591,686.493
687.591,686.495
687.592,686.497
687.593,686.498
687.593,686.500
687.594,686.501
687.586,686.483
687.580,686.467
687.581,686.471
687.575,686.456
687.577,686.462
687.579,686.466
687.581,686.471
687.583,686.475
687.579,686.466
687.576,686.458
687.573,686.450
687.578,686.463
687.582,686.474
687.587,686.484
687.588,686.487
687.589,686.489
687.590,686.491
687.591,686.494
687.600,686.514
687.591,686.495
687.592,686.497
687.585,686.479
687.586,686.483
687.587,686.486
687.589,686.488
687.589,686.490
687.590,686.493
687.583,686.476
687.585,686.479
687.586,686.482
687.587,686.485
687.588,686.488
687.589,686.490
687.590,686.493
687.586,686.482
687.590,686.491
687.585,686.481
687.589,686.490
687.585,686.480
687.594,686.502
687.595,686.503
687.595,686.504
687.596,686.505
687.596,686.506
687.596,686.506
687.596,686.507
687.589,686.488
687.590,686.491
687.591,686.493
687.594,686.501
687.586,686.483
687.580,686.467
687.573,686.452
687.576,686.458
687.578,686.463
687.580,686.468
687.582,686.472
687.583,686.476
687.588,686.486
687.591,686.495
687.587,686.484
687.583,686.474
687.584,686.478
687.586,686.481
687.587,686.484
687.588,686.487
687.589,686.489
687.590,686.492
687.591,686.494
687.592,686.496
687.592,686.497
687.593,686.499
687.594,686.500
687.594,686.501
687.595,686.502
687.595,686.504
687.595,686.504
687.596,686.505
687.596,686.506
687.596,686.507
687.597,686.507
687.597,686.508
687.600,686.515
687.602,686.521
687.602,686.520
687.602,686.520
687.602,686.519
687.601,686.518
687.601,686.518
687.601,686.517
687.601,686.517
687.600,686.517
687.600,686.516
687.592,686.497
687.601,686.517
687.601,686.517
687.603,686.523
687.606,686.529
687.608,686.533
687.607,686.532
687.606,686.530
687.605,686.528
687.605,686.527
687.604,686.526
687.604,686.524
687.603,686.523
687.598,686.510
687.598,686.510
687.598,686.510
687.590,686.491
687.599,686.513
687.599,686.513
687.599,686.513
687.607,686.532
687.606,686.530
687.605,686.528
687.613,686.546
687.612,686.543
687.610,686.540
687.609,686.537
687.608,686.535
687.607,686.533
687.607,686.531
687.606,686.529
687.605,686.528
687.605,686.526
687.604,686.525
687.604,686.524
687.603,686.523
687.603,686.522
687.602,686.521
687.602,686.520
687.602,686.520
687.602,686.519
687.601,686.518
687.601,686.518
687.601,686.517
687.601,686.517
687.600,686.517
687.600,686.516
687.600,686.516
687.600,686.516
687.600,686.515
687.608,686.534
687.607,686.532
687.606,686.530
687.606,686.529
687.605,686.527
687.607,686.532
687.614,686.550
687.621,686.565
687.619,686.560
687.625,686.575
687.622,686.569
687.620,686.563
687.618,686.559
687.619,686.561
687.617,686.556
687.623,686.571
687.629,686.585
687.634,686.597
687.631,686.589
687.628,686.582
687.625,686.575
687.623,686.569
687.623,686.570
687.621,686.565
687.627,686.579
687.624,686.573
687.624,686.573
687.625,686.574
687.625,686.575
687.622,686.569
687.620,686.563
687.618,686.559
687.616,686.554
687.623,686.569
687.620,686.564
687.629,686.585
687.626,686.578
687.632,686.591
687.629,686.583
687.634,686.596
687.630,686.588
687.630,686.587
687.630,686.586
687.627,686.580
687.632,686.592
687.637,686.604
687.634,686.595
687.630,686.587
687.630,686.587
687.635,686.599
687.632,686.591
687.629,686.583
687.626,686.576
687.623,686.570
687.629,686.584
687.626,686.577
687.631,686.590
687.636,686.602
687.641,686.612
687.645,686.622
687.649,686.631
687.647,686.626
687.645,686.621
687.640,686.611
687.636,686.602
687.633,686.594
687.630,686.586
687.629,686.585
687.629,686.585
687.634,686.597
687.631,686.589
687.636,686.601
687.633,686.593
687.632,686.591
687.637,686.603
687.633,686.594
687.638,686.606
687.642,686.616
687.638,686.606
687.635,686.597
687.639,686.608
687.635,686.599
687.640,686.610
687.644,686.620
687.648,686.629
687.643,686.618
687.642,686.614
687.638,686.605
687.634,686.596
687.639,686.607
687.643,686.617
687.641,686.614
687.640,686.610
687.636,686.601
687.641,686.612
687.637,686.603
687.641,686.613
687.645,686.623
687.649,686.631
687.644,686.620
687.640,686.610
687.636,686.600
687.632,686.592
687.637,686.604
687.642,686.614
687.646,686.624
687.649,686.632
687.652,686.640
687.650,686.634
687.653,686.642
687.648,686.629
687.651,686.637
687.654,686.645
687.660,686.658
687.662,686.663
687.664,686.668
687.666,686.672
687.662,686.663
687.664,686.668
687.658,686.653
687.661,686.659
687.663,686.664
687.657,686.650
687.659,686.656
687.654,686.642
687.648,686.630
687.644,686.619
687.639,686.609
687.635,686.600
687.635,686.598
687.631,686.590
687.628,686.582
687.625,686.576
687.626,686.576
687.631,686.589
687.636,686.601
687.641,686.612
687.645,686.621
687.648,686.630
687.652,686.638
687.655,686.645
687.657,686.652
687.663,686.664
687.665,686.669
687.666,686.673
687.668,686.677
687.669,686.680
687.671,686.683
687.664,686.667
687.666,686.671
687.659,686.656
687.662,686.662
687.664,686.667
687.660,686.658
687.662,686.664
687.656,686.649
687.651,686.636
687.649,686.631
687.652,686.639
687.655,686.646
687.650,686.633
687.653,686.641
687.650,686.635
687.654,686.642
687.656,686.649
687.659,686.655
687.664,686.667
687.658,686.653
687.660,686.658
687.662,686.664
687.664,686.668
687.666,686.673
687.668,686.676
687.669,686.680
687.671,686.683
687.672,686.686
687.668,686.676
687.661,686.661
687.663,686.666
687.657,686.651
687.652,686.638
687.655,686.645
687.657,686.652
687.652,686.638
687.655,686.646
687.650,686.633
687.647,686.628
687.651,686.636
687.646,686.624
687.649,686.633
687.655,686.647
687.658,686.653
687.660,686.659
687.663,686.664
687.665,686.669
687.669,686.679
687.670,686.682
687.664,686.666
687.666,686.671
687.670,686.681
687.671,686.684
687.672,686.687
687.673,686.690
687.666,686.673
687.688,686.724
687.688,686.723
687.687,686.722
687.687,686.721
687.686,686.720
687.686,686.720
687.689,686.726
687.696,686.743
687.695,686.740
687.694,686.738
687.701,686.755
687.707,686.770
687.705,686.764
687.711,686.778
687.708,686.772
687.706,686.767
687.704,686.761
687.702,686.757
687.700,686.753
687.698,686.749
687.700,686.752
687.698,686.748
687.705,686.764
687.703,686.759
687.701,686.755
687.729,686.821
687.733,686.830
687.736,686.838
687.739,686.845
687.742,686.851
687.744,686.857
687.746,686.863
687.748,686.868
687.742,686.853
687.745,686.859
687.747,686.864
687.749,686.869
687.745,686.860
687.747,686.865
687.741,686.851
687.744,686.857
687.746,686.862
687.751,686.873
687.753,686.877
687.749,686.868
687.751,686.872
687.752,686.876
687.748,686.867
687.750,686.872
687.752,686.876
687.758,686.891
687.759,686.893
687.760,686.895
687.763,686.903
687.764,686.904
687.764,686.905
687.773,686.925
687.775,686.930
687.774,686.929
687.774,686.927
687.776,686.932
687.775,686.931
687.777,686.935
687.776,686.933
687.775,686.931
687.775,686.930
687.774,686.928
687.773,686.927
687.773,686.925
687.775,686.931
687.774,686.929
687.782,686.947
687.780,686.943
687.774,686.928
687.773,686.926
687.773,686.925
687.772,686.924
687.772,686.923
687.774,686.929
687.774,686.927
687.776,686.932
687.775,686.931
687.777,686.935
687.784,686.952
687.783,686.949
687.781,686.945
687.780,686.942
687.779,686.939
687.786,686.956
687.779,686.939
687.778,686.937
687.777,686.935
687.776,686.933
687.778,686.937
687.777,686.935
687.784,686.952
687.790,686.967
687.788,686.962
687.786,686.957
687.787,686.960
687.794,686.974
687.791,686.969
687.789,686.963
687.795,686.978
687.795,686.978
687.801,686.991
687.800,686.990
687.797,686.983
687.797,686.983
687.794,686.976
687.800,686.989
687.797,686.982
687.802,686.994
687.809,687.012
687.814,687.022
687.817,687.031
687.812,687.019
687.808,687.009
687.812,687.019
687.808,687.009
687.812,687.019
687.819,687.034
687.822,687.042
687.817,687.030
687.820,687.038
687.815,687.026
687.811,687.015
687.807,687.005
687.803,686.997
687.810,687.014
687.814,687.024
687.813,687.020
687.816,687.029
687.820,687.037
687.823,687.044
687.820,687.038
687.815,687.026
687.814,687.022
687.809,687.012
687.808,687.009
687.804,687.000
687.809,687.011
687.813,687.020
687.809,687.010
687.805,687.001
687.801,686.993
687.806,687.004
687.802,686.995
687.802,686.994
687.799,686.986
687.806,687.005
687.811,687.015
687.807,687.006
687.803,686.997
687.808,687.008
687.812,687.018
687.808,687.008
687.804,686.999
687.800,686.991
687.797,686.984
687.795,686.977
687.800,686.990
687.797,686.983
687.794,686.976
687.800,686.989
687.805,687.001
687.804,686.999
687.800,686.991
687.808,687.009
687.812,687.019
687.811,687.015
687.815,687.025
687.813,687.021
687.817,687.030
687.812,687.019
687.816,687.028
687.819,687.036
687.815,687.024
687.818,687.033
687.821,687.040
687.824,687.047
687.819,687.035
687.822,687.042
687.820,687.036
687.823,687.044
687.828,687.057
687.831,687.062
687.827,687.055
687.830,687.060
687.827,687.053
687.829,687.058
687.831,687.064
687.825,687.049
687.828,687.055
687.825,687.048
687.827,687.055
687.824,687.048
687.827,687.054
687.821,687.041
687.816,687.028
687.820,687.036
687.823,687.044
687.826,687.051
687.828,687.056
687.822,687.043
687.820,687.037
687.815,687.025
687.813,687.021
687.817,687.030
687.812,687.019
687.816,687.028
687.811,687.017
687.815,687.026
687.819,687.034
687.822,687.042
687.817,687.030
687.823,687.044
687.826,687.051
687.828,687.057
687.831,687.062
687.833,687.067
687.837,687.078
687.839,687.081
687.840,687.084
687.836,687.075
687.837,687.078
687.841,687.088
687.843,687.091
687.846,687.099
687.855,687.120
687.855,687.119
687.854,687.119
687.862,687.137
687.861,687.135
687.868,687.152
687.867,687.148
687.865,687.145
687.864,687.142
687.858,687.127
687.857,687.125
687.857,687.124
687.859,687.130
687.858,687.128
687.860,687.133
687.860,687.131
687.859,687.130
687.858,687.128
687.858,687.127
687.857,687.125
687.857,687.124
687.856,687.123
687.859,687.129
687.858,687.127
687.857,687.126
687.865,687.144
687.864,687.141
687.863,687.138
687.870,687.155
687.868,687.151
687.866,687.147
687.865,687.144
687.867,687.148
687.865,687.144
687.864,687.142
687.866,687.145
687.864,687.142
687.863,687.140
687.865,687.144
687.864,687.141
687.871,687.157
687.869,687.153
687.867,687.149
687.866,687.146
687.865,687.143
687.871,687.159
687.870,687.155
687.868,687.151
687.869,687.154
687.868,687.150
687.869,687.153
687.875,687.168
687.873,687.163
687.871,687.158
687.869,687.154
687.868,687.150
687.869,687.153
687.867,687.150
687.866,687.146
687.867,687.150
687.874,687.165
687.880,687.179
687.880,687.180
687.885,687.192
687.885,687.191
687.882,687.184
687.879,687.177
687.879,687.178
687.877,687.172
687.874,687.166
687.875,687.168
687.873,687.162
687.879,687.177
687.887,687.196
687.892,687.208
687.888,687.199
687.887,687.197
687.884,687.189
687.889,687.201
687.888,687.199
687.885,687.191
687.882,687.184
687.882,687.184
687.887,687.196
687.892,687.207
687.899,687.224
687.897,687.220
687.893,687.210
687.889,687.201
687.896,687.218
687.900,687.227
687.904,687.235
687.901,687.230
687.905,687.238
687.900,687.226
687.898,687.222
687.902,687.231
687.897,687.220
687.893,687.210
687.897,687.219
687.895,687.216
687.899,687.225
687.895,687.215
687.899,687.224
687.894,687.213
687.898,687.223
687.897,687.219
687.900,687.228
687.904,687.236
687.902,687.231
687.897,687.220
687.901,687.229
687.899,687.224
687.903,687.233
687.906,687.241
687.903,687.235
687.899,687.223
687.902,687.232
687.897,687.221
687.901,687.230
687.896,687.219
687.895,687.215
687.899,687.225
687.903,687.233
687.901,687.228
687.896,687.217
687.900,687.227
687.906,687.241
687.912,687.255
687.914,687.261
687.916,687.266
687.918,687.270
687.920,687.274
687.924,687.285
687.926,687.287
687.919,687.271
687.920,687.275
687.917,687.266
687.918,687.271
687.912,687.256
687.909,687.249
687.912,687.255
687.914,687.261
687.911,687.253
687.916,687.265
687.918,687.270
687.920,687.274
687.916,687.265
687.918,687.270
687.920,687.274
687.922,687.278
687.918,687.269
687.919,687.273
687.921,687.277
687.923,687.281
687.919,687.271
687.912,687.256
687.915,687.262
687.919,687.273
687.921,687.277
687.923,687.281
687.924,687.284
687.920,687.274
687.921,687.278
687.923,687.281
687.924,687.284
687.928,687.294
687.929,687.296
687.930,687.297
687.930,687.299
687.934,687.307
687.934,687.308
687.934,687.308
687.929,687.296
687.930,687.298
687.931,687.299
687.939,687.320
687.942,687.326
687.944,687.331
687.943,687.330
687.943,687.328
687.942,687.327
687.936,687.313
687.928,687.294
687.929,687.296
687.925,687.285
687.928,687.294
687.937,687.315
687.937,687.315
687.940,687.322
687.940,687.321
687.939,687.320
687.939,687.320
687.942,687.326
687.944,687.331
687.943,687.330
687.943,687.328
687.942,687.327
687.944,687.332
687.944,687.330
687.943,687.329
687.945,687.334
687.944,687.332
687.944,687.330
687.943,687.329
687.942,687.327
687.945,687.333
687.944,687.331
687.943,687.329
687.937,687.315
687.937,687.315
687.937,687.315
687.937,687.315
687.945,687.334
687.939,687.319
687.939,687.319
687.939,687.318
687.933,687.305
687.933,687.306
687.934,687.307
687.934,687.308
687.937,687.315
687.937,687.315
687.937,687.315
687.932,687.302
687.935,687.310
687.935,687.310
687.935,687.310
687.935,687.311
687.938,687.317
687.941,687.324
687.940,687.323
687.940,687.322
687.943,687.328
687.934,687.307
687.934,687.308
687.934,687.308
687.929,687.296
687.938,687.317
687.938,687.317
687.938,687.317
687.932,687.304
687.933,687.305
687.933,687.306
687.934,687.306
687.937,687.314
687.945,687.333
687.944,687.331
687.951,687.349
687.953,687.352
687.951,687.348
687.950,687.345
687.949,687.342
687.942,687.327
687.942,687.326
687.941,687.324
687.941,687.323
687.943,687.329
687.942,687.328
687.942,687.326
687.936,687.313
687.936,687.313
687.936,687.313
687.936,687.313
687.931,687.301
687.932,687.302
687.932,687.303
687.941,687.323
687.935,687.310
687.935,687.310
687.935,687.310
687.928,687.293
687.929,687.295
687.929,687.297
687.930,687.298
687.931,687.300
687.926,687.288
687.927,687.291
687.928,687.293
687.929,687.295
687.924,687.284
687.925,687.287
687.927,687.290
687.935,687.311
687.938,687.318
687.941,687.324
687.941,687.323
687.940,687.322
687.935,687.309
687.935,687.309
687.935,687.310
687.943,687.329
687.943,687.328
687.945,687.333
687.944,687.331
687.943,687.329
687.945,687.333
687.947,687.338
687.946,687.336
687.945,687.334
687.939,687.319
687.933,687.306
687.934,687.307
687.926,687.289
687.922,687.279
687.923,687.282
687.924,687.285
687.928,687.294
687.929,687.296
687.930,687.298
687.931,687.299
687.931,687.301
687.932,687.302
687.932,687.303
687.933,687.304
687.936,687.312
687.936,687.312
687.936,687.312
687.936,687.312
687.936,687.312
687.936,687.313
687.931,687.300
687.932,687.302
687.932,687.303
687.927,687.291
687.928,687.294
687.929,687.295
687.922,687.278
687.926,687.288
687.927,687.291
687.920,687.274
687.921,687.277
687.915,687.262
687.909,687.248
687.906,687.241
687.901,687.229
687.904,687.237
687.902,687.232
687.906,687.240
687.909,687.247
687.914,687.260
687.908,687.246
687.903,687.233
687.901,687.229
687.896,687.218
687.895,687.214
687.891,687.205
687.887,687.196
687.884,687.188
687.881,687.181
687.886,687.194
687.885,687.193
687.890,687.204
687.895,687.215
687.891,687.205
687.887,687.196
687.892,687.207
687.891,687.205
687.895,687.215
687.894,687.212
687.890,687.203
687.894,687.213
687.893,687.210
687.897,687.220
687.893,687.210
687.892,687.207
687.888,687.198
687.885,687.190
687.884,687.190
687.889,687.201
687.888,687.200
687.893,687.210
687.889,687.201
687.886,687.193
687.891,687.204
687.895,687.215
687.894,687.212
687.898,687.221
687.901,687.230
687.897,687.219
687.893,687.209
687.889,687.200
687.893,687.211
687.889,687.202
687.889,687.200
687.885,687.192
687.882,687.184
687.879,687.177
687.877,687.171
687.869,687.153
687.867,687.150
687.866,687.146
687.865,687.143
687.863,687.140
687.862,687.138
687.861,687.135
687.855,687.121
687.855,687.120
687.855,687.119
687.857,687.125
687.865,687.143
687.866,687.147
687.865,687.144
687.866,687.147
687.865,687.144
687.864,687.141
687.863,687.139
687.870,687.155
687.868,687.151
687.861,687.135
687.860,687.133
687.862,687.138
687.861,687.135
687.863,687.140
687.865,687.144
687.864,687.141
687.865,687.145
687.872,687.161
687.878,687.176
687.876,687.170
687.874,687.164
687.874,687.166
687.872,687.161
687.870,687.156
687.869,687.152
687.867,687.149
687.866,687.145
687.864,687.142
687.866,687.146
687.865,687.143
687.866,687.147
687.857,687.125
687.856,687.124
687.856,687.123
687.856,687.122
687.858,687.128
687.858,687.126
687.860,687.132
687.859,687.130
687.858,687.128
687.858,687.127
687.857,687.126
687.857,687.124
687.856,687.123
687.859,687.129
687.858,687.128
687.852,687.114
687.852,687.114
687.852,687.114
687.847,687.101
687.847,687.102
687.848,687.103
687.848,687.104
687.843,687.092
687.844,687.095
687.840,687.084
687.841,687.087
687.842,687.089
687.843,687.092
687.844,687.094
687.845,687.096
687.845,687.097
687.849,687.105
687.841,687.087
687.842,687.090
687.843,687.092
687.836,687.075
687.837,687.079
687.831,687.063
687.833,687.068
687.835,687.072
687.836,687.076
687.838,687.079
687.834,687.070
687.828,687.055
687.825,687.048
687.827,687.055
687.824,687.048
687.819,687.035
687.817,687.030
687.812,687.019
687.816,687.028
687.819,687.036
687.815,687.024
687.818,687.033
687.816,687.028
687.811,687.017
687.810,687.014
687.814,687.023
687.810,687.013
687.806,687.003
687.802,686.995
687.799,686.987
687.799,686.986
687.804,686.999
687.803,686.997
687.808,687.008
687.804,686.999
687.801,686.991
687.797,686.984
687.795,686.977
687.795,686.977
687.792,686.971
687.793,686.972
687.798,686.986
687.803,686.998
687.800,686.990
687.800,686.989
687.805,687.001
687.809,687.012
687.813,687.021
687.809,687.011
687.805,687.002
687.802,686.993
687.798,686.986
687.790,686.966
687.788,686.961
687.786,686.957
687.784,686.953
687.783,686.949
687.781,686.945
687.788,686.961
687.786,686.957
687.784,686.953
687.777,686.936
687.776,686.934
687.776,686.932
687.775,686.930
687.766,686.910
687.769,686.916
687.769,686.916
687.769,686.916
687.769,686.915
687.763,686.903
687.772,686.923
687.771,686.922
687.774,686.928
687.773,686.926
687.765,686.906
687.765,686.907
687.768,686.914
687.768,686.914
687.760,686.895
687.755,686.884
687.757,686.887
687.758,686.889
687.761,686.898
687.762,686.900
687.765,686.907
687.766,686.908
687.758,686.889
687.759,686.892
687.760,686.894
687.755,686.883
687.756,686.886
687.757,686.889
687.758,686.891
687.759,686.893
687.763,686.901
687.763,686.903
687.764,686.904
687.767,686.911
687.767,686.911
687.767,686.911
687.767,686.912
687.767,686.912
687.770,686.918
687.770,686.918
687.770,686.917
687.772,686.924
687.772,686.923
687.771,686.922
687.771,686.921
687.771,686.920
687.770,686.920
687.762,686.900
687.763,686.901
687.755,686.883
687.756,686.886
687.757,686.889
687.753,686.878
687.746,686.863
687.751,686.874
687.745,686.859
687.739,686.845
687.736,686.839
687.739,686.846
687.742,686.852
687.736,686.839
687.739,686.846
687.734,686.833
687.740,686.847
687.743,686.854
687.737,686.840
687.740,686.847
687.743,686.854
687.745,686.859
687.747,686.864
687.741,686.850
687.736,686.837
687.733,686.832
687.729,686.820
687.732,686.829
687.730,686.825
687.734,686.833
687.737,686.841
687.735,686.835
687.730,686.823
687.725,686.813
687.724,686.810
687.728,686.820
687.724,686.810
687.720,686.801
687.719,686.799
687.716,686.791
687.713,686.783
687.713,686.783
687.710,686.776
687.707,686.770
687.713,686.784
687.713,686.784
687.710,686.777
687.708,686.771
687.713,686.784
687.711,686.778
687.708,686.772
687.706,686.766
687.698,686.748
687.697,686.745
687.696,686.742
687.694,686.739
687.693,686.737
687.692,686.735
687.692,686.733
687.691,686.731
687.685,686.716
687.685,686.716
687.684,686.716
687.676,686.696
687.680,686.704
687.680,686.705
687.672,686.687
687.665,686.671
687.659,686.656
687.653,686.642
687.651,686.636
687.654,686.643
687.657,686.650
687.651,686.637
687.654,686.644
687.652,686.638
687.655,686.645
687.649,686.633
687.653,686.640
687.648,686.628
687.651,686.636
687.649,686.631
687.644,686.620
687.648,686.629
687.651,686.637
687.654,686.644
687.649,686.631
687.644,686.620
687.648,686.629
687.651,686.637
687.646,686.625
687.642,686.615
687.638,686.605
687.634,686.596
687.631,686.588
687.628,686.581
687.628,686.581
687.625,686.575
687.622,686.569
687.620,686.563
687.626,686.578
687.632,686.591
687.637,686.602
687.633,686.594
687.632,686.592
687.629,686.585
687.626,686.578
687.624,686.572
687.621,686.566
687.619,686.561
687.617,686.556
687.616,686.552
687.614,686.549
687.615,686.552
687.614,686.548
687.620,686.564
687.618,686.559
687.617,686.555
687.615,686.551
687.605,686.528
687.605,686.527
687.604,686.525
687.604,686.524
687.595,686.504
687.596,686.505
687.596,686.506
687.596,686.506
687.596,686.507
687.597,686.508
687.597,686.508
687.597,686.509
687.597,686.509
687.597,686.509
687.598,686.510
687.598,686.510
687.598,686.510
687.598,686.511
687.598,686.511
687.590,686.492
687.586,686.481
687.590,686.491
687.591,686.493
687.586,686.482
687.579,686.466
687.576,686.458
687.570,686.444
687.573,686.451
687.567,686.437
687.570,686.445
687.565,686.432
687.560,686.421
687.556,686.411
687.555,686.408
687.553,686.405
687.550,686.396
687.546,686.388
687.543,686.381
687.541,686.375
687.533,686.356
687.534,686.358
687.535,686.360
687.535,686.362
687.541,686.377
687.539,686.370
687.537,686.365
687.537,686.366
687.538,686.368
687.536,686.363
687.534,686.358
687.532,686.354
687.530,686.350
687.529,686.346
687.519,686.324
687.511,686.304
687.511,686.304
687.506,686.293
687.507,686.294
687.508,686.296
687.511,686.304
687.503,686.286
687.496,686.269
687.490,686.255
687.484,686.241
687.474,686.216
687.470,686.206
687.466,686.197
687.462,686.189
687.459,686.182
687.457,686.175
687.454,686.169
687.452,686.164
687.458,686.178
687.458,686.178
687.463,686.191
687.468,686.203
687.472,686.213
687.430,686.112
687.430,686.112
687.424,686.099
687.425,686.100
687.425,686.102
687.426,686.103
687.426,686.103
687.427,686.104
687.427,686.105
687.427,686.106
687.427,686.106
687.430,686.113
687.430,686.113
687.430,686.113
687.430,686.113
687.430,686.113
687.430,686.113
687.430,686.113
687.430,686.113
687.430,686.113
687.430,686.113
687.430,686.113
687.430,686.113
687.430,686.113
687.430,686.113
687.432,686.118
687.440,686.136
687.439,686.134
687.438,686.132
687.446,686.149
687.436,686.127
687.435,686.125
687.435,686.124
687.429,686.110
687.437,686.130
687.437,686.128
687.436,686.127
687.435,686.125
687.435,686.124
687.427,686.104
687.419,686.086
687.412,686.069
687.414,686.073
687.415,686.077
687.417,686.080
687.412,686.071
687.414,686.075
687.416,686.078
687.409,686.062
687.419,686.086
687.420,686.089
687.421,686.091
687.430,686.112
687.430,686.112
687.438,686.131
687.437,686.130
687.429,686.109
687.429,686.109
687.423,686.097
687.424,686.098
687.433,686.119
687.432,686.118
687.432,686.117
687.432,686.117
687.424,686.097
687.416,686.080
687.418,686.083
687.419,686.086
687.420,686.088
687.415,686.078
687.417,686.081
687.410,686.065
687.404,686.051
687.401,686.044
687.404,686.050
687.406,686.056
687.401,686.042
687.403,686.049
687.406,686.055
687.400,686.042
687.403,686.048
687.406,686.054
687.400,686.041
687.403,686.048
687.397,686.035
687.392,686.023
687.388,686.013
687.384,686.003
687.380,685.994
687.385,686.006
687.384,686.003
687.380,685.994
687.377,685.987
687.385,686.005
687.381,685.996
687.386,686.007
687.390,686.017
687.386,686.007
687.382,685.998
687.378,685.990
687.375,685.983
687.372,685.976
687.370,685.970
687.376,685.983
687.381,685.996
687.378,685.988
687.383,686.000
687.379,685.991
687.376,685.984
687.373,685.977
687.378,685.990
687.375,685.983
687.380,685.995
687.377,685.987
687.374,685.980
687.380,685.993
687.376,685.985
687.373,685.978
687.371,685.972
687.368,685.966
687.366,685.961
687.364,685.956
687.362,685.952
687.361,685.948
687.362,685.951
687.361,685.948
687.367,685.963
687.365,685.958
687.363,685.954
687.362,685.950
687.360,685.947
687.359,685.943
687.357,685.940
687.364,685.957
687.363,685.952
687.361,685.949
687.362,685.952
687.361,685.948
687.359,685.944
687.358,685.941
687.365,685.958
687.371,685.972
687.369,685.967
687.369,685.968
687.367,685.962
687.365,685.958
687.363,685.953
687.361,685.949
687.360,685.946
687.359,685.943
687.365,685.959
687.363,685.954
687.370,685.969
687.367,685.964
687.368,685.965
687.366,685.960
687.364,685.956
687.370,685.971
687.368,685.965
687.366,685.960
687.364,685.955
687.362,685.951
687.361,685.948
687.359,685.944
687.358,685.941
687.357,685.939
687.356,685.936
687.355,685.934
687.354,685.932
687.353,685.930
687.360,685.947
687.359,685.944
687.358,685.941
687.357,685.938
687.356,685.936
687.355,685.933
687.354,685.931
687.348,685.917
687.350,685.923
687.350,685.922
687.344,685.908
687.344,685.909
687.339,685.896
687.340,685.898
687.340,685.899
687.341,685.900
687.341,685.902
687.334,685.884
687.335,685.886
687.336,685.889
687.337,685.891
687.330,685.874
687.334,685.884
687.335,685.887
687.336,685.889
687.337,685.891
687.338,685.893
687.338,685.895
687.339,685.897
687.340,685.898
687.340,685.899
687.341,685.901
687.341,685.902
687.334,685.884
687.335,685.886
687.336,685.889
687.337,685.891
687.338,685.893
687.330,685.876
687.332,685.879
687.333,685.883
687.326,685.866
687.328,685.871
687.330,685.875
687.331,685.878
687.325,685.862
687.327,685.867
687.328,685.872
687.330,685.875
687.324,685.860
687.318,685.846
687.312,685.833
687.307,685.822
687.303,685.811
687.299,685.802
687.296,685.793
687.300,685.805
687.305,685.815
687.309,685.824
687.312,685.833
687.307,685.821
687.311,685.830
687.306,685.819
687.302,685.809
687.298,685.799
687.295,685.791
687.291,685.784
687.297,685.796
687.293,685.788
687.290,685.781
687.287,685.774
687.285,685.768
687.291,685.782
687.288,685.775
687.293,685.788
687.298,685.800
687.303,685.811
687.299,685.801
687.303,685.812
687.307,685.821
687.303,685.811
687.299,685.802
687.303,685.812
687.299,685.803
687.296,685.794
687.293,685.786
687.290,685.779
687.295,685.792
687.300,685.803
687.304,685.814
687.300,685.804
687.299,685.801
687.303,685.812
687.299,685.802
687.296,685.794
687.292,685.786
687.298,685.798
687.302,685.809
687.306,685.819
687.302,685.809
687.298,685.800
687.295,685.791
687.292,685.784
687.289,685.777
687.286,685.771
687.284,685.765
687.282,685.760
687.288,685.775
687.285,685.769
687.283,685.763
687.281,685.758
687.279,685.754
687.277,685.750
687.276,685.747
687.274,685.743
687.273,685.740
687.272,685.738
687.271,685.735
687.270,685.733
687.269,685.731
687.269,685.729
687.276,685.747
687.283,685.763
687.281,685.758
687.279,685.753
687.277,685.749
687.276,685.746
687.274,685.743
687.281,685.759
687.279,685.754
687.277,685.750
687.276,685.747
687.274,685.743
687.281,685.759
687.279,685.755
687.278,685.751
687.276,685.747
687.275,685.744
687.273,685.741
687.280,685.757
687.279,685.753
687.277,685.749
687.283,685.765
687.281,685.760
687.279,685.755
687.278,685.751
687.276,685.747
687.283,685.763
687.281,685.758
687.287,685.773
687.284,685.767
687.290,685.781
687.288,685.774
687.293,685.788
687.290,685.780
687.287,685.774
687.293,685.787
687.290,685.780
687.295,685.793
687.300,685.804
687.296,685.795
687.301,685.807
687.297,685.798
687.294,685.789
687.291,685.782
687.291,685.782
687.288,685.775
687.285,685.769
687.283,685.764
687.281,685.759
687.287,685.773
687.285,685.768
687.282,685.762
687.288,685.777
687.286,685.770
687.284,685.765
687.289,685.779
687.287,685.773
687.284,685.767
687.282,685.762
687.280,685.757
687.278,685.753
687.277,685.749
687.283,685.764
687.281,685.759
687.279,685.755
687.278,685.751
687.276,685.747
687.283,685.763
687.283,685.764
687.281,685.759
687.279,685.755
687.286,685.770
687.291,685.784
687.289,685.777
687.294,685.790
687.299,685.801
687.303,685.812
687.299,685.802
687.296,685.794
687.292,685.786
687.289,685.779
687.295,685.792
687.292,685.784
687.297,685.796
687.293,685.788
687.290,685.781
687.288,685.775
687.285,685.769
687.283,685.763
687.281,685.758
687.279,685.754
687.277,685.750
687.276,685.747
687.274,685.743
687.273,685.740
687.272,685.738
687.263,685.716
687.263,685.716
687.263,685.716
687.263,685.715
687.263,685.715
687.262,685.715
687.270,685.734
687.269,685.732
687.269,685.730
687.276,685.747
687.283,685.763
687.281,685.758
687.279,685.754
687.277,685.750
687.268,685.727
687.267,685.726
687.266,685.724
687.266,685.723
687.266,685.722
687.265,685.721
687.265,685.720
687.267,685.726
687.267,685.725
687.266,685.723
687.266,685.722
687.265,685.721
687.265,685.721
687.265,685.720
687.264,685.719
687.264,685.719
687.264,685.718
687.263,685.717
687.271,685.736
687.270,685.734
687.277,685.751
687.276,685.747
687.275,685.744
687.281,685.760
687.287,685.774
687.285,685.768
687.285,685.769
687.283,685.764
687.281,685.759
687.279,685.754
687.285,685.769
687.283,685.764
687.281,685.759
687.287,685.774
687.287,685.774
687.285,685.768
687.283,685.763
687.289,685.777
687.294,685.790
687.291,685.783
687.288,685.776
687.286,685.770
687.283,685.764
687.281,685.759
687.279,685.755
687.278,685.751
687.276,685.747
687.275,685.744
687.273,685.741
687.272,685.738
687.271,685.736
687.270,685.733
687.272,685.738
687.279,685.754
687.277,685.750
687.276,685.747
687.274,685.743
687.281,685.759
687.279,685.755
687.278,685.751
687.276,685.747
687.275,685.744
687.273,685.741
687.272,685.738
687.271,685.736
687.270,685.733
687.269,685.731
687.277,685.749
687.275,685.745
687.274,685.742
687.273,685.739
687.280,685.756
687.278,685.752
687.276,685.748
687.274,685.743
687.281,685.759
687.279,685.754
687.277,685.750
687.276,685.747
687.274,685.743
687.273,685.741
687.280,685.757
687.278,685.753
687.277,685.749
687.275,685.745
687.282,685.761
687.280,685.757
687.278,685.752
687.277,685.749
687.275,685.745
687.274,685.742
687.273,685.739
687.272,685.736
687.271,685.734
687.270,685.732
687.269,685.730
687.268,685.729
687.260,685.708
687.260,685.708
687.255,685.698
687.264,685.718
687.263,685.717
687.263,685.717
687.271,685.735
687.265,685.720
687.264,685.720
687.264,685.719
687.264,685.718
687.264,685.718
687.263,685.717
687.263,685.717
687.263,685.716
687.263,685.716
687.263,685.716
687.263,685.715
687.263,685.715
687.262,685.715
687.262,685.714
687.262,685.714
687.262,685.714
687.262,685.714
687.262,685.714
687.254,685.695
687.247,685.677
687.234,685.648
687.237,685.654
687.239,685.659
687.233,685.645
687.228,685.633
687.223,685.621
687.227,685.630
687.230,685.638
687.233,685.645
687.228,685.632
687.231,685.640
687.234,685.647
687.236,685.653
687.231,685.640
687.226,685.627
687.221,685.616
687.217,685.606
687.221,685.617
687.225,685.626
687.220,685.615
687.216,685.605
687.220,685.615
687.216,685.605
687.213,685.596
687.217,685.607
687.213,685.598
687.218,685.609
687.222,685.619
687.226,685.628
687.221,685.617
687.220,685.613
687.215,685.603
687.212,685.595
687.216,685.606
687.221,685.616
687.225,685.625
687.228,685.633
687.231,685.641
687.226,685.629
687.229,685.637
687.232,685.644
687.235,685.650
687.238,685.656
687.240,685.662
687.242,685.666
687.236,685.652
687.230,685.638
687.233,685.645
687.236,685.652
687.230,685.638
687.225,685.626
687.229,685.635
687.224,685.623
687.219,685.612
687.223,685.622
687.227,685.630
687.230,685.638
687.233,685.645
687.236,685.652
687.230,685.638
687.225,685.626
687.221,685.615
687.216,685.606
687.221,685.616
687.216,685.606
687.221,685.616
687.225,685.625
687.220,685.614
687.216,685.605
687.220,685.615
687.216,685.605
687.212,685.596
687.217,685.607
687.221,685.617
687.225,685.626
687.221,685.615
687.224,685.625
687.228,685.633
687.223,685.622
687.219,685.611
687.215,685.602
687.211,685.593
687.216,685.604
687.212,685.596
687.209,685.588
687.206,685.580
687.203,685.574
687.201,685.568
687.198,685.563
687.196,685.558
687.194,685.554
687.193,685.550
687.199,685.565
687.205,685.579
687.211,685.592
687.207,685.584
687.212,685.596
687.209,685.588
687.214,685.600
687.211,685.592
687.207,685.584
687.204,685.577
687.202,685.571
687.207,685.584
687.213,685.597
687.209,685.589
687.206,685.581
687.203,685.575
687.209,685.588
687.206,685.580
687.211,685.593
687.216,685.604
687.220,685.615
687.224,685.624
687.228,685.632
687.231,685.640
687.226,685.628
687.221,685.617
687.219,685.613
687.215,685.603
687.220,685.614
687.224,685.623
687.219,685.613
687.215,685.603
687.220,685.614
687.224,685.623
687.227,685.632
687.222,685.620
687.226,685.629
687.230,685.637
687.225,685.625
687.220,685.614
687.216,685.605
687.220,685.615
687.216,685.605
687.212,685.596
687.217,685.607
687.221,685.617
687.225,685.626
687.220,685.615
687.224,685.625
687.220,685.614
687.216,685.604
687.212,685.595
687.217,685.606
687.213,685.598
687.210,685.589
687.206,685.582
687.212,685.594
687.208,685.587
687.205,685.580
687.211,685.592
687.216,685.604
687.223,685.620
687.218,685.610
687.214,685.601
687.211,685.592
687.216,685.604
687.220,685.614
687.224,685.623
687.227,685.632
687.223,685.620
687.226,685.629
687.230,685.637
687.225,685.625
687.228,685.633
687.231,685.641
687.234,685.648
687.229,685.635
687.224,685.623
687.219,685.613
687.215,685.603
687.212,685.594
687.208,685.587
687.213,685.599
687.207,685.584
687.204,685.577
687.202,685.571
687.199,685.565
687.197,685.560
687.195,685.556
687.194,685.551
687.192,685.548
687.190,685.544
687.189,685.541
687.188,685.538
687.187,685.536
687.186,685.534
687.185,685.532
687.184,685.530
687.184,685.528
687.183,685.526
687.190,685.544
687.189,685.541
687.188,685.538
687.187,685.536
687.194,685.552
687.200,685.568
687.198,685.562
687.196,685.558
687.194,685.553
687.193,685.549
687.191,685.546
687.198,685.561
687.196,685.557
687.194,685.552
687.192,685.549
687.191,685.545
687.190,685.542
687.196,685.558
687.195,685.554
687.193,685.550
687.191,685.546
687.190,685.543
687.189,685.540
687.188,685.537
687.187,685.535
687.186,685.533
687.193,685.550
687.199,685.565
687.197,685.560
687.203,685.575
687.201,685.569
687.199,685.563
687.196,685.558
687.195,685.554
687.201,685.569
687.199,685.563
687.197,685.559
687.195,685.554
687.193,685.550
687.191,685.546
687.190,685.543
687.197,685.559
687.203,685.574
687.208,685.587
687.214,685.599
687.218,685.610
687.214,685.600
687.211,685.592
687.207,685.584
687.204,685.577
687.210,685.590
687.207,685.583
687.212,685.595
687.209,685.587
687.206,685.580
687.211,685.593
687.210,685.591
687.207,685.584
687.204,685.577
687.210,685.590
687.207,685.582
687.204,685.576
687.201,685.570
687.199,685.564
687.205,685.578
687.202,685.572
687.208,685.585
687.205,685.578
687.202,685.572
687.200,685.566
687.198,685.561
687.204,685.575
687.209,685.588
687.206,685.581
687.203,685.574
687.201,685.569
687.198,685.563
687.196,685.558
687.195,685.554
687.193,685.550
687.191,685.546
687.190,685.543
687.189,685.540
687.188,685.537
687.187,685.535
687.194,685.552
687.192,685.548
687.199,685.564
687.197,685.559
687.195,685.554
687.193,685.550
687.191,685.547
687.198,685.562
687.196,685.558
687.194,685.553
687.193,685.549
687.191,685.546
687.190,685.543
687.189,685.540
687.187,685.537
687.186,685.535
687.177,685.513
687.177,685.513
687.177,685.513
687.185,685.532
687.185,685.530
687.176,685.510
687.168,685.491
687.161,685.474
687.162,685.477
687.164,685.481
687.165,685.484
687.166,685.486
687.167,685.489
687.160,685.472
687.162,685.476
687.163,685.479
687.164,685.482
687.166,685.485
687.167,685.488
687.168,685.490
687.168,685.492
687.169,685.494
687.170,685.496
687.171,685.497
687.171,685.499
687.172,685.500
687.172,685.501
687.173,685.502
687.173,685.503
687.173,685.504
687.166,685.486
687.167,685.488
687.168,685.490
687.169,685.492
687.169,685.494
687.170,685.496
687.171,685.497
687.171,685.499
687.172,685.500
687.172,685.501
687.173,685.502
687.173,685.503
687.165,685.485
687.167,685.487
687.168,685.490
687.168,685.492
687.169,685.494
687.170,685.495
687.171,685.497
687.171,685.499
687.172,685.500
687.172,685.501
687.173,685.502
687.173,685.503
687.173,685.504
687.174,685.504
687.174,685.505
687.174,685.506
687.174,685.506
687.175,685.507
687.175,685.507
687.175,685.508
687.175,685.508
687.167,685.490
687.168,685.492
687.169,685.494
687.170,685.495
687.171,685.497
687.171,685.498
687.172,685.500
687.164,685.482
687.165,685.485
687.167,685.487
687.167,685.490
687.166,685.486
687.167,685.488
687.168,685.490
687.169,685.492
687.169,685.494
687.170,685.496
687.171,685.497
687.169,685.493
687.170,685.495
687.170,685.496
687.171,685.498
687.171,685.499
687.164,685.481
687.165,685.484
687.166,685.487
687.167,685.489
687.166,685.485
687.159,685.469
687.160,685.473
687.154,685.457
687.156,685.462
687.158,685.467
687.160,685.471
687.161,685.475
687.163,685.479
687.156,685.463
687.150,685.448
687.153,685.454
687.155,685.460
687.157,685.465
687.159,685.469
687.161,685.473
687.160,685.471
687.161,685.475
687.155,685.459
687.157,685.464
687.159,685.469
687.160,685.473
687.159,685.470
687.161,685.474
687.154,685.459
687.157,685.464
687.159,685.468
687.160,685.473
687.162,685.476
687.155,685.461
687.149,685.447
687.144,685.434
687.139,685.422
687.143,685.431
687.146,685.438
687.149,685.445
687.143,685.433
687.139,685.421
687.142,685.430
687.138,685.419
687.141,685.427
687.137,685.416
687.135,685.413
687.131,685.403
687.135,685.413
687.139,685.423
687.143,685.431
687.146,685.439
687.141,685.427
687.144,685.435
687.148,685.442
687.150,685.449
687.153,685.455
687.155,685.460
687.157,685.465
687.151,685.451
687.153,685.456
687.148,685.443
687.150,685.449
687.145,685.436
687.140,685.424
687.143,685.433
687.147,685.440
687.149,685.447
687.144,685.434
687.147,685.441
687.142,685.429
687.121,685.380
687.119,685.374
687.116,685.368
687.114,685.362
687.112,685.358
687.118,685.372
687.115,685.366
687.113,685.361
687.119,685.375
687.117,685.369
687.114,685.364
687.112,685.359
687.110,685.354
687.109,685.350
687.107,685.347
687.106,685.343
687.105,685.340
687.103,685.338
687.110,685.354
687.117,685.369
687.122,685.383
687.120,685.376
687.117,685.370
687.123,685.383
687.125,685.390
687.119,685.374
687.116,685.368
687.114,685.363
687.120,685.377
687.117,685.371
687.115,685.365
687.113,685.360
687.111,685.355
687.117,685.370
687.112,685.359
687.110,685.354
687.109,685.350
687.107,685.346
687.106,685.343
687.104,685.340
687.103,685.337
687.102,685.335
687.101,685.333
687.100,685.331
687.100,685.329
687.099,685.327
687.106,685.345
687.105,685.342
687.104,685.339
687.103,685.336
687.098,685.325
687.098,685.324
687.097,685.323
687.097,685.322
687.096,685.321
687.096,685.320
687.096,685.319
687.095,685.319
687.095,685.318
687.095,685.317
687.095,685.317
687.094,685.316
687.094,685.316
687.094,685.316
687.102,685.334
687.101,685.332
687.100,685.330
687.099,685.328
687.107,685.346
687.106,685.343
687.104,685.340
687.111,685.356
687.109,685.352
687.108,685.348
687.106,685.345
687.105,685.342
687.101,685.333
687.108,685.350
687.107,685.346
687.106,685.343
687.104,685.340
687.101,685.331
687.100,685.329
687.099,685.328
687.099,685.326
687.106,685.344
687.105,685.341
687.104,685.338
687.103,685.336
687.102,685.333
687.101,685.331
687.100,685.329
687.099,685.328
687.107,685.345
687.105,685.342
687.104,685.339
687.103,685.337
687.110,685.353
687.108,685.349
687.115,685.365
687.121,685.379
687.118,685.372
687.116,685.367
687.121,685.380
687.119,685.374
687.116,685.368
687.122,685.382
687.119,685.375
687.117,685.369
687.122,685.383
687.120,685.376
687.125,685.389
687.122,685.381
687.127,685.394
687.124,685.386
687.121,685.379
687.118,685.373
687.116,685.367
687.113,685.362
687.103,685.338
687.102,685.335
687.102,685.333
687.101,685.331
687.100,685.329
687.099,685.328
687.099,685.326
687.098,685.325
687.097,685.324
687.097,685.322
687.097,685.321
687.096,685.321
687.096,685.320
687.096,685.319
687.095,685.318
687.095,685.318
687.095,685.317
687.095,685.317
687.092,685.310
687.092,685.310
687.092,685.310
687.100,685.329
687.107,685.347
687.106,685.343
687.105,685.340
687.111,685.357
687.110,685.353
687.108,685.349
687.107,685.345
687.105,685.342
687.104,685.339
687.103,685.337
687.102,685.334
687.101,685.332
687.100,685.330
687.099,685.328
687.107,685.346
687.106,685.343
687.104,685.340
687.103,685.337
687.102,685.335
687.101,685.333
687.100,685.331
687.108,685.348
687.106,685.344
687.105,685.341
687.104,685.339
687.103,685.336
687.110,685.353
687.116,685.368
687.114,685.363
687.112,685.358
687.110,685.353
687.108,685.350
687.107,685.346
687.106,685.343
687.104,685.340
687.103,685.337
687.102,685.335
687.101,685.333
687.100,685.331
687.100,685.329
687.099,685.327
687.098,685.326
687.106,685.343
687.105,685.340
687.111,685.357
687.110,685.353
687.116,685.368
687.114,685.362
687.120,685.377
687.117,685.370
687.115,685.365
687.113,685.360
687.119,685.374
687.116,685.368
687.114,685.363
687.112,685.358
687.110,685.354
687.109,685.350
687.107,685.346
687.106,685.343
687.104,685.340
687.103,685.337
687.100,685.329
687.099,685.327
687.098,685.326
687.098,685.325
687.097,685.323
687.097,685.322
687.096,685.321
687.096,685.320
687.096,685.319
687.095,685.319
687.095,685.318
687.095,685.318
687.095,685.317
687.102,685.336
687.102,685.333
687.101,685.331
687.100,685.329
687.099,685.328
687.099,685.326
687.098,685.325
687.089,685.305
687.090,685.305
687.090,685.306
687.090,685.307
687.091,685.307
687.091,685.308
687.091,685.308
687.091,685.308
687.091,685.309
687.091,685.309
687.091,685.309
687.092,685.310
687.100,685.329
687.099,685.327
687.098,685.326
687.106,685.343
687.105,685.340
687.103,685.338
687.102,685.335
687.101,685.333
687.101,685.331
687.108,685.348
687.106,685.345
687.105,685.342
687.109,685.352
687.105,685.342
687.104,685.339
687.103,685.336
687.102,685.334
687.109,685.351
687.115,685.366
687.113,685.361
687.111,685.356
687.109,685.352
687.116,685.367
687.122,685.381
687.119,685.374
687.124,685.387
687.129,685.399
687.134,685.410
687.130,685.401
687.126,685.392
687.131,685.404
687.128,685.395
687.124,685.387
687.129,685.399
687.126,685.391
687.123,685.383
687.128,685.395
687.124,685.387
687.121,685.380
687.119,685.374
687.116,685.368
687.122,685.382
687.119,685.375
687.117,685.369
687.114,685.364
687.112,685.359
687.110,685.354
687.109,685.350
687.107,685.347
687.106,685.343
687.112,685.359
687.111,685.355
687.109,685.351
687.105,685.341
687.104,685.338
687.103,685.336
687.102,685.333
687.109,685.350
687.107,685.347
687.106,685.343
687.104,685.340
687.103,685.338
687.102,685.335
687.101,685.333
687.101,685.331
687.100,685.329
687.099,685.328
687.099,685.326
687.098,685.325
687.097,685.324
687.097,685.322
687.097,685.321
687.104,685.340
687.103,685.337
687.102,685.335
687.101,685.332
687.100,685.330
687.100,685.329
687.099,685.327
687.098,685.326
687.098,685.324
687.097,685.323
687.089,685.303
687.089,685.304
687.089,685.305
687.090,685.305
687.090,685.306
687.090,685.307
687.091,685.307
687.091,685.308
687.099,685.327
687.106,685.344
687.105,685.341
687.104,685.339
687.111,685.355
687.109,685.351
687.107,685.347
687.106,685.344
687.105,685.341
687.101,685.332
687.100,685.330
687.091,685.309
687.092,685.310
687.092,685.310
687.092,685.310
687.092,685.310
687.092,685.310
687.092,685.310
687.092,685.311
687.100,685.330
687.107,685.347
687.106,685.344
687.113,685.360
687.111,685.355
687.109,685.351
687.107,685.347
687.106,685.344
687.113,685.360
687.111,685.355
687.109,685.351
687.107,685.347
687.114,685.363
687.112,685.358
687.110,685.354
687.117,685.369
687.114,685.363
687.120,685.378
687.118,685.371
687.115,685.366
687.105,685.342
687.104,685.339
687.103,685.336
687.102,685.334
687.106,685.344
687.105,685.341
687.104,685.339
687.103,685.336
687.102,685.334
687.101,685.332
687.100,685.330
687.097,685.322
687.096,685.321
687.096,685.320
687.096,685.319
687.095,685.319
687.095,685.318
687.095,685.317
687.095,685.317
687.094,685.316
687.102,685.335
687.101,685.333
687.109,685.350
687.107,685.346
687.106,685.343
687.104,685.340
687.103,685.337
687.102,685.335
687.109,685.352
687.108,685.348
687.114,685.364
687.120,685.378
687.126,685.390
687.130,685.402
687.135,685.412
687.131,685.403
687.135,685.413
687.139,685.423
687.135,685.412
687.131,685.403
687.135,685.413
687.131,685.403
687.127,685.395
687.132,685.406
687.128,685.397
687.125,685.389
687.122,685.381
687.127,685.394
687.124,685.386
687.121,685.379
687.118,685.373
687.116,685.367
687.113,685.362
687.111,685.357
687.110,685.353
687.108,685.349
687.115,685.364
687.112,685.359
687.111,685.355
687.109,685.351
687.107,685.347
687.114,685.363
687.112,685.358
687.118,685.373
687.116,685.367
687.113,685.362
687.111,685.357
687.118,685.372
687.115,685.366
687.113,685.361
687.111,685.356
687.109,685.352
687.116,685.367
687.122,685.381
687.119,685.374
687.116,685.369
687.122,685.382
687.127,685.394
687.132,685.406
687.136,685.416
687.132,685.406
687.136,685.416
687.132,685.406
687.128,685.397
687.125,685.389
687.122,685.382
687.127,685.394
687.124,685.386
687.129,685.398
687.133,685.409
687.138,685.419
687.133,685.409
687.138,685.419
687.133,685.408
687.129,685.399
687.134,685.410
687.130,685.401
687.126,685.392
687.131,685.404
687.128,685.395
687.132,685.406
687.128,685.397
687.125,685.389
687.130,685.401
687.134,685.411
687.138,685.421
687.134,685.410
687.138,685.420
687.142,685.429
687.145,685.437
687.140,685.425
687.133,685.407
687.129,685.398
687.133,685.409
687.129,685.399
687.134,685.410
687.130,685.401
687.134,685.411
687.138,685.421
687.142,685.430
687.145,685.437
687.140,685.426
687.136,685.415
687.140,685.424
687.135,685.413
687.131,685.404
687.128,685.395
687.132,685.406
687.136,685.416
687.132,685.406
687.129,685.397
687.133,685.408
687.137,685.418
687.133,685.408
687.129,685.399
687.126,685.391
687.153,685.455
687.155,685.461
687.149,685.446
687.144,685.434
687.147,685.441
687.142,685.429
687.145,685.437
687.148,685.444
687.151,685.450
687.145,685.437
687.146,685.438
687.149,685.445
687.151,685.451
687.146,685.438
687.149,685.445
687.151,685.451
687.154,685.457
687.148,685.443
687.151,685.450
687.145,685.437
687.140,685.425
687.144,685.433
687.147,685.441
687.142,685.428
687.145,685.436
687.141,685.427
687.145,685.435
687.148,685.443
687.142,685.430
687.146,685.438
687.149,685.445
687.151,685.451
687.154,685.457
687.156,685.462
687.158,685.467
687.160,685.471
687.153,685.456
687.156,685.461
687.158,685.466
687.159,685.471
687.161,685.474
687.155,685.459
687.149,685.445
687.151,685.451
687.154,685.457
687.156,685.462
687.158,685.467
687.152,685.452
687.154,685.458
687.156,685.463
687.158,685.468
687.160,685.472
687.162,685.476
687.163,685.479
687.164,685.482
687.166,685.485
687.167,685.488
687.168,685.490
687.168,685.492
687.169,685.494
687.162,685.476
687.155,685.461
687.157,685.466
687.159,685.470
687.161,685.474
687.162,685.478
687.164,685.481
687.165,685.484
687.166,685.486
687.167,685.489
687.168,685.491
687.169,685.493
687.162,685.476
687.163,685.479
687.164,685.482
687.158,685.466
687.151,685.451
687.146,685.438
687.149,685.445
687.151,685.451
687.154,685.457
687.156,685.462
687.158,685.467
687.160,685.471
687.161,685.475
687.163,685.479
687.156,685.463
687.158,685.467
687.160,685.472
687.169,685.494
687.170,685.496
687.173,685.504
687.174,685.505
687.174,685.505
687.174,685.506
687.175,685.506
687.175,685.507
687.183,685.527
687.182,685.525
687.182,685.524
687.181,685.523
687.173,685.503
687.173,685.503
687.174,685.504
687.166,685.486
687.167,685.489
687.168,685.491
687.169,685.493
687.170,685.495
687.170,685.496
687.171,685.498
687.171,685.499
687.172,685.500
687.172,685.501
687.181,685.521
687.180,685.521
687.180,685.520
687.180,685.519
687.180,685.518
687.179,685.518
687.179,685.517
687.179,685.517
687.171,685.497
687.163,685.479
687.164,685.482
687.166,685.485
687.167,685.488
687.160,685.471
687.161,685.475
687.155,685.459
687.149,685.445
687.151,685.452
687.154,685.457
687.153,685.456
687.156,685.462
687.158,685.466
687.159,685.471
687.161,685.475
687.163,685.478
687.164,685.481
687.165,685.484
687.166,685.487
687.165,685.483
687.166,685.486
687.167,685.488
687.160,685.471
687.153,685.456
687.156,685.462
687.158,685.466
687.151,685.452
687.154,685.457
687.156,685.463
687.158,685.467
687.160,685.471
687.169,685.494
687.170,685.496
687.171,685.497
687.171,685.499
687.172,685.500
687.172,685.501
687.173,685.502
687.181,685.522
687.181,685.521
687.180,685.520
687.180,685.519
687.180,685.519
687.179,685.518
687.179,685.517
687.179,685.517
687.179,685.516
687.179,685.516
687.178,685.516
687.178,685.515
687.178,685.515
687.178,685.515
687.178,685.514
687.178,685.514
687.178,685.514
687.178,685.514
687.178,685.514
687.177,685.513
687.177,685.513
687.169,685.494
687.170,685.496
687.171,685.497
687.171,685.499
687.172,685.500
687.172,685.501
687.173,685.502
687.173,685.503
687.174,685.504
687.174,685.505
687.174,685.505
687.174,685.506
687.175,685.507
687.175,685.507
687.175,685.507
687.175,685.508
687.175,685.508
687.175,685.509
687.176,685.509
687.176,685.509
687.176,685.510
687.176,685.510
687.176,685.510
687.176,685.510
687.176,685.510
687.176,685.510
687.176,685.511
687.168,685.492
687.167,685.487
687.167,685.490
687.168,685.492
687.169,685.494
687.170,685.495
687.171,685.497
687.171,685.499
687.172,685.500
687.172,685.501
687.173,685.502
687.165,685.484
687.166,685.486
687.167,685.489
687.168,685.491
687.161,685.474
687.162,685.478
687.156,685.462
687.158,685.467
687.160,685.471
687.161,685.475
687.163,685.478
687.164,685.482
687.165,685.484
687.166,685.487
687.167,685.489
687.168,685.492
687.169,685.493
687.170,685.495
687.170,685.497
687.171,685.498
687.172,685.500
687.180,685.520
687.180,685.519
687.180,685.518
687.179,685.518
687.171,685.498
687.172,685.500
687.172,685.501
687.173,685.502
687.173,685.503
687.173,685.504
687.174,685.504
687.174,685.505
687.174,685.506
687.174,685.506
687.175,685.507
687.175,685.507
687.167,685.489
687.160,685.472
687.162,685.476
687.163,685.479
687.164,685.482
687.157,685.466
687.159,685.470
687.153,685.455
687.147,685.442
687.142,685.429
687.145,685.437
687.148,685.444
687.151,685.451
687.153,685.456
687.156,685.462
687.158,685.466
687.159,685.471
687.161,685.475
687.163,685.478
687.164,685.481
687.165,685.484
687.166,685.487
687.159,685.470
687.169,685.493
687.170,685.495
687.170,685.496
687.171,685.498
687.172,685.499
687.172,685.500
687.172,685.502
687.173,685.503
687.173,685.503
687.174,685.504
687.174,685.505
687.174,685.506
687.174,685.506
687.175,685.507
687.175,685.507
687.175,685.508
687.175,685.508
687.175,685.508
687.175,685.509
687.176,685.509
687.176,685.509
687.176,685.510
687.176,685.510
687.176,685.510
687.176,685.510
687.176,685.510
687.176,685.510
687.176,685.511
687.176,685.511
687.176,685.511
687.176,685.511
687.177,685.511
687.177,685.511
687.177,685.511
687.177,685.511
687.177,685.511
687.177,685.511
687.177,685.511
687.169,685.492
687.161,685.475
687.163,685.479
687.164,685.482
687.165,685.485
687.166,685.487
687.167,685.490
687.160,685.473
687.162,685.476
687.155,685.461
687.157,685.466
687.159,685.470
687.169,685.493
687.170,685.495
687.170,685.496
687.163,685.479
687.164,685.482
687.165,685.485
687.167,685.487
687.168,685.490
687.168,685.492
687.169,685.494
687.170,685.495
687.171,685.497
687.171,685.499
687.172,685.500
687.172,685.501
687.173,685.502
687.173,685.503
687.173,685.504
687.166,685.485
687.167,685.488
687.168,685.490
687.169,685.492
687.169,685.494
687.170,685.496
687.171,685.497
687.171,685.499
687.172,685.500
687.172,685.501
687.173,685.502
687.173,685.503
687.174,685.504
687.166,685.486
687.167,685.488
687.168,685.491
687.169,685.493
687.161,685.475
687.163,685.479
687.164,685.482
687.165,685.485
687.167,685.487
687.168,685.490
687.168,685.492
687.169,685.494
687.170,685.495
687.171,685.497
687.171,685.499
687.172,685.500
687.172,685.501
687.173,685.502
687.173,685.503
687.165,685.485
687.167,685.487
687.167,685.490
687.168,685.492
687.169,685.494
687.170,685.495
687.163,685.478
687.164,685.481
687.165,685.484
687.166,685.487
687.167,685.489
687.168,685.491
687.169,685.493
687.170,685.495
687.162,685.478
687.156,685.462
687.158,685.467
687.160,685.471
687.153,685.456
687.147,685.442
687.142,685.430
687.145,685.437
687.148,685.445
687.151,685.451
687.151,685.450
687.145,685.437
687.148,685.444
687.143,685.432
687.146,685.439
687.149,685.446
687.152,685.453
687.146,685.439
687.149,685.446
687.144,685.434
687.147,685.441
687.142,685.429
687.145,685.437
687.148,685.444
687.151,685.450
687.153,685.456
687.156,685.461
687.158,685.466
687.159,685.471
687.161,685.474
687.163,685.478
687.164,685.482
687.165,685.485
687.167,685.487
687.159,685.471
687.161,685.475
687.155,685.459
687.149,685.445
687.143,685.432
687.138,685.421
687.142,685.430
687.137,685.418
687.139,685.421
687.134,685.411
687.138,685.420
687.142,685.429
687.137,685.418
687.141,685.427
687.144,685.435
687.148,685.442
687.142,685.430
687.146,685.438
687.141,685.426
687.144,685.434
687.147,685.441
687.142,685.429
687.130,685.402
687.135,685.412
687.139,685.422
687.142,685.430
687.146,685.438
687.149,685.445
687.143,685.432
687.146,685.440
687.149,685.447
687.144,685.434
687.147,685.441
687.150,685.448
687.152,685.454
687.155,685.459
687.149,685.445
687.143,685.433
687.147,685.440
687.141,685.428
687.145,685.436
687.148,685.443
687.151,685.450
687.153,685.456
687.155,685.461
687.157,685.466
687.159,685.470
687.151,685.451
687.145,685.437
687.148,685.445
687.151,685.451
687.154,685.457
687.156,685.462
687.158,685.467
687.160,685.471
687.161,685.475
687.163,685.478
687.164,685.482
687.165,685.484
687.158,685.468
687.160,685.472
687.162,685.476
687.163,685.479
687.164,685.482
687.166,685.485
687.159,685.469
687.152,685.454
687.155,685.459
687.157,685.464
687.151,685.450
687.153,685.456
687.155,685.461
687.157,685.466
687.151,685.451
687.151,685.451
687.154,685.457
687.148,685.443
687.151,685.449
687.145,685.436
687.148,685.444
687.143,685.431
687.146,685.439
687.141,685.427
687.144,685.435
687.147,685.442
687.150,685.449
687.153,685.455
687.155,685.460
687.157,685.465
687.159,685.470
687.161,685.474
687.154,685.458
687.148,685.444
687.143,685.432
687.146,685.439
687.141,685.427
687.145,685.435
687.148,685.443
687.150,685.449
687.153,685.455
687.155,685.460
687.157,685.465
687.159,685.470
687.153,685.455
687.155,685.460
687.157,685.465
687.159,685.470
687.153,685.454
687.155,685.460
687.157,685.465
687.151,685.450
687.153,685.456
687.156,685.461
687.158,685.466
687.159,685.471
687.161,685.474
687.163,685.478
687.164,685.481
687.165,685.484
687.166,685.487
687.167,685.489
687.168,685.491
687.169,685.493
687.162,685.476
687.163,685.479
687.156,685.463
687.150,685.449
687.153,685.455
687.147,685.441
687.150,685.448
687.152,685.454
687.147,685.441
687.150,685.447
687.144,685.435
687.147,685.442
687.150,685.449
687.153,685.455
687.147,685.441
687.142,685.429
687.137,685.418
687.141,685.427
687.144,685.435
687.147,685.442
687.150,685.449
687.145,685.436
687.148,685.443
687.143,685.430
687.138,685.419
687.141,685.428
687.137,685.417
687.133,685.407
687.129,685.398
687.125,685.390
687.130,685.401
687.127,685.393
687.123,685.385
687.128,685.397
687.133,685.408
687.137,685.418
687.141,685.427
687.144,685.435
687.139,685.423
687.135,685.413
687.139,685.422
687.143,685.431
687.146,685.438
687.146,685.439
687.149,685.446
687.144,685.433
687.147,685.441
687.150,685.448
687.152,685.454
687.147,685.440
687.142,685.428
687.137,685.417
687.141,685.426
687.144,685.434
687.147,685.442
687.142,685.429
687.145,685.437
687.140,685.425
687.144,685.434
687.147,685.441
687.150,685.448
687.152,685.454
687.155,685.459
687.157,685.464
687.159,685.469
687.160,685.473
687.154,685.458
687.148,685.444
687.151,685.450
687.145,685.437
687.148,685.444
687.143,685.431
687.146,685.439
687.149,685.446
687.152,685.452
687.154,685.458
687.156,685.463
687.158,685.468
687.160,685.472
687.162,685.476
687.163,685.479
687.164,685.482
687.166,685.485
687.167,685.488
687.168,685.490
687.160,685.473
687.162,685.477
687.163,685.480
687.165,685.483
687.166,685.486
687.167,685.488
687.168,685.491
687.169,685.493
687.169,685.494
687.170,685.496
687.171,685.497
687.171,685.499
687.172,685.500
687.172,685.501
687.173,685.502
687.173,685.503
687.174,685.504
687.174,685.505
687.166,685.486
687.167,685.489
687.168,685.491
687.161,685.474
687.162,685.478
687.164,685.481
687.165,685.484
687.166,685.486
687.167,685.489
687.168,685.491
687.169,685.493
687.162,685.476
687.163,685.479
687.164,685.482
687.166,685.485
687.167,685.488
687.168,685.490
687.168,685.492
687.169,685.494
687.170,685.496
687.171,685.497
687.171,685.499
687.172,685.500
687.180,685.520
687.183,685.526
687.182,685.524
687.182,685.523
687.173,685.503
687.174,685.504
687.174,685.505
687.174,685.505
687.174,685.506
687.175,685.507
687.175,685.507
687.175,685.507
687.175,685.508
687.167,685.489
687.168,685.491
687.169,685.493
687.167,685.489
687.168,685.491
687.161,685.474
687.162,685.478
687.156,685.462
687.158,685.467
687.160,685.471
687.161,685.475
687.163,685.478
687.164,685.481
687.165,685.484
687.166,685.487
687.167,685.489
687.168,685.491
687.161,685.474
687.154,685.459
687.149,685.445
687.151,685.451
687.154,685.457
687.156,685.462
687.150,685.448
687.144,685.435
687.148,685.442
687.142,685.430
687.138,685.419
687.141,685.427
687.145,685.435
687.148,685.443
687.150,685.449
687.153,685.455
687.155,685.460
687.157,685.465
687.151,685.451
687.154,685.457
687.156,685.462
687.158,685.467
687.151,685.452
687.154,685.457
687.156,685.463
687.158,685.467
687.160,685.471
687.161,685.475
687.163,685.479
687.164,685.482
687.165,685.485
687.167,685.487
687.168,685.490
687.168,685.492
687.169,685.494
687.170,685.495
687.179,685.516
687.178,685.516
687.178,685.515
687.178,685.515
687.178,685.515
687.178,685.514
687.175,685.508
687.167,685.489
687.160,685.472
687.162,685.476
687.155,685.461
687.155,685.459
687.149,685.445
687.151,685.452
687.146,685.438
687.149,685.445
687.151,685.452
687.154,685.457
687.148,685.443
687.143,685.431
687.146,685.439
687.141,685.427
687.136,685.416
687.140,685.425
687.136,685.414
687.132,685.405
687.128,685.396
687.133,685.407
687.137,685.417
687.141,685.426
687.144,685.434
687.147,685.441
687.150,685.448
687.152,685.454
687.155,685.460
687.157,685.464
687.159,685.469
687.152,685.454
687.155,685.460
687.157,685.464
687.159,685.469
687.152,685.454
687.155,685.460
687.149,685.446
687.152,685.452
687.146,685.439
687.149,685.446
687.143,685.433
687.139,685.421
687.142,685.430
687.146,685.438
687.149,685.445
687.151,685.451
687.154,685.457
687.156,685.462
687.150,685.448
687.152,685.454
687.155,685.459
687.157,685.464
687.159,685.469
687.160,685.473
687.162,685.477
687.163,685.480
687.157,685.464
687.159,685.469
687.160,685.473
687.162,685.476
687.163,685.480
687.157,685.464
687.159,685.468
687.152,685.453
687.155,685.459
687.149,685.445
687.143,685.432
687.138,685.421
687.142,685.430
687.137,685.418
687.133,685.408
687.137,685.418
687.133,685.408
687.137,685.418
687.141,685.427
687.136,685.416
687.140,685.425
687.144,685.433
687.139,685.422
687.134,685.411
687.138,685.421
687.142,685.429
687.145,685.437
687.148,685.444
687.143,685.432
687.146,685.439
687.149,685.446
687.152,685.453
687.146,685.439
687.149,685.446
687.152,685.452
687.146,685.439
687.149,685.446
687.141,685.427
687.136,685.416
687.140,685.425
687.144,685.434
687.155,685.460
687.157,685.465
687.159,685.469
687.153,685.454
687.152,685.454
687.155,685.459
687.149,685.445
687.151,685.452
687.154,685.457
687.156,685.463
687.158,685.467
687.160,685.471
687.161,685.475
687.163,685.479
687.164,685.482
687.165,685.485
687.159,685.468
687.160,685.473
687.162,685.476
687.155,685.461
687.157,685.466
687.159,685.470
687.161,685.474
687.162,685.478
687.164,685.481
687.157,685.465
687.159,685.469
687.161,685.473
687.166,685.485
687.167,685.488
687.168,685.490
687.169,685.492
687.161,685.475
687.155,685.460
687.157,685.464
687.156,685.463
687.150,685.448
687.145,685.435
687.148,685.443
687.142,685.430
687.146,685.438
687.149,685.445
687.151,685.451
687.154,685.457
687.148,685.443
687.143,685.431
687.146,685.439
687.141,685.427
687.144,685.435
687.139,685.423
687.143,685.431
687.146,685.439
687.149,685.446
687.154,685.459
687.149,685.445
687.151,685.451
687.146,685.438
687.149,685.445
687.143,685.432
687.138,685.421
687.142,685.430
687.137,685.418
687.141,685.427
687.145,685.435
687.148,685.443
687.150,685.449
687.153,685.455
687.155,685.460
687.157,685.465
687.159,685.470
687.153,685.455
687.147,685.441
687.150,685.448
687.152,685.454
687.155,685.459
687.157,685.464
687.159,685.469
687.152,685.454
687.136,685.415
687.140,685.425
687.143,685.433
687.139,685.421
687.142,685.430
687.146,685.438
687.149,685.445
687.151,685.451
687.154,685.457
687.156,685.462
687.155,685.461
687.157,685.466
687.167,685.489
687.168,685.491
687.169,685.493
687.170,685.495
687.170,685.497
687.171,685.498
687.172,685.499
687.172,685.501
687.172,685.502
687.173,685.503
687.173,685.503
687.182,685.523
687.181,685.522
687.181,685.521
687.172,685.501
687.173,685.502
687.165,685.484
687.166,685.487
687.167,685.489
687.168,685.491
687.177,685.512
687.169,685.493
687.170,685.495
687.168,685.490
687.169,685.492
687.169,685.494
687.162,685.477
687.163,685.480
687.165,685.483
687.158,685.467
687.160,685.471
687.161,685.475
687.163,685.479
687.164,685.482
687.165,685.485
687.166,685.487
687.167,685.490
687.168,685.492
687.169,685.494
687.170,685.495
687.171,685.497
687.171,685.498
687.164,685.481
687.157,685.464
687.159,685.469
687.152,685.454
687.147,685.441
687.150,685.447
687.152,685.453
687.147,685.440
687.141,685.428
687.145,685.436
687.140,685.424
687.143,685.432
687.147,685.440
687.149,685.447
687.152,685.453
687.154,685.459
687.157,685.464
687.159,685.468
687.152,685.453
687.155,685.459
687.157,685.464
687.159,685.469
687.158,685.467
687.160,685.471
687.161,685.475
687.163,685.478
687.164,685.481
687.165,685.484
687.166,685.487
687.167,685.489
687.168,685.491
687.169,685.493
687.170,685.495
687.170,685.497
687.166,685.485
687.167,685.488
687.162,685.477
687.164,685.481
687.165,685.484
687.166,685.486
687.167,685.489
687.176,685.510
687.176,685.510
687.176,685.510
687.176,685.511
687.176,685.511
687.168,685.492
687.161,685.475
687.163,685.478
687.164,685.481
687.165,685.484
687.166,685.487
687.167,685.489
687.168,685.491
687.169,685.493
687.170,685.495
687.170,685.497
687.171,685.498
687.172,685.499
687.172,685.501
687.181,685.521
687.188,685.539
687.187,685.536
687.186,685.534
687.185,685.532
687.184,685.530
687.192,685.547
687.929,687.296
688.074,687.641
688.152,687.825
688.249,688.055
688.308,688.194
688.363,688.325
688.390,688.388
688.402,688.417
688.400,688.413
688.395,688.400
688.384,688.375
688.371,688.345
688.351,688.297
688.328,688.242
688.299,688.172
688.264,688.090
688.231,688.011
688.193,687.921
688.159,687.840
688.120,687.749
688.085,687.667
688.054,687.593
688.018,687.507
687.986,687.431
687.957,687.361
687.922,687.280
687.891,687.206
687.863,687.140
687.833,687.067
687.805,687.001
687.780,686.942
687.765,686.907
687.766,686.908
687.766,686.909
687.758,686.890
687.759,686.892
687.762,686.901
687.771,686.921
687.781,686.946
687.788,686.962
687.794,686.976
687.800,686.989
687.805,687.001
687.812,687.018
687.832,687.065
687.869,687.153
687.910,687.251
688.438,688.503
688.441,688.509
688.556,688.782
688.665,689.042
689.313,690.579
689.907,691.987
690.054,692.335
690.585,693.595
690.461,693.300
690.390,693.133
690.341,693.017
690.304,692.929
690.280,692.870
690.248,692.795
690.224,692.738
690.205,692.693
690.189,692.656
690.156,692.577
690.128,692.511
690.095,692.432
690.048,692.320
690.024,692.265
689.995,692.196
689.970,692.135
689.955,692.101
689.943,692.071
689.931,692.044
689.913,692.001
689.896,691.961
689.873,691.907
689.844,691.838
689.810,691.757
689.771,691.664
689.736,691.581
689.696,691.486
689.660,691.401
689.627,691.324
689.598,691.254
689.572,691.191
689.548,691.134
689.526,691.083
689.506,691.036
689.480,690.975
689.454,690.912
689.422,690.837
689.385,690.749
689.347,690.658
689.304,690.557
689.262,690.458
689.219,690.356
689.178,690.257
689.135,690.156
689.096,690.064
688.563,688.800
688.561,688.794
688.531,688.724
688.516,688.689
688.501,688.652
688.490,688.627
688.488,688.621
688.486,688.616
688.480,688.602
688.475,688.591
688.471,688.582
688.472,688.583
688.481,688.606
688.477,688.596
688.483,688.609
688.482,688.606
688.481,688.604
688.489,688.623
688.496,688.639
688.490,688.627
688.494,688.636
688.497,688.644
688.503,688.658
688.509,688.670
688.505,688.662
688.499,688.648
688.494,688.635
688.484,688.611
688.475,688.590
688.472,688.583
688.464,688.564
688.454,688.540
688.448,688.526
688.439,688.506
688.426,688.475
688.412,688.441
688.402,688.416
688.398,688.407
688.381,688.367
688.373,688.349
688.364,688.327
688.350,688.295
688.343,688.277
688.339,688.269
688.328,688.242
688.315,688.211
688.306,688.189
688.298,688.170
688.295,688.165
688.288,688.147
688.290,688.151
688.288,688.148
688.290,688.151
688.288,688.148
688.287,688.145
688.281,688.129
688.280,688.128
688.271,688.108
688.275,688.115
688.275,688.115
688.269,688.103
688.265,688.092
688.258,688.075
688.246,688.047
688.243,688.041
688.246,688.048
688.241,688.036
688.239,688.031
688.229,688.007
688.225,687.998
688.222,687.991
688.219,687.983
688.211,687.964
688.204,687.947
688.202,687.944
688.201,687.941
688.192,687.920
688.187,687.907
688.182,687.895
688.177,687.884
688.173,687.875
688.167,687.860
688.153,687.827
688.148,687.816
688.144,687.806
688.141,687.798
688.137,687.790
688.134,687.783
688.132,687.776
688.129,687.770
688.127,687.765
688.117,687.741
688.110,687.726
688.113,687.731
688.115,687.736
688.109,687.722
688.103,687.709
688.098,687.697
688.094,687.686
688.089,687.676
688.094,687.687
688.098,687.696
688.101,687.704
688.096,687.693
688.092,687.682
688.088,687.673
688.084,687.664
688.081,687.657
688.076,687.643
688.073,687.637
688.071,687.632
688.069,687.628
688.067,687.623
688.071,687.632
688.066,687.621
688.070,687.630
688.073,687.638
688.068,687.626
688.072,687.634
688.067,687.623
688.063,687.613
688.067,687.622
688.062,687.612
688.066,687.622
688.065,687.618
688.064,687.615
688.060,687.605
688.056,687.597
688.055,687.595
688.055,687.594
688.054,687.593
688.046,687.573
688.044,687.567
688.041,687.562
688.039,687.558
688.038,687.554
688.036,687.550
688.035,687.546
688.041,687.562
688.039,687.558
688.032,687.541
688.034,687.545
688.028,687.530
688.030,687.535
688.032,687.539
688.031,687.537
688.030,687.535
688.037,687.552
688.035,687.548
688.034,687.545
688.033,687.542
688.032,687.539
688.031,687.537
688.030,687.535
688.029,687.533
688.023,687.519
688.026,687.525
688.028,687.530
688.022,687.516
688.025,687.523
688.019,687.509
688.027,687.529
688.035,687.547
688.034,687.544
688.032,687.541
688.031,687.538
688.030,687.536
688.037,687.553
688.044,687.568
688.050,687.582
688.047,687.576
688.045,687.570
688.042,687.564
688.040,687.560
688.033,687.543
688.035,687.547
688.034,687.544
688.035,687.547
688.037,687.551
688.048,687.579
688.049,687.579
688.046,687.573
688.044,687.567
688.049,687.581
688.049,687.581
688.042,687.563
688.042,687.565
688.040,687.560
688.047,687.575
688.047,687.575
688.044,687.570
688.042,687.564
688.040,687.559
688.038,687.555
688.037,687.551
688.027,687.529
688.027,687.527
688.034,687.545
688.041,687.561
688.047,687.576
688.053,687.589
688.050,687.582
688.050,687.582
688.042,687.563
687.946,687.335
687.948,687.340
687.947,687.337
687.946,687.335
687.939,687.320
687.939,687.320
687.939,687.319
687.939,687.319
687.933,687.306
687.934,687.306
687.934,687.307
687.937,687.314
687.937,687.314
687.937,687.314
687.937,687.314
687.945,687.333
687.947,687.338
687.946,687.336
687.945,687.334
687.947,687.338
687.954,687.355
687.952,687.351
687.951,687.348
687.950,687.344
687.951,687.348
687.962,687.374
687.960,687.368
687.957,687.363
687.956,687.359
687.956,687.361
687.949,687.344
687.948,687.341
687.947,687.338
687.946,687.336
687.940,687.321
687.940,687.321
687.939,687.320
687.942,687.326
687.944,687.331
687.943,687.330
687.943,687.328
687.942,687.327
687.944,687.332
687.944,687.330
687.943,687.329
687.942,687.327
687.945,687.333
687.939,687.318
687.938,687.318
687.938,687.317
687.941,687.324
687.943,687.329
687.943,687.328
687.942,687.327
687.944,687.332
687.944,687.330
687.946,687.335
687.945,687.333
687.952,687.350
687.953,687.353
687.952,687.350
687.958,687.365
687.956,687.360
687.954,687.356
687.956,687.359
687.956,687.361
687.955,687.356
687.953,687.352
687.954,687.355
687.952,687.351
687.959,687.367
687.957,687.362
687.963,687.376
687.960,687.370
687.961,687.371
687.959,687.366
687.965,687.380
687.962,687.374
687.962,687.375
687.968,687.388
687.973,687.400
687.978,687.411
687.974,687.402
687.970,687.393
687.970,687.392
687.975,687.404
687.971,687.395
687.968,687.388
687.965,687.381
687.962,687.374
687.962,687.375
687.960,687.369
687.966,687.383
687.971,687.395
687.968,687.388
687.968,687.387
687.967,687.387
687.975,687.405
687.972,687.397
687.968,687.389
687.965,687.382
687.965,687.382
687.963,687.375
687.960,687.370
687.961,687.371
687.961,687.372
687.959,687.367
687.957,687.361
687.963,687.376
687.968,687.389
687.968,687.389
687.965,687.381
687.970,687.394
687.975,687.405
687.980,687.416
687.984,687.425
687.987,687.434
687.985,687.429
687.983,687.424
687.987,687.433
687.982,687.422
687.978,687.411
687.982,687.421
687.980,687.417
687.976,687.408
687.980,687.418
687.976,687.408
687.973,687.399
687.969,687.391
687.969,687.390
687.969,687.389
687.974,687.401
687.970,687.393
687.967,687.385
687.967,687.385
687.967,687.385
687.967,687.385
687.964,687.378
687.961,687.372
687.967,687.385
687.972,687.398
687.977,687.409
687.984,687.425
687.990,687.440
687.993,687.447
687.996,687.454
687.998,687.459
688.000,687.465
688.002,687.469
687.999,687.461
688.004,687.473
688.005,687.477
688.007,687.480
688.000,687.464
688.002,687.469
688.004,687.473
688.006,687.477
688.007,687.481
688.008,687.484
688.004,687.474
688.001,687.466
688.003,687.470
688.004,687.474
688.006,687.478
687.999,687.463
688.004,687.474
688.001,687.465
688.003,687.470
688.004,687.474
688.006,687.478
688.007,687.481
688.003,687.472
688.005,687.476
688.009,687.486
688.010,687.489
688.011,687.491
688.012,687.493
688.013,687.495
688.014,687.497
688.017,687.505
688.013,687.494
688.008,687.483
688.009,687.486
688.010,687.489
688.011,687.491
688.012,687.493
688.021,687.514
688.021,687.514
688.021,687.514
688.021,687.514
688.024,687.521
688.026,687.527
688.026,687.526
688.025,687.524
688.025,687.523
688.025,687.523
688.024,687.522
688.032,687.540
688.031,687.538
688.030,687.535
688.029,687.533
688.031,687.538
688.033,687.542
688.035,687.546
688.036,687.550
688.037,687.553
688.039,687.556
688.040,687.558
688.041,687.561
688.039,687.556
688.045,687.571
688.043,687.566
688.041,687.561
688.039,687.556
688.037,687.552
688.036,687.549
688.034,687.545
688.036,687.549
688.029,687.533
688.028,687.531
688.028,687.530
688.027,687.528
688.027,687.527
688.026,687.526
688.026,687.525
688.033,687.543
688.040,687.559
688.038,687.555
688.029,687.532
688.023,687.518
688.030,687.536
688.024,687.522
688.027,687.528
688.029,687.533
688.023,687.519
688.018,687.506
688.018,687.506
688.018,687.507
688.021,687.514
688.021,687.514
688.021,687.514
688.021,687.514
688.029,687.533
688.028,687.532
688.031,687.536
688.032,687.541
688.034,687.545
688.036,687.549
688.037,687.552
688.038,687.555
688.037,687.551
688.035,687.548
688.034,687.544
688.033,687.542
688.032,687.539
688.031,687.537
688.030,687.534
688.029,687.533
688.028,687.531
688.022,687.517
688.025,687.523
688.019,687.510
688.027,687.529
688.030,687.534
688.029,687.533
688.028,687.531
688.027,687.529
688.035,687.547
688.042,687.563
688.040,687.558
688.038,687.554
688.039,687.557
688.037,687.553
688.036,687.549
688.034,687.546
688.036,687.549
688.035,687.546
688.036,687.550
688.029,687.534
688.031,687.538
688.030,687.536
688.029,687.534
688.031,687.539
688.033,687.543
688.035,687.547
688.036,687.550
688.038,687.553
