# Physical_Baseline=688.18pF, Trigger_Distance=12.1cm, Atten_Ratio=1.46
Raw_Capacitance(pF),Normalized_Capacitance(pF)
688.184,688.187
688.184,688.187
688.180,688.181
688.183,688.186
688.176,688.175
688.177,688.177
688.179,688.179
688.174,688.173
688.179,688.179
688.180,688.181
688.181,688.182
688.174,688.172
688.178,688.178
688.174,688.172
688.170,688.167
688.172,688.169
688.174,688.172
688.175,688.174
688.169,688.164
688.165,688.160
688.163,688.155
688.157,688.147
688.160,688.152
688.163,688.156
688.160,688.152
688.158,688.149
688.156,688.145
688.159,688.150
688.162,688.154
688.167,688.162
688.164,688.158
688.161,688.154
688.164,688.158
688.167,688.161
688.169,688.165
688.163,688.156
688.168,688.164
688.170,688.167
688.172,688.169
688.174,688.172
688.178,688.178
688.182,688.184
688.183,688.185
688.184,688.186
688.184,688.187
688.179,688.180
688.172,688.170
688.174,688.172
688.176,688.175
688.180,688.181
688.184,688.186
688.179,688.179
688.180,688.181
688.173,688.171
688.174,688.173
688.179,688.179
688.183,688.185
688.183,688.186
688.184,688.187
688.185,688.188
688.185,688.188
688.180,688.181
688.173,688.171
688.175,688.173
688.176,688.175
688.177,688.177
688.173,688.171
688.170,688.166
688.172,688.169
688.173,688.171
688.178,688.178
688.182,688.184
688.183,688.185
688.183,688.186
688.184,688.187
688.187,688.192
688.188,688.192
688.188,688.192
688.188,688.193
688.183,688.185
688.184,688.186
688.184,688.187
688.185,688.188
688.188,688.193
688.191,688.197
688.191,688.197
688.191,688.197
688.193,688.201
688.188,688.193
688.191,688.197
688.191,688.197
688.199,688.208
688.198,688.207
688.192,688.198
688.186,688.190
688.187,688.191
688.187,688.191
688.187,688.192
688.188,688.192
688.191,688.197
688.185,688.189
688.186,688.189
688.186,688.190
688.181,688.183
688.185,688.188
688.185,688.189
688.186,688.189
688.186,688.190
688.189,688.195
688.184,688.187
688.185,688.188
688.193,688.200
688.196,688.204
688.190,688.196
688.190,688.196
688.190,688.196
688.190,688.196
688.182,688.184
688.185,688.189
688.181,688.182
688.182,688.183
688.182,688.184
688.186,688.190
688.186,688.190
688.187,688.191
688.187,688.191
688.190,688.196
688.193,688.200
688.193,688.199
688.195,688.203
688.189,688.195
688.189,688.195
688.189,688.195
688.190,688.195
688.192,688.199
688.195,688.203
688.194,688.202
688.194,688.202
688.194,688.201
688.196,688.205
688.198,688.208
688.198,688.207
688.197,688.206
688.199,688.209
688.193,688.200
688.193,688.199
688.192,688.199
688.195,688.203
688.197,688.206
688.197,688.205
688.196,688.204
688.195,688.203
688.190,688.195
688.193,688.199
688.192,688.199
688.192,688.199
688.195,688.202
688.197,688.206
688.196,688.205
688.204,688.216
688.202,688.214
688.196,688.204
688.195,688.204
688.195,688.203
688.194,688.202
688.197,688.206
688.196,688.205
688.195,688.204
688.195,688.203
688.189,688.194
688.189,688.195
688.189,688.195
688.192,688.199
688.187,688.191
688.187,688.191
688.187,688.192
688.188,688.192
688.183,688.185
688.183,688.186
688.184,688.187
688.184,688.187
688.180,688.181
688.175,688.174
688.177,688.176
688.178,688.178
688.174,688.172
688.175,688.174
688.177,688.176
688.178,688.178
688.182,688.184
688.178,688.177
688.179,688.179
688.180,688.181
688.181,688.182
688.176,688.176
688.186,688.189
688.186,688.190
688.189,688.195
688.189,688.195
688.189,688.195
688.192,688.199
688.200,688.210
688.199,688.209
688.201,688.212
688.203,688.214
688.210,688.224
688.216,688.233
689.057,689.466
697.919,702.440
703.259,710.258
704.851,712.589
705.357,713.330
704.847,712.584
704.715,712.390
702.415,709.022
701.625,707.865
700.595,706.357
698.833,703.778
697.967,702.510
696.771,700.759
696.594,700.499
695.359,698.691
694.670,697.684
694.032,696.749
693.475,695.934
693.325,695.714
692.793,694.935
692.705,694.807
692.605,694.660
692.489,694.490
691.989,693.758
691.859,693.568
691.758,693.419
691.663,693.280
691.569,693.143
691.490,693.028
690.970,692.266
690.950,692.236
690.897,692.160
690.884,692.140
690.937,692.217
691.012,692.328
691.722,693.367
691.768,693.435
691.899,693.625
692.488,694.489
692.534,694.556
693.123,695.418
693.339,695.734
693.370,695.779
693.429,695.866
693.483,695.946
693.574,696.078
694.274,697.103
694.341,697.201
694.479,697.403
694.526,697.473
695.676,699.157
695.768,699.290
695.929,699.526
697.259,701.474
697.309,701.547
698.680,703.554
698.790,703.716
698.799,703.728
698.670,703.540
698.693,703.574
698.725,703.619
698.657,703.520
698.630,703.480
698.604,703.442
698.012,702.577
697.942,702.474
697.890,702.397
697.109,701.254
696.934,700.998
696.083,699.752
695.950,699.557
695.833,699.385
695.807,699.347
695.709,699.205
694.843,697.936
694.711,697.743
694.724,697.762
694.609,697.594
693.988,696.684
693.964,696.649
693.855,696.489
693.350,695.750
693.154,695.463
693.075,695.348
693.013,695.257
692.957,695.175
692.920,695.120
692.879,695.060
692.835,694.996
692.329,694.256
692.284,694.190
692.212,694.084
692.153,693.998
692.081,693.893
692.033,693.822
691.978,693.742
691.949,693.699
691.915,693.649
691.876,693.592
691.838,693.537
691.796,693.475
691.760,693.423
691.720,693.364
691.676,693.300
691.638,693.243
691.595,693.181
691.545,693.108
691.496,693.036
690.970,692.266
690.992,692.298
691.000,692.309
690.969,692.264
690.943,692.226
690.931,692.209
690.917,692.189
690.912,692.181
690.903,692.167
690.889,692.147
690.888,692.146
690.873,692.124
690.870,692.120
690.853,692.094
690.834,692.067
690.826,692.056
690.811,692.033
690.797,692.013
690.794,692.008
690.782,691.991
690.775,691.980
690.769,691.971
690.751,691.946
690.736,691.923
690.730,691.914
690.725,691.907
690.712,691.888
690.708,691.883
690.705,691.878
690.694,691.862
690.684,691.848
690.675,691.834
690.667,691.823
690.660,691.812
690.653,691.802
690.651,691.798
690.648,691.795
690.646,691.792
690.636,691.777
690.627,691.763
690.627,691.763
690.618,691.751
690.611,691.740
690.604,691.730
690.595,691.717
690.594,691.716
690.586,691.704
690.586,691.704
690.579,691.693
690.575,691.688
690.568,691.678
690.555,691.657
690.545,691.644
690.541,691.638
690.530,691.621
690.528,691.618
690.518,691.603
690.516,691.602
690.511,691.593
690.502,691.581
690.494,691.569
690.491,691.564
690.484,691.554
690.478,691.546
690.465,691.526
690.452,691.508
690.441,691.492
690.431,691.477
690.414,691.452
690.410,691.446
690.403,691.436
690.392,691.419
690.379,691.400
690.367,691.382
690.359,691.371
690.357,691.368
690.347,691.353
690.341,691.345
690.332,691.332
690.325,691.321
690.318,691.311
690.320,691.313
690.321,691.316
690.318,691.311
690.311,691.302
690.314,691.305
690.308,691.296
690.303,691.289
690.298,691.282
690.297,691.280
690.300,691.285
690.296,691.279
690.292,691.273
690.291,691.272
690.295,691.278
690.299,691.284
690.295,691.277
690.299,691.283
690.297,691.281
690.293,691.275
690.297,691.281
690.296,691.279
690.292,691.273
690.288,691.267
690.288,691.267
690.284,691.262
690.284,691.262
690.281,691.258
690.287,691.265
690.286,691.265
690.283,691.260
690.280,691.256
690.277,691.252
690.267,691.237
690.266,691.234
690.264,691.232
690.263,691.231
690.262,691.229
690.261,691.228
690.260,691.227
690.263,691.230
690.261,691.228
690.264,691.232
690.263,691.230
690.270,691.240
690.271,691.242
690.269,691.240
690.268,691.237
690.274,691.247
690.280,691.256
690.293,691.275
690.301,691.286
690.304,691.291
690.307,691.295
690.310,691.300
690.313,691.303
690.315,691.307
690.317,691.310
690.319,691.312
690.329,691.327
690.329,691.328
690.330,691.329
690.331,691.330
690.331,691.330
690.340,691.343
690.339,691.343
690.347,691.354
690.349,691.357
690.356,691.367
690.358,691.369
690.356,691.366
690.354,691.364
690.352,691.361
690.351,691.359
690.349,691.357
690.351,691.360
690.350,691.358
690.349,691.356
690.347,691.354
690.346,691.353
690.341,691.344
690.340,691.344
690.340,691.343
690.340,691.343
690.343,691.347
690.342,691.346
690.333,691.334
690.329,691.327
690.330,691.328
690.330,691.329
690.326,691.323
690.327,691.324
690.328,691.326
690.329,691.327
690.333,691.333
690.333,691.333
690.333,691.334
690.334,691.334
690.334,691.334
690.334,691.335
690.334,691.335
690.343,691.347
690.350,691.358
690.357,691.368
690.355,691.365
690.361,691.375
690.370,691.388
690.375,691.395
690.379,691.401
690.383,691.407
690.387,691.412
690.385,691.410
690.389,691.415
690.392,691.420
690.398,691.428
690.400,691.431
690.402,691.434
690.407,691.442
690.409,691.444
690.410,691.446
690.419,691.459
690.427,691.471
690.427,691.470
690.421,691.462
690.421,691.462
690.421,691.462
690.421,691.462
690.421,691.462
690.416,691.455
690.417,691.456
690.412,691.449
690.413,691.451
690.414,691.452
690.407,691.441
690.408,691.443
690.409,691.445
690.406,691.440
690.407,691.442
690.404,691.437
690.413,691.451
690.414,691.452
690.418,691.458
690.426,691.470
690.426,691.469
690.417,691.457
690.418,691.457
690.421,691.462
690.429,691.474
690.429,691.473
690.431,691.477
690.430,691.475
690.429,691.474
690.424,691.466
690.423,691.466
690.431,691.477
690.434,691.480
690.440,691.491
690.439,691.488
690.437,691.485
690.447,691.500
690.444,691.496
690.445,691.498
690.451,691.506
690.448,691.502
690.449,691.503
690.446,691.499
690.444,691.496
690.442,691.493
690.448,691.501
690.445,691.498
690.446,691.499
690.452,691.507
690.449,691.503
690.450,691.504
690.447,691.500
690.453,691.508
690.453,691.509
690.458,691.516
690.454,691.511
690.446,691.499
690.444,691.496
690.450,691.504
690.447,691.500
690.445,691.497
690.451,691.505
690.443,691.494
690.441,691.491
690.434,691.481
690.433,691.479
690.427,691.471
690.418,691.458
690.411,691.447
690.404,691.436
690.405,691.439
690.407,691.441
690.408,691.443
690.401,691.433
690.398,691.429
690.401,691.432
690.402,691.435
690.404,691.437
690.401,691.433
690.395,691.424
690.393,691.420
690.395,691.424
690.398,691.428
690.400,691.431
690.394,691.422
690.388,691.414
690.387,691.412
690.382,691.405
690.378,691.399
690.374,691.393
690.370,691.388
690.370,691.388
690.367,691.383
690.367,691.383
690.364,691.379
690.354,691.363
690.352,691.361
690.342,691.347
690.337,691.339
690.337,691.339
690.329,691.327
690.330,691.328
690.322,691.317
690.319,691.312
690.320,691.315
690.314,691.305
690.311,691.301
690.314,691.305
690.308,691.296
690.306,691.293
690.308,691.297
690.306,691.294
690.301,691.286
690.296,691.280
690.292,691.273
690.292,691.272
690.288,691.267
690.284,691.262
690.281,691.257
690.278,691.253
690.279,691.254
690.285,691.262
690.281,691.258
690.279,691.254
690.279,691.254
690.285,691.262
690.285,691.263
690.282,691.258
690.279,691.254
690.279,691.255
690.277,691.251
690.274,691.247
690.272,691.244
690.273,691.246
690.271,691.243
690.273,691.245
690.279,691.254
690.276,691.250
690.277,691.251
690.275,691.248
690.273,691.245
690.271,691.242
690.272,691.244
690.270,691.241
690.272,691.243
690.270,691.240
690.268,691.238
690.266,691.236
690.260,691.227
690.259,691.225
690.259,691.224
690.253,691.216
690.253,691.216
690.253,691.216
690.253,691.216
690.256,691.220
690.255,691.220
690.255,691.219
690.255,691.219
690.258,691.223
690.249,691.210
690.249,691.211
690.245,691.204
690.245,691.205
690.246,691.206
690.247,691.207
690.250,691.212
690.250,691.212
690.250,691.212
690.246,691.205
690.254,691.218
690.254,691.218
690.254,691.217
690.254,691.217
690.253,691.217
690.253,691.216
690.253,691.216
690.253,691.216
690.261,691.228
690.263,691.231
690.262,691.230
690.261,691.228
690.263,691.231
690.270,691.242
690.269,691.239
690.270,691.241
690.268,691.239
690.267,691.236
690.266,691.234
690.259,691.225
690.259,691.224
690.258,691.223
690.257,691.222
690.257,691.222
690.256,691.221
690.256,691.220
690.255,691.220
690.258,691.224
690.258,691.223
690.257,691.222
690.260,691.226
690.259,691.225
690.258,691.224
690.261,691.228
690.260,691.227
690.267,691.237
690.266,691.235
690.268,691.238
690.266,691.235
690.265,691.233
690.267,691.236
690.273,691.246
690.263,691.231
690.262,691.230
690.261,691.228
690.264,691.232
690.262,691.230
690.261,691.228
690.256,691.220
690.255,691.219
690.255,691.219
690.255,691.218
690.250,691.211
690.250,691.211
690.250,691.212
690.250,691.212
690.250,691.212
690.250,691.212
690.251,691.212
690.254,691.217
690.246,691.205
690.246,691.206
690.247,691.207
690.247,691.208
690.243,691.201
690.244,691.202
690.244,691.204
690.248,691.209
690.249,691.210
690.249,691.210
690.249,691.211
690.253,691.216
690.253,691.215
690.253,691.215
690.248,691.208
690.248,691.209
690.248,691.209
690.249,691.210
690.244,691.203
690.245,691.204
690.245,691.205
690.246,691.206
690.242,691.200
690.243,691.201
690.236,691.190
690.229,691.181
690.231,691.184
690.228,691.180
690.231,691.183
690.224,691.174
690.230,691.183
690.232,691.186
690.234,691.189
690.228,691.179
690.230,691.182
690.232,691.185
690.234,691.188
690.236,691.191
690.245,691.205
690.246,691.206
690.246,691.206
690.250,691.212
690.250,691.212
690.250,691.212
690.242,691.201
690.235,691.190
690.237,691.192
690.238,691.195
690.240,691.196
690.233,691.186
690.234,691.189
690.236,691.191
690.238,691.194
690.242,691.200
690.243,691.201
690.244,691.203
690.240,691.197
690.241,691.198
690.242,691.200
690.243,691.201
690.247,691.207
690.247,691.208
690.248,691.208
690.243,691.202
690.244,691.203
690.245,691.204
690.245,691.205
690.249,691.211
690.250,691.211
690.250,691.211
690.250,691.212
690.250,691.212
690.250,691.212
690.250,691.212
690.254,691.217
690.254,691.217
690.253,691.217
690.253,691.216
690.256,691.221
690.256,691.220
690.259,691.224
690.258,691.223
690.257,691.222
690.265,691.233
690.264,691.232
690.263,691.230
690.262,691.229
690.256,691.220
690.255,691.220
690.255,691.219
690.258,691.223
690.249,691.211
690.241,691.199
690.242,691.200
690.235,691.190
690.232,691.185
690.226,691.176
690.228,691.180
690.222,691.171
690.220,691.168
690.223,691.173
690.226,691.177
690.228,691.180
690.231,691.183
690.225,691.174
690.219,691.166
690.214,691.159
690.218,691.164
690.216,691.162
690.220,691.167
690.223,691.172
690.225,691.176
690.228,691.179
690.230,691.183
690.224,691.174
690.227,691.178
690.229,691.181
690.223,691.172
690.221,691.169
690.224,691.174
690.227,691.177
690.221,691.169
690.211,691.154
690.207,691.148
690.211,691.155
690.207,691.148
690.203,691.143
690.200,691.138
690.196,691.133
690.197,691.134
690.194,691.130
690.199,691.138
690.200,691.138
690.200,691.138
690.197,691.133
690.194,691.129
690.191,691.126
690.189,691.122
690.190,691.124
690.191,691.125
690.189,691.122
690.187,691.119
690.193,691.128
690.190,691.124
690.188,691.121
690.186,691.118
690.184,691.115
690.183,691.113
690.181,691.111
690.180,691.109
690.179,691.107
690.177,691.106
690.180,691.109
690.187,691.119
690.185,691.116
690.183,691.113
690.177,691.104
690.176,691.103
690.175,691.101
690.174,691.100
690.181,691.111
690.180,691.109
690.179,691.107
690.178,691.106
690.177,691.104
690.176,691.103
690.175,691.102
690.174,691.101
690.173,691.100
690.173,691.099
690.172,691.098
690.172,691.097
690.171,691.096
690.171,691.096
690.171,691.095
690.162,691.083
690.163,691.084
690.155,691.073
690.156,691.074
690.157,691.076
690.158,691.077
690.167,691.090
690.162,691.083
690.158,691.076
690.162,691.082
690.162,691.083
690.163,691.084
690.163,691.084
690.163,691.085
690.172,691.097
690.180,691.108
690.178,691.107
690.172,691.098
690.167,691.090
690.162,691.083
690.158,691.076
690.151,691.066
690.152,691.068
690.154,691.070
690.155,691.072
690.148,691.062
690.142,691.053
690.136,691.045
690.131,691.037
690.126,691.030
690.130,691.036
690.126,691.029
690.129,691.035
690.133,691.040
690.136,691.045
690.139,691.049
690.142,691.053
690.144,691.057
690.138,691.048
690.141,691.052
690.143,691.056
690.141,691.052
690.146,691.060
690.144,691.056
690.141,691.052
690.138,691.048
690.141,691.052
690.144,691.056
690.138,691.047
690.141,691.051
690.143,691.055
690.137,691.047
690.140,691.051
690.143,691.054
690.137,691.046
690.140,691.050
690.134,691.042
690.137,691.047
690.140,691.051
690.143,691.055
690.145,691.058
690.147,691.061
690.149,691.064
690.154,691.071
690.158,691.077
690.154,691.071
690.151,691.066
690.147,691.061
690.144,691.057
690.141,691.053
690.139,691.049
690.134,691.041
690.137,691.046
690.140,691.050
690.134,691.042
690.129,691.035
690.125,691.028
690.121,691.022
690.117,691.017
690.114,691.012
690.111,691.008
690.116,691.016
690.121,691.023
690.125,691.029
690.133,691.040
690.128,691.033
690.131,691.038
690.135,691.043
690.138,691.048
690.133,691.040
690.136,691.045
690.131,691.037
690.126,691.030
690.122,691.024
690.118,691.019
690.123,691.025
690.119,691.020
690.115,691.015
690.120,691.022
690.117,691.017
690.113,691.012
690.119,691.019
690.115,691.014
690.115,691.014
690.123,691.026
690.127,691.032
690.123,691.026
690.127,691.032
690.123,691.026
690.119,691.020
690.124,691.027
690.128,691.033
690.131,691.038
690.135,691.043
690.133,691.040
690.139,691.050
690.137,691.046
690.140,691.051
690.143,691.054
690.137,691.046
690.140,691.050
690.142,691.054
690.145,691.057
690.147,691.060
690.149,691.063
690.150,691.066
690.152,691.068
690.153,691.070
690.147,691.060
690.149,691.063
690.150,691.066
690.144,691.056
690.138,691.048
690.133,691.040
690.136,691.045
690.139,691.049
690.133,691.041
690.137,691.046
690.140,691.050
690.142,691.054
690.140,691.050
690.137,691.047
690.135,691.044
690.133,691.041
690.132,691.038
690.138,691.048
690.141,691.052
690.135,691.044
690.138,691.048
690.141,691.052
690.144,691.056
690.146,691.059
690.140,691.050
690.134,691.042
690.129,691.035
690.133,691.040
690.136,691.045
690.131,691.037
690.134,691.042
690.129,691.035
690.133,691.040
690.128,691.033
690.124,691.027
690.120,691.021
690.124,691.028
690.120,691.022
690.112,691.009
690.109,691.005
690.106,691.001
690.104,690.998
690.102,690.995
690.100,690.992
690.106,691.001
690.104,690.998
690.110,691.007
690.107,691.003
690.113,691.011
690.113,691.012
690.118,691.019
690.115,691.014
690.120,691.021
690.124,691.028
690.128,691.034
690.124,691.027
690.120,691.022
690.120,691.021
690.119,691.020
690.116,691.015
690.113,691.011
690.118,691.018
690.114,691.013
690.111,691.009
690.112,691.009
690.104,690.998
690.102,690.995
690.100,690.992
690.106,691.001
690.104,690.998
690.102,690.995
690.100,690.992
690.102,690.994
690.103,690.996
690.101,690.994
690.099,690.991
690.098,690.989
690.099,690.991
690.093,690.982
690.092,690.980
690.091,690.979
690.090,690.978
690.089,690.976
690.089,690.975
690.088,690.975
690.088,690.974
690.087,690.973
690.087,690.972
690.086,690.972
690.086,690.971
690.085,690.971
690.085,690.970
690.088,690.975
690.096,690.985
690.094,690.984
690.093,690.982
690.092,690.980
690.094,690.984
690.096,690.987
690.098,690.989
690.100,690.992
690.098,690.989
690.097,690.987
690.090,690.978
690.090,690.977
690.089,690.976
690.088,690.975
690.088,690.974
690.087,690.973
690.087,690.973
690.086,690.972
690.078,690.960
690.078,690.960
690.079,690.961
690.079,690.961
690.074,690.955
690.075,690.956
690.076,690.957
690.072,690.950
690.073,690.952
690.074,690.953
690.074,690.955
690.075,690.956
690.076,690.957
690.076,690.958
690.072,690.951
690.065,690.941
690.059,690.931
690.056,690.927
690.050,690.919
690.053,690.924
690.048,690.916
690.043,690.909
690.039,690.903
690.038,690.901
690.042,690.908
690.049,690.918
690.052,690.922
690.055,690.927
690.050,690.919
690.053,690.923
690.048,690.915
690.046,690.913
690.049,690.918
690.053,690.923
690.051,690.920
690.054,690.924
690.056,690.928
690.051,690.920
690.054,690.924
690.056,690.928
690.051,690.920
690.054,690.924
690.056,690.928
690.051,690.920
690.049,690.917
690.044,690.910
690.048,690.916
690.043,690.909
690.047,690.914
690.050,690.919
690.045,690.912
690.049,690.917
690.044,690.910
690.042,690.908
690.038,690.902
690.042,690.908
690.046,690.913
690.050,690.918
690.045,690.911
690.040,690.905
690.036,690.899
690.036,690.898
690.040,690.904
690.036,690.898
690.032,690.893
690.029,690.888
690.026,690.884
690.023,690.880
690.021,690.876
690.019,690.873
690.017,690.870
690.015,690.867
690.013,690.865
690.012,690.863
690.018,690.873
690.025,690.882
690.022,690.878
690.020,690.874
690.018,690.871
690.016,690.869
690.014,690.866
690.012,690.864
690.011,690.862
690.010,690.860
690.012,690.863
690.010,690.861
690.017,690.871
690.015,690.868
690.014,690.866
690.015,690.868
690.014,690.865
690.015,690.868
690.014,690.865
690.012,690.863
690.011,690.861
690.009,690.859
690.008,690.858
690.007,690.856
690.006,690.855
690.005,690.854
690.005,690.853
690.004,690.852
689.995,690.839
689.996,690.839
689.996,690.839
689.996,690.840
689.996,690.840
689.999,690.845
689.999,690.844
689.999,690.844
689.991,690.832
689.987,690.826
689.980,690.816
689.981,690.818
689.975,690.809
689.977,690.812
689.974,690.808
689.976,690.811
689.978,690.814
689.980,690.817
689.982,690.819
689.983,690.821
689.985,690.823
689.986,690.825
689.987,690.827
689.983,690.821
689.984,690.823
689.986,690.825
689.987,690.826
689.988,690.828
689.989,690.829
689.990,690.830
689.982,690.820
689.987,690.826
689.980,690.816
689.974,690.807
689.976,690.810
689.978,690.813
689.980,690.816
689.981,690.818
689.975,690.809
689.977,690.812
689.971,690.803
689.965,690.795
689.964,690.792
689.959,690.785
689.954,690.779
689.958,690.785
689.962,690.790
689.958,690.783
689.961,690.789
689.965,690.794
689.963,690.791
689.966,690.796
689.969,690.801
689.967,690.797
689.962,690.790
689.965,690.795
689.968,690.799
689.971,690.803
689.966,690.795
689.961,690.788
689.956,690.781
689.952,690.775
689.948,690.770
689.953,690.777
689.949,690.771
689.954,690.778
689.958,690.784
689.954,690.778
689.958,690.784
689.962,690.789
689.965,690.794
689.968,690.799
689.971,690.803
689.973,690.807
689.976,690.810
689.970,690.801
689.964,690.793
689.959,690.786
689.963,690.792
689.966,690.796
689.969,690.801
689.972,690.805
689.974,690.808
689.969,690.800
689.963,690.792
689.962,690.790
689.957,690.783
689.961,690.788
689.959,690.786
689.963,690.792
689.966,690.796
689.969,690.801
689.972,690.805
689.966,690.796
689.961,690.789
689.965,690.794
689.968,690.799
689.963,690.791
689.958,690.784
689.954,690.778
689.953,690.777
689.957,690.783
689.953,690.777
689.957,690.783
689.961,690.789
689.960,690.786
689.963,690.792
689.958,690.785
689.954,690.778
689.958,690.785
689.954,690.778
689.958,690.784
689.962,690.790
689.965,690.795
689.968,690.799
689.963,690.792
689.961,690.789
689.965,690.794
689.968,690.799
689.966,690.796
689.961,690.788
689.964,690.793
689.967,690.798
689.965,690.795
689.960,690.788
689.956,690.781
689.952,690.775
689.948,690.770
689.945,690.765
689.942,690.760
689.939,690.756
689.936,690.753
689.942,690.761
689.939,690.757
689.945,690.765
689.942,690.761
689.934,690.749
689.932,690.746
689.938,690.755
689.944,690.764
689.936,690.752
689.934,690.749
689.932,690.746
689.922,690.731
689.921,690.730
689.920,690.729
689.920,690.728
689.919,690.727
689.922,690.731
689.921,690.730
689.920,690.728
689.919,690.728
689.927,690.738
689.925,690.736
689.916,690.723
689.916,690.722
689.916,690.722
689.907,690.710
689.908,690.711
689.908,690.711
689.909,690.712
689.909,690.713
689.909,690.713
689.910,690.714
689.910,690.714
689.910,690.714
689.911,690.715
689.911,690.715
689.911,690.715
689.911,690.716
689.911,690.716
689.907,690.709
689.907,690.710
689.908,690.711
689.908,690.711
689.909,690.712
689.909,690.712
689.909,690.713
689.910,690.713
689.910,690.714
689.918,690.726
689.918,690.725
689.917,690.725
689.912,690.717
689.912,690.717
689.907,690.710
689.908,690.711
689.908,690.711
689.909,690.712
689.909,690.712
689.909,690.713
689.910,690.713
689.910,690.714
689.910,690.714
689.902,690.703
689.903,690.704
689.904,690.706
689.905,690.707
689.898,690.696
689.891,690.686
689.893,690.689
689.890,690.685
689.884,690.676
689.887,690.680
689.889,690.684
689.884,690.675
689.886,690.679
689.889,690.683
689.891,690.686
689.893,690.689
689.887,690.680
689.881,690.672
689.884,690.676
689.887,690.680
689.881,690.672
689.880,690.669
689.883,690.674
689.886,690.678
689.888,690.682
689.891,690.685
689.893,690.689
689.895,690.691
689.896,690.694
689.898,690.696
689.891,690.686
689.885,690.678
689.880,690.670
689.883,690.674
689.886,690.679
689.888,690.682
689.891,690.686
689.893,690.689
689.895,690.692
689.896,690.694
689.898,690.696
689.895,690.691
689.896,690.694
689.890,690.684
689.892,690.688
689.894,690.691
689.896,690.693
689.897,690.696
689.899,690.698
689.892,690.688
689.894,690.691
689.896,690.693
689.889,690.684
689.892,690.687
689.886,690.678
689.880,690.670
689.875,690.663
689.871,690.656
689.875,690.662
689.878,690.668
689.874,690.661
689.877,690.666
689.876,690.664
689.879,690.669
689.878,690.666
689.873,690.659
689.872,690.658
689.876,690.663
689.874,690.661
689.870,690.655
689.874,690.661
689.878,690.666
689.873,690.660
689.869,690.653
689.873,690.659
689.877,690.665
689.880,690.670
689.883,690.675
689.886,690.679
689.889,690.682
689.891,690.686
689.893,690.689
689.887,690.680
689.881,690.672
689.876,690.664
689.875,690.662
689.870,690.656
689.874,690.662
689.878,690.667
689.881,690.672
689.876,690.664
689.880,690.670
689.875,690.662
689.878,690.668
689.874,690.661
689.869,690.654
689.873,690.660
689.877,690.666
689.881,690.671
689.884,690.675
689.878,690.668
689.882,690.672
689.877,690.665
689.872,690.658
689.868,690.652
689.864,690.646
689.861,690.641
689.857,690.637
689.858,690.637
689.863,690.645
689.863,690.645
689.868,690.652
689.864,690.646
689.860,690.641
689.857,690.637
689.863,690.644
689.859,690.640
689.856,690.635
689.862,690.643
689.854,690.631
689.859,690.639
689.856,690.635
689.854,690.631
689.851,690.628
689.849,690.624
689.847,690.622
689.837,690.607
689.836,690.606
689.835,690.605
689.835,690.604
689.834,690.603
689.834,690.602
689.833,690.601
689.833,690.600
689.824,690.588
689.824,690.589
689.825,690.589
689.825,690.590
689.825,690.590
689.826,690.590
689.826,690.591
689.826,690.591
689.826,690.591
689.826,690.592
689.827,690.592
689.827,690.592
689.827,690.592
689.827,690.592
689.827,690.592
689.827,690.593
689.827,690.593
689.827,690.593
689.827,690.593
689.827,690.593
689.828,690.593
689.828,690.593
689.828,690.593
689.828,690.593
689.828,690.593
689.828,690.593
689.828,690.593
689.828,690.593
689.820,690.582
689.821,690.583
689.821,690.584
689.814,690.573
689.815,690.575
689.816,690.577
689.818,690.579
689.819,690.580
689.819,690.581
689.812,690.571
689.814,690.573
689.807,690.563
689.809,690.566
689.803,690.557
689.805,690.560
689.807,690.564
689.809,690.566
689.811,690.569
689.805,690.560
689.799,690.551
689.802,690.555
689.804,690.559
689.798,690.550
689.793,690.543
689.796,690.548
689.791,690.540
689.787,690.534
689.783,690.527
689.787,690.534
689.783,690.528
689.779,690.522
689.776,690.517
689.781,690.525
689.785,690.531
689.789,690.537
689.785,690.531
689.781,690.525
689.777,690.520
689.774,690.515
689.771,690.511
689.777,690.519
689.773,690.514
689.771,690.510
689.768,690.506
689.766,690.503
689.772,690.511
689.777,690.519
689.774,690.514
689.771,690.510
689.776,690.518
689.781,690.525
689.778,690.520
689.782,690.527
689.779,690.522
689.775,690.517
689.772,690.512
689.778,690.520
689.774,690.515
689.780,690.523
689.784,690.530
689.788,690.536
689.784,690.529
689.788,690.536
689.784,690.529
689.780,690.524
689.777,690.519
689.782,690.526
689.778,690.521
689.775,690.516
689.780,690.523
689.776,690.518
689.773,690.513
689.770,690.509
689.768,690.506
689.773,690.514
689.771,690.510
689.768,690.506
689.766,690.503
689.772,690.511
689.769,690.507
689.767,690.504
689.772,690.512
689.770,690.508
689.775,690.517
689.772,690.512
689.769,690.508
689.775,690.516
689.772,690.512
689.777,690.520
689.774,690.515
689.771,690.511
689.768,690.507
689.766,690.503
689.764,690.500
689.762,690.497
689.760,690.495
689.767,690.504
689.773,690.513
689.773,690.513
689.770,690.509
689.768,690.505
689.765,690.502
689.763,690.499
689.761,690.496
689.760,690.494
689.758,690.491
689.757,690.489
689.755,690.487
689.754,690.486
689.745,690.472
689.745,690.472
689.745,690.472
689.745,690.472
689.745,690.472
689.744,690.471
689.744,690.471
689.744,690.471
689.744,690.471
689.744,690.471
689.736,690.459
689.737,690.460
689.740,690.466
689.741,690.466
689.741,690.466
689.741,690.467
689.741,690.467
689.742,690.467
689.742,690.468
689.742,690.468
689.742,690.468
689.742,690.468
689.742,690.468
689.742,690.469
689.743,690.469
689.743,690.469
689.743,690.469
689.743,690.469
689.743,690.469
689.743,690.469
689.740,690.465
689.732,690.453
689.725,690.443
689.719,690.434
689.713,690.425
689.716,690.430
689.719,690.434
689.721,690.437
689.723,690.440
689.725,690.443
689.727,690.446
689.728,690.448
689.730,690.450
689.723,690.440
689.717,690.431
689.711,690.423
689.714,690.427
689.709,690.420
689.704,690.413
689.700,690.406
689.696,690.401
689.692,690.395
689.689,690.391
689.686,690.386
689.692,690.394
689.689,690.390
689.694,690.397
689.690,690.392
689.695,690.400
689.700,690.407
689.696,690.401
689.701,690.407
689.705,690.413
689.700,690.407
689.696,690.401
689.693,690.396
689.698,690.403
689.694,690.397
689.690,690.392
689.687,690.388
689.685,690.384
689.690,690.392
689.695,690.400
689.692,690.395
689.689,690.390
689.686,690.386
689.683,690.382
689.681,690.379
689.679,690.375
689.677,690.373
689.675,690.370
689.682,690.380
689.679,690.376
689.686,690.385
689.683,690.382
689.681,690.378
689.687,690.387
689.684,690.383
689.682,690.379
689.687,690.388
689.685,690.384
689.682,690.380
689.680,690.377
689.678,690.374
689.676,690.371
689.674,690.369
689.673,690.367
689.672,690.365
689.670,690.363
689.669,690.361
689.668,690.360
689.675,690.370
689.674,690.368
689.672,690.366
689.679,690.376
689.685,690.385
689.691,690.393
689.696,690.400
689.692,690.395
689.689,690.390
689.686,690.386
689.684,690.382
689.681,690.379
689.679,690.376
689.677,690.373
689.675,690.370
689.674,690.368
689.672,690.366
689.671,690.364
689.670,690.362
689.669,690.361
689.668,690.359
689.667,690.358
689.666,690.357
689.665,690.356
689.665,690.355
689.669,690.361
689.668,690.360
689.667,690.358
689.666,690.357
689.666,690.356
689.665,690.355
689.672,690.366
689.671,690.364
689.670,690.362
689.669,690.361
689.668,690.359
689.667,690.358
689.666,690.357
689.665,690.356
689.665,690.355
689.664,690.354
689.664,690.353
689.663,690.352
689.663,690.352
689.662,690.351
689.662,690.351
689.662,690.350
689.661,690.350
689.658,690.345
689.658,690.345
689.658,690.345
689.658,690.345
689.650,690.334
689.651,690.335
689.652,690.336
689.652,690.337
689.653,690.338
689.654,690.338
689.654,690.339
689.654,690.340
689.655,690.340
689.655,690.341
689.656,690.341
689.656,690.342
689.648,690.330
689.649,690.332
689.650,690.333
689.651,690.334
689.652,690.335
689.644,690.325
689.646,690.327
689.647,690.329
689.648,690.330
689.649,690.332
689.650,690.333
689.643,690.322
689.636,690.313
689.638,690.316
689.640,690.319
689.642,690.321
689.644,690.324
689.645,690.326
689.646,690.328
689.639,690.318
689.641,690.320
689.635,690.311
689.629,690.302
689.624,690.295
689.627,690.300
689.630,690.304
689.633,690.308
689.627,690.300
689.622,690.292
689.626,690.297
689.621,690.290
689.624,690.296
689.628,690.300
689.630,690.305
689.633,690.309
689.628,690.300
689.622,690.293
689.618,690.286
689.622,690.292
689.625,690.297
689.620,690.290
689.616,690.283
689.612,690.278
689.616,690.284
689.612,690.278
689.609,690.273
689.614,690.280
689.618,690.286
689.622,690.292
689.625,690.297
689.628,690.302
689.631,690.306
689.634,690.310
689.636,690.313
689.630,690.304
689.633,690.308
689.635,690.312
689.638,690.315
689.640,690.318
689.641,690.321
689.635,690.311
689.629,690.303
689.632,690.307
689.627,690.299
689.630,690.303
689.632,690.307
689.635,690.311
689.637,690.314
689.639,690.317
689.641,690.320
689.635,690.311
689.629,690.302
689.632,690.306
689.634,690.310
689.637,690.313
689.631,690.305
689.633,690.309
689.636,690.312
689.630,690.304
689.633,690.308
689.627,690.300
689.630,690.304
689.633,690.308
689.627,690.300
689.630,690.304
689.633,690.308
689.627,690.300
689.622,690.292
689.626,690.298
689.621,690.290
689.624,690.296
689.628,690.300
689.630,690.305
689.625,690.297
689.620,690.290
689.616,690.283
689.612,690.277
689.608,690.272
689.605,690.267
689.610,690.275
689.607,690.270
689.604,690.265
689.609,690.273
689.614,690.280
689.610,690.274
689.606,690.269
689.603,690.265
689.601,690.261
689.598,690.257
689.596,690.254
689.594,690.251
689.600,690.260
689.605,690.268
689.611,690.275
689.615,690.282
689.611,690.276
689.616,690.283
689.620,690.289
689.615,690.283
689.612,690.277
689.608,690.272
689.605,690.267
689.602,690.263
689.599,690.259
689.597,690.255
689.595,690.252
689.601,690.261
689.598,690.257
689.593,690.249
689.599,690.259
689.605,690.267
689.602,690.263
689.607,690.271
689.612,690.278
689.617,690.284
689.612,690.278
689.609,690.273
689.606,690.268
689.611,690.276
689.607,690.270
689.604,690.266
689.609,690.273
689.606,690.268
689.603,690.264
689.600,690.260
689.597,690.256
689.595,690.253
689.593,690.250
689.591,690.247
689.590,690.245
689.588,690.243
689.587,690.241
689.586,690.239
689.593,690.249
689.591,690.247
689.581,690.232
689.581,690.231
689.580,690.231
689.579,690.230
689.587,690.241
689.594,690.251
689.592,690.248
689.587,690.241
689.586,690.239
689.585,690.238
689.584,690.236
689.583,690.235
689.590,690.245
689.588,690.243
689.587,690.241
689.586,690.239
689.585,690.238
689.584,690.236
689.583,690.235
689.590,690.245
689.580,690.231
689.580,690.230
689.571,690.218
689.571,690.218
689.572,690.219
689.564,690.207
689.565,690.208
689.566,690.210
689.558,690.199
689.552,690.189
689.546,690.181
689.549,690.185
689.551,690.188
689.553,690.191
689.547,690.182
689.547,690.182
689.549,690.186
689.544,690.177
689.546,690.182
689.546,690.181
689.549,690.185
689.543,690.177
689.546,690.181
689.549,690.185
689.551,690.188
689.550,690.187
689.552,690.190
689.555,690.193
689.556,690.196
689.558,690.198
689.560,690.201
689.561,690.203
689.562,690.205
689.563,690.206
689.564,690.208
689.565,690.209
689.566,690.210
689.567,690.211
689.567,690.212
689.568,690.213
689.569,690.214
689.569,690.215
689.570,690.215
689.570,690.216
689.570,690.217
689.571,690.217
689.571,690.218
689.563,690.206
689.564,690.208
689.557,690.197
689.559,690.200
689.560,690.202
689.553,690.192
689.555,690.195
689.557,690.197
689.559,690.200
689.560,690.202
689.562,690.204
689.563,690.205
689.564,690.207
689.565,690.208
689.566,690.210
689.566,690.211
689.567,690.212
689.568,690.213
689.560,690.202
689.562,690.204
689.568,690.213
689.568,690.214
689.569,690.215
689.569,690.215
689.570,690.216
689.570,690.216
689.571,690.217
689.571,690.217
689.563,690.206
689.564,690.208
689.565,690.209
689.566,690.210
689.567,690.211
689.567,690.212
689.568,690.213
689.569,690.214
689.569,690.215
689.570,690.215
689.562,690.204
689.563,690.206
689.564,690.207
689.565,690.209
689.563,690.206
689.564,690.207
689.557,690.197
689.558,690.199
689.557,690.197
689.558,690.199
689.560,690.201
689.553,690.192
689.547,690.183
689.550,690.186
689.552,690.190
689.546,690.181
689.541,690.173
689.544,690.178
689.539,690.170
689.534,690.163
689.538,690.169
689.541,690.174
689.536,690.167
689.540,690.172
689.535,690.165
689.531,690.159
689.527,690.153
689.531,690.159
689.535,690.165
689.539,690.171
689.542,690.176
689.545,690.180
689.548,690.184
689.542,690.176
689.537,690.168
689.533,690.162
689.537,690.167
689.532,690.161
689.528,690.155
689.524,690.149
689.521,690.144
689.526,690.152
689.528,690.154
689.524,690.149
689.529,690.156
689.525,690.150
689.522,690.145
689.518,690.141
689.516,690.137
689.513,690.133
689.519,690.141
689.524,690.149
689.529,690.156
689.525,690.151
689.522,690.145
689.519,690.141
689.524,690.149
689.529,690.156
689.525,690.150
689.530,690.157
689.526,690.151
689.522,690.146
689.519,690.142
689.524,690.149
689.529,690.156
689.533,690.162
689.537,690.168
689.541,690.173
689.544,690.178
689.547,690.182
689.538,690.170
689.542,690.175
689.545,690.179
689.539,690.171
689.543,690.176
689.546,690.181
689.548,690.184
689.543,690.176
689.546,690.181
689.548,690.185
689.551,690.188
689.545,690.180
689.548,690.184
689.550,690.187
689.553,690.191
689.555,690.193
689.556,690.196
689.558,690.199
689.560,690.201
689.553,690.191
689.547,690.182
689.549,690.186
689.544,690.177
689.538,690.170
689.534,690.163
689.535,690.164
689.530,690.158
689.526,690.152
689.531,690.159
689.527,690.153
689.528,690.155
689.525,690.150
689.521,690.145
689.526,690.152
689.523,690.147
689.524,690.149
689.521,690.145
689.526,690.152
689.523,690.147
689.528,690.154
689.532,690.160
689.528,690.154
689.532,690.161
689.528,690.155
689.533,690.161
689.528,690.155
689.533,690.162
689.537,690.167
689.532,690.161
689.528,690.155
689.532,690.161
689.528,690.155
689.525,690.150
689.521,690.145
689.518,690.140
689.516,690.136
689.521,690.144
689.518,690.140
689.515,690.136
689.513,690.132
689.519,690.141
689.516,690.137
689.521,690.145
689.518,690.140
689.516,690.136
689.513,690.133
689.519,690.141
689.516,690.137
689.513,690.133
689.511,690.130
689.517,690.139
689.523,690.147
689.519,690.142
689.525,690.150
689.526,690.152
689.523,690.147
689.519,690.142
689.517,690.138
689.514,690.134
689.512,690.131
689.509,690.127
689.505,690.120
689.511,690.130
689.509,690.127
689.499,690.112
689.490,690.099
689.490,690.099
689.487,690.094
689.487,690.095
689.487,690.095
689.488,690.095
689.488,690.096
689.488,690.096
689.488,690.096
689.488,690.096
689.480,690.085
689.481,690.086
689.482,690.087
689.483,690.088
689.483,690.089
689.484,690.090
689.484,690.091
689.477,690.080
689.470,690.070
689.469,690.068
689.471,690.071
689.472,690.073
689.474,690.076
689.475,690.078
689.477,690.080
689.478,690.081
689.479,690.083
689.480,690.084
689.473,690.074
689.474,690.076
689.476,690.078
689.477,690.080
689.470,690.070
689.472,690.073
689.474,690.075
689.475,690.077
689.482,690.087
689.482,690.088
689.483,690.089
689.484,690.089
689.484,690.090
689.485,690.091
689.485,690.092
689.485,690.092
689.486,690.093
689.486,690.093
689.483,690.089
689.484,690.090
689.476,690.079
689.470,690.069
689.471,690.072
689.473,690.074
689.472,690.072
689.473,690.074
689.475,690.077
689.476,690.079
689.485,690.092
689.483,690.088
689.483,690.089
689.476,690.078
689.477,690.080
689.478,690.082
689.479,690.083
689.485,690.092
689.486,690.093
689.486,690.093
689.483,690.089
689.476,690.078
689.466,690.064
689.468,690.067
689.470,690.070
689.472,690.073
689.474,690.075
689.467,690.066
689.469,690.069
689.468,690.067
689.470,690.070
689.472,690.072
689.474,690.075
689.467,690.065
689.469,690.068
689.471,690.071
689.473,690.074
689.474,690.076
689.476,690.078
689.477,690.080
689.478,690.082
689.479,690.083
689.480,690.085
689.481,690.086
689.482,690.087
689.483,690.088
689.483,690.089
689.484,690.090
689.484,690.091
689.485,690.091
689.485,690.092
689.478,690.081
689.479,690.082
689.472,690.072
689.465,690.063
689.465,690.062
689.459,690.053
689.454,690.046
689.457,690.051
689.460,690.055
689.463,690.059
689.465,690.063
689.468,690.066
689.462,690.057
689.456,690.050
689.459,690.054
689.454,690.046
689.454,690.047
689.450,690.040
689.453,690.046
689.457,690.051
689.460,690.055
689.463,690.059
689.465,690.063
689.468,690.066
689.470,690.069
689.468,690.067
689.470,690.070
689.464,690.061
689.456,690.048
689.459,690.053
689.459,690.053
689.453,690.046
689.457,690.051
689.457,690.051
689.460,690.055
689.455,690.047
689.458,690.052
689.461,690.057
689.456,690.049
689.451,690.042
689.455,690.047
689.450,690.040
689.454,690.046
689.449,690.039
689.445,690.033
689.449,690.039
689.453,690.044
689.461,690.057
689.464,690.061
689.458,690.053
689.461,690.057
689.456,690.049
689.451,690.042
689.455,690.047
689.458,690.052
689.461,690.056
689.464,690.060
689.458,690.052
689.461,690.056
689.456,690.049
689.459,690.053
689.454,690.046
689.457,690.051
689.460,690.055
689.463,690.059
689.462,690.058
689.457,690.050
689.460,690.055
689.452,690.043
689.455,690.048
689.450,690.041
689.454,690.046
689.457,690.051
689.452,690.044
689.456,690.049
689.459,690.054
689.454,690.046
689.449,690.039
689.445,690.033
689.449,690.039
689.453,690.045
689.453,690.045
689.449,690.039
689.445,690.032
689.449,690.039
689.445,690.033
689.441,690.027
689.437,690.022
689.442,690.029
689.444,690.031
689.440,690.026
689.445,690.033
689.441,690.027
689.438,690.022
689.434,690.018
689.432,690.013
689.429,690.010
689.427,690.006
689.425,690.003
689.423,690.000
689.421,689.998
689.427,690.007
689.425,690.004
689.431,690.013
689.437,690.021
689.442,690.029
689.443,690.031
689.440,690.025
689.436,690.020
689.430,690.012
689.428,690.008
689.426,690.005
689.432,690.014
689.437,690.022
689.434,690.017
689.431,690.013
689.429,690.009
689.427,690.006
689.424,690.003
689.428,690.008
689.425,690.004
689.423,690.001
689.422,689.999
689.420,689.997
689.419,689.994
689.417,689.992
689.416,689.991
689.415,689.989
689.414,689.988
689.421,689.998
689.420,689.996
689.418,689.994
689.417,689.992
689.413,689.986
689.412,689.985
689.411,689.984
689.411,689.983
689.410,689.982
689.410,689.981
689.409,689.981
689.406,689.975
689.414,689.987
689.413,689.986
689.412,689.985
689.411,689.984
689.411,689.983
689.410,689.982
689.410,689.981
689.409,689.981
689.406,689.976
689.406,689.975
689.406,689.975
689.414,689.987
689.413,689.986
689.412,689.985
689.411,689.984
689.408,689.978
689.407,689.978
689.407,689.978
689.407,689.977
689.407,689.977
689.406,689.977
689.406,689.976
689.406,689.976
689.414,689.988
689.413,689.986
689.412,689.985
689.412,689.984
689.419,689.995
689.418,689.993
689.413,689.987
689.413,689.986
689.409,689.980
689.416,689.991
689.415,689.990
689.414,689.988
689.413,689.987
689.410,689.981
689.409,689.980
689.409,689.980
689.408,689.979
689.413,689.986
689.420,689.997
689.419,689.995
689.417,689.993
689.416,689.991
689.415,689.989
689.414,689.988
689.413,689.986
689.412,689.985
689.417,689.992
689.415,689.990
689.414,689.988
689.414,689.987
689.413,689.986
689.412,689.985
689.411,689.984
689.411,689.983
689.410,689.982
689.402,689.969
689.402,689.970
689.402,689.970
689.402,689.971
689.403,689.971
689.403,689.971
689.395,689.960
689.393,689.957
689.394,689.958
689.395,689.960
689.396,689.961
689.397,689.962
689.397,689.963
689.398,689.964
689.399,689.965
689.399,689.966
689.397,689.962
689.398,689.964
689.398,689.965
689.399,689.965
689.399,689.966
689.400,689.967
689.400,689.968
689.401,689.968
689.401,689.969
689.393,689.957
689.386,689.947
689.380,689.938
689.382,689.941
689.376,689.933
689.376,689.932
689.371,689.924
689.366,689.917
689.370,689.923
689.365,689.916
689.361,689.909
689.357,689.904
689.361,689.911
689.357,689.905
689.362,689.911
689.358,689.906
689.354,689.900
689.351,689.896
689.356,689.903
689.361,689.910
689.357,689.904
689.358,689.906
689.355,689.901
689.360,689.908
689.356,689.902
689.352,689.897
689.346,689.888
689.344,689.885
689.341,689.882
689.348,689.890
689.345,689.887
689.351,689.895
689.348,689.891
689.345,689.887
689.343,689.883
689.346,689.887
689.351,689.896
689.353,689.899
689.350,689.894
689.347,689.890
689.342,689.882
689.339,689.879
689.343,689.883
689.341,689.880
689.339,689.877
689.337,689.875
689.335,689.872
689.334,689.870
689.332,689.868
689.331,689.867
689.330,689.865
689.337,689.875
689.333,689.868
689.331,689.867
689.330,689.865
689.326,689.859
689.326,689.858
689.325,689.858
689.333,689.869
689.331,689.867
689.330,689.865
689.329,689.864
689.337,689.874
689.335,689.872
689.334,689.870
689.332,689.868
689.339,689.878
689.345,689.887
689.351,689.895
689.348,689.891
689.345,689.887
689.351,689.895
689.348,689.891
689.350,689.895
689.356,689.902
689.357,689.905
689.354,689.899
689.356,689.902
689.352,689.897
689.346,689.888
689.344,689.885
689.341,689.881
689.336,689.874
689.335,689.872
689.338,689.877
689.345,689.886
689.342,689.883
689.348,689.891
689.346,689.887
689.343,689.884
689.341,689.881
689.339,689.878
689.337,689.875
689.335,689.873
689.331,689.866
689.338,689.876
689.344,689.886
689.347,689.890
689.344,689.886
689.339,689.878
689.337,689.875
689.336,689.873
689.334,689.871
689.333,689.869
689.329,689.863
689.328,689.861
689.327,689.860
689.326,689.859
689.326,689.858
689.330,689.865
689.329,689.864
689.333,689.870
689.332,689.868
689.331,689.866
689.335,689.872
689.333,689.870
689.329,689.864
689.328,689.862
689.328,689.861
689.327,689.860
689.326,689.859
689.326,689.858
689.325,689.857
689.325,689.857
689.324,689.856
689.324,689.856
689.328,689.862
689.328,689.861
689.327,689.860
689.326,689.859
689.326,689.858
689.325,689.857
689.325,689.857
689.324,689.856
689.324,689.856
689.323,689.855
689.320,689.850
689.320,689.850
689.320,689.850
689.320,689.850
689.328,689.862
689.327,689.861
689.319,689.848
689.319,689.848
689.319,689.848
689.319,689.848
689.324,689.856
689.324,689.855
689.323,689.855
689.323,689.854
689.323,689.854
689.327,689.861
689.327,689.860
689.326,689.859
689.325,689.858
689.325,689.857
689.324,689.857
689.324,689.856
689.324,689.855
689.320,689.850
689.320,689.850
689.320,689.850
689.320,689.850
689.320,689.850
689.320,689.850
689.320,689.850
689.320,689.850
689.320,689.850
689.320,689.850
689.325,689.858
689.325,689.857
689.324,689.856
689.324,689.856
689.323,689.855
689.323,689.855
689.323,689.854
689.323,689.854
689.319,689.849
689.319,689.849
689.319,689.849
689.328,689.861
689.327,689.860
689.326,689.859
689.326,689.858
689.325,689.857
689.322,689.852
689.321,689.852
689.321,689.852
689.321,689.852
689.321,689.852
689.321,689.851
689.321,689.851
689.321,689.851
689.326,689.858
689.325,689.858
689.325,689.857
689.324,689.856
689.324,689.856
689.323,689.855
689.323,689.855
689.323,689.854
689.320,689.849
689.320,689.849
689.320,689.850
689.320,689.850
689.320,689.850
689.320,689.850
689.320,689.850
689.320,689.850
689.317,689.845
689.317,689.846
689.317,689.846
689.318,689.846
689.318,689.847
689.323,689.854
689.323,689.854
689.322,689.854
689.322,689.853
689.322,689.853
689.322,689.853
689.322,689.852
689.326,689.860
689.326,689.859
689.325,689.858
689.330,689.864
689.329,689.863
689.328,689.862
689.327,689.861
689.327,689.860
689.323,689.854
689.323,689.854
689.322,689.854
689.319,689.849
689.319,689.849
689.319,689.849
689.319,689.849
689.319,689.849
689.324,689.857
689.324,689.856
689.324,689.855
689.323,689.855
689.323,689.854
689.323,689.854
689.322,689.854
689.322,689.853
689.322,689.853
689.314,689.841
689.314,689.842
689.320,689.850
689.320,689.850
689.320,689.850
689.320,689.850
689.320,689.850
689.325,689.857
689.324,689.857
689.324,689.856
689.324,689.855
689.323,689.855
689.323,689.854
689.320,689.850
689.312,689.838
689.312,689.839
689.305,689.828
689.307,689.830
689.308,689.832
689.309,689.834
689.310,689.835
689.308,689.832
689.309,689.834
689.310,689.836
689.311,689.837
689.312,689.838
689.305,689.828
689.306,689.830
689.307,689.832
689.306,689.829
689.307,689.831
689.308,689.833
689.309,689.834
689.310,689.836
689.311,689.837
689.304,689.827
689.306,689.829
689.304,689.826
689.305,689.829
689.299,689.819
689.301,689.822
689.303,689.825
689.301,689.823
689.303,689.825
689.305,689.828
689.303,689.825
689.305,689.828
689.306,689.830
689.307,689.832
689.309,689.833
689.307,689.831
689.305,689.828
689.306,689.830
689.308,689.832
689.309,689.834
689.310,689.835
689.308,689.832
689.309,689.834
689.310,689.835
689.311,689.837
689.312,689.838
689.313,689.839
689.318,689.848
689.318,689.848
689.316,689.844
689.316,689.844
689.316,689.845
689.317,689.845
689.317,689.846
689.317,689.846
689.318,689.846
689.318,689.847
689.315,689.843
689.315,689.843
689.316,689.844
689.316,689.845
689.317,689.845
689.309,689.834
689.310,689.835
689.311,689.837
689.309,689.834
689.310,689.835
689.303,689.825
689.304,689.827
689.306,689.829
689.307,689.831
689.308,689.833
689.310,689.835
689.310,689.836
689.311,689.837
689.312,689.839
689.313,689.840
689.314,689.841
689.314,689.842
689.312,689.838
689.313,689.839
689.305,689.828
689.299,689.819
689.301,689.822
689.299,689.820
689.301,689.823
689.303,689.825
689.297,689.816
689.291,689.807
689.286,689.800
689.286,689.800
689.289,689.805
689.292,689.809
689.295,689.813
689.289,689.805
689.292,689.809
689.292,689.809
689.294,689.812
689.297,689.816
689.291,689.807
689.286,689.800
689.286,689.800
689.281,689.793
689.285,689.798
689.288,689.803
689.291,689.808
689.286,689.800
689.286,689.800
689.289,689.805
689.284,689.798
689.288,689.803
689.291,689.807
689.293,689.811
689.293,689.810
689.296,689.814
689.298,689.818
689.292,689.809
689.295,689.813
689.289,689.805
689.284,689.797
689.279,689.790
689.283,689.796
689.287,689.801
689.290,689.806
689.293,689.810
689.292,689.809
689.295,689.813
689.289,689.805
689.292,689.809
689.295,689.813
689.289,689.805
689.297,689.816
689.299,689.820
689.301,689.822
689.300,689.821
689.302,689.823
689.304,689.826
689.302,689.824
689.304,689.826
689.297,689.817
689.288,689.804
689.291,689.808
689.294,689.812
689.288,689.804
689.283,689.796
689.287,689.802
689.287,689.802
689.290,689.806
689.285,689.799
689.285,689.799
689.289,689.804
689.292,689.808
689.291,689.808
689.286,689.800
689.281,689.793
689.277,689.787
689.281,689.793
689.285,689.798
689.288,689.803
689.283,689.796
689.278,689.789
689.274,689.783
689.276,689.785
689.272,689.779
689.268,689.774
689.273,689.782
689.270,689.776
689.274,689.783
689.268,689.773
689.270,689.776
689.266,689.772
689.271,689.779
689.276,689.786
689.272,689.780
689.277,689.787
689.273,689.781
689.269,689.776
689.274,689.783
689.267,689.773
689.272,689.780
689.277,689.787
689.281,689.793
689.282,689.794
689.277,689.788
689.273,689.782
689.267,689.772
689.269,689.775
689.266,689.770
689.263,689.766
689.265,689.770
689.262,689.766
689.260,689.762
689.263,689.766
689.268,689.774
689.273,689.781
689.269,689.776
689.271,689.779
689.276,689.785
689.272,689.780
689.273,689.782
689.270,689.777
689.267,689.772
689.269,689.775
689.263,689.766
689.260,689.762
689.258,689.759
689.261,689.763
689.258,689.760
689.264,689.768
689.261,689.764
689.267,689.772
689.264,689.768
689.266,689.771
689.263,689.767
689.261,689.763
689.258,689.760
689.256,689.756
689.254,689.754
689.252,689.751
689.251,689.749
689.246,689.742
689.245,689.741
689.244,689.739
689.243,689.738
689.243,689.737
689.242,689.736
689.241,689.735
689.246,689.741
689.250,689.747
689.248,689.745
689.247,689.744
689.246,689.742
689.245,689.740
689.244,689.739
689.251,689.750
689.255,689.755
689.253,689.752
689.251,689.750
689.250,689.747
689.245,689.741
689.244,689.739
689.244,689.738
689.243,689.737
689.250,689.748
689.249,689.746
689.255,689.756
689.259,689.760
689.256,689.757
689.254,689.754
689.258,689.759
689.264,689.767
689.269,689.775
689.266,689.771
689.263,689.766
689.260,689.763
689.266,689.771
689.263,689.767
689.260,689.763
689.263,689.767
689.268,689.775
689.273,689.782
689.278,689.788
689.274,689.782
689.278,689.789
689.271,689.778
689.276,689.785
689.280,689.791
689.281,689.793
689.284,689.798
689.280,689.791
689.281,689.792
689.276,689.786
689.272,689.780
689.277,689.787
689.281,689.793
689.277,689.787
689.281,689.793
689.276,689.786
689.281,689.792
689.281,689.793
689.285,689.799
689.288,689.804
689.291,689.808
689.286,689.800
689.281,689.793
689.277,689.787
689.273,689.781
689.277,689.788
689.273,689.782
689.278,689.788
689.282,689.794
689.277,689.788
689.281,689.794
689.285,689.799
689.280,689.792
689.284,689.798
689.288,689.803
689.291,689.807
689.293,689.811
689.296,689.815
689.295,689.814
689.298,689.817
689.300,689.820
689.302,689.823
689.300,689.821
689.294,689.812
689.289,689.804
689.284,689.797
689.287,689.802
689.290,689.806
689.290,689.806
689.290,689.806
689.285,689.798
689.280,689.791
689.281,689.793
689.276,689.786
689.281,689.792
689.281,689.793
689.285,689.799
689.280,689.792
689.284,689.797
689.279,689.791
689.283,689.796
689.287,689.801
689.290,689.806
689.285,689.798
689.277,689.787
689.281,689.793
689.285,689.799
689.280,689.792
689.276,689.785
689.272,689.780
689.277,689.786
689.281,689.793
689.276,689.786
689.272,689.780
689.277,689.787
689.273,689.781
689.269,689.776
689.274,689.783
689.271,689.778
689.264,689.768
689.261,689.764
689.259,689.761
689.265,689.769
689.267,689.772
689.264,689.768
689.269,689.776
689.263,689.767
689.260,689.763
689.266,689.771
689.263,689.767
689.261,689.763
689.258,689.760
689.256,689.756
689.254,689.753
689.249,689.746
689.248,689.745
689.247,689.743
689.246,689.741
689.242,689.735
689.238,689.730
689.246,689.741
689.245,689.740
689.244,689.739
689.240,689.733
689.240,689.732
689.247,689.744
689.243,689.738
689.247,689.744
689.246,689.742
689.245,689.741
689.244,689.739
689.240,689.734
689.240,689.733
689.248,689.744
689.243,689.738
689.243,689.737
689.242,689.736
689.241,689.735
689.241,689.734
689.237,689.729
689.237,689.729
689.237,689.728
689.237,689.728
689.234,689.724
689.231,689.720
689.228,689.716
689.229,689.717
689.238,689.729
689.237,689.729
689.234,689.724
689.234,689.725
689.234,689.725
689.234,689.725
689.235,689.725
689.232,689.721
689.232,689.721
689.232,689.722
689.233,689.722
689.238,689.730
689.238,689.730
689.237,689.729
689.237,689.729
689.237,689.729
689.234,689.724
689.234,689.724
689.226,689.713
689.219,689.702
689.220,689.704
689.219,689.702
689.217,689.700
689.219,689.702
689.221,689.705
689.222,689.707
689.223,689.709
689.221,689.706
689.223,689.708
689.224,689.710
689.225,689.711
689.226,689.713
689.227,689.714
689.225,689.711
689.226,689.712
689.227,689.713
689.228,689.715
689.225,689.711
689.226,689.713
689.227,689.714
689.228,689.715
689.221,689.704
689.222,689.707
689.215,689.697
689.214,689.695
689.216,689.698
689.210,689.689
689.204,689.681
689.199,689.673
689.195,689.666
689.195,689.668
689.199,689.673
689.203,689.678
689.198,689.671
689.193,689.664
689.197,689.670
689.198,689.671
689.201,689.676
689.197,689.669
689.200,689.675
689.201,689.675
689.204,689.680
689.207,689.684
689.210,689.688
689.204,689.680
689.207,689.685
689.202,689.677
689.202,689.677
689.197,689.670
689.201,689.675
689.196,689.668
689.192,689.662
689.196,689.668
689.191,689.662
689.193,689.663
689.194,689.665
689.198,689.671
689.201,689.676
689.204,689.681
689.199,689.673
689.195,689.667
689.199,689.672
689.199,689.673
689.199,689.674
689.195,689.667
689.191,689.661
689.195,689.667
689.191,689.661
689.195,689.667
689.191,689.661
689.192,689.663
689.188,689.657
689.193,689.663
689.189,689.658
689.193,689.664
689.197,689.670
689.201,689.675
689.196,689.668
689.197,689.670
689.192,689.663
689.188,689.657
689.185,689.652
689.182,689.647
689.187,689.655
689.188,689.657
689.185,689.652
689.187,689.655
689.188,689.657
689.193,689.664
689.189,689.658
689.193,689.664
689.197,689.670
689.198,689.671
689.190,689.660
689.187,689.655
689.191,689.661
689.187,689.656
689.192,689.662
689.193,689.664
689.194,689.666
689.190,689.660
689.186,689.654
689.183,689.649
689.188,689.657
689.184,689.651
689.189,689.659
689.191,689.661
689.192,689.662
689.196,689.669
689.192,689.662
689.196,689.668
689.200,689.674
689.195,689.667
689.199,689.673
689.191,689.662
689.195,689.668
689.199,689.673
689.203,689.678
689.206,689.683
689.201,689.675
689.196,689.668
689.192,689.662
689.193,689.664
689.189,689.658
689.193,689.664
689.189,689.658
689.185,689.653
689.182,689.648
689.179,689.644
689.185,689.652
689.181,689.647
689.183,689.650
689.180,689.646
689.177,689.641
689.183,689.649
689.180,689.645
689.185,689.653
689.190,689.660
689.194,689.666
689.195,689.667
689.191,689.661
689.187,689.656
689.184,689.650
689.181,689.646
689.178,689.642
689.175,689.638
689.181,689.646
689.178,689.642
689.180,689.646
689.178,689.642
689.175,689.638
689.173,689.634
689.171,689.631
689.177,689.640
689.174,689.637
689.172,689.633
689.170,689.631
689.168,689.628
689.172,689.633
689.175,689.637
689.169,689.630
689.173,689.634
689.171,689.631
689.169,689.629
689.167,689.626
689.165,689.624
689.164,689.622
689.163,689.620
689.162,689.618
689.161,689.617
689.160,689.615
689.159,689.614
689.158,689.613
689.154,689.607
689.159,689.614
689.158,689.613
689.157,689.612
689.154,689.607
689.154,689.606
689.153,689.606
689.153,689.606
689.153,689.605
689.145,689.593
689.145,689.594
689.146,689.595
689.146,689.596
689.147,689.596
689.147,689.597
689.147,689.597
689.148,689.598
689.145,689.594
689.143,689.590
689.143,689.591
689.149,689.600
689.149,689.600
689.149,689.600
689.149,689.600
689.150,689.600
689.150,689.601
689.150,689.601
689.150,689.601
689.150,689.601
689.150,689.601
689.150,689.601
689.150,689.601
689.158,689.613
689.157,689.612
689.162,689.619
689.158,689.613
689.154,689.607
689.154,689.607
689.151,689.602
689.148,689.598
689.148,689.598
689.140,689.587
689.133,689.576
689.135,689.579
689.136,689.581
689.138,689.583
689.139,689.585
689.140,689.586
689.141,689.588
689.142,689.589
689.143,689.590
689.143,689.592
689.136,689.581
689.129,689.571
689.131,689.574
689.133,689.577
689.135,689.579
689.136,689.581
689.143,689.591
689.141,689.587
689.142,689.589
689.134,689.578
689.141,689.588
689.139,689.585
689.132,689.575
689.134,689.577
689.135,689.580
689.129,689.570
689.131,689.573
689.133,689.576
689.134,689.578
689.136,689.580
689.137,689.583
689.130,689.573
689.132,689.575
689.134,689.578
689.136,689.580
689.137,689.582
689.138,689.584
689.140,689.586
689.133,689.576
689.131,689.574
689.130,689.572
689.129,689.570
689.131,689.573
689.133,689.576
689.127,689.567
689.126,689.566
689.125,689.565
689.120,689.557
689.123,689.561
689.125,689.565
689.128,689.568
689.130,689.572
689.132,689.575
689.134,689.577
689.135,689.580
689.137,689.582
689.138,689.584
689.139,689.585
689.132,689.575
689.134,689.578
689.136,689.580
689.129,689.570
689.123,689.562
689.126,689.566
689.128,689.569
689.130,689.572
689.132,689.575
689.134,689.578
689.135,689.580
689.137,689.582
689.138,689.584
689.139,689.586
689.141,689.587
689.133,689.577
689.127,689.568
689.129,689.571
689.123,689.562
689.126,689.566
689.120,689.557
689.123,689.562
689.126,689.566
689.128,689.569
689.122,689.560
689.117,689.552
689.112,689.545
689.116,689.551
689.111,689.544
689.104,689.533
689.105,689.535
689.098,689.526
689.095,689.521
689.092,689.517
689.090,689.513
689.096,689.522
689.101,689.529
689.106,689.536
689.110,689.543
689.106,689.536
689.110,689.543
689.114,689.548
689.109,689.542
689.113,689.547
689.114,689.548
689.117,689.553
689.120,689.558
689.123,689.562
689.126,689.566
689.120,689.557
689.115,689.550
689.118,689.555
689.113,689.548
689.117,689.553
689.112,689.546
689.116,689.551
689.119,689.556
689.122,689.560
689.117,689.552
689.112,689.545
689.116,689.551
689.119,689.556
689.122,689.560
689.117,689.552
689.120,689.557
689.112,689.545
689.115,689.551
689.116,689.551
689.108,689.540
689.109,689.541
689.113,689.547
689.109,689.541
689.105,689.535
689.109,689.541
689.113,689.547
689.117,689.552
689.120,689.557
689.115,689.549
689.118,689.554
689.113,689.547
689.117,689.552
689.120,689.557
689.115,689.550
689.118,689.555
689.113,689.547
689.109,689.541
689.105,689.535
689.106,689.537
689.107,689.539
689.108,689.540
689.109,689.542
689.110,689.543
689.111,689.544
689.112,689.546
689.105,689.535
689.109,689.541
689.113,689.547
689.117,689.552
689.120,689.557
689.115,689.550
689.110,689.543
689.106,689.537
689.102,689.531
689.099,689.526
689.096,689.521
689.093,689.517
689.087,689.509
689.082,689.502
689.078,689.495
689.082,689.501
689.080,689.499
689.079,689.497
689.078,689.495
689.077,689.494
689.076,689.492
689.075,689.491
689.074,689.489
689.073,689.488
689.080,689.499
689.076,689.493
689.080,689.499
689.076,689.493
689.075,689.491
689.074,689.490
689.073,689.489
689.081,689.500
689.079,689.498
689.078,689.496
689.077,689.494
689.084,689.504
689.079,689.497
689.083,689.503
689.078,689.496
689.082,689.502
689.081,689.500
689.079,689.498
689.078,689.496
689.069,689.482
689.060,689.470
689.061,689.471
689.061,689.472
689.062,689.472
689.059,689.468
689.065,689.477
689.070,689.484
689.070,689.484
689.069,689.483
689.069,689.483
689.069,689.482
689.069,689.482
689.068,689.482
689.068,689.481
689.068,689.481
689.068,689.481
689.073,689.488
689.077,689.494
689.076,689.493
689.080,689.499
689.087,689.509
689.085,689.506
689.083,689.503
689.081,689.501
689.080,689.499
689.079,689.497
689.077,689.495
689.084,689.505
689.083,689.502
689.081,689.500
689.080,689.498
689.075,689.492
689.071,689.486
689.068,689.481
689.068,689.481
689.068,689.480
689.067,689.480
689.067,689.480
689.067,689.480
689.067,689.480
689.067,689.479
689.067,689.479
689.067,689.479
689.064,689.475
689.061,689.471
689.058,689.467
689.059,689.468
689.060,689.469
689.060,689.470
689.061,689.471
689.061,689.472
689.062,689.472
689.062,689.473
689.063,689.473
689.063,689.474
689.060,689.470
689.066,689.478
689.066,689.478
689.066,689.478
689.066,689.478
689.066,689.478
689.066,689.478
689.066,689.478
689.066,689.478
689.066,689.478
689.066,689.478
689.066,689.478
689.066,689.478
689.066,689.478
689.066,689.478
689.066,689.478
689.066,689.478
689.066,689.478
689.066,689.478
689.063,689.474
689.060,689.470
689.061,689.471
689.061,689.471
689.062,689.472
689.062,689.473
689.062,689.473
689.063,689.473
689.060,689.470
689.058,689.466
689.050,689.455
689.044,689.446
689.046,689.449
689.048,689.452
689.050,689.454
689.048,689.452
689.055,689.462
689.056,689.463
689.057,689.465
689.058,689.466
689.051,689.456
689.052,689.458
689.045,689.448
689.052,689.458
689.054,689.460
689.055,689.462
689.056,689.463
689.049,689.453
689.047,689.451
689.038,689.437
689.033,689.429
689.036,689.434
689.039,689.438
689.038,689.438
689.038,689.437
689.038,689.437
689.032,689.429
689.027,689.422
689.031,689.427
689.026,689.420
689.022,689.414
689.023,689.416
689.027,689.422
689.023,689.415
689.019,689.409
689.023,689.416
689.019,689.410
689.021,689.412
689.022,689.414
689.026,689.420
689.022,689.414
689.026,689.420
689.027,689.421
689.028,689.422
689.031,689.427
689.035,689.432
689.038,689.437
689.040,689.441
689.032,689.428
689.027,689.421
689.023,689.415
689.019,689.409
689.015,689.404
689.017,689.407
689.019,689.409
689.015,689.404
689.012,689.399
689.006,689.390
689.009,689.395
689.006,689.391
689.004,689.387
689.002,689.384
689.008,689.393
689.010,689.397
689.013,689.400
689.010,689.396
689.007,689.392
689.005,689.388
688.999,689.381
689.003,689.386
689.001,689.383
688.999,689.380
689.005,689.389
689.000,689.382
689.003,689.386
689.009,689.395
689.007,689.391
689.012,689.399
689.017,689.407
689.019,689.409
689.021,689.412
689.017,689.406
689.021,689.413
689.026,689.419
689.027,689.420
689.027,689.422
689.023,689.415
689.019,689.409
689.023,689.416
689.027,689.422
689.028,689.423
689.032,689.428
689.027,689.421
689.023,689.415
689.024,689.416
689.025,689.418
689.021,689.412
689.017,689.406
689.013,689.401
689.016,689.404
689.012,689.400
689.009,689.395
689.007,689.391
689.012,689.400
689.014,689.403
689.011,689.398
689.008,689.394
689.011,689.397
689.008,689.393
689.005,689.390
689.003,689.386
689.006,689.391
689.009,689.395
689.006,689.391
689.004,689.387
688.999,689.380
688.994,689.373
688.993,689.371
688.992,689.370
688.996,689.376
688.992,689.369
688.991,689.368
688.998,689.378
689.004,689.388
688.999,689.380
688.994,689.373
688.993,689.372
689.000,689.382
688.998,689.379
688.997,689.377
689.000,689.382
688.998,689.379
688.989,689.365
688.996,689.376
689.000,689.381
688.995,689.374
688.994,689.372
688.993,689.371
688.991,689.369
688.988,689.363
688.987,689.362
688.986,689.362
688.978,689.349
688.975,689.345
688.976,689.346
688.976,689.347
688.974,689.343
688.980,689.352
688.980,689.352
688.980,689.352
688.985,689.360
688.985,689.359
688.984,689.359
688.984,689.358
688.981,689.354
688.981,689.354
688.981,689.354
688.978,689.349
688.978,689.350
688.979,689.350
688.979,689.351
688.976,689.347
688.977,689.347
688.977,689.348
688.977,689.349
688.978,689.349
688.978,689.350
688.978,689.350
688.976,689.346
688.976,689.347
688.977,689.348
688.974,689.344
688.967,689.333
688.968,689.335
688.967,689.333
688.960,689.323
688.954,689.314
688.953,689.313
688.953,689.313
688.948,689.305
688.943,689.298
688.944,689.299
688.947,689.304
688.950,689.309
688.945,689.301
688.949,689.306
688.944,689.299
688.944,689.300
688.940,689.294
688.944,689.299
688.944,689.300
688.940,689.294
688.944,689.299
688.944,689.300
688.940,689.294
688.944,689.299
688.939,689.293
688.940,689.294
688.936,689.288
688.940,689.294
688.941,689.296
688.945,689.301
688.949,689.306
688.944,689.299
688.936,689.288
688.941,689.295
688.944,689.300
688.945,689.301
688.948,689.306
688.952,689.311
688.951,689.310
688.954,689.315
688.949,689.307
688.941,689.295
688.945,689.301
688.937,689.290
688.933,689.284
688.930,689.279
688.924,689.270
688.921,689.266
688.919,689.263
688.914,689.255
688.920,689.265
688.923,689.269
688.921,689.265
688.918,689.262
688.913,689.255
688.912,689.252
688.910,689.250
688.906,689.244
688.905,689.243
688.912,689.253
688.911,689.251
688.910,689.249
688.913,689.255
688.912,689.252
688.910,689.250
688.914,689.256
688.912,689.253
688.911,689.251
688.910,689.249
688.916,689.259
688.920,689.264
688.917,689.261
688.916,689.258
688.922,689.267
688.919,689.263
688.922,689.268
688.920,689.264
688.923,689.268
688.920,689.265
688.918,689.261
688.913,689.254
688.911,689.252
688.907,689.246
688.906,689.244
688.905,689.243
688.904,689.242
688.904,689.241
688.908,689.247
688.907,689.245
688.903,689.240
688.903,689.239
688.902,689.238
688.901,689.237
688.901,689.237
688.906,689.243
688.905,689.242
688.904,689.241
688.903,689.240
688.903,689.239
688.899,689.234
688.899,689.234
688.896,689.229
688.896,689.229
688.893,689.225
688.893,689.225
688.886,689.214
688.887,689.216
688.880,689.205
688.881,689.208
688.875,689.198
688.877,689.201
688.879,689.204
688.880,689.206
688.874,689.197
688.868,689.188
688.863,689.180
688.866,689.185
688.861,689.178
688.864,689.183
688.864,689.183
688.867,689.187
688.867,689.187
688.870,689.191
688.865,689.183
688.868,689.188
688.870,689.192
688.865,689.184
688.868,689.188
688.860,689.176
688.855,689.169
688.856,689.171
688.852,689.165
688.853,689.167
688.849,689.161
688.851,689.163
688.855,689.170
688.856,689.171
688.860,689.177
688.853,689.166
688.857,689.172
688.852,689.166
688.849,689.160
688.853,689.167
688.857,689.173
688.853,689.166
688.849,689.161
688.846,689.155
688.850,689.163
688.847,689.157
688.844,689.152
688.841,689.148
688.838,689.144
688.835,689.141
688.833,689.137
688.836,689.142
688.834,689.138
688.837,689.143
688.843,689.151
688.845,689.154
688.842,689.150
688.847,689.158
688.844,689.153
688.841,689.148
688.838,689.144
688.835,689.141
688.830,689.133
688.829,689.131
688.824,689.124
688.823,689.122
688.822,689.121
688.818,689.115
688.817,689.114
688.814,689.109
688.814,689.109
688.811,689.104
688.811,689.105
688.808,689.100
688.808,689.101
688.806,689.097
688.806,689.098
688.815,689.111
688.815,689.110
688.814,689.110
688.819,689.117
688.819,689.116
688.823,689.123
688.822,689.121
688.821,689.120
688.820,689.118
688.819,689.117
688.816,689.112
688.815,689.111
688.812,689.107
688.812,689.107
688.812,689.107
688.817,689.114
688.817,689.113
688.813,689.108
688.813,689.108
688.813,689.108
688.813,689.108
688.813,689.108
688.810,689.103
688.810,689.103
688.810,689.104
688.810,689.104
688.811,689.104
688.816,689.112
688.815,689.111
688.812,689.107
688.812,689.107
688.804,689.095
688.802,689.092
688.795,689.081
688.794,689.079
688.795,689.082
688.797,689.084
688.795,689.082
688.797,689.084
688.795,689.082
688.797,689.084
688.798,689.086
688.797,689.084
688.798,689.086
688.792,689.076
688.791,689.075
688.793,689.078
688.794,689.080
688.793,689.079
688.795,689.081
688.802,689.091
688.803,689.092
688.801,689.090
688.802,689.091
688.803,689.093
688.801,689.090
688.794,689.079
688.787,689.070
688.787,689.069
688.789,689.073
688.783,689.064
688.783,689.064
688.778,689.056
688.773,689.049
688.774,689.050
688.769,689.044
688.773,689.050
688.774,689.051
688.778,689.056
688.778,689.057
688.781,689.061
688.776,689.054
688.777,689.054
688.780,689.059
688.783,689.064
688.775,689.052
688.778,689.057
688.782,689.062
688.781,689.062
688.776,689.054
688.780,689.059
688.780,689.059
688.775,689.052
688.778,689.057
688.779,689.058
688.782,689.062
688.774,689.050
688.766,689.040
688.763,689.034
688.767,689.041
688.769,689.043
688.765,689.037
688.761,689.032
688.763,689.035
688.768,689.042
688.764,689.036
688.766,689.038
688.762,689.033
688.759,689.028
688.756,689.024
688.758,689.027
688.755,689.023
688.753,689.019
688.747,689.011
688.753,689.020
688.751,689.017
688.749,689.013
688.744,689.006
688.742,689.004
688.741,689.002
688.739,689.000
688.738,688.998
688.737,688.997
688.741,689.003
688.745,689.008
688.743,689.006
688.747,689.011
688.750,689.016
688.748,689.013
688.746,689.010
688.741,689.003
688.737,688.997
688.736,688.995
688.735,688.994
688.732,688.989
688.728,688.984
688.728,688.984
688.728,688.984
688.725,688.979
688.730,688.987
688.730,688.986
688.738,688.998
688.742,689.004
688.741,689.002
688.739,689.000
688.738,688.998
688.742,689.004
688.741,689.002
688.740,689.000
688.744,689.006
688.747,689.011
688.745,689.009
688.752,689.018
688.746,689.010
688.745,689.008
688.743,689.005
688.741,689.003
688.737,688.997
688.736,688.995
688.735,688.994
688.732,688.989
688.728,688.984
688.728,688.984
688.728,688.984
688.725,688.979
688.730,688.987
688.722,688.975
688.723,688.975
688.728,688.984
688.725,688.979
688.725,688.979
688.726,688.980
688.723,688.976
688.720,688.972
688.721,688.973
688.722,688.974
688.719,688.970
688.717,688.967
688.718,688.969
688.719,688.970
688.720,688.971
688.717,688.968
688.716,688.965
688.717,688.967
688.718,688.968
688.711,688.958
688.709,688.956
688.708,688.954
688.702,688.945
688.704,688.949
688.704,688.948
688.703,688.947
688.697,688.938
688.700,688.942
688.703,688.946
688.702,688.945
688.694,688.933
688.694,688.933
688.697,688.938
688.700,688.942
688.703,688.946
688.702,688.945
688.701,688.944
688.701,688.944
688.704,688.948
688.706,688.951
688.708,688.954
688.707,688.952
688.706,688.951
688.705,688.950
688.707,688.953
688.701,688.944
688.695,688.936
688.696,688.936
688.696,688.936
688.699,688.940
688.693,688.933
688.697,688.937
688.700,688.942
688.699,688.941
688.699,688.941
688.702,688.945
688.696,688.937
688.691,688.929
688.686,688.922
688.687,688.924
688.688,688.925
688.689,688.926
688.685,688.920
688.681,688.914
688.685,688.921
688.681,688.915
688.675,688.905
688.677,688.908
688.674,688.904
688.679,688.911
688.683,688.918
688.679,688.912
688.681,688.915
688.683,688.917
688.684,688.919
688.688,688.925
688.692,688.930
688.687,688.923
688.683,688.917
688.676,688.907
688.670,688.899
688.665,688.891
688.663,688.887
688.661,688.885
688.667,688.894
688.665,688.891
688.663,688.888
688.661,688.885
688.664,688.890
688.659,688.883
688.663,688.888
688.669,688.897
688.674,688.905
688.680,688.912
688.676,688.907
688.681,688.914
688.682,688.917
688.684,688.919
688.677,688.909
688.671,688.900
688.673,688.903
688.670,688.899
688.668,688.895
688.665,688.892
688.663,688.888
688.661,688.886
688.657,688.879
688.660,688.884
688.656,688.878
688.652,688.872
688.656,688.878
688.655,688.876
688.654,688.874
688.653,688.873
688.652,688.871
688.651,688.870
688.650,688.869
688.646,688.864
688.651,688.871
688.656,688.877
688.651,688.871
688.659,688.882
688.657,688.880
688.656,688.878
688.655,688.876
688.659,688.882
688.654,688.875
688.658,688.881
688.654,688.875
688.650,688.869
688.649,688.868
688.649,688.867
688.648,688.866
688.648,688.865
688.647,688.865
688.647,688.864
688.643,688.859
688.640,688.855
688.638,688.851
688.638,688.852
688.639,688.852
688.639,688.853
688.644,688.861
688.641,688.857
688.647,688.864
688.646,688.864
688.646,688.863
688.646,688.863
688.645,688.862
688.645,688.862
688.645,688.862
688.650,688.869
688.646,688.864
688.643,688.859
688.643,688.859
688.643,688.859
688.643,688.859
688.643,688.859
688.643,688.859
688.643,688.859
688.648,688.866
688.653,688.873
688.649,688.867
688.648,688.867
688.648,688.866
688.647,688.865
688.647,688.864
688.652,688.871
688.648,688.866
688.644,688.861
688.641,688.857
688.639,688.853
688.639,688.853
688.639,688.854
688.640,688.854
688.640,688.854
688.640,688.855
688.641,688.855
688.641,688.855
688.633,688.844
688.634,688.845
688.635,688.847
688.635,688.848
688.633,688.844
688.631,688.842
688.629,688.839
688.628,688.837
688.626,688.834
688.625,688.832
688.624,688.831
688.631,688.841
688.632,688.843
688.625,688.832
688.627,688.835
688.628,688.837
688.629,688.839
688.631,688.841
688.632,688.843
688.633,688.844
688.626,688.834
688.627,688.836
688.629,688.838
688.627,688.836
688.626,688.834
688.625,688.832
688.623,688.830
688.614,688.817
688.606,688.805
688.607,688.806
688.607,688.807
688.600,688.795
688.601,688.797
688.602,688.799
688.606,688.804
688.601,688.798
688.597,688.792
688.594,688.786
688.598,688.793
688.602,688.799
688.606,688.805
688.610,688.810
688.613,688.815
688.608,688.807
688.603,688.800
688.607,688.806
688.610,688.811
688.610,688.811
688.611,688.811
688.611,688.812
688.611,688.812
688.611,688.812
688.611,688.812
688.611,688.812
688.611,688.812
688.611,688.813
688.614,688.817
688.617,688.821
688.620,688.824
688.622,688.828
688.616,688.819
688.618,688.823
688.612,688.814
688.607,688.807
688.603,688.800
688.604,688.801
688.604,688.802
688.613,688.815
688.613,688.815
688.613,688.815
688.621,688.827
688.620,688.825
688.619,688.824
688.622,688.828
688.624,688.831
688.625,688.833
688.619,688.824
688.613,688.815
688.608,688.808
688.603,688.801
688.599,688.794
688.595,688.789
688.592,688.784
688.596,688.791
688.593,688.785
688.598,688.792
688.594,688.787
688.598,688.794
688.603,688.800
688.606,688.805
688.610,688.810
688.605,688.803
688.609,688.808
688.612,688.813
688.607,688.806
688.607,688.807
688.608,688.807
688.608,688.808
688.603,688.801
688.607,688.806
688.602,688.800
688.598,688.793
688.594,688.788
688.591,688.783
688.596,688.790
688.600,688.796
688.596,688.791
688.593,688.785
688.589,688.780
688.586,688.776
688.584,688.772
688.589,688.780
688.586,688.776
688.592,688.784
688.589,688.779
688.586,688.775
688.591,688.783
688.588,688.778
688.593,688.786
688.590,688.781
688.587,688.777
688.584,688.773
688.582,688.769
688.587,688.777
688.593,688.785
688.589,688.780
688.586,688.776
688.592,688.784
688.597,688.791
688.593,688.786
688.595,688.788
688.588,688.779
688.583,688.770
688.585,688.775
688.580,688.767
688.575,688.759
688.579,688.765
688.574,688.757
688.569,688.751
688.573,688.757
688.569,688.751
688.565,688.745
688.565,688.744
688.564,688.743
688.563,688.742
688.563,688.742
688.562,688.741
688.562,688.740
688.559,688.736
688.559,688.735
688.556,688.731
688.553,688.727
688.551,688.724
688.549,688.721
688.547,688.718
688.553,688.727
688.550,688.723
688.551,688.724
688.552,688.725
688.552,688.726
688.553,688.727
688.554,688.728
688.554,688.728
688.554,688.729
688.555,688.730
688.563,688.742
688.560,688.737
688.557,688.732
688.554,688.728
688.559,688.737
688.556,688.732
688.557,688.732
688.557,688.733
688.557,688.733
688.557,688.733
688.557,688.733
688.565,688.745
688.565,688.744
688.564,688.743
688.563,688.742
688.563,688.742
688.562,688.741
688.559,688.736
688.556,688.732
688.553,688.728
688.551,688.724
688.557,688.733
688.554,688.729
688.554,688.729
688.555,688.730
688.555,688.730
688.555,688.731
688.556,688.731
688.548,688.720
688.546,688.717
688.544,688.714
688.551,688.724
688.549,688.721
688.547,688.718
688.548,688.719
688.549,688.721
688.550,688.722
688.550,688.723
688.551,688.724
688.552,688.725
688.544,688.714
688.546,688.716
688.547,688.718
688.545,688.715
688.543,688.713
688.550,688.723
688.556,688.731
688.561,688.739
688.558,688.734
688.558,688.734
688.558,688.734
688.558,688.734
688.550,688.723
688.551,688.724
688.551,688.725
688.549,688.722
688.555,688.730
688.553,688.726
688.550,688.723
688.548,688.720
688.546,688.717
688.547,688.719
688.540,688.709
688.542,688.711
688.544,688.713
688.545,688.715
688.546,688.717
688.544,688.715
688.543,688.712
688.541,688.710
688.543,688.712
688.536,688.703
688.539,688.706
688.540,688.709
688.542,688.711
688.544,688.713
688.542,688.711
688.541,688.709
688.540,688.707
688.538,688.706
688.537,688.704
688.539,688.707
688.541,688.710
688.543,688.712
688.544,688.714
688.538,688.704
688.537,688.703
688.536,688.702
688.535,688.701
688.542,688.712
688.541,688.709
688.543,688.712
688.544,688.714
688.545,688.716
688.547,688.718
688.540,688.708
688.539,688.706
688.538,688.704
688.537,688.703
688.531,688.694
688.533,688.698
688.536,688.702
688.530,688.693
688.530,688.693
688.529,688.692
688.529,688.692
688.529,688.692
688.524,688.684
688.519,688.677
688.515,688.671
688.511,688.665
688.515,688.672
688.517,688.674
688.518,688.675
688.519,688.677
688.519,688.678
688.523,688.683
688.526,688.688
688.521,688.681
688.517,688.674
688.518,688.676
688.519,688.677
688.520,688.678
688.523,688.684
688.527,688.689
688.522,688.681
688.525,688.686
688.517,688.675
688.518,688.676
688.519,688.678
688.520,688.679
688.524,688.684
688.527,688.689
688.530,688.693
688.533,688.697
688.532,688.697
688.532,688.696
688.531,688.696
688.534,688.699
688.528,688.691
688.523,688.683
688.526,688.688
688.527,688.688
688.527,688.689
688.527,688.689
688.519,688.677
688.523,688.683
688.526,688.687
688.521,688.680
688.524,688.685
688.525,688.686
688.525,688.686
688.525,688.687
688.518,688.675
688.518,688.677
688.522,688.682
688.526,688.687
688.521,688.680
688.521,688.681
688.522,688.682
688.523,688.683
688.526,688.687
688.521,688.680
688.516,688.674
688.518,688.675
688.518,688.677
688.519,688.678
688.515,688.671
688.519,688.677
688.515,688.671
688.519,688.677
688.523,688.683
688.515,688.672
688.516,688.673
688.509,688.663
688.506,688.658
688.511,688.665
688.507,688.660
688.509,688.663
688.511,688.666
688.513,688.668
688.517,688.674
688.521,688.680
688.524,688.685
688.520,688.678
688.520,688.679
688.513,688.669
688.506,688.659
688.503,688.654
688.500,688.650
688.498,688.646
688.493,688.639
688.496,688.644
688.502,688.652
688.507,688.660
688.512,688.667
688.508,688.662
688.510,688.665
688.504,688.655
688.501,688.651
688.498,688.647
688.504,688.655
688.506,688.659
688.508,688.662
688.510,688.665
688.507,688.659
688.504,688.655
688.509,688.662
688.505,688.657
688.508,688.661
688.501,688.652
688.507,688.660
688.512,688.667
688.516,688.673
688.512,688.667
688.514,688.669
688.507,688.660
688.504,688.655
688.501,688.651
688.506,688.659
688.500,688.650
688.503,688.654
688.505,688.657
688.502,688.653
688.508,688.661
688.504,688.656
688.507,688.659
688.509,688.662
688.510,688.665
688.507,688.660
688.504,688.655
688.498,688.647
688.501,688.651
688.503,688.654
688.501,688.650
688.498,688.647
688.504,688.655
688.506,688.658
688.500,688.650
688.503,688.653
688.500,688.649
688.505,688.657
688.502,688.653
688.505,688.657
688.507,688.660
688.504,688.655
688.501,688.651
688.498,688.647
688.496,688.644
688.499,688.648
688.502,688.652
688.496,688.644
688.494,688.641
688.492,688.638
688.490,688.635
688.494,688.641
688.489,688.634
688.493,688.639
688.491,688.636
688.489,688.634
688.485,688.627
688.481,688.622
688.485,688.628
688.484,688.626
688.483,688.625
688.482,688.624
688.487,688.630
688.482,688.624
688.482,688.623
688.489,688.633
688.495,688.643
688.491,688.636
688.494,688.641
688.492,688.638
688.490,688.635
688.497,688.645
688.500,688.649
688.494,688.641
688.490,688.634
688.496,688.644
688.494,688.641
688.492,688.638
688.498,688.647
688.501,688.651
688.504,688.655
688.501,688.651
688.506,688.659
688.511,688.666
688.516,688.672
688.517,688.674
688.518,688.675
688.514,688.669
688.510,688.664
688.506,688.659
688.508,688.662
688.510,688.664
688.512,688.667
688.508,688.662
688.505,688.657
688.502,688.652
688.507,688.660
688.509,688.663
688.511,688.666
688.513,688.668
688.509,688.663
688.506,688.658
688.508,688.661
688.510,688.664
688.511,688.666
688.508,688.661
688.505,688.656
688.502,688.652
688.496,688.644
688.499,688.648
688.502,688.652
688.499,688.648
688.497,688.645
688.503,688.653
688.505,688.657
688.499,688.648
688.497,688.645
688.494,688.641
688.492,688.638
688.496,688.643
688.499,688.648
688.494,688.640
688.492,688.637
688.490,688.635
688.494,688.640
688.497,688.645
688.500,688.649
688.494,688.641
688.492,688.638
688.499,688.647
688.493,688.640
688.489,688.633
688.487,688.631
688.486,688.629
688.485,688.627
688.481,688.621
688.485,688.628
688.481,688.622
688.481,688.621
688.477,688.616
688.474,688.611
688.479,688.619
688.486,688.630
688.485,688.628
688.489,688.634
688.493,688.639
688.496,688.644
688.494,688.641
688.492,688.638
688.487,688.631
688.483,688.625
688.479,688.619
688.479,688.619
688.478,688.618
688.475,688.613
688.472,688.609
688.477,688.616
688.477,688.616
688.477,688.615
688.482,688.622
688.486,688.629
688.490,688.635
688.496,688.644
688.494,688.641
688.492,688.638
688.488,688.631
688.491,688.637
688.490,688.634
688.496,688.644
688.502,688.653
688.505,688.656
688.507,688.659
688.509,688.662
688.505,688.657
688.510,688.665
688.507,688.660
688.501,688.651
688.503,688.654
688.509,688.662
688.513,688.669
688.509,688.663
688.511,688.666
688.505,688.656
688.502,688.652
688.499,688.648
688.497,688.645
688.492,688.637
688.495,688.642
688.498,688.647
688.496,688.643
688.494,688.640
688.497,688.645
688.500,688.649
688.505,688.657
688.502,688.653
688.500,688.649
688.494,688.641
688.497,688.646
688.503,688.654
688.500,688.650
688.498,688.646
688.501,688.651
688.503,688.654
688.498,688.646
688.495,688.643
688.493,688.639
688.488,688.633
688.484,688.626
688.480,688.621
688.488,688.631
688.486,688.629
688.485,688.628
688.489,688.634
688.493,688.639
688.496,688.644
688.502,688.653
688.499,688.649
688.502,688.653
688.505,688.656
688.502,688.652
688.499,688.648
688.496,688.644
688.491,688.637
688.487,688.630
688.486,688.628
688.492,688.638
688.496,688.643
688.499,688.648
688.494,688.640
688.492,688.637
688.498,688.647
688.501,688.651
688.495,688.643
688.501,688.651
688.499,688.648
688.496,688.644
688.499,688.649
688.502,688.653
688.499,688.649
688.497,688.645
688.500,688.649
688.494,688.641
688.492,688.638
688.491,688.636
688.486,688.629
688.490,688.635
688.488,688.633
688.495,688.642
688.498,688.647
688.493,688.639
688.496,688.644
688.499,688.648
688.497,688.645
688.495,688.642
688.490,688.634
688.485,688.628
688.484,688.626
688.483,688.625
688.479,688.619
688.484,688.626
688.480,688.620
688.488,688.631
688.486,688.629
688.482,688.623
688.486,688.630
688.485,688.628
688.484,688.626
688.480,688.621
688.477,688.615
688.476,688.615
688.484,688.626
688.483,688.625
688.487,688.631
688.483,688.625
688.490,688.635
688.489,688.633
688.487,688.631
688.483,688.625
688.479,688.619
688.479,688.618
688.470,688.606
688.468,688.602
688.473,688.611
688.479,688.618
688.478,688.617
688.470,688.605
688.467,688.601
688.465,688.598
688.466,688.599
688.466,688.600
688.464,688.597
688.470,688.606
688.471,688.606
688.471,688.607
688.468,688.603
688.474,688.611
688.474,688.611
688.474,688.611
688.471,688.607
688.468,688.603
688.469,688.604
688.469,688.604
688.467,688.601
688.464,688.597
688.462,688.595
688.455,688.584
688.454,688.583
688.453,688.581
688.452,688.580
688.454,688.583
688.453,688.581
688.452,688.580
688.451,688.578
688.453,688.581
688.453,688.580
688.452,688.579
688.454,688.582
688.456,688.585
688.463,688.595
688.461,688.592
688.459,688.590
688.460,688.591
688.462,688.593
688.468,688.602
688.466,688.599
688.466,688.600
688.467,688.601
688.465,688.598
688.463,688.595
688.464,688.596
688.465,688.598
688.463,688.595
688.464,688.596
688.457,688.586
688.458,688.588
688.457,688.586
688.455,688.584
688.457,688.587
688.459,688.589
688.457,688.587
688.459,688.589
688.452,688.579
688.451,688.578
688.451,688.577
688.453,688.580
688.447,688.571
688.446,688.571
688.449,688.575
688.443,688.566
688.443,688.566
688.446,688.570
688.449,688.574
688.456,688.585
688.455,688.584
688.454,688.582
688.448,688.573
688.450,688.576
688.449,688.576
688.444,688.567
688.438,688.559
688.439,688.560
688.439,688.561
688.443,688.565
688.443,688.566
688.443,688.566
688.438,688.558
688.433,688.551
688.434,688.553
688.427,688.542
688.431,688.549
688.432,688.551
688.433,688.552
688.437,688.558
688.433,688.551
688.434,688.552
688.443,688.566
688.438,688.558
688.438,688.559
688.439,688.560
688.434,688.553
688.438,688.558
688.438,688.559
688.433,688.552
688.429,688.546
688.431,688.548
688.432,688.550
688.436,688.555
688.436,688.556
688.437,688.557
688.441,688.563
688.441,688.563
688.444,688.567
688.447,688.572
688.446,688.571
688.446,688.571
688.449,688.575
688.440,688.562
688.441,688.562
688.444,688.567
688.446,688.571
688.446,688.571
688.441,688.563
688.436,688.555
688.428,688.545
688.430,688.547
688.434,688.553
688.435,688.554
688.436,688.555
688.431,688.549
688.435,688.555
688.436,688.556
688.440,688.561
688.435,688.554
688.436,688.555
688.436,688.556
688.440,688.561
688.440,688.562
688.440,688.562
688.436,688.555
688.431,688.549
688.432,688.550
688.428,688.544
688.424,688.539
688.418,688.530
688.415,688.526
688.413,688.522
688.416,688.526
688.418,688.530
688.424,688.538
688.425,688.540
688.422,688.535
688.419,688.531
688.421,688.534
688.418,688.530
688.415,688.525
688.418,688.529
688.412,688.521
688.418,688.530
688.413,688.521
688.415,688.526
688.421,688.534
688.415,688.525
688.410,688.517
688.416,688.526
688.410,688.518
688.413,688.523
688.411,688.519
688.414,688.524
688.420,688.532
688.425,688.540
688.419,688.530
688.416,688.526
688.410,688.518
688.414,688.523
688.411,688.519
688.406,688.512
688.405,688.510
688.403,688.508
688.407,688.513
688.405,688.511
688.404,688.508
688.407,688.514
688.406,688.511
688.401,688.505
688.405,688.511
688.404,688.508
688.399,688.502
688.396,688.497
688.395,688.496
688.392,688.491
688.388,688.486
688.388,688.486
688.394,688.494
688.398,688.501
688.397,688.499
688.394,688.494
688.398,688.501
688.406,688.511
688.401,688.505
688.405,688.511
688.404,688.508
688.407,688.514
688.403,688.507
688.401,688.505
688.405,688.511
688.409,688.516
688.407,688.514
688.411,688.519
688.414,688.523
688.419,688.531
688.422,688.535
688.419,688.530
688.416,688.526
688.410,688.518
688.405,688.511
688.404,688.509
688.402,688.507
688.406,688.512
688.405,688.510
688.408,688.515
688.404,688.508
688.402,688.506
688.406,688.512
688.413,688.522
688.410,688.518
688.413,688.523
688.411,688.519
688.414,688.524
688.417,688.528
688.414,688.524
688.417,688.528
688.414,688.524
688.412,688.520
688.415,688.525
688.412,688.521
688.407,688.514
688.411,688.519
688.409,688.516
688.412,688.521
688.407,688.513
688.413,688.522
688.416,688.527
688.414,688.523
688.411,688.519
688.414,688.524
688.412,688.520
688.407,688.513
688.410,688.518
688.408,688.515
688.406,688.513
688.402,688.506
688.401,688.504
688.400,688.502
688.396,688.497
688.395,688.496
688.400,688.503
688.396,688.497
688.395,688.496
688.400,688.503
688.407,688.513
688.405,688.510
688.401,688.504
688.400,688.502
688.398,688.501
688.395,688.495
688.394,688.495
688.399,688.501
688.398,688.500
688.397,688.499
688.393,688.493
688.401,688.505
688.400,688.503
688.396,688.497
688.401,688.504
688.399,688.502
688.404,688.508
688.402,688.506
688.401,688.504
688.397,688.499
688.396,688.497
688.401,688.504
688.405,688.510
688.403,688.508
688.407,688.513
688.410,688.518
688.408,688.515
688.412,688.520
688.415,688.525
688.412,688.521
688.415,688.525
688.413,688.522
688.410,688.518
688.414,688.523
688.419,688.531
688.424,688.539
688.418,688.530
688.423,688.537
688.420,688.533
688.422,688.536
688.419,688.531
688.416,688.527
688.419,688.531
688.421,688.534
688.426,688.541
688.420,688.532
688.414,688.523
688.412,688.520
688.415,688.524
688.417,688.528
688.415,688.524
688.417,688.528
688.415,688.525
688.412,688.521
688.415,688.525
688.418,688.529
688.415,688.525
688.418,688.529
688.415,688.525
688.413,688.521
688.415,688.526
688.418,688.530
688.423,688.537
688.425,688.540
688.422,688.535
688.419,688.530
688.413,688.522
688.411,688.519
688.406,688.511
688.401,688.505
688.400,688.503
688.396,688.497
688.396,688.497
688.403,688.507
688.407,688.513
688.405,688.510
688.401,688.504
688.400,688.502
688.398,688.501
688.403,688.507
688.401,688.505
688.405,688.511
688.409,688.516
688.415,688.525
688.418,688.529
688.420,688.533
688.425,688.540
688.427,688.543
688.423,688.537
688.417,688.528
688.420,688.532
688.417,688.528
688.419,688.531
688.416,688.527
688.414,688.523
688.409,688.516
688.407,688.513
688.410,688.518
688.405,688.511
688.404,688.508
688.399,688.502
688.398,688.501
688.395,688.495
688.399,688.502
688.398,688.501
688.395,688.495
688.394,688.494
688.391,688.489
688.388,688.485
688.388,688.485
688.393,688.493
688.393,688.492
688.397,688.499
688.402,688.506
688.401,688.504
688.397,688.498
688.396,688.497
688.392,688.492
688.397,688.499
688.396,688.498
688.393,688.493
688.392,688.492
688.389,688.487
688.394,688.495
688.394,688.494
688.391,688.489
688.390,688.489
688.387,688.485
688.393,688.492
688.392,688.492
688.389,688.487
688.389,688.487
688.386,688.483
688.392,688.491
688.391,688.491
688.388,688.486
688.388,688.486
688.394,688.494
688.393,688.493
688.393,688.492
688.390,688.488
688.389,688.488
688.387,688.483
688.392,688.491
688.392,688.491
688.388,688.486
688.389,688.486
688.386,688.482
688.383,688.478
688.384,688.479
688.381,688.476
688.382,688.477
688.380,688.474
688.386,688.482
688.386,688.483
688.384,688.479
688.384,688.480
688.382,688.476
688.382,688.477
688.380,688.474
688.381,688.475
688.382,688.476
688.380,688.473
688.372,688.463
688.371,688.461
688.373,688.463
688.372,688.461
688.378,688.471
688.368,688.457
688.368,688.456
688.370,688.459
688.369,688.457
688.370,688.460
688.361,688.446
688.364,688.450
688.363,688.450
688.366,688.453
688.368,688.456
688.367,688.455
688.369,688.458
688.376,688.468
688.378,688.470
688.376,688.468
688.369,688.458
688.368,688.456
688.370,688.459
688.369,688.458
688.368,688.456
688.362,688.447
688.362,688.447
688.364,688.451
688.364,688.450
688.366,688.453
688.365,688.452
688.368,688.456
688.367,688.455
688.369,688.458
688.368,688.456
688.362,688.447
688.362,688.447
688.364,688.451
688.364,688.450
688.363,688.449
688.366,688.453
688.365,688.452
688.367,688.455
688.367,688.454
688.369,688.457
688.368,688.456
688.367,688.455
688.361,688.446
688.361,688.446
688.363,688.450
688.363,688.449
688.365,688.452
688.368,688.456
688.367,688.455
688.361,688.446
688.361,688.445
688.363,688.449
688.363,688.449
688.365,688.452
688.368,688.456
688.367,688.454
688.369,688.457
688.376,688.468
688.369,688.458
688.368,688.456
688.367,688.455
688.369,688.458
688.376,688.468
688.370,688.458
688.369,688.457
688.368,688.456
688.370,688.459
688.377,688.469
688.370,688.459
688.369,688.457
688.368,688.456
688.362,688.447
688.362,688.447
688.356,688.439
688.356,688.439
688.359,688.444
688.367,688.455
688.367,688.454
688.361,688.446
688.361,688.445
688.363,688.449
688.363,688.449
688.365,688.452
688.365,688.451
688.364,688.451
688.367,688.454
688.374,688.465
688.372,688.463
688.366,688.453
688.365,688.452
688.359,688.444
688.359,688.444
688.362,688.448
688.357,688.440
688.357,688.440
688.360,688.444
688.360,688.444
688.363,688.448
688.362,688.448
688.362,688.447
688.365,688.451
688.364,688.450
688.366,688.454
688.366,688.453
688.365,688.452
688.367,688.455
688.366,688.454
688.369,688.457
688.368,688.456
688.362,688.447
688.369,688.458
688.368,688.457
688.370,688.460
688.369,688.458
688.371,688.461
688.370,688.459
688.369,688.458
688.363,688.449
688.362,688.448
688.365,688.452
688.364,688.451
688.367,688.454
688.369,688.457
688.368,688.456
688.370,688.459
688.377,688.469
688.378,688.471
688.371,688.461
688.378,688.471
688.379,688.472
688.377,688.470
688.378,688.471
688.376,688.468
688.378,688.470
688.384,688.479
688.389,688.488
688.389,688.488
688.387,688.483
688.387,688.484
688.384,688.480
688.382,688.476
688.382,688.477
688.380,688.474
688.373,688.464
688.372,688.462
688.370,688.460
688.364,688.451
688.364,688.450
688.366,688.453
688.365,688.452
688.368,688.456
688.367,688.454
688.366,688.453
688.368,688.457
688.367,688.455
688.369,688.458
688.368,688.457
688.362,688.448
688.362,688.447
688.362,688.447
688.364,688.451
688.364,688.450
688.366,688.454
688.365,688.453
688.365,688.452
688.367,688.455
688.366,688.454
688.360,688.445
688.360,688.445
688.363,688.449
688.365,688.453
688.365,688.452
688.359,688.443
688.359,688.443
688.362,688.447
688.362,688.447
688.361,688.446
688.356,688.439
688.364,688.451
688.358,688.442
688.359,688.442
688.361,688.447
688.364,688.450
688.364,688.450
688.366,688.453
688.365,688.452
688.373,688.463
688.374,688.465
688.373,688.463
688.374,688.465
688.373,688.463
688.374,688.465
688.373,688.463
688.380,688.473
688.380,688.474
688.378,688.471
688.379,688.473
688.377,688.470
688.379,688.472
688.377,688.469
688.370,688.459
688.369,688.457
688.368,688.456
688.367,688.455
688.366,688.454
688.368,688.457
688.375,688.467
688.369,688.457
688.368,688.456
688.362,688.447
688.362,688.447
688.364,688.451
688.367,688.454
688.366,688.453
688.368,688.456
688.367,688.455
688.369,688.458
688.368,688.457
688.367,688.455
688.369,688.458
688.368,688.457
688.370,688.460
688.369,688.458
688.371,688.461
688.370,688.459
688.364,688.450
688.366,688.453
688.365,688.452
688.368,688.456
688.367,688.455
688.369,688.458
688.368,688.456
688.370,688.459
688.369,688.458
688.371,688.460
688.372,688.463
688.371,688.461
688.373,688.463
688.372,688.461
688.365,688.452
688.365,688.451
688.367,688.455
688.366,688.453
688.368,688.457
688.375,688.467
688.374,688.465
688.375,688.467
688.374,688.465
688.375,688.467
688.374,688.464
688.375,688.467
688.374,688.464
688.372,688.462
688.371,688.460
688.373,688.463
688.371,688.461
688.365,688.452
688.364,688.451
688.364,688.450
688.358,688.442
688.358,688.442
688.353,688.434
688.354,688.435
688.357,688.440
688.357,688.440
688.360,688.445
688.360,688.445
688.355,688.437
688.358,688.442
688.358,688.442
688.361,688.446
688.361,688.446
688.364,688.450
688.363,688.449
688.366,688.453
688.360,688.444
688.360,688.444
688.362,688.448
688.354,688.436
688.349,688.429
688.350,688.430
688.346,688.424
688.347,688.426
688.351,688.431
688.355,688.437
688.355,688.437
688.358,688.442
688.358,688.442
688.353,688.435
688.354,688.435
688.357,688.440
688.357,688.441
688.360,688.445
688.363,688.449
688.363,688.448
688.365,688.452
688.365,688.451
688.367,688.455
688.366,688.454
688.368,688.457
688.367,688.455
688.359,688.442
688.359,688.442
688.361,688.447
688.361,688.446
688.364,688.450
688.363,688.449
688.358,688.441
688.358,688.441
688.361,688.446
688.355,688.438
688.348,688.427
688.349,688.428
688.350,688.430
688.354,688.435
688.354,688.436
688.357,688.441
688.357,688.441
688.360,688.445
688.352,688.433
688.356,688.438
688.356,688.439
688.351,688.432
688.344,688.421
688.348,688.427
688.349,688.429
688.345,688.422
688.338,688.413
688.335,688.408
688.329,688.399
688.327,688.396
688.330,688.400
688.336,688.409
688.338,688.412
688.343,688.419
688.344,688.421
688.340,688.416
688.342,688.418
688.339,688.413
688.332,688.404
688.330,688.400
688.333,688.404
688.330,688.400
688.333,688.404
688.330,688.400
688.333,688.404
688.330,688.401
688.333,688.405
688.330,688.401
688.333,688.405
688.330,688.401
688.325,688.393
688.331,688.402
688.333,688.406
688.339,688.413
688.341,688.416
688.337,688.411
688.339,688.414
688.336,688.409
688.330,688.401
688.336,688.409
688.330,688.400
688.327,688.397
688.330,688.401
688.328,688.397
688.331,688.402
688.325,688.394
688.323,688.391
688.327,688.396
688.325,688.393
688.320,688.386
688.318,688.384
688.322,688.389
688.329,688.399
688.323,688.391
688.327,688.396
688.330,688.400
688.333,688.404
688.330,688.401
688.333,688.405
688.330,688.401
688.333,688.405
688.330,688.401
688.333,688.405
688.338,688.412
688.340,688.415
688.337,688.410
688.331,688.402
688.336,688.410
688.338,688.413
688.335,688.408
688.329,688.400
688.324,688.392
688.319,688.385
688.315,688.379
688.311,688.373
688.316,688.380
688.323,688.390
688.318,688.383
688.325,688.393
688.320,688.386
688.319,688.384
688.322,688.390
688.321,688.387
688.324,688.392
688.323,688.390
688.318,688.383
688.325,688.393
688.320,688.386
688.318,688.384
688.314,688.378
688.313,688.376
688.310,688.371
688.309,688.370
688.306,688.365
688.303,688.361
688.303,688.361
688.308,688.369
688.308,688.368
688.313,688.375
688.312,688.374
688.308,688.369
688.308,688.368
688.305,688.364
688.305,688.364
688.305,688.364
688.302,688.359
688.299,688.355
688.305,688.364
688.297,688.352
688.295,688.349
688.296,688.350
688.294,688.347
688.295,688.349
688.293,688.346
688.294,688.348
688.300,688.357
688.300,688.357
688.298,688.354
688.299,688.355
688.296,688.351
688.302,688.360
688.302,688.360
688.300,688.356
688.300,688.357
688.306,688.365
688.306,688.365
688.311,688.372
688.307,688.367
688.304,688.363
688.304,688.363
688.301,688.359
688.299,688.355
688.299,688.356
688.297,688.352
688.298,688.353
688.303,688.362
688.303,688.362
688.301,688.358
688.301,688.358
688.307,688.366
688.306,688.366
688.303,688.361
688.303,688.362
688.301,688.358
688.298,688.354
688.299,688.355
688.296,688.351
688.294,688.348
688.300,688.357
688.301,688.358
688.298,688.354
688.291,688.343
688.297,688.353
688.295,688.350
688.301,688.358
688.302,688.359
688.302,688.359
688.299,688.355
688.300,688.356
688.305,688.364
688.305,688.364
688.310,688.372
688.310,688.371
688.306,688.366
688.314,688.377
688.318,688.384
688.317,688.382
688.313,688.376
688.309,688.371
688.309,688.370
688.306,688.365
688.306,688.365
688.303,688.360
688.303,688.361
688.300,688.357
688.298,688.353
688.298,688.354
688.296,688.351
688.297,688.352
688.295,688.349
688.296,688.350
688.302,688.359
688.302,688.359
688.307,688.367
688.307,688.367
688.312,688.374
688.316,688.381
688.315,688.379
688.311,688.373
688.311,688.372
688.307,688.367
688.307,688.367
688.304,688.362
688.309,688.370
688.309,688.369
688.305,688.365
688.305,688.364
688.302,688.360
688.302,688.360
688.308,688.368
688.305,688.364
688.305,688.363
688.302,688.359
688.302,688.360
688.299,688.356
688.300,688.356
688.297,688.353
688.295,688.350
688.288,688.339
688.287,688.337
688.288,688.340
688.287,688.338
688.289,688.340
688.287,688.338
688.286,688.336
688.288,688.339
688.287,688.337
688.288,688.339
688.287,688.338
688.286,688.336
688.288,688.338
688.286,688.337
688.288,688.339
688.287,688.337
688.278,688.324
688.272,688.316
688.272,688.316
688.272,688.316
688.275,688.321
688.275,688.321
688.270,688.313
688.270,688.313
688.271,688.314
688.266,688.307
688.267,688.308
688.267,688.309
688.263,688.302
688.264,688.304
688.265,688.305
688.266,688.307
688.267,688.308
688.262,688.301
688.263,688.303
688.264,688.305
688.268,688.310
688.269,688.311
688.264,688.304
688.265,688.306
688.266,688.307
688.262,688.300
688.271,688.314
688.266,688.307
688.259,688.296
688.260,688.298
688.264,688.305
688.265,688.306
688.269,688.311
688.264,688.304
688.265,688.306
688.269,688.311
688.270,688.312
688.270,688.313
688.273,688.318
688.273,688.318
688.276,688.322
688.276,688.322
688.271,688.314
688.266,688.307
688.267,688.308
688.262,688.301
688.263,688.303
688.267,688.309
688.268,688.310
688.269,688.311
688.272,688.316
688.280,688.328
688.283,688.331
688.277,688.322
688.276,688.322
688.279,688.326
688.287,688.337
688.288,688.339
688.295,688.349
688.293,688.346
688.294,688.348
688.292,688.345
688.293,688.347
688.292,688.344
688.298,688.354
688.304,688.362
688.301,688.358
688.293,688.347
688.291,688.344
688.293,688.346
688.291,688.343
688.292,688.345
688.285,688.335
688.284,688.334
688.286,688.336
688.285,688.335
688.287,688.338
688.294,688.348
688.292,688.345
688.293,688.347
688.291,688.344
688.293,688.346
688.291,688.343
688.292,688.345
688.290,688.343
688.292,688.345
688.290,688.342
688.289,688.340
688.290,688.342
688.297,688.352
688.297,688.353
688.295,688.350
688.296,688.351
688.294,688.348
688.295,688.349
688.296,688.350
688.302,688.359
688.302,688.360
688.299,688.356
688.300,688.356
688.297,688.353
688.295,688.350
688.296,688.351
688.294,688.348
688.292,688.345
688.285,688.335
688.284,688.334
688.278,688.325
688.281,688.328
688.280,688.327
688.282,688.331
688.282,688.330
688.281,688.329
688.275,688.320
688.275,688.320
688.278,688.324
688.277,688.324
688.277,688.323
688.280,688.327
688.287,688.338
688.289,688.340
688.287,688.338
688.286,688.337
688.288,688.339
688.295,688.349
688.296,688.350
688.302,688.359
688.302,688.360
688.299,688.356
688.297,688.352
688.298,688.353
688.303,688.362
688.304,688.362
688.309,688.370
688.300,688.357
688.298,688.354
688.296,688.350
688.288,688.340
688.279,688.326
688.273,688.318
688.268,688.310
688.269,688.311
688.264,688.304
688.260,688.298
688.261,688.300
688.263,688.302
688.258,688.296
688.260,688.298
688.256,688.292
688.258,688.295
688.260,688.297
688.256,688.292
688.260,688.299
688.262,688.301
688.258,688.295
688.259,688.297
688.261,688.299
688.257,688.293
688.258,688.296
688.252,688.286
688.257,688.294
688.259,688.296
688.255,688.291
688.260,688.297
688.261,688.299
688.257,688.294
688.253,688.289
688.255,688.292
688.260,688.298
688.253,688.289
688.247,688.280
688.253,688.288
688.247,688.279
688.249,688.283
688.255,688.290
688.248,688.281
688.243,688.273
688.241,688.270
688.247,688.279
688.241,688.271
688.236,688.264
688.243,688.273
688.246,688.277
688.249,688.282
688.254,688.289
688.256,688.292
688.250,688.283
688.247,688.279
688.249,688.283
688.247,688.278
688.241,688.271
688.244,688.275
688.242,688.272
688.240,688.269
688.243,688.273
688.241,688.270
688.239,688.267
688.242,688.272
688.240,688.269
688.235,688.262
688.239,688.267
688.245,688.276
688.248,688.281
688.251,688.284
688.256,688.292
688.252,688.287
688.254,688.290
688.259,688.297
688.253,688.287
688.255,688.290
688.259,688.297
688.261,688.299
688.262,688.301
688.258,688.295
688.260,688.298
688.264,688.304
688.265,688.305
688.266,688.307
688.261,688.300
688.263,688.302
688.267,688.308
688.267,688.309
688.268,688.310
688.271,688.315
688.272,688.315
688.275,688.320
688.275,688.320
688.275,688.320
688.278,688.324
688.285,688.335
688.279,688.326
688.279,688.325
688.281,688.329
688.283,688.332
688.282,688.331
688.276,688.322
688.276,688.322
688.276,688.322
688.279,688.326
688.286,688.337
688.288,688.339
688.287,688.337
688.286,688.336
688.279,688.327
688.279,688.326
688.281,688.329
688.281,688.328
688.280,688.327
688.282,688.331
688.290,688.341
688.283,688.332
688.282,688.331
688.281,688.329
688.276,688.321
688.275,688.321
688.270,688.313
688.271,688.314
688.271,688.314
688.266,688.307
688.267,688.308
688.268,688.309
688.271,688.314
688.271,688.315
688.274,688.319
688.266,688.308
688.259,688.297
688.255,688.291
688.257,688.294
688.251,688.285
688.253,688.288
688.250,688.283
688.252,688.287
688.246,688.278
688.244,688.274
688.247,688.279
688.241,688.271
688.247,688.279
688.250,688.283
688.252,688.287
688.249,688.282
688.251,688.286
688.254,688.289
688.250,688.284
688.253,688.287
688.258,688.295
688.254,688.289
688.256,688.292
688.252,688.287
688.257,688.294
688.259,688.297
688.255,688.291
688.257,688.294
688.259,688.296
688.263,688.303
688.264,688.304
688.265,688.306
688.269,688.311
688.269,688.312
688.273,688.317
688.273,688.317
688.276,688.321
688.279,688.325
688.278,688.325
688.273,688.317
688.268,688.309
688.268,688.310
688.272,688.315
688.272,688.316
688.275,688.320
688.275,688.320
688.275,688.320
688.278,688.324
688.269,688.312
688.262,688.301
688.258,688.295
688.251,688.285
688.245,688.277
688.243,688.273
688.246,688.278
688.249,688.282
688.246,688.277
688.251,688.286
688.246,688.277
688.251,688.285
688.253,688.288
688.255,688.291
688.252,688.286
688.254,688.289
688.248,688.281
688.253,688.288
688.250,688.284
688.252,688.287
688.249,688.282
688.252,688.286
688.254,688.289
688.251,688.284
688.253,688.288
688.247,688.279
688.241,688.271
688.239,688.268
688.235,688.261
688.230,688.255
688.229,688.253
688.226,688.248
688.230,688.255
688.229,688.253
688.234,688.259
688.237,688.265
688.236,688.263
688.234,688.260
688.238,688.266
688.242,688.271
688.239,688.268
688.238,688.265
688.241,688.270
688.239,688.267
688.234,688.261
688.230,688.254
688.226,688.249
688.226,688.248
688.230,688.255
688.235,688.261
688.241,688.271
688.236,688.263
688.232,688.257
688.239,688.267
688.242,688.272
688.245,688.277
688.243,688.273
688.246,688.277
688.249,688.281
688.246,688.277
688.249,688.281
688.251,688.285
688.256,688.292
688.258,688.295
688.259,688.297
688.256,688.292
688.260,688.299
688.262,688.301
688.255,688.291
688.257,688.293
688.250,688.284
688.247,688.280
688.245,688.276
688.248,688.280
688.242,688.272
688.240,688.269
688.235,688.262
688.239,688.267
688.237,688.265
688.233,688.258
688.237,688.264
688.232,688.257
688.239,688.267
688.234,688.261
688.238,688.266
688.236,688.264
688.240,688.269
688.235,688.262
688.234,688.260
688.230,688.254
688.234,688.260
688.233,688.258
688.237,688.264
688.232,688.257
688.239,688.267
688.242,688.272
688.245,688.277
688.251,688.285
688.253,688.288
688.247,688.279
688.245,688.275
688.250,688.284
688.244,688.275
688.250,688.284
688.247,688.279
688.250,688.283
688.244,688.275
688.242,688.271
688.245,688.276
688.240,688.268
688.238,688.266
688.233,688.259
688.229,688.253
688.228,688.251
688.233,688.258
688.229,688.252
688.228,688.251
688.227,688.250
688.231,688.256
688.227,688.250
688.227,688.249
688.231,688.256
688.235,688.262
688.234,688.260
688.241,688.270
688.244,688.274
688.239,688.267
688.237,688.264
688.232,688.258
688.231,688.256
688.230,688.254
688.234,688.260
688.233,688.258
688.240,688.268
688.243,688.273
688.241,688.270
688.236,688.263
688.240,688.268
688.235,688.261
688.241,688.271
688.245,688.276
688.239,688.268
688.235,688.261
688.233,688.259
688.237,688.265
688.241,688.270
688.239,688.267
688.237,688.264
688.232,688.258
688.236,688.264
688.235,688.261
688.233,688.259
688.229,688.253
688.228,688.252
688.227,688.250
688.224,688.245
688.221,688.240
688.221,688.240
688.220,688.240
688.226,688.248
688.222,688.243
688.219,688.238
688.216,688.234
688.222,688.242
688.222,688.242
688.219,688.238
688.224,688.245
688.221,688.241
688.221,688.240
688.218,688.236
688.215,688.232
688.215,688.233
688.213,688.229
688.211,688.226
688.212,688.227
688.218,688.236
688.215,688.232
688.224,688.245
688.228,688.252
688.225,688.246
688.224,688.246
688.224,688.245
688.221,688.240
688.218,688.236
688.218,688.236
688.215,688.232
688.221,688.241
688.221,688.240
688.226,688.248
688.222,688.243
688.214,688.231
688.215,688.232
688.212,688.228
688.213,688.229
688.214,688.230
688.211,688.227
688.209,688.224
688.210,688.225
688.211,688.227
688.209,688.224
688.207,688.221
688.208,688.223
688.207,688.220
688.205,688.218
688.212,688.227
688.212,688.229
688.213,688.229
688.211,688.226
688.209,688.223
688.210,688.225
688.219,688.238
688.224,688.246
688.224,688.245
688.223,688.245
688.228,688.252
688.225,688.246
688.224,688.246
688.224,688.245
688.220,688.240
688.220,688.240
688.228,688.252
688.225,688.246
688.221,688.242
688.221,688.241
688.221,688.241
688.218,688.237
688.215,688.233
688.216,688.233
688.213,688.230
688.211,688.227
688.212,688.228
688.213,688.229
688.211,688.226
688.209,688.223
688.207,688.220
688.200,688.210
688.199,688.209
688.198,688.208
688.200,688.210
688.202,688.213
688.209,688.223
688.207,688.221
688.208,688.222
688.215,688.232
688.212,688.228
688.213,688.229
688.211,688.226
688.209,688.223
688.215,688.232
688.215,688.233
688.213,688.229
688.211,688.226
688.212,688.227
688.210,688.224
688.216,688.233
688.216,688.234
688.216,688.234
688.214,688.231
688.220,688.239
688.212,688.227
688.212,688.228
688.210,688.225
688.208,688.222
688.209,688.224
688.210,688.225
688.208,688.223
688.207,688.220
688.208,688.222
688.206,688.219
688.213,688.229
688.213,688.230
688.214,688.231
688.212,688.227
688.218,688.236
688.218,688.236
688.210,688.225
688.208,688.222
688.206,688.220
688.208,688.221
688.209,688.223
688.207,688.221
688.205,688.218
688.196,688.204
688.198,688.208
688.192,688.199
688.192,688.198
688.192,688.198
688.192,688.198
688.194,688.202
688.189,688.194
688.189,688.194
688.189,688.194
688.189,688.194
688.184,688.187
688.184,688.187
688.185,688.188
688.188,688.193
688.191,688.197
688.191,688.197
688.191,688.197
688.191,688.197
688.194,688.201
688.193,688.200
688.193,688.200
688.195,688.204
688.198,688.207
688.197,688.206
688.204,688.217
688.206,688.219
688.207,688.221
688.206,688.218
688.204,688.216
688.206,688.218
688.207,688.220
688.205,688.218
688.204,688.216
688.202,688.214
688.196,688.204
688.198,688.208
688.198,688.207
688.205,688.217
688.206,688.219
688.205,688.217
688.203,688.215
688.202,688.213
688.196,688.204
688.190,688.195
688.190,688.195
688.190,688.195
688.193,688.199
688.195,688.203
688.195,688.203
688.194,688.202
688.197,688.205
688.196,688.204
688.195,688.203
688.195,688.203
688.197,688.206
688.199,688.209
688.198,688.208
688.198,688.207
688.197,688.206
688.199,688.209
688.198,688.208
688.197,688.206
688.197,688.205
688.199,688.209
688.193,688.200
688.193,688.199
688.192,688.199
688.187,688.191
688.182,688.184
688.183,688.185
688.186,688.190
688.189,688.195
688.189,688.195
688.189,688.195
688.190,688.195
688.190,688.195
688.192,688.199
688.195,688.203
688.195,688.202
688.197,688.206
688.199,688.209
688.206,688.219
688.205,688.217
688.203,688.215
688.205,688.217
688.203,688.215
688.202,688.213
688.204,688.216
688.197,688.206
688.197,688.205
688.204,688.216
688.205,688.218
688.207,688.220
688.205,688.218
688.204,688.216
688.205,688.218
688.207,688.220
688.205,688.218
688.204,688.215
688.205,688.218
688.198,688.208
688.200,688.211
688.199,688.209
688.201,688.212
688.195,688.203
688.195,688.202
688.194,688.202
688.194,688.201
688.188,688.193
688.191,688.197
688.199,688.209
688.198,688.208
688.200,688.211
688.202,688.213
688.209,688.223
688.215,688.232
688.216,688.233
688.216,688.234
688.213,688.230
688.211,688.227
688.212,688.228
688.205,688.217
688.195,688.203
688.195,688.203
688.194,688.202
688.186,688.190
688.181,688.182
688.177,688.176
688.178,688.178
688.182,688.184
688.185,688.189
688.186,688.190
688.186,688.190
688.187,688.191
688.190,688.195
688.185,688.188
688.177,688.177
688.178,688.178
688.179,688.180
688.175,688.174
688.179,688.180
688.172,688.170
688.174,688.172
688.178,688.179
688.179,688.180
688.180,688.182
688.181,688.183
688.185,688.188
688.188,688.193
688.180,688.182
688.181,688.183
688.185,688.188
688.180,688.181
688.181,688.183
688.182,688.184
688.186,688.189
688.181,688.182
688.182,688.183
688.174,688.173
688.176,688.175
688.177,688.177
688.181,688.183
688.182,688.184
688.183,688.185
688.183,688.186
688.187,688.191
688.190,688.196
688.190,688.196
688.190,688.196
688.190,688.196
688.185,688.188
688.188,688.193
688.183,688.185
688.184,688.186
688.184,688.187
688.185,688.188
688.180,688.181
688.176,688.175
688.177,688.177
688.178,688.179
688.171,688.168
688.168,688.163
688.165,688.159
688.167,688.162
688.161,688.154
688.164,688.158
688.169,688.165
688.166,688.161
688.168,688.164
688.170,688.167
688.164,688.158
688.167,688.161
688.164,688.157
688.161,688.153
688.158,688.149
688.161,688.154
688.164,688.158
688.167,688.161
688.169,688.165
688.166,688.160
688.171,688.167
688.175,688.174
688.177,688.176
688.170,688.166
688.172,688.169
688.168,688.164
688.165,688.159
688.162,688.155
688.157,688.147
688.160,688.152
688.163,688.156
688.160,688.152
688.158,688.149
688.164,688.157
688.166,688.161
688.168,688.164
688.170,688.167
688.164,688.158
688.161,688.154
688.159,688.150
688.162,688.155
688.165,688.158
688.170,688.166
688.167,688.161
688.164,688.157
688.158,688.149
688.161,688.153
688.164,688.157
688.161,688.153
688.167,688.161
688.161,688.153
688.164,688.157
688.158,688.149
688.161,688.153
688.159,688.150
688.156,688.146
688.160,688.151
688.162,688.155
688.157,688.147
688.163,688.156
688.168,688.164
688.170,688.167
688.164,688.158
688.167,688.161
688.172,688.169
688.176,688.176
688.170,688.166
688.163,688.157
688.166,688.160
688.168,688.164
688.165,688.159
688.162,688.155
688.165,688.159
688.167,688.162
688.161,688.154
688.159,688.150
688.157,688.147
688.152,688.140
688.147,688.133
688.151,688.139
688.150,688.137
688.148,688.135
688.152,688.140
688.156,688.146
688.159,688.150
688.154,688.143
688.152,688.140
688.159,688.150
688.162,688.154
688.164,688.158
688.161,688.154
688.159,688.150
688.157,688.147
688.160,688.152
688.155,688.144
688.158,688.149
688.161,688.153
688.159,688.150
688.162,688.154
688.156,688.146
688.159,688.151
688.162,688.155
688.160,688.151
688.157,688.148
688.155,688.145
688.151,688.138
688.154,688.143
688.150,688.136
688.140,688.123
688.140,688.122
688.139,688.121
688.139,688.121
688.136,688.116
688.141,688.124
688.145,688.130
688.150,688.137
688.148,688.135
688.155,688.144
688.158,688.149
688.161,688.154
688.156,688.146
688.151,688.139
688.158,688.148
688.156,688.145
688.159,688.150
688.162,688.154
688.156,688.146
688.152,688.139
688.150,688.137
688.149,688.135
688.147,688.133
688.151,688.139
688.147,688.133
688.143,688.127
688.139,688.122
688.139,688.121
688.139,688.120
688.138,688.120
688.138,688.119
688.135,688.115
688.132,688.111
688.130,688.107
688.135,688.116
688.141,688.123
688.140,688.122
688.139,688.122
688.139,688.121
688.139,688.120
688.135,688.116
688.141,688.123
688.137,688.119
688.137,688.118
688.137,688.118
688.137,688.118
688.128,688.106
688.126,688.102
688.124,688.099
688.123,688.097
688.124,688.099
688.125,688.100
688.126,688.102
688.127,688.103
688.125,688.100
688.123,688.097
688.129,688.107
688.127,688.103
688.125,688.100
688.126,688.102
688.127,688.103
688.128,688.104
688.128,688.105
688.121,688.094
688.119,688.092
688.118,688.090
688.117,688.088
688.116,688.087
688.109,688.078
688.112,688.081
688.114,688.085
688.116,688.087
688.115,688.086
688.114,688.085
688.113,688.083
688.115,688.086
688.117,688.089
688.119,688.092
688.126,688.102
688.132,688.110
688.137,688.119
688.137,688.118
688.137,688.118
688.137,688.118
688.137,688.117
688.134,688.113
688.139,688.121
688.136,688.116
688.133,688.112
688.130,688.108
688.131,688.109
688.131,688.109
688.140,688.122
688.136,688.117
688.141,688.124
688.146,688.131
688.150,688.137
688.149,688.135
688.147,688.133
688.143,688.128
688.140,688.122
688.137,688.117
688.134,688.113
688.131,688.109
688.129,688.106
688.126,688.102
688.119,688.092
688.121,688.094
688.127,688.104
688.128,688.105
688.126,688.102
688.124,688.099
688.122,688.096
688.120,688.094
688.119,688.092
688.129,688.106
688.129,688.107
688.130,688.108
688.128,688.104
688.133,688.113
688.131,688.109
688.136,688.117
688.133,688.113
688.131,688.109
688.136,688.117
688.133,688.113
688.131,688.109
688.131,688.109
688.132,688.110
688.132,688.110
688.129,688.107
688.135,688.115
688.140,688.123
688.140,688.122
688.139,688.121
688.139,688.121
688.136,688.116
688.141,688.124
688.145,688.130
688.150,688.137
688.154,688.142
688.160,688.151
688.157,688.148
688.155,688.145
688.151,688.138
688.146,688.132
688.142,688.126
688.147,688.133
688.151,688.139
688.149,688.136
688.148,688.134
688.147,688.132
688.143,688.127
688.147,688.133
688.151,688.139
688.155,688.145
688.150,688.138
688.149,688.135
688.148,688.134
688.146,688.132
688.142,688.126
688.139,688.121
688.144,688.128
688.148,688.134
688.152,688.140
688.150,688.138
688.149,688.136
688.148,688.134
688.144,688.128
688.140,688.122
688.137,688.118
688.134,688.113
688.131,688.109
688.129,688.106
688.129,688.107
688.122,688.096
688.123,688.098
688.124,688.099
688.125,688.101
688.126,688.102
688.127,688.103
688.125,688.100
688.123,688.098
688.121,688.095
688.120,688.093
688.127,688.103
688.127,688.104
688.128,688.105
688.129,688.106
688.127,688.103
688.125,688.100
688.123,688.097
688.121,688.095
688.128,688.104
688.126,688.101
688.126,688.103
688.127,688.104
688.128,688.105
688.126,688.102
688.124,688.099
688.122,688.096
688.121,688.094
688.119,688.092
688.118,688.090
688.120,688.092
688.121,688.095
688.120,688.092
688.126,688.102
688.124,688.099
688.122,688.097
688.121,688.094
688.122,688.096
688.123,688.098
688.125,688.100
688.123,688.097
688.121,688.095
688.128,688.104
688.134,688.113
688.139,688.121
688.136,688.116
688.136,688.116
688.136,688.116
688.133,688.112
688.130,688.108
688.128,688.105
688.134,688.113
688.139,688.121
688.147,688.132
688.146,688.131
688.153,688.141
688.148,688.134
688.144,688.129
688.141,688.123
688.137,688.118
688.137,688.118
688.137,688.118
688.137,688.117
688.136,688.117
688.136,688.117
688.141,688.124
688.138,688.119
688.143,688.127
688.139,688.122
688.144,688.129
688.143,688.127
688.135,688.114
688.135,688.114
688.132,688.110
688.129,688.107
688.127,688.103
688.125,688.100
688.123,688.098
688.122,688.095
688.120,688.093
688.121,688.095
688.123,688.097
688.124,688.099
688.125,688.100
688.123,688.098
688.121,688.095
688.120,688.093
688.119,688.091
688.117,688.089
688.124,688.099
688.122,688.097
688.121,688.094
688.122,688.096
688.123,688.098
688.125,688.100
688.123,688.097
688.121,688.095
688.120,688.093
688.118,688.091
688.117,688.089
688.111,688.079
688.113,688.083
688.115,688.086
688.117,688.089
688.119,688.091
688.120,688.093
688.119,688.091
688.117,688.089
688.116,688.088
688.115,688.086
688.114,688.085
688.114,688.084
688.113,688.083
688.112,688.082
688.120,688.092
688.121,688.095
688.122,688.097
688.124,688.098
688.117,688.088
688.118,688.091
688.120,688.093
688.121,688.095
688.120,688.093
688.118,688.091
688.117,688.089
688.116,688.087
688.115,688.086
688.122,688.096
688.121,688.094
688.119,688.092
688.110,688.078
688.109,688.078
688.112,688.081
688.114,688.084
688.116,688.087
688.118,688.090
688.111,688.081
688.111,688.080
688.110,688.079
688.118,688.090
688.117,688.088
688.116,688.087
688.115,688.085
688.114,688.084
688.113,688.083
688.112,688.082
688.112,688.081
688.106,688.072
688.101,688.065
688.104,688.069
688.099,688.062
688.094,688.055
688.098,688.061
688.102,688.066
688.102,688.067
688.102,688.067
688.103,688.068
688.103,688.068
688.111,688.080
688.111,688.079
688.113,688.083
688.115,688.086
688.109,688.077
688.111,688.081
688.114,688.084
688.113,688.083
688.112,688.082
688.112,688.081
688.111,688.080
688.110,688.079
688.110,688.078
688.102,688.066
688.102,688.067
688.102,688.067
688.097,688.060
688.093,688.053
688.097,688.059
688.100,688.065
688.104,688.069
688.104,688.070
688.104,688.070
688.104,688.070
688.104,688.070
688.104,688.070
688.105,688.071
688.099,688.063
688.103,688.068
688.106,688.072
688.109,688.076
688.108,688.076
688.108,688.076
688.108,688.075
688.108,688.075
688.107,688.075
688.107,688.074
688.110,688.078
688.104,688.070
688.107,688.074
688.107,688.074
688.107,688.074
688.115,688.085
688.114,688.084
688.113,688.083
688.112,688.082
688.114,688.085
688.116,688.088
688.118,688.090
688.117,688.089
688.116,688.087
688.115,688.086
688.122,688.096
688.128,688.106
688.126,688.102
688.124,688.099
688.125,688.101
688.118,688.091
688.120,688.093
688.121,688.095
688.120,688.093
688.118,688.091
688.117,688.089
688.116,688.087
688.115,688.086
688.122,688.096
688.123,688.098
688.117,688.088
688.118,688.091
688.120,688.093
688.119,688.091
688.125,688.101
688.123,688.098
688.122,688.096
688.120,688.093
688.127,688.103
688.125,688.100
688.123,688.098
688.116,688.087
688.118,688.090
688.111,688.081
688.114,688.084
688.121,688.095
688.120,688.092
688.118,688.090
688.117,688.089
688.124,688.099
688.130,688.108
688.128,688.105
691.525,693.079
700.155,705.714
703.339,710.376
703.970,711.300
703.987,711.324
702.549,709.219
701.541,707.743
700.509,706.231
699.172,704.274
698.479,703.260
697.539,701.884
696.467,700.314
695.527,698.937
694.841,697.934
693.949,696.628
693.775,696.372
693.012,695.256
692.499,694.505
692.412,694.377
692.267,694.165
691.699,693.333
691.586,693.168
691.463,692.987
691.422,692.927
691.397,692.891
691.358,692.834
691.330,692.793
691.297,692.744
691.259,692.689
691.222,692.634
691.187,692.583
691.141,692.517
691.108,692.469
691.093,692.446
691.103,692.460
691.123,692.491
691.891,693.615
692.108,693.932
692.659,694.739
693.338,695.733
693.575,696.079
694.146,696.916
694.106,696.858
694.093,696.838
694.130,696.892
694.117,696.873
694.185,696.973
694.912,698.038
694.703,697.731
694.805,697.880
694.768,697.827
694.846,697.940
695.764,699.285
695.919,699.512
695.985,699.609
697.091,701.227
697.096,701.235
696.508,700.374
696.568,700.462
696.517,700.387
696.557,700.446
696.509,700.376
696.500,700.362
696.555,700.443
697.520,701.856
697.311,701.549
696.764,700.749
697.268,701.486
697.313,701.553
696.680,700.625
696.611,700.525
696.472,700.322
696.358,700.154
696.298,700.067
696.227,699.962
696.147,699.846
696.087,699.757
695.269,698.560
695.137,698.367
695.035,698.217
694.498,697.432
694.347,697.210
694.281,697.114
694.248,697.065
694.183,696.970
694.131,696.894
694.052,696.778
693.436,695.877
693.325,695.714
693.259,695.617
693.193,695.521
693.107,695.395
693.043,695.300
692.995,695.231
692.947,695.161
692.886,695.071
692.826,694.983
692.245,694.133
692.157,694.004
692.070,693.876
692.004,693.780
691.946,693.695
691.891,693.615
691.832,693.528
691.768,693.434
691.723,693.369
691.681,693.307
691.626,693.226
691.585,693.166
691.540,693.100
691.505,693.050
691.475,693.005
691.440,692.954
691.409,692.908
691.378,692.863
691.358,692.834
691.333,692.797
691.310,692.763
691.289,692.733
691.266,692.699
691.237,692.656
691.215,692.625
691.196,692.597
691.174,692.564
691.150,692.530
691.124,692.492
691.098,692.453
691.077,692.422
691.055,692.390
691.027,692.349
691.005,692.316
690.977,692.275
690.951,692.238
690.925,692.200
690.901,692.165
690.872,692.122
690.853,692.094
690.828,692.058
690.805,692.025
690.785,691.995
690.758,691.956
690.738,691.926
690.719,691.898
690.702,691.873
690.683,691.846
690.666,691.821
690.651,691.799
690.641,691.783
690.620,691.753
690.601,691.725
690.587,691.705
690.571,691.682
690.557,691.661
690.547,691.647
690.538,691.634
690.535,691.629
690.532,691.625
690.525,691.614
690.523,691.612
690.530,691.621
690.527,691.618
690.529,691.620
690.538,691.633
690.543,691.640
690.547,691.647
690.543,691.641
690.540,691.636
690.537,691.631
690.534,691.627
690.534,691.628
690.535,691.629
690.532,691.625
690.530,691.621
690.535,691.630
690.533,691.625
690.533,691.626
690.531,691.623
690.532,691.624
690.529,691.620
690.527,691.617
690.520,691.607
690.522,691.610
690.520,691.608
690.519,691.606
690.513,691.597
690.507,691.589
690.507,691.588
690.499,691.576
690.495,691.570
690.496,691.572
690.489,691.561
690.494,691.569
690.487,691.558
690.481,691.549
690.475,691.541
690.470,691.534
690.465,691.527
690.464,691.525
690.468,691.531
690.464,691.525
690.471,691.535
690.466,691.528
690.462,691.522
690.466,691.528
690.465,691.527
690.469,691.532
690.465,691.526
690.456,691.513
690.452,691.508
690.457,691.515
690.454,691.510
690.451,691.506
690.456,691.514
690.456,691.513
690.453,691.509
690.450,691.504
690.439,691.488
690.437,691.486
690.439,691.488
690.429,691.474
690.429,691.473
690.428,691.472
690.427,691.471
690.419,691.459
690.411,691.447
690.412,691.449
690.405,691.438
690.409,691.445
690.403,691.435
690.399,691.431
690.393,691.422
690.391,691.419
690.394,691.423
690.400,691.431
690.394,691.422
690.388,691.414
690.387,691.412
690.390,691.417
690.396,691.426
690.399,691.429
690.396,691.425
690.398,691.429
690.396,691.425
690.390,691.417
690.388,691.414
690.383,691.407
690.374,691.393
690.370,691.388
690.375,691.395
690.372,691.390
690.368,691.385
690.368,691.385
690.365,691.380
690.363,691.376
690.360,691.373
690.358,691.369
690.356,691.367
690.354,691.364
690.352,691.361
690.351,691.359
690.353,691.362
690.359,691.371
690.360,691.373
690.366,691.381
690.366,691.382
690.364,691.378
690.364,691.379
690.362,691.375
690.359,691.371
690.357,691.368
690.363,691.377
690.369,691.385
690.366,691.381
690.371,691.389
690.376,691.396
690.372,691.390
690.377,691.397
690.373,691.392
690.378,691.398
690.382,691.404
690.381,691.403
690.384,691.409
690.383,691.407
690.387,691.412
690.390,691.417
690.393,691.421
690.396,691.425
690.398,691.429
690.404,691.437
690.405,691.439
690.402,691.434
690.404,691.437
690.405,691.439
690.410,691.446
690.411,691.448
690.420,691.461
690.424,691.466
690.423,691.465
690.426,691.470
690.426,691.469
690.421,691.461
690.421,691.461
690.421,691.462
690.424,691.466
690.424,691.466
690.427,691.470
690.426,691.470
690.426,691.469
690.425,691.468
690.425,691.468
690.433,691.479
690.423,691.466
690.415,691.453
690.419,691.459
690.427,691.471
690.422,691.463
690.422,691.463
690.422,691.463
690.417,691.456
690.417,691.457
690.410,691.445
690.411,691.447
690.412,691.448
690.405,691.438
690.406,691.440
690.408,691.442
690.409,691.444
690.405,691.439
690.407,691.441
690.403,691.436
690.405,691.439
690.402,691.434
690.395,691.425
690.393,691.421
690.388,691.413
690.391,691.418
690.386,691.410
690.384,691.408
690.388,691.413
690.386,691.411
690.389,691.416
690.388,691.413
690.383,691.406
690.386,691.411
690.385,691.409
690.380,691.402
690.379,691.401
690.375,691.395
690.372,691.390
690.368,691.385
690.373,691.392
690.370,691.387
690.370,691.387
690.375,691.394
690.374,691.394
690.379,691.400
690.378,691.399
690.374,691.393
690.374,691.393
690.370,691.388
690.375,691.395
690.379,691.401
690.375,691.395
690.380,691.402
690.384,691.407
690.379,691.401
690.375,691.395
690.371,691.389
690.368,691.385
690.368,691.385
690.365,691.380
690.366,691.381
690.371,691.389
690.371,691.389
690.368,691.384
690.376,691.396
690.380,691.402
690.376,691.396
690.380,691.403
690.376,691.397
690.381,691.403
690.384,691.409
690.388,691.414
690.383,691.406
690.387,691.412
690.382,691.405
690.389,691.415
690.392,691.420
690.395,691.424
690.397,691.427
690.400,691.431
690.397,691.427
690.399,691.430
690.393,691.421
690.388,691.413
690.391,691.418
690.386,691.410
690.389,691.415
690.384,691.408
690.380,691.401
690.384,691.407
690.379,691.401
690.378,691.399
690.382,691.405
690.381,691.404
690.377,691.397
690.376,691.397
690.372,691.391
690.369,691.386
690.366,691.381
690.363,691.377
690.361,691.374
690.358,691.370
690.359,691.372
690.357,691.369
690.355,691.366
690.354,691.363
690.344,691.349
690.338,691.341
690.338,691.341
690.338,691.340
690.333,691.333
690.325,691.322
690.318,691.312
690.315,691.307
690.309,691.298
690.312,691.302
690.306,691.294
690.309,691.298
690.304,691.290
690.302,691.288
690.305,691.292
690.300,691.285
690.299,691.283
690.294,691.276
690.285,691.263
690.282,691.259
690.279,691.254
690.277,691.251
690.269,691.240
690.268,691.238
690.258,691.224
690.258,691.223
690.257,691.222
690.248,691.209
690.241,691.198
690.234,691.188
690.227,691.178
690.217,691.163
690.212,691.156
690.208,691.150
690.212,691.156
690.211,691.154
690.218,691.165
690.221,691.169
690.216,691.162
690.211,691.155
690.207,691.149
690.203,691.143
690.203,691.143
690.200,691.138
690.196,691.133
690.186,691.117
690.184,691.115
690.182,691.112
690.181,691.110
690.179,691.108
690.170,691.095
690.170,691.094
690.170,691.094
690.161,691.082
690.162,691.083
690.162,691.083
690.163,691.084
690.163,691.085
690.164,691.085
690.164,691.085
690.156,691.074
690.149,691.064
690.143,691.055
690.145,691.058
690.147,691.061
690.149,691.064
690.151,691.066
690.144,691.057
690.141,691.053
690.139,691.049
690.142,691.053
690.136,691.045
690.131,691.037
690.126,691.030
690.122,691.024
690.118,691.019
690.115,691.014
690.115,691.014
690.115,691.014
690.107,691.002
690.105,690.999
690.102,690.996
690.101,690.993
690.099,690.990
690.097,690.988
690.096,690.986
690.090,690.977
690.092,690.980
690.086,690.972
690.086,690.971
690.085,690.971
690.085,690.970
690.085,690.970
690.080,690.962
690.083,690.967
690.078,690.960
690.078,690.961
690.087,690.973
690.086,690.972
690.086,690.972
690.078,690.959
690.078,690.960
690.078,690.961
690.079,690.961
690.079,690.962
690.079,690.962
690.080,690.962
690.080,690.963
690.080,690.963
690.080,690.963
690.081,690.964
690.081,690.964
690.081,690.964
690.081,690.964
690.081,690.964
690.081,690.965
690.081,690.965
690.081,690.965
690.081,690.965
690.082,690.965
690.082,690.965
690.082,690.965
690.082,690.965
690.082,690.965
690.085,690.970
690.085,690.970
690.085,690.969
690.084,690.969
690.079,690.962
690.071,690.950
690.072,690.952
690.073,690.953
690.074,690.954
690.075,690.955
690.076,690.956
690.076,690.957
690.077,690.958
690.085,690.971
690.093,690.982
690.092,690.980
690.091,690.979
690.098,690.990
690.097,690.987
690.095,690.985
690.094,690.984
690.093,690.982
690.092,690.980
690.091,690.979
690.090,690.978
690.089,690.977
690.089,690.976
690.088,690.975
690.088,690.974
690.087,690.973
690.087,690.973
690.086,690.972
690.086,690.971
690.086,690.971
690.085,690.970
690.085,690.970
690.085,690.970
690.084,690.969
690.084,690.969
690.076,690.957
690.077,690.958
690.072,690.951
690.073,690.953
690.074,690.954
690.078,690.960
690.078,690.960
690.079,690.961
690.079,690.961
690.079,690.962
690.072,690.950
690.065,690.940
690.061,690.935
