# Physical_Baseline=688.93pF, Trigger_Distance=11.8cm, Atten_Ratio=1.39
Raw_Capacitance(pF),Normalized_Capacitance(pF)
688.974,688.990
688.967,688.980
688.965,688.977
688.959,688.968
688.961,688.971
688.960,688.970
688.962,688.973
688.964,688.975
688.965,688.977
688.967,688.980
688.968,688.981
688.961,688.972
688.960,688.970
688.962,688.973
688.964,688.976
688.963,688.974
688.965,688.976
688.966,688.979
688.965,688.976
688.958,688.967
688.960,688.970
688.959,688.969
688.961,688.972
688.955,688.963
688.955,688.963
688.957,688.966
688.960,688.969
688.951,688.957
688.946,688.950
688.949,688.955
688.957,688.966
688.959,688.969
688.962,688.972
688.960,688.971
688.954,688.962
688.957,688.966
688.948,688.954
688.943,688.947
688.939,688.941
688.940,688.942
688.933,688.932
688.930,688.927
688.934,688.934
688.928,688.925
688.925,688.921
688.927,688.924
688.924,688.920
688.922,688.917
688.924,688.920
688.922,688.917
688.919,688.913
688.922,688.917
688.920,688.914
688.926,688.922
688.931,688.930
688.928,688.925
688.930,688.928
688.935,688.935
688.931,688.930
688.933,688.932
688.930,688.927
688.923,688.919
688.921,688.915
688.919,688.912
688.922,688.916
688.919,688.913
688.917,688.910
688.920,688.915
688.918,688.911
688.921,688.916
688.919,688.912
688.917,688.909
688.912,688.903
688.918,688.912
688.924,688.920
688.919,688.913
688.917,688.910
688.912,688.903
688.910,688.901
688.909,688.899
688.913,688.904
688.911,688.902
688.910,688.900
688.906,688.895
688.905,688.893
688.912,688.903
688.919,688.913
688.917,688.910
688.920,688.914
688.918,688.911
688.916,688.908
688.911,688.902
688.910,688.900
688.908,688.898
688.907,688.896
688.906,688.895
688.902,688.890
688.910,688.900
688.906,688.894
688.910,688.900
688.909,688.898
688.907,688.897
688.906,688.895
688.906,688.894
688.902,688.889
688.901,688.888
688.901,688.887
688.900,688.887
688.908,688.898
688.912,688.903
688.911,688.901
688.909,688.899
688.913,688.905
688.912,688.903
688.915,688.908
688.914,688.905
688.920,688.914
688.915,688.907
688.913,688.905
688.909,688.898
688.915,688.908
688.922,688.917
688.924,688.920
688.930,688.928
688.924,688.919
688.921,688.916
688.919,688.913
688.914,688.906
688.912,688.903
688.911,688.901
688.914,688.907
688.913,688.904
688.919,688.913
688.914,688.906
688.921,688.915
688.918,688.912
688.924,688.920
688.930,688.928
688.932,688.930
688.936,688.937
688.933,688.932
688.934,688.934
688.931,688.929
688.927,688.925
688.922,688.916
688.919,688.913
688.914,688.906
688.921,688.915
688.918,688.912
688.913,688.905
688.912,688.903
688.918,688.912
688.916,688.909
688.922,688.917
688.925,688.921
688.922,688.917
688.920,688.914
688.923,688.918
688.920,688.915
688.918,688.911
688.916,688.909
688.922,688.917
688.925,688.921
688.922,688.917
688.920,688.914
688.923,688.918
688.920,688.914
688.926,688.922
688.920,688.915
688.926,688.923
688.928,688.926
688.933,688.933
688.927,688.924
688.924,688.920
688.921,688.916
688.919,688.913
688.917,688.910
688.912,688.903
688.911,688.901
688.906,688.895
688.897,688.883
688.894,688.878
688.895,688.879
688.895,688.879
688.895,688.879
688.895,688.880
688.895,688.880
688.895,688.880
688.893,688.876
688.893,688.877
688.893,688.877
688.894,688.877
688.894,688.878
688.899,688.885
688.899,688.885
688.899,688.885
688.899,688.884
688.906,688.895
688.903,688.890
688.902,688.889
688.902,688.889
688.901,688.888
688.901,688.887
688.905,688.894
688.904,688.893
688.904,688.892
688.903,688.891
688.902,688.890
688.899,688.885
688.899,688.885
688.904,688.891
688.903,688.890
688.902,688.890
688.902,688.889
688.901,688.888
688.906,688.895
688.905,688.893
688.909,688.899
688.916,688.909
688.914,688.906
688.921,688.915
688.918,688.912
688.913,688.905
688.904,688.892
688.908,688.898
688.899,688.885
688.891,688.873
688.883,688.863
688.885,688.865
688.886,688.866
688.887,688.868
688.885,688.865
688.886,688.867
688.884,688.864
688.885,688.866
688.886,688.867
688.884,688.865
688.885,688.866
688.884,688.864
688.885,688.865
688.886,688.867
688.887,688.868
688.888,688.869
688.886,688.866
688.887,688.868
688.885,688.865
688.886,688.867
688.892,688.875
688.892,688.876
688.893,688.876
688.893,688.877
688.894,688.877
688.886,688.867
688.887,688.868
688.893,688.876
688.893,688.877
688.894,688.877
688.894,688.878
688.894,688.878
688.891,688.874
688.892,688.875
688.897,688.883
688.897,688.883
688.894,688.879
688.895,688.879
688.900,688.886
688.900,688.886
688.896,688.881
688.888,688.870
688.894,688.878
688.894,688.879
688.900,688.886
688.899,688.886
688.891,688.874
688.892,688.875
688.892,688.876
688.890,688.872
688.890,688.873
688.888,688.870
688.881,688.860
688.879,688.858
688.881,688.860
688.880,688.858
688.881,688.860
688.875,688.851
688.869,688.843
688.871,688.846
688.866,688.839
688.861,688.831
688.861,688.832
688.864,688.837
688.873,688.848
688.875,688.851
688.874,688.850
688.868,688.842
688.868,688.842
688.863,688.834
688.863,688.835
688.866,688.839
688.866,688.839
688.869,688.843
688.872,688.847
688.874,688.850
688.876,688.853
688.878,688.856
688.880,688.858
688.878,688.856
688.880,688.859
688.879,688.857
688.880,688.859
688.879,688.857
688.881,688.860
688.882,688.862
688.884,688.864
688.885,688.865
688.878,688.856
688.880,688.858
688.886,688.867
688.887,688.869
688.885,688.866
688.886,688.867
688.884,688.865
688.886,688.866
688.887,688.868
688.888,688.869
688.888,688.870
688.878,688.856
688.880,688.859
688.871,688.846
688.873,688.849
688.872,688.848
688.875,688.851
688.874,688.850
688.876,688.853
688.875,688.852
688.877,688.855
688.876,688.853
688.878,688.856
688.880,688.858
688.881,688.860
688.883,688.862
688.876,688.853
688.870,688.845
688.870,688.844
688.864,688.836
688.859,688.829
688.855,688.823
688.856,688.825
688.852,688.819
688.853,688.821
688.857,688.827
688.858,688.828
688.854,688.822
688.855,688.823
688.851,688.818
688.852,688.820
688.856,688.826
688.860,688.831
688.856,688.825
688.851,688.819
688.845,688.809
688.842,688.805
688.839,688.801
688.841,688.805
688.839,688.801
688.841,688.804
688.838,688.801
688.836,688.797
688.834,688.794
688.837,688.798
688.842,688.806
688.848,688.813
688.852,688.820
688.848,688.814
688.853,688.821
688.857,688.827
688.861,688.832
688.853,688.821
688.849,688.816
688.843,688.807
688.848,688.814
688.850,688.816
688.846,688.811
688.848,688.814
688.845,688.809
688.847,688.812
688.851,688.819
688.848,688.813
688.844,688.809
688.841,688.804
688.838,688.801
688.836,688.797
688.839,688.801
688.836,688.797
688.831,688.790
688.829,688.788
688.828,688.785
688.826,688.783
688.833,688.793
688.839,688.801
688.836,688.798
688.842,688.806
688.839,688.802
688.837,688.798
688.834,688.795
688.837,688.799
688.835,688.796
688.830,688.789
688.836,688.797
688.839,688.801
688.836,688.798
688.839,688.802
688.837,688.798
688.839,688.802
688.845,688.809
688.850,688.816
688.846,688.811
688.843,688.807
688.848,688.814
688.853,688.820
688.854,688.822
688.850,688.817
688.843,688.808
688.840,688.803
688.843,688.807
688.848,688.814
688.842,688.805
688.847,688.812
688.841,688.804
688.838,688.800
688.840,688.803
688.846,688.811
688.843,688.806
688.840,688.802
688.845,688.810
688.842,688.805
688.839,688.801
688.842,688.805
688.839,688.801
688.841,688.805
688.839,688.801
688.841,688.804
688.846,688.812
688.840,688.803
688.838,688.799
688.835,688.796
688.830,688.789
688.836,688.798
688.839,688.802
688.837,688.798
688.839,688.802
688.837,688.798
688.839,688.802
688.837,688.798
688.834,688.795
688.832,688.792
688.830,688.789
688.829,688.787
688.827,688.785
688.826,688.783
688.824,688.781
688.820,688.775
688.819,688.774
688.824,688.780
688.831,688.790
688.829,688.787
688.827,688.785
688.826,688.783
688.825,688.781
688.823,688.780
688.827,688.785
688.826,688.783
688.822,688.777
688.821,688.776
688.825,688.782
688.824,688.780
688.823,688.779
688.827,688.784
688.825,688.782
688.821,688.777
688.820,688.775
688.825,688.781
688.823,688.780
688.819,688.774
688.819,688.773
688.818,688.772
688.823,688.779
688.822,688.777
688.818,688.772
688.817,688.771
688.822,688.778
688.821,688.776
688.825,688.782
688.824,688.780
688.823,688.779
688.819,688.773
688.818,688.772
688.815,688.767
688.806,688.756
688.807,688.757
688.804,688.753
688.805,688.754
688.806,688.755
688.806,688.756
688.807,688.757
688.805,688.753
688.805,688.754
688.803,688.751
688.812,688.764
688.809,688.759
688.809,688.760
688.809,688.760
688.802,688.749
688.803,688.751
688.801,688.748
688.802,688.749
688.800,688.747
688.801,688.748
688.794,688.739
688.801,688.748
688.802,688.750
688.803,688.751
688.804,688.752
688.796,688.742
688.803,688.751
688.804,688.752
688.802,688.749
688.803,688.751
688.809,688.759
688.809,688.760
688.809,688.760
688.815,688.767
688.806,688.756
688.804,688.753
688.805,688.754
688.805,688.755
688.803,688.751
688.812,688.764
688.809,688.760
688.801,688.749
688.802,688.750
688.803,688.752
688.804,688.753
688.810,688.761
688.810,688.761
688.807,688.757
688.808,688.758
688.808,688.759
688.806,688.755
688.806,688.756
688.804,688.753
688.797,688.742
688.798,688.744
688.799,688.746
688.801,688.748
688.799,688.745
688.800,688.747
688.798,688.745
688.800,688.746
688.801,688.748
688.807,688.757
688.799,688.746
688.801,688.748
688.799,688.745
688.800,688.747
688.798,688.745
688.799,688.746
688.801,688.748
688.807,688.757
688.807,688.757
688.808,688.758
688.805,688.754
688.806,688.755
688.804,688.752
688.804,688.753
688.805,688.754
688.803,688.751
688.804,688.752
688.796,688.742
688.795,688.740
688.797,688.742
688.795,688.740
688.794,688.738
688.787,688.730
688.787,688.729
688.786,688.728
688.789,688.731
688.796,688.742
688.798,688.744
688.799,688.746
688.797,688.743
688.799,688.745
688.805,688.754
688.806,688.755
688.806,688.756
688.804,688.753
688.805,688.754
688.802,688.751
688.795,688.741
688.789,688.732
688.788,688.731
688.790,688.734
688.792,688.737
688.799,688.746
688.801,688.748
688.799,688.745
688.800,688.747
688.801,688.749
688.802,688.750
688.803,688.752
688.801,688.749
688.802,688.750
688.803,688.751
688.801,688.749
688.802,688.750
688.800,688.747
688.801,688.749
688.794,688.739
688.793,688.737
688.795,688.740
688.794,688.738
688.795,688.741
688.797,688.743
688.795,688.741
688.797,688.743
688.798,688.745
688.797,688.742
688.798,688.745
688.791,688.735
688.793,688.738
688.795,688.740
688.794,688.739
688.787,688.730
688.790,688.733
688.789,688.732
688.791,688.735
688.790,688.733
688.784,688.725
688.787,688.729
688.794,688.739
688.796,688.742
688.789,688.732
688.789,688.731
688.791,688.734
688.790,688.733
688.784,688.725
688.779,688.717
688.771,688.706
688.775,688.712
688.770,688.706
688.771,688.707
688.775,688.712
688.779,688.717
688.779,688.718
688.774,688.711
688.778,688.716
688.778,688.716
688.773,688.710
688.769,688.704
688.778,688.716
688.773,688.710
688.774,688.711
688.778,688.716
688.781,688.720
688.784,688.725
688.786,688.728
688.786,688.728
688.789,688.731
688.791,688.734
688.790,688.733
688.792,688.736
688.799,688.746
688.797,688.743
688.799,688.745
688.797,688.743
688.790,688.734
688.784,688.725
688.792,688.736
688.786,688.728
688.789,688.731
688.788,688.730
688.782,688.722
688.782,688.722
688.777,688.715
688.780,688.719
688.780,688.720
688.775,688.713
688.771,688.706
688.780,688.719
688.775,688.712
688.778,688.717
688.779,688.717
688.774,688.710
688.782,688.723
688.785,688.727
688.780,688.719
688.780,688.719
688.775,688.712
688.778,688.717
688.782,688.721
688.784,688.725
688.784,688.725
688.787,688.729
688.789,688.732
688.788,688.731
688.791,688.734
688.790,688.733
688.792,688.736
688.794,688.738
688.801,688.748
688.802,688.749
688.795,688.740
688.793,688.738
688.795,688.740
688.789,688.731
688.796,688.741
688.797,688.744
688.796,688.741
688.789,688.732
688.792,688.735
688.799,688.745
688.800,688.747
688.798,688.745
688.791,688.735
688.793,688.738
688.792,688.736
688.794,688.739
688.788,688.730
688.787,688.729
688.790,688.733
688.789,688.731
688.791,688.735
688.793,688.737
688.792,688.736
688.794,688.738
688.787,688.730
688.787,688.729
688.781,688.721
688.784,688.725
688.784,688.724
688.778,688.717
688.773,688.710
688.774,688.711
688.778,688.716
688.773,688.710
688.774,688.711
688.777,688.716
688.773,688.709
688.773,688.710
688.769,688.704
688.765,688.699
688.767,688.701
688.771,688.707
688.775,688.712
688.776,688.713
688.779,688.718
688.779,688.718
688.779,688.718
688.774,688.711
688.775,688.712
688.776,688.713
688.779,688.718
688.782,688.722
688.782,688.722
688.777,688.715
688.777,688.716
688.773,688.709
688.776,688.714
688.777,688.715
688.777,688.715
688.781,688.720
688.781,688.720
688.776,688.713
688.771,688.707
688.772,688.708
688.773,688.709
688.776,688.714
688.772,688.708
688.773,688.709
688.768,688.703
688.773,688.709
688.773,688.710
688.769,688.704
688.765,688.698
688.758,688.689
688.755,688.685
688.753,688.681
688.742,688.667
688.738,688.661
688.742,688.666
688.741,688.664
688.739,688.663
688.735,688.657
688.735,688.656
688.734,688.655
688.741,688.665
688.745,688.671
688.751,688.680
688.749,688.676
688.744,688.669
688.743,688.667
688.749,688.676
688.752,688.681
688.758,688.688
688.755,688.684
688.757,688.688
688.760,688.691
688.765,688.698
688.758,688.689
688.760,688.692
688.757,688.688
688.754,688.684
688.749,688.676
688.747,688.673
688.745,688.671
688.748,688.675
688.744,688.668
688.750,688.678
688.756,688.686
688.758,688.689
688.763,688.696
688.760,688.692
688.757,688.687
688.751,688.679
688.749,688.676
688.747,688.673
688.742,688.667
688.746,688.672
688.744,688.669
688.742,688.667
688.746,688.672
688.744,688.670
688.743,688.667
688.746,688.672
688.745,688.670
688.751,688.679
688.757,688.687
688.751,688.679
688.749,688.676
688.747,688.673
688.750,688.678
688.748,688.675
688.746,688.672
688.749,688.677
688.752,688.681
688.758,688.689
688.760,688.692
688.762,688.695
688.759,688.690
688.756,688.686
688.750,688.678
688.748,688.675
688.746,688.672
688.744,688.670
688.740,688.663
688.739,688.662
688.738,688.660
688.734,688.655
688.733,688.654
688.741,688.664
688.736,688.659
688.733,688.653
688.732,688.653
688.724,688.641
688.721,688.637
688.719,688.634
688.720,688.635
688.720,688.636
688.726,688.644
688.726,688.644
688.726,688.645
688.734,688.656
688.739,688.662
688.746,688.672
688.752,688.681
688.755,688.684
688.752,688.681
688.758,688.689
688.752,688.681
688.747,688.673
688.745,688.671
688.743,688.668
688.747,688.673
688.745,688.671
688.743,688.668
688.742,688.666
688.738,688.660
688.737,688.659
688.736,688.658
688.732,688.652
688.737,688.659
688.736,688.658
688.735,688.657
688.731,688.651
688.736,688.658
688.735,688.657
688.734,688.656
688.731,688.651
688.731,688.650
688.730,688.650
688.735,688.657
688.731,688.652
688.731,688.651
688.739,688.662
688.743,688.667
688.749,688.677
688.747,688.674
688.742,688.667
688.746,688.672
688.744,688.670
688.743,688.667
688.738,688.661
688.742,688.667
688.741,688.665
688.740,688.663
688.744,688.669
688.742,688.667
688.741,688.665
688.745,688.670
688.748,688.675
688.746,688.672
688.744,688.670
688.740,688.663
688.736,688.658
688.735,688.656
688.726,688.644
688.723,688.640
688.729,688.648
688.737,688.659
688.736,688.658
688.732,688.653
688.729,688.648
688.729,688.648
688.729,688.648
688.726,688.643
688.731,688.651
688.730,688.650
688.730,688.650
688.735,688.657
688.742,688.667
688.741,688.665
688.737,688.659
688.733,688.654
688.724,688.642
688.725,688.642
688.722,688.638
688.720,688.635
688.720,688.636
688.721,688.637
688.722,688.638
688.719,688.635
688.720,688.636
688.721,688.637
688.721,688.638
688.719,688.634
688.725,688.643
688.725,688.643
688.725,688.643
688.731,688.651
688.727,688.646
688.727,688.646
688.727,688.646
688.724,688.642
688.725,688.642
688.725,688.643
688.717,688.632
688.710,688.622
688.709,688.620
688.708,688.619
688.710,688.621
688.711,688.624
688.713,688.626
688.703,688.612
688.703,688.611
688.694,688.599
688.697,688.604
688.692,688.597
688.692,688.597
688.701,688.609
688.703,688.613
688.706,688.616
688.708,688.619
688.707,688.617
688.706,688.616
688.700,688.608
688.694,688.600
688.697,688.604
688.697,688.604
688.697,688.604
688.692,688.597
688.695,688.602
688.696,688.602
688.696,688.602
688.699,688.606
688.701,688.610
688.704,688.613
688.703,688.612
688.703,688.612
688.705,688.615
688.707,688.618
688.706,688.616
688.705,688.615
688.707,688.618
688.709,688.621
688.703,688.612
688.702,688.611
688.710,688.621
688.711,688.624
688.713,688.626
688.706,688.617
688.697,688.604
688.697,688.604
688.692,688.597
688.687,688.590
688.683,688.584
688.684,688.586
688.686,688.588
688.687,688.589
688.690,688.595
688.694,688.599
688.697,688.604
688.697,688.604
688.697,688.604
688.692,688.597
688.695,688.601
688.690,688.594
688.686,688.588
688.687,688.589
688.688,688.591
688.692,688.596
688.695,688.601
688.690,688.594
688.691,688.595
688.691,688.596
688.695,688.600
688.698,688.605
688.701,688.609
688.700,688.608
688.700,688.608
688.703,688.611
688.697,688.604
688.700,688.608
688.699,688.607
688.699,688.607
688.702,688.611
688.704,688.614
688.698,688.606
688.698,688.606
688.698,688.605
688.693,688.598
688.696,688.603
688.699,688.607
688.699,688.606
688.699,688.606
688.693,688.599
688.689,688.592
688.684,688.586
688.685,688.588
688.687,688.589
688.688,688.590
688.683,688.585
688.687,688.590
688.683,688.584
688.684,688.586
688.686,688.588
688.687,688.589
688.690,688.595
688.686,688.588
688.690,688.594
688.685,688.587
688.686,688.589
688.682,688.583
688.679,688.578
688.683,688.584
688.687,688.590
688.688,688.592
688.689,688.593
688.685,688.587
688.689,688.592
688.684,688.586
688.680,688.581
688.682,688.583
688.683,688.585
688.688,688.590
688.683,688.585
688.679,688.579
688.681,688.581
688.683,688.584
688.679,688.578
688.683,688.585
688.688,688.591
688.691,688.596
688.695,688.601
688.695,688.601
688.695,688.601
688.695,688.601
688.690,688.594
688.686,688.588
688.690,688.594
688.690,688.595
688.691,688.595
688.695,688.600
688.690,688.593
688.685,688.587
688.686,688.589
688.687,688.590
688.680,688.580
688.677,688.575
688.673,688.571
688.678,688.578
688.675,688.573
688.677,688.576
688.679,688.579
688.684,688.585
688.688,688.591
688.691,688.596
688.692,688.597
688.692,688.597
688.693,688.598
688.696,688.603
688.691,688.595
688.687,688.589
688.690,688.595
688.691,688.595
688.692,688.596
688.687,688.590
688.683,688.584
688.679,688.579
688.675,688.574
688.672,688.569
688.675,688.573
688.677,688.576
688.679,688.578
688.675,688.573
688.672,688.569
688.669,688.565
688.667,688.562
688.670,688.566
688.672,688.569
688.669,688.565
688.667,688.562
688.673,688.570
688.670,688.566
688.667,688.562
688.670,688.566
688.673,688.570
688.670,688.566
688.675,688.573
688.672,688.569
688.674,688.572
688.677,688.575
688.673,688.571
688.670,688.567
688.668,688.563
688.673,688.571
688.676,688.574
688.686,688.588
688.682,688.582
688.678,688.577
688.674,688.572
688.671,688.568
688.669,688.564
688.671,688.568
688.666,688.560
688.669,688.564
688.666,688.561
688.664,688.558
688.662,688.555
688.660,688.552
688.664,688.557
688.659,688.550
688.657,688.548
688.656,688.546
688.655,688.545
688.653,688.543
688.660,688.553
688.656,688.546
688.660,688.552
688.658,688.550
688.657,688.548
688.655,688.546
688.659,688.551
688.663,688.556
688.666,688.561
688.664,688.558
688.662,688.555
688.660,688.552
688.658,688.550
688.657,688.548
688.653,688.542
688.649,688.537
688.645,688.532
688.645,688.531
688.645,688.531
688.645,688.531
688.644,688.531
688.636,688.519
688.642,688.527
688.639,688.523
688.637,688.520
688.634,688.516
688.640,688.525
688.646,688.532
688.645,688.532
688.645,688.531
688.645,688.531
688.645,688.531
688.644,688.531
688.644,688.530
688.644,688.530
688.636,688.519
688.642,688.527
688.639,688.523
688.636,688.519
688.634,688.516
688.632,688.513
688.633,688.515
688.634,688.516
688.643,688.528
688.643,688.528
688.643,688.528
688.640,688.524
688.637,688.521
688.643,688.528
688.651,688.540
688.650,688.538
688.657,688.549
688.656,688.547
688.655,688.545
688.654,688.543
688.658,688.549
688.661,688.554
688.657,688.548
688.655,688.546
688.662,688.555
688.660,688.553
688.659,688.550
688.657,688.548
688.661,688.553
688.664,688.558
688.659,688.551
688.655,688.545
688.654,688.543
688.661,688.553
688.659,688.551
688.658,688.549
688.656,688.547
688.655,688.545
688.651,688.539
688.647,688.534
688.652,688.541
688.651,688.540
688.650,688.539
688.649,688.538
688.649,688.537
688.648,688.536
688.645,688.531
688.642,688.527
688.647,688.534
688.646,688.533
688.646,688.533
688.646,688.532
688.646,688.532
688.642,688.528
688.639,688.524
688.645,688.531
688.650,688.538
688.646,688.533
688.646,688.533
688.654,688.543
688.653,688.542
688.652,688.541
688.651,688.539
688.647,688.534
688.652,688.541
688.656,688.547
688.660,688.552
688.663,688.557
688.661,688.554
688.660,688.552
688.658,688.549
688.657,688.547
688.652,688.542
688.649,688.536
688.645,688.531
688.642,688.527
688.639,688.523
688.640,688.524
688.640,688.524
688.640,688.524
688.640,688.525
688.641,688.525
688.641,688.525
688.646,688.533
688.643,688.528
688.648,688.535
688.645,688.531
688.641,688.526
688.642,688.527
688.642,688.527
688.642,688.527
688.642,688.527
688.642,688.527
688.642,688.527
688.642,688.527
688.642,688.527
688.639,688.523
688.645,688.531
688.642,688.527
688.647,688.534
688.644,688.529
688.644,688.529
688.643,688.529
688.643,688.529
688.643,688.529
688.643,688.529
688.640,688.525
688.646,688.532
688.651,688.539
688.647,688.534
688.647,688.533
688.646,688.533
688.646,688.533
688.646,688.532
688.645,688.532
688.645,688.531
688.645,688.531
688.642,688.527
688.639,688.523
688.636,688.519
688.634,688.516
688.632,688.513
688.633,688.515
688.634,688.516
688.635,688.517
688.635,688.518
688.636,688.519
688.637,688.520
688.637,688.521
688.635,688.517
688.641,688.525
688.638,688.522
688.636,688.518
688.636,688.519
688.629,688.509
688.630,688.511
688.623,688.501
688.625,688.504
688.627,688.506
688.628,688.508
688.630,688.510
688.631,688.512
688.624,688.502
688.623,688.501
688.622,688.499
688.621,688.498
688.620,688.497
688.619,688.496
688.619,688.495
688.618,688.494
688.618,688.493
688.617,688.492
688.620,688.496
688.622,688.499
688.624,688.502
688.626,688.504
688.627,688.506
688.629,688.509
688.635,688.518
688.633,688.514
688.631,688.512
688.629,688.509
688.630,688.511
688.632,688.513
688.633,688.514
688.634,688.516
688.635,688.517
688.635,688.518
688.636,688.519
688.634,688.516
688.632,688.513
688.630,688.510
688.628,688.508
688.627,688.506
688.628,688.508
688.630,688.510
688.631,688.512
688.632,688.513
688.633,688.515
688.634,688.516
688.643,688.528
688.635,688.517
688.633,688.514
688.631,688.511
688.629,688.509
688.635,688.518
688.633,688.515
688.639,688.523
688.637,688.520
688.629,688.509
688.630,688.511
688.632,688.513
688.633,688.514
688.634,688.516
688.626,688.505
688.620,688.496
688.622,688.499
688.629,688.509
688.628,688.507
688.629,688.509
688.638,688.522
688.639,688.523
688.639,688.523
688.640,688.524
688.632,688.513
688.633,688.514
688.634,688.516
688.627,688.506
688.620,688.496
688.622,688.499
688.624,688.502
688.626,688.505
688.627,688.507
688.626,688.505
688.625,688.503
688.624,688.501
688.630,688.511
688.637,688.520
688.637,688.521
688.638,688.521
688.638,688.522
688.639,688.523
688.639,688.523
688.639,688.524
688.640,688.524
688.637,688.520
688.643,688.528
688.640,688.524
688.637,688.521
688.635,688.517
688.633,688.514
688.631,688.512
688.637,688.520
688.638,688.521
688.638,688.522
688.639,688.522
688.639,688.523
688.639,688.523
688.640,688.524
688.640,688.524
688.640,688.525
688.638,688.521
688.635,688.518
688.641,688.526
688.638,688.522
688.636,688.518
688.633,688.515
688.631,688.512
688.630,688.510
688.628,688.508
688.626,688.505
688.625,688.504
688.624,688.502
688.626,688.504
688.627,688.507
688.621,688.497
688.623,688.500
688.625,688.503
688.626,688.505
688.628,688.508
688.621,688.498
688.623,688.501
688.625,688.504
688.619,688.495
688.621,688.498
688.620,688.497
688.619,688.496
688.619,688.495
688.618,688.494
688.618,688.493
688.617,688.492
688.617,688.492
688.608,688.480
688.612,688.485
688.615,688.489
688.609,688.481
688.612,688.486
688.615,688.490
688.618,688.493
688.620,688.497
688.622,688.500
688.624,688.502
688.618,688.494
688.620,688.497
688.614,688.489
688.609,688.481
688.609,688.482
688.610,688.482
688.605,688.475
688.600,688.469
688.604,688.475
688.608,688.480
688.603,688.473
688.599,688.467
688.595,688.462
688.591,688.457
688.596,688.464
688.593,688.458
688.589,688.454
688.586,688.450
688.592,688.457
688.589,688.453
688.594,688.460
688.590,688.455
688.595,688.462
688.592,688.457
688.589,688.453
688.594,688.460
688.590,688.455
688.595,688.462
688.600,688.468
688.604,688.474
688.605,688.475
688.605,688.476
688.606,688.477
688.615,688.489
688.615,688.489
688.614,688.488
688.614,688.488
688.617,688.492
688.619,688.495
688.622,688.499
688.615,688.490
688.610,688.483
688.605,688.476
688.609,688.481
688.604,688.474
688.600,688.468
688.596,688.462
688.592,688.458
688.597,688.464
688.593,688.459
688.590,688.454
688.587,688.450
688.584,688.446
688.590,688.454
688.587,688.450
688.584,688.446
688.581,688.443
688.579,688.440
688.577,688.437
688.575,688.434
688.571,688.428
688.575,688.434
688.573,688.431
688.569,688.425
688.573,688.431
688.572,688.429
688.570,688.427
688.569,688.426
688.573,688.431
688.569,688.425
688.565,688.420
688.562,688.415
688.566,688.422
688.571,688.428
688.575,688.433
688.570,688.427
688.566,688.422
688.571,688.428
688.567,688.422
688.566,688.421
688.562,688.416
688.562,688.415
688.561,688.415
688.561,688.414
688.561,688.414
688.561,688.414
688.560,688.413
688.568,688.424
688.567,688.423
688.574,688.433
688.581,688.442
688.584,688.446
688.581,688.443
688.579,688.440
688.585,688.448
688.583,688.445
688.580,688.441
688.578,688.438
688.568,688.424
688.567,688.423
688.566,688.422
688.566,688.421
688.565,688.420
688.564,688.419
688.564,688.418
688.563,688.417
688.563,688.417
688.562,688.416
688.562,688.415
688.561,688.415
688.569,688.426
688.568,688.424
688.567,688.423
688.566,688.422
688.563,688.417
688.567,688.423
688.572,688.429
688.576,688.435
688.579,688.439
688.582,688.444
688.577,688.437
688.572,688.430
688.571,688.428
688.570,688.427
688.569,688.425
688.568,688.424
688.567,688.422
688.566,688.421
688.565,688.420
688.573,688.430
688.571,688.428
688.570,688.427
688.569,688.425
688.565,688.420
688.569,688.426
688.574,688.432
688.569,688.426
688.565,688.420
688.562,688.415
688.561,688.415
688.561,688.414
688.569,688.425
688.568,688.424
688.567,688.423
688.566,688.421
688.565,688.420
688.565,688.419
688.561,688.415
688.558,688.410
688.555,688.406
688.553,688.403
688.558,688.410
688.563,688.418
688.568,688.424
688.572,688.430
688.576,688.435
688.579,688.440
688.575,688.433
688.581,688.442
688.579,688.439
688.577,688.436
688.575,688.434
688.582,688.443
688.579,688.440
688.585,688.448
688.583,688.445
688.588,688.453
688.586,688.449
688.583,688.445
688.589,688.453
688.586,688.449
688.583,688.445
688.589,688.453
688.586,688.449
688.583,688.445
688.581,688.442
688.579,688.439
688.577,688.436
688.583,688.445
688.581,688.442
688.578,688.439
688.577,688.436
688.575,688.433
688.573,688.431
688.572,688.429
688.570,688.428
688.569,688.426
688.565,688.420
688.562,688.415
688.559,688.411
688.556,688.407
688.553,688.403
688.551,688.400
688.557,688.408
688.557,688.408
688.557,688.408
688.549,688.397
688.550,688.399
688.550,688.400
688.548,688.397
688.546,688.394
688.545,688.392
688.551,688.400
688.557,688.409
688.554,688.405
688.552,688.401
688.544,688.391
688.545,688.393
688.547,688.394
688.540,688.385
688.542,688.387
688.535,688.378
688.542,688.388
688.549,688.398
688.555,688.406
688.560,688.414
688.557,688.409
688.557,688.409
688.557,688.409
688.558,688.410
688.558,688.410
688.550,688.398
688.548,688.396
688.546,688.393
688.544,688.391
688.542,688.388
688.544,688.390
688.537,688.381
688.539,688.384
688.541,688.386
688.543,688.389
688.541,688.387
688.548,688.396
688.546,688.394
688.544,688.391
688.546,688.393
688.539,688.383
688.541,688.386
688.542,688.388
688.544,688.390
688.542,688.388
688.541,688.386
688.540,688.385
688.539,688.383
688.546,688.393
688.552,688.402
688.553,688.403
688.553,688.403
688.554,688.404
688.554,688.405
688.546,688.394
688.539,688.384
688.541,688.387
688.543,688.389
688.544,688.391
688.546,688.393
688.552,688.402
688.558,688.410
688.563,688.417
688.560,688.412
688.557,688.408
688.554,688.404
688.551,688.401
688.552,688.402
688.553,688.403
688.553,688.403
688.554,688.404
688.546,688.393
688.547,688.395
688.548,688.397
688.546,688.394
688.553,688.403
688.558,688.410
688.555,688.406
688.553,688.403
688.550,688.399
688.551,688.401
688.552,688.401
688.552,688.402
688.553,688.403
688.553,688.404
688.554,688.404
688.559,688.412
688.556,688.408
688.554,688.404
688.551,688.401
688.549,688.398
688.555,688.406
688.560,688.414
688.565,688.420
688.570,688.427
688.574,688.432
688.572,688.430
688.571,688.428
688.562,688.415
688.561,688.415
688.561,688.414
688.561,688.414
688.561,688.414
688.565,688.421
688.570,688.427
688.566,688.421
688.562,688.416
688.559,688.412
688.559,688.411
688.551,688.400
688.552,688.401
688.552,688.402
688.553,688.403
688.553,688.403
688.554,688.404
688.551,688.401
688.557,688.409
688.562,688.416
688.559,688.411
688.559,688.411
688.559,688.411
688.559,688.411
688.559,688.411
688.559,688.411
688.559,688.411
688.559,688.411
688.558,688.411
688.556,688.407
688.553,688.403
688.551,688.400
688.548,688.397
688.549,688.398
688.550,688.399
688.551,688.400
688.552,688.401
688.552,688.402
688.553,688.403
688.550,688.399
688.548,688.397
688.546,688.394
688.544,688.391
688.546,688.393
688.547,688.395
688.540,688.385
688.542,688.387
688.540,688.386
688.547,688.395
688.545,688.393
688.544,688.390
688.542,688.388
688.541,688.386
688.542,688.389
688.544,688.391
688.545,688.392
688.555,688.405
688.547,688.395
688.553,688.403
688.551,688.400
688.549,688.397
688.549,688.398
688.550,688.399
688.543,688.389
688.542,688.387
688.540,688.385
688.539,688.384
688.533,688.375
688.535,688.379
688.537,688.382
688.539,688.384
688.538,688.383
688.537,688.381
688.536,688.380
688.536,688.379
688.543,688.389
688.544,688.391
688.546,688.393
688.547,688.395
688.548,688.396
688.549,688.397
688.550,688.399
688.551,688.400
688.551,688.401
688.552,688.402
688.550,688.399
688.548,688.396
688.546,688.393
688.544,688.391
688.542,688.389
688.544,688.391
688.545,688.392
688.547,688.394
688.540,688.384
688.541,688.387
688.543,688.389
688.544,688.391
688.546,688.393
688.547,688.395
688.548,688.396
688.554,688.405
688.560,688.412
688.557,688.408
688.554,688.404
688.551,688.401
688.549,688.398
688.542,688.388
688.543,688.390
688.537,688.381
688.539,688.383
688.538,688.382
688.537,688.381
688.536,688.380
688.530,688.371
688.533,688.375
688.527,688.367
688.530,688.371
688.525,688.364
688.525,688.364
688.525,688.365
688.526,688.365
688.534,688.376
688.533,688.376
688.536,688.379
688.538,688.382
688.540,688.385
688.533,688.376
688.533,688.375
688.524,688.363
688.525,688.364
688.528,688.368
688.531,688.372
688.525,688.365
688.528,688.369
688.536,688.380
688.536,688.379
688.535,688.378
688.537,688.381
688.531,688.373
688.534,688.376
688.536,688.379
688.538,688.382
688.537,688.381
688.536,688.380
688.535,688.379
688.535,688.378
688.542,688.388
688.544,688.390
688.537,688.381
688.531,688.372
688.533,688.376
688.533,688.375
688.535,688.379
688.537,688.382
688.537,688.380
688.544,688.390
688.542,688.388
688.541,688.386
688.540,688.385
688.541,688.387
688.543,688.389
688.544,688.391
688.538,688.382
688.537,688.381
688.536,688.379
688.535,688.378
688.534,688.377
688.537,688.381
688.531,688.372
688.525,688.365
688.528,688.369
688.523,688.362
688.532,688.373
688.531,688.373
688.531,688.372
688.534,688.376
688.528,688.368
688.523,688.361
688.518,688.354
688.522,688.360
688.525,688.364
688.528,688.369
688.528,688.369
688.528,688.369
688.528,688.369
688.531,688.373
688.534,688.376
688.536,688.379
688.538,688.382
688.537,688.381
688.544,688.391
688.543,688.389
688.541,688.387
688.535,688.378
688.537,688.381
688.539,688.384
688.530,688.371
688.530,688.371
688.522,688.359
688.522,688.360
688.526,688.365
688.521,688.358
688.524,688.363
688.519,688.356
688.520,688.357
688.521,688.358
688.516,688.352
688.512,688.346
688.509,688.341
688.510,688.344
688.504,688.335
688.501,688.331
688.498,688.327
688.504,688.335
688.509,688.342
688.511,688.345
688.513,688.347
688.514,688.349
688.515,688.351
688.517,688.353
688.513,688.347
688.509,688.342
688.505,688.337
688.508,688.340
688.510,688.343
688.511,688.345
688.508,688.340
688.504,688.336
688.507,688.339
688.509,688.342
688.511,688.344
688.515,688.350
688.519,688.356
688.523,688.361
688.518,688.355
688.522,688.360
688.523,688.361
688.523,688.361
688.523,688.362
688.527,688.367
688.530,688.371
688.524,688.363
688.525,688.364
688.525,688.364
688.525,688.365
688.520,688.358
688.516,688.351
688.520,688.357
688.513,688.347
688.514,688.349
688.510,688.344
688.507,688.339
688.504,688.334
688.506,688.338
688.508,688.341
688.510,688.343
688.506,688.338
688.511,688.345
688.516,688.351
688.509,688.342
688.511,688.344
688.512,688.347
688.509,688.341
688.513,688.348
688.510,688.343
688.511,688.345
688.513,688.347
688.514,688.349
688.510,688.344
688.507,688.339
688.512,688.346
688.513,688.348
688.515,688.350
688.516,688.352
688.512,688.346
688.516,688.352
688.512,688.346
688.514,688.349
688.515,688.350
688.516,688.352
688.520,688.358
688.524,688.363
688.527,688.367
688.527,688.367
688.527,688.367
688.527,688.367
688.530,688.371
688.525,688.364
688.528,688.368
688.528,688.368
688.528,688.368
688.528,688.368
688.528,688.368
688.531,688.372
688.525,688.365
688.520,688.358
688.521,688.359
688.522,688.360
688.522,688.361
688.518,688.354
688.522,688.359
688.525,688.364
688.525,688.365
688.526,688.365
688.526,688.365
688.529,688.370
688.532,688.373
688.534,688.377
688.528,688.369
688.528,688.369
688.528,688.369
688.520,688.358
688.524,688.363
688.519,688.356
688.523,688.361
688.523,688.362
688.524,688.362
688.524,688.363
688.527,688.367
688.522,688.360
688.526,688.365
688.529,688.369
688.529,688.369
688.529,688.369
688.529,688.369
688.523,688.362
688.519,688.355
688.514,688.349
688.516,688.351
688.517,688.353
688.510,688.343
688.506,688.338
688.503,688.334
688.500,688.330
688.495,688.322
688.498,688.327
688.493,688.319
688.499,688.328
688.497,688.325
688.503,688.333
688.497,688.325
688.492,688.318
688.495,688.323
688.493,688.320
688.491,688.317
688.490,688.315
688.488,688.313
688.484,688.307
688.480,688.301
688.487,688.312
688.486,688.310
688.485,688.308
688.481,688.303
688.485,688.309
688.489,688.314
688.488,688.312
688.494,688.322
688.492,688.319
688.491,688.316
688.494,688.321
688.497,688.326
688.495,688.323
688.493,688.320
688.499,688.328
688.502,688.332
688.496,688.324
688.499,688.329
688.497,688.325
688.495,688.322
688.493,688.319
688.496,688.324
688.491,688.317
688.497,688.326
688.495,688.323
688.501,688.331
688.504,688.335
688.506,688.338
688.500,688.329
688.506,688.337
688.503,688.333
688.500,688.329
688.502,688.333
688.505,688.336
688.499,688.328
688.497,688.325
688.494,688.322
688.490,688.315
688.496,688.324
688.494,688.321
688.492,688.318
688.487,688.312
688.491,688.317
688.489,688.315
688.488,688.313
688.484,688.307
688.488,688.312
688.495,688.322
688.492,688.319
688.499,688.328
688.501,688.331
688.496,688.324
688.499,688.328
688.497,688.325
688.494,688.321
688.497,688.326
688.492,688.319
688.488,688.312
688.486,688.310
688.485,688.309
688.484,688.307
688.480,688.302
688.485,688.308
688.484,688.307
688.483,688.305
688.487,688.311
688.491,688.317
688.494,688.322
688.500,688.330
688.498,688.326
688.493,688.319
688.488,688.313
688.487,688.311
688.485,688.309
688.484,688.307
688.488,688.313
688.492,688.318
688.490,688.316
688.489,688.314
688.484,688.308
688.489,688.313
688.487,688.311
688.486,688.310
688.485,688.308
688.481,688.303
688.477,688.298
688.477,688.297
688.485,688.308
688.481,688.303
688.477,688.298
688.477,688.297
688.477,688.297
688.476,688.296
688.481,688.303
688.486,688.309
688.490,688.315
688.488,688.313
688.487,688.311
688.483,688.305
688.479,688.300
688.478,688.299
688.486,688.310
688.490,688.315
688.485,688.309
688.484,688.307
688.491,688.317
688.495,688.322
688.490,688.315
688.485,688.309
688.484,688.307
688.483,688.306
688.482,688.305
688.487,688.311
688.491,688.316
688.489,688.314
688.487,688.312
688.483,688.306
688.479,688.301
688.479,688.300
688.486,688.310
688.490,688.316
688.494,688.321
688.492,688.318
688.490,688.316
688.486,688.310
688.482,688.304
688.481,688.303
688.480,688.302
688.477,688.297
688.482,688.304
688.481,688.303
688.480,688.302
688.477,688.297
688.482,688.304
688.481,688.303
688.480,688.302
688.479,688.301
688.484,688.307
688.480,688.302
688.480,688.301
688.479,688.300
688.484,688.307
688.480,688.301
688.479,688.300
688.479,688.300
688.483,688.306
688.479,688.301
688.479,688.300
688.478,688.299
688.483,688.306
688.487,688.312
688.486,688.310
688.485,688.308
688.481,688.303
688.485,688.309
688.484,688.307
688.483,688.306
688.479,688.301
688.484,688.307
688.483,688.306
688.482,688.304
688.486,688.311
688.490,688.316
688.489,688.314
688.487,688.312
688.483,688.306
688.479,688.301
688.479,688.300
688.478,688.299
688.478,688.299
688.475,688.294
688.472,688.290
688.472,688.290
688.472,688.290
688.469,688.286
688.467,688.283
688.473,688.291
688.481,688.302
688.480,688.302
688.487,688.312
688.491,688.317
688.487,688.311
688.491,688.316
688.489,688.314
688.487,688.312
688.491,688.317
688.495,688.322
688.498,688.327
688.496,688.323
688.502,688.332
688.496,688.324
688.491,688.317
688.489,688.315
688.488,688.312
688.487,688.311
688.482,688.305
688.487,688.311
688.491,688.316
688.489,688.314
688.488,688.312
688.486,688.310
688.490,688.316
688.494,688.321
688.497,688.325
688.495,688.322
688.493,688.319
688.488,688.313
688.484,688.307
688.491,688.317
688.489,688.314
688.493,688.319
688.496,688.324
688.494,688.321
688.492,688.318
688.487,688.312
688.491,688.317
688.490,688.315
688.488,688.313
688.487,688.311
688.483,688.305
688.487,688.311
688.486,688.309
688.484,688.308
688.483,688.306
688.488,688.312
688.491,688.317
688.495,688.322
688.493,688.320
688.491,688.317
688.487,688.311
688.482,688.305
688.479,688.300
688.478,688.299
688.478,688.298
688.477,688.298
688.474,688.293
688.479,688.300
688.476,688.296
688.484,688.307
688.483,688.305
688.479,688.300
688.478,688.299
688.478,688.299
688.475,688.294
688.480,688.301
688.476,688.296
688.476,688.296
688.476,688.296
688.473,688.291
688.470,688.287
688.470,688.288
688.470,688.288
688.468,688.285
688.466,688.281
688.466,688.282
688.467,688.283
688.465,688.280
688.463,688.277
688.464,688.279
688.465,688.280
688.471,688.289
688.476,688.296
688.476,688.296
688.476,688.295
688.473,688.291
688.478,688.299
688.477,688.298
688.477,688.297
688.477,688.297
688.474,688.293
688.471,688.289
688.476,688.296
688.476,688.296
688.476,688.295
688.473,688.291
688.478,688.298
688.477,688.298
688.485,688.309
688.481,688.303
688.477,688.298
688.482,688.305
688.481,688.304
688.481,688.303
688.477,688.298
688.474,688.293
688.474,688.293
688.482,688.304
688.478,688.299
688.475,688.294
688.475,688.294
688.475,688.294
688.475,688.294
688.472,688.290
688.472,688.290
688.472,688.290
688.469,688.286
688.467,688.283
688.467,688.284
688.468,688.285
688.466,688.282
688.464,688.279
688.464,688.280
688.462,688.277
688.461,688.275
688.462,688.276
688.463,688.278
688.464,688.279
688.470,688.288
688.476,688.295
688.475,688.295
688.475,688.295
688.475,688.295
688.472,688.290
688.472,688.291
688.472,688.291
688.469,688.287
688.467,688.283
688.468,688.284
688.468,688.285
688.466,688.282
688.464,688.279
688.465,688.280
688.465,688.281
688.471,688.289
688.477,688.297
688.474,688.293
688.474,688.293
688.471,688.289
688.468,688.285
688.466,688.282
688.466,688.283
688.467,688.283
688.465,688.280
688.471,688.289
688.471,688.289
688.471,688.289
688.479,688.301
688.476,688.296
688.473,688.292
688.473,688.292
688.473,688.292
688.470,688.288
688.468,688.284
688.468,688.285
688.469,688.286
688.466,688.282
688.472,688.291
688.472,688.291
688.472,688.291
688.470,688.287
688.467,688.284
688.468,688.285
688.468,688.285
688.466,688.282
688.464,688.279
688.465,688.280
688.466,688.281
688.474,688.294
688.471,688.290
688.477,688.297
688.477,688.297
688.476,688.296
688.473,688.292
688.470,688.288
688.471,688.288
688.471,688.289
688.468,688.285
688.466,688.282
688.467,688.283
688.467,688.284
688.465,688.281
688.471,688.289
688.476,688.296
688.476,688.296
688.476,688.296
688.473,688.291
688.470,688.287
688.462,688.277
688.463,688.278
688.461,688.276
688.460,688.273
688.461,688.275
688.462,688.277
688.463,688.278
688.461,688.276
688.460,688.273
688.461,688.275
688.462,688.277
688.463,688.278
688.461,688.276
688.463,688.277
688.464,688.279
688.464,688.280
688.462,688.277
688.464,688.279
688.464,688.280
688.457,688.270
688.456,688.268
688.458,688.270
688.459,688.272
688.460,688.274
688.467,688.283
688.465,688.280
688.465,688.281
688.466,688.282
688.464,688.279
688.462,688.277
688.460,688.274
688.462,688.276
688.463,688.277
688.469,688.286
688.475,688.294
688.482,688.305
688.482,688.304
688.478,688.299
688.483,688.305
688.482,688.304
688.481,688.303
688.472,688.291
688.470,688.287
688.462,688.276
688.455,688.267
688.454,688.265
688.453,688.264
688.455,688.266
688.457,688.269
688.455,688.267
688.462,688.277
688.463,688.278
688.464,688.280
688.462,688.277
688.460,688.274
688.462,688.276
688.463,688.278
688.464,688.279
688.462,688.276
688.460,688.274
688.469,688.287
688.470,688.287
688.478,688.299
688.475,688.294
688.472,688.290
688.472,688.290
688.472,688.291
688.469,688.287
688.467,688.283
688.468,688.284
688.460,688.274
688.458,688.272
688.457,688.269
688.451,688.260
688.453,688.264
688.452,688.262
688.459,688.272
688.460,688.274
688.462,688.276
688.460,688.273
688.458,688.271
688.457,688.269
688.450,688.260
688.450,688.259
688.449,688.259
688.443,688.251
688.446,688.255
688.446,688.254
688.449,688.258
688.451,688.261
688.450,688.260
688.450,688.259
688.452,688.262
688.451,688.261
688.450,688.260
688.452,688.263
688.454,688.266
688.453,688.265
688.452,688.263
688.454,688.266
688.448,688.257
688.448,688.257
688.442,688.249
688.437,688.242
688.438,688.243
688.433,688.236
688.437,688.242
688.438,688.242
688.438,688.243
688.441,688.248
688.434,688.237
688.437,688.242
688.441,688.247
688.433,688.236
688.434,688.237
688.430,688.231
688.431,688.233
688.432,688.235
688.436,688.240
688.432,688.234
688.433,688.236
688.437,688.241
688.440,688.246
688.440,688.246
688.441,688.247
688.444,688.251
688.444,688.251
688.444,688.251
688.438,688.244
688.439,688.244
688.439,688.245
688.435,688.238
688.438,688.243
688.439,688.244
688.439,688.245
688.434,688.238
688.427,688.228
688.429,688.230
688.433,688.236
688.426,688.226
688.420,688.217
688.425,688.225
688.427,688.227
688.428,688.229
688.424,688.224
688.426,688.227
688.428,688.229
688.432,688.235
688.433,688.236
688.434,688.238
688.430,688.232
688.423,688.222
688.420,688.218
688.425,688.225
688.419,688.216
688.416,688.212
688.413,688.209
688.408,688.201
688.406,688.199
688.410,688.204
688.413,688.208
688.411,688.205
688.414,688.209
688.419,688.217
688.417,688.213
688.419,688.217
688.416,688.213
688.414,688.209
688.416,688.213
688.422,688.221
688.416,688.212
688.418,688.216
688.416,688.212
688.410,688.204
688.413,688.209
688.411,688.206
688.414,688.210
688.409,688.203
688.415,688.211
688.418,688.215
688.415,688.211
688.412,688.208
688.415,688.212
688.413,688.208
688.419,688.216
688.413,688.208
688.411,688.205
688.414,688.209
688.411,688.206
688.417,688.214
688.412,688.206
688.410,688.203
688.416,688.212
688.410,688.204
688.408,688.202
688.406,688.199
688.402,688.193
688.409,688.202
688.404,688.196
688.408,688.201
688.406,688.198
688.401,688.192
688.400,688.190
688.396,688.185
688.393,688.180
688.392,688.180
688.392,688.179
688.389,688.175
688.389,688.175
688.389,688.175
688.386,688.171
688.386,688.171
688.384,688.167
688.384,688.168
688.385,688.169
688.390,688.176
688.390,688.176
688.387,688.172
688.384,688.168
688.393,688.180
688.398,688.187
688.394,688.182
688.402,688.192
688.406,688.198
688.401,688.192
688.400,688.190
688.404,688.196
688.403,688.194
688.401,688.192
688.405,688.198
688.404,688.195
688.402,688.193
688.406,688.199
688.405,688.197
688.400,688.191
688.404,688.196
688.403,688.194
688.399,688.188
688.398,688.187
688.394,688.182
688.391,688.177
688.391,688.177
688.388,688.173
688.388,688.173
688.388,688.173
688.385,688.169
688.385,688.170
688.383,688.166
688.381,688.163
688.381,688.164
688.387,688.173
688.387,688.173
688.385,688.169
688.385,688.169
688.385,688.170
688.383,688.166
688.392,688.178
688.397,688.185
688.393,688.180
688.393,688.180
688.389,688.175
688.389,688.175
688.386,688.171
688.392,688.179
688.392,688.178
688.397,688.185
688.396,688.184
688.392,688.179
688.389,688.175
688.389,688.175
688.386,688.171
688.387,688.171
688.387,688.172
688.392,688.179
688.392,688.179
688.392,688.178
688.388,688.174
688.388,688.174
688.386,688.170
688.386,688.171
688.386,688.171
688.384,688.167
688.384,688.168
688.382,688.165
688.388,688.173
688.388,688.173
688.385,688.169
688.393,688.181
688.398,688.188
688.394,688.182
688.394,688.182
688.399,688.188
688.395,688.183
688.394,688.182
688.399,688.189
688.398,688.187
688.394,688.182
688.391,688.177
688.391,688.177
688.396,688.184
688.395,688.183
688.402,688.193
688.398,688.188
688.405,688.198
688.401,688.192
688.400,688.190
688.396,688.184
688.392,688.180
688.384,688.168
688.382,688.165
688.382,688.166
688.380,688.162
688.378,688.160
688.387,688.172
688.393,688.180
688.392,688.179
688.392,688.179
688.389,688.174
688.389,688.174
688.386,688.171
688.386,688.171
688.386,688.171
688.384,688.168
688.384,688.168
688.382,688.165
688.380,688.162
688.381,688.163
688.378,688.160
688.379,688.162
688.378,688.159
688.376,688.156
688.377,688.158
688.375,688.156
688.377,688.157
688.375,688.155
688.373,688.153
688.375,688.155
688.373,688.153
688.375,688.155
688.384,688.168
688.382,688.165
688.382,688.166
688.380,688.163
688.378,688.160
688.379,688.161
688.377,688.158
688.378,688.160
688.377,688.157
688.378,688.159
688.371,688.149
688.370,688.148
688.371,688.150
688.370,688.149
688.372,688.151
688.366,688.142
688.365,688.141
688.367,688.144
688.374,688.155
688.368,688.145
688.367,688.144
688.369,688.147
688.363,688.138
688.362,688.138
688.365,688.141
688.372,688.152
688.371,688.150
688.373,688.152
688.372,688.150
688.373,688.153
688.372,688.151
688.373,688.153
688.372,688.151
688.374,688.153
688.375,688.156
688.382,688.165
688.374,688.154
688.373,688.152
688.374,688.154
688.373,688.152
688.374,688.154
688.373,688.152
688.372,688.150
688.373,688.153
688.372,688.151
688.365,688.142
688.357,688.130
688.352,688.123
688.352,688.124
688.356,688.129
688.359,688.133
688.359,688.133
688.362,688.137
688.362,688.137
688.364,688.140
688.364,688.140
688.358,688.132
688.366,688.143
688.365,688.142
688.368,688.145
688.367,688.144
688.369,688.147
688.368,688.145
688.375,688.155
688.376,688.157
688.383,688.166
688.380,688.163
688.381,688.164
688.379,688.161
688.380,688.162
688.378,688.159
688.379,688.161
688.380,688.162
688.378,688.159
688.379,688.161
688.377,688.158
688.370,688.149
688.369,688.147
688.363,688.139
688.363,688.138
688.362,688.137
688.357,688.130
688.357,688.130
688.352,688.123
688.353,688.124
688.348,688.118
688.349,688.119
688.350,688.120
688.354,688.126
688.362,688.138
688.365,688.141
688.364,688.140
688.364,688.140
688.366,688.143
688.365,688.142
688.368,688.145
688.367,688.144
688.369,688.147
688.368,688.145
688.367,688.144
688.369,688.147
688.368,688.146
688.370,688.149
688.372,688.151
688.371,688.149
688.372,688.152
688.371,688.150
688.373,688.152
688.374,688.154
688.373,688.152
688.366,688.143
688.368,688.146
688.376,688.156
688.377,688.158
688.375,688.156
688.374,688.153
688.375,688.156
688.382,688.165
688.382,688.165
688.388,688.174
688.385,688.170
688.386,688.170
688.391,688.178
688.391,688.178
688.388,688.173
688.388,688.173
688.388,688.174
688.385,688.170
688.386,688.170
688.391,688.178
688.388,688.174
688.380,688.162
688.378,688.160
688.371,688.150
688.370,688.148
688.369,688.147
688.371,688.149
688.370,688.148
688.363,688.139
688.363,688.139
688.365,688.142
688.365,688.141
688.367,688.144
688.369,688.147
688.368,688.146
688.370,688.149
688.377,688.158
688.378,688.160
688.376,688.157
688.375,688.155
688.376,688.157
688.383,688.166
688.383,688.167
688.381,688.163
688.387,688.172
688.379,688.161
688.377,688.158
688.378,688.160
688.376,688.157
688.375,688.155
688.376,688.157
688.374,688.154
688.376,688.156
688.374,688.154
688.373,688.152
688.374,688.154
688.381,688.163
688.382,688.165
688.379,688.162
688.378,688.159
688.379,688.160
688.377,688.158
688.378,688.159
688.376,688.157
688.374,688.155
688.368,688.145
688.367,688.144
688.369,688.147
688.368,688.146
688.370,688.148
688.377,688.158
688.378,688.160
688.379,688.161
688.377,688.158
688.378,688.160
688.377,688.157
688.375,688.155
688.376,688.157
688.375,688.155
688.368,688.145
688.367,688.144
688.369,688.147
688.371,688.150
688.370,688.148
688.372,688.151
688.370,688.149
688.372,688.151
688.371,688.150
688.373,688.152
688.371,688.150
688.373,688.153
688.372,688.151
688.373,688.153
688.372,688.151
688.365,688.142
688.365,688.141
688.364,688.140
688.367,688.144
688.366,688.143
688.368,688.146
688.359,688.133
688.362,688.137
688.362,688.137
688.364,688.140
688.364,688.140
688.358,688.132
688.358,688.132
688.358,688.132
688.353,688.125
688.354,688.126
688.349,688.119
688.350,688.120
688.354,688.126
688.354,688.126
688.357,688.131
688.360,688.135
688.360,688.135
688.363,688.139
688.363,688.138
688.365,688.142
688.365,688.141
688.367,688.144
688.358,688.132
688.353,688.125
688.354,688.125
688.349,688.119
688.350,688.120
688.354,688.125
688.354,688.126
688.349,688.119
688.350,688.121
688.346,688.115
688.339,688.105
688.344,688.112
688.337,688.103
688.342,688.110
688.352,688.123
688.355,688.128
688.356,688.128
688.356,688.129
688.359,688.133
688.351,688.122
688.355,688.127
688.355,688.128
688.350,688.121
688.351,688.122
688.355,688.127
688.355,688.128
688.350,688.121
688.351,688.122
688.355,688.127
688.358,688.132
688.358,688.132
688.358,688.132
688.358,688.132
688.361,688.136
688.361,688.136
688.356,688.128
688.356,688.129
688.359,688.133
688.359,688.133
688.362,688.137
688.362,688.137
688.356,688.129
688.356,688.129
688.357,688.130
688.360,688.134
688.360,688.134
688.362,688.138
688.362,688.137
688.362,688.137
688.364,688.141
688.364,688.140
688.366,688.143
688.366,688.142
688.360,688.134
688.360,688.134
688.362,688.138
688.362,688.137
688.365,688.141
688.364,688.140
688.358,688.132
688.359,688.132
688.353,688.125
688.357,688.130
688.357,688.130
688.357,688.130
688.357,688.131
688.357,688.131
688.350,688.120
688.345,688.114
688.347,688.116
688.343,688.110
688.344,688.112
688.348,688.118
688.349,688.120
688.353,688.125
688.357,688.130
688.357,688.130
688.360,688.134
688.360,688.134
688.363,688.138
688.362,688.137
688.362,688.137
688.364,688.141
688.364,688.140
688.358,688.132
688.358,688.132
688.358,688.132
688.361,688.136
688.361,688.136
688.364,688.140
688.363,688.139
688.366,688.142
688.365,688.141
688.367,688.145
688.367,688.144
688.366,688.143
688.360,688.134
688.360,688.134
688.363,688.138
688.362,688.137
688.365,688.141
688.367,688.144
688.366,688.143
688.360,688.135
688.360,688.135
688.363,688.139
688.363,688.138
688.357,688.130
688.357,688.131
688.349,688.120
688.345,688.114
688.338,688.104
688.343,688.111
688.345,688.113
688.341,688.108
688.343,688.110
688.339,688.105
688.333,688.097
688.330,688.093
688.333,688.097
688.330,688.093
688.333,688.097
688.327,688.089
688.325,688.086
688.328,688.090
688.326,688.087
688.329,688.091
688.327,688.088
688.322,688.081
688.320,688.079
688.316,688.073
688.315,688.071
688.319,688.077
688.318,688.075
688.313,688.070
688.321,688.080
688.324,688.085
688.322,688.082
688.318,688.076
688.317,688.074
688.321,688.080
688.327,688.089
688.330,688.093
688.336,688.101
688.338,688.104
688.332,688.095
688.334,688.099
688.329,688.091
688.326,688.088
688.321,688.081
688.328,688.090
688.323,688.083
688.321,688.080
688.325,688.085
688.323,688.083
688.326,688.087
688.324,688.084
688.327,688.089
688.325,688.086
688.320,688.079
688.327,688.088
688.330,688.093
688.328,688.089
688.331,688.093
688.328,688.090
688.323,688.083
688.321,688.080
688.325,688.085
688.320,688.079
688.318,688.077
688.322,688.082
688.321,688.080
688.316,688.073
688.315,688.072
688.319,688.078
688.318,688.076
688.322,688.081
688.320,688.079
688.324,688.084
688.322,688.081
688.328,688.090
688.331,688.094
688.329,688.091
688.323,688.084
688.330,688.092
688.333,688.096
688.330,688.092
688.327,688.089
688.330,688.093
688.328,688.090
688.331,688.094
688.333,688.098
688.336,688.101
688.333,688.097
688.335,688.100
688.330,688.092
688.335,688.100
688.338,688.103
688.342,688.110
688.336,688.101
688.333,688.097
688.335,688.100
688.332,688.096
688.327,688.088
688.325,688.085
688.320,688.079
688.327,688.088
688.330,688.092
688.335,688.100
688.338,688.103
688.334,688.099
688.329,688.091
688.326,688.088
688.329,688.092
688.327,688.089
688.322,688.082
688.328,688.090
688.323,688.083
688.330,688.092
688.324,688.085
688.322,688.082
688.326,688.087
688.321,688.080
688.319,688.078
688.315,688.072
688.314,688.071
688.310,688.065
688.310,688.064
688.314,688.071
688.313,688.070
688.318,688.076
688.316,688.074
688.312,688.068
688.320,688.078
688.323,688.084
688.322,688.081
688.325,688.086
688.323,688.083
688.327,688.088
688.333,688.096
688.335,688.100
688.332,688.096
688.327,688.088
688.324,688.085
688.328,688.090
688.326,688.086
688.329,688.091
688.326,688.088
688.329,688.092
688.324,688.085
688.328,688.089
688.325,688.086
688.328,688.091
688.331,688.095
688.329,688.091
688.324,688.084
688.322,688.081
688.317,688.075
688.316,688.073
688.312,688.068
688.319,688.078
688.315,688.072
688.314,688.071
688.310,688.065
688.310,688.064
688.306,688.060
688.306,688.059
688.303,688.055
688.303,688.055
688.301,688.052
688.301,688.052
688.301,688.053
688.307,688.060
688.306,688.060
688.311,688.067
688.311,688.066
688.315,688.072
688.314,688.071
688.319,688.077
688.325,688.086
688.320,688.079
688.327,688.088
688.330,688.093
688.328,688.089
688.323,688.082
688.321,688.080
688.316,688.074
688.315,688.072
688.311,688.067
688.316,688.073
688.307,688.060
688.312,688.067
688.311,688.066
688.307,688.061
688.307,688.061
688.312,688.068
688.303,688.055
688.309,688.063
688.308,688.062
688.305,688.058
688.302,688.054
688.299,688.050
688.300,688.051
688.297,688.047
688.295,688.044
688.296,688.045
688.302,688.054
688.302,688.054
688.300,688.050
688.297,688.047
688.295,688.044
688.301,688.053
688.302,688.053
688.299,688.049
688.299,688.050
688.297,688.047
688.295,688.044
688.296,688.045
688.302,688.053
688.302,688.054
688.299,688.050
688.300,688.051
688.297,688.047
688.295,688.044
688.288,688.034
688.295,688.044
688.296,688.045
688.294,688.042
688.295,688.043
688.293,688.041
688.299,688.050
688.300,688.050
688.305,688.058
688.305,688.058
688.302,688.054
688.302,688.054
688.300,688.051
688.297,688.047
688.298,688.048
688.304,688.056
688.296,688.045
688.294,688.042
688.287,688.032
688.286,688.031
688.293,688.041
688.294,688.042
688.300,688.051
688.300,688.051
688.306,688.059
688.303,688.055
688.303,688.055
688.300,688.051
688.301,688.052
688.306,688.060
688.303,688.055
688.303,688.056
688.301,688.052
688.301,688.052
688.298,688.049
688.299,688.050
688.297,688.046
688.297,688.047
688.295,688.044
688.293,688.042
688.294,688.043
688.292,688.040
688.291,688.038
688.292,688.040
688.290,688.037
688.292,688.039
688.290,688.037
688.291,688.039
688.285,688.029
688.284,688.028
688.286,688.031
688.284,688.029
688.286,688.032
688.285,688.030
688.287,688.033
688.289,688.035
688.295,688.044
688.293,688.042
688.292,688.039
688.293,688.041
688.291,688.038
688.292,688.040
688.291,688.038
688.292,688.040
688.290,688.037
688.284,688.028
688.283,688.027
688.282,688.026
688.284,688.029
688.283,688.027
688.285,688.030
688.284,688.029
688.286,688.031
688.288,688.034
688.286,688.032
688.288,688.034
688.287,688.033
688.280,688.024
688.280,688.023
688.282,688.026
688.281,688.025
688.281,688.024
688.283,688.027
688.290,688.037
688.292,688.039
688.293,688.041
688.294,688.042
688.292,688.040
688.290,688.038
688.284,688.028
688.291,688.038
688.289,688.036
688.291,688.038
688.281,688.025
688.275,688.016
688.275,688.016
688.278,688.020
688.280,688.024
688.288,688.034
688.289,688.036
688.288,688.034
688.290,688.036
688.288,688.034
688.290,688.037
688.288,688.034
688.295,688.044
688.296,688.045
688.302,688.053
688.302,688.054
688.299,688.050
688.292,688.040
688.290,688.037
688.292,688.039
688.293,688.041
688.291,688.038
688.292,688.040
688.299,688.049
688.299,688.050
688.292,688.039
688.290,688.037
688.291,688.039
688.298,688.048
688.298,688.049
688.296,688.045
688.297,688.047
688.298,688.047
688.295,688.044
688.296,688.046
688.294,688.043
688.295,688.044
688.293,688.041
688.299,688.050
688.300,688.051
688.297,688.047
688.298,688.048
688.296,688.045
688.294,688.042
688.295,688.044
688.293,688.041
688.294,688.042
688.300,688.051
688.298,688.048
688.298,688.049
688.296,688.045
688.297,688.046
688.295,688.043
688.288,688.034
688.281,688.025
688.280,688.024
688.283,688.027
688.282,688.026
688.284,688.029
688.283,688.027
688.285,688.030
688.287,688.033
688.286,688.031
688.288,688.034
688.294,688.043
688.292,688.040
688.294,688.042
688.300,688.051
688.300,688.051
688.298,688.048
688.298,688.049
688.304,688.057
688.304,688.057
688.304,688.057
688.309,688.064
688.309,688.063
688.306,688.059
688.305,688.058
688.302,688.054
688.300,688.051
688.300,688.051
688.298,688.048
688.298,688.049
688.296,688.046
688.289,688.035
688.296,688.045
688.294,688.042
688.295,688.043
688.293,688.041
688.294,688.042
688.292,688.040
688.293,688.041
688.291,688.039
688.290,688.037
688.291,688.039
688.290,688.036
688.291,688.038
688.289,688.036
688.291,688.038
688.292,688.040
688.290,688.038
688.292,688.039
688.298,688.048
688.299,688.049
688.304,688.057
688.302,688.053
688.302,688.053
688.299,688.050
688.300,688.050
688.297,688.047
688.290,688.037
688.288,688.035
688.287,688.033
688.289,688.035
688.295,688.045
688.296,688.046
688.294,688.043
688.292,688.040
688.293,688.042
688.300,688.050
688.300,688.051
688.298,688.048
688.295,688.045
688.296,688.046
688.294,688.043
688.295,688.044
688.293,688.042
688.294,688.043
688.292,688.040
688.294,688.042
688.292,688.039
688.293,688.041
688.286,688.031
688.285,688.030
688.287,688.032
688.286,688.031
688.284,688.029
688.286,688.032
688.285,688.030
688.287,688.033
688.289,688.035
688.287,688.033
688.289,688.036
688.288,688.034
688.289,688.036
688.288,688.034
688.286,688.032
688.288,688.034
688.287,688.033
688.289,688.035
688.287,688.033
688.289,688.035
688.287,688.033
688.286,688.032
688.280,688.023
688.279,688.022
688.282,688.026
688.284,688.029
688.283,688.027
688.285,688.030
688.284,688.029
688.286,688.031
688.285,688.030
688.284,688.028
688.278,688.020
688.277,688.020
688.277,688.019
688.280,688.023
688.279,688.022
688.274,688.014
688.274,688.014
688.268,688.007
688.272,688.012
688.272,688.012
688.275,688.016
688.275,688.016
688.278,688.020
688.278,688.020
688.277,688.019
688.280,688.023
688.279,688.022
688.279,688.021
688.281,688.025
688.281,688.024
688.275,688.016
688.275,688.016
688.275,688.016
688.278,688.020
688.277,688.019
688.280,688.023
688.274,688.015
688.274,688.015
688.277,688.019
688.285,688.030
688.287,688.032
688.294,688.042
688.287,688.032
688.280,688.023
688.280,688.023
688.282,688.026
688.289,688.036
688.291,688.038
688.289,688.036
688.291,688.038
688.289,688.036
688.288,688.034
688.281,688.025
688.281,688.024
688.280,688.023
688.282,688.026
688.282,688.025
688.284,688.028
688.283,688.027
688.282,688.026
688.284,688.029
688.283,688.028
688.282,688.026
688.284,688.029
688.284,688.028
688.285,688.031
688.284,688.029
688.286,688.032
688.280,688.023
688.279,688.022
688.282,688.026
688.273,688.013
688.268,688.006
688.263,688.000
688.264,688.001
688.260,687.995
688.262,687.997
688.255,687.988
688.251,687.983
688.254,687.986
688.250,687.982
688.253,687.985
688.255,687.988
688.259,687.994
688.253,687.985
688.255,687.988
688.252,687.983
688.254,687.986
688.256,687.989
688.252,687.984
688.246,687.976
688.249,687.980
688.254,687.987
688.256,687.990
688.261,687.996
688.262,687.998
688.271,688.011
688.272,688.011
688.272,688.012
688.275,688.016
688.275,688.016
688.275,688.016
688.278,688.020
688.277,688.019
688.277,688.019
688.280,688.023
688.279,688.022
688.273,688.014
688.276,688.018
688.268,688.007
688.263,688.000
688.259,687.994
688.261,687.996
688.265,688.002
688.266,688.003
688.267,688.004
688.262,687.998
688.263,688.000
688.256,687.990
688.253,687.985
688.247,687.977
688.250,687.981
688.255,687.988
688.257,687.990
688.258,687.993
688.263,687.999
688.264,688.000
688.257,687.991
688.261,687.997
688.255,687.988
688.256,687.990
688.261,687.996
688.262,687.998
688.255,687.989
688.260,687.995
688.261,687.997
688.255,687.988
688.251,687.983
688.253,687.986
688.250,687.982
688.253,687.985
688.247,687.976
688.252,687.984
688.249,687.980
688.251,687.983
688.256,687.990
688.253,687.985
688.255,687.988
688.260,687.995
688.261,687.997
688.262,687.998
688.258,687.993
688.252,687.984
688.254,687.987
688.248,687.978
688.250,687.982
688.253,687.985
688.258,687.992
688.251,687.983
688.253,687.986
688.250,687.981
688.255,687.989
688.257,687.991
688.259,687.993
688.263,687.999
688.264,688.001
688.268,688.006
688.263,688.000
688.264,688.001
688.260,687.995
688.261,687.997
688.263,687.999
688.267,688.004
688.267,688.005
688.260,687.995
688.264,688.001
688.265,688.002
688.266,688.004
688.262,687.998
688.263,687.999
688.259,687.994
688.263,688.000
688.264,688.001
688.268,688.006
688.269,688.007
688.269,688.008
688.273,688.013
688.273,688.013
688.273,688.013
688.268,688.006
688.268,688.007
688.261,687.997
688.257,687.991
688.251,687.982
688.253,687.985
688.250,687.981
688.252,687.984
688.257,687.991
688.262,687.997
688.263,687.999
688.259,687.993
688.255,687.988
688.257,687.991
688.261,687.997
688.255,687.988
688.256,687.990
688.253,687.985
688.247,687.977
688.250,687.981
688.255,687.988
688.257,687.991
688.258,687.993
688.255,687.988
688.257,687.990
688.258,687.993
688.255,687.988
688.257,687.990
688.250,687.982
688.247,687.977
688.242,687.970
688.245,687.974
688.251,687.982
688.245,687.974
688.248,687.978
688.245,687.974
688.248,687.978
688.250,687.982
688.247,687.978
688.253,687.985
688.255,687.988
688.260,687.995
688.253,687.985
688.255,687.988
688.252,687.983
688.254,687.987
688.256,687.989
688.252,687.985
688.254,687.987
688.256,687.990
688.253,687.985
688.255,687.988
688.252,687.983
688.257,687.990
688.258,687.993
688.252,687.984
688.257,687.991
688.250,687.982
688.247,687.978
688.245,687.974
688.240,687.967
688.243,687.971
688.241,687.968
688.244,687.973
688.239,687.966
688.237,687.963
688.241,687.968
688.247,687.977
688.244,687.973
688.247,687.977
688.252,687.985
688.257,687.991
688.259,687.994
688.255,687.989
688.249,687.980
688.251,687.983
688.248,687.979
688.251,687.982
688.253,687.986
688.250,687.981
688.247,687.977
688.250,687.981
688.247,687.977
688.249,687.981
688.252,687.984
688.249,687.980
688.251,687.983
688.253,687.986
688.258,687.993
688.260,687.995
688.253,687.986
688.250,687.981
688.252,687.984
688.246,687.976
688.244,687.973
688.247,687.977
688.241,687.969
688.239,687.966
688.243,687.971
688.246,687.975
688.251,687.983
688.253,687.986
688.255,687.989
688.252,687.984
688.246,687.976
688.249,687.980
688.254,687.987
688.248,687.978
688.242,687.971
688.240,687.968
688.243,687.972
688.238,687.965
688.237,687.963
688.232,687.956
688.236,687.962
688.235,687.960
688.233,687.958
688.229,687.952
688.233,687.958
688.232,687.956
688.228,687.951
688.224,687.946
688.229,687.952
688.228,687.951
688.227,687.950
688.224,687.945
688.223,687.944
688.228,687.951
688.225,687.946
688.224,687.945
688.232,687.956
688.228,687.950
688.224,687.945
688.232,687.956
688.236,687.962
688.242,687.971
688.240,687.968
688.235,687.961
688.239,687.966
688.237,687.964
688.233,687.957
688.240,687.967
688.246,687.975
688.248,687.979
688.243,687.971
688.249,687.980
688.243,687.972
688.238,687.965
688.236,687.962
688.240,687.967
688.238,687.965
688.233,687.958
688.237,687.964
688.236,687.961
688.239,687.966
688.235,687.960
688.241,687.969
688.231,687.955
688.235,687.961
688.234,687.959
688.232,687.957
688.236,687.962
688.240,687.967
688.238,687.965
688.234,687.958
688.237,687.964
688.236,687.961
688.239,687.966
688.243,687.971
688.241,687.968
688.236,687.961
688.231,687.955
688.230,687.954
688.229,687.952
688.234,687.958
688.229,687.953
688.228,687.951
688.233,687.957
688.237,687.963
688.240,687.968
688.246,687.976
688.249,687.980
688.252,687.983
688.248,687.979
688.243,687.971
688.238,687.964
688.236,687.962
688.232,687.956
688.236,687.962
688.242,687.971
688.245,687.975
688.243,687.972
688.246,687.976
688.249,687.979
688.246,687.976
688.249,687.979
688.243,687.972
688.241,687.968
688.239,687.966
688.234,687.959
688.241,687.968
688.236,687.962
688.232,687.956
688.228,687.950
688.227,687.949
688.223,687.944
688.220,687.940
688.220,687.940
688.225,687.947
688.222,687.942
688.222,687.942
688.219,687.938
688.224,687.945
688.224,687.944
688.231,687.955
688.235,687.961
688.234,687.959
688.238,687.964
688.241,687.969
688.239,687.966
688.245,687.975
688.248,687.979
688.242,687.971
688.240,687.968
688.235,687.961
688.231,687.955
688.230,687.953
688.226,687.948
688.223,687.943
688.222,687.943
688.222,687.943
688.227,687.950
688.224,687.945
688.220,687.940
688.217,687.936
688.215,687.932
688.215,687.933
688.213,687.930
688.211,687.926
688.220,687.939
688.225,687.946
688.229,687.953
688.237,687.963
688.232,687.956
688.236,687.962
688.235,687.960
688.233,687.958
688.237,687.963
688.233,687.957
688.231,687.955
688.227,687.950
688.227,687.949
688.226,687.948
688.231,687.954
688.235,687.960
688.233,687.958
688.237,687.963
688.241,687.968
688.239,687.966
688.242,687.970
688.245,687.975
688.243,687.971
688.246,687.975
688.240,687.968
688.238,687.965
688.242,687.970
688.237,687.963
688.235,687.961
688.239,687.966
688.234,687.959
688.233,687.957
688.237,687.963
688.240,687.968
688.236,687.961
688.234,687.959
688.230,687.953
688.226,687.948
688.226,687.947
688.222,687.942
688.227,687.949
688.226,687.948
688.226,687.947
688.222,687.943
688.222,687.942
688.214,687.931
688.220,687.939
688.225,687.946
688.224,687.946
688.221,687.941
688.218,687.937
688.215,687.933
688.216,687.934
688.213,687.930
688.219,687.938
688.219,687.938
688.216,687.934
688.214,687.931
688.212,687.928
688.212,687.929
688.210,687.926
688.208,687.923
688.209,687.925
688.208,687.922
688.206,687.920
688.207,687.922
688.208,687.923
688.207,687.921
688.205,687.919
688.206,687.921
688.213,687.930
688.211,687.926
688.211,687.928
688.212,687.929
688.218,687.937
688.224,687.944
688.223,687.944
688.228,687.951
688.227,687.950
688.227,687.949
688.223,687.944
688.220,687.939
688.220,687.939
688.225,687.947
688.222,687.942
688.222,687.942
688.219,687.938
688.224,687.945
688.223,687.944
688.220,687.940
688.217,687.936
688.218,687.936
688.218,687.936
688.223,687.944
688.223,687.943
688.222,687.943
688.227,687.950
688.224,687.945
688.223,687.944
688.223,687.944
688.220,687.939
688.225,687.947
688.225,687.946
688.221,687.941
688.218,687.937
688.218,687.937
688.219,687.937
688.216,687.934
688.213,687.930
688.214,687.931
688.212,687.928
688.210,687.925
688.208,687.922
688.201,687.913
688.200,687.911
688.199,687.910
688.198,687.909
688.200,687.912
688.202,687.914
688.201,687.913
688.200,687.911
688.202,687.914
688.201,687.912
688.199,687.911
688.207,687.921
688.208,687.923
688.201,687.913
688.200,687.911
688.199,687.910
688.193,687.902
688.193,687.901
688.192,687.901
688.192,687.901
688.192,687.900
688.194,687.904
688.194,687.903
688.194,687.903
688.196,687.906
688.198,687.909
688.198,687.908
688.205,687.918
688.206,687.920
688.208,687.922
688.206,687.920
688.204,687.918
688.206,687.920
688.207,687.922
688.205,687.919
688.207,687.921
688.208,687.923
688.206,687.920
688.205,687.918
688.206,687.920
688.213,687.929
688.219,687.937
688.219,687.938
688.216,687.934
688.221,687.942
688.221,687.941
688.218,687.937
688.224,687.945
688.223,687.944
688.220,687.940
688.217,687.936
688.217,687.936
688.218,687.936
688.223,687.944
688.228,687.951
688.227,687.950
688.224,687.945
688.228,687.951
688.220,687.939
688.220,687.939
688.225,687.946
688.221,687.942
688.221,687.941
688.218,687.937
688.216,687.933
688.216,687.934
688.216,687.934
688.222,687.942
688.219,687.938
688.211,687.927
688.212,687.928
688.210,687.925
688.208,687.922
688.209,687.924
688.210,687.925
688.208,687.923
688.206,687.920
688.208,687.922
688.209,687.924
688.202,687.914
688.201,687.913
688.202,687.915
688.204,687.917
688.203,687.916
688.204,687.918
688.206,687.920
688.204,687.918
688.203,687.916
688.202,687.914
688.203,687.916
688.202,687.915
688.201,687.913
688.203,687.916
688.212,687.929
688.210,687.926
688.208,687.923
688.209,687.925
688.208,687.922
688.206,687.920
688.207,687.922
688.206,687.919
688.212,687.928
688.221,687.941
688.213,687.929
688.211,687.926
688.217,687.935
688.217,687.935
688.214,687.932
688.212,687.928
688.213,687.929
688.219,687.938
688.216,687.934
688.213,687.930
688.214,687.931
688.212,687.928
688.210,687.925
688.208,687.922
688.201,687.913
688.203,687.915
688.201,687.914
688.200,687.912
688.202,687.915
688.201,687.913
688.200,687.912
688.199,687.910
688.201,687.913
688.203,687.915
688.201,687.914
688.192,687.901
688.195,687.905
688.197,687.908
688.189,687.896
688.189,687.896
688.192,687.900
688.186,687.892
688.187,687.893
688.179,687.882
688.180,687.884
688.176,687.878
688.177,687.880
688.178,687.881
688.171,687.872
688.168,687.867
688.173,687.874
688.174,687.876
688.176,687.878
688.177,687.880
688.181,687.886
688.185,687.891
688.185,687.891
688.186,687.892
688.186,687.892
688.189,687.897
688.184,687.890
688.185,687.890
688.185,687.891
688.189,687.896
688.191,687.900
688.191,687.900
688.191,687.899
688.191,687.899
688.183,687.888
688.178,687.882
688.180,687.883
688.180,687.884
688.184,687.890
688.188,687.894
688.188,687.895
688.188,687.895
688.188,687.895
688.183,687.888
688.187,687.893
688.187,687.893
688.187,687.894
688.190,687.898
688.185,687.891
688.186,687.892
688.186,687.892
688.186,687.893
688.190,687.897
688.184,687.890
688.185,687.891
688.185,687.891
688.186,687.892
688.186,687.892
688.181,687.886
688.177,687.879
688.181,687.885
688.174,687.875
688.175,687.877
688.171,687.872
688.168,687.867
688.170,687.870
688.172,687.873
688.174,687.875
688.175,687.877
688.171,687.872
688.173,687.874
688.175,687.876
688.176,687.878
688.180,687.884
688.184,687.889
688.185,687.890
688.185,687.891
688.186,687.892
688.186,687.892
688.181,687.885
688.182,687.887
688.183,687.888
688.183,687.888
688.179,687.882
688.175,687.876
688.179,687.882
688.180,687.884
688.181,687.885
688.177,687.879
688.181,687.885
688.181,687.886
688.182,687.887
688.183,687.888
688.178,687.882
688.174,687.876
688.176,687.878
688.177,687.880
688.186,687.893
688.190,687.897
688.190,687.897
688.190,687.897
688.198,687.908
688.200,687.911
688.194,687.903
688.193,687.902
688.193,687.902
688.187,687.894
688.182,687.887
688.175,687.877
688.176,687.879
688.178,687.881
688.174,687.875
688.175,687.877
688.177,687.879
688.181,687.885
688.176,687.879
688.170,687.869
688.172,687.872
688.173,687.875
688.170,687.869
688.172,687.872
688.173,687.875
688.175,687.877
688.179,687.883
688.183,687.888
688.187,687.893
688.187,687.893
688.187,687.894
688.187,687.894
688.190,687.898
688.193,687.902
688.196,687.906
688.195,687.905
688.195,687.904
688.186,687.892
688.178,687.882
688.174,687.876
688.176,687.878
688.177,687.880
688.178,687.882
688.182,687.887
688.186,687.892
688.186,687.892
688.178,687.882
688.180,687.883
688.175,687.877
688.180,687.883
688.180,687.884
688.181,687.886
688.182,687.887
688.186,687.892
688.189,687.896
688.189,687.896
688.189,687.896
688.184,687.889
688.187,687.894
688.182,687.887
688.183,687.888
688.184,687.889
688.184,687.890
688.185,687.891
688.188,687.895
688.188,687.896
688.189,687.896
688.189,687.896
688.184,687.889
688.187,687.893
688.187,687.894
688.188,687.894
688.188,687.895
688.183,687.888
688.183,687.889
688.184,687.889
688.177,687.879
688.170,687.870
688.175,687.876
688.171,687.871
688.173,687.874
688.166,687.865
688.168,687.868
688.162,687.859
688.160,687.856
688.166,687.864
688.163,687.860
688.157,687.852
688.152,687.845
688.156,687.850
688.154,687.847
688.160,687.856
688.158,687.853
688.161,687.857
688.164,687.861
688.166,687.864
688.171,687.871
688.173,687.874
688.174,687.876
688.176,687.878
688.172,687.873
688.177,687.879
688.170,687.870
688.172,687.872
688.173,687.875
688.170,687.870
688.174,687.876
688.168,687.867
688.170,687.870
688.172,687.873
688.174,687.875
688.170,687.870
688.167,687.865
688.161,687.857
688.156,687.850
688.159,687.854
688.157,687.851
688.154,687.848
688.158,687.853
688.161,687.857
688.164,687.861
688.166,687.865
688.163,687.860
688.160,687.857
688.163,687.861
688.166,687.864
688.168,687.867
688.165,687.863
688.162,687.859
688.159,687.855
688.157,687.852
688.152,687.845
688.156,687.850
688.159,687.855
688.157,687.852
688.155,687.849
688.158,687.853
688.153,687.846
688.149,687.840
688.144,687.834
688.144,687.833
688.143,687.832
688.139,687.827
688.144,687.834
688.148,687.840
688.152,687.845
688.151,687.843
688.149,687.841
688.153,687.846
688.156,687.851
688.160,687.856
688.157,687.852
688.155,687.849
688.153,687.847
688.157,687.851
688.152,687.845
688.147,687.839
688.146,687.837
688.145,687.835
688.144,687.834
688.148,687.840
688.144,687.834
688.141,687.829
688.137,687.824
688.137,687.824
688.145,687.835
688.144,687.834
688.148,687.840
688.144,687.834
688.141,687.829
688.137,687.824
688.137,687.824
688.137,687.824
688.142,687.831
688.146,687.837
688.151,687.843
688.149,687.841
688.148,687.839
688.152,687.845
688.155,687.850
688.151,687.843
688.149,687.841
688.148,687.839
688.152,687.845
688.155,687.850
688.151,687.843
688.146,687.837
688.151,687.843
688.157,687.852
688.163,687.860
688.158,687.853
688.161,687.857
688.155,687.850
688.159,687.854
688.154,687.847
688.160,687.856
688.158,687.853
688.155,687.850
688.151,687.843
688.154,687.848
688.158,687.853
688.153,687.846
688.151,687.844
688.150,687.841
688.148,687.839
688.152,687.845
688.148,687.839
688.146,687.837
688.145,687.836
688.150,687.841
688.153,687.847
688.149,687.840
688.145,687.835
688.141,687.830
688.140,687.829
688.140,687.828
688.145,687.835
688.149,687.841
688.153,687.846
688.156,687.851
688.154,687.848
688.153,687.846
688.151,687.843
688.147,687.837
688.151,687.843
688.146,687.837
688.151,687.843
688.154,687.848
688.150,687.842
688.148,687.840
688.155,687.849
688.158,687.854
688.153,687.847
688.157,687.852
688.152,687.845
688.150,687.843
688.157,687.852
688.155,687.849
688.150,687.842
688.154,687.848
688.149,687.841
688.145,687.835
688.152,687.845
688.151,687.843
688.154,687.848
688.150,687.842
688.154,687.847
688.157,687.852
688.163,687.860
688.158,687.853
688.153,687.846
688.148,687.839
688.144,687.834
688.140,687.829
688.148,687.839
688.155,687.849
688.153,687.846
688.156,687.851
688.160,687.855
688.154,687.848
688.150,687.842
688.146,687.836
688.145,687.835
688.152,687.844
688.150,687.842
688.146,687.836
688.142,687.831
688.141,687.830
688.149,687.840
688.147,687.839
688.143,687.833
688.140,687.828
688.137,687.823
688.136,687.823
688.144,687.834
688.143,687.833
688.148,687.839
688.152,687.845
688.147,687.839
688.146,687.837
688.153,687.846
688.157,687.851
688.160,687.856
688.155,687.849
688.153,687.846
688.151,687.844
688.150,687.841
688.145,687.836
688.150,687.841
688.153,687.847
688.149,687.840
688.147,687.839
688.146,687.837
688.145,687.835
688.144,687.834
688.148,687.840
688.152,687.845
688.156,687.850
688.154,687.848
688.160,687.856
688.163,687.860
688.157,687.852
688.161,687.857
688.155,687.849
688.153,687.847
688.160,687.856
688.163,687.860
688.157,687.852
688.152,687.845
688.159,687.854
688.156,687.851
688.162,687.859
688.157,687.852
688.160,687.856
688.163,687.860
688.157,687.852
688.155,687.849
688.153,687.847
688.157,687.852
688.160,687.856
688.155,687.849
688.150,687.842
688.146,687.836
688.145,687.835
688.144,687.834
688.143,687.832
688.142,687.831
688.139,687.826
688.136,687.822
688.133,687.818
688.138,687.826
688.135,687.821
688.140,687.828
688.137,687.824
688.137,687.824
688.137,687.823
688.136,687.823
688.133,687.819
688.131,687.815
688.128,687.812
688.126,687.809
688.119,687.799
688.121,687.801
688.122,687.803
688.123,687.805
688.129,687.813
688.135,687.821
688.132,687.818
688.130,687.814
688.136,687.822
688.135,687.822
688.135,687.822
688.135,687.822
688.135,687.822
688.141,687.829
688.145,687.835
688.141,687.830
688.138,687.825
688.138,687.825
688.137,687.825
688.137,687.824
688.129,687.813
688.130,687.814
688.127,687.810
688.125,687.807
688.123,687.805
688.122,687.802
688.128,687.811
688.129,687.812
688.129,687.813
688.130,687.814
688.128,687.811
688.125,687.808
688.132,687.816
688.129,687.813
688.130,687.814
688.138,687.826
688.138,687.825
688.138,687.825
688.135,687.820
688.132,687.817
688.137,687.824
688.134,687.820
688.132,687.816
688.132,687.817
688.132,687.817
688.132,687.818
688.138,687.825
688.135,687.821
688.132,687.817
688.138,687.825
688.137,687.824
688.137,687.824
688.137,687.824
688.142,687.831
688.138,687.826
688.135,687.822
688.133,687.818
688.133,687.818
688.133,687.818
688.133,687.819
688.130,687.815
688.136,687.823
688.133,687.819
688.139,687.826
688.143,687.833
688.151,687.843
688.149,687.841
688.145,687.835
688.141,687.830
688.138,687.825
688.135,687.821
688.132,687.817
688.130,687.814
688.130,687.814
688.122,687.804
688.124,687.805
688.122,687.803
688.120,687.801
688.119,687.799
688.118,687.797
688.117,687.795
688.115,687.794
688.115,687.793
688.114,687.791
688.113,687.790
688.120,687.801
688.122,687.802
688.115,687.793
688.117,687.796
688.110,687.787
688.113,687.790
688.112,687.789
688.111,687.788
688.111,687.788
688.110,687.787
688.110,687.786
688.109,687.786
688.109,687.785
688.112,687.789
688.114,687.792
688.108,687.783
688.108,687.783
688.107,687.783
688.107,687.782
688.107,687.782
688.107,687.782
688.107,687.782
688.109,687.786
688.112,687.789
688.106,687.781
688.109,687.785
688.111,687.788
688.105,687.780
688.100,687.773
688.095,687.766
688.099,687.771
688.100,687.772
688.100,687.773
688.101,687.774
688.101,687.774
688.102,687.775
688.102,687.775
688.102,687.776
688.103,687.776
688.106,687.780
688.109,687.784
688.103,687.777
688.106,687.781
688.114,687.792
688.113,687.791
688.112,687.790
688.112,687.789
688.111,687.788
688.111,687.787
688.110,687.787
688.113,687.790
688.115,687.793
688.117,687.796
688.124,687.805
688.130,687.814
688.128,687.811
688.125,687.808
688.126,687.809
688.127,687.810
688.128,687.811
688.121,687.801
688.122,687.803
688.123,687.805
688.124,687.806
688.122,687.804
688.121,687.801
688.119,687.799
688.118,687.798
688.117,687.796
688.124,687.806
688.122,687.803
688.120,687.801
688.122,687.803
688.123,687.805
688.116,687.795
688.115,687.794
688.114,687.792
688.121,687.802
688.128,687.811
688.126,687.808
688.124,687.806
688.125,687.807
688.126,687.809
688.119,687.798
688.120,687.801
688.119,687.799
688.126,687.808
688.124,687.805
688.114,687.792
688.105,687.780
688.105,687.780
688.105,687.780
688.105,687.780
688.105,687.780
688.105,687.780
688.105,687.780
688.105,687.780
688.108,687.784
688.103,687.776
688.106,687.780
688.100,687.773
688.104,687.778
688.107,687.782
688.107,687.782
688.106,687.781
688.098,687.770
688.099,687.771
688.100,687.772
688.100,687.773
688.101,687.773
688.101,687.774
688.110,687.786
688.109,687.785
688.109,687.785
688.103,687.777
688.098,687.770
688.102,687.775
688.105,687.779
688.100,687.772
688.100,687.773
688.101,687.773
688.096,687.767
688.097,687.768
688.098,687.769
688.098,687.770
688.099,687.771
688.100,687.772
688.100,687.773
688.101,687.773
688.109,687.785
688.109,687.785
688.111,687.788
688.114,687.791
688.116,687.794
688.117,687.797
688.119,687.799
688.121,687.801
688.122,687.803
688.123,687.805
688.122,687.802
688.120,687.800
688.111,687.787
688.110,687.786
688.110,687.786
688.109,687.785
688.109,687.785
688.109,687.784
688.108,687.784
688.111,687.788
688.113,687.791
688.115,687.794
688.117,687.796
688.119,687.799
688.120,687.801
688.122,687.803
688.120,687.801
688.119,687.799
688.118,687.797
688.116,687.795
688.123,687.805
688.122,687.803
688.120,687.801
688.119,687.799
688.109,687.786
688.109,687.785
688.104,687.777
688.098,687.770
688.094,687.764
688.098,687.769
688.101,687.774
688.104,687.779
688.099,687.772
688.103,687.776
688.103,687.777
688.103,687.777
688.103,687.777
688.096,687.766
688.089,687.756
688.098,687.770
688.091,687.760
688.092,687.762
688.094,687.763
688.087,687.754
688.088,687.756
688.082,687.747
688.084,687.751
688.086,687.753
688.080,687.745
688.083,687.748
688.085,687.751
688.087,687.754
688.088,687.756
688.093,687.762
688.089,687.757
688.085,687.752
688.090,687.758
688.094,687.764
688.098,687.770
688.094,687.763
688.089,687.758
688.086,687.753
688.090,687.759
688.095,687.765
688.099,687.770
688.094,687.764
688.090,687.758
688.094,687.764
688.098,687.770
688.093,687.763
688.089,687.758
688.086,687.752
688.090,687.759
688.087,687.754
688.083,687.749
688.088,687.756
688.084,687.751
688.081,687.746
688.078,687.742
688.076,687.738
688.073,687.735
688.079,687.743
688.084,687.751
688.078,687.742
688.073,687.735
688.076,687.739
688.071,687.732
688.074,687.736
688.069,687.729
688.072,687.734
688.076,687.738
688.078,687.742
688.073,687.735
688.076,687.739
688.079,687.743
688.073,687.735
688.076,687.740
688.071,687.732
688.074,687.737
688.077,687.741
688.075,687.737
688.073,687.734
688.078,687.742
688.084,687.750
688.086,687.753
688.080,687.744
688.074,687.736
688.069,687.729
688.067,687.727
688.071,687.732
688.074,687.737
688.069,687.730
688.073,687.734
688.076,687.739
688.079,687.743
688.073,687.735
688.076,687.739
688.082,687.747
688.087,687.754
688.083,687.749
688.080,687.745
688.083,687.748
688.085,687.751
688.087,687.754
688.089,687.756
688.090,687.759
688.092,687.761
688.093,687.763
688.094,687.764
688.087,687.755
688.081,687.746
688.083,687.749
688.085,687.752
688.079,687.744
688.082,687.747
688.084,687.750
688.086,687.753
688.088,687.756
688.090,687.758
688.091,687.760
688.092,687.762
688.094,687.764
688.098,687.769
688.090,687.759
688.084,687.750
688.086,687.753
688.080,687.744
688.082,687.747
688.076,687.739
688.079,687.743
688.076,687.740
688.079,687.743
688.076,687.740
688.074,687.736
688.080,687.744
688.077,687.740
688.082,687.748
688.087,687.755
688.092,687.761
688.096,687.767
688.092,687.761
688.088,687.755
688.084,687.750
688.081,687.746
688.078,687.742
688.083,687.749
688.080,687.745
688.075,687.737
688.080,687.745
688.078,687.741
688.075,687.738
688.073,687.734
688.070,687.731
688.069,687.729
688.067,687.726
688.065,687.724
688.072,687.733
688.078,687.742
688.075,687.738
688.073,687.735
688.071,687.732
688.069,687.729
688.067,687.726
688.065,687.724
688.064,687.722
688.063,687.720
688.062,687.719
688.060,687.717
688.057,687.712
688.061,687.719
688.057,687.713
688.054,687.708
688.051,687.704
688.048,687.700
688.045,687.696
688.043,687.693
688.041,687.690
688.047,687.699
688.045,687.695
688.050,687.703
688.056,687.711
688.052,687.706
688.049,687.702
688.055,687.709
688.060,687.716
688.056,687.711
688.053,687.706
688.058,687.713
688.054,687.709
688.051,687.704
688.048,687.700
688.046,687.697
688.051,687.705
688.051,687.704
688.051,687.704
688.059,687.715
688.063,687.722
688.068,687.727
688.071,687.732
688.074,687.737
688.077,687.741
688.080,687.745
688.083,687.748
688.077,687.740
688.079,687.744
688.074,687.736
688.077,687.740
688.080,687.744
688.082,687.747
688.084,687.751
688.078,687.742
688.084,687.750
688.086,687.753
688.088,687.755
688.089,687.758
688.091,687.760
688.084,687.750
688.086,687.753
688.080,687.745
688.074,687.737
688.077,687.741
688.080,687.745
688.083,687.748
688.077,687.740
688.079,687.744
688.082,687.747
688.084,687.750
688.086,687.753
688.083,687.748
688.080,687.744
688.074,687.736
688.069,687.729
688.075,687.738
688.081,687.746
688.078,687.742
688.075,687.738
688.073,687.735
688.076,687.739
688.082,687.747
688.079,687.743
688.076,687.739
688.082,687.747
688.084,687.750
688.086,687.753
688.080,687.744
688.074,687.737
688.077,687.741
688.072,687.733
688.075,687.738
688.070,687.731
688.073,687.735
688.076,687.740
688.079,687.743
688.074,687.736
688.077,687.740
688.079,687.744
688.082,687.747
688.076,687.739
688.071,687.732
688.074,687.736
688.069,687.729
688.073,687.734
688.068,687.727
688.063,687.721
688.067,687.727
688.071,687.732
688.066,687.725
688.070,687.730
688.073,687.735
688.071,687.732
688.077,687.741
688.080,687.744
688.082,687.748
688.085,687.751
688.087,687.754
688.080,687.745
688.075,687.737
688.070,687.730
688.068,687.728
688.063,687.721
688.067,687.727
688.071,687.732
688.074,687.737
688.069,687.730
688.073,687.734
688.071,687.731
688.069,687.729
688.067,687.726
688.062,687.720
688.059,687.715
688.063,687.721
688.067,687.726
688.063,687.720
688.061,687.719
688.060,687.717
688.059,687.716
688.056,687.711
688.063,687.721
688.062,687.720
688.061,687.718
688.068,687.728
688.066,687.725
688.062,687.720
688.058,687.714
688.055,687.709
688.051,687.705
688.049,687.701
688.054,687.708
688.051,687.704
688.048,687.700
688.054,687.708
688.058,687.715
688.055,687.710
688.060,687.716
688.056,687.711
688.047,687.699
688.048,687.700
688.045,687.696
688.043,687.693
688.041,687.690
688.039,687.687
688.037,687.685
688.044,687.694
688.042,687.691
688.040,687.688
688.038,687.686
688.036,687.684
688.035,687.682
688.034,687.680
688.032,687.678
688.039,687.688
688.038,687.686
688.039,687.687
688.040,687.689
688.041,687.690
688.042,687.691
688.040,687.689
688.046,687.697
688.047,687.698
688.047,687.698
688.047,687.699
688.045,687.695
688.042,687.692
688.040,687.689
688.047,687.698
688.044,687.695
688.050,687.703
688.055,687.710
688.052,687.706
688.049,687.702
688.055,687.709
688.059,687.716
688.064,687.722
688.068,687.728
688.063,687.721
688.067,687.727
688.063,687.721
688.067,687.726
688.071,687.732
688.074,687.736
688.069,687.729
688.064,687.723
688.060,687.717
688.057,687.712
688.053,687.707
688.058,687.714
688.055,687.709
688.059,687.716
688.056,687.711
688.052,687.706
688.052,687.706
688.049,687.702
688.055,687.709
688.054,687.709
688.054,687.708
688.054,687.708
688.053,687.707
688.053,687.707
688.053,687.707
688.052,687.706
688.052,687.706
688.052,687.706
688.052,687.705
688.052,687.705
688.052,687.705
688.052,687.705
688.049,687.701
688.054,687.708
688.054,687.708
688.053,687.708
688.053,687.707
688.058,687.714
688.057,687.713
688.054,687.708
688.059,687.715
688.055,687.710
688.052,687.706
688.049,687.701
688.054,687.709
688.051,687.704
688.056,687.712
688.053,687.707
688.058,687.714
688.055,687.709
688.059,687.716
688.056,687.711
688.052,687.706
688.049,687.702
688.055,687.709
688.052,687.705
688.049,687.701
688.054,687.708
688.051,687.704
688.056,687.711
688.053,687.707
688.058,687.714
688.054,687.709
688.059,687.716
688.064,687.722
688.060,687.716
688.056,687.711
688.053,687.706
688.050,687.702
688.055,687.710
688.052,687.705
688.049,687.701
688.046,687.697
688.044,687.694
688.050,687.702
688.047,687.698
688.044,687.695
688.050,687.703
688.047,687.699
688.048,687.700
688.048,687.700
688.048,687.700
688.046,687.697
688.051,687.705
688.048,687.701
688.046,687.697
688.043,687.694
688.041,687.691
688.039,687.688
688.038,687.686
688.036,687.683
688.035,687.681
688.033,687.680
688.040,687.689
688.038,687.687
688.031,687.677
688.033,687.680
688.035,687.682
688.028,687.673
688.030,687.676
688.038,687.685
688.039,687.687
688.037,687.685
688.036,687.683
688.034,687.681
688.033,687.679
688.032,687.677
688.031,687.676
688.030,687.675
688.029,687.674
688.028,687.673
688.028,687.672
688.030,687.675
688.032,687.677
688.025,687.669
688.025,687.668
688.033,687.679
688.034,687.681
688.036,687.683
688.042,687.692
688.048,687.701
688.046,687.697
688.043,687.694
688.041,687.691
688.039,687.688
688.040,687.689
688.039,687.687
688.037,687.685
688.038,687.686
688.039,687.688
688.040,687.689
688.033,687.680
688.040,687.689
688.038,687.687
688.040,687.688
688.041,687.690
688.042,687.691
688.042,687.692
688.040,687.689
688.039,687.687
688.045,687.696
688.051,687.704
688.056,687.711
688.061,687.718
688.057,687.712
688.053,687.708
688.058,687.714
688.063,687.721
688.059,687.715
688.063,687.721
688.067,687.727
688.071,687.732
688.066,687.725
688.062,687.719
688.058,687.714
688.063,687.720
688.067,687.726
688.062,687.720
688.058,687.715
688.063,687.721
688.059,687.715
688.055,687.710
688.060,687.717
688.059,687.716
688.058,687.714
688.063,687.721
688.059,687.715
688.058,687.714
688.055,687.709
688.051,687.705
688.056,687.712
688.053,687.707
688.058,687.714
688.055,687.709
688.059,687.716
688.056,687.711
688.060,687.717
688.065,687.723
688.069,687.729
688.072,687.734
688.075,687.738
688.070,687.731
688.073,687.736
688.077,687.740
688.079,687.744
688.074,687.736
688.077,687.740
688.071,687.733
688.067,687.726
688.062,687.720
688.066,687.726
688.070,687.731
688.065,687.724
688.061,687.719
688.052,687.706
688.052,687.706
688.052,687.705
688.052,687.705
688.052,687.705
688.049,687.701
688.046,687.697
688.044,687.694
688.042,687.691
688.048,687.699
688.045,687.696
688.043,687.693
688.049,687.701
688.054,687.709
688.059,687.715
688.055,687.710
688.052,687.706
688.049,687.702
688.047,687.698
688.044,687.695
688.042,687.691
688.048,687.700
688.048,687.700
688.054,687.708
688.053,687.707
688.045,687.696
688.037,687.685
688.039,687.687
688.040,687.689
688.038,687.686
688.036,687.684
688.035,687.682
688.042,687.691
688.040,687.689
688.038,687.686
688.044,687.695
688.050,687.703
688.055,687.710
688.052,687.706
688.049,687.702
688.047,687.698
688.039,687.687
688.032,687.678
688.034,687.680
688.032,687.678
688.039,687.688
688.046,687.697
688.051,687.705
688.048,687.701
688.046,687.697
688.043,687.694
688.041,687.691
688.047,687.699
688.053,687.707
688.058,687.714
688.062,687.720
688.059,687.715
688.055,687.710
688.052,687.705
688.049,687.701
688.046,687.698
688.044,687.694
688.044,687.695
688.045,687.696
688.045,687.696
688.043,687.693
688.044,687.694
688.044,687.695
688.053,687.707
688.053,687.707
688.053,687.706
688.052,687.706
688.052,687.706
688.052,687.706
688.052,687.705
688.052,687.705
688.060,687.716
688.059,687.715
688.066,687.725
688.062,687.719
688.066,687.725
688.062,687.719
688.058,687.714
688.054,687.709
688.051,687.704
688.056,687.712
688.053,687.707
688.050,687.703
688.047,687.699
688.053,687.707
688.050,687.702
688.047,687.699
688.052,687.706
688.049,687.702
688.050,687.702
688.050,687.702
688.050,687.702
688.050,687.702
688.050,687.703
688.050,687.703
688.047,687.699
688.045,687.695
688.050,687.703
688.048,687.699
688.045,687.696
688.051,687.704
688.048,687.700
688.045,687.696
688.051,687.704
688.056,687.712
688.053,687.707
688.050,687.703
688.047,687.699
688.048,687.699
688.048,687.700
688.045,687.696
688.046,687.697
688.046,687.697
688.047,687.698
688.047,687.698
688.047,687.699
688.047,687.699
688.048,687.700
688.048,687.700
688.048,687.700
688.048,687.701
688.057,687.712
688.056,687.711
688.055,687.710
688.055,687.710
688.055,687.709
688.051,687.705
688.051,687.705
688.051,687.704
688.056,687.712
688.053,687.707
688.058,687.714
688.054,687.709
688.059,687.716
688.064,687.722
688.060,687.716
688.056,687.711
688.053,687.707
688.058,687.713
688.054,687.709
688.059,687.715
688.055,687.710
688.060,687.717
688.057,687.712
688.061,687.718
688.057,687.713
688.062,687.719
688.066,687.725
688.070,687.730
688.068,687.728
688.066,687.725
688.065,687.723
688.055,687.710
688.055,687.710
688.054,687.709
688.054,687.708
688.051,687.704
688.048,687.700
688.046,687.697
688.043,687.693
688.049,687.702
688.055,687.709
688.051,687.705
688.056,687.712
688.053,687.707
688.050,687.703
688.047,687.699
688.053,687.707
688.050,687.703
688.047,687.699
688.045,687.695
688.050,687.703
688.056,687.711
688.060,687.717
688.057,687.712
688.061,687.719
688.065,687.724
688.061,687.719
688.065,687.724
688.069,687.730
688.065,687.723
688.061,687.717
688.065,687.723
688.069,687.729
688.072,687.734
688.075,687.738
688.070,687.731
688.065,687.724
688.069,687.730
688.073,687.734
688.068,687.728
688.063,687.721
688.062,687.720
688.058,687.714
688.055,687.709
688.054,687.709
688.054,687.708
688.051,687.704
688.059,687.715
688.058,687.714
688.057,687.713
688.057,687.712
688.056,687.711
688.055,687.710
688.055,687.710
688.055,687.709
688.054,687.708
688.054,687.708
688.051,687.704
688.056,687.711
688.055,687.710
688.055,687.710
688.054,687.709
688.051,687.704
688.048,687.700
688.054,687.708
688.059,687.715
688.063,687.721
688.062,687.719
688.066,687.725
688.065,687.723
688.068,687.729
688.072,687.733
688.067,687.727
688.063,687.721
688.067,687.726
688.063,687.720
688.067,687.726
688.062,687.720
688.066,687.726
688.070,687.731
688.065,687.724
688.061,687.719
688.057,687.713
688.054,687.708
688.059,687.715
688.055,687.710
688.060,687.717
688.056,687.712
688.061,687.718
688.057,687.713
688.057,687.712
688.056,687.711
688.053,687.706
688.058,687.713
688.054,687.709
688.059,687.715
688.063,687.721
688.067,687.727
688.066,687.725
688.064,687.723
688.063,687.721
688.059,687.715
688.066,687.725
688.065,687.723
688.063,687.721
688.070,687.731
688.068,687.728
688.067,687.726
688.065,687.724
688.064,687.722
688.060,687.716
688.064,687.722
688.071,687.732
688.074,687.736
688.080,687.744
688.077,687.741
688.075,687.737
688.077,687.741
688.080,687.745
688.075,687.737
688.077,687.741
688.072,687.734
688.075,687.738
688.073,687.735
688.079,687.743
688.076,687.739
688.071,687.732
688.074,687.736
688.077,687.741
688.072,687.733
688.075,687.738
688.078,687.742
688.081,687.745
688.083,687.749
688.077,687.741
688.072,687.733
688.075,687.738
688.078,687.742
688.081,687.745
688.083,687.749
688.085,687.752
688.082,687.747
688.084,687.750
688.086,687.753
688.080,687.744
688.082,687.748
688.085,687.751
688.078,687.742
688.081,687.746
688.083,687.749
688.088,687.756
688.082,687.747
688.076,687.739
688.079,687.743
688.073,687.735
688.076,687.740
688.079,687.743
688.082,687.747
688.076,687.739
688.079,687.743
688.073,687.735
688.076,687.739
688.079,687.743
688.082,687.747
688.084,687.750
688.078,687.742
688.072,687.734
688.076,687.738
688.070,687.731
688.077,687.740
688.082,687.748
688.087,687.755
688.092,687.761
688.088,687.755
688.081,687.747
688.084,687.750
688.081,687.745
688.075,687.737
688.070,687.730
688.065,687.724
688.061,687.718
688.065,687.724
688.069,687.729
688.064,687.723
688.068,687.728
688.064,687.722
688.068,687.728
688.071,687.733
688.075,687.737
688.078,687.741
688.080,687.745
688.083,687.748
688.077,687.740
688.071,687.733
688.075,687.737
688.070,687.730
688.073,687.735
688.068,687.728
688.064,687.722
688.068,687.727
688.063,687.721
688.059,687.716
688.064,687.722
688.060,687.716
688.064,687.722
688.068,687.728
688.063,687.721
688.067,687.727
688.071,687.732
688.074,687.737
688.077,687.741
688.080,687.745
688.082,687.748
688.087,687.755
688.084,687.750
688.081,687.746
688.078,687.742
688.081,687.745
688.083,687.749
688.085,687.752
688.087,687.754
688.089,687.757
688.090,687.759
688.092,687.761
688.093,687.763
688.094,687.764
688.095,687.766
688.096,687.767
688.097,687.768
688.098,687.770
688.099,687.771
688.091,687.760
688.093,687.762
688.086,687.753
688.080,687.744
688.074,687.736
688.077,687.741
688.072,687.733
688.075,687.738
688.070,687.730
688.065,687.724
688.069,687.729
688.065,687.723
688.060,687.717
688.065,687.723
688.060,687.717
688.065,687.723
688.069,687.729
688.072,687.734
688.075,687.738
688.070,687.731
688.073,687.736
688.068,687.729
688.064,687.722
688.068,687.728
688.072,687.733
688.075,687.737
688.070,687.730
688.073,687.735
688.071,687.732
688.066,687.725
688.070,687.730
688.068,687.728
688.066,687.725
688.065,687.723
688.063,687.721
688.062,687.720
688.061,687.718
688.065,687.724
688.061,687.718
688.065,687.724
688.069,687.729
688.067,687.727
688.071,687.732
688.066,687.725
688.070,687.731
688.065,687.724
688.069,687.729
688.073,687.734
688.076,687.739
688.079,687.743
688.081,687.746
688.083,687.749
688.078,687.741
688.075,687.738
688.081,687.746
688.078,687.742
688.075,687.738
688.073,687.735
688.071,687.732
688.077,687.740
688.074,687.737
688.080,687.745
688.077,687.741
688.080,687.745
688.082,687.748
688.079,687.744
688.085,687.751
688.089,687.758
688.091,687.760
688.092,687.762
688.094,687.764
688.095,687.765
688.096,687.767
688.097,687.768
688.098,687.769
688.090,687.759
688.092,687.761
688.093,687.763
688.089,687.757
688.093,687.763
688.097,687.769
688.093,687.763
688.097,687.768
688.092,687.762
688.096,687.768
688.100,687.773
688.101,687.773
688.101,687.774
688.102,687.775
688.102,687.775
688.102,687.776
688.103,687.776
688.103,687.776
688.103,687.777
688.103,687.777
688.104,687.777
688.104,687.778
688.104,687.778
688.107,687.782
688.102,687.775
688.097,687.768
688.092,687.762
688.096,687.767
688.097,687.768
688.101,687.773
688.101,687.774
688.102,687.775
688.102,687.775
688.102,687.776
688.103,687.776
688.103,687.776
688.103,687.777
688.103,687.777
688.104,687.777
688.104,687.778
688.096,687.767
688.097,687.768
688.092,687.762
688.096,687.767
688.100,687.773
688.095,687.766
688.099,687.771
688.100,687.772
688.100,687.773
688.101,687.773
688.101,687.774
688.102,687.775
688.102,687.775
688.102,687.776
688.103,687.776
688.098,687.769
688.093,687.763
688.097,687.768
688.101,687.773
688.096,687.767
688.097,687.768
688.098,687.769
688.098,687.770
688.099,687.771
688.100,687.772
688.100,687.773
688.101,687.773
688.101,687.774
688.102,687.775
688.105,687.779
688.108,687.783
688.110,687.787
688.105,687.779
688.107,687.783
688.102,687.775
688.105,687.780
688.108,687.784
688.108,687.783
688.108,687.783
688.107,687.783
688.107,687.782
688.099,687.771
688.100,687.772
688.103,687.777
688.106,687.781
688.101,687.773
688.093,687.763
688.094,687.764
688.087,687.755
688.089,687.757
688.091,687.759
688.092,687.761
688.093,687.763
688.094,687.765
688.096,687.766
688.096,687.768
688.097,687.769
688.098,687.770
688.099,687.771
688.099,687.772
688.100,687.772
688.095,687.766
688.096,687.767
688.092,687.761
688.088,687.756
688.084,687.751
688.081,687.746
688.086,687.753
688.091,687.760
688.095,687.766
688.091,687.760
688.092,687.762
688.093,687.763
688.087,687.754
688.088,687.756
688.082,687.747
688.084,687.750
688.086,687.753
688.088,687.756
688.090,687.758
688.091,687.760
688.093,687.762
688.094,687.764
688.095,687.765
688.096,687.767
688.097,687.768
688.098,687.769
688.098,687.770
688.094,687.764
688.098,687.769
688.093,687.763
688.089,687.757
688.094,687.763
688.097,687.769
688.098,687.770
688.099,687.771
688.092,687.761
688.093,687.763
688.094,687.764
688.095,687.766
688.088,687.756
688.090,687.758
688.091,687.760
688.093,687.762
688.097,687.768
688.092,687.762
688.096,687.767
688.100,687.772
688.095,687.766
688.091,687.760
688.087,687.755
688.081,687.746
688.075,687.738
688.073,687.735
688.071,687.732
688.069,687.729
688.075,687.738
688.081,687.746
688.078,687.742
688.075,687.738
688.073,687.735
688.076,687.739
688.079,687.743
688.081,687.746
688.084,687.750
688.086,687.753
688.080,687.744
688.082,687.747
688.084,687.751
688.086,687.753
688.088,687.756
688.090,687.758
688.091,687.760
688.093,687.762
688.094,687.764
688.095,687.765
688.096,687.767
688.097,687.768
688.092,687.762
688.088,687.756
688.085,687.751
688.081,687.747
688.078,687.742
688.076,687.739
688.081,687.747
688.084,687.750
688.078,687.741
688.080,687.745
688.083,687.748
688.085,687.751
688.087,687.754
688.089,687.757
688.082,687.748
688.084,687.751
688.086,687.754
688.088,687.756
688.090,687.758
688.091,687.760
688.093,687.762
688.094,687.764
688.095,687.766
688.088,687.756
688.082,687.747
688.087,687.754
688.089,687.756
688.090,687.759
688.094,687.765
688.090,687.759
688.086,687.754
688.083,687.749
688.080,687.744
688.074,687.737
688.069,687.730
688.075,687.738
688.073,687.735
688.071,687.732
688.077,687.740
688.074,687.737
688.072,687.734
688.067,687.727
688.066,687.725
688.064,687.723
688.063,687.721
688.062,687.719
688.069,687.729
688.067,687.726
688.065,687.724
688.064,687.722
688.063,687.720
688.069,687.730
688.068,687.727
688.066,687.725
688.065,687.723
688.063,687.721
688.062,687.719
688.069,687.729
688.067,687.727
688.066,687.724
688.064,687.722
688.063,687.721
688.062,687.719
688.058,687.714
688.054,687.709
688.059,687.716
688.058,687.714
688.058,687.713
688.057,687.712
688.056,687.712
688.061,687.718
688.057,687.713
688.062,687.719
688.066,687.725
688.062,687.719
688.061,687.717
688.060,687.716
688.059,687.715
688.058,687.714
688.065,687.724
688.069,687.729
688.073,687.734
688.076,687.739
688.081,687.746
688.078,687.742
688.076,687.739
688.070,687.731
688.074,687.736
688.077,687.740
688.072,687.733
688.067,687.726
688.070,687.731
688.066,687.725
688.069,687.730
688.065,687.724
688.069,687.729
688.072,687.734
688.075,687.738
688.070,687.731
688.074,687.736
688.069,687.729
688.072,687.734
688.067,687.727
688.071,687.732
688.074,687.736
688.077,687.741
688.072,687.733
688.075,687.738
688.070,687.731
688.073,687.735
688.076,687.740
688.071,687.732
688.074,687.737
688.077,687.741
688.072,687.733
688.075,687.738
688.070,687.731
688.073,687.735
688.068,687.728
688.072,687.733
688.067,687.727
688.063,687.721
688.059,687.715
688.063,687.721
688.059,687.716
688.056,687.711
688.052,687.706
688.049,687.702
688.049,687.702
688.049,687.702
688.050,687.702
688.050,687.702
688.050,687.702
688.050,687.702
688.050,687.703
688.047,687.699
688.053,687.706
688.058,687.713
688.054,687.709
688.051,687.704
688.056,687.711
688.053,687.707
688.050,687.703
688.055,687.710
688.052,687.705
688.057,687.713
688.062,687.719
688.058,687.714
688.062,687.720
688.066,687.726
688.062,687.720
688.058,687.714
688.055,687.709
688.051,687.705
688.051,687.705
688.051,687.704
688.043,687.693
688.049,687.701
688.049,687.702
688.046,687.698
688.044,687.694
688.050,687.703
688.047,687.699
688.045,687.695
688.045,687.696
688.046,687.697
688.043,687.694
688.044,687.694
688.037,687.684
688.035,687.682
688.034,687.680
688.033,687.678
688.031,687.677
688.030,687.676
688.038,687.686
688.036,687.683
688.043,687.693
688.041,687.690
688.041,687.691
688.042,687.692
688.043,687.693
688.044,687.694
688.042,687.691
688.034,687.681
688.033,687.679
688.032,687.678
688.031,687.676
688.030,687.675
688.037,687.685
688.038,687.687
688.040,687.688
688.041,687.690
688.042,687.691
688.042,687.692
688.040,687.689
688.039,687.687
688.045,687.696
688.051,687.704
688.048,687.700
688.045,687.696
688.043,687.693
688.041,687.690
688.039,687.687
688.037,687.685
688.039,687.687
688.040,687.688
688.041,687.690
688.042,687.691
688.034,687.681
688.036,687.683
688.034,687.681
688.033,687.679
688.032,687.678
688.039,687.688
688.037,687.685
688.036,687.683
688.034,687.681
688.041,687.691
688.039,687.688
688.038,687.686
688.036,687.683
688.035,687.681
688.033,687.680
688.035,687.682
688.036,687.684
688.043,687.693
688.044,687.694
688.044,687.695
688.037,687.684
688.038,687.686
688.036,687.684
688.043,687.693
688.041,687.690
688.047,687.699
688.045,687.695
688.042,687.692
688.040,687.689
688.030,687.676
688.030,687.674
688.029,687.673
688.036,687.683
688.035,687.681
688.033,687.680
688.032,687.678
688.034,687.680
688.035,687.683
688.037,687.685
688.038,687.686
688.039,687.688
688.040,687.689
688.041,687.691
688.042,687.692
688.051,687.704
688.051,687.704
688.048,687.700
688.046,687.697
688.051,687.705
688.056,687.712
688.053,687.707
688.058,687.714
688.055,687.709
688.051,687.705
688.049,687.701
688.054,687.708
688.051,687.704
688.048,687.700
688.054,687.708
688.050,687.703
688.048,687.699
688.048,687.700
688.048,687.700
688.048,687.700
688.046,687.697
688.043,687.694
688.049,687.702
688.047,687.698
688.044,687.695
688.042,687.692
688.040,687.689
688.038,687.686
688.037,687.684
688.043,687.693
688.044,687.694
688.042,687.691
688.048,687.700
688.048,687.700
688.048,687.700
688.048,687.701
688.046,687.697
688.051,687.705
688.049,687.701
688.054,687.708
688.051,687.704
688.048,687.700
688.045,687.696
688.051,687.704
688.056,687.712
688.053,687.707
688.053,687.707
688.044,687.695
688.045,687.696
688.046,687.697
688.043,687.693
688.041,687.690
688.039,687.688
688.037,687.685
688.036,687.683
688.034,687.681
688.025,687.668
688.020,687.660
688.014,687.653
688.018,687.658
688.010,687.647
688.011,687.649
688.012,687.650
688.021,687.662
688.021,687.662
688.021,687.662
688.021,687.662
688.021,687.662
688.024,687.666
688.026,687.670
688.029,687.673
688.023,687.665
688.022,687.664
688.022,687.664
688.022,687.664
688.014,687.653
688.015,687.654
688.015,687.655
688.016,687.655
688.011,687.649
688.012,687.650
688.008,687.644
688.001,687.634
688.003,687.637
688.005,687.639
688.006,687.642
688.008,687.644
688.004,687.638
688.008,687.644
688.012,687.650
688.008,687.644
688.009,687.646
688.010,687.647
688.011,687.649
688.012,687.650
688.013,687.651
688.016,687.656
688.020,687.661
688.015,687.653
688.018,687.658
688.018,687.659
688.019,687.659
688.011,687.648
688.012,687.650
688.005,687.640
688.001,687.634
687.995,687.626
687.992,687.622
687.990,687.619
687.993,687.623
687.995,687.627
687.998,687.630
688.000,687.633
688.005,687.640
688.006,687.642
688.010,687.648
688.014,687.653
688.015,687.654
688.016,687.655
688.016,687.656
688.017,687.656
688.017,687.657
688.012,687.650
688.021,687.662
688.021,687.662
688.024,687.666
688.026,687.670
688.026,687.669
688.025,687.669
688.025,687.668
688.033,687.679
688.032,687.677
688.031,687.676
688.030,687.674
688.029,687.673
688.028,687.672
688.027,687.671
688.030,687.674
688.024,687.666
688.018,687.658
688.021,687.663
688.021,687.663
688.021,687.663
688.021,687.663
688.021,687.663
688.021,687.663
688.016,687.655
688.019,687.660
688.019,687.660
688.022,687.664
688.017,687.657
688.017,687.657
688.018,687.658
688.018,687.658
688.018,687.659
688.018,687.659
688.019,687.659
688.019,687.660
688.019,687.660
688.022,687.664
688.025,687.668
688.027,687.671
688.029,687.674
688.029,687.673
688.028,687.672
688.027,687.671
688.027,687.670
688.026,687.670
688.018,687.658
688.013,687.651
688.016,687.656
688.009,687.645
688.010,687.647
688.011,687.648
688.012,687.650
688.013,687.651
688.014,687.652
688.014,687.653
688.018,687.658
688.021,687.662
688.021,687.662
688.021,687.662
688.021,687.662
688.021,687.662
688.021,687.662
688.024,687.666
688.026,687.670
688.026,687.669
688.025,687.668
688.025,687.668
688.033,687.678
688.031,687.677
688.030,687.676
688.030,687.674
688.029,687.673
688.028,687.672
688.027,687.671
688.027,687.670
688.026,687.670
688.020,687.662
688.023,687.666
688.023,687.665
688.023,687.665
688.023,687.665
688.023,687.665
688.022,687.664
688.022,687.664
688.022,687.664
688.022,687.664
688.022,687.664
688.017,687.656
688.020,687.661
688.020,687.661
688.020,687.661
688.023,687.665
688.031,687.676
688.030,687.675
688.029,687.674
688.028,687.673
688.028,687.672
688.027,687.671
688.026,687.670
688.021,687.662
688.021,687.662
688.023,687.666
688.026,687.669
688.028,687.673
688.030,687.676
688.030,687.674
688.037,687.684
688.035,687.682
688.034,687.680
688.033,687.679
688.032,687.677
688.023,687.665
688.025,687.668
688.028,687.672
688.030,687.675
688.029,687.673
688.023,687.665
688.023,687.665
688.023,687.665
688.022,687.664
688.022,687.664
688.030,687.675
688.021,687.663
688.024,687.667
688.018,687.659
688.022,687.663
688.024,687.667
688.016,687.655
688.016,687.656
688.017,687.657
688.017,687.657
688.020,687.662
688.015,687.654
688.016,687.655
688.019,687.660
688.022,687.664
688.025,687.668
688.027,687.671
688.027,687.670
688.026,687.669
688.026,687.669
688.025,687.668
688.025,687.668
688.024,687.667
688.024,687.667
688.024,687.666
688.023,687.666
688.026,687.669
688.028,687.673
688.022,687.664
688.025,687.668
688.027,687.671
688.027,687.670
688.034,687.681
688.041,687.690
688.039,687.688
688.037,687.685
688.036,687.683
688.034,687.681
688.033,687.679
688.032,687.678
688.031,687.676
688.025,687.668
688.027,687.671
688.027,687.670
688.026,687.669
688.026,687.669
688.025,687.668
688.025,687.668
688.024,687.667
688.024,687.667
688.024,687.666
688.024,687.666
688.023,687.666
688.023,687.665
688.023,687.665
688.023,687.665
688.025,687.668
688.020,687.661
688.015,687.653
688.018,687.658
688.018,687.659
688.018,687.659
688.019,687.659
688.019,687.660
688.019,687.660
688.019,687.660
688.020,687.660
688.020,687.661
688.023,687.665
688.025,687.668
688.025,687.668
688.027,687.671
688.021,687.663
688.021,687.663
688.021,687.663
688.021,687.663
688.021,687.663
688.021,687.663
688.021,687.663
688.029,687.674
688.029,687.673
688.023,687.665
688.025,687.668
688.028,687.672
688.027,687.671
688.034,687.681
688.033,687.679
688.032,687.678
688.031,687.676
688.030,687.675
688.029,687.674
688.036,687.684
688.043,687.693
688.041,687.690
688.042,687.691
688.043,687.693
688.043,687.694
688.036,687.683
688.037,687.685
688.036,687.683
688.034,687.681
688.033,687.679
688.032,687.678
688.031,687.676
688.030,687.675
688.021,687.663
688.016,687.655
688.019,687.660
688.022,687.664
688.022,687.664
688.022,687.664
688.022,687.664
688.022,687.664
688.022,687.663
688.022,687.663
688.022,687.663
688.024,687.667
688.027,687.670
688.029,687.674
688.028,687.673
688.030,687.676
688.024,687.667
688.024,687.666
688.024,687.666
688.023,687.666
688.023,687.665
688.023,687.665
688.018,687.658
688.021,687.662
688.021,687.662
688.021,687.662
688.024,687.666
688.018,687.658
688.021,687.663
688.021,687.663
688.021,687.663
688.021,687.663
688.021,687.663
688.021,687.663
688.021,687.663
688.021,687.663
688.021,687.663
688.016,687.655
688.019,687.660
688.019,687.660
688.022,687.664
688.025,687.668
688.025,687.667
688.024,687.667
688.024,687.666
688.032,687.677
688.031,687.676
688.038,687.686
688.036,687.684
688.035,687.682
688.033,687.680
688.032,687.678
688.031,687.677
688.038,687.686
688.039,687.688
688.040,687.690
688.041,687.691
688.042,687.692
688.043,687.693
688.049,687.701
688.046,687.698
688.052,687.706
688.049,687.701
688.046,687.698
688.052,687.706
688.049,687.701
688.054,687.709
688.051,687.704
688.048,687.700
688.046,687.697
688.046,687.697
688.047,687.698
688.039,687.687
688.040,687.689
688.041,687.690
688.039,687.687
688.037,687.685
688.036,687.683
688.034,687.681
688.033,687.679
688.032,687.678
688.039,687.687
688.037,687.685
688.044,687.694
688.042,687.691
688.040,687.688
688.041,687.690
688.042,687.691
688.042,687.692
688.040,687.689
688.033,687.680
688.035,687.682
688.034,687.680
688.032,687.678
688.031,687.677
688.038,687.687
688.037,687.684
688.035,687.682
688.034,687.680
688.033,687.679
688.032,687.677
688.033,687.680
688.027,687.671
688.026,687.670
688.026,687.669
688.017,687.657
688.018,687.658
688.010,687.647
688.011,687.649
688.012,687.650
688.016,687.655
688.011,687.648
688.012,687.650
688.013,687.651
688.014,687.652
688.014,687.653
688.007,687.643
688.011,687.649
688.007,687.643
688.011,687.648
688.020,687.661
688.020,687.661
688.020,687.661
688.020,687.661
688.020,687.661
688.020,687.661
688.020,687.662
688.023,687.666
688.026,687.669
688.028,687.672
688.030,687.675
688.032,687.678
688.034,687.680
688.035,687.683
688.037,687.685
688.035,687.682
688.034,687.681
688.033,687.679
688.032,687.677
688.031,687.676
688.030,687.675
688.029,687.673
688.023,687.665
688.026,687.669
688.028,687.672
688.027,687.671
688.027,687.670
688.018,687.658
688.010,687.648
688.011,687.649
688.012,687.650
688.013,687.651
688.017,687.656
688.012,687.650
688.016,687.655
688.011,687.648
688.006,687.642
688.011,687.648
688.012,687.649
688.013,687.651
688.021,687.663
688.021,687.663
688.021,687.663
688.024,687.667
688.027,687.670
688.029,687.673
688.031,687.676
688.022,687.664
688.022,687.664
688.022,687.664
688.022,687.663
688.024,687.667
688.019,687.659
688.014,687.652
688.017,687.657
688.020,687.662
688.023,687.666
688.026,687.669
688.033,687.680
688.032,687.678
688.031,687.677
688.038,687.686
688.037,687.684
688.027,687.671
688.027,687.670
688.026,687.669
688.028,687.673
688.030,687.676
688.032,687.678
688.031,687.677
688.033,687.679
688.035,687.681
688.044,687.695
688.042,687.692
688.040,687.689
688.038,687.686
688.037,687.684
688.035,687.682
688.042,687.691
688.040,687.689
688.038,687.686
688.036,687.684
688.035,687.682
688.034,687.680
688.032,687.678
688.031,687.677
688.033,687.679
688.040,687.689
688.038,687.686
688.039,687.688
688.040,687.689
688.041,687.691
688.039,687.688
688.038,687.686
688.044,687.695
688.042,687.691
688.040,687.689
688.038,687.686
688.036,687.684
688.035,687.682
688.034,687.680
688.035,687.682
688.037,687.684
688.035,687.682
688.029,687.673
688.031,687.676
688.033,687.679
688.031,687.677
688.031,687.676
688.038,687.686
688.036,687.683
688.035,687.681
688.033,687.680
688.032,687.678
688.031,687.677
688.030,687.675
688.037,687.685
688.039,687.687
688.040,687.688
688.041,687.690
688.042,687.691
688.042,687.692
688.040,687.690
688.039,687.687
688.045,687.696
688.043,687.693
688.049,687.701
688.046,687.697
688.052,687.705
688.057,687.712
688.053,687.708
688.058,687.715
688.055,687.710
688.054,687.709
688.054,687.708
688.054,687.708
688.053,687.708
688.053,687.707
688.053,687.707
688.045,687.695
688.042,687.692
688.040,687.689
688.038,687.687
688.037,687.684
688.035,687.682
688.034,687.680
688.025,687.668
688.027,687.671
688.021,687.663
688.021,687.663
688.021,687.663
688.021,687.663
688.021,687.663
688.021,687.663
688.021,687.663
688.021,687.663
688.029,687.674
688.028,687.673
688.022,687.664
688.025,687.668
688.025,687.668
688.024,687.667
688.024,687.667
688.024,687.666
688.023,687.666
688.031,687.677
688.030,687.675
688.029,687.674
688.031,687.677
688.033,687.679
688.035,687.682
688.036,687.684
688.030,687.674
688.032,687.677
688.039,687.687
688.037,687.685
688.043,687.694
688.041,687.691
688.039,687.688
688.038,687.686
688.036,687.683
688.035,687.681
688.033,687.680
688.032,687.678
688.026,687.669
688.028,687.672
688.030,687.675
688.032,687.678
688.034,687.680
688.035,687.683
688.037,687.685
688.035,687.682
688.034,687.681
688.033,687.679
688.032,687.677
688.031,687.676
688.030,687.675
688.029,687.673
688.028,687.672
688.027,687.671
688.035,687.682
688.034,687.680
688.032,687.678
688.031,687.677
688.038,687.687
688.037,687.684
688.038,687.686
688.039,687.688
688.032,687.678
688.031,687.677
688.030,687.675
688.029,687.674
688.029,687.673
688.028,687.672
688.027,687.671
688.035,687.681
688.033,687.680
688.035,687.682
688.028,687.673
688.030,687.676
688.032,687.678
688.034,687.681
688.036,687.683
688.034,687.681
688.033,687.679
688.032,687.677
688.031,687.676
688.030,687.675
688.029,687.674
688.031,687.676
688.025,687.668
688.024,687.667
688.024,687.667
688.024,687.666
688.024,687.666
688.023,687.666
688.023,687.665
688.023,687.665
688.023,687.665
688.025,687.668
688.028,687.672
688.022,687.664
688.022,687.663
688.014,687.652
688.014,687.653
688.015,687.654
688.008,687.644
688.009,687.645
688.013,687.651
688.016,687.656
688.020,687.660
688.020,687.661
688.020,687.661
688.020,687.661
688.020,687.661
688.028,687.672
688.028,687.672
688.027,687.671
688.026,687.670
688.026,687.669
688.025,687.669
688.028,687.672
688.030,687.675
688.024,687.666
688.026,687.670
688.026,687.669
688.025,687.669
688.025,687.668
688.025,687.667
688.032,687.678
688.031,687.677
688.030,687.675
688.029,687.674
688.037,687.684
688.035,687.682
688.034,687.680
688.033,687.679
688.034,687.681
688.041,687.690
688.039,687.688
688.040,687.689
688.041,687.691
688.042,687.692
688.043,687.693
688.044,687.694
688.041,687.691
688.039,687.688
688.038,687.686
688.036,687.683
688.043,687.693
688.041,687.690
688.039,687.687
688.045,687.696
688.046,687.697
688.038,687.686
688.039,687.688
688.040,687.689
688.041,687.691
688.039,687.688
688.038,687.686
688.036,687.683
688.035,687.681
688.033,687.680
688.032,687.678
688.031,687.677
688.030,687.675
688.037,687.685
688.039,687.687
688.040,687.688
688.041,687.690
688.042,687.691
688.040,687.688
688.041,687.690
688.042,687.691
688.040,687.688
688.038,687.686
688.036,687.684
688.035,687.682
688.034,687.680
688.032,687.678
688.031,687.677
688.038,687.687
688.045,687.695
688.042,687.692
688.043,687.693
688.044,687.694
688.044,687.695
688.042,687.692
688.043,687.693
688.049,687.701
688.046,687.698
688.044,687.694
688.042,687.691
688.048,687.700
688.045,687.696
688.046,687.697
688.038,687.686
688.039,687.688
688.032,687.678
688.031,687.677
688.030,687.675
688.029,687.674
688.029,687.673
688.020,687.661
688.020,687.661
688.020,687.661
688.028,687.672
688.028,687.672
688.030,687.674
688.032,687.677
688.031,687.676
688.030,687.675
688.029,687.673
688.028,687.672
688.027,687.671
688.035,687.682
688.034,687.680
688.035,687.682
688.029,687.673
688.031,687.676
688.030,687.675
688.029,687.673
688.028,687.672
688.027,687.671
688.027,687.671
688.026,687.670
688.026,687.669
688.020,687.661
688.015,687.654
688.016,687.655
688.011,687.648
688.015,687.653
688.015,687.654
688.016,687.655
688.016,687.656
688.017,687.656
688.012,687.650
688.007,687.644
688.003,687.638
688.008,687.644
688.009,687.646
688.010,687.648
688.011,687.649
688.004,687.639
688.006,687.641
688.002,687.636
688.007,687.642
688.011,687.648
688.015,687.653
688.018,687.658
688.021,687.663
688.021,687.663
688.021,687.663
688.029,687.674
688.028,687.673
688.028,687.672
688.027,687.671
688.026,687.670
688.026,687.669
688.028,687.673
688.030,687.676
688.029,687.674
688.029,687.673
688.028,687.672
688.027,687.671
688.027,687.670
688.026,687.670
688.026,687.669
688.025,687.668
688.028,687.672
688.030,687.675
688.029,687.673
688.028,687.672
688.036,687.683
688.034,687.681
688.033,687.679
688.032,687.677
688.031,687.676
688.033,687.679
688.034,687.681
688.036,687.683
688.029,687.674
688.031,687.677
688.033,687.679
688.032,687.678
688.031,687.676
688.030,687.675
688.029,687.674
688.023,687.665
688.026,687.669
688.025,687.668
688.025,687.668
688.033,687.678
688.031,687.677
688.038,687.687
688.045,687.696
688.043,687.693
688.041,687.690
688.039,687.687
688.040,687.689
688.041,687.690
688.034,687.680
688.032,687.678
688.031,687.677
688.030,687.675
688.029,687.674
688.037,687.684
688.035,687.682
688.034,687.680
688.041,687.690
688.039,687.687
688.037,687.685
688.036,687.683
688.042,687.692
688.040,687.689
688.038,687.687
688.037,687.684
688.038,687.686
688.047,687.699
688.048,687.699
688.048,687.700
688.048,687.700
688.048,687.700
688.048,687.701
688.049,687.701
688.049,687.701
688.049,687.701
688.049,687.702
688.046,687.698
688.044,687.694
688.042,687.691
688.040,687.689
688.038,687.686
688.036,687.684
688.035,687.682
688.034,687.680
688.032,687.678
688.034,687.681
688.033,687.679
688.035,687.681
688.036,687.683
688.035,687.681
688.036,687.683
688.037,687.685
694.345,696.468
700.694,705.308
703.799,709.632
704.661,710.831
703.555,709.292
702.802,708.243
701.769,706.805
700.479,705.008
699.222,703.258
698.225,701.871
697.113,700.321
696.936,700.075
695.998,698.770
696.207,699.061
696.292,699.178
696.302,699.192
696.308,699.201
696.328,699.229
696.321,699.219
696.297,699.187
696.238,699.104
695.440,697.992
695.586,698.196
696.110,698.925
695.942,698.691
695.885,698.612
695.768,698.449
695.182,697.633
695.051,697.451
694.978,697.349
694.329,696.446
695.336,697.848
695.384,697.915
695.415,697.958
695.419,697.964
695.431,697.980
695.431,697.980
695.452,698.009
695.486,698.057
696.238,699.104
696.284,699.169
696.358,699.271
696.484,699.446
697.180,700.416
697.269,700.540
697.242,700.501
697.294,700.574
697.344,700.643
697.417,700.746
697.476,700.828
697.509,700.874
697.500,700.861
697.504,700.867
697.559,700.943
698.512,702.270
699.543,703.705
699.763,704.011
699.808,704.074
699.919,704.230
699.885,704.183
700.578,705.146
700.624,705.211
700.640,705.233
699.649,703.853
699.575,703.750
699.567,703.740
699.506,703.654
698.822,702.702
698.051,701.629
697.876,701.385
697.875,701.383
697.852,701.351
697.856,701.357
697.875,701.383
698.806,702.679
698.853,702.746
697.967,701.511
697.748,701.207
697.732,701.185
697.023,700.197
696.462,699.416
696.331,699.234
696.258,699.132
696.189,699.035
695.439,697.992
695.265,697.749
695.177,697.627
695.067,697.473
694.499,696.682
694.411,696.559
694.294,696.397
694.192,696.254
694.103,696.130
694.019,696.014
693.944,695.910
693.435,695.201
693.410,695.166
693.417,695.175
693.442,695.211
693.466,695.244
693.482,695.266
693.501,695.293
693.509,695.304
693.504,695.296
693.505,695.298
693.491,695.278
693.459,695.234
693.422,695.183
693.377,695.120
693.329,695.053
693.286,694.994
693.240,694.930
693.199,694.873
693.158,694.816
693.118,694.759
693.073,694.697
693.029,694.635
692.985,694.575
692.938,694.509
692.415,693.780
692.369,693.717
692.326,693.656
692.303,693.625
692.272,693.581
692.266,693.573
692.248,693.548
692.234,693.529
692.223,693.514
692.204,693.487
692.198,693.478
692.193,693.471
692.189,693.465
692.185,693.460
692.182,693.456
692.179,693.452
692.176,693.448
692.174,693.445
692.172,693.442
692.170,693.440
692.169,693.438
692.167,693.436
692.166,693.434
692.165,693.432
692.164,693.431
692.155,693.418
692.147,693.407
692.139,693.397
692.141,693.399
692.134,693.389
692.128,693.380
692.119,693.368
692.114,693.361
692.110,693.355
692.114,693.361
692.114,693.362
692.102,693.344
692.099,693.340
692.096,693.336
692.090,693.328
692.088,693.325
692.078,693.311
692.069,693.299
692.069,693.299
692.069,693.299
692.061,693.288
692.054,693.277
692.055,693.280
692.048,693.270
692.047,693.268
692.041,693.260
692.044,693.263
692.038,693.256
692.033,693.249
692.028,693.242
692.024,693.236
692.020,693.231
692.013,693.221
692.011,693.218
692.008,693.214
692.006,693.211
692.004,693.208
691.994,693.194
691.993,693.193
691.989,693.187
691.988,693.186
691.988,693.186
691.987,693.185
691.995,693.196
691.994,693.195
692.001,693.205
692.008,693.214
692.014,693.222
692.019,693.229
692.024,693.236
692.028,693.242
692.032,693.247
692.040,693.259
692.051,693.274
692.061,693.287
692.070,693.300
692.078,693.311
692.085,693.321
692.092,693.330
692.098,693.339
692.103,693.346
692.108,693.353
692.120,693.370
692.124,693.375
692.127,693.379
692.137,693.394
692.147,693.407
692.148,693.408
692.148,693.409
692.157,693.421
692.165,693.432
692.172,693.442
692.170,693.440
692.169,693.438
692.175,693.447
692.173,693.444
692.172,693.442
692.178,693.451
692.176,693.447
692.182,693.456
692.187,693.464
692.184,693.459
692.181,693.455
692.179,693.452
692.176,693.448
692.182,693.457
692.180,693.453
692.177,693.449
692.183,693.458
692.180,693.454
692.178,693.450
692.176,693.447
692.174,693.444
692.172,693.442
692.170,693.440
692.177,693.449
692.183,693.457
692.188,693.465
692.193,693.471
692.197,693.478
692.193,693.472
692.198,693.478
692.193,693.472
692.198,693.478
692.194,693.472
692.198,693.478
692.194,693.473
692.198,693.479
692.202,693.484
692.198,693.478
692.201,693.483
692.205,693.488
692.208,693.493
692.203,693.486
692.207,693.490
692.202,693.483
692.197,693.477
692.201,693.483
692.205,693.488
692.208,693.492
692.211,693.497
692.214,693.500
692.213,693.499
692.215,693.502
692.217,693.506
692.220,693.508
692.221,693.511
692.220,693.509
692.221,693.511
692.215,693.502
692.217,693.506
692.219,693.508
692.213,693.500
692.208,693.492
692.203,693.485
692.206,693.490
692.201,693.483
692.197,693.477
692.197,693.477
692.193,693.472
692.189,693.466
692.186,693.462
692.183,693.458
692.180,693.454
692.178,693.450
692.175,693.447
692.173,693.444
692.164,693.431
692.163,693.429
692.154,693.417
692.154,693.417
692.146,693.406
692.138,693.396
692.140,693.398
692.133,693.388
692.127,693.380
692.130,693.383
692.124,693.375
692.127,693.379
692.121,693.372
692.116,693.365
692.120,693.370
692.123,693.374
692.118,693.367
692.113,693.361
692.109,693.355
692.105,693.350
692.102,693.345
692.091,693.329
692.089,693.326
692.087,693.324
692.085,693.322
692.084,693.319
692.079,693.313
692.078,693.311
692.077,693.310
692.073,693.304
692.064,693.292
692.065,693.293
692.057,693.282
692.058,693.284
692.051,693.274
692.045,693.265
692.039,693.257
692.038,693.256
692.033,693.249
692.029,693.243
692.029,693.243
692.025,693.237
692.013,693.221
692.002,693.206
692.000,693.203
691.991,693.190
691.990,693.189
691.990,693.188
691.981,693.176
691.973,693.165
691.974,693.167
691.967,693.157
691.961,693.148
691.955,693.140
691.949,693.132
691.953,693.137
691.956,693.141
691.950,693.134
691.942,693.122
691.938,693.116
691.939,693.118
691.943,693.124
691.939,693.118
691.935,693.113
691.932,693.108
691.929,693.103
691.926,693.100
691.923,693.096
691.921,693.093
691.919,693.090
691.925,693.099
691.931,693.106
691.928,693.102
691.925,693.098
691.923,693.095
691.928,693.103
691.926,693.099
691.923,693.096
691.917,693.088
691.916,693.085
691.919,693.090
691.925,693.098
691.919,693.090
691.917,693.087
691.920,693.091
691.926,693.100
691.920,693.091
691.910,693.077
691.909,693.076
691.908,693.075
691.915,693.085
691.918,693.089
691.917,693.087
691.915,693.084
691.913,693.082
691.912,693.080
691.903,693.067
691.911,693.078
691.918,693.088
691.916,693.086
691.922,693.095
691.920,693.092
691.918,693.089
691.908,693.075
691.907,693.074
691.907,693.073
691.906,693.072
691.902,693.066
691.901,693.066
691.901,693.065
691.901,693.065
691.893,693.054
691.893,693.054
691.899,693.062
691.899,693.062
691.891,693.050
691.883,693.040
691.885,693.043
691.886,693.044
691.887,693.046
691.880,693.036
691.879,693.034
691.873,693.026
691.875,693.029
691.877,693.032
691.880,693.035
691.873,693.026
691.876,693.030
691.878,693.033
691.880,693.036
691.882,693.038
691.875,693.029
691.870,693.021
691.872,693.025
691.867,693.018
691.862,693.011
691.865,693.015
691.869,693.020
691.864,693.013
691.859,693.006
691.855,693.000
691.847,692.990
691.844,692.986
691.841,692.982
691.835,692.973
691.833,692.971
691.832,692.968
691.830,692.966
691.825,692.959
691.824,692.958
691.823,692.956
691.814,692.944
691.806,692.933
691.807,692.934
691.799,692.924
691.801,692.926
691.802,692.927
691.800,692.924
691.793,692.915
691.787,692.906
691.790,692.910
691.784,692.902
691.779,692.895
691.771,692.883
691.775,692.889
691.779,692.894
691.774,692.888
691.770,692.882
691.770,692.883
691.766,692.878
691.768,692.879
691.772,692.885
691.768,692.880
691.764,692.875
691.766,692.876
691.770,692.883
691.766,692.877
691.771,692.884
691.767,692.878
691.768,692.880
691.761,692.870
691.766,692.877
691.762,692.872
691.767,692.879
691.764,692.874
691.765,692.876
691.762,692.871
691.759,692.867
691.756,692.863
691.761,692.870
691.766,692.878
691.768,692.879
691.764,692.874
691.761,692.869
691.758,692.865
691.755,692.861
691.761,692.869
691.758,692.865
691.759,692.868
691.757,692.864
691.754,692.860
691.752,692.857
691.758,692.865
691.755,692.862
691.761,692.869
691.754,692.861
691.752,692.857
691.750,692.854
691.756,692.863
691.753,692.859
691.751,692.856
691.746,692.848
691.749,692.853
691.747,692.850
691.745,692.848
691.744,692.846
691.742,692.844
691.738,692.837
691.745,692.848
691.743,692.846
691.742,692.844
691.741,692.842
691.740,692.840
691.743,692.845
691.750,692.855
691.748,692.852
691.746,692.850
691.745,692.847
691.751,692.857
691.749,692.854
691.747,692.851
691.742,692.844
691.749,692.853
691.747,692.851
691.754,692.860
691.751,692.856
691.754,692.860
691.748,692.852
691.754,692.861
691.752,692.857
691.758,692.866
691.755,692.862
691.757,692.865
691.759,692.868
691.764,692.875
691.761,692.870
691.766,692.877
691.763,692.872
691.760,692.868
691.761,692.870
691.766,692.877
691.763,692.872
691.760,692.868
691.757,692.864
691.751,692.856
691.745,692.848
691.736,692.835
691.735,692.834
691.734,692.833
691.734,692.832
691.734,692.832
691.733,692.831
691.725,692.819
691.725,692.820
691.726,692.821
691.730,692.827
691.727,692.823
691.724,692.818
691.721,692.814
691.714,692.804
691.712,692.801
691.710,692.799
691.708,692.796
691.707,692.794
691.705,692.793
691.704,692.791
691.707,692.794
691.709,692.797
691.699,692.784
691.699,692.783
691.690,692.771
691.686,692.765
691.682,692.760
691.678,692.755
691.675,692.750
691.672,692.746
691.677,692.754
691.679,692.756
691.688,692.769
691.689,692.769
691.689,692.770
691.690,692.771
691.693,692.776
691.697,692.781
691.700,692.785
691.703,692.789
691.697,692.781
691.692,692.774
691.688,692.768
691.692,692.773
691.687,692.767
691.691,692.773
691.687,692.766
691.679,692.756
691.672,692.747
691.670,692.743
691.664,692.735
691.662,692.732
691.665,692.736
691.668,692.740
691.670,692.743
691.672,692.746
