# Physical_Baseline=688.18pF, Trigger_Distance=12.0cm, Atten_Ratio=1.44
Raw_Capacitance(pF),Normalized_Capacitance(pF)
688.205,688.216
688.204,688.214
688.202,688.212
688.201,688.210
688.203,688.213
688.210,688.223
688.208,688.220
688.201,688.210
688.200,688.208
688.199,688.207
688.201,688.210
688.203,688.212
688.209,688.222
688.208,688.219
688.209,688.221
688.207,688.219
688.205,688.216
688.207,688.218
688.208,688.220
688.206,688.217
688.213,688.227
688.213,688.228
688.214,688.229
688.212,688.225
688.218,688.234
688.208,688.220
688.214,688.229
688.212,688.226
688.213,688.227
688.213,688.228
688.211,688.224
688.217,688.233
688.217,688.234
688.215,688.230
688.220,688.238
688.212,688.226
688.213,688.227
688.211,688.224
688.209,688.221
688.210,688.223
688.211,688.224
688.209,688.221
688.207,688.219
688.208,688.220
688.206,688.218
688.205,688.216
688.206,688.218
688.208,688.219
688.206,688.217
688.204,688.215
688.192,688.197
688.192,688.197
688.192,688.197
688.192,688.196
688.186,688.189
688.181,688.182
688.182,688.183
688.183,688.184
688.178,688.177
688.179,688.179
688.172,688.169
688.174,688.171
688.170,688.166
688.167,688.161
688.164,688.157
688.161,688.153
688.164,688.157
688.158,688.149
688.153,688.141
688.157,688.146
688.155,688.143
688.153,688.141
688.151,688.138
688.147,688.132
688.151,688.138
688.137,688.118
688.142,688.125
688.142,688.124
688.141,688.124
688.140,688.123
688.137,688.118
688.134,688.114
688.139,688.121
688.136,688.117
688.128,688.105
688.129,688.106
688.129,688.107
688.127,688.103
688.125,688.101
688.131,688.109
688.137,688.118
688.137,688.117
688.142,688.125
688.138,688.120
688.135,688.115
688.132,688.111
688.130,688.107
688.127,688.104
688.133,688.113
688.139,688.120
688.110,688.080
688.110,688.079
688.109,688.078
688.109,688.078
688.109,688.077
688.108,688.077
688.111,688.080
688.110,688.080
688.110,688.079
688.110,688.078
688.109,688.078
688.109,688.077
688.109,688.077
688.108,688.076
688.100,688.064
688.100,688.065
688.101,688.066
688.101,688.067
688.102,688.067
688.102,688.068
688.102,688.068
688.103,688.068
688.103,688.069
688.103,688.069
688.106,688.074
688.101,688.066
688.104,688.071
688.107,688.075
688.107,688.075
688.107,688.074
688.107,688.074
688.107,688.074
688.106,688.074
688.106,688.074
688.106,688.074
688.106,688.074
688.106,688.074
688.098,688.062
688.099,688.063
688.099,688.064
688.092,688.053
688.093,688.055
688.094,688.057
688.087,688.047
688.081,688.037
688.083,688.041
688.086,688.044
688.087,688.047
688.089,688.049
688.091,688.051
688.092,688.053
688.093,688.055
688.095,688.057
688.096,688.058
688.089,688.048
688.082,688.039
688.084,688.042
688.081,688.037
688.075,688.029
688.078,688.033
688.076,688.029
688.073,688.026
688.068,688.019
688.064,688.012
688.060,688.007
688.056,688.001
688.055,688.000
688.055,688.000
688.055,687.999
688.062,688.010
688.069,688.020
688.067,688.018
688.066,688.015
688.061,688.009
688.060,688.007
688.059,688.006
688.067,688.016
688.065,688.014
688.064,688.012
688.062,688.010
688.061,688.009
688.068,688.019
688.067,688.016
688.065,688.014
688.064,688.012
688.062,688.010
688.061,688.009
688.068,688.019
688.066,688.016
688.073,688.026
688.071,688.023
688.069,688.020
688.072,688.025
688.078,688.033
688.081,688.037
688.078,688.033
688.075,688.029
688.073,688.026
688.071,688.023
688.066,688.016
688.073,688.025
688.070,688.022
688.069,688.019
688.067,688.017
688.073,688.026
688.071,688.023
688.077,688.032
688.075,688.028
688.072,688.025
688.070,688.022
688.068,688.019
688.075,688.028
688.080,688.036
688.078,688.032
688.075,688.029
688.070,688.021
688.076,688.030
688.074,688.026
688.071,688.023
688.069,688.020
688.068,688.018
688.066,688.015
688.064,688.013
688.063,688.011
688.062,688.010
688.069,688.020
688.067,688.017
688.073,688.026
688.071,688.023
688.069,688.020
688.067,688.018
688.066,688.015
688.064,688.013
688.063,688.011
688.062,688.010
688.058,688.004
688.054,687.999
688.051,687.994
688.056,688.002
688.053,687.997
688.058,688.004
688.063,688.011
688.067,688.017
688.062,688.010
688.066,688.016
688.062,688.010
688.066,688.016
688.062,688.010
688.058,688.004
688.063,688.011
688.067,688.017
688.070,688.022
688.074,688.027
688.077,688.031
688.080,688.035
688.074,688.027
688.077,688.031
688.072,688.024
688.075,688.028
688.070,688.021
688.073,688.026
688.076,688.030
688.079,688.034
688.074,688.026
688.071,688.023
688.069,688.020
688.068,688.018
688.066,688.015
688.064,688.013
688.060,688.007
688.057,688.002
688.053,687.997
688.050,687.993
688.047,687.989
688.045,687.985
688.043,687.982
688.041,687.979
688.039,687.976
688.037,687.974
688.036,687.972
688.037,687.974
688.038,687.976
688.039,687.977
688.040,687.979
688.041,687.980
688.047,687.989
688.053,687.997
688.058,688.004
688.054,687.999
688.059,688.006
688.064,688.012
688.060,688.007
688.056,688.001
688.053,687.996
688.050,687.992
688.047,687.988
688.052,687.996
688.049,687.992
688.050,687.992
688.050,687.992
688.042,687.981
688.034,687.970
688.028,687.961
688.035,687.971
688.034,687.969
688.041,687.979
688.039,687.977
688.037,687.974
688.036,687.972
688.034,687.970
688.033,687.968
688.032,687.966
688.031,687.965
688.030,687.964
688.032,687.966
688.034,687.969
688.035,687.971
688.037,687.973
688.030,687.964
688.029,687.962
688.028,687.961
688.028,687.960
688.035,687.971
688.034,687.969
688.032,687.967
688.031,687.966
688.030,687.964
688.029,687.963
688.029,687.962
688.028,687.961
688.030,687.964
688.032,687.967
688.034,687.969
688.027,687.960
688.029,687.963
688.029,687.962
688.028,687.961
688.027,687.960
688.027,687.959
688.026,687.958
688.026,687.957
688.025,687.957
688.025,687.956
688.027,687.960
688.029,687.963
688.031,687.966
688.030,687.964
688.030,687.963
688.037,687.973
688.035,687.971
688.042,687.981
688.040,687.978
688.038,687.976
688.045,687.985
688.050,687.993
688.056,688.001
688.055,688.000
688.052,687.995
688.044,687.984
688.044,687.984
688.045,687.985
688.045,687.986
688.043,687.983
688.041,687.980
688.039,687.977
688.037,687.974
688.036,687.972
688.034,687.970
688.033,687.968
688.035,687.971
688.036,687.973
688.035,687.971
688.034,687.969
688.032,687.967
688.031,687.966
688.030,687.964
688.029,687.963
688.029,687.962
688.023,687.953
688.025,687.957
688.028,687.960
688.027,687.960
688.026,687.959
688.026,687.958
688.026,687.957
688.017,687.945
688.012,687.938
688.016,687.943
688.008,687.932
688.009,687.934
688.003,687.924
688.004,687.927
688.001,687.922
688.003,687.924
687.996,687.915
687.991,687.907
687.986,687.900
687.984,687.897
687.982,687.895
687.980,687.892
687.976,687.886
687.981,687.893
687.984,687.898
687.980,687.892
687.979,687.890
687.977,687.888
687.984,687.898
687.982,687.895
687.978,687.889
687.982,687.895
687.986,687.900
687.992,687.909
687.998,687.917
688.000,687.920
688.002,687.923
687.996,687.914
687.998,687.918
688.000,687.921
687.997,687.916
688.002,687.923
687.996,687.915
687.998,687.918
688.000,687.921
687.997,687.916
687.991,687.908
687.989,687.905
687.987,687.901
687.982,687.895
687.978,687.888
687.974,687.883
687.978,687.889
687.977,687.888
687.984,687.898
687.982,687.895
687.986,687.900
687.989,687.905
687.984,687.898
687.980,687.891
687.978,687.890
687.982,687.895
687.986,687.901
687.981,687.894
687.977,687.888
687.973,687.882
687.981,687.893
687.987,687.902
687.991,687.907
687.993,687.911
687.988,687.903
687.983,687.896
687.982,687.894
687.988,687.903
687.983,687.896
687.987,687.902
687.990,687.906
687.988,687.903
687.983,687.896
687.981,687.893
687.985,687.899
687.988,687.904
687.983,687.897
687.982,687.894
687.985,687.900
687.981,687.893
687.977,687.887
687.981,687.893
687.977,687.887
687.976,687.885
687.972,687.880
687.977,687.887
687.973,687.881
687.972,687.880
687.969,687.876
687.966,687.871
687.963,687.867
687.960,687.864
687.961,687.864
687.959,687.861
687.957,687.858
687.955,687.855
687.956,687.857
687.954,687.854
687.952,687.852
687.951,687.850
687.949,687.848
687.943,687.838
687.945,687.842
687.944,687.840
687.952,687.851
687.958,687.860
687.959,687.862
687.960,687.862
687.957,687.859
687.956,687.857
687.956,687.858
687.949,687.848
687.948,687.846
687.947,687.844
687.949,687.847
687.948,687.845
687.941,687.836
687.941,687.835
687.948,687.846
687.950,687.849
687.949,687.847
687.948,687.845
687.949,687.848
687.951,687.850
687.950,687.848
687.948,687.846
687.950,687.849
687.949,687.847
687.948,687.845
687.947,687.844
687.948,687.846
687.955,687.856
687.953,687.854
687.952,687.851
687.950,687.849
687.952,687.851
687.950,687.849
687.949,687.847
687.948,687.846
687.942,687.836
687.944,687.840
687.932,687.822
687.932,687.823
687.933,687.824
687.933,687.824
687.933,687.825
687.928,687.818
687.929,687.819
687.930,687.820
687.933,687.825
687.926,687.814
687.927,687.815
687.928,687.816
687.931,687.822
687.932,687.822
687.932,687.823
687.935,687.828
687.936,687.828
687.936,687.828
687.936,687.828
687.936,687.828
687.939,687.832
687.939,687.832
687.938,687.832
687.933,687.824
687.933,687.825
687.941,687.836
687.949,687.847
687.948,687.845
687.955,687.855
687.956,687.857
687.954,687.854
687.952,687.852
687.951,687.850
687.957,687.859
687.958,687.860
687.956,687.857
687.954,687.855
687.955,687.856
687.954,687.854
687.952,687.851
687.951,687.849
687.949,687.847
687.951,687.850
687.957,687.859
687.964,687.868
687.961,687.864
687.969,687.877
687.961,687.864
687.959,687.861
687.957,687.858
687.899,687.775
687.903,687.780
687.898,687.773
687.893,687.767
687.898,687.773
687.896,687.771
687.895,687.769
687.899,687.774
687.902,687.780
687.900,687.777
687.904,687.782
687.907,687.786
687.910,687.790
687.912,687.794
687.914,687.797
687.917,687.801
687.913,687.796
687.915,687.799
687.917,687.802
687.922,687.808
687.923,687.810
687.925,687.812
687.926,687.814
687.922,687.808
687.923,687.810
687.924,687.812
687.920,687.806
687.922,687.808
687.923,687.810
687.927,687.816
687.928,687.817
687.929,687.818
687.924,687.812
687.926,687.813
687.927,687.815
687.928,687.816
687.920,687.806
687.922,687.808
687.918,687.803
687.920,687.805
687.913,687.796
687.910,687.791
687.913,687.795
687.907,687.787
687.905,687.783
687.908,687.788
687.910,687.792
687.905,687.784
687.900,687.776
687.895,687.770
687.894,687.768
687.898,687.774
687.894,687.767
687.892,687.766
687.897,687.772
687.895,687.770
687.894,687.768
687.890,687.762
687.886,687.757
687.883,687.752
687.880,687.748
687.880,687.748
687.886,687.756
687.891,687.763
687.890,687.762
687.886,687.756
687.883,687.752
687.883,687.752
687.880,687.747
687.880,687.748
687.877,687.744
687.875,687.740
687.873,687.737
687.879,687.746
687.876,687.742
687.877,687.743
687.882,687.751
687.880,687.747
687.877,687.743
687.875,687.740
687.875,687.741
687.873,687.738
687.871,687.735
687.880,687.748
687.877,687.744
687.883,687.752
687.880,687.748
687.885,687.756
687.885,687.755
687.893,687.766
687.889,687.761
687.893,687.767
687.898,687.773
687.901,687.778
687.899,687.776
687.903,687.781
687.906,687.785
687.901,687.778
687.904,687.783
687.907,687.787
687.910,687.791
687.913,687.795
687.907,687.787
687.913,687.795
687.915,687.798
687.909,687.789
687.911,687.793
687.909,687.789
687.911,687.793
687.914,687.796
687.911,687.792
687.905,687.784
687.908,687.788
687.905,687.784
687.900,687.777
687.896,687.771
687.894,687.769
687.890,687.763
687.895,687.769
687.902,687.779
687.897,687.772
687.893,687.766
687.891,687.764
687.888,687.759
687.892,687.766
687.889,687.760
687.893,687.767
687.892,687.765
687.888,687.760
687.893,687.766
687.892,687.765
687.891,687.763
687.895,687.769
687.899,687.775
687.903,687.780
687.898,687.773
687.896,687.771
687.892,687.765
687.896,687.771
687.900,687.777
687.906,687.786
687.901,687.778
687.905,687.783
687.902,687.780
687.906,687.785
687.901,687.777
687.896,687.771
687.892,687.765
687.888,687.759
687.895,687.770
687.891,687.764
687.896,687.770
687.891,687.764
687.896,687.770
687.894,687.768
687.901,687.778
687.896,687.772
687.900,687.777
687.896,687.770
687.900,687.776
687.898,687.774
687.902,687.779
687.905,687.784
687.903,687.780
687.901,687.777
687.896,687.771
687.892,687.765
687.891,687.763
687.887,687.758
687.887,687.757
687.883,687.753
687.880,687.748
687.886,687.756
687.891,687.763
687.887,687.758
687.886,687.757
687.891,687.764
687.887,687.758
687.884,687.753
687.881,687.749
687.886,687.757
687.886,687.756
687.883,687.751
687.888,687.759
687.884,687.754
687.889,687.761
687.889,687.760
687.885,687.755
687.882,687.751
687.882,687.751
687.879,687.746
687.885,687.754
687.884,687.754
687.889,687.761
687.894,687.768
687.890,687.762
687.886,687.757
687.891,687.764
687.890,687.762
687.886,687.757
687.883,687.752
687.880,687.748
687.878,687.744
687.878,687.745
687.875,687.741
687.873,687.738
687.874,687.739
687.872,687.736
687.865,687.726
687.864,687.724
687.865,687.727
687.864,687.725
687.871,687.735
687.872,687.736
687.870,687.733
687.868,687.731
687.870,687.733
687.868,687.730
687.874,687.740
687.872,687.737
687.870,687.734
687.869,687.731
687.867,687.729
687.866,687.727
687.864,687.725
687.863,687.724
687.865,687.726
687.864,687.724
687.865,687.727
687.864,687.725
687.871,687.735
687.864,687.725
687.863,687.723
687.865,687.726
687.863,687.724
687.862,687.722
687.861,687.721
687.860,687.720
687.862,687.722
687.864,687.725
687.863,687.723
687.857,687.714
687.856,687.714
687.859,687.717
687.858,687.716
687.857,687.715
687.857,687.715
687.857,687.714
687.859,687.717
687.858,687.716
687.858,687.716
687.857,687.715
687.857,687.714
687.856,687.714
687.856,687.713
687.855,687.712
687.858,687.716
687.857,687.715
687.852,687.707
687.860,687.719
687.859,687.717
687.866,687.728
687.865,687.726
687.858,687.717
687.858,687.716
687.857,687.715
687.860,687.718
687.867,687.729
687.860,687.719
687.859,687.718
687.862,687.721
687.861,687.720
687.860,687.719
687.862,687.722
687.861,687.720
687.863,687.723
687.862,687.722
687.869,687.732
687.867,687.729
687.874,687.739
687.872,687.736
687.870,687.733
687.868,687.731
687.867,687.729
687.865,687.727
687.867,687.729
687.865,687.727
687.859,687.717
687.858,687.716
687.858,687.716
687.860,687.719
687.859,687.718
687.853,687.709
687.861,687.721
687.868,687.731
687.867,687.729
687.865,687.727
687.864,687.725
687.863,687.723
687.862,687.722
687.861,687.720
687.860,687.719
687.862,687.722
687.861,687.721
687.863,687.723
687.862,687.722
687.861,687.721
687.860,687.719
687.852,687.707
687.854,687.711
687.854,687.711
687.849,687.703
687.849,687.703
687.852,687.708
687.847,687.700
687.847,687.701
687.842,687.694
687.835,687.684
687.837,687.686
687.838,687.688
687.840,687.690
687.833,687.680
687.835,687.683
687.831,687.677
687.833,687.680
687.838,687.687
687.839,687.689
687.840,687.691
687.833,687.681
687.835,687.683
687.840,687.690
687.841,687.691
687.837,687.685
687.838,687.687
687.839,687.689
687.841,687.691
687.842,687.693
687.843,687.694
687.838,687.688
687.832,687.678
687.826,687.669
687.828,687.673
687.830,687.676
687.824,687.668
687.830,687.675
687.824,687.667
687.821,687.663
687.824,687.667
687.827,687.671
687.824,687.667
687.819,687.659
687.817,687.656
687.812,687.650
687.818,687.659
687.822,687.664
687.825,687.668
687.827,687.672
687.830,687.675
687.824,687.667
687.826,687.671
687.829,687.674
687.831,687.677
687.836,687.684
687.837,687.686
687.839,687.688
687.840,687.690
687.841,687.692
687.834,687.682
687.828,687.673
687.830,687.676
687.827,687.671
687.821,687.663
687.816,687.656
687.820,687.661
687.826,687.669
687.820,687.661
687.826,687.670
687.828,687.673
687.833,687.681
687.835,687.683
687.829,687.674
687.823,687.666
687.826,687.670
687.820,687.662
687.818,687.658
687.821,687.663
687.827,687.671
687.821,687.663
687.827,687.671
687.829,687.675
687.823,687.666
687.826,687.670
687.829,687.674
687.823,687.666
687.826,687.670
687.828,687.673
687.825,687.669
687.828,687.673
687.830,687.676
687.827,687.671
687.829,687.675
687.826,687.670
687.821,687.662
687.824,687.667
687.818,687.659
687.816,687.656
687.812,687.649
687.815,687.655
687.819,687.660
687.822,687.664
687.817,687.657
687.820,687.662
687.815,687.655
687.811,687.648
687.807,687.642
687.806,687.641
687.810,687.647
687.817,687.657
687.812,687.650
687.808,687.644
687.812,687.650
687.808,687.644
687.804,687.639
687.801,687.634
687.798,687.629
687.795,687.625
687.787,687.614
687.785,687.611
687.786,687.613
687.784,687.610
687.791,687.619
687.789,687.616
687.789,687.617
687.787,687.614
687.788,687.616
687.794,687.624
687.792,687.621
687.797,687.629
687.803,687.636
687.807,687.643
687.804,687.638
687.800,687.633
687.800,687.632
687.797,687.628
687.802,687.635
687.799,687.631
687.804,687.638
687.800,687.633
687.797,687.629
687.794,687.625
687.800,687.633
687.800,687.632
687.797,687.628
687.797,687.628
687.794,687.624
687.794,687.624
687.800,687.632
687.799,687.632
687.796,687.627
687.794,687.623
687.794,687.624
687.791,687.620
687.784,687.609
687.782,687.607
687.784,687.609
687.782,687.607
687.781,687.605
687.771,687.592
687.771,687.591
687.774,687.594
687.773,687.594
687.781,687.605
687.779,687.603
687.781,687.605
687.780,687.603
687.781,687.605
687.780,687.603
687.779,687.602
687.786,687.612
687.784,687.609
687.782,687.607
687.781,687.605
687.780,687.603
687.779,687.602
687.777,687.600
687.777,687.599
687.778,687.602
687.777,687.600
687.771,687.591
687.771,687.591
687.771,687.590
687.773,687.594
687.765,687.581
687.765,687.582
687.768,687.586
687.760,687.575
687.760,687.576
687.761,687.577
687.756,687.570
687.758,687.571
687.758,687.572
687.759,687.573
687.760,687.575
687.760,687.576
687.761,687.577
687.756,687.570
687.758,687.571
687.761,687.577
687.754,687.566
687.755,687.568
687.759,687.574
687.760,687.575
687.761,687.576
687.761,687.577
687.762,687.578
687.754,687.567
687.756,687.569
687.760,687.574
687.760,687.576
687.761,687.577
687.764,687.581
687.765,687.582
687.765,687.582
687.768,687.587
687.768,687.587
687.767,687.585
687.767,687.585
687.770,687.589
687.770,687.589
687.769,687.589
687.769,687.588
687.761,687.577
687.764,687.581
687.765,687.582
687.765,687.582
687.757,687.571
687.750,687.561
687.747,687.556
687.741,687.547
687.743,687.551
687.740,687.546
687.743,687.550
687.745,687.554
687.742,687.549
687.744,687.553
687.741,687.548
687.744,687.552
687.746,687.555
687.743,687.550
687.745,687.554
687.747,687.557
687.752,687.564
687.746,687.554
687.742,687.550
687.745,687.553
687.747,687.556
687.749,687.559
687.751,687.562
687.744,687.552
687.747,687.556
687.749,687.559
687.745,687.554
687.747,687.557
687.749,687.559
687.746,687.554
687.748,687.557
687.750,687.560
687.754,687.566
687.755,687.568
687.751,687.562
687.753,687.565
687.746,687.555
687.748,687.558
687.753,687.565
687.754,687.567
687.756,687.569
687.759,687.574
687.752,687.564
687.748,687.558
687.750,687.561
687.752,687.563
687.753,687.565
687.749,687.560
687.751,687.562
687.745,687.553
687.739,687.544
687.734,687.537
687.729,687.530
687.735,687.539
687.730,687.532
687.726,687.526
687.730,687.532
687.733,687.537
687.729,687.530
687.727,687.528
687.723,687.522
687.727,687.528
687.723,687.522
687.719,687.516
687.724,687.523
687.720,687.518
687.725,687.524
687.729,687.530
687.727,687.528
687.723,687.522
687.711,687.505
687.709,687.501
687.709,687.501
687.706,687.498
687.712,687.506
687.712,687.506
687.709,687.502
687.707,687.499
687.707,687.499
687.713,687.508
687.710,687.503
687.708,687.500
687.708,687.500
687.706,687.497
687.706,687.498
687.704,687.495
687.702,687.492
687.708,687.501
687.717,687.513
687.714,687.508
687.711,687.504
687.716,687.512
687.713,687.507
687.718,687.515
687.718,687.514
687.722,687.521
687.719,687.515
687.715,687.511
687.715,687.510
687.720,687.517
687.719,687.516
687.716,687.511
687.713,687.507
687.718,687.514
687.715,687.510
687.712,687.505
687.717,687.513
687.714,687.508
687.711,687.504
687.716,687.512
687.724,687.523
687.720,687.518
687.717,687.513
687.716,687.512
687.713,687.507
687.710,687.503
687.716,687.511
687.721,687.518
687.717,687.513
687.717,687.513
687.714,687.508
687.719,687.515
687.715,687.511
687.715,687.510
687.712,687.506
687.712,687.506
687.717,687.514
687.714,687.509
687.711,687.505
687.709,687.501
687.714,687.509
687.711,687.505
687.711,687.505
687.709,687.501
687.709,687.501
687.706,687.498
687.704,687.495
687.710,687.503
687.710,687.504
687.708,687.500
687.706,687.497
687.703,687.494
687.702,687.491
687.700,687.488
687.698,687.486
687.700,687.488
687.706,687.497
687.712,687.506
687.712,687.506
687.709,687.502
687.707,687.498
687.707,687.499
687.713,687.507
687.710,687.503
687.708,687.499
687.705,687.496
687.703,687.493
687.701,687.490
687.702,687.492
687.701,687.489
687.707,687.499
687.707,687.499
687.713,687.507
687.710,687.503
687.716,687.511
687.715,687.511
687.720,687.518
687.720,687.517
687.716,687.512
687.713,687.507
687.710,687.503
687.710,687.504
687.708,687.500
687.706,687.497
687.711,687.505
687.709,687.501
687.714,687.509
687.714,687.509
687.719,687.516
687.716,687.511
687.713,687.507
687.710,687.503
687.715,687.511
687.720,687.518
687.725,687.525
687.721,687.519
687.717,687.514
687.714,687.509
687.711,687.505
687.709,687.501
687.709,687.501
687.706,687.498
687.699,687.487
687.706,687.497
687.703,687.493
687.701,687.491
687.700,687.488
687.701,687.490
687.699,687.488
687.698,687.485
687.696,687.483
687.703,687.493
687.701,687.490
687.700,687.488
687.701,687.490
687.699,687.487
687.698,687.485
687.696,687.483
687.703,687.493
687.701,687.490
687.699,687.488
687.693,687.478
687.692,687.477
687.691,687.475
687.690,687.474
687.690,687.473
687.689,687.473
687.688,687.472
687.688,687.471
687.687,687.470
687.690,687.474
687.689,687.473
687.689,687.472
687.688,687.471
687.690,687.475
687.698,687.485
687.696,687.483
687.695,687.482
687.694,687.480
687.693,687.479
687.692,687.477
687.694,687.480
687.693,687.478
687.692,687.477
687.694,687.480
687.693,687.478
687.692,687.477
687.691,687.476
687.698,687.486
687.705,687.496
687.703,687.493
687.701,687.490
687.699,687.488
687.690,687.474
687.681,687.461
687.684,687.466
687.684,687.466
687.684,687.465
687.684,687.465
687.687,687.469
687.686,687.469
687.686,687.468
687.694,687.480
687.693,687.478
687.692,687.477
687.699,687.487
687.700,687.489
687.699,687.487
687.705,687.496
687.706,687.497
687.704,687.494
687.702,687.491
687.700,687.489
687.698,687.486
687.700,687.488
687.698,687.486
687.689,687.472
687.680,687.460
687.675,687.453
687.676,687.454
687.669,687.443
687.662,687.434
687.667,687.441
687.668,687.443
687.670,687.445
687.671,687.447
687.680,687.460
687.681,687.461
687.681,687.461
687.689,687.473
687.691,687.476
687.682,687.463
687.683,687.463
687.691,687.475
687.690,687.474
687.689,687.473
687.689,687.473
687.691,687.476
687.690,687.475
687.690,687.474
687.689,687.473
687.680,687.460
687.681,687.461
687.681,687.461
687.681,687.462
687.684,687.466
687.684,687.466
687.676,687.454
687.677,687.455
687.677,687.456
687.670,687.445
687.663,687.436
687.665,687.438
687.667,687.441
687.660,687.431
687.665,687.438
687.670,687.445
687.663,687.435
687.665,687.438
687.667,687.441
687.671,687.447
687.672,687.448
687.673,687.450
687.674,687.451
687.675,687.453
687.668,687.442
687.661,687.433
687.655,687.424
687.658,687.428
687.660,687.432
687.663,687.435
687.667,687.441
687.669,687.444
687.670,687.446
687.671,687.447
687.673,687.449
687.674,687.451
687.675,687.452
687.667,687.442
687.664,687.436
687.665,687.439
687.659,687.430
687.661,687.433
687.658,687.428
687.661,687.432
687.655,687.423
687.657,687.427
687.663,687.435
687.665,687.438
687.666,687.440
687.668,687.442
687.669,687.445
687.663,687.435
687.665,687.438
687.666,687.440
687.660,687.431
687.657,687.427
687.654,687.422
687.657,687.427
687.659,687.430
687.654,687.422
687.656,687.426
687.662,687.433
687.664,687.436
687.666,687.439
687.667,687.442
687.669,687.444
687.670,687.446
687.672,687.448
687.673,687.449
687.674,687.451
687.675,687.452
687.678,687.457
687.673,687.450
687.666,687.440
687.660,687.431
687.654,687.422
687.657,687.426
687.654,687.422
687.657,687.426
687.651,687.418
687.654,687.423
687.649,687.415
687.644,687.408
687.648,687.414
687.646,687.411
687.650,687.416
687.653,687.421
687.656,687.425
687.650,687.417
687.654,687.422
687.651,687.418
687.654,687.422
687.649,687.415
687.655,687.423
687.649,687.416
687.653,687.420
687.656,687.425
687.658,687.428
687.663,687.436
687.665,687.439
687.667,687.441
687.671,687.447
687.664,687.437
687.666,687.440
687.668,687.442
687.669,687.444
687.663,687.435
687.657,687.426
687.654,687.422
687.649,687.415
687.652,687.419
687.647,687.412
687.650,687.417
687.648,687.414
687.646,687.411
687.642,687.405
687.646,687.410
687.649,687.416
687.653,687.420
687.650,687.417
687.648,687.414
687.643,687.407
687.639,687.401
687.635,687.395
687.632,687.390
687.637,687.397
687.633,687.392
687.638,687.399
687.634,687.394
687.631,687.389
687.636,687.396
687.632,687.391
687.632,687.390
687.623,687.378
687.621,687.375
687.627,687.383
687.624,687.380
687.630,687.388
687.630,687.387
687.629,687.387
687.627,687.383
687.624,687.379
687.630,687.387
687.627,687.383
687.624,687.379
687.624,687.380
687.625,687.380
687.630,687.388
687.627,687.384
687.593,687.335
687.594,687.336
687.594,687.336
687.595,687.337
687.598,687.342
687.601,687.346
687.595,687.338
687.596,687.338
687.596,687.339
687.596,687.339
687.596,687.339
687.597,687.340
687.597,687.340
687.589,687.329
687.590,687.330
687.594,687.335
687.597,687.340
687.597,687.340
687.597,687.340
687.597,687.341
687.598,687.341
687.598,687.341
687.598,687.341
687.598,687.342
687.601,687.346
687.591,687.331
687.592,687.333
687.592,687.334
687.593,687.334
687.594,687.335
687.594,687.336
687.595,687.337
687.587,687.326
687.580,687.316
687.582,687.318
687.583,687.321
687.577,687.311
687.571,687.303
687.574,687.307
687.576,687.310
687.578,687.313
687.580,687.316
687.582,687.319
687.584,687.321
687.585,687.323
687.586,687.325
687.580,687.315
687.573,687.306
687.568,687.298
687.563,687.291
687.566,687.296
687.561,687.289
687.557,687.282
687.553,687.277
687.549,687.271
687.554,687.278
687.550,687.273
687.547,687.268
687.544,687.264
687.541,687.260
687.539,687.256
687.544,687.264
687.544,687.264
687.549,687.272
687.549,687.271
687.556,687.282
687.555,687.280
687.562,687.290
687.557,687.283
687.553,687.277
687.558,687.284
687.554,687.278
687.558,687.284
687.554,687.278
687.558,687.284
687.557,687.282
687.555,687.280
687.562,687.290
687.566,687.295
687.561,687.288
687.556,687.282
687.560,687.287
687.564,687.293
687.567,687.298
687.570,687.302
687.573,687.306
687.568,687.298
687.562,687.291
687.566,687.296
687.569,687.300
687.564,687.293
687.570,687.301
687.567,687.298
687.573,687.306
687.570,687.302
687.565,687.294
687.560,687.287
687.564,687.293
687.567,687.297
687.570,687.302
687.565,687.294
687.560,687.287
687.564,687.293
687.567,687.297
687.562,687.290
687.558,687.284
687.554,687.278
687.550,687.272
687.555,687.279
687.551,687.274
687.555,687.280
687.551,687.275
687.556,687.281
687.552,687.276
687.549,687.270
687.545,687.266
687.542,687.262
687.548,687.269
687.553,687.276
687.549,687.271
687.546,687.266
687.543,687.262
687.548,687.270
687.545,687.265
687.542,687.261
687.539,687.257
687.537,687.254
687.543,687.262
687.540,687.259
687.538,687.255
687.544,687.263
687.541,687.259
687.538,687.256
687.536,687.253
687.534,687.250
687.532,687.247
687.539,687.256
687.544,687.264
687.542,687.260
687.539,687.257
687.545,687.265
687.550,687.272
687.555,687.279
687.551,687.274
687.547,687.269
687.552,687.276
687.549,687.271
687.553,687.277
687.550,687.272
687.546,687.267
687.551,687.275
687.548,687.270
687.547,687.269
687.552,687.276
687.557,687.282
687.553,687.277
687.549,687.271
687.554,687.278
687.550,687.273
687.549,687.272
687.546,687.267
687.543,687.263
687.543,687.263
687.543,687.263
687.543,687.263
687.540,687.259
687.538,687.255
687.536,687.252
687.534,687.249
687.532,687.247
687.530,687.244
687.529,687.242
687.535,687.252
687.533,687.249
687.532,687.246
687.530,687.244
687.529,687.242
687.535,687.251
687.533,687.249
687.532,687.246
687.530,687.244
687.529,687.242
687.535,687.251
687.533,687.248
687.539,687.257
687.537,687.254
687.535,687.251
687.533,687.248
687.523,687.234
687.522,687.233
687.522,687.232
687.521,687.231
687.523,687.234
687.522,687.233
687.522,687.232
687.521,687.231
687.528,687.241
687.530,687.243
687.528,687.241
687.535,687.251
687.533,687.248
687.531,687.246
687.538,687.255
687.546,687.267
687.546,687.267
687.543,687.262
687.540,687.259
687.546,687.267
687.551,687.274
687.556,687.281
687.560,687.287
687.563,687.292
687.567,687.297
687.570,687.301
687.573,687.305
687.567,687.297
687.562,687.290
687.566,687.295
687.571,687.303
687.577,687.311
687.571,687.303
687.565,687.295
687.553,687.276
687.549,687.271
687.538,687.255
687.530,687.244
687.529,687.242
687.527,687.240
687.526,687.238
687.528,687.240
687.526,687.239
687.525,687.237
687.524,687.236
687.523,687.234
687.523,687.233
687.522,687.232
687.521,687.231
687.521,687.230
687.520,687.229
687.519,687.229
687.519,687.228
687.519,687.227
687.518,687.227
687.518,687.226
687.518,687.226
687.517,687.225
687.520,687.229
687.519,687.228
687.527,687.239
687.526,687.237
687.525,687.236
687.516,687.223
687.507,687.211
687.508,687.212
687.509,687.213
687.509,687.214
687.510,687.215
687.505,687.208
687.506,687.209
687.499,687.199
687.508,687.212
687.517,687.225
687.517,687.224
687.516,687.224
687.516,687.224
687.524,687.235
687.523,687.234
687.517,687.225
687.519,687.229
687.519,687.228
687.519,687.227
687.518,687.227
687.521,687.230
687.523,687.233
687.522,687.232
687.521,687.231
687.521,687.230
687.520,687.229
687.520,687.229
687.519,687.228
687.519,687.227
687.526,687.238
687.533,687.248
687.531,687.246
687.530,687.243
687.520,687.230
687.512,687.217
687.512,687.218
687.512,687.218
687.512,687.219
687.521,687.230
687.520,687.229
687.520,687.229
687.527,687.240
687.526,687.238
687.525,687.236
687.524,687.235
687.523,687.234
687.514,687.221
687.517,687.225
687.519,687.228
687.519,687.228
687.518,687.227
687.518,687.227
687.510,687.215
687.510,687.215
687.505,687.208
687.498,687.198
687.492,687.189
687.486,687.180
687.481,687.173
687.476,687.166
687.479,687.171
687.483,687.176
687.478,687.169
687.473,687.162
687.472,687.160
687.468,687.154
687.464,687.149
687.469,687.156
687.473,687.162
687.469,687.156
687.474,687.163
687.477,687.168
687.484,687.177
687.487,687.181
687.489,687.185
687.484,687.177
687.479,687.170
687.474,687.163
687.478,687.169
687.476,687.166
687.472,687.160
687.468,687.154
687.464,687.149
687.461,687.144
687.458,687.140
687.455,687.136
687.453,687.133
687.451,687.130
687.451,687.131
687.457,687.139
687.455,687.135
687.452,687.132
687.458,687.141
687.456,687.137
687.461,687.145
687.458,687.140
687.456,687.137
687.461,687.145
687.466,687.152
687.471,687.159
687.467,687.153
687.463,687.148
687.468,687.155
687.465,687.150
687.469,687.157
687.474,687.163
687.470,687.157
687.474,687.163
687.480,687.172
687.484,687.177
687.487,687.181
687.489,687.185
687.484,687.177
687.479,687.170
687.474,687.163
687.470,687.157
687.477,687.167
687.480,687.172
687.478,687.169
687.482,687.174
687.485,687.179
687.488,687.183
687.482,687.175
687.477,687.168
687.473,687.161
687.477,687.167
687.475,687.164
687.471,687.158
687.467,687.153
687.471,687.159
687.475,687.165
687.479,687.171
687.482,687.175
687.477,687.168
687.473,687.162
687.469,687.156
687.473,687.162
687.477,687.168
687.473,687.161
687.479,687.171
687.483,687.176
687.478,687.168
687.481,687.174
687.476,687.166
687.480,687.172
687.475,687.165
687.471,687.159
687.475,687.165
687.471,687.159
687.467,687.153
687.463,687.148
687.460,687.143
687.457,687.139
687.455,687.135
687.452,687.132
687.450,687.129
687.448,687.126
687.447,687.124
687.445,687.121
687.452,687.131
687.450,687.128
687.448,687.125
687.454,687.134
687.460,687.143
687.457,687.139
687.454,687.135
687.452,687.132
687.450,687.129
687.448,687.126
687.446,687.123
687.445,687.121
687.443,687.119
687.442,687.117
687.444,687.120
687.443,687.118
687.442,687.116
687.440,687.115
687.439,687.113
687.439,687.112
687.438,687.111
687.437,687.110
687.436,687.109
687.436,687.108
687.435,687.107
687.435,687.107
687.434,687.106
687.437,687.109
687.436,687.108
687.435,687.108
687.435,687.107
687.434,687.106
687.429,687.098
687.429,687.098
687.429,687.098
687.429,687.098
687.429,687.099
687.432,687.103
687.432,687.102
687.426,687.095
687.427,687.095
687.427,687.096
687.427,687.096
687.428,687.096
687.428,687.097
687.428,687.097
687.428,687.097
687.428,687.098
687.429,687.098
687.429,687.098
687.423,687.090
687.424,687.091
687.425,687.092
687.425,687.093
687.426,687.093
687.429,687.098
687.429,687.098
687.429,687.098
687.429,687.098
687.429,687.099
687.429,687.099
687.429,687.099
687.429,687.099
687.429,687.099
687.430,687.100
687.430,687.100
687.430,687.100
687.430,687.100
687.430,687.100
687.430,687.100
687.430,687.100
687.430,687.100
687.430,687.100
687.430,687.100
687.425,687.093
687.425,687.093
687.426,687.094
687.426,687.094
687.427,687.095
687.427,687.095
687.427,687.096
687.427,687.096
687.428,687.097
687.428,687.097
687.428,687.097
687.428,687.097
687.429,687.098
687.429,687.098
687.429,687.098
687.429,687.098
687.429,687.098
687.429,687.099
687.429,687.099
687.429,687.099
687.429,687.099
687.429,687.099
687.432,687.103
687.432,687.103
687.432,687.102
687.432,687.102
687.431,687.102
687.426,687.094
687.426,687.094
687.427,687.095
687.427,687.095
687.427,687.096
687.428,687.096
687.428,687.097
687.428,687.097
687.428,687.097
687.428,687.097
687.429,687.098
687.429,687.098
687.423,687.090
687.424,687.091
687.425,687.092
687.425,687.093
687.426,687.093
687.426,687.094
687.426,687.095
687.427,687.095
687.422,687.088
687.423,687.089
687.426,687.094
687.426,687.094
687.427,687.095
687.427,687.095
687.427,687.096
687.428,687.096
687.428,687.097
687.428,687.097
687.428,687.097
687.423,687.090
687.424,687.091
687.424,687.092
687.425,687.092
687.425,687.093
687.434,687.105
687.442,687.116
687.440,687.115
687.439,687.113
687.439,687.112
687.438,687.111
687.437,687.110
687.436,687.109
687.436,687.108
687.435,687.107
687.429,687.099
687.429,687.099
687.429,687.099
687.430,687.099
687.430,687.099
687.430,687.099
687.430,687.099
687.430,687.099
687.430,687.099
687.430,687.099
687.430,687.099
687.430,687.099
687.430,687.099
687.430,687.099
687.430,687.099
687.430,687.099
687.430,687.099
687.430,687.099
687.430,687.099
687.430,687.099
687.430,687.099
687.430,687.099
687.438,687.111
687.437,687.110
687.436,687.109
687.436,687.108
687.443,687.119
687.442,687.117
687.444,687.119
687.442,687.117
687.441,687.116
687.440,687.114
687.439,687.113
687.438,687.112
687.437,687.110
687.437,687.109
687.436,687.109
687.436,687.108
687.435,687.107
687.435,687.106
687.434,687.106
687.434,687.105
687.433,687.105
687.433,687.104
687.433,687.104
687.432,687.103
687.432,687.103
687.432,687.103
687.432,687.102
687.432,687.102
687.432,687.102
687.439,687.113
687.441,687.116
687.440,687.114
687.439,687.113
687.438,687.112
687.438,687.111
687.437,687.110
687.436,687.109
687.436,687.108
687.435,687.107
687.437,687.110
687.437,687.109
687.436,687.108
687.435,687.107
687.435,687.107
687.434,687.106
687.434,687.105
687.434,687.105
687.433,687.104
687.436,687.108
687.435,687.107
687.435,687.106
687.434,687.106
687.434,687.105
687.433,687.105
687.433,687.104
687.433,687.104
687.433,687.103
687.432,687.103
687.432,687.103
687.440,687.114
687.434,687.105
687.433,687.105
687.433,687.104
687.433,687.104
687.432,687.103
687.435,687.107
687.434,687.106
687.434,687.105
687.434,687.105
687.433,687.104
687.433,687.104
687.433,687.104
687.432,687.103
687.432,687.103
687.432,687.103
687.432,687.102
687.432,687.102
687.434,687.106
687.434,687.105
687.433,687.105
687.433,687.104
687.433,687.104
687.433,687.104
687.432,687.103
687.432,687.103
687.432,687.103
687.432,687.102
687.434,687.106
687.434,687.105
687.433,687.105
687.433,687.104
687.433,687.104
687.433,687.104
687.432,687.103
687.435,687.107
687.434,687.106
687.429,687.098
687.429,687.098
687.429,687.098
687.429,687.098
687.429,687.099
687.429,687.099
687.429,687.099
687.429,687.099
687.429,687.099
687.429,687.099
687.430,687.099
687.430,687.099
687.432,687.103
687.432,687.103
687.432,687.102
687.432,687.102
687.432,687.102
687.426,687.094
687.426,687.095
687.427,687.095
687.427,687.096
687.427,687.096
687.428,687.096
687.428,687.097
687.428,687.097
687.428,687.097
687.436,687.109
687.436,687.108
687.435,687.107
687.435,687.107
687.434,687.106
687.434,687.105
687.434,687.105
687.433,687.104
687.433,687.104
687.433,687.104
687.432,687.103
687.432,687.103
687.432,687.103
687.432,687.102
687.432,687.102
687.432,687.102
687.431,687.102
687.431,687.102
687.431,687.101
687.431,687.101
687.431,687.101
687.431,687.101
687.431,687.101
687.431,687.101
687.431,687.101
687.431,687.101
687.431,687.101
687.430,687.100
687.430,687.100
687.433,687.104
687.433,687.104
687.433,687.103
687.432,687.103
687.432,687.103
687.432,687.102
687.432,687.102
687.432,687.102
687.431,687.102
687.431,687.102
687.426,687.094
687.426,687.094
687.427,687.095
687.427,687.095
687.427,687.096
687.427,687.096
687.428,687.096
687.431,687.101
687.431,687.101
687.430,687.100
687.430,687.100
687.430,687.100
687.425,687.093
687.425,687.093
687.426,687.094
687.426,687.094
687.427,687.095
687.427,687.095
687.427,687.096
687.427,687.096
687.428,687.097
687.431,687.101
687.431,687.101
687.431,687.101
687.430,687.100
687.430,687.100
687.430,687.100
687.430,687.100
687.430,687.100
687.430,687.100
687.433,687.104
687.433,687.104
687.432,687.103
687.432,687.103
687.432,687.103
687.432,687.102
687.432,687.102
687.432,687.102
687.431,687.102
687.431,687.102
687.431,687.101
687.431,687.101
687.431,687.101
687.431,687.101
687.431,687.101
687.431,687.101
687.431,687.101
687.425,687.093
687.426,687.094
687.426,687.094
687.427,687.095
687.427,687.095
687.427,687.096
687.427,687.096
687.428,687.096
687.428,687.097
687.431,687.101
687.431,687.101
687.431,687.101
687.431,687.101
687.431,687.101
687.433,687.104
687.433,687.104
687.433,687.104
687.432,687.103
687.432,687.103
687.432,687.103
687.432,687.102
687.432,687.102
687.431,687.102
687.431,687.102
687.431,687.102
687.431,687.101
687.431,687.101
687.431,687.101
687.434,687.105
687.433,687.104
687.433,687.104
687.433,687.104
687.432,687.103
687.432,687.103
687.432,687.103
687.426,687.095
687.427,687.095
687.427,687.096
687.427,687.096
687.428,687.096
687.428,687.097
687.428,687.097
687.428,687.097
687.428,687.098
687.429,687.098
687.429,687.098
687.429,687.098
687.429,687.098
687.429,687.098
687.432,687.102
687.432,687.102
687.432,687.102
687.434,687.106
687.434,687.105
687.433,687.105
687.433,687.104
687.433,687.104
687.432,687.103
687.432,687.103
687.432,687.103
687.432,687.102
687.432,687.102
687.429,687.099
687.429,687.099
687.429,687.099
687.429,687.099
687.424,687.091
687.425,687.092
687.425,687.093
687.426,687.094
687.426,687.094
687.426,687.095
687.427,687.095
687.427,687.096
687.427,687.096
687.430,687.100
687.430,687.100
687.430,687.100
687.430,687.100
687.430,687.100
687.430,687.100
687.430,687.100
687.430,687.100
687.430,687.100
687.430,687.100
687.430,687.100
687.430,687.100
687.430,687.100
687.430,687.100
687.430,687.100
687.430,687.100
687.430,687.100
687.430,687.100
687.430,687.100
687.430,687.100
687.430,687.100
687.430,687.100
687.433,687.104
687.433,687.104
687.432,687.103
687.432,687.103
687.432,687.103
687.432,687.102
687.432,687.102
687.432,687.102
687.431,687.102
687.431,687.102
687.431,687.101
687.431,687.101
687.431,687.101
687.431,687.101
687.433,687.105
687.432,687.102
687.432,687.102
687.432,687.102
687.431,687.102
687.431,687.102
687.431,687.101
687.431,687.101
687.431,687.101
687.434,687.105
687.433,687.104
687.433,687.104
687.433,687.104
687.432,687.103
687.432,687.103
687.432,687.103
687.432,687.102
687.434,687.106
687.434,687.105
687.434,687.105
687.433,687.104
687.433,687.104
687.433,687.104
687.432,687.103
687.432,687.103
687.432,687.103
687.435,687.106
687.434,687.106
687.434,687.105
687.433,687.105
687.433,687.104
687.433,687.104
687.432,687.103
687.432,687.103
687.432,687.103
687.432,687.102
687.432,687.102
687.432,687.102
687.434,687.106
687.434,687.105
687.433,687.105
687.433,687.104
687.433,687.104
687.432,687.103
687.432,687.103
687.432,687.103
687.432,687.102
687.432,687.102
687.432,687.102
687.431,687.102
687.431,687.102
687.431,687.101
687.431,687.101
687.431,687.101
687.431,687.101
687.425,687.093
687.426,687.094
687.426,687.094
687.427,687.095
687.427,687.095
687.430,687.100
687.430,687.100
687.430,687.100
687.430,687.100
687.430,687.100
687.430,687.100
687.430,687.100
687.430,687.100
687.430,687.100
687.430,687.100
687.430,687.100
687.430,687.100
687.430,687.100
687.430,687.100
687.425,687.092
687.425,687.093
687.426,687.093
687.426,687.094
687.426,687.095
687.427,687.095
687.427,687.096
687.427,687.096
687.428,687.096
687.428,687.097
687.428,687.097
687.428,687.097
687.428,687.097
687.429,687.098
687.429,687.098
687.429,687.098
687.424,687.091
687.424,687.091
687.425,687.092
687.425,687.093
687.426,687.094
687.426,687.094
687.427,687.095
687.427,687.095
687.427,687.096
687.427,687.096
687.430,687.100
687.430,687.100
687.430,687.100
687.433,687.104
687.433,687.104
687.432,687.103
687.432,687.103
687.432,687.103
687.435,687.106
687.434,687.106
687.434,687.105
687.433,687.105
687.433,687.104
687.433,687.104
687.433,687.103
687.432,687.103
687.432,687.103
687.432,687.102
687.432,687.102
687.432,687.102
687.431,687.102
687.431,687.102
687.431,687.101
687.431,687.101
687.431,687.101
687.431,687.101
687.433,687.105
687.433,687.104
687.433,687.104
687.433,687.104
687.432,687.103
687.432,687.103
687.432,687.103
687.432,687.102
687.432,687.102
687.431,687.102
687.431,687.102
687.431,687.102
687.431,687.101
687.431,687.101
687.431,687.101
687.431,687.101
687.431,687.101
687.433,687.105
687.433,687.104
687.433,687.104
687.433,687.103
687.432,687.103
687.432,687.103
687.432,687.102
687.432,687.102
687.432,687.102
687.431,687.102
687.431,687.102
687.431,687.101
687.434,687.105
687.433,687.105
687.433,687.104
687.433,687.104
687.432,687.103
687.427,687.095
687.427,687.096
687.427,687.096
687.428,687.097
687.423,687.089
687.423,687.090
687.424,687.091
687.425,687.092
687.425,687.093
687.426,687.093
687.426,687.094
687.426,687.095
687.427,687.095
687.427,687.096
687.430,687.100
687.430,687.100
687.430,687.100
687.430,687.100
687.430,687.100
687.430,687.100
687.430,687.100
687.433,687.104
687.432,687.103
687.432,687.103
687.432,687.103
687.432,687.102
687.434,687.106
687.434,687.105
687.434,687.105
687.433,687.104
687.433,687.104
687.433,687.104
687.432,687.103
687.432,687.103
687.432,687.103
687.432,687.102
687.432,687.102
687.432,687.102
687.431,687.102
687.431,687.102
687.431,687.101
687.431,687.101
687.431,687.101
687.425,687.093
687.426,687.094
687.426,687.094
687.427,687.095
687.427,687.095
687.427,687.096
687.427,687.096
687.428,687.097
687.428,687.097
687.428,687.097
687.428,687.097
687.420,687.086
687.421,687.087
687.422,687.089
687.415,687.078
687.424,687.092
687.425,687.093
687.425,687.093
687.426,687.094
687.418,687.083
687.419,687.084
687.420,687.086
687.413,687.076
687.415,687.078
687.416,687.080
687.418,687.082
687.427,687.095
687.422,687.088
687.423,687.089
687.423,687.090
687.416,687.079
687.417,687.081
687.418,687.083
687.420,687.085
687.429,687.098
687.429,687.098
687.429,687.098
687.429,687.098
687.421,687.087
687.422,687.088
687.423,687.089
687.423,687.090
687.432,687.103
687.432,687.102
687.434,687.106
687.434,687.105
687.426,687.093
687.426,687.094
687.426,687.094
687.427,687.095
687.435,687.107
687.435,687.106
687.437,687.110
687.436,687.109
687.428,687.096
687.428,687.097
687.428,687.097
687.423,687.090
687.432,687.102
687.432,687.102
687.431,687.102
687.434,687.105
687.426,687.093
687.426,687.094
687.426,687.094
687.419,687.083
687.428,687.097
687.428,687.097
687.428,687.097
687.431,687.101
687.423,687.090
687.424,687.091
687.424,687.092
687.417,687.081
687.421,687.086
687.422,687.088
687.422,687.089
687.431,687.102
687.423,687.090
687.426,687.095
687.427,687.095
687.419,687.084
687.420,687.086
687.421,687.087
687.422,687.088
687.431,687.101
687.423,687.089
687.423,687.090
687.424,687.091
687.417,687.080
687.418,687.082
687.419,687.084
687.420,687.085
687.429,687.098
687.429,687.098
687.432,687.102
687.440,687.114
687.431,687.101
687.431,687.101
687.431,687.101
687.425,687.093
687.434,687.105
687.433,687.105
687.433,687.104
687.441,687.115
687.434,687.106
687.434,687.106
687.434,687.105
687.425,687.093
687.434,687.105
687.433,687.105
687.433,687.104
687.441,687.115
687.440,687.114
687.439,687.113
687.438,687.111
687.429,687.099
687.432,687.103
687.432,687.102
687.432,687.102
687.440,687.113
687.439,687.112
687.438,687.111
687.437,687.110
687.428,687.097
687.429,687.098
687.429,687.098
687.429,687.098
687.437,687.110
687.436,687.109
687.436,687.108
687.443,687.119
687.434,687.105
687.434,687.105
687.433,687.104
687.428,687.096
687.436,687.108
687.435,687.107
687.435,687.107
687.442,687.118
687.436,687.108
687.435,687.107
687.435,687.107
687.426,687.094
687.435,687.107
687.434,687.106
687.434,687.105
687.442,687.116
687.440,687.115
687.440,687.113
687.439,687.112
687.430,687.099
687.430,687.099
687.432,687.103
687.424,687.092
687.433,687.104
687.433,687.104
687.432,687.103
687.435,687.107
687.426,687.095
687.427,687.095
687.427,687.096
687.419,687.084
687.420,687.086
687.421,687.087
687.422,687.088
687.431,687.101
687.431,687.101
687.431,687.101
687.431,687.101
687.423,687.089
687.423,687.090
687.424,687.091
687.419,687.084
687.428,687.097
687.428,687.098
687.429,687.098
687.421,687.086
687.422,687.088
687.414,687.077
687.416,687.079
687.417,687.081
687.418,687.083
687.428,687.096
687.428,687.097
687.428,687.097
687.428,687.097
687.420,687.086
687.421,687.087
687.422,687.088
687.415,687.078
687.424,687.092
687.425,687.092
687.425,687.093
687.426,687.094
687.418,687.083
687.419,687.084
687.420,687.086
687.413,687.076
687.423,687.090
687.424,687.091
687.424,687.091
687.427,687.096
687.420,687.085
687.421,687.086
687.422,687.088
687.414,687.077
687.419,687.083
687.420,687.085
687.421,687.086
687.430,687.099
687.422,687.088
687.425,687.093
687.426,687.093
687.418,687.082
687.419,687.084
687.420,687.086
687.421,687.087
687.430,687.100
687.425,687.092
687.425,687.093
687.426,687.093
687.426,687.094
687.426,687.095
687.421,687.087
687.430,687.100
687.430,687.100
687.430,687.100
687.422,687.089
687.426,687.093
687.426,687.094
687.418,687.083
687.419,687.085
687.420,687.086
687.421,687.087
687.422,687.089
687.415,687.078
687.411,687.073
687.413,687.075
687.415,687.078
687.408,687.068
687.410,687.071
687.412,687.074
687.414,687.076
687.415,687.078
687.417,687.081
687.410,687.071
687.412,687.073
687.414,687.076
687.415,687.078
687.425,687.092
687.425,687.093
687.418,687.082
687.411,687.072
687.405,687.063
687.407,687.067
687.401,687.058
687.404,687.062
687.406,687.066
687.409,687.069
687.411,687.072
687.404,687.063
687.407,687.067
687.409,687.070
687.406,687.065
687.416,687.080
687.417,687.082
687.411,687.072
687.412,687.075
687.414,687.077
687.416,687.079
687.417,687.081
687.418,687.083
687.391,687.043
687.394,687.049
687.398,687.053
687.401,687.058
687.404,687.062
687.406,687.065
687.408,687.069
687.419,687.083
687.420,687.085
687.421,687.086
687.422,687.088
687.425,687.093
687.425,687.093
687.426,687.094
687.426,687.094
687.435,687.107
687.434,687.106
687.434,687.105
687.425,687.093
687.426,687.094
687.426,687.094
687.421,687.087
687.422,687.088
687.423,687.089
687.424,687.090
687.396,687.050
687.399,687.055
687.402,687.059
687.405,687.063
687.407,687.067
687.409,687.070
687.411,687.073
687.413,687.075
687.415,687.078
687.408,687.068
687.410,687.071
687.404,687.062
687.406,687.066
687.401,687.058
687.395,687.050
687.391,687.043
687.386,687.037
687.391,687.043
687.394,687.048
687.392,687.046
687.388,687.039
687.384,687.033
687.380,687.028
687.385,687.035
687.384,687.033
687.401,687.058
687.404,687.062
687.409,687.069
687.411,687.072
687.413,687.075
687.414,687.077
687.416,687.079
687.417,687.081
687.418,687.083
687.419,687.085
687.420,687.086
687.421,687.087
687.422,687.089
687.423,687.090
687.416,687.079
687.417,687.081
687.410,687.071
687.404,687.062
687.407,687.066
687.409,687.069
687.411,687.072
687.413,687.075
687.406,687.066
687.409,687.069
687.403,687.060
687.408,687.068
687.410,687.071
687.412,687.074
687.406,687.065
687.400,687.056
687.395,687.049
687.390,687.042
687.386,687.036
687.382,687.031
687.379,687.026
687.375,687.021
687.381,687.029
687.377,687.024
687.374,687.020
687.372,687.016
687.369,687.012
687.367,687.009
687.367,687.010
687.365,687.007
687.372,687.016
687.369,687.012
687.367,687.009
687.365,687.006
687.363,687.003
687.369,687.012
687.367,687.009
687.365,687.006
687.363,687.004
687.362,687.001
687.368,687.011
687.366,687.008
687.372,687.016
687.370,687.013
687.367,687.010
687.365,687.007
687.363,687.004
687.370,687.013
687.375,687.021
687.373,687.017
687.378,687.025
687.386,687.036
687.382,687.031
687.387,687.037
687.391,687.043
687.386,687.037
687.383,687.031
687.387,687.038
687.391,687.044
687.387,687.038
687.383,687.032
687.387,687.038
687.391,687.044
687.387,687.038
687.391,687.044
687.395,687.049
687.390,687.042
687.386,687.036
687.382,687.031
687.387,687.037
687.394,687.047
687.389,687.041
687.385,687.035
687.389,687.041
687.393,687.047
687.388,687.040
687.392,687.046
687.396,687.051
687.399,687.056
687.402,687.060
687.405,687.064
687.407,687.067
687.409,687.070
687.403,687.061
687.398,687.054
687.401,687.058
687.404,687.062
687.406,687.065
687.400,687.057
687.403,687.061
687.398,687.053
687.393,687.046
687.388,687.040
687.384,687.034
687.381,687.029
687.377,687.024
687.377,687.023
687.374,687.019
687.371,687.015
687.369,687.012
687.375,687.020
687.372,687.016
687.369,687.012
687.367,687.009
687.365,687.006
687.363,687.004
687.362,687.001
687.360,686.999
687.361,687.001
687.360,686.999
687.359,686.997
687.365,687.007
687.363,687.004
687.362,687.001
687.360,686.999
687.359,686.997
687.358,686.995
687.356,686.994
687.358,686.996
687.360,686.998
687.358,686.996
687.357,686.995
687.356,686.993
687.355,686.992
687.354,686.990
687.353,686.989
687.353,686.988
687.352,686.987
687.351,686.986
687.353,686.989
687.353,686.988
687.355,686.991
687.354,686.990
687.348,686.981
687.347,686.981
687.347,686.981
687.347,686.980
687.355,686.992
687.354,686.990
687.361,687.001
687.360,686.999
687.353,686.989
687.352,686.988
687.352,686.987
687.351,686.986
687.351,686.985
687.350,686.985
687.350,686.984
687.349,686.984
687.349,686.983
687.349,686.983
687.348,686.982
687.348,686.982
687.348,686.981
687.348,686.981
687.347,686.981
687.347,686.981
687.347,686.980
687.347,686.980
687.347,686.980
687.347,686.980
687.347,686.980
687.346,686.980
687.354,686.991
687.354,686.990
687.353,686.989
687.352,686.988
687.352,686.987
687.351,686.986
687.351,686.985
687.350,686.985
687.350,686.984
687.349,686.983
687.357,686.995
687.356,686.993
687.347,686.980
687.355,686.991
687.354,686.990
687.353,686.989
687.352,686.988
687.360,686.999
687.361,687.001
687.360,686.999
687.366,687.008
687.364,687.005
687.363,687.003
687.361,687.000
687.362,687.002
687.369,687.012
687.367,687.008
687.365,687.005
687.363,687.003
687.361,687.001
687.368,687.010
687.366,687.007
687.364,687.004
687.370,687.013
687.376,687.022
687.373,687.017
687.370,687.014
687.376,687.022
687.373,687.018
687.370,687.014
687.368,687.011
687.366,687.007
687.364,687.005
687.370,687.014
687.371,687.014
687.368,687.011
687.366,687.008
687.364,687.005
687.362,687.002
687.361,687.000
687.367,687.010
687.365,687.007
687.366,687.008
687.364,687.005
687.362,687.002
687.361,687.000
687.359,686.998
687.366,687.008
687.367,687.009
687.365,687.006
687.363,687.003
687.361,687.001
687.360,686.999
687.358,686.997
687.357,686.995
687.364,687.005
687.362,687.002
687.361,687.000
687.359,686.998
687.366,687.008
687.367,687.009
687.373,687.017
687.370,687.014
687.368,687.010
687.366,687.007
687.364,687.005
687.370,687.014
687.376,687.022
687.373,687.018
687.378,687.025
687.383,687.033
687.382,687.031
687.387,687.038
687.391,687.044
687.395,687.049
687.398,687.054
687.393,687.047
687.391,687.044
687.387,687.038
687.383,687.032
687.379,687.027
687.384,687.034
687.381,687.029
687.380,687.028
687.377,687.023
687.374,687.019
687.371,687.015
687.369,687.011
687.366,687.008
687.372,687.017
687.370,687.013
687.368,687.010
687.366,687.007
687.364,687.004
687.370,687.013
687.368,687.010
687.366,687.007
687.364,687.004
687.365,687.006
687.363,687.003
687.361,687.001
687.360,686.999
687.358,686.997
687.357,686.995
687.356,686.993
687.355,686.992
687.354,686.991
687.353,686.989
687.353,686.988
687.344,686.976
687.336,686.964
687.337,686.966
687.338,686.967
687.339,686.968
687.342,686.973
687.334,686.962
687.335,686.963
687.336,686.965
687.337,686.966
687.338,686.967
687.347,686.980
687.347,686.980
687.346,686.980
687.346,686.979
687.349,686.983
687.349,686.983
687.348,686.982
687.348,686.982
687.348,686.982
687.348,686.981
687.348,686.981
687.355,686.992
687.354,686.991
687.354,686.990
687.353,686.989
687.352,686.988
687.352,686.987
687.351,686.986
687.351,686.985
687.350,686.985
687.350,686.984
687.349,686.984
687.349,686.983
687.349,686.983
687.348,686.982
687.348,686.982
687.348,686.981
687.348,686.981
687.350,686.985
687.350,686.984
687.352,686.988
687.351,686.987
687.351,686.986
687.350,686.985
687.350,686.985
687.350,686.984
687.349,686.983
687.341,686.971
687.333,686.960
687.334,686.962
687.336,686.964
687.336,686.965
687.337,686.966
687.338,686.967
687.339,686.969
687.342,686.973
687.343,686.974
687.337,686.967
687.338,686.968
687.339,686.969
687.340,686.970
687.340,686.970
687.341,686.971
687.341,686.972
687.342,686.972
687.342,686.973
687.350,686.985
687.350,686.984
687.349,686.984
687.341,686.972
687.342,686.972
687.342,686.973
687.334,686.962
687.335,686.963
687.331,686.957
687.332,686.959
687.334,686.961
687.335,686.963
687.336,686.964
687.337,686.965
687.332,686.959
687.333,686.961
687.335,686.962
687.336,686.964
687.337,686.965
687.338,686.967
687.330,686.956
687.332,686.958
687.325,686.949
687.327,686.951
687.329,686.954
687.338,686.968
687.339,686.969
687.340,686.970
687.340,686.970
687.341,686.971
687.341,686.972
687.336,686.965
687.337,686.966
687.333,686.959
687.334,686.961
687.335,686.963
687.336,686.964
687.337,686.966
687.338,686.967
687.338,686.968
687.339,686.969
687.340,686.970
687.340,686.971
687.341,686.971
687.341,686.972
687.342,686.973
687.334,686.962
687.327,686.952
687.329,686.954
687.331,686.957
687.324,686.947
687.326,686.950
687.323,686.945
687.319,686.940
687.322,686.944
687.324,686.947
687.326,686.950
687.320,686.941
687.322,686.945
687.325,686.948
687.327,686.951
687.328,686.954
687.330,686.956
687.332,686.958
687.333,686.960
687.326,686.950
687.320,686.941
687.322,686.945
687.317,686.936
687.311,686.929
687.323,686.945
687.317,686.937
687.312,686.929
687.315,686.934
687.318,686.938
687.315,686.934
687.318,686.938
687.323,686.946
687.325,686.949
687.327,686.952
687.329,686.954
687.323,686.945
687.325,686.948
687.327,686.951
687.321,686.942
687.315,686.934
687.310,686.927
687.328,686.953
687.322,686.944
687.316,686.936
687.311,686.928
687.314,686.933
687.317,686.937
687.320,686.941
687.322,686.945
687.317,686.936
687.319,686.940
687.322,686.944
687.316,686.936
687.319,686.940
687.321,686.943
687.324,686.947
687.318,686.938
687.320,686.942
687.323,686.946
687.320,686.941
687.317,686.937
687.319,686.941
687.314,686.933
687.317,686.937
687.312,686.929
687.307,686.922
687.285,686.891
687.283,686.888
687.281,686.885
687.279,686.882
687.277,686.880
687.276,686.877
687.274,686.875
687.273,686.874
687.272,686.872
687.271,686.871
687.270,686.869
687.269,686.868
687.276,686.879
687.283,686.888
687.289,686.897
687.289,686.897
687.286,686.893
687.292,686.901
687.289,686.897
687.294,686.905
687.299,686.912
687.304,686.918
687.308,686.924
687.303,686.917
687.299,686.912
687.312,686.930
687.315,686.935
687.318,686.939
687.313,686.931
687.316,686.936
687.311,686.928
687.306,686.921
687.302,686.915
687.298,686.910
687.294,686.905
687.291,686.900
687.288,686.896
687.286,686.892
687.284,686.889
687.281,686.886
687.282,686.887
687.288,686.896
687.294,686.904
687.299,686.911
687.295,686.906
687.300,686.912
687.296,686.907
687.293,686.902
687.298,686.910
687.294,686.905
687.299,686.912
687.298,686.910
687.303,686.917
687.299,686.911
687.295,686.906
687.292,686.901
687.297,686.909
687.302,686.915
687.298,686.910
687.302,686.916
687.299,686.911
687.303,686.917
687.299,686.911
687.295,686.906
687.300,686.913
687.297,686.908
687.293,686.903
687.290,686.898
687.295,686.906
687.292,686.901
687.297,686.909
687.302,686.915
687.298,686.910
687.294,686.905
687.291,686.900
687.288,686.896
687.286,686.892
687.284,686.889
687.281,686.886
687.280,686.883
687.278,686.881
687.276,686.878
687.275,686.876
687.276,686.878
687.275,686.876
687.281,686.886
687.280,686.883
687.278,686.881
687.276,686.878
687.275,686.876
687.274,686.875
687.272,686.873
687.271,686.871
687.270,686.870
687.270,686.869
687.269,686.868
687.268,686.867
687.267,686.866
687.270,686.869
687.269,686.868
687.268,686.867
687.267,686.866
687.275,686.876
687.274,686.874
687.272,686.873
687.271,686.871
687.270,686.870
687.270,686.869
687.269,686.868
687.268,686.867
687.270,686.869
687.277,686.880
687.284,686.889
687.282,686.886
687.280,686.883
687.278,686.881
687.276,686.878
687.283,686.888
687.284,686.889
687.289,686.897
687.295,686.905
687.292,686.901
687.297,686.908
687.293,686.903
687.290,686.899
687.288,686.895
687.285,686.891
687.283,686.888
687.281,686.885
687.279,686.882
687.285,686.891
687.283,686.888
687.281,686.885
687.282,686.886
687.288,686.895
687.285,686.892
687.283,686.888
687.281,686.885
687.279,686.883
687.286,686.892
687.283,686.888
687.281,686.885
687.279,686.883
687.286,686.892
687.291,686.900
687.288,686.896
687.294,686.904
687.291,686.899
687.288,686.895
687.277,686.880
687.284,686.889
687.282,686.886
687.280,686.883
687.278,686.881
687.284,686.890
687.282,686.887
687.280,686.884
687.278,686.882
687.285,686.891
687.291,686.899
687.296,686.907
687.293,686.902
687.290,686.898
687.287,686.894
687.284,686.890
687.282,686.887
687.280,686.884
687.286,686.893
687.284,686.890
687.285,686.890
687.282,686.887
687.280,686.884
687.287,686.893
687.284,686.890
687.290,686.898
687.287,686.894
687.285,686.891
687.283,686.888
687.281,686.885
687.279,686.882
687.277,686.880
687.276,686.877
687.282,686.887
687.288,686.896
687.294,686.904
687.299,686.911
687.295,686.906
687.292,686.901
687.289,686.897
687.294,686.904
687.291,686.900
687.288,686.896
687.286,686.892
687.283,686.889
687.289,686.897
687.295,686.905
687.292,686.900
687.289,686.896
687.286,686.893
687.284,686.889
687.282,686.886
687.280,686.883
687.278,686.881
687.276,686.878
687.275,686.876
687.276,686.878
687.275,686.876
687.274,686.874
687.272,686.873
687.271,686.871
687.270,686.870
687.272,686.872
687.279,686.883
687.277,686.880
687.276,686.878
687.275,686.876
687.273,686.874
687.272,686.872
687.271,686.871
687.278,686.881
687.277,686.879
687.275,686.877
687.282,686.886
687.280,686.884
687.286,686.893
687.284,686.889
687.282,686.886
687.280,686.883
687.278,686.881
687.276,686.878
687.275,686.876
687.282,686.886
687.288,686.895
687.293,686.903
687.290,686.898
687.295,686.906
687.292,686.901
687.289,686.897
687.295,686.905
687.291,686.900
687.289,686.896
687.286,686.892
687.292,686.901
687.297,686.908
687.296,686.907
687.293,686.902
687.290,686.898
687.295,686.906
687.292,686.901
687.289,686.897
687.294,686.904
687.299,686.911
687.296,686.906
687.300,686.913
687.297,686.908
687.301,686.914
687.297,686.909
687.302,686.916
687.298,686.910
687.303,686.917
687.307,686.922
687.302,686.916
687.299,686.911
687.298,686.909
687.294,686.904
687.299,686.911
687.295,686.906
687.300,686.913
687.297,686.908
687.293,686.903
687.290,686.898
687.287,686.894
687.285,686.891
687.283,686.888
687.281,686.885
687.279,686.882
687.277,686.880
687.276,686.877
687.274,686.875
687.281,686.885
687.279,686.882
687.277,686.880
687.276,686.878
687.274,686.876
687.273,686.874
687.272,686.872
687.274,686.875
687.273,686.873
687.280,686.883
687.278,686.881
687.276,686.878
687.275,686.876
687.268,686.867
687.268,686.866
687.275,686.877
687.274,686.875
687.281,686.885
687.287,686.893
687.284,686.890
687.285,686.891
687.275,686.876
687.273,686.874
687.272,686.872
687.271,686.871
687.270,686.870
687.269,686.868
687.269,686.867
687.276,686.878
687.274,686.876
687.273,686.874
687.272,686.872
687.271,686.871
687.270,686.870
687.269,686.868
687.269,686.867
687.271,686.870
687.270,686.869
687.269,686.868
687.268,686.867
687.267,686.866
687.267,686.865
687.266,686.864
687.266,686.863
687.265,686.863
687.265,686.862
687.265,686.862
687.264,686.861
687.264,686.861
687.264,686.860
687.272,686.872
687.271,686.870
687.270,686.869
687.269,686.868
687.271,686.871
687.270,686.869
687.269,686.868
687.268,686.867
687.268,686.866
687.267,686.865
687.267,686.864
687.266,686.864
687.266,686.863
687.265,686.863
687.265,686.862
687.265,686.861
687.264,686.861
687.264,686.861
687.264,686.860
687.263,686.860
687.263,686.860
687.263,686.859
687.263,686.859
687.263,686.859
687.255,686.847
687.255,686.848
687.256,686.849
687.256,686.850
687.257,686.851
687.257,686.851
687.258,686.852
687.250,686.841
687.243,686.831
687.245,686.833
687.246,686.835
687.240,686.826
687.242,686.829
687.244,686.832
687.237,686.822
687.240,686.826
687.242,686.829
687.244,686.831
687.245,686.834
687.247,686.836
687.248,686.838
687.249,686.840
687.251,686.841
687.244,686.831
687.237,686.822
687.240,686.826
687.234,686.817
687.236,686.821
687.239,686.824
687.241,686.827
687.243,686.830
687.244,686.833
687.246,686.835
687.247,686.837
687.249,686.839
687.250,686.841
687.243,686.831
687.237,686.822
687.239,686.825
687.241,686.828
687.243,686.831
687.237,686.822
687.239,686.825
687.241,686.828
687.235,686.819
687.238,686.823
687.240,686.826
687.242,686.829
687.244,686.832
687.245,686.834
687.247,686.836
687.248,686.838
687.244,686.832
687.246,686.835
687.247,686.837
687.249,686.839
687.250,686.840
687.251,686.842
687.252,686.843
687.253,686.845
687.254,686.846
687.254,686.847
687.255,686.848
687.256,686.849
687.256,686.849
687.257,686.850
687.257,686.851
687.258,686.851
687.258,686.852
687.258,686.852
687.258,686.853
687.259,686.853
687.259,686.853
687.259,686.854
687.259,686.854
687.260,686.854
687.260,686.855
687.260,686.855
687.260,686.855
687.260,686.855
687.260,686.855
687.260,686.856
687.260,686.856
687.261,686.856
687.253,686.844
687.253,686.845
687.254,686.847
687.255,686.848
687.255,686.848
687.256,686.849
687.256,686.850
687.249,686.839
687.258,686.852
687.250,686.841
687.251,686.843
687.252,686.844
687.253,686.845
687.243,686.830
687.237,686.821
687.239,686.825
687.233,686.816
687.228,686.808
687.231,686.813
687.234,686.817
687.236,686.821
687.239,686.824
687.233,686.816
687.228,686.808
687.223,686.801
687.226,686.807
687.230,686.811
687.233,686.816
687.235,686.820
687.238,686.823
687.232,686.815
687.235,686.819
687.237,686.822
687.240,686.826
687.234,686.817
687.228,686.809
687.231,686.814
687.237,686.822
687.223,686.801
687.226,686.806
687.221,686.800
687.225,686.805
687.221,686.798
687.224,686.804
687.228,686.809
687.231,686.813
687.226,686.806
687.224,686.803
687.219,686.797
687.223,686.802
687.227,686.808
687.230,686.812
687.225,686.805
687.229,686.810
687.224,686.803
687.227,686.808
687.222,686.801
687.226,686.806
687.230,686.811
687.225,686.804
687.228,686.809
687.231,686.814
687.226,686.806
687.217,686.793
687.221,686.799
687.225,686.805
687.220,686.798
687.216,686.792
687.221,686.798
687.224,686.804
687.220,686.797
687.224,686.803
687.227,686.808
687.223,686.801
687.226,686.806
687.230,686.811
687.233,686.816
687.235,686.819
687.238,686.823
687.240,686.826
687.242,686.829
687.236,686.820
687.238,686.824
687.232,686.815
687.227,686.808
687.230,686.812
687.225,686.805
687.229,686.810
687.232,686.814
687.235,686.818
687.237,686.822
687.240,686.825
687.244,686.832
687.238,686.823
687.232,686.815
687.235,686.819
687.237,686.822
687.232,686.814
687.234,686.818
687.229,686.810
687.224,686.803
687.219,686.797
687.215,686.791
687.212,686.786
687.208,686.781
687.205,686.776
687.205,686.776
687.203,686.772
687.200,686.769
687.206,686.777
687.211,686.785
687.216,686.792
687.220,686.798
687.224,686.803
687.220,686.797
687.224,686.803
687.219,686.796
687.215,686.790
687.220,686.797
687.224,686.803
687.227,686.808
687.230,686.812
687.233,686.817
687.228,686.809
687.223,686.802
687.219,686.795
687.223,686.801
687.218,686.795
687.214,686.789
687.219,686.796
687.215,686.790
687.211,686.785
687.216,686.792
687.220,686.798
687.224,686.803
687.228,686.809
687.231,686.813
687.234,686.817
687.236,686.821
687.231,686.813
687.226,686.806
687.221,686.799
687.217,686.793
687.213,686.787
687.218,686.794
687.214,686.788
687.210,686.783
687.207,686.779
687.212,686.786
687.217,686.793
687.213,686.787
687.210,686.782
687.207,686.778
687.204,686.774
687.201,686.770
687.199,686.767
687.205,686.775
687.210,686.783
687.207,686.779
687.204,686.774
687.201,686.771
687.199,686.767
687.197,686.764
687.195,686.762
687.193,686.759
687.200,686.768
687.198,686.765
687.204,686.774
687.201,686.770
687.207,686.778
687.212,686.786
687.217,686.793
687.213,686.787
687.210,686.782
687.214,686.789
687.211,686.784
687.216,686.791
687.212,686.786
687.209,686.781
687.206,686.777
687.211,686.784
687.216,686.791
687.220,686.797
687.224,686.803
687.219,686.797
687.215,686.791
687.220,686.797
687.224,686.803
687.227,686.808
687.231,686.813
687.226,686.805
687.229,686.810
687.224,686.803
687.219,686.797
687.223,686.802
687.219,686.796
687.223,686.802
687.219,686.795
687.215,686.790
687.219,686.796
687.215,686.790
687.219,686.797
687.223,686.802
687.227,686.808
687.230,686.812
687.225,686.805
687.221,686.798
687.216,686.792
687.213,686.787
687.217,686.794
687.214,686.788
687.210,686.783
687.207,686.778
687.204,686.774
687.201,686.771
687.199,686.767
687.197,686.764
687.203,686.773
687.198,686.766
687.196,686.763
687.202,686.772
687.200,686.768
687.198,686.765
687.196,686.762
687.194,686.760
687.200,686.769
687.206,686.777
687.211,686.785
687.208,686.780
687.205,686.776
687.202,686.772
687.208,686.780
687.208,686.780
687.205,686.775
687.210,686.783
687.215,686.790
687.219,686.796
687.215,686.791
687.220,686.797
687.224,686.803
687.219,686.796
687.215,686.790
687.220,686.797
687.216,686.791
687.212,686.786
687.208,686.781
687.206,686.777
687.203,686.773
687.200,686.769
687.198,686.766
687.196,686.763
687.202,686.772
687.200,686.768
687.206,686.777
687.203,686.773
687.200,686.769
687.206,686.778
687.203,686.774
687.201,686.770
687.207,686.778
687.212,686.786
687.208,686.781
687.214,686.788
687.210,686.783
687.207,686.778
687.204,686.774
687.209,686.782
687.206,686.778
687.203,686.774
687.201,686.770
687.207,686.778
687.204,686.774
687.201,686.770
687.207,686.779
687.212,686.786
687.217,686.793
687.213,686.787
687.210,686.782
687.206,686.778
687.204,686.774
687.209,686.782
687.214,686.789
687.211,686.784
687.215,686.791
687.220,686.797
687.216,686.791
687.220,686.797
687.224,686.803
687.219,686.797
687.215,686.791
687.212,686.786
687.216,686.792
687.213,686.787
687.217,686.794
687.222,686.800
687.217,686.793
687.213,686.788
687.210,686.783
687.207,686.778
687.204,686.774
687.209,686.782
687.206,686.778
687.203,686.774
687.209,686.782
687.206,686.777
687.203,686.773
687.201,686.770
687.206,686.778
687.212,686.785
687.208,686.781
687.205,686.776
687.203,686.772
687.200,686.769
687.198,686.766
687.204,686.774
687.201,686.771
687.199,686.767
687.205,686.776
687.202,686.772
687.200,686.769
687.198,686.765
687.198,686.766
687.204,686.775
687.210,686.783
687.207,686.778
687.212,686.786
687.209,686.781
687.206,686.777
687.211,686.784
687.216,686.791
687.212,686.786
687.209,686.781
687.214,686.788
687.210,686.783
687.207,686.779
687.204,686.774
687.210,686.782
687.206,686.778
687.204,686.774
687.201,686.770
687.199,686.767
687.197,686.764
687.195,686.761
687.196,686.762
687.194,686.760
687.192,686.757
687.199,686.767
687.197,686.764
687.203,686.773
687.200,686.769
687.198,686.766
687.204,686.775
687.210,686.782
687.206,686.778
687.212,686.785
687.208,686.781
687.205,686.776
687.203,686.772
687.200,686.769
687.206,686.777
687.211,686.785
687.216,686.792
687.220,686.798
687.216,686.792
687.213,686.787
687.217,686.793
687.221,686.799
687.225,686.805
687.221,686.798
687.216,686.792
687.213,686.787
687.209,686.782
687.206,686.777
687.211,686.785
687.208,686.780
687.205,686.776
687.202,686.772
687.200,686.769
687.206,686.777
687.203,686.773
687.209,686.781
687.214,686.788
687.210,686.783
687.207,686.779
687.204,686.774
687.201,686.771
687.199,686.767
687.205,686.776
687.202,686.772
687.200,686.769
687.198,686.765
687.204,686.774
687.209,686.782
687.214,686.789
687.211,686.784
687.207,686.779
687.205,686.775
687.202,686.771
687.200,686.768
687.197,686.765
687.195,686.762
687.194,686.759
687.200,686.769
687.206,686.777
687.203,686.773
687.209,686.781
687.206,686.777
687.211,686.784
687.208,686.780
687.205,686.776
687.202,686.772
687.208,686.780
687.205,686.776
687.202,686.772
687.200,686.768
687.206,686.777
687.211,686.784
687.216,686.791
687.212,686.786
687.209,686.781
687.206,686.777
687.203,686.773
687.208,686.781
687.205,686.776
687.203,686.772
687.200,686.769
687.198,686.766
687.196,686.763
687.194,686.760
687.201,686.769
687.198,686.766
687.196,686.763
687.194,686.761
687.201,686.770
687.201,686.770
687.207,686.779
687.212,686.786
687.209,686.781
687.206,686.777
687.203,686.773
687.200,686.769
687.206,686.778
687.203,686.774
687.201,686.770
687.199,686.767
687.197,686.764
687.195,686.761
687.193,686.758
687.191,686.756
687.198,686.766
687.196,686.763
687.194,686.760
687.193,686.758
687.191,686.756
687.190,686.754
687.188,686.752
687.195,686.762
687.202,686.771
687.205,686.775
687.202,686.772
687.200,686.768
687.198,686.765
687.204,686.774
687.201,686.770
687.199,686.767
687.197,686.764
687.195,686.761
687.193,686.759
687.192,686.756
687.190,686.754
687.189,686.753
687.188,686.751
687.187,686.749
687.186,686.748
687.185,686.747
687.184,686.746
687.183,686.745
687.183,686.744
687.190,686.755
687.197,686.764
687.195,686.762
687.201,686.771
687.199,686.767
687.197,686.764
687.195,686.761
687.193,686.759
687.192,686.757
687.190,686.755
687.184,686.745
687.183,686.744
687.183,686.744
687.182,686.743
687.182,686.742
687.189,686.753
687.188,686.751
687.187,686.750
687.186,686.748
687.185,686.747
687.192,686.758
687.191,686.755
687.190,686.754
687.188,686.752
687.187,686.750
687.186,686.749
687.185,686.747
687.185,686.746
687.184,686.745
687.183,686.744
687.183,686.743
687.190,686.754
687.197,686.764
687.195,686.761
687.193,686.759
687.207,686.779
687.212,686.786
687.209,686.782
687.214,686.789
687.210,686.784
687.207,686.779
687.204,686.775
687.210,686.783
687.207,686.778
687.212,686.786
687.209,686.781
687.206,686.777
687.211,686.784
687.208,686.780
687.205,686.775
687.202,686.772
687.208,686.780
687.205,686.775
687.202,686.772
687.200,686.768
687.198,686.765
687.196,686.762
687.194,686.760
687.192,686.757
687.191,686.755
687.197,686.765
687.195,686.762
687.202,686.771
687.199,686.768
687.197,686.765
687.195,686.762
687.194,686.759
687.192,686.757
687.190,686.755
687.189,686.753
687.188,686.751
687.187,686.750
687.186,686.748
687.193,686.759
687.192,686.756
687.190,686.754
687.189,686.753
687.188,686.751
687.187,686.749
687.186,686.748
687.193,686.758
687.191,686.756
687.190,686.754
687.189,686.752
687.188,686.751
687.187,686.749
687.186,686.748
687.185,686.747
687.184,686.746
687.183,686.745
687.183,686.744
687.182,686.743
687.182,686.742
687.181,686.742
687.181,686.741
687.180,686.740
687.188,686.752
687.195,686.762
687.193,686.759
687.192,686.757
687.190,686.755
687.189,686.753
687.188,686.751
687.187,686.750
687.186,686.748
687.185,686.747
687.184,686.746
687.184,686.745
687.183,686.744
687.182,686.743
687.182,686.742
687.181,686.742
687.181,686.741
687.180,686.740
687.180,686.740
687.172,686.728
687.175,686.732
687.175,686.733
687.175,686.733
687.175,686.733
687.175,686.733
687.176,686.733
687.176,686.734
687.176,686.734
687.176,686.734
687.176,686.734
687.176,686.734
687.176,686.734
687.176,686.734
687.176,686.734
687.176,686.734
687.176,686.735
687.176,686.735
687.177,686.735
687.177,686.735
687.177,686.735
687.177,686.735
687.177,686.735
687.177,686.735
687.177,686.735
687.177,686.735
687.177,686.735
687.177,686.735
687.177,686.735
687.177,686.735
687.177,686.735
687.177,686.735
687.177,686.735
687.177,686.735
687.177,686.735
687.177,686.735
687.177,686.735
687.169,686.723
687.169,686.724
687.170,686.725
687.171,686.726
687.171,686.727
687.172,686.728
687.172,686.729
687.173,686.729
687.173,686.730
687.174,686.730
687.174,686.731
687.174,686.731
687.174,686.732
687.175,686.732
687.175,686.732
687.175,686.733
687.175,686.733
687.175,686.733
687.175,686.733
687.176,686.733
687.176,686.734
687.176,686.734
687.176,686.734
687.184,686.746
687.191,686.756
687.190,686.754
687.189,686.752
687.196,686.762
687.194,686.760
687.192,686.757
687.199,686.767
687.205,686.775
687.210,686.783
687.207,686.779
687.212,686.786
687.217,686.793
687.213,686.787
687.210,686.782
687.206,686.778
687.204,686.774
687.209,686.782
687.206,686.777
687.203,686.773
687.201,686.770
687.199,686.766
687.196,686.763
687.195,686.761
687.193,686.758
687.199,686.768
687.197,686.765
687.195,686.762
687.202,686.771
687.199,686.767
687.205,686.776
687.202,686.772
687.200,686.769
687.198,686.765
687.204,686.774
687.209,686.782
687.206,686.778
687.211,686.785
687.208,686.780
687.205,686.776
687.203,686.772
687.208,686.780
687.205,686.776
687.211,686.784
687.215,686.791
687.212,686.785
687.208,686.781
687.205,686.776
687.211,686.784
687.207,686.779
687.213,686.787
687.217,686.793
687.221,686.799
687.217,686.793
687.213,686.788
687.210,686.783
687.215,686.790
687.211,686.785
687.208,686.780
687.213,686.787
687.218,686.794
687.222,686.800
687.217,686.794
687.222,686.800
687.217,686.793
687.213,686.788
687.210,686.783
687.207,686.778
687.204,686.774
687.209,686.782
687.206,686.778
687.203,686.774
687.209,686.782
687.206,686.777
687.211,686.785
687.208,686.780
687.208,686.779
687.213,686.787
687.217,686.794
687.222,686.800
687.225,686.805
687.229,686.810
687.224,686.803
687.219,686.796
687.223,686.802
687.219,686.796
687.215,686.790
687.219,686.796
687.215,686.791
687.212,686.785
687.208,686.781
687.205,686.776
687.205,686.776
687.203,686.772
687.208,686.780
687.213,686.788
687.218,686.794
687.222,686.800
687.218,686.794
687.214,686.788
687.210,686.783
687.215,686.790
687.211,686.785
687.216,686.792
687.213,686.787
687.217,686.793
687.221,686.799
687.225,686.805
687.221,686.798
687.224,686.804
687.220,686.797
687.216,686.791
687.220,686.798
687.216,686.792
687.212,686.786
687.217,686.793
687.221,686.799
687.225,686.805
687.220,686.798
687.224,686.804
687.228,686.809
687.223,686.802
687.227,686.807
687.222,686.800
687.218,686.794
687.214,686.788
687.210,686.783
687.215,686.790
687.219,686.797
687.215,686.791
687.220,686.797
687.216,686.791
687.212,686.786
687.217,686.793
687.216,686.791
687.220,686.797
687.216,686.791
687.212,686.786
687.209,686.781
687.206,686.777
687.203,686.773
687.200,686.769
687.198,686.766
687.196,686.763
687.194,686.760
687.193,686.758
687.199,686.767
687.205,686.776
687.211,686.784
687.207,686.779
687.204,686.775
687.210,686.783
687.207,686.778
687.204,686.774
687.204,686.774
687.209,686.782
687.206,686.778
687.212,686.785
687.216,686.792
687.221,686.798
687.216,686.792
687.213,686.787
687.209,686.782
687.214,686.789
687.219,686.795
687.223,686.801
687.226,686.807
687.230,686.811
687.233,686.816
687.235,686.820
687.230,686.812
687.233,686.816
687.228,686.808
687.231,686.813
687.234,686.817
687.228,686.809
687.231,686.814
687.234,686.818
687.229,686.810
687.224,686.803
687.219,686.797
687.223,686.802
687.219,686.796
687.223,686.802
687.219,686.795
687.223,686.801
687.218,686.795
687.222,686.801
687.226,686.806
687.221,686.799
687.225,686.805
687.221,686.798
687.224,686.804
687.220,686.797
687.224,686.803
687.227,686.808
687.231,686.813
687.226,686.805
687.229,686.810
687.224,686.803
687.219,686.797
687.218,686.795
687.222,686.800
687.218,686.794
687.222,686.800
687.226,686.806
687.229,686.811
687.224,686.803
687.220,686.797
687.224,686.803
687.227,686.808
687.230,686.812
687.225,686.805
687.221,686.798
687.216,686.792
687.213,686.787
687.217,686.794
687.214,686.788
687.210,686.783
687.215,686.790
687.211,686.785
687.208,686.780
687.205,686.776
687.210,686.784
687.215,686.790
687.212,686.785
687.208,686.780
687.205,686.776
687.211,686.784
687.215,686.791
687.220,686.797
687.216,686.791
687.220,686.797
687.224,686.803
687.227,686.808
687.231,686.813
687.234,686.817
687.228,686.809
687.231,686.814
687.226,686.806
687.230,686.811
687.225,686.804
687.220,686.797
687.216,686.792
687.220,686.798
687.224,686.803
687.228,686.808
687.231,686.813
687.226,686.806
687.221,686.799
687.217,686.793
687.213,686.787
687.218,686.794
687.214,686.788
687.210,686.783
687.215,686.790
687.220,686.797
687.224,686.802
687.219,686.796
687.223,686.802
687.219,686.795
687.223,686.801
687.226,686.807
687.230,686.811
687.225,686.804
687.220,686.798
687.216,686.792
687.212,686.786
687.209,686.781
687.206,686.777
687.211,686.785
687.208,686.780
687.205,686.776
687.202,686.772
687.208,686.780
687.205,686.776
687.202,686.772
687.208,686.780
687.205,686.776
687.202,686.772
687.208,686.780
687.205,686.776
687.202,686.772
687.200,686.768
687.198,686.765
687.204,686.774
687.201,686.770
687.199,686.767
687.205,686.775
687.202,686.772
687.200,686.768
687.198,686.765
687.196,686.762
687.202,686.771
687.199,686.768
687.205,686.776
687.203,686.772
687.200,686.769
687.198,686.766
687.196,686.763
687.194,686.760
687.201,686.769
687.198,686.766
687.196,686.763
687.194,686.761
687.201,686.770
687.207,686.778
687.204,686.774
687.201,686.770
687.199,686.767
687.197,686.764
687.203,686.773
687.200,686.769
687.198,686.766
687.204,686.775
687.202,686.771
687.207,686.779
687.204,686.775
687.210,686.783
687.207,686.778
687.204,686.774
687.201,686.770
687.199,686.767
687.197,686.764
687.203,686.773
687.201,686.769
687.206,686.778
687.203,686.774
687.198,686.766
687.204,686.775
687.210,686.783
687.215,686.790
687.211,686.784
687.216,686.791
687.220,686.798
687.216,686.792
687.213,686.787
687.209,686.782
687.214,686.789
687.219,686.795
687.215,686.790
687.211,686.785
687.216,686.791
687.212,686.786
687.217,686.793
687.213,686.787
687.218,686.794
687.214,686.788
687.210,686.783
687.207,686.779
687.212,686.786
687.209,686.781
687.206,686.777
687.203,686.773
687.209,686.781
687.206,686.777
687.211,686.784
687.208,686.780
687.213,686.787
687.209,686.782
687.219,686.796
687.223,686.801
687.227,686.807
687.222,686.800
687.218,686.794
687.222,686.800
687.217,686.794
687.214,686.788
687.210,686.783
687.207,686.779
687.212,686.786
687.217,686.793
687.221,686.799
687.225,686.804
687.223,686.802
687.227,686.807
687.230,686.812
687.225,686.804
687.228,686.809
687.231,686.814
687.226,686.806
687.222,686.800
687.217,686.793
687.213,686.788
687.210,686.783
687.227,686.807
687.230,686.812
687.233,686.816
687.228,686.808
687.231,686.813
687.226,686.806
687.229,686.811
687.232,686.815
687.227,686.807
687.222,686.800
687.218,686.794
687.214,686.789
687.210,686.784
687.215,686.790
687.212,686.785
687.208,686.780
687.213,686.788
687.210,686.783
687.207,686.778
687.212,686.786
687.217,686.792
687.221,686.799
687.217,686.793
687.221,686.799
687.217,686.793
687.213,686.787
687.210,686.782
687.206,686.778
687.204,686.774
687.201,686.770
687.201,686.771
687.199,686.767
687.197,686.764
687.203,686.773
687.201,686.769
687.198,686.766
687.204,686.775
687.202,686.771
687.199,686.768
687.197,686.764
687.203,686.773
687.209,686.781
687.206,686.777
687.203,686.773
687.201,686.769
687.206,686.778
687.203,686.774
687.201,686.770
687.199,686.767
687.197,686.764
687.195,686.761
687.193,686.758
687.199,686.768
687.197,686.765
687.203,686.774
687.201,686.770
687.199,686.767
687.197,686.764
687.195,686.761
687.193,686.758
687.199,686.768
687.205,686.776
687.203,686.772
687.198,686.765
687.196,686.762
687.202,686.771
687.199,686.768
687.205,686.776
687.211,686.784
687.215,686.791
687.212,686.786
687.208,686.781
687.213,686.788
687.210,686.783
687.215,686.790
687.211,686.785
687.208,686.780
687.205,686.776
687.210,686.783
687.207,686.779
687.204,686.775
687.202,686.771
687.199,686.768
687.197,686.764
687.195,686.762
687.193,686.759
687.192,686.757
687.190,686.755
687.189,686.753
687.196,686.763
687.194,686.760
687.201,686.769
687.198,686.766
687.196,686.763
687.194,686.761
687.193,686.758
687.199,686.768
687.197,686.765
687.195,686.762
687.202,686.771
687.199,686.767
687.205,686.776
687.202,686.772
687.200,686.769
687.198,686.765
687.196,686.762
687.194,686.760
687.192,686.758
687.199,686.767
687.197,686.764
687.195,686.761
687.193,686.759
687.200,686.768
687.198,686.765
687.196,686.762
687.202,686.771
687.199,686.768
687.205,686.776
687.203,686.772
687.200,686.769
687.206,686.777
687.203,686.773
687.209,686.781
687.206,686.777
687.203,686.773
687.209,686.781
687.206,686.777
687.203,686.773
687.200,686.769
687.198,686.766
687.196,686.763
687.202,686.772
687.200,686.768
687.206,686.777
687.203,686.773
687.208,686.781
687.206,686.777
687.211,686.784
687.208,686.779
687.205,686.775
687.210,686.783
687.215,686.790
687.219,686.796
687.223,686.802
687.227,686.807
687.222,686.800
687.226,686.806
687.229,686.811
687.224,686.803
687.228,686.809
687.223,686.802
687.219,686.795
687.215,686.790
687.211,686.784
687.208,686.780
687.213,686.787
687.218,686.794
687.222,686.800
687.225,686.805
687.229,686.810
687.232,686.815
687.235,686.819
687.237,686.822
687.240,686.826
687.242,686.829
687.244,686.831
687.245,686.834
687.239,686.824
687.235,686.820
687.238,686.823
687.240,686.826
687.242,686.829
687.236,686.820
687.238,686.824
687.233,686.815
687.235,686.819
687.230,686.811
687.225,686.804
687.228,686.809
687.229,686.810
687.232,686.814
687.227,686.807
687.230,686.812
687.225,686.804
687.228,686.809
687.223,686.802
687.227,686.807
687.230,686.812
687.233,686.816
687.228,686.809
687.223,686.802
687.219,686.795
687.215,686.790
687.219,686.796
687.223,686.802
687.219,686.795
687.223,686.801
687.226,686.807
687.222,686.800
687.217,686.794
687.214,686.788
687.210,686.783
687.207,686.779
687.204,686.774
687.201,686.771
687.199,686.767
687.197,686.764
687.195,686.762
687.193,686.759
687.200,686.768
687.198,686.765
687.204,686.774
687.201,686.770
687.199,686.767
687.197,686.764
687.195,686.761
687.193,686.759
687.192,686.756
687.190,686.754
687.197,686.764
687.195,686.761
687.193,686.759
687.192,686.757
687.190,686.755
687.189,686.753
687.188,686.751
687.195,686.761
687.193,686.759
687.192,686.757
687.190,686.755
687.189,686.753
687.188,686.751
687.195,686.761
687.193,686.759
687.192,686.756
687.190,686.754
687.189,686.753
687.188,686.751
687.187,686.749
687.186,686.748
687.193,686.758
687.191,686.756
687.198,686.766
687.196,686.763
687.194,686.760
687.193,686.758
687.191,686.756
687.184,686.746
687.184,686.745
687.183,686.744
687.182,686.743
687.190,686.754
687.189,686.752
687.188,686.751
687.186,686.749
687.186,686.748
687.185,686.747
687.192,686.757
687.190,686.755
687.189,686.753
687.188,686.751
687.195,686.761
687.201,686.770
687.199,686.767
687.197,686.764
687.195,686.761
687.193,686.759
687.192,686.757
687.190,686.755
687.189,686.753
687.182,686.743
687.182,686.742
687.181,686.742
687.181,686.741
687.181,686.741
687.180,686.740
687.180,686.740
687.180,686.739
687.179,686.739
687.179,686.739
687.179,686.738
687.179,686.738
687.179,686.738
687.178,686.737
687.178,686.737
687.178,686.737
687.178,686.737
687.178,686.737
687.178,686.737
687.178,686.736
687.178,686.736
687.178,686.736
687.177,686.736
687.177,686.736
687.177,686.736
687.177,686.736
687.177,686.736
687.169,686.724
687.170,686.725
687.171,686.726
687.171,686.727
687.172,686.728
687.164,686.717
687.165,686.719
687.167,686.720
687.160,686.710
687.161,686.713
687.163,686.715
687.164,686.717
687.165,686.718
687.166,686.720
687.167,686.721
687.168,686.723
687.169,686.724
687.178,686.737
687.178,686.736
687.170,686.725
687.170,686.726
687.163,686.715
687.156,686.705
687.158,686.708
687.160,686.711
687.161,686.713
687.163,686.715
687.164,686.717
687.165,686.719
687.167,686.720
687.160,686.710
687.161,686.713
687.163,686.715
687.164,686.717
687.165,686.718
687.166,686.720
687.167,686.721
687.176,686.734
687.184,686.746
687.184,686.745
687.183,686.744
687.185,686.747
687.184,686.746
687.184,686.745
687.183,686.744
687.177,686.735
687.177,686.735
687.177,686.735
687.177,686.735
687.177,686.735
687.169,686.724
687.170,686.725
687.170,686.726
687.171,686.727
687.171,686.727
687.172,686.728
687.172,686.729
687.173,686.729
687.173,686.730
687.166,686.719
687.167,686.721
687.160,686.710
687.153,686.701
687.155,686.704
687.157,686.707
687.159,686.710
687.161,686.712
687.170,686.726
687.171,686.727
687.172,686.728
687.172,686.728
687.173,686.729
687.173,686.730
687.173,686.730
687.174,686.731
687.174,686.731
687.174,686.731
687.174,686.732
687.175,686.732
687.175,686.732
687.175,686.733
687.175,686.733
687.175,686.733
687.175,686.733
687.176,686.733
687.168,686.722
687.169,686.723
687.169,686.724
687.170,686.726
687.171,686.726
687.171,686.727
687.164,686.716
687.157,686.707
687.151,686.698
687.145,686.690
687.140,686.683
687.144,686.688
687.147,686.692
687.150,686.696
687.152,686.700
687.155,686.703
687.157,686.706
687.159,686.709
687.160,686.712
687.154,686.702
687.156,686.705
687.158,686.708
687.160,686.711
687.161,686.713
687.155,686.704
687.157,686.707
687.159,686.709
687.161,686.712
687.162,686.714
687.164,686.716
687.157,686.706
687.151,686.697
687.153,686.701
687.155,686.704
687.157,686.707
687.159,686.710
687.161,686.712
687.162,686.714
687.156,686.705
687.158,686.708
687.160,686.710
687.153,686.701
687.155,686.704
687.135,686.675
687.139,686.681
687.143,686.686
687.138,686.679
687.134,686.673
687.138,686.679
687.141,686.684
687.145,686.689
687.148,686.693
687.151,686.697
687.153,686.701
687.155,686.704
687.157,686.707
687.159,686.710
687.153,686.701
687.147,686.692
687.142,686.685
687.137,686.678
687.141,686.684
687.144,686.689
687.148,686.693
687.142,686.685
687.146,686.690
687.149,686.694
687.151,686.698
687.138,686.679
687.134,686.673
687.130,686.667
687.134,686.674
687.130,686.668
687.135,686.675
687.139,686.680
687.134,686.674
687.138,686.680
687.134,686.674
687.130,686.668
687.126,686.663
687.123,686.658
687.128,686.665
687.125,686.660
687.122,686.656
687.119,686.652
687.117,686.648
687.114,686.645
687.112,686.642
687.110,686.639
687.109,686.637
687.107,686.635
687.114,686.644
687.112,686.641
687.135,686.675
687.139,686.680
687.134,686.674
687.138,686.680
687.134,686.674
687.138,686.679
687.142,686.685
687.145,686.690
687.148,686.694
687.151,686.698
687.153,686.701
687.148,686.693
687.150,686.697
687.145,686.689
687.148,686.694
687.143,686.686
687.146,686.691
687.141,686.683
687.144,686.688
687.147,686.693
687.150,686.697
687.153,686.700
687.147,686.692
687.142,686.685
687.140,686.682
687.135,686.675
687.131,686.669
687.128,686.664
687.132,686.671
687.136,686.677
687.132,686.671
687.137,686.677
687.132,686.671
687.129,686.666
687.125,686.661
687.119,686.652
687.125,686.660
687.130,686.668
687.134,686.674
687.138,686.680
687.134,686.673
687.138,686.679
687.134,686.673
687.138,686.679
687.142,686.684
687.137,686.678
687.133,686.672
687.137,686.678
687.133,686.672
687.129,686.666
687.125,686.661
687.122,686.657
687.119,686.653
687.125,686.660
687.130,686.668
687.134,686.674
687.136,686.676
687.140,686.682
687.143,686.687
687.146,686.691
687.149,686.695
687.144,686.688
687.139,686.681
687.135,686.674
687.131,686.669
687.127,686.663
687.124,686.659
687.129,686.666
687.133,686.673
687.137,686.679
687.141,686.684
687.145,686.689
687.140,686.682
687.135,686.675
687.139,686.681
687.135,686.675
687.139,686.680
687.134,686.674
687.130,686.668
687.127,686.663
687.124,686.658
687.129,686.666
687.133,686.672
687.129,686.667
687.126,686.662
687.131,686.669
687.135,686.675
687.131,686.669
687.135,686.676
687.139,686.681
687.135,686.675
687.139,686.681
687.142,686.686
687.143,686.687
687.138,686.680
687.134,686.673
687.138,686.679
687.134,686.673
687.130,686.668
687.126,686.662
687.123,686.658
687.128,686.665
687.125,686.660
687.122,686.656
687.116,686.648
687.114,686.645
687.120,686.653
687.125,686.661
687.122,686.657
687.117,686.649
687.112,686.642
687.110,686.639
687.108,686.637
687.107,686.635
687.106,686.633
687.104,686.631
687.103,686.629
687.102,686.628
687.109,686.638
687.108,686.636
687.114,686.645
687.112,686.642
687.118,686.651
687.116,686.648
687.114,686.644
687.120,686.653
687.117,686.649
687.123,686.657
687.120,686.653
687.117,686.649
687.115,686.646
687.121,686.655
687.118,686.651
687.124,686.659
687.121,686.654
687.126,686.662
687.123,686.657
687.120,686.653
687.125,686.661
687.130,686.668
687.127,686.663
687.123,686.658
687.121,686.654
687.118,686.650
687.115,686.647
687.113,686.644
687.111,686.641
687.110,686.638
687.116,686.648
687.122,686.656
687.119,686.652
687.116,686.648
687.122,686.657
687.119,686.652
687.125,686.660
687.122,686.656
687.127,686.664
687.132,686.670
687.128,686.665
687.125,686.660
687.122,686.656
687.127,686.663
687.124,686.659
687.121,686.654
687.126,686.662
687.131,686.669
687.127,686.664
687.124,686.659
687.121,686.655
687.118,686.651
687.116,686.647
687.114,686.644
687.112,686.641
687.118,686.650
687.115,686.647
687.111,686.640
687.109,686.637
687.115,686.647
687.113,686.644
687.119,686.652
687.117,686.649
687.114,686.645
687.120,686.654
687.126,686.662
687.131,686.669
687.127,686.663
687.124,686.659
687.121,686.654
687.126,686.662
687.123,686.657
687.128,686.665
687.133,686.672
687.129,686.666
687.125,686.661
687.122,686.657
687.127,686.664
687.124,686.659
687.121,686.655
687.118,686.651
687.116,686.648
687.122,686.656
687.127,686.663
687.132,686.670
687.136,686.676
687.140,686.682
687.135,686.676
687.139,686.681
687.143,686.686
687.138,686.679
687.142,686.685
687.145,686.690
687.140,686.682
687.136,686.676
687.140,686.681
687.143,686.687
687.146,686.691
687.141,686.684
687.145,686.689
687.140,686.682
687.135,686.675
687.134,686.673
687.138,686.679
687.142,686.684
687.137,686.678
687.141,686.683
687.144,686.688
687.139,686.681
687.135,686.675
687.131,686.669
687.127,686.664
687.124,686.659
687.121,686.655
687.118,686.651
687.116,686.647
687.111,686.640
687.109,686.638
687.107,686.635
687.106,686.633
687.105,686.631
687.112,686.641
687.118,686.650
687.123,686.658
687.121,686.654
687.126,686.662
687.123,686.657
687.128,686.665
687.125,686.660
687.130,686.667
687.134,686.674
687.130,686.668
687.126,686.663
687.131,686.670
687.128,686.664
687.124,686.659
687.129,686.667
687.126,686.662
687.123,686.657
687.120,686.653
687.117,686.649
687.123,686.657
687.120,686.653
687.117,686.649
687.115,686.646
687.121,686.655
687.118,686.651
687.116,686.647
687.113,686.644
687.111,686.641
687.110,686.639
687.116,686.648
687.122,686.656
687.127,686.664
687.124,686.659
687.121,686.655
687.118,686.651
687.124,686.659
687.121,686.654
687.126,686.662
687.131,686.669
687.135,686.675
687.131,686.669
687.128,686.664
687.124,686.659
687.121,686.655
687.118,686.651
687.124,686.659
687.121,686.655
687.126,686.662
687.131,686.669
687.135,686.676
687.139,686.681
687.143,686.686
687.138,686.679
687.134,686.673
687.138,686.679
687.142,686.684
687.137,686.678
687.141,686.683
687.136,686.677
687.132,686.671
687.128,686.665
687.125,686.660
687.130,686.667
687.126,686.662
687.123,686.658
687.128,686.665
687.125,686.660
687.130,686.667
687.126,686.662
687.123,686.658
687.120,686.654
687.117,686.650
687.115,686.646
687.113,686.643
687.111,686.640
687.109,686.638
687.108,686.636
687.106,686.634
687.105,686.632
687.104,686.630
687.103,686.628
687.102,686.627
687.109,686.637
687.115,686.647
687.113,686.644
687.111,686.641
687.109,686.638
687.108,686.636
687.106,686.634
687.110,686.640
687.109,686.637
687.107,686.635
687.114,686.644
687.112,686.642
687.107,686.635
687.106,686.633
687.113,686.643
687.111,686.640
687.109,686.638
687.107,686.635
687.106,686.633
687.113,686.643
687.111,686.640
687.109,686.638
687.116,686.647
687.121,686.655
687.119,686.651
687.116,686.648
687.114,686.645
687.112,686.642
687.110,686.639
687.108,686.637
687.107,686.634
687.106,686.633
687.104,686.631
687.111,686.641
687.109,686.638
687.108,686.636
687.106,686.634
687.105,686.632
687.112,686.642
687.118,686.651
687.116,686.647
687.113,686.644
687.111,686.641
687.110,686.638
687.108,686.636
687.098,686.622
687.098,686.622
687.097,686.621
687.097,686.620
687.096,686.620
687.096,686.619
687.096,686.618
687.095,686.618
687.104,686.630
687.103,686.628
687.102,686.627
687.109,686.637
687.107,686.635
687.106,686.633
687.105,686.631
687.112,686.641
687.110,686.639
687.108,686.636
687.115,686.646
687.112,686.643
687.119,686.651
687.116,686.648
687.114,686.644
687.120,686.653
687.117,686.649
687.123,686.657
687.128,686.665
687.133,686.672
687.129,686.666
687.125,686.661
687.122,686.657
687.119,686.653
687.117,686.649
687.104,686.630
687.103,686.628
687.102,686.627
687.101,686.626
687.100,686.625
687.107,686.635
687.106,686.633
687.105,686.631
687.104,686.630
687.094,686.617
687.094,686.616
687.094,686.616
687.094,686.616
687.094,686.616
687.094,686.615
687.094,686.615
687.102,686.627
687.101,686.626
687.108,686.636
687.106,686.634
687.105,686.632
687.104,686.630
687.111,686.640
687.109,686.638
687.107,686.635
687.094,686.616
687.094,686.615
687.091,686.612
687.091,686.612
687.091,686.612
687.091,686.612
687.091,686.612
687.092,686.612
687.092,686.613
687.092,686.613
687.092,686.613
687.092,686.613
687.092,686.613
687.100,686.625
687.097,686.620
687.096,686.619
687.096,686.619
687.096,686.618
687.095,686.618
687.095,686.618
687.095,686.617
687.095,686.617
687.094,686.617
687.102,686.628
687.101,686.626
687.097,686.621
687.097,686.620
687.096,686.620
687.096,686.619
687.096,686.618
687.095,686.618
687.095,686.618
687.095,686.617
687.095,686.617
687.094,686.617
687.094,686.616
687.094,686.616
687.094,686.616
687.102,686.627
687.101,686.626
687.100,686.625
687.099,686.624
687.099,686.623
687.098,686.622
687.098,686.621
687.097,686.620
687.097,686.620
687.096,686.619
687.096,686.619
687.096,686.618
687.095,686.618
687.095,686.618
687.095,686.617
687.095,686.617
687.094,686.617
687.094,686.616
687.094,686.616
687.094,686.616
687.094,686.616
687.094,686.615
687.094,686.615
687.093,686.615
687.093,686.615
687.093,686.615
687.093,686.615
687.093,686.615
687.093,686.615
687.093,686.615
687.093,686.615
687.093,686.614
687.093,686.614
687.093,686.614
687.093,686.614
687.093,686.614
687.093,686.614
687.093,686.614
687.093,686.614
687.093,686.614
687.090,686.610
687.088,686.607
687.096,686.619
687.096,686.619
687.096,686.618
687.095,686.618
687.095,686.618
687.095,686.617
687.100,686.625
687.099,686.624
687.099,686.623
687.098,686.622
687.097,686.621
687.094,686.617
687.094,686.616
687.094,686.616
687.094,686.616
687.094,686.616
687.086,686.604
687.086,686.605
687.087,686.606
687.087,686.607
687.088,686.607
687.086,686.604
687.084,686.601
687.093,686.614
687.093,686.614
687.093,686.614
687.093,686.614
687.093,686.614
687.098,686.622
687.103,686.629
687.102,686.627
687.101,686.626
687.108,686.636
687.107,686.634
687.105,686.632
687.104,686.631
687.103,686.629
687.110,686.639
687.108,686.637
687.107,686.635
687.106,686.633
687.104,686.631
687.103,686.629
687.102,686.628
687.101,686.626
687.106,686.633
687.102,686.627
687.101,686.626
687.100,686.625
687.100,686.624
687.099,686.623
687.098,686.622
687.098,686.621
687.105,686.632
687.104,686.630
687.103,686.629
687.102,686.627
687.101,686.626
687.100,686.625
687.099,686.624
687.099,686.623
687.098,686.622
687.098,686.621
687.097,686.620
687.097,686.620
687.096,686.619
687.096,686.619
687.096,686.618
687.093,686.614
687.090,686.610
687.090,686.611
687.091,686.611
687.091,686.611
687.091,686.611
687.091,686.612
687.099,686.623
687.104,686.630
687.103,686.629
687.110,686.639
687.108,686.636
687.107,686.634
687.105,686.632
687.112,686.642
687.110,686.639
687.109,686.637
687.107,686.635
687.106,686.633
687.112,686.642
687.111,686.640
687.109,686.637
687.107,686.635
687.106,686.633
687.105,686.631
687.103,686.630
687.102,686.628
687.102,686.627
687.101,686.626
687.108,686.636
687.106,686.634
687.105,686.632
687.104,686.630
687.103,686.629
687.102,686.627
687.101,686.626
687.100,686.625
687.099,686.624
687.099,686.623
687.098,686.622
687.098,686.621
687.097,686.620
687.097,686.620
687.094,686.615
687.091,686.612
687.083,686.600
687.084,686.602
687.085,686.603
687.086,686.604
687.086,686.605
687.095,686.617
687.095,686.617
687.094,686.616
687.100,686.624
687.099,686.623
687.098,686.622
687.098,686.621
687.097,686.621
687.097,686.620
687.104,686.631
687.103,686.629
687.102,686.628
687.101,686.627
687.101,686.625
687.100,686.624
687.107,686.635
687.106,686.633
687.104,686.631
687.103,686.629
687.110,686.639
687.109,686.637
687.115,686.646
687.113,686.643
687.111,686.640
687.115,686.646
687.113,686.643
687.111,686.640
687.109,686.637
687.107,686.635
687.106,686.633
687.105,686.631
687.104,686.630
687.102,686.628
687.102,686.627
687.101,686.626
687.105,686.632
687.104,686.630
687.103,686.629
687.102,686.627
687.101,686.626
687.100,686.625
687.100,686.624
687.096,686.619
687.096,686.619
687.096,686.618
687.103,686.629
687.110,686.639
687.109,686.637
687.107,686.635
687.106,686.633
687.104,686.631
687.103,686.629
687.102,686.628
687.101,686.626
687.100,686.625
687.100,686.624
687.099,686.623
687.098,686.622
687.098,686.622
687.105,686.632
687.104,686.631
687.103,686.629
687.102,686.628
687.101,686.626
687.100,686.625
687.100,686.624
687.099,686.623
687.098,686.622
687.098,686.621
687.097,686.621
687.105,686.632
687.104,686.630
687.103,686.628
687.102,686.627
687.101,686.626
687.100,686.625
687.099,686.624
687.107,686.634
687.113,686.644
687.119,686.652
687.117,686.649
687.115,686.645
687.112,686.642
687.111,686.640
687.109,686.637
687.107,686.635
687.106,686.633
687.105,686.631
687.112,686.641
687.118,686.650
687.115,686.647
687.113,686.644
687.111,686.641
687.101,686.627
687.101,686.625
687.100,686.624
687.099,686.623
687.099,686.622
687.106,686.633
687.105,686.631
687.104,686.630
687.102,686.628
687.102,686.627
687.101,686.626
687.100,686.624
687.099,686.623
687.107,686.634
687.105,686.632
687.112,686.642
687.110,686.639
687.109,686.637
687.115,686.646
687.113,686.643
687.111,686.640
687.109,686.638
687.108,686.635
687.106,686.633
687.113,686.643
687.111,686.640
687.109,686.638
687.116,686.647
687.113,686.644
687.111,686.641
687.110,686.638
687.108,686.636
687.107,686.634
687.105,686.632
687.104,686.630
687.103,686.629
687.102,686.627
687.101,686.626
687.100,686.625
687.099,686.624
687.099,686.623
687.098,686.622
687.098,686.621
687.097,686.620
687.097,686.620
687.096,686.619
687.096,686.619
687.096,686.618
687.095,686.618
687.095,686.618
687.095,686.617
687.095,686.617
687.094,686.617
687.094,686.616
687.094,686.616
687.094,686.616
687.094,686.616
687.094,686.615
687.094,686.615
687.093,686.615
687.093,686.615
687.093,686.615
687.091,686.611
687.091,686.611
687.099,686.623
687.098,686.622
687.098,686.621
687.105,686.632
687.112,686.642
687.110,686.639
687.109,686.637
687.107,686.635
687.098,686.621
687.105,686.632
687.109,686.638
687.108,686.636
687.106,686.634
687.105,686.632
687.112,686.642
687.110,686.639
687.116,686.648
687.114,686.645
687.112,686.642
687.102,686.628
687.101,686.626
687.100,686.625
687.100,686.624
687.091,686.611
687.091,686.612
687.091,686.612
687.091,686.612
687.091,686.612
687.092,686.612
687.092,686.613
687.092,686.613
687.092,686.613
687.092,686.613
687.092,686.613
687.084,686.601
687.085,686.603
687.085,686.604
687.094,686.616
687.091,686.612
687.091,686.612
687.092,686.612
687.092,686.613
687.092,686.613
687.089,686.609
687.090,686.610
687.090,686.610
687.098,686.622
687.098,686.621
687.097,686.620
687.097,686.620
687.096,686.619
687.096,686.619
687.096,686.618
687.095,686.618
687.095,686.618
687.095,686.617
687.095,686.617
687.094,686.617
687.094,686.616
687.086,686.604
687.079,686.594
687.080,686.596
687.081,686.598
687.074,686.588
687.068,686.578
687.062,686.570
687.065,686.574
687.068,686.578
687.070,686.582
687.064,686.573
687.067,686.577
687.069,686.581
687.072,686.584
687.074,686.587
687.067,686.578
687.070,686.581
687.069,686.580
687.069,686.580
687.071,686.583
687.071,686.582
687.070,686.581
687.064,686.573
687.067,686.577
687.069,686.580
687.071,686.583
687.073,686.586
687.075,686.589
687.074,686.588
687.076,686.590
687.078,686.592
687.079,686.594
687.080,686.596
687.081,686.598
687.083,686.599
687.083,686.601
687.084,686.602
687.085,686.603
687.086,686.604
687.084,686.601
687.085,686.603
687.083,686.600
687.084,686.601
687.085,686.602
687.085,686.603
687.086,686.604
687.087,686.605
687.087,686.606
687.088,686.607
687.088,686.607
687.089,686.608
687.089,686.609
687.089,686.609
687.090,686.610
687.090,686.610
687.090,686.610
687.090,686.611
687.091,686.611
687.091,686.611
687.091,686.612
687.091,686.612
687.091,686.612
687.091,686.612
687.091,686.612
687.083,686.601
687.084,686.602
687.085,686.603
687.078,686.593
687.079,686.595
687.081,686.597
687.079,686.594
687.072,686.585
687.074,686.587
687.076,686.590
687.078,686.592
687.076,686.591
687.083,686.601
687.084,686.602
687.085,686.603
687.086,686.604
687.086,686.605
687.087,686.606
687.088,686.607
687.088,686.607
687.094,686.616
687.094,686.616
687.094,686.615
687.102,686.627
687.101,686.626
687.100,686.625
687.099,686.623
687.099,686.623
687.098,686.622
687.097,686.621
687.097,686.620
687.097,686.620
687.096,686.619
687.096,686.619
687.096,686.618
687.095,686.618
687.095,686.617
687.095,686.617
687.095,686.617
687.094,686.616
687.094,686.616
687.094,686.616
687.094,686.616
687.094,686.616
687.094,686.615
687.094,686.615
687.093,686.615
687.093,686.615
687.101,686.626
687.100,686.625
687.100,686.624
687.099,686.623
687.098,686.622
687.098,686.621
687.097,686.621
687.097,686.620
687.096,686.619
687.096,686.619
687.096,686.618
687.095,686.618
687.095,686.618
687.095,686.617
687.095,686.617
687.094,686.617
687.094,686.616
687.094,686.616
687.094,686.616
687.094,686.616
687.094,686.616
687.102,686.627
687.101,686.626
687.100,686.625
687.091,686.612
687.091,686.612
687.091,686.612
687.092,686.612
687.092,686.613
687.089,686.609
687.081,686.598
687.083,686.599
687.083,686.601
687.084,686.602
687.085,686.603
687.086,686.604
687.086,686.605
687.087,686.606
687.080,686.595
687.081,686.597
687.074,686.587
687.076,686.589
687.069,686.580
687.071,686.583
687.073,686.586
687.075,686.589
687.069,686.580
687.071,686.583
687.073,686.586
687.051,686.554
687.055,686.560
687.059,686.565
687.054,686.558
687.055,686.560
687.059,686.565
687.062,686.570
687.057,686.562
687.060,686.567
687.063,686.572
687.066,686.576
687.068,686.579
687.068,686.579
687.062,686.570
687.065,686.575
687.068,686.578
687.062,686.570
687.065,686.574
687.068,686.578
687.070,686.581
687.064,686.573
687.059,686.565
687.054,686.558
687.050,686.552
687.054,686.558
687.084,686.601
687.082,686.599
687.075,686.588
687.077,686.591
687.070,686.581
687.072,686.584
687.066,686.576
687.069,686.579
687.071,686.583
687.065,686.574
687.067,686.578
687.062,686.570
687.057,686.562
687.057,686.563
687.061,686.568
687.064,686.573
687.064,686.573
687.059,686.565
687.059,686.566
687.054,686.559
687.050,686.553
687.054,686.558
687.050,686.552
687.046,686.546
687.050,686.553
687.076,686.590
687.078,686.592
687.079,686.594
687.080,686.596
687.081,686.598
687.074,686.588
687.068,686.579
687.070,686.582
687.073,686.585
687.074,686.588
687.076,686.590
687.078,686.592
687.079,686.594
687.080,686.596
687.082,686.598
687.083,686.599
687.084,686.601
687.076,686.591
687.078,686.593
687.079,686.595
687.081,686.597
687.074,686.587
687.075,686.589
687.074,686.588
687.074,686.586
687.073,686.585
687.072,686.584
687.074,686.587
687.076,686.590
687.069,686.580
687.072,686.584
687.074,686.586
687.067,686.578
687.062,686.569
687.065,686.574
687.067,686.577
687.070,686.581
687.072,686.584
687.074,686.587
687.076,686.589
687.069,686.580
687.071,686.583
687.065,686.575
687.060,686.567
687.055,686.560
687.059,686.565
687.054,686.558
687.057,686.563
687.053,686.556
687.056,686.562
687.060,686.567
687.055,686.560
687.050,686.553
687.046,686.547
687.043,686.542
687.048,686.549
687.052,686.555
687.048,686.549
687.052,686.555
687.056,686.561
687.059,686.566
687.062,686.570
687.065,686.575
687.060,686.567
687.063,686.571
687.066,686.575
687.068,686.579
687.071,686.582
687.073,686.585
687.075,686.588
687.076,686.591
687.070,686.581
687.064,686.573
687.059,686.565
687.054,686.558
687.058,686.563
687.061,686.568
687.056,686.561
687.051,686.555
687.055,686.560
687.059,686.565
687.062,686.570
687.065,686.574
687.060,686.566
687.063,686.571
687.057,686.563
687.053,686.557
687.048,686.550
687.053,686.556
687.056,686.562
687.052,686.555
687.056,686.561
687.051,686.554
687.053,686.556
687.056,686.562
687.060,686.567
687.055,686.560
687.050,686.553
687.046,686.547
687.051,686.554
687.047,686.548
687.051,686.554
687.047,686.548
687.043,686.543
687.048,686.550
687.052,686.556
687.056,686.561
687.060,686.566
687.063,686.571
687.065,686.575
687.060,686.567
687.063,686.572
687.063,686.572
687.064,686.572
687.066,686.576
687.069,686.580
687.071,686.583
687.070,686.582
687.073,686.585
687.066,686.576
687.069,686.580
687.071,686.583
687.073,686.586
687.075,686.589
687.069,686.580
687.071,686.583
687.073,686.586
687.075,686.588
687.077,686.591
687.070,686.581
687.072,686.584
687.066,686.576
687.069,686.579
687.071,686.583
687.073,686.586
687.067,686.577
687.069,686.580
687.063,686.572
687.066,686.576
687.061,686.568
687.064,686.572
687.066,686.576
687.069,686.580
687.069,686.579
687.063,686.571
687.066,686.575
687.068,686.579
687.070,686.582
687.073,686.585
687.074,686.588
687.068,686.579
687.070,686.582
687.073,686.585
687.074,686.588
687.076,686.590
687.078,686.592
687.079,686.594
687.080,686.596
687.082,686.598
687.083,686.599
687.084,686.601
687.082,686.598
687.080,686.596
687.079,686.594
687.072,686.584
687.066,686.576
687.068,686.579
687.071,686.582
687.073,686.585
687.075,686.588
687.076,686.591
687.078,686.593
687.079,686.595
687.073,686.585
687.066,686.576
687.061,686.568
687.064,686.573
687.067,686.577
687.069,686.580
687.071,686.583
687.073,686.586
687.067,686.577
687.070,686.581
687.064,686.572
687.066,686.576
687.069,686.580
687.063,686.572
687.066,686.576
687.068,686.579
687.063,686.571
687.066,686.575
687.060,686.567
687.063,686.572
687.066,686.576
687.060,686.568
687.055,686.560
687.059,686.566
687.062,686.570
687.065,686.574
687.060,686.566
687.063,686.571
687.066,686.575
687.060,686.567
687.063,686.572
687.066,686.576
687.068,686.579
687.071,686.582
687.065,686.574
687.067,686.578
687.062,686.570
687.065,686.574
687.067,686.578
687.070,686.581
687.064,686.573
687.067,686.576
687.069,686.580
687.063,686.572
687.066,686.576
687.069,686.579
687.063,686.571
687.066,686.575
687.068,686.579
687.062,686.570
687.065,686.575
687.068,686.578
687.070,686.582
687.072,686.585
687.074,686.587
687.076,686.590
687.070,686.581
687.064,686.572
687.058,686.565
687.062,686.569
687.065,686.573
687.067,686.577
687.070,686.581
687.072,686.584
687.066,686.575
687.068,686.579
687.063,686.571
687.065,686.575
687.068,686.578
687.070,686.582
687.072,686.585
687.074,686.588
687.068,686.579
687.070,686.582
687.064,686.573
687.067,686.577
687.062,686.569
687.064,686.573
687.067,686.577
687.062,686.569
687.064,686.573
687.059,686.566
687.062,686.570
687.065,686.574
687.068,686.578
687.070,686.582
687.072,686.585
687.066,686.576
687.069,686.579
687.071,686.583
687.073,686.586
687.075,686.588
687.077,686.591
687.078,686.593
687.079,686.595
687.081,686.597
687.082,686.598
687.083,686.600
687.084,686.601
687.085,686.602
687.085,686.603
687.086,686.604
687.087,686.605
687.087,686.606
687.080,686.595
687.073,686.586
687.075,686.588
687.076,686.591
687.070,686.581
687.072,686.584
687.066,686.576
687.068,686.579
687.071,686.582
687.070,686.582
687.064,686.573
687.064,686.573
687.067,686.577
687.067,686.577
687.061,686.569
687.064,686.573
687.067,686.577
687.061,686.569
687.056,686.562
687.060,686.567
687.063,686.571
687.058,686.564
687.061,686.568
687.064,686.573
687.059,686.565
687.062,686.570
687.065,686.574
687.067,686.578
687.062,686.570
687.065,686.574
687.059,686.566
687.054,686.559
687.050,686.553
687.043,686.543
687.040,686.538
687.045,686.546
687.050,686.552
687.046,686.546
687.042,686.541
687.039,686.536
687.044,686.544
687.049,686.551
687.053,686.557
687.057,686.562
687.060,686.567
687.063,686.571
687.066,686.575
687.060,686.567
687.055,686.560
687.059,686.565
687.054,686.559
687.050,686.552
687.054,686.558
687.055,686.560
687.059,686.565
687.051,686.554
687.055,686.560
687.051,686.553
687.055,686.559
687.050,686.553
687.054,686.559
687.058,686.564
687.061,686.569
687.064,686.573
687.067,686.577
687.069,686.580
687.071,686.583
687.073,686.586
687.075,686.589
687.069,686.580
687.071,686.583
687.073,686.586
687.075,686.589
687.069,686.579
687.071,686.583
687.073,686.586
687.075,686.588
687.068,686.579
687.063,686.571
687.058,686.563
687.058,686.565
687.062,686.569
687.064,686.573
687.067,686.577
687.070,686.581
687.072,686.584
687.074,686.587
687.076,686.589
687.077,686.592
687.079,686.594
687.080,686.596
687.081,686.597
687.082,686.599
687.083,686.600
687.084,686.602
687.077,686.591
687.078,686.593
687.080,686.595
687.081,686.597
687.082,686.599
687.083,686.600
687.084,686.601
687.085,686.603
687.085,686.604
687.086,686.605
687.079,686.594
687.080,686.596
687.073,686.586
687.075,686.589
687.069,686.579
687.063,686.571
687.058,686.564
687.061,686.568
687.056,686.561
687.051,686.555
687.055,686.560
687.051,686.554
687.047,686.548
687.051,686.554
687.047,686.548
687.043,686.543
687.048,686.550
687.050,686.552
687.054,686.558
687.057,686.563
687.053,686.556
687.048,686.550
687.053,686.556
687.056,686.562
687.052,686.555
687.056,686.561
687.051,686.554
687.047,686.548
687.043,686.543
687.048,686.550
687.044,686.544
687.041,686.539
687.046,686.546
687.048,686.549
687.044,686.544
687.048,686.550
687.045,686.545
687.041,686.540
687.038,686.535
687.035,686.531
687.033,686.528
687.030,686.524
687.028,686.521
687.032,686.526
687.035,686.531
687.032,686.527
687.030,686.524
687.028,686.521
687.034,686.530
687.040,686.538
687.037,686.533
687.042,686.541
687.036,686.533
687.033,686.529
687.039,686.537
687.036,686.533
687.033,686.529
687.039,686.537
687.044,686.544
687.041,686.539
687.046,686.546
687.042,686.541
687.044,686.544
687.041,686.539
687.046,686.546
687.050,686.553
687.054,686.559
687.058,686.564
687.053,686.557
687.057,686.562
687.060,686.567
687.055,686.560
687.059,686.565
687.054,686.558
687.050,686.552
687.046,686.546
687.042,686.541
687.039,686.537
687.044,686.544
687.041,686.539
687.037,686.535
687.035,686.530
687.040,686.538
687.045,686.546
687.042,686.541
687.038,686.536
687.036,686.532
687.033,686.528
687.039,686.536
687.036,686.532
687.033,686.528
687.039,686.536
687.036,686.532
687.040,686.538
687.037,686.533
687.034,686.529
687.031,686.526
687.029,686.523
687.027,686.520
687.025,686.517
687.032,686.526
687.030,686.523
687.036,686.532
687.033,686.528
687.039,686.536
687.044,686.544
687.048,686.550
687.045,686.545
687.041,686.540
687.038,686.535
687.043,686.543
687.040,686.538
687.045,686.545
687.041,686.540
687.046,686.547
687.051,686.553
687.047,686.548
687.048,686.550
687.020,686.509
687.027,686.519
687.025,686.517
687.031,686.526
687.037,686.534
687.034,686.530
687.040,686.538
687.037,686.534
687.042,686.541
687.047,686.548
687.051,686.554
687.055,686.560
687.056,686.561
687.060,686.566
687.063,686.571
687.058,686.563
687.053,686.557
687.049,686.551
687.045,686.545
687.041,686.540
687.038,686.535
687.043,686.543
687.048,686.550
687.042,686.540
687.046,686.547
687.021,686.511
687.028,686.521
687.026,686.518
687.025,686.516
687.023,686.514
687.022,686.512
687.020,686.510
687.027,686.520
687.025,686.517
687.024,686.515
687.022,686.513
687.018,686.507
687.017,686.506
687.016,686.504
687.016,686.503
687.015,686.502
687.014,686.501
687.014,686.500
687.013,686.499
687.021,686.510
687.019,686.509
687.018,686.507
687.017,686.506
687.017,686.504
687.016,686.503
687.015,686.502
687.014,686.501
687.014,686.500
687.021,686.511
687.020,686.509
687.019,686.508
687.018,686.506
687.025,686.516
687.023,686.514
687.022,686.512
687.021,686.510
687.027,686.520
687.026,686.517
687.024,686.515
687.022,686.513
687.029,686.522
687.027,686.520
687.025,686.517
687.032,686.526
687.029,686.523
687.027,686.520
687.026,686.517
687.032,686.527
687.030,686.523
687.028,686.520
687.026,686.518
687.024,686.515
687.028,686.521
687.026,686.518
687.032,686.527
687.030,686.524
687.028,686.521
687.034,686.530
687.032,686.526
687.029,686.523
687.035,686.532
687.030,686.524
687.034,686.529
687.031,686.525
687.037,686.534
687.042,686.541
687.047,686.548
687.051,686.554
687.047,686.549
687.044,686.543
687.040,686.538
687.037,686.534
687.034,686.530
687.032,686.526
687.030,686.523
687.028,686.520
687.026,686.518
687.032,686.527
687.030,686.524
687.036,686.532
687.041,686.540
687.038,686.535
687.043,686.543
687.040,686.538
687.037,686.534
687.042,686.541
687.047,686.548
687.051,686.554
687.047,686.549
687.043,686.543
687.048,686.550
687.042,686.541
687.039,686.536
687.036,686.532
687.033,686.528
687.031,686.525
687.029,686.522
687.035,686.530
687.040,686.538
687.037,686.534
687.034,686.530
687.032,686.526
687.030,686.523
687.028,686.520
687.034,686.529
687.031,686.526
687.029,686.522
687.027,686.520
687.025,686.517
687.024,686.515
687.022,686.512
687.029,686.522
687.035,686.531
687.040,686.539
687.037,686.534
687.043,686.542
687.047,686.549
687.044,686.543
687.048,686.550
687.044,686.545
687.041,686.540
687.038,686.535
687.035,686.531
687.041,686.539
687.037,686.534
687.035,686.530
687.032,686.527
687.030,686.524
687.028,686.521
687.026,686.518
687.024,686.515
687.023,686.513
687.029,686.523
687.035,686.531
687.041,686.539
687.038,686.535
687.035,686.531
687.040,686.539
687.037,686.534
687.035,686.530
687.032,686.527
687.030,686.523
687.028,686.520
687.026,686.518
687.024,686.515
687.023,686.513
687.021,686.511
687.020,686.509
687.019,686.508
687.018,686.506
687.022,686.513
687.021,686.511
687.020,686.509
687.027,686.519
687.025,686.516
687.031,686.526
687.029,686.522
687.027,686.520
687.033,686.529
687.028,686.521
687.026,686.519
687.033,686.528
687.030,686.524
687.028,686.521
687.026,686.519
687.022,686.512
687.021,686.510
687.028,686.520
687.026,686.518
687.032,686.527
687.030,686.523
687.028,686.520
687.026,686.518
687.032,686.527
687.030,686.524
687.036,686.532
687.033,686.528
687.039,686.537
687.036,686.532
687.041,686.540
687.038,686.536
687.043,686.543
687.048,686.550
687.052,686.556
687.048,686.550
687.044,686.544
687.049,686.551
687.045,686.545
687.049,686.552
687.046,686.546
687.042,686.541
687.039,686.536
687.036,686.532
687.033,686.528
687.031,686.525
687.029,686.522
687.032,686.527
687.030,686.524
687.028,686.521
687.026,686.518
687.024,686.515
687.023,686.513
687.029,686.523
687.027,686.520
687.026,686.517
687.024,686.515
687.022,686.513
687.029,686.522
687.027,686.519
687.025,686.517
687.024,686.514
687.030,686.524
687.036,686.532
687.041,686.540
687.046,686.547
687.043,686.542
687.047,686.549
687.052,686.555
687.048,686.549
687.044,686.544
687.048,686.550
687.053,686.556
687.056,686.562
687.052,686.555
687.048,686.549
687.044,686.544
687.041,686.539
687.037,686.534
687.035,686.530
687.032,686.527
687.038,686.535
687.035,686.531
687.041,686.539
687.037,686.534
687.035,686.530
687.032,686.527
687.030,686.524
687.028,686.521
687.026,686.518
687.024,686.515
687.023,686.513
687.021,686.511
687.025,686.517
687.024,686.515
687.022,686.513
687.021,686.511
687.020,686.509
687.019,686.507
687.026,686.517
687.024,686.515
687.022,686.513
687.021,686.511
687.020,686.509
687.019,686.508
687.023,686.514
687.030,686.523
687.028,686.520
687.026,686.518
687.024,686.515
687.023,686.513
687.013,686.500
687.013,686.499
687.020,686.510
687.019,686.508
687.018,686.507
687.017,686.505
687.016,686.504
687.015,686.503
687.015,686.502
687.022,686.512
687.021,686.511
687.020,686.509
687.018,686.507
687.018,686.506
687.017,686.504
687.024,686.515
687.022,686.513
687.021,686.511
687.020,686.509
687.019,686.507
687.018,686.506
687.017,686.505
687.016,686.504
687.015,686.502
687.023,686.513
687.029,686.523
687.027,686.520
687.025,686.517
687.024,686.515
687.022,686.513
687.018,686.507
687.015,686.502
687.022,686.512
687.021,686.511
687.020,686.509
687.018,686.507
687.018,686.506
687.025,686.516
687.023,686.514
687.022,686.512
687.020,686.510
687.027,686.520
687.025,686.517
687.024,686.515
687.022,686.513
687.029,686.522
687.024,686.516
687.023,686.513
687.021,686.511
687.020,686.510
687.027,686.520
687.025,686.517
687.024,686.515
687.022,686.512
687.018,686.507
687.015,686.502
687.022,686.512
687.029,686.522
687.027,686.519
687.025,686.517
687.023,686.514
687.019,686.509
687.026,686.519
687.025,686.516
687.023,686.514
687.022,686.512
687.020,686.510
687.027,686.520
687.025,686.517
687.024,686.515
687.022,686.513
687.021,686.511
687.020,686.509
687.019,686.507
687.026,686.517
687.024,686.515
687.022,686.513
687.021,686.511
687.020,686.509
687.019,686.508
687.018,686.506
687.017,686.505
687.016,686.504
687.015,686.503
687.015,686.502
687.014,686.501
687.013,686.500
687.013,686.499
687.012,686.499
687.012,686.498
687.012,686.497
687.011,686.497
687.011,686.496
687.011,686.496
687.010,686.496
687.010,686.495
687.010,686.495
687.010,686.495
687.010,686.495
687.010,686.494
687.009,686.494
687.015,686.502
687.014,686.501
687.014,686.500
687.005,686.488
687.005,686.488
687.006,686.489
687.006,686.489
687.006,686.489
687.006,686.490
686.998,686.478
686.999,686.480
687.000,686.481
687.001,686.482
687.002,686.483
687.002,686.484
687.003,686.485
687.003,686.485
687.004,686.486
687.004,686.487
687.005,686.487
687.005,686.488
687.003,686.484
686.995,686.474
686.996,686.475
686.997,686.477
686.998,686.478
686.997,686.476
686.998,686.478
686.999,686.479
687.008,686.492
687.008,686.492
687.008,686.492
687.000,686.480
687.001,686.481
687.001,686.483
687.002,686.483
687.003,686.484
687.003,686.485
687.004,686.486
687.004,686.486
687.004,686.487
687.005,686.488
687.005,686.488
687.013,686.500
687.013,686.499
687.010,686.495
687.010,686.495
687.010,686.494
687.009,686.494
687.009,686.494
687.007,686.490
687.007,686.490
687.007,686.491
687.007,686.491
687.007,686.491
687.007,686.491
687.007,686.491
687.007,686.491
687.007,686.491
691.935,693.587
698.663,703.275
700.875,706.460
702.263,708.459
701.197,706.925
700.505,705.928
700.674,706.171
698.798,703.470
697.712,701.905
696.768,700.547
696.527,700.200
695.527,698.760
694.841,697.772
693.905,696.424
693.943,696.479
693.927,696.456
693.390,695.682
693.197,695.405
692.501,694.402
692.413,694.275
692.268,694.067
692.173,693.929
692.115,693.846
692.045,693.746
692.022,693.712
691.974,693.643
691.941,693.595
691.903,693.541
691.848,693.461
691.824,693.427
692.064,693.772
692.109,693.837
692.182,693.942
692.219,693.995
692.223,694.002
692.272,694.072
692.321,694.143
692.914,694.996
693.594,695.975
693.361,695.641
692.840,694.890
692.752,694.764
692.866,694.928
692.880,694.948
692.942,695.037
693.509,695.854
693.725,696.165
693.783,696.248
694.655,697.504
694.787,697.694
695.892,699.285
695.918,699.323
696.451,700.090
696.369,699.971
696.385,699.995
691.002,692.244
690.981,692.213
690.954,692.174
690.926,692.134
690.901,692.098
690.871,692.054
690.852,692.027
690.826,691.990
690.803,691.958
690.783,691.928
690.764,691.901
690.748,691.877
690.728,691.849
690.707,691.818
690.679,691.779
690.663,691.755
690.643,691.726
690.622,691.696
690.598,691.661
690.573,691.626
690.550,691.593
690.522,691.552
690.504,691.527
690.480,691.492
690.459,691.461
689.961,690.744
689.940,690.715
689.922,690.688
689.905,690.663
689.889,690.641
689.875,690.621
689.863,690.603
689.852,690.587
689.841,690.572
689.824,690.547
689.816,690.536
689.801,690.514
689.788,690.495
689.775,690.477
689.764,690.461
689.754,690.447
689.745,690.434
689.729,690.410
689.722,690.400
689.708,690.380
689.703,690.373
689.691,690.356
689.680,690.340
689.670,690.325
689.661,690.312
689.291,689.780
689.283,689.768
689.286,689.773
689.282,689.766
689.285,689.771
689.281,689.765
689.276,689.758
689.272,689.753
689.269,689.748
689.263,689.739
689.260,689.735
689.250,689.720
689.256,689.730
689.254,689.727
689.250,689.720
689.256,689.730
689.254,689.727
689.257,689.731
689.263,689.740
689.269,689.748
689.274,689.755
689.267,689.745
689.264,689.741
689.269,689.748
689.263,689.739
689.260,689.736
689.258,689.732
689.256,689.729
689.259,689.734
689.262,689.738
689.259,689.734
689.257,689.731
689.263,689.739
689.260,689.736
689.258,689.732
689.256,689.729
689.251,689.722
689.255,689.727
689.253,689.724
689.259,689.734
689.265,689.742
689.270,689.750
689.272,689.752
689.268,689.747
689.265,689.743
689.262,689.738
689.260,689.735
689.258,689.731
689.263,689.740
689.269,689.748
689.274,689.755
689.278,689.761
689.282,689.767
689.286,689.772
689.289,689.777
689.292,689.781
689.294,689.785
689.297,689.788
689.296,689.787
689.298,689.790
689.300,689.793
689.302,689.796
689.304,689.798
689.305,689.800
689.307,689.802
689.308,689.804
689.309,689.806
689.310,689.807
689.308,689.804
689.309,689.806
689.302,689.796
689.304,689.798
689.305,689.800
689.307,689.802
689.308,689.804
689.309,689.806
689.307,689.803
689.308,689.805
689.310,689.806
689.310,689.808
689.311,689.809
689.312,689.810
689.313,689.811
689.314,689.812
689.319,689.820
689.319,689.820
689.319,689.820
689.319,689.821
689.319,689.821
689.320,689.821
689.320,689.821
689.320,689.821
689.320,689.821
689.320,689.821
689.325,689.828
689.324,689.828
689.324,689.827
689.320,689.822
689.320,689.822
689.320,689.822
689.320,689.822
689.320,689.822
689.317,689.817
689.317,689.818
689.318,689.818
689.315,689.814
689.315,689.815
689.316,689.815
689.316,689.816
689.308,689.805
689.299,689.790
689.293,689.782
689.295,689.786
689.294,689.785
689.297,689.788
689.291,689.780
689.286,689.772
689.286,689.772
689.281,689.765
689.285,689.771
689.280,689.764
689.276,689.758
689.269,689.748
689.266,689.743
689.263,689.739
689.252,689.724
689.251,689.722
689.246,689.715
689.237,689.702
689.229,689.690
689.229,689.691
689.222,689.680
689.223,689.682
689.216,689.672
689.218,689.675
689.217,689.673
689.211,689.664
689.202,689.651
689.197,689.644
689.193,689.638
689.189,689.632
689.185,689.627
689.182,689.622
689.179,689.618
689.176,689.614
689.174,689.611
689.171,689.607
689.169,689.605
689.168,689.602
689.171,689.607
689.174,689.612
689.169,689.604
689.164,689.597
689.163,689.595
689.159,689.589
689.158,689.588
689.157,689.587
689.157,689.586
689.156,689.585
689.156,689.585
689.155,689.584
689.155,689.583
689.146,689.571
689.139,689.560
689.140,689.562
689.141,689.563
689.142,689.565
689.135,689.554
689.128,689.545
689.122,689.536
689.117,689.529
689.120,689.533
689.115,689.526
689.110,689.519
689.106,689.513
689.102,689.508
689.104,689.510
689.097,689.501
689.094,689.496
689.092,689.492
689.089,689.489
689.087,689.486
689.085,689.483
689.083,689.480
689.081,689.478
689.069,689.460
689.069,689.459
689.068,689.459
689.060,689.447
689.061,689.448
689.061,689.449
689.067,689.457
689.064,689.452
689.064,689.453
689.064,689.453
689.064,689.453
689.064,689.453
689.062,689.449
689.062,689.450
689.062,689.450
689.063,689.451
689.063,689.451
689.055,689.440
689.053,689.437
689.055,689.439
689.048,689.429
689.049,689.432
689.051,689.434
689.044,689.424
689.043,689.423
689.051,689.433
689.044,689.424
689.046,689.427
689.040,689.418
689.042,689.422
689.042,689.421
689.041,689.420
689.048,689.430
689.050,689.433
689.044,689.423
689.038,689.415
689.032,689.407
689.027,689.400
689.028,689.401
689.032,689.406
689.027,689.399
689.031,689.405
689.034,689.410
689.034,689.410
689.029,689.402
689.025,689.396
689.028,689.402
689.024,689.395
689.028,689.401
689.029,689.402
689.029,689.403
689.025,689.396
689.020,689.390
689.017,689.385
689.018,689.387
689.020,689.389
689.016,689.384
689.013,689.379
689.010,689.375
689.015,689.383
689.012,689.378
689.009,689.374
689.006,689.370
689.004,689.366
688.999,689.359
688.997,689.357
688.996,689.354
688.994,689.352
688.993,689.351
688.992,689.349
688.991,689.348
688.998,689.358
689.005,689.367
689.002,689.364
688.997,689.357
688.993,689.350
689.000,689.360
688.998,689.358
689.005,689.367
689.010,689.376
689.013,689.379
689.015,689.382
689.012,689.377
689.017,689.385
689.021,689.392
689.015,689.382
689.020,689.389
689.024,689.395
689.028,689.401
689.023,689.394
689.028,689.400
689.028,689.401
689.024,689.395
689.020,689.389
689.013,689.379
689.015,689.382
689.020,689.389
689.016,689.384
689.021,689.391
689.025,689.397
689.026,689.398
689.019,689.388
689.015,689.383
689.012,689.378
689.014,689.381
689.011,689.377
689.008,689.373
689.014,689.380
689.011,689.376
689.013,689.379
689.010,689.375
689.007,689.371
689.005,689.367
689.000,689.360
688.998,689.357
688.996,689.355
688.995,689.353
688.999,689.359
688.997,689.356
688.992,689.350
688.983,689.337
688.983,689.336
688.983,689.336
688.975,689.324
688.972,689.321
688.965,689.311
688.967,689.313
688.965,689.310
688.967,689.313
688.968,689.315
688.969,689.316
688.968,689.314
688.969,689.316
688.970,689.317
688.971,689.319
688.969,689.316
688.970,689.318
688.963,689.308
688.962,689.306
688.964,689.309
688.966,689.311
688.967,689.313
688.965,689.311
688.967,689.313
688.968,689.315
688.967,689.312
688.968,689.315
688.961,689.305
688.960,689.303
688.954,689.295
688.957,689.298
688.956,689.297
688.958,689.301
688.961,689.304
688.960,689.302
688.954,689.294
688.956,689.298
688.951,689.289
688.951,689.289
688.953,689.294
688.948,689.286
688.948,689.286
688.951,689.291
688.954,689.295
688.954,689.294
688.948,689.286
688.952,689.291
688.954,689.295
688.954,689.294
688.957,689.298
688.959,689.301
688.966,689.312
688.960,689.302
688.962,689.305
688.961,689.304
688.960,689.302
688.954,689.294
688.945,689.282
688.946,689.282
688.949,689.287
688.944,689.280
688.945,689.281
688.940,689.274
688.941,689.276
688.945,689.281
688.948,689.286
688.949,689.286
688.944,689.279
688.939,689.273
688.940,689.274
688.944,689.280
688.948,689.285
688.951,689.290
688.946,689.282
688.938,689.271
688.934,689.266
688.931,689.261
688.924,689.252
688.922,689.248
688.917,689.240
688.915,689.238
688.913,689.235
688.911,689.233
688.910,689.231
688.909,689.229
688.908,689.227
688.904,689.222
688.903,689.221
688.902,689.220
688.902,689.219
688.901,689.218
688.898,689.214
688.898,689.213
688.895,689.209
688.903,689.221
688.910,689.232
688.914,689.237
688.913,689.235
688.911,689.232
688.910,689.230
688.900,689.217
688.900,689.217
688.900,689.216
688.896,689.212
688.896,689.212
688.894,689.207
688.894,689.208
688.894,689.208
688.891,689.204
688.892,689.205
688.889,689.201
688.890,689.202
688.888,689.199
688.889,689.200
688.886,689.197
688.879,689.187
688.878,689.185
688.880,689.188
688.878,689.186
688.880,689.188
688.878,689.185
688.872,689.176
688.874,689.179
688.881,689.189
688.875,689.180
688.874,689.179
688.876,689.182
688.875,689.180
688.869,689.172
688.869,689.171
688.871,689.175
688.871,689.175
688.865,689.166
688.865,689.167
688.860,689.159
688.861,689.160
688.856,689.153
688.857,689.155
688.853,689.148
688.857,689.154
688.853,689.148
688.857,689.154
688.853,689.148
688.857,689.154
688.861,689.160
688.846,689.139
688.843,689.134
688.848,689.142
688.842,689.132
688.839,689.128
688.836,689.125
688.839,689.129
688.836,689.125
688.839,689.129
688.845,689.137
688.847,689.140
688.852,689.147
688.853,689.149
688.857,689.155
688.858,689.156
688.854,689.150
688.850,689.144
688.851,689.146
688.847,689.141
688.849,689.143
688.846,689.138
688.847,689.141
688.844,689.136
688.846,689.139
688.843,689.134
688.801,689.074
688.802,689.076
688.800,689.073
688.793,689.063
688.787,689.054
688.786,689.053
688.789,689.056
688.783,689.048
688.783,689.048
688.786,689.052
688.785,689.051
688.788,689.055
688.790,689.058
688.797,689.069
688.791,689.059
688.793,689.062
688.794,689.064
688.788,689.055
688.787,689.054
688.787,689.053
688.789,689.057
688.780,689.044
688.775,689.037
688.776,689.038
688.776,689.038
