# Physical_Baseline=689.81pF, Trigger_Distance=11.9cm, Atten_Ratio=1.42
Raw_Capacitance(pF),Normalized_Capacitance(pF)
689.829,689.840
689.829,689.839
689.829,689.839
689.829,689.839
689.829,689.839
689.829,689.839
689.824,689.832
689.824,689.832
689.825,689.833
689.825,689.833
689.817,689.822
689.810,689.812
689.812,689.815
689.821,689.828
689.822,689.829
689.826,689.834
689.826,689.835
689.826,689.835
689.826,689.835
689.827,689.835
689.835,689.847
689.834,689.846
689.834,689.845
689.833,689.845
689.833,689.844
689.832,689.843
689.824,689.831
689.824,689.832
689.816,689.821
689.818,689.823
689.818,689.824
689.819,689.825
689.820,689.826
689.821,689.828
689.822,689.828
689.822,689.829
689.823,689.830
689.823,689.831
689.824,689.831
689.816,689.821
689.809,689.811
689.803,689.802
689.797,689.794
689.792,689.787
689.796,689.791
689.799,689.796
689.801,689.800
689.796,689.792
689.791,689.785
689.794,689.790
689.798,689.795
689.792,689.787
689.796,689.792
689.799,689.796
689.802,689.800
689.796,689.792
689.799,689.797
689.794,689.789
689.789,689.782
689.793,689.788
689.788,689.781
689.792,689.786
689.795,689.791
689.790,689.784
689.786,689.778
689.790,689.784
689.794,689.789
689.797,689.793
689.792,689.786
689.795,689.791
689.790,689.784
689.786,689.778
689.790,689.783
689.785,689.777
689.789,689.783
689.785,689.777
689.781,689.771
689.778,689.766
689.774,689.761
689.779,689.769
689.784,689.775
689.788,689.781
689.792,689.787
689.795,689.791
689.791,689.784
689.786,689.778
689.790,689.784
689.794,689.789
689.797,689.793
689.800,689.798
689.803,689.802
689.805,689.805
689.799,689.797
689.794,689.789
689.797,689.794
689.792,689.786
689.787,689.780
689.791,689.785
689.787,689.779
689.783,689.773
689.779,689.768
689.784,689.775
689.780,689.769
689.776,689.764
689.773,689.760
689.778,689.767
689.775,689.762
689.780,689.770
689.777,689.765
689.773,689.760
689.771,689.756
689.768,689.753
689.766,689.749
689.764,689.746
689.762,689.744
689.760,689.741
689.758,689.739
689.757,689.737
689.748,689.724
689.747,689.723
689.747,689.723
689.747,689.722
689.738,689.710
689.739,689.711
689.739,689.712
689.740,689.712
689.740,689.713
689.740,689.713
689.741,689.714
689.741,689.714
689.733,689.703
689.734,689.704
689.735,689.706
689.736,689.707
689.728,689.696
689.722,689.687
689.724,689.690
689.726,689.693
689.727,689.695
689.721,689.686
689.723,689.689
689.725,689.691
689.727,689.694
689.728,689.696
689.730,689.698
689.731,689.700
689.732,689.702
689.741,689.715
689.741,689.715
689.742,689.715
689.742,689.715
689.742,689.716
689.742,689.716
689.742,689.716
689.742,689.716
689.742,689.716
689.751,689.728
689.750,689.727
689.749,689.726
689.749,689.725
689.748,689.725
689.748,689.724
689.747,689.723
689.747,689.723
689.747,689.722
689.746,689.722
689.746,689.721
689.746,689.721
689.746,689.721
689.745,689.720
689.745,689.720
689.745,689.720
689.745,689.720
689.745,689.720
689.745,689.719
689.745,689.719
689.744,689.719
689.744,689.719
689.739,689.712
689.740,689.712
689.740,689.713
689.740,689.713
689.741,689.714
689.733,689.703
689.734,689.704
689.735,689.705
689.736,689.707
689.736,689.708
689.737,689.709
689.738,689.709
689.738,689.710
689.739,689.711
689.739,689.712
689.731,689.701
689.733,689.702
689.734,689.704
689.735,689.705
689.732,689.702
689.733,689.703
689.734,689.705
689.735,689.706
689.728,689.696
689.721,689.686
689.715,689.678
689.718,689.682
689.720,689.685
689.723,689.688
689.717,689.680
689.711,689.672
689.711,689.672
689.714,689.676
689.709,689.669
689.712,689.673
689.707,689.666
689.702,689.660
689.706,689.665
689.710,689.670
689.713,689.675
689.713,689.674
689.708,689.667
689.703,689.661
689.699,689.655
689.695,689.649
689.700,689.656
689.696,689.650
689.692,689.645
689.697,689.652
689.693,689.647
689.690,689.642
689.695,689.649
689.692,689.644
689.697,689.651
689.693,689.646
689.690,689.642
689.687,689.637
689.684,689.634
689.690,689.642
689.695,689.649
689.699,689.655
689.696,689.650
689.692,689.645
689.697,689.652
689.701,689.658
689.697,689.652
689.702,689.659
689.698,689.653
689.702,689.659
689.698,689.653
689.694,689.648
689.699,689.654
689.703,689.661
689.707,689.666
689.702,689.660
689.675,689.621
689.674,689.619
689.672,689.617
689.679,689.626
689.677,689.624
689.675,689.621
689.674,689.619
689.672,689.617
689.671,689.615
689.670,689.613
689.669,689.612
689.668,689.611
689.667,689.609
689.666,689.608
689.665,689.607
689.665,689.606
689.664,689.605
689.664,689.605
689.663,689.604
689.663,689.603
689.662,689.603
689.662,689.602
689.662,689.602
689.653,689.590
689.646,689.579
689.611,689.531
689.608,689.526
689.605,689.521
689.610,689.528
689.606,689.523
689.611,689.531
689.608,689.526
689.613,689.532
689.617,689.539
689.613,689.533
689.609,689.528
689.606,689.523
689.603,689.518
689.600,689.515
689.606,689.522
689.611,689.530
689.607,689.525
689.604,689.520
689.601,689.516
689.599,689.512
689.604,689.521
689.609,689.528
689.606,689.523
689.603,689.519
689.600,689.515
689.598,689.511
689.604,689.520
689.609,689.527
689.606,689.522
689.611,689.530
689.607,689.525
689.604,689.520
689.598,689.512
689.601,689.516
689.598,689.512
689.596,689.509
689.594,689.506
689.600,689.514
689.597,689.511
689.595,689.508
689.590,689.501
689.589,689.498
689.587,689.496
689.586,689.495
689.593,689.504
689.591,689.502
689.597,689.511
689.595,689.508
689.593,689.505
689.599,689.514
689.597,689.510
689.595,689.507
689.601,689.516
689.598,689.512
689.596,689.509
689.594,689.506
689.592,689.503
689.590,689.501
689.589,689.499
689.587,689.497
689.586,689.495
689.585,689.493
689.584,689.492
689.583,689.490
689.582,689.489
689.581,689.488
689.573,689.476
689.570,689.472
689.570,689.472
689.570,689.473
689.571,689.473
689.571,689.474
689.571,689.474
689.572,689.474
689.569,689.470
689.577,689.482
689.577,689.482
689.577,689.482
689.576,689.481
689.576,689.481
689.576,689.481
689.576,689.480
689.576,689.480
689.575,689.480
689.567,689.468
689.568,689.469
689.568,689.470
689.561,689.459
689.562,689.461
689.555,689.451
689.557,689.454
689.559,689.456
689.560,689.458
689.561,689.460
689.563,689.462
689.561,689.459
689.562,689.461
689.563,689.462
689.556,689.452
689.558,689.455
689.559,689.457
689.561,689.459
689.562,689.461
689.563,689.462
689.564,689.464
689.565,689.465
689.558,689.455
689.559,689.457
689.561,689.459
689.562,689.461
689.563,689.463
689.564,689.464
689.565,689.465
689.558,689.455
689.560,689.457
689.561,689.459
689.562,689.461
689.555,689.451
689.549,689.442
689.551,689.446
689.553,689.449
689.555,689.451
689.549,689.442
689.551,689.446
689.551,689.445
689.553,689.448
689.547,689.439
689.541,689.431
689.541,689.432
689.536,689.425
689.532,689.418
689.536,689.424
689.531,689.418
689.536,689.423
689.539,689.428
689.534,689.422
689.530,689.416
689.526,689.410
689.523,689.405
689.520,689.401
689.517,689.397
689.514,689.393
689.517,689.397
689.514,689.393
689.512,689.389
689.518,689.398
689.520,689.401
689.525,689.408
689.530,689.415
689.526,689.410
689.530,689.416
689.535,689.422
689.530,689.416
689.534,689.422
689.538,689.427
689.542,689.432
689.542,689.432
689.537,689.425
689.540,689.430
689.540,689.430
689.535,689.423
689.531,689.417
689.527,689.411
689.523,689.406
689.520,689.402
689.517,689.398
689.515,689.394
689.520,689.402
689.522,689.405
689.527,689.412
689.532,689.418
689.528,689.412
689.532,689.418
689.525,689.408
689.521,689.403
689.518,689.399
689.521,689.402
689.526,689.409
689.522,689.405
689.519,689.400
689.516,689.396
689.511,689.388
689.509,689.385
689.507,689.383
689.505,689.380
689.496,689.367
689.495,689.366
689.491,689.361
689.499,689.372
689.506,689.382
689.505,689.380
689.500,689.373
689.499,689.372
689.498,689.370
689.497,689.369
689.505,689.380
689.503,689.377
689.502,689.376
689.509,689.385
689.507,689.383
689.513,689.392
689.511,689.389
689.514,689.393
689.512,689.389
689.509,689.386
689.516,689.395
689.513,689.392
689.508,689.384
689.506,689.382
689.504,689.379
689.503,689.377
689.502,689.375
689.501,689.374
689.499,689.372
689.498,689.371
689.498,689.370
689.497,689.368
689.504,689.379
689.503,689.377
689.501,689.375
689.508,689.385
689.515,689.394
689.512,689.390
689.510,689.387
689.508,689.384
689.506,689.382
689.502,689.375
689.500,689.374
689.499,689.372
689.490,689.359
689.490,689.359
689.490,689.359
689.490,689.359
689.490,689.359
689.498,689.370
689.497,689.369
689.496,689.368
689.493,689.363
689.492,689.362
689.492,689.362
689.492,689.361
689.492,689.361
689.491,689.361
689.491,689.360
689.491,689.360
689.491,689.360
689.491,689.360
689.491,689.360
689.490,689.359
689.490,689.359
689.482,689.348
689.475,689.337
689.476,689.339
689.477,689.341
689.479,689.343
689.480,689.344
689.480,689.345
689.473,689.335
689.480,689.344
689.473,689.334
689.474,689.337
689.476,689.339
689.477,689.340
689.478,689.342
689.479,689.343
689.480,689.345
689.481,689.346
689.482,689.347
689.482,689.348
689.475,689.338
689.476,689.340
689.478,689.341
689.479,689.343
689.480,689.344
689.481,689.346
689.481,689.347
689.482,689.348
689.483,689.349
689.475,689.338
689.469,689.329
689.471,689.331
689.472,689.334
689.474,689.336
689.467,689.327
689.469,689.330
689.471,689.332
689.473,689.335
689.475,689.337
689.476,689.339
689.477,689.341
689.470,689.331
689.472,689.334
689.474,689.336
689.475,689.338
689.477,689.340
689.470,689.330
689.464,689.321
689.466,689.325
689.468,689.328
689.462,689.319
689.462,689.319
689.456,689.311
689.456,689.311
689.451,689.304
689.447,689.298
689.451,689.304
689.455,689.309
689.450,689.302
689.454,689.307
689.449,689.301
689.453,689.306
689.456,689.311
689.456,689.311
689.451,689.304
689.447,689.298
689.451,689.304
689.455,689.309
689.450,689.302
689.446,689.296
689.442,689.291
689.446,689.297
689.442,689.291
689.436,689.282
689.433,689.278
689.430,689.274
689.428,689.271
689.425,689.267
689.424,689.265
689.422,689.262
689.420,689.260
689.424,689.265
689.422,689.262
689.420,689.260
689.419,689.258
689.414,689.252
689.413,689.250
689.410,689.245
689.409,689.244
689.406,689.239
689.406,689.239
689.397,689.228
689.406,689.240
689.414,689.251
689.413,689.250
689.412,689.249
689.412,689.248
689.411,689.247
689.410,689.246
689.410,689.245
689.406,689.240
689.406,689.240
689.406,689.240
689.398,689.228
689.398,689.229
689.399,689.230
689.405,689.238
689.405,689.238
689.397,689.227
689.389,689.216
689.388,689.214
689.389,689.216
689.391,689.218
689.392,689.220
689.393,689.222
689.394,689.224
689.395,689.225
689.396,689.226
689.397,689.227
689.395,689.224
689.388,689.214
689.389,689.216
689.391,689.218
689.392,689.220
689.393,689.222
689.394,689.223
689.395,689.225
689.396,689.226
689.397,689.227
689.398,689.228
689.398,689.229
689.399,689.230
689.400,689.231
689.400,689.232
689.398,689.228
689.406,689.240
689.406,689.240
689.406,689.240
689.414,689.251
689.413,689.250
689.420,689.260
689.416,689.254
689.415,689.252
689.414,689.251
689.413,689.250
689.409,689.244
689.409,689.244
689.405,689.239
689.405,689.239
689.405,689.239
689.405,689.239
689.413,689.250
689.413,689.249
689.404,689.237
689.412,689.248
689.411,689.247
689.403,689.235
689.403,689.235
689.403,689.236
689.403,689.236
689.395,689.225
689.396,689.226
689.389,689.216
689.382,689.206
689.384,689.209
689.383,689.208
689.377,689.199
689.377,689.199
689.371,689.191
689.372,689.191
689.367,689.184
689.370,689.189
689.362,689.178
689.358,689.173
689.360,689.174
689.364,689.181
689.337,689.142
689.335,689.140
689.334,689.138
689.332,689.136
689.331,689.134
689.330,689.132
689.329,689.131
689.328,689.130
689.328,689.129
689.335,689.139
689.330,689.133
689.329,689.131
689.329,689.130
689.325,689.125
689.324,689.124
689.324,689.124
689.323,689.123
689.331,689.134
689.330,689.132
689.329,689.131
689.328,689.130
689.336,689.140
689.331,689.134
689.330,689.132
689.334,689.138
689.323,689.123
689.323,689.122
689.323,689.122
689.322,689.121
689.319,689.117
689.319,689.117
689.319,689.117
689.319,689.117
689.319,689.117
689.316,689.113
689.317,689.114
689.317,689.114
689.314,689.110
689.315,689.111
689.312,689.107
689.313,689.108
689.314,689.109
689.314,689.110
689.315,689.111
689.315,689.112
689.316,689.112
689.316,689.113
689.322,689.120
689.321,689.120
689.321,689.120
689.319,689.117
689.319,689.117
689.316,689.113
689.316,689.113
689.317,689.114
689.317,689.114
689.317,689.114
689.318,689.115
689.318,689.115
689.318,689.115
689.318,689.116
689.318,689.116
689.315,689.112
689.316,689.112
689.316,689.113
689.314,689.109
689.314,689.110
689.315,689.111
689.315,689.111
689.316,689.112
689.313,689.108
689.314,689.109
689.314,689.110
689.320,689.118
689.320,689.118
689.292,689.079
689.295,689.082
689.297,689.086
689.296,689.085
689.296,689.084
689.298,689.087
689.300,689.090
689.302,689.092
689.304,689.095
689.297,689.086
689.299,689.089
689.301,689.092
689.303,689.094
689.297,689.085
689.299,689.088
689.306,689.098
689.307,689.100
689.308,689.102
689.310,689.103
689.310,689.105
689.311,689.106
689.312,689.107
689.313,689.108
689.311,689.105
689.312,689.106
689.250,689.020
689.249,689.018
689.248,689.016
689.247,689.014
689.251,689.020
689.249,689.018
689.248,689.016
689.252,689.021
689.250,689.019
689.249,689.017
689.247,689.015
689.251,689.021
689.250,689.019
689.248,689.017
689.247,689.015
689.243,689.009
689.242,689.008
689.242,689.007
689.241,689.006
689.240,689.005
689.240,689.005
689.240,689.004
689.247,689.015
689.246,689.013
689.245,689.012
689.244,689.011
689.243,689.009
689.243,689.008
689.242,689.007
689.241,689.007
689.241,689.006
689.248,689.016
689.247,689.015
689.246,689.013
689.237,689.000
689.234,688.996
689.234,688.996
689.234,688.996
689.234,688.996
689.231,688.992
689.232,688.993
689.232,688.993
689.232,688.994
689.233,688.994
689.230,688.990
689.230,688.991
689.231,688.992
689.231,688.993
689.229,688.989
689.229,688.990
689.238,689.002
689.238,689.002
689.237,689.001
689.237,689.001
689.234,688.996
689.234,688.997
689.234,688.997
689.234,688.997
689.234,688.997
689.235,688.997
689.235,688.997
689.235,688.997
689.232,688.993
689.232,688.994
689.232,688.994
689.225,688.983
689.218,688.973
689.208,688.960
689.211,688.964
689.210,688.963
689.213,688.966
689.207,688.958
689.201,688.950
689.205,688.955
689.205,688.955
689.207,688.959
689.199,688.947
689.203,688.952
689.206,688.956
689.208,688.960
689.211,688.964
689.210,688.963
689.213,688.966
689.215,688.969
689.209,688.961
689.203,688.953
689.206,688.957
689.201,688.950
689.201,688.950
689.204,688.954
689.199,688.947
689.203,688.952
689.203,688.952
689.203,688.952
689.198,688.945
689.201,688.950
689.197,688.943
689.192,688.937
689.188,688.932
689.182,688.922
689.179,688.918
689.176,688.914
689.182,688.922
689.179,688.918
689.176,688.914
689.182,688.922
689.184,688.925
689.181,688.921
689.186,688.928
689.190,688.935
689.195,688.941
689.196,688.942
689.199,688.947
689.203,688.952
689.206,688.957
689.201,688.949
689.209,688.961
689.203,688.953
689.198,688.946
689.202,688.951
689.205,688.955
689.208,688.959
689.211,688.963
689.213,688.967
689.215,688.970
689.214,688.968
689.213,688.967
689.207,688.958
689.210,688.962
689.212,688.966
689.220,688.976
689.221,688.978
689.222,688.980
689.224,688.982
689.225,688.983
689.231,688.992
689.231,688.992
689.224,688.981
689.217,688.972
689.218,688.974
689.212,688.965
689.206,688.957
689.201,688.949
689.196,688.943
689.197,688.944
689.192,688.937
689.196,688.943
689.192,688.937
689.188,688.931
689.185,688.926
689.186,688.929
689.191,688.935
689.192,688.937
689.188,688.932
689.185,688.926
689.181,688.922
689.179,688.918
689.176,688.914
689.182,688.922
689.179,688.918
689.181,688.921
689.186,688.929
689.183,688.924
689.188,688.931
689.184,688.926
689.181,688.921
689.186,688.929
689.183,688.924
689.188,688.931
689.192,688.937
689.185,688.928
689.187,688.930
689.184,688.925
689.181,688.921
689.186,688.928
689.190,688.935
689.195,688.941
689.190,688.935
689.192,688.937
689.188,688.931
689.192,688.937
689.188,688.932
689.193,688.938
689.194,688.940
689.195,688.941
689.196,688.942
689.191,688.936
689.188,688.930
689.184,688.926
689.181,688.921
689.178,688.917
689.172,688.909
689.170,688.906
689.168,688.903
689.167,688.901
689.157,688.887
689.154,688.882
689.150,688.878
689.150,688.878
689.150,688.878
689.150,688.878
689.150,688.878
689.142,688.866
689.135,688.856
689.128,688.847
689.131,688.850
689.132,688.852
689.126,688.844
689.128,688.847
689.122,688.838
689.125,688.842
689.120,688.834
689.122,688.838
689.125,688.842
689.128,688.846
689.130,688.849
689.129,688.847
689.131,688.850
689.133,688.853
689.135,688.855
689.133,688.853
689.132,688.852
689.139,688.861
689.137,688.859
689.138,688.861
689.139,688.862
689.137,688.860
689.136,688.857
689.134,688.855
689.133,688.853
689.131,688.851
689.130,688.849
689.129,688.848
689.128,688.847
689.127,688.845
689.127,688.844
689.126,688.843
689.125,688.842
689.125,688.842
689.127,688.845
689.121,688.837
689.129,688.848
689.131,688.851
689.125,688.842
689.127,688.845
689.122,688.837
689.124,688.841
689.127,688.845
689.129,688.848
689.128,688.846
689.127,688.845
689.121,688.837
689.116,688.829
689.111,688.823
689.115,688.828
689.110,688.821
689.114,688.827
689.118,688.832
689.118,688.832
689.113,688.825
689.117,688.830
689.109,688.819
689.110,688.820
689.111,688.822
689.103,688.811
689.105,688.814
689.101,688.808
689.106,688.815
689.110,688.821
689.114,688.826
689.118,688.831
689.113,688.824
689.108,688.818
689.112,688.824
689.116,688.829
689.111,688.822
689.107,688.816
689.103,688.811
689.107,688.817
689.104,688.812
689.108,688.818
689.112,688.824
689.116,688.829
689.119,688.833
689.114,688.826
689.117,688.831
689.113,688.824
689.108,688.818
689.104,688.812
689.100,688.807
689.105,688.814
689.110,688.820
689.110,688.821
689.111,688.823
689.112,688.824
689.105,688.813
689.106,688.815
689.107,688.817
689.109,688.819
689.102,688.809
689.103,688.811
689.100,688.806
689.096,688.801
689.094,688.797
689.091,688.794
689.089,688.790
689.086,688.787
689.084,688.784
689.091,688.793
689.088,688.790
689.094,688.798
689.092,688.795
689.097,688.803
689.094,688.798
689.100,688.806
689.104,688.813
689.101,688.808
689.106,688.814
689.110,688.820
689.114,688.826
689.109,688.820
689.102,688.810
689.104,688.812
689.105,688.814
689.099,688.804
689.100,688.807
689.097,688.803
689.091,688.794
689.086,688.787
689.084,688.784
689.082,688.781
689.081,688.779
689.079,688.777
689.078,688.775
689.077,688.774
689.076,688.772
689.075,688.771
689.071,688.766
689.076,688.772
689.072,688.767
689.068,688.762
689.073,688.768
689.072,688.768
689.072,688.767
689.071,688.766
689.071,688.765
689.070,688.765
689.070,688.764
689.070,688.763
689.069,688.763
689.066,688.758
689.066,688.758
689.066,688.758
689.066,688.758
689.066,688.758
689.066,688.758
689.066,688.758
689.066,688.758
689.074,688.770
689.073,688.769
689.081,688.779
689.087,688.788
689.085,688.786
689.083,688.783
689.090,688.792
689.096,688.800
689.090,688.792
689.088,688.789
689.085,688.786
689.084,688.783
689.082,688.781
689.080,688.779
689.079,688.777
689.078,688.775
689.069,688.762
689.068,688.762
689.073,688.769
689.070,688.763
689.069,688.763
689.069,688.762
689.069,688.762
689.068,688.762
689.068,688.761
689.076,688.772
689.075,688.771
689.082,688.781
689.081,688.779
689.079,688.777
689.078,688.775
689.077,688.774
689.076,688.772
689.075,688.771
689.071,688.766
689.071,688.765
689.070,688.764
689.070,688.764
689.069,688.763
689.061,688.751
689.061,688.752
689.059,688.748
689.012,688.682
689.006,688.674
689.004,688.671
689.002,688.668
689.000,688.665
688.998,688.662
689.002,688.667
689.008,688.676
689.013,688.684
689.010,688.679
689.007,688.675
689.010,688.679
689.007,688.675
689.005,688.672
689.003,688.669
689.001,688.666
689.004,688.670
689.002,688.667
689.008,688.676
689.013,688.684
689.010,688.679
689.013,688.683
689.018,688.690
689.022,688.696
689.018,688.691
688.995,688.657
688.993,688.656
688.997,688.661
688.993,688.655
689.000,688.665
688.998,688.662
689.005,688.671
688.999,688.664
689.006,688.673
689.003,688.670
689.001,688.667
688.996,688.660
688.992,688.654
688.991,688.652
688.990,688.651
688.997,688.661
689.001,688.666
688.999,688.663
688.997,688.661
688.996,688.659
688.991,688.653
688.998,688.663
688.997,688.660
688.995,688.658
688.999,688.664
688.997,688.661
688.996,688.659
688.994,688.657
688.998,688.663
688.997,688.660
688.995,688.658
688.994,688.656
688.998,688.662
688.996,688.659
688.995,688.658
688.993,688.656
688.989,688.650
688.989,688.649
688.988,688.648
688.987,688.647
688.984,688.642
688.984,688.642
688.983,688.641
688.980,688.637
688.977,688.633
688.978,688.633
688.970,688.622
688.968,688.620
688.969,688.622
688.962,688.612
688.961,688.610
688.968,688.620
688.970,688.622
688.971,688.623
688.969,688.621
688.962,688.611
688.956,688.602
688.955,688.601
688.958,688.605
688.960,688.608
688.962,688.611
688.961,688.609
688.960,688.608
688.962,688.611
688.964,688.614
688.962,688.612
688.964,688.614
688.966,688.617
688.967,688.619
688.966,688.616
688.967,688.618
688.968,688.620
688.967,688.618
688.968,688.620
688.969,688.622
688.968,688.619
688.969,688.621
688.962,688.611
688.961,688.610
688.955,688.601
688.957,688.604
688.957,688.603
688.951,688.595
688.946,688.588
688.946,688.589
688.950,688.593
688.953,688.598
688.952,688.597
688.955,688.601
688.958,688.605
688.960,688.608
688.962,688.611
688.964,688.613
688.965,688.616
688.964,688.614
688.966,688.616
688.967,688.618
688.974,688.627
688.974,688.628
688.975,688.629
688.967,688.619
688.974,688.628
688.967,688.618
688.968,688.620
688.966,688.617
688.960,688.608
688.962,688.611
688.961,688.609
688.955,688.601
688.957,688.604
688.951,688.596
688.951,688.596
688.954,688.600
688.957,688.604
688.956,688.603
688.956,688.602
688.966,688.617
688.967,688.619
688.969,688.621
688.970,688.622
688.971,688.624
688.977,688.633
688.977,688.633
688.978,688.634
688.975,688.630
688.976,688.631
688.976,688.631
688.985,688.644
688.982,688.639
688.974,688.627
688.974,688.628
688.972,688.625
688.973,688.626
688.966,688.616
688.967,688.618
688.974,688.627
688.974,688.628
688.967,688.618
688.965,688.616
688.967,688.618
688.968,688.620
688.966,688.617
688.968,688.619
688.961,688.610
688.963,688.613
688.962,688.611
688.956,688.602
688.958,688.606
688.957,688.605
688.960,688.608
688.962,688.611
688.961,688.609
688.954,688.600
688.957,688.604
688.964,688.615
688.958,688.605
688.960,688.608
688.959,688.607
688.953,688.599
688.956,688.603
688.955,688.602
688.958,688.605
688.960,688.608
688.959,688.607
688.961,688.610
688.963,688.613
688.970,688.622
688.963,688.613
688.965,688.615
688.963,688.613
688.965,688.615
688.958,688.606
688.958,688.605
688.952,688.597
688.955,688.601
688.946,688.589
688.950,688.594
688.945,688.586
688.937,688.576
688.941,688.582
688.945,688.587
688.948,688.592
688.952,688.596
688.954,688.600
688.957,688.604
688.959,688.607
688.961,688.610
688.963,688.613
688.962,688.611
688.964,688.614
688.966,688.616
688.959,688.607
688.953,688.598
688.953,688.598
688.947,688.591
688.951,688.595
688.943,688.584
688.946,688.589
688.942,688.582
688.934,688.572
688.931,688.567
688.925,688.558
688.927,688.562
688.924,688.558
688.930,688.565
688.932,688.568
688.936,688.575
688.938,688.577
688.942,688.582
688.946,688.588
688.946,688.588
688.941,688.582
688.945,688.587
688.946,688.588
688.949,688.593
688.944,688.586
688.945,688.586
688.940,688.580
688.936,688.574
688.937,688.576
688.941,688.582
688.934,688.572
688.939,688.578
688.935,688.572
688.939,688.579
688.935,688.573
688.929,688.564
688.934,688.571
688.938,688.577
688.934,688.572
688.936,688.574
688.940,688.580
688.936,688.574
688.937,688.576
688.941,688.582
688.945,688.587
688.946,688.588
688.949,688.593
688.944,688.586
688.945,688.587
688.940,688.580
688.941,688.581
688.937,688.575
688.933,688.570
688.927,688.561
688.924,688.557
688.929,688.565
688.923,688.556
688.929,688.564
688.923,688.556
688.928,688.563
688.925,688.559
688.928,688.563
688.925,688.558
688.922,688.555
688.925,688.558
688.930,688.566
688.935,688.573
688.936,688.575
688.933,688.570
688.929,688.565
688.926,688.560
688.923,688.556
688.918,688.549
688.916,688.546
688.914,688.543
688.912,688.541
688.911,688.539
688.907,688.533
688.906,688.531
688.913,688.542
688.908,688.535
688.907,688.534
688.906,688.532
688.905,688.531
688.904,688.530
688.909,688.536
688.908,688.534
688.915,688.544
688.910,688.538
688.909,688.536
688.908,688.534
688.912,688.540
688.910,688.538
688.909,688.536
688.905,688.530
688.912,688.540
688.911,688.538
688.914,688.544
688.913,688.541
688.911,688.539
688.910,688.537
688.917,688.547
688.920,688.551
688.918,688.548
688.916,688.545
688.911,688.539
688.909,688.537
688.905,688.531
688.904,688.530
688.904,688.529
688.903,688.528
688.902,688.527
688.899,688.522
688.899,688.522
688.899,688.521
688.904,688.528
688.903,688.527
688.907,688.534
688.906,688.532
688.905,688.531
688.910,688.537
688.908,688.535
688.907,688.534
688.906,688.532
688.905,688.531
688.910,688.537
688.908,688.535
688.904,688.529
688.904,688.528
688.903,688.528
688.902,688.527
688.894,688.514
688.899,688.522
688.899,688.522
688.896,688.517
688.888,688.506
688.889,688.507
688.889,688.508
688.890,688.509
688.888,688.506
688.889,688.507
688.894,688.515
688.903,688.527
688.902,688.526
688.899,688.521
688.898,688.521
688.898,688.521
688.903,688.528
688.903,688.527
688.902,688.526
688.902,688.526
688.901,688.525
688.906,688.532
688.905,688.530
688.904,688.529
688.903,688.528
688.911,688.539
688.907,688.533
688.914,688.543
688.912,688.540
688.916,688.546
688.922,688.554
688.920,688.551
688.914,688.544
688.913,688.541
688.908,688.535
688.907,688.533
688.906,688.532
688.905,688.531
688.904,688.530
688.909,688.536
688.908,688.534
688.912,688.540
688.910,688.538
688.909,688.536
688.908,688.534
688.907,688.533
688.903,688.527
688.902,688.527
688.899,688.522
688.899,688.521
688.890,688.510
688.883,688.499
688.884,688.501
688.877,688.491
688.879,688.494
688.881,688.496
688.874,688.487
688.876,688.490
688.870,688.481
688.865,688.473
688.857,688.462
688.853,688.456
688.854,688.458
688.850,688.452
688.843,688.443
688.840,688.439
688.835,688.431
688.841,688.439
688.843,688.443
688.840,688.438
688.837,688.435
688.843,688.443
688.840,688.438
688.837,688.435
688.840,688.438
688.837,688.435
688.840,688.438
688.845,688.446
688.847,688.449
688.844,688.444
688.838,688.436
688.836,688.432
688.833,688.429
688.831,688.426
688.829,688.423
688.833,688.428
688.831,688.426
688.826,688.419
688.833,688.428
688.831,688.425
688.829,688.423
688.836,688.432
688.833,688.429
688.836,688.433
688.842,688.441
688.844,688.445
688.841,688.440
688.844,688.443
688.841,688.439
688.843,688.443
688.840,688.438
688.843,688.442
688.848,688.449
688.844,688.444
688.849,688.451
688.846,688.446
688.840,688.438
688.837,688.434
688.840,688.438
688.845,688.446
688.839,688.437
688.836,688.433
688.834,688.430
688.832,688.427
688.838,688.436
688.844,688.444
688.841,688.439
688.843,688.443
688.848,688.450
688.850,688.452
688.854,688.459
688.847,688.449
688.844,688.444
688.841,688.440
688.846,688.447
688.843,688.443
688.845,688.446
688.842,688.441
688.815,688.402
688.819,688.409
688.819,688.408
688.823,688.415
688.822,688.413
688.826,688.419
688.825,688.417
688.824,688.415
688.828,688.421
688.826,688.419
688.830,688.424
688.828,688.422
688.827,688.420
688.822,688.414
688.830,688.424
688.825,688.417
688.832,688.427
688.835,688.431
688.833,688.428
688.831,688.425
688.829,688.423
688.827,688.421
688.831,688.426
688.829,688.423
688.825,688.417
688.800,688.382
688.801,688.384
688.799,688.381
688.801,688.383
688.802,688.384
688.800,688.381
688.801,688.383
688.802,688.384
688.800,688.382
688.801,688.383
688.799,688.381
688.798,688.378
688.791,688.369
688.790,688.368
688.792,688.370
688.794,688.373
688.793,688.371
688.795,688.374
688.796,688.376
688.795,688.374
688.788,688.365
688.788,688.364
688.779,688.352
688.782,688.356
688.785,688.361
688.787,688.364
688.787,688.363
688.781,688.355
688.784,688.359
688.792,688.370
688.794,688.373
688.795,688.375
688.794,688.373
688.796,688.376
688.797,688.378
688.796,688.376
688.797,688.378
688.799,688.380
688.797,688.378
688.799,688.380
688.797,688.377
688.790,688.368
688.784,688.359
688.784,688.359
688.787,688.363
688.789,688.366
688.788,688.365
688.791,688.368
688.793,688.371
688.792,688.370
688.777,688.349
688.772,688.343
688.776,688.348
688.777,688.349
688.780,688.354
688.775,688.346
688.776,688.347
688.779,688.352
688.774,688.345
688.775,688.346
688.778,688.351
688.782,688.356
688.781,688.356
688.776,688.348
688.772,688.342
688.773,688.343
688.776,688.348
688.777,688.349
688.772,688.342
688.776,688.348
688.771,688.341
688.772,688.342
688.776,688.348
688.776,688.348
688.769,688.338
688.773,688.343
688.774,688.345
688.774,688.346
688.770,688.339
688.766,688.333
688.767,688.336
688.764,688.330
688.760,688.325
688.762,688.328
688.759,688.323
688.764,688.331
688.766,688.333
688.762,688.328
688.767,688.335
688.768,688.336
688.772,688.342
688.773,688.344
688.766,688.333
688.770,688.340
688.766,688.334
688.760,688.324
688.756,688.320
688.754,688.316
688.748,688.308
688.754,688.317
688.760,688.325
688.762,688.328
688.767,688.334
688.763,688.329
688.765,688.332
688.761,688.327
688.766,688.333
688.767,688.335
688.761,688.326
688.757,688.321
688.755,688.317
688.757,688.321
688.754,688.317
688.752,688.313
688.755,688.317
688.752,688.314
688.750,688.310
688.753,688.315
688.758,688.323
688.763,688.330
688.760,688.325
688.757,688.321
688.762,688.328
688.764,688.331
688.766,688.333
688.770,688.339
688.771,688.341
688.772,688.342
688.776,688.347
688.779,688.352
688.779,688.353
688.774,688.346
688.775,688.346
688.771,688.340
688.766,688.334
688.771,688.340
688.772,688.342
688.768,688.336
688.764,688.330
688.765,688.333
688.770,688.339
688.766,688.333
688.759,688.324
688.753,688.316
688.759,688.324
688.756,688.319
688.758,688.323
688.755,688.319
688.753,688.315
688.755,688.319
688.750,688.311
688.748,688.308
688.746,688.305
688.749,688.310
688.747,688.307
688.745,688.304
688.749,688.309
688.752,688.313
688.749,688.310
688.752,688.314
688.755,688.318
688.761,688.326
688.757,688.321
688.760,688.325
688.757,688.320
688.754,688.316
688.756,688.320
688.754,688.316
688.759,688.324
688.761,688.327
688.755,688.318
688.753,688.314
688.750,688.311
688.753,688.315
688.751,688.312
688.756,688.320
688.759,688.323
688.761,688.326
688.766,688.333
688.770,688.340
688.771,688.341
688.775,688.347
688.779,688.351
688.779,688.352
688.774,688.345
688.770,688.339
688.774,688.344
688.766,688.334
688.763,688.329
688.759,688.324
688.753,688.315
688.751,688.312
688.749,688.309
688.752,688.313
688.754,688.317
688.752,688.314
688.758,688.322
688.752,688.314
688.758,688.322
688.755,688.318
688.757,688.321
688.754,688.317
688.752,688.313
688.755,688.317
688.752,688.314
688.758,688.322
688.752,688.314
688.755,688.318
688.752,688.314
688.755,688.318
688.757,688.321
688.754,688.317
688.752,688.314
688.747,688.306
688.750,688.311
688.748,688.308
688.746,688.305
688.741,688.298
688.737,688.293
688.736,688.291
688.727,688.279
688.727,688.279
688.724,688.275
688.725,688.275
688.725,688.275
688.725,688.276
688.730,688.283
688.730,688.283
688.730,688.282
688.735,688.289
688.731,688.284
688.731,688.284
688.730,688.283
688.727,688.279
688.732,688.286
688.740,688.297
688.747,688.306
688.750,688.311
688.756,688.319
688.761,688.327
688.755,688.318
688.753,688.314
688.750,688.311
688.748,688.308
688.743,688.301
688.750,688.310
688.747,688.307
688.751,688.312
688.748,688.309
688.746,688.306
688.750,688.311
688.756,688.319
688.753,688.315
688.756,688.319
688.750,688.311
688.748,688.308
688.746,688.305
688.749,688.310
688.747,688.307
688.745,688.304
688.744,688.302
688.739,688.296
688.738,688.294
688.737,688.293
688.733,688.287
688.730,688.282
688.729,688.282
688.729,688.282
688.734,688.289
688.731,688.284
688.730,688.283
688.730,688.283
688.727,688.278
688.724,688.274
688.724,688.275
688.725,688.275
688.722,688.271
688.720,688.268
688.720,688.269
688.721,688.270
688.727,688.278
688.724,688.274
688.724,688.274
688.724,688.275
688.722,688.271
688.719,688.268
688.728,688.280
688.728,688.280
688.725,688.276
688.722,688.272
688.723,688.273
688.723,688.273
688.721,688.270
688.721,688.271
688.730,688.283
688.727,688.278
688.727,688.278
688.727,688.278
688.727,688.278
688.724,688.274
688.724,688.275
688.733,688.287
688.740,688.297
688.739,688.295
688.738,688.294
688.734,688.288
688.741,688.299
688.740,688.297
688.744,688.302
688.748,688.307
688.754,688.316
688.751,688.313
688.754,688.317
688.757,688.320
688.754,688.316
688.751,688.313
688.754,688.317
688.752,688.313
688.757,688.321
688.752,688.313
688.757,688.321
688.754,688.317
688.749,688.309
688.747,688.307
688.745,688.304
688.748,688.309
688.746,688.306
688.745,688.303
688.743,688.301
688.739,688.295
688.735,688.289
688.726,688.277
688.726,688.277
688.731,688.284
688.728,688.280
688.720,688.268
688.721,688.269
688.718,688.266
688.724,688.274
688.725,688.275
688.725,688.275
688.725,688.276
688.722,688.272
688.720,688.268
688.721,688.269
688.721,688.270
688.727,688.278
688.732,688.286
688.732,688.285
688.731,688.284
688.728,688.280
688.725,688.275
688.717,688.264
688.718,688.266
688.719,688.267
688.725,688.275
688.725,688.276
688.725,688.276
688.731,688.283
688.735,688.290
688.735,688.289
688.734,688.288
688.730,688.283
688.727,688.279
688.727,688.279
688.727,688.279
688.724,688.275
688.722,688.271
688.714,688.260
688.715,688.262
688.717,688.264
688.715,688.261
688.721,688.270
688.722,688.271
688.722,688.271
688.728,688.279
688.725,688.275
688.725,688.276
688.717,688.265
688.718,688.266
688.716,688.263
688.717,688.265
688.718,688.266
688.719,688.267
688.717,688.264
688.710,688.254
688.712,688.256
688.710,688.254
688.709,688.253
688.711,688.255
688.712,688.257
688.711,688.255
688.709,688.253
688.711,688.256
688.713,688.258
688.711,688.256
688.718,688.265
688.719,688.267
688.719,688.268
688.717,688.265
688.715,688.262
688.717,688.264
688.718,688.265
688.716,688.262
688.722,688.271
688.722,688.272
688.723,688.272
688.728,688.280
688.725,688.276
688.726,688.276
688.726,688.277
688.723,688.273
688.721,688.269
688.721,688.270
688.722,688.271
688.714,688.260
688.713,688.258
688.711,688.256
688.705,688.247
688.707,688.250
688.701,688.241
688.700,688.240
688.700,688.240
688.703,688.244
688.705,688.247
688.699,688.239
688.699,688.238
688.699,688.238
688.698,688.238
688.701,688.242
688.704,688.245
688.711,688.256
688.710,688.254
688.711,688.256
688.713,688.258
688.711,688.256
688.710,688.254
688.704,688.245
688.706,688.248
688.708,688.251
688.707,688.250
688.709,688.252
688.702,688.244
688.705,688.247
688.712,688.257
688.711,688.255
688.712,688.257
688.714,688.259
688.715,688.261
688.713,688.259
688.720,688.268
688.720,688.269
688.721,688.270
688.722,688.271
688.719,688.267
688.717,688.264
688.710,688.254
688.704,688.245
688.703,688.244
688.710,688.255
688.712,688.257
688.705,688.248
688.699,688.239
688.699,688.239
688.691,688.227
688.694,688.232
688.689,688.225
688.685,688.219
688.681,688.213
688.674,688.204
688.677,688.207
688.678,688.210
688.683,688.216
688.687,688.222
688.688,688.223
688.674,688.203
688.676,688.206
688.681,688.213
688.677,688.208
688.674,688.203
688.676,688.206
688.670,688.198
688.675,688.205
688.672,688.201
688.670,688.197
688.675,688.205
688.669,688.196
688.672,688.200
688.677,688.208
688.674,688.203
688.671,688.199
688.673,688.202
688.667,688.194
688.665,688.191
688.663,688.188
688.661,688.185
688.667,688.194
688.662,688.186
688.657,688.180
688.653,688.174
688.657,688.179
688.655,688.177
688.654,688.175
688.661,688.185
688.659,688.182
688.655,688.176
688.659,688.182
688.654,688.175
688.653,688.174
688.652,688.173
688.651,688.171
688.651,688.170
688.650,688.169
688.649,688.168
688.648,688.167
688.653,688.174
688.657,688.180
688.661,688.185
688.664,688.190
688.662,688.187
688.660,688.184
688.659,688.182
688.657,688.180
688.661,688.185
688.656,688.178
688.657,688.179
688.661,688.185
688.667,688.194
688.665,688.190
688.663,688.187
688.661,688.185
688.664,688.189
688.667,688.194
688.670,688.198
688.668,688.194
688.665,688.191
688.663,688.188
688.661,688.185
688.659,688.182
688.655,688.176
688.659,688.182
688.654,688.175
688.650,688.170
688.650,688.169
688.657,688.179
688.656,688.177
688.660,688.183
688.663,688.188
688.666,688.192
688.669,688.196
688.647,688.166
688.644,688.161
688.641,688.157
688.638,688.153
688.639,688.153
688.639,688.154
688.639,688.154
688.648,688.166
688.647,688.165
688.652,688.172
688.656,688.178
688.652,688.172
688.656,688.178
688.655,688.176
688.654,688.175
688.653,688.173
688.660,688.183
688.658,688.181
688.654,688.175
688.658,688.181
688.662,688.186
688.660,688.183
688.658,688.181
688.665,688.190
688.663,688.187
688.669,688.196
688.664,688.188
688.667,688.193
688.670,688.197
688.675,688.205
688.672,688.200
688.669,688.196
688.672,688.200
688.674,688.204
688.676,688.207
688.681,688.213
688.686,688.220
688.679,688.210
688.680,688.212
688.682,688.214
688.675,688.205
688.680,688.212
688.677,688.207
688.681,688.214
688.590,688.084
688.592,688.087
688.594,688.090
688.596,688.092
688.589,688.083
688.591,688.086
688.593,688.089
688.595,688.092
688.597,688.094
688.598,688.096
688.592,688.087
688.594,688.089
688.595,688.092
688.589,688.083
688.583,688.075
688.581,688.071
688.579,688.068
688.577,688.065
688.575,688.063
688.573,688.061
688.572,688.059
688.570,688.057
688.569,688.055
688.568,688.054
688.575,688.064
688.574,688.061
688.580,688.071
688.578,688.068
688.584,688.076
688.579,688.069
688.582,688.073
688.585,688.077
688.588,688.081
688.590,688.084
688.584,688.076
688.587,688.080
688.589,688.083
688.591,688.086
688.593,688.089
688.595,688.092
688.589,688.082
688.594,688.090
688.590,688.085
688.579,688.069
688.577,688.066
688.567,688.052
688.567,688.051
688.566,688.050
688.565,688.049
688.564,688.048
688.569,688.054
688.565,688.049
688.561,688.044
688.558,688.039
688.555,688.035
688.556,688.036
688.556,688.036
688.556,688.036
688.556,688.037
688.565,688.048
688.564,688.047
688.563,688.047
688.563,688.046
688.562,688.045
688.559,688.041
688.564,688.048
688.561,688.043
688.558,688.038
688.558,688.039
688.558,688.039
688.550,688.027
688.559,688.040
688.559,688.040
688.558,688.040
688.558,688.040
688.558,688.040
688.558,688.040
688.558,688.040
688.558,688.040
688.564,688.047
688.568,688.053
688.572,688.059
688.568,688.053
688.564,688.048
688.561,688.043
688.561,688.043
688.560,688.042
688.560,688.042
688.560,688.042
688.560,688.042
688.560,688.041
688.559,688.041
688.556,688.037
688.562,688.044
688.559,688.040
688.564,688.047
688.568,688.054
688.564,688.048
688.561,688.043
688.566,688.050
688.565,688.049
688.573,688.060
688.579,688.069
688.577,688.066
688.575,688.064
688.574,688.061
688.572,688.059
688.568,688.053
688.572,688.059
688.568,688.053
688.564,688.048
688.556,688.036
688.556,688.036
688.556,688.036
688.548,688.025
688.549,688.026
688.547,688.024
688.553,688.032
688.551,688.029
688.549,688.026
688.550,688.027
688.550,688.028
688.551,688.029
688.552,688.030
688.552,688.031
688.550,688.028
688.548,688.025
688.546,688.022
688.547,688.024
688.548,688.025
688.541,688.015
688.543,688.017
688.536,688.008
688.535,688.007
688.535,688.006
688.534,688.005
688.533,688.004
688.541,688.015
688.534,688.006
688.529,687.998
688.523,687.990
688.527,687.995
688.522,687.988
688.522,687.988
688.523,687.989
688.523,687.990
688.532,688.002
688.531,688.001
688.526,687.994
688.529,687.998
688.532,688.002
688.534,688.005
688.536,688.009
688.539,688.012
688.540,688.014
688.542,688.017
688.544,688.019
688.545,688.021
688.551,688.030
688.557,688.038
688.562,688.045
688.559,688.041
688.556,688.036
688.554,688.033
688.554,688.033
688.554,688.034
688.555,688.034
688.555,688.035
688.555,688.035
688.547,688.024
688.546,688.021
688.544,688.019
688.542,688.017
688.541,688.015
688.543,688.017
688.544,688.019
688.545,688.021
688.547,688.023
688.548,688.024
688.541,688.014
688.539,688.013
688.538,688.011
688.545,688.021
688.544,688.019
688.550,688.028
688.556,688.036
688.561,688.044
688.558,688.039
688.550,688.028
688.551,688.029
688.544,688.019
688.545,688.021
688.538,688.011
688.537,688.010
688.536,688.008
688.536,688.007
688.538,688.010
688.540,688.013
688.533,688.004
688.536,688.007
688.530,687.999
688.532,688.003
688.532,688.002
688.532,688.002
688.531,688.001
688.531,688.001
688.534,688.004
688.528,687.996
688.523,687.989
688.523,687.990
688.516,687.979
688.509,687.969
688.510,687.972
688.512,687.974
688.508,687.969
688.505,687.964
688.510,687.971
688.515,687.978
688.516,687.980
688.517,687.981
688.518,687.983
688.519,687.984
688.520,687.985
688.516,687.979
688.520,687.985
688.515,687.978
688.516,687.980
688.509,687.970
688.511,687.973
688.508,687.968
688.504,687.963
688.510,687.970
688.506,687.966
688.508,687.968
688.502,687.960
688.504,687.963
688.502,687.959
688.499,687.955
688.496,687.952
688.491,687.945
688.495,687.950
688.498,687.954
688.501,687.958
688.498,687.954
688.504,687.962
688.501,687.958
688.504,687.962
688.498,687.954
688.501,687.958
688.503,687.962
688.508,687.969
688.505,687.964
688.502,687.960
688.505,687.963
688.507,687.966
688.509,687.969
688.513,687.976
688.510,687.971
688.514,687.977
688.510,687.972
688.512,687.974
688.514,687.976
688.515,687.978
688.519,687.984
688.515,687.978
688.511,687.972
688.512,687.974
688.514,687.977
688.515,687.978
688.511,687.973
688.508,687.968
688.504,687.963
688.507,687.966
688.509,687.969
688.513,687.976
688.510,687.970
688.506,687.966
688.511,687.973
688.508,687.968
688.509,687.970
688.511,687.973
688.516,687.979
688.512,687.973
688.516,687.980
688.517,687.981
688.518,687.983
688.519,687.984
688.515,687.978
688.519,687.984
688.515,687.978
688.519,687.983
688.520,687.985
688.520,687.986
688.521,687.987
688.525,687.992
688.520,687.985
688.515,687.979
688.509,687.969
688.510,687.972
688.512,687.974
688.516,687.980
688.520,687.986
688.516,687.979
688.520,687.985
688.521,687.986
688.521,687.987
688.522,687.988
688.514,687.977
688.519,687.983
688.514,687.977
688.518,687.983
688.519,687.984
688.520,687.985
688.521,687.987
688.522,687.987
688.525,687.992
688.528,687.997
688.531,688.001
688.531,688.000
688.531,688.000
688.525,687.992
688.520,687.985
688.516,687.979
688.517,687.981
688.518,687.982
688.519,687.984
688.515,687.978
688.519,687.983
688.514,687.977
688.519,687.983
688.511,687.973
688.513,687.975
688.514,687.977
688.510,687.972
688.507,687.967
688.504,687.962
688.501,687.958
688.495,687.950
688.499,687.955
688.501,687.959
688.499,687.955
688.496,687.952
688.494,687.949
688.497,687.953
688.492,687.946
688.496,687.951
688.494,687.948
688.492,687.945
688.498,687.954
688.496,687.951
688.499,687.955
688.501,687.959
688.504,687.963
688.501,687.958
688.498,687.955
688.501,687.959
688.506,687.966
688.508,687.968
688.505,687.964
688.510,687.971
688.506,687.966
688.503,687.962
688.506,687.965
688.508,687.968
688.505,687.963
688.510,687.971
688.506,687.966
688.508,687.969
688.510,687.971
688.504,687.962
688.506,687.966
688.503,687.961
688.500,687.957
688.506,687.965
688.508,687.968
688.510,687.971
688.511,687.973
688.516,687.979
688.512,687.974
688.508,687.968
688.510,687.971
688.502,687.960
688.505,687.964
688.507,687.967
688.512,687.974
688.516,687.980
688.517,687.981
688.518,687.983
688.519,687.984
688.523,687.989
688.518,687.983
688.514,687.977
688.515,687.979
688.517,687.980
688.518,687.982
688.521,687.987
688.517,687.981
688.513,687.975
688.514,687.977
688.516,687.979
688.517,687.980
688.513,687.975
688.517,687.981
688.521,687.986
688.521,687.987
688.514,687.977
688.489,687.941
688.485,687.935
688.484,687.934
688.483,687.932
688.482,687.931
688.486,687.937
688.482,687.932
688.481,687.930
688.481,687.929
688.480,687.928
688.484,687.935
688.481,687.929
688.485,687.936
688.492,687.946
688.490,687.943
688.486,687.937
688.490,687.942
688.488,687.940
688.487,687.938
688.483,687.932
688.479,687.927
688.478,687.926
688.478,687.926
688.475,687.921
688.472,687.917
688.472,687.917
688.472,687.917
688.472,687.917
688.477,687.925
688.474,687.920
688.482,687.932
688.481,687.930
688.489,687.941
688.484,687.935
688.480,687.929
688.477,687.924
688.477,687.924
688.476,687.923
688.473,687.919
688.470,687.915
688.471,687.915
688.471,687.916
688.471,687.916
688.477,687.924
688.473,687.919
688.473,687.919
688.473,687.919
688.470,687.915
688.468,687.911
688.466,687.908
688.474,687.921
688.474,687.920
688.474,687.920
688.479,687.928
688.484,687.934
688.491,687.944
688.497,687.953
688.495,687.950
688.490,687.943
688.494,687.948
688.492,687.945
688.498,687.954
688.496,687.951
688.499,687.955
688.494,687.948
688.497,687.952
688.503,687.961
688.500,687.957
688.503,687.961
688.497,687.953
688.492,687.945
688.490,687.943
688.488,687.941
688.484,687.935
688.488,687.940
688.487,687.938
688.486,687.937
688.490,687.942
688.493,687.947
688.491,687.945
688.490,687.942
688.488,687.940
688.492,687.946
688.495,687.950
688.493,687.947
688.491,687.945
688.490,687.942
688.493,687.947
688.489,687.941
688.492,687.946
688.491,687.943
688.489,687.941
688.495,687.950
688.499,687.955
688.493,687.947
688.491,687.945
688.490,687.942
688.485,687.936
688.489,687.942
688.488,687.940
688.495,687.949
688.490,687.942
688.485,687.936
688.492,687.946
688.498,687.955
688.496,687.951
688.491,687.944
688.487,687.938
688.482,687.932
688.482,687.931
688.481,687.930
688.477,687.925
688.482,687.931
688.486,687.938
688.493,687.947
688.491,687.945
688.490,687.942
688.485,687.936
688.481,687.930
688.481,687.929
688.480,687.928
688.479,687.928
688.484,687.934
688.480,687.929
688.479,687.928
688.479,687.927
688.478,687.926
688.478,687.926
688.475,687.921
688.472,687.917
688.477,687.924
688.485,687.935
688.492,687.945
688.490,687.943
688.485,687.936
688.490,687.942
688.493,687.947
688.491,687.945
688.490,687.942
688.488,687.940
688.484,687.934
688.480,687.928
688.484,687.935
688.483,687.933
688.482,687.932
688.482,687.931
688.486,687.937
688.490,687.943
688.486,687.936
688.484,687.935
688.483,687.933
688.490,687.943
688.486,687.937
688.482,687.931
688.486,687.938
688.485,687.936
688.484,687.934
688.488,687.940
688.484,687.934
688.488,687.940
688.487,687.938
688.485,687.936
688.484,687.935
688.488,687.940
688.484,687.934
688.483,687.933
688.482,687.932
688.487,687.938
688.482,687.932
688.482,687.931
688.489,687.941
688.484,687.935
688.489,687.941
688.484,687.935
688.483,687.933
688.479,687.928
688.476,687.923
688.473,687.919
688.473,687.919
688.473,687.919
688.470,687.915
688.468,687.911
688.468,687.912
688.469,687.913
688.466,687.909
688.464,687.906
688.465,687.907
688.463,687.904
688.461,687.902
688.454,687.892
688.456,687.895
688.455,687.893
688.462,687.903
688.455,687.893
688.457,687.895
688.463,687.905
688.461,687.902
688.463,687.904
688.464,687.905
688.465,687.907
688.471,687.915
688.468,687.912
688.469,687.912
688.469,687.913
688.475,687.921
688.472,687.917
688.472,687.917
688.472,687.917
688.472,687.917
688.469,687.913
688.467,687.910
688.467,687.911
688.468,687.912
688.474,687.920
688.471,687.916
688.471,687.916
688.463,687.905
688.461,687.902
688.460,687.900
688.461,687.902
688.462,687.903
688.460,687.901
688.459,687.898
688.460,687.900
688.453,687.891
688.452,687.889
688.452,687.888
688.454,687.891
688.453,687.890
688.452,687.889
688.454,687.891
688.456,687.894
688.455,687.892
688.456,687.895
688.458,687.897
688.465,687.907
688.463,687.904
688.472,687.917
688.472,687.917
688.477,687.925
688.474,687.920
688.479,687.927
688.479,687.926
688.478,687.926
688.475,687.921
688.472,687.917
688.472,687.917
688.472,687.917
688.469,687.913
688.467,687.910
688.467,687.911
688.468,687.912
688.466,687.908
688.464,687.905
688.464,687.907
688.473,687.919
688.471,687.915
688.468,687.912
688.477,687.924
688.476,687.923
688.473,687.919
688.470,687.915
688.463,687.904
688.464,687.905
688.462,687.903
688.460,687.900
688.461,687.902
688.459,687.899
688.458,687.897
688.459,687.899
688.453,687.890
688.452,687.889
688.451,687.887
688.453,687.890
688.447,687.882
688.447,687.881
688.446,687.881
688.441,687.873
688.444,687.877
688.444,687.877
688.444,687.877
688.439,687.870
688.442,687.875
688.442,687.875
688.442,687.875
688.445,687.879
688.440,687.871
688.440,687.872
688.443,687.877
688.438,687.869
688.439,687.870
688.439,687.870
688.434,687.864
688.438,687.869
688.438,687.870
688.439,687.870
688.434,687.864
688.435,687.865
688.436,687.866
688.431,687.860
688.427,687.854
688.421,687.845
688.423,687.848
688.420,687.843
688.417,687.839
688.419,687.843
688.424,687.850
688.429,687.856
688.430,687.858
688.426,687.853
688.423,687.848
688.425,687.850
688.427,687.853
688.423,687.848
688.425,687.850
688.427,687.853
688.431,687.859
688.435,687.865
688.428,687.855
688.429,687.857
688.434,687.863
688.434,687.864
688.435,687.865
688.439,687.870
688.442,687.875
688.442,687.875
688.437,687.868
688.441,687.873
688.449,687.885
688.448,687.884
688.451,687.887
688.453,687.890
688.452,687.889
688.451,687.888
688.453,687.891
688.455,687.893
688.454,687.892
688.461,687.902
688.462,687.903
688.463,687.905
688.461,687.902
688.460,687.900
688.461,687.902
688.462,687.903
688.460,687.901
688.462,687.903
688.463,687.904
688.464,687.906
688.470,687.914
688.467,687.911
688.468,687.912
688.469,687.912
688.474,687.920
688.479,687.928
688.479,687.927
688.478,687.926
688.475,687.921
688.472,687.917
688.472,687.917
688.472,687.917
688.469,687.914
688.475,687.921
688.475,687.921
688.475,687.921
688.467,687.910
688.464,687.906
688.462,687.904
688.463,687.905
688.464,687.906
688.462,687.904
688.463,687.905
688.464,687.906
688.462,687.904
688.461,687.901
688.462,687.903
688.460,687.900
688.458,687.898
688.460,687.900
688.461,687.902
688.459,687.899
688.466,687.909
688.467,687.910
688.467,687.911
688.473,687.919
688.470,687.915
688.462,687.904
688.461,687.901
688.459,687.899
688.460,687.901
688.459,687.898
688.465,687.908
688.458,687.898
688.460,687.900
688.461,687.901
688.459,687.899
688.458,687.897
688.451,687.888
688.450,687.887
688.450,687.886
688.444,687.878
688.447,687.882
688.446,687.881
688.446,687.881
688.449,687.884
688.443,687.876
688.443,687.876
688.443,687.876
688.446,687.880
688.449,687.884
688.448,687.883
688.448,687.883
688.450,687.886
688.449,687.885
688.449,687.884
688.451,687.888
688.453,687.891
688.452,687.889
688.446,687.881
688.441,687.873
688.441,687.873
688.441,687.874
688.444,687.878
688.444,687.878
688.444,687.878
688.447,687.882
688.436,687.867
688.437,687.868
688.440,687.873
688.441,687.873
688.441,687.873
688.444,687.878
688.439,687.870
688.431,687.859
688.435,687.865
688.431,687.859
688.432,687.861
688.436,687.866
688.440,687.871
688.440,687.872
688.440,687.872
688.443,687.877
688.443,687.877
688.435,687.865
688.431,687.859
688.432,687.861
688.433,687.862
688.437,687.868
688.438,687.869
688.438,687.869
688.433,687.863
688.418,687.840
688.415,687.836
688.412,687.833
688.415,687.837
688.410,687.829
688.416,687.838
688.419,687.842
688.416,687.838
688.413,687.834
688.416,687.838
688.422,687.846
688.418,687.841
688.413,687.833
688.411,687.830
688.408,687.827
688.404,687.821
688.402,687.819
688.409,687.828
688.412,687.833
688.410,687.830
688.408,687.827
688.403,687.820
688.399,687.814
688.398,687.813
688.397,687.811
688.419,687.842
688.416,687.838
688.411,687.831
688.409,687.828
688.407,687.825
688.410,687.830
688.408,687.827
688.414,687.836
688.417,687.840
688.423,687.847
688.427,687.854
688.429,687.856
688.433,687.862
688.434,687.864
688.435,687.865
688.439,687.870
688.439,687.871
688.440,687.871
688.435,687.864
688.430,687.858
688.432,687.860
688.427,687.854
688.429,687.856
688.422,687.847
688.427,687.854
688.429,687.856
688.422,687.847
688.419,687.842
688.421,687.845
688.423,687.848
688.428,687.855
688.422,687.846
688.418,687.841
688.416,687.837
688.418,687.841
688.415,687.837
688.418,687.841
688.415,687.837
688.418,687.841
688.420,687.844
688.417,687.840
688.412,687.832
688.410,687.829
688.405,687.822
688.403,687.820
688.402,687.818
688.398,687.812
688.397,687.811
688.401,687.817
688.397,687.812
688.397,687.810
688.401,687.817
688.392,687.804
688.397,687.811
688.401,687.817
688.400,687.815
688.396,687.810
688.395,687.809
688.392,687.804
688.392,687.803
688.391,687.803
688.388,687.799
688.388,687.799
688.394,687.806
688.393,687.806
688.393,687.805
688.389,687.800
688.389,687.800
688.387,687.796
688.384,687.792
688.384,687.793
688.382,687.790
688.383,687.791
688.380,687.787
688.378,687.785
688.379,687.786
688.377,687.783
688.378,687.785
688.377,687.782
688.378,687.784
688.379,687.785
688.377,687.783
688.370,687.773
688.369,687.771
688.376,687.781
688.377,687.783
688.384,687.792
688.384,687.793
688.382,687.789
688.380,687.786
688.388,687.799
688.386,687.795
688.386,687.795
688.391,687.803
688.388,687.799
688.388,687.799
688.394,687.806
688.393,687.806
688.390,687.801
688.390,687.801
688.390,687.801
688.387,687.797
688.379,687.785
688.377,687.783
688.378,687.784
688.376,687.782
688.378,687.783
688.376,687.781
688.374,687.779
688.376,687.781
688.374,687.778
688.375,687.780
688.382,687.790
688.374,687.779
688.373,687.777
688.372,687.775
688.373,687.777
688.380,687.787
688.378,687.784
688.379,687.785
688.385,687.794
688.385,687.795
688.383,687.791
688.383,687.792
688.384,687.793
688.382,687.789
688.374,687.779
688.373,687.777
688.371,687.775
688.365,687.766
688.364,687.765
688.359,687.757
688.359,687.757
688.359,687.757
688.354,687.749
688.354,687.750
688.357,687.755
688.365,687.766
688.365,687.766
688.367,687.769
688.374,687.779
688.376,687.781
688.377,687.783
688.375,687.780
688.377,687.782
688.375,687.780
688.376,687.782
688.375,687.779
688.373,687.777
688.375,687.779
688.373,687.777
688.375,687.779
688.376,687.781
688.382,687.790
688.383,687.791
688.389,687.799
688.386,687.795
688.386,687.796
688.384,687.792
688.384,687.793
688.382,687.789
688.382,687.790
688.388,687.799
688.388,687.799
688.385,687.795
688.383,687.791
688.375,687.780
688.382,687.790
688.383,687.791
688.380,687.787
688.373,687.777
688.372,687.775
688.370,687.773
688.372,687.776
688.371,687.774
688.373,687.777
688.379,687.786
688.385,687.795
688.386,687.795
688.391,687.803
688.391,687.803
688.388,687.798
688.388,687.798
688.385,687.794
688.383,687.791
688.383,687.792
688.389,687.800
688.389,687.800
688.386,687.796
688.378,687.785
688.377,687.782
688.375,687.780
688.376,687.782
688.375,687.779
688.376,687.781
688.374,687.779
688.376,687.781
688.374,687.779
688.376,687.781
688.369,687.771
688.368,687.770
688.362,687.761
688.362,687.761
688.364,687.765
688.364,687.764
688.366,687.767
688.368,687.770
688.367,687.769
688.369,687.772
688.368,687.771
688.370,687.773
688.369,687.772
688.363,687.763
688.363,687.763
688.362,687.762
688.365,687.766
688.364,687.765
688.367,687.768
688.358,687.756
688.361,687.760
688.361,687.759
688.355,687.752
688.358,687.756
688.358,687.756
688.353,687.749
688.362,687.761
688.362,687.761
688.364,687.765
688.372,687.775
688.373,687.778
688.372,687.776
688.374,687.778
688.380,687.787
688.378,687.784
688.371,687.775
688.370,687.773
688.372,687.775
688.379,687.785
688.380,687.786
688.378,687.784
688.376,687.781
688.377,687.783
688.375,687.780
688.377,687.782
688.375,687.780
688.373,687.778
688.375,687.780
688.373,687.778
688.367,687.768
688.366,687.767
688.365,687.766
688.360,687.758
688.359,687.758
688.362,687.762
688.362,687.761
688.365,687.765
688.364,687.764
688.364,687.764
688.366,687.767
688.373,687.777
688.367,687.768
688.366,687.767
688.360,687.759
688.360,687.759
688.360,687.758
688.355,687.751
688.355,687.752
688.350,687.745
688.354,687.750
688.354,687.751
688.358,687.755
688.358,687.755
688.361,687.760
688.361,687.759
688.363,687.763
688.366,687.767
688.365,687.766
688.367,687.769
688.358,687.756
688.361,687.761
688.361,687.760
688.364,687.764
688.363,687.763
688.358,687.755
688.358,687.756
688.361,687.760
688.361,687.759
688.363,687.763
688.358,687.755
688.358,687.755
688.361,687.760
688.363,687.763
688.363,687.763
688.365,687.766
688.365,687.765
688.367,687.769
688.358,687.756
688.361,687.760
688.361,687.760
688.356,687.752
688.348,687.741
688.349,687.743
688.345,687.737
688.346,687.739
688.342,687.733
688.344,687.735
688.348,687.741
688.357,687.754
688.352,687.747
688.353,687.748
688.356,687.753
688.356,687.753
688.359,687.758
688.359,687.758
688.362,687.762
688.362,687.761
688.356,687.754
688.357,687.754
688.360,687.758
688.360,687.758
688.362,687.762
688.362,687.762
688.357,687.754
688.360,687.758
688.360,687.758
688.362,687.762
688.354,687.750
688.355,687.751
688.355,687.752
688.358,687.756
688.358,687.756
688.353,687.749
688.346,687.738
688.350,687.744
688.343,687.734
688.339,687.729
688.333,687.720
688.330,687.716
688.325,687.709
688.323,687.706
688.318,687.699
688.317,687.698
688.321,687.703
688.327,687.712
688.330,687.717
688.328,687.713
688.331,687.717
688.328,687.714
688.331,687.718
688.329,687.714
688.353,687.749
688.348,687.742
688.349,687.744
688.353,687.749
688.354,687.750
688.349,687.743
688.350,687.744
688.346,687.738
688.339,687.729
688.336,687.724
688.338,687.727
688.343,687.734
688.336,687.725
688.333,687.721
688.336,687.724
688.333,687.720
688.335,687.723
688.332,687.719
688.335,687.723
688.332,687.719
688.326,687.711
688.332,687.719
688.335,687.723
688.332,687.719
688.334,687.722
688.336,687.724
688.338,687.727
688.343,687.734
688.344,687.736
688.346,687.738
688.350,687.744
688.351,687.745
688.354,687.751
688.355,687.751
688.350,687.744
688.343,687.734
688.339,687.729
688.341,687.732
688.346,687.738
688.339,687.729
688.335,687.724
688.338,687.727
688.343,687.734
688.344,687.736
688.340,687.731
688.342,687.733
688.347,687.740
688.348,687.741
688.344,687.735
688.337,687.726
688.313,687.692
688.310,687.687
688.317,687.698
688.321,687.703
688.328,687.713
688.331,687.717
688.328,687.713
688.323,687.706
688.321,687.704
688.317,687.697
688.324,687.707
688.319,687.700
688.318,687.698
688.321,687.704
688.320,687.702
688.324,687.707
688.330,687.716
688.325,687.708
688.323,687.706
688.326,687.711
688.321,687.704
688.325,687.709
688.320,687.702
688.316,687.696
688.315,687.694
688.314,687.693
688.310,687.688
688.309,687.687
688.306,687.682
688.306,687.682
688.303,687.678
688.303,687.678
688.300,687.674
688.306,687.682
688.314,687.693
688.310,687.688
688.301,687.676
688.299,687.672
688.299,687.673
688.297,687.669
688.298,687.670
688.295,687.667
688.293,687.664
688.294,687.666
688.293,687.663
688.294,687.665
688.300,687.673
688.300,687.674
688.306,687.682
688.306,687.682
688.311,687.689
688.307,687.684
688.312,687.691
688.309,687.686
688.308,687.685
688.305,687.681
688.297,687.669
688.289,687.659
688.288,687.657
688.290,687.659
688.288,687.657
688.287,687.655
688.280,687.646
688.280,687.645
688.282,687.648
688.281,687.647
688.289,687.658
688.290,687.660
688.289,687.658
688.290,687.660
688.297,687.669
688.303,687.678
688.303,687.678
688.308,687.685
688.308,687.685
688.305,687.680
688.305,687.680
688.310,687.687
688.309,687.687
688.306,687.682
688.303,687.678
688.303,687.678
688.300,687.674
688.301,687.675
688.298,687.671
688.296,687.668
688.297,687.669
688.303,687.677
688.303,687.678
688.300,687.674
688.300,687.674
688.298,687.671
688.296,687.668
688.297,687.669
688.302,687.677
688.303,687.677
688.300,687.674
688.300,687.674
688.298,687.671
688.299,687.672
688.299,687.672
688.297,687.669
688.289,687.659
688.288,687.657
688.287,687.655
688.288,687.657
688.287,687.655
688.289,687.658
688.287,687.656
688.286,687.654
688.288,687.656
688.295,687.666
688.296,687.667
688.302,687.676
688.302,687.676
688.299,687.673
688.305,687.681
688.305,687.680
688.302,687.676
688.294,687.665
688.300,687.674
688.309,687.686
688.305,687.681
688.303,687.677
688.303,687.678
688.300,687.674
688.292,687.663
688.299,687.672
688.299,687.673
688.297,687.669
688.295,687.666
688.293,687.663
688.299,687.672
688.300,687.673
688.297,687.670
688.298,687.671
688.296,687.668
688.294,687.665
688.295,687.666
688.293,687.663
688.294,687.665
688.300,687.674
688.300,687.674
688.298,687.671
688.296,687.668
688.288,687.657
688.287,687.655
688.281,687.646
688.280,687.645
688.280,687.645
688.274,687.637
688.274,687.637
688.266,687.625
688.262,687.619
688.263,687.621
688.267,687.627
688.267,687.628
688.271,687.633
688.271,687.633
688.280,687.645
688.282,687.648
688.289,687.659
688.291,687.661
688.289,687.658
688.299,687.672
688.304,687.680
688.304,687.680
688.302,687.676
688.302,687.676
688.299,687.672
688.305,687.680
688.305,687.680
688.302,687.676
688.310,687.688
688.307,687.683
688.307,687.683
688.312,687.690
688.308,687.685
688.308,687.684
688.304,687.680
688.304,687.680
688.302,687.676
688.299,687.672
688.291,687.662
688.290,687.659
688.291,687.661
688.290,687.659
688.291,687.661
688.289,687.659
688.288,687.657
688.290,687.659
688.288,687.657
688.290,687.659
688.283,687.650
688.282,687.648
688.284,687.651
688.291,687.661
688.293,687.663
688.291,687.661
688.284,687.651
688.283,687.650
688.282,687.649
688.284,687.652
688.283,687.650
688.283,687.649
688.277,687.641
688.276,687.640
688.271,687.633
688.271,687.633
688.272,687.633
688.267,687.626
688.267,687.627
688.271,687.632
688.274,687.637
688.274,687.637
688.269,687.630
688.269,687.630
688.270,687.631
688.265,687.624
688.266,687.626
688.270,687.631
688.270,687.631
688.271,687.632
688.274,687.636
688.274,687.637
688.277,687.641
688.276,687.640
688.276,687.640
688.279,687.644
688.287,687.655
688.288,687.657
688.287,687.655
688.281,687.646
688.275,687.638
688.275,687.638
688.278,687.642
688.277,687.641
688.280,687.645
688.282,687.648
688.281,687.647
688.284,687.650
688.283,687.649
688.285,687.652
688.284,687.651
688.283,687.649
688.285,687.652
688.284,687.651
688.286,687.654
688.285,687.652
688.287,687.655
688.288,687.657
688.287,687.655
688.289,687.658
688.287,687.656
688.289,687.658
688.290,687.660
688.289,687.658
688.290,687.660
688.289,687.658
688.290,687.660
688.289,687.658
688.287,687.656
688.289,687.658
688.280,687.645
688.282,687.648
688.281,687.647
688.281,687.646
688.283,687.649
688.282,687.648
688.281,687.647
688.283,687.650
688.283,687.649
688.285,687.652
688.284,687.651
688.278,687.642
688.277,687.641
688.277,687.641
688.272,687.633
688.272,687.634
688.264,687.623
688.260,687.617
688.261,687.619
688.263,687.621
688.266,687.626
688.267,687.627
688.271,687.632
688.274,687.637
688.274,687.637
688.277,687.641
688.277,687.641
688.276,687.640
688.279,687.644
688.279,687.643
688.281,687.647
688.272,687.635
688.273,687.635
688.276,687.639
688.275,687.639
688.278,687.643
688.270,687.631
688.270,687.631
688.273,687.636
688.266,687.625
688.266,687.626
688.270,687.631
688.270,687.632
688.274,687.636
688.274,687.636
688.274,687.636
688.277,687.641
688.276,687.640
688.279,687.644
688.281,687.647
688.281,687.646
688.283,687.650
688.282,687.648
688.284,687.651
688.283,687.650
688.283,687.649
688.277,687.640
688.276,687.640
688.276,687.640
688.279,687.644
688.278,687.643
688.281,687.647
688.280,687.646
688.272,687.634
688.275,687.638
688.283,687.649
688.282,687.648
688.276,687.640
688.276,687.640
688.271,687.632
688.266,687.625
688.267,687.626
688.270,687.631
688.279,687.643
688.278,687.643
688.273,687.635
688.273,687.635
688.276,687.640
688.276,687.639
688.276,687.639
688.278,687.643
688.278,687.643
688.281,687.646
688.275,687.638
688.275,687.638
688.269,687.630
688.270,687.631
688.273,687.636
688.268,687.628
688.261,687.618
688.265,687.624
688.260,687.618
688.262,687.620
688.258,687.614
688.259,687.616
688.264,687.622
688.265,687.624
688.266,687.625
688.261,687.619
688.263,687.621
688.264,687.622
688.265,687.624
688.266,687.625
688.261,687.619
688.263,687.621
688.266,687.626
688.262,687.620
688.263,687.622
688.267,687.627
688.268,687.628
688.271,687.633
688.272,687.633
688.272,687.634
688.267,687.627
688.268,687.628
688.268,687.629
688.272,687.634
688.272,687.634
688.275,687.638
688.275,687.638
688.270,687.631
688.270,687.631
688.271,687.632
688.274,687.636
688.282,687.648
688.284,687.651
688.283,687.650
688.285,687.653
688.287,687.655
688.286,687.654
688.288,687.656
688.294,687.666
688.292,687.663
688.286,687.653
688.284,687.652
688.286,687.654
688.285,687.653
688.276,687.640
688.279,687.644
688.278,687.643
688.281,687.647
688.280,687.646
688.282,687.649
688.282,687.648
688.289,687.658
688.291,687.660
688.289,687.658
688.290,687.660
688.284,687.651
688.283,687.649
688.277,687.641
688.277,687.641
688.276,687.640
688.279,687.644
688.279,687.643
688.281,687.647
688.280,687.646
688.280,687.645
688.282,687.648
688.281,687.647
688.276,687.639
688.276,687.639
688.270,687.631
688.273,687.636
688.274,687.636
688.276,687.640
688.276,687.640
688.276,687.640
688.284,687.651
688.283,687.650
688.285,687.653
688.292,687.662
688.293,687.664
688.292,687.662
688.293,687.663
688.286,687.654
688.285,687.652
688.279,687.643
688.278,687.643
688.278,687.642
688.280,687.646
688.280,687.645
688.274,687.637
688.274,687.637
688.277,687.641
688.277,687.641
688.279,687.644
688.291,687.661
688.284,687.651
688.291,687.661
688.290,687.659
688.283,687.650
688.282,687.649
688.284,687.652
688.283,687.650
688.283,687.649
688.277,687.641
688.276,687.640
688.271,687.633
688.271,687.633
688.272,687.633
688.267,687.626
688.259,687.616
688.261,687.618
688.257,687.613
688.259,687.615
688.260,687.617
688.264,687.623
688.265,687.624
688.261,687.618
688.270,687.632
688.271,687.632
688.274,687.637
688.269,687.629
688.261,687.619
688.257,687.613
688.254,687.608
688.256,687.611
688.257,687.613
688.262,687.620
688.263,687.621
688.259,687.616
688.263,687.622
688.264,687.623
688.268,687.629
688.269,687.629
688.264,687.623
688.265,687.624
688.266,687.625
688.270,687.631
688.270,687.631
688.273,687.636
688.276,687.640
688.276,687.640
688.271,687.632
688.271,687.633
688.263,687.622
688.251,687.604
688.256,687.612
688.266,687.625
688.270,687.631
688.270,687.631
688.271,687.632
688.274,687.636
688.274,687.637
688.274,687.637
688.269,687.629
688.269,687.630
688.273,687.635
688.268,687.628
688.260,687.617
688.253,687.608
688.258,687.615
688.260,687.617
688.261,687.619
688.265,687.625
688.258,687.614
688.260,687.617
688.256,687.611
688.250,687.602
688.252,687.606
688.257,687.613
688.238,687.586
688.236,687.584
688.235,687.581
688.239,687.587
688.245,687.596
688.242,687.592
688.237,687.585
688.233,687.579
688.232,687.577
688.228,687.571
688.224,687.566
688.232,687.577
688.228,687.571
688.232,687.578
688.231,687.576
688.235,687.582
688.234,687.580
688.232,687.578
688.236,687.584
688.235,687.581
688.233,687.579
688.237,687.585
688.244,687.594
688.247,687.598
688.249,687.602
688.254,687.609
688.256,687.612
688.258,687.614
688.254,687.609
688.248,687.600
688.243,687.592
688.240,687.589
688.244,687.594
688.239,687.587
688.245,687.596
688.248,687.599
688.242,687.592
688.240,687.589
688.235,687.582
688.239,687.587
688.237,687.585
688.235,687.582
688.239,687.588
688.237,687.585
688.241,687.590
688.244,687.594
688.242,687.591
688.237,687.584
688.240,687.589
688.238,687.586
688.237,687.584
688.232,687.578
688.239,687.587
688.234,687.581
688.230,687.575
688.226,687.569
688.226,687.568
688.230,687.575
688.226,687.569
688.226,687.569
688.222,687.564
688.219,687.559
688.216,687.555
688.217,687.556
688.214,687.552
688.220,687.560
688.217,687.556
688.209,687.545
688.215,687.554
688.213,687.550
688.214,687.551
688.214,687.552
688.212,687.549
688.218,687.557
688.215,687.554
688.216,687.554
688.221,687.562
688.226,687.569
688.226,687.568
688.222,687.564
688.227,687.571
688.226,687.569
688.226,687.569
688.222,687.564
688.222,687.563
688.222,687.563
688.219,687.559
688.224,687.566
688.224,687.566
688.223,687.565
688.228,687.572
688.225,687.567
688.221,687.562
688.221,687.562
688.218,687.558
688.215,687.554
688.224,687.566
688.223,687.565
688.220,687.561
688.225,687.568
688.225,687.567
688.221,687.562
688.219,687.558
688.216,687.554
688.216,687.555
688.216,687.555
688.206,687.540
688.212,687.550
688.210,687.547
688.203,687.536
688.202,687.535
688.201,687.533
688.202,687.536
688.204,687.538
688.203,687.536
688.204,687.538
688.206,687.540
688.204,687.538
688.203,687.536
688.205,687.538
688.203,687.536
688.210,687.546
688.216,687.555
688.208,687.544
688.207,687.541
688.205,687.539
688.206,687.541
688.213,687.550
688.211,687.547
688.212,687.548
688.212,687.550
688.210,687.547
688.208,687.544
688.206,687.541
688.208,687.543
688.206,687.541
688.204,687.538
688.203,687.536
688.205,687.539
688.206,687.541
688.205,687.538
688.203,687.536
688.205,687.539
688.211,687.548
688.209,687.545
688.208,687.543
688.209,687.544
688.210,687.546
688.208,687.543
688.206,687.541
688.205,687.539
688.206,687.541
688.204,687.538
688.211,687.548
688.217,687.556
688.217,687.557
688.215,687.553
688.212,687.550
688.202,687.535
688.196,687.526
688.198,687.529
688.197,687.528
688.189,687.516
688.181,687.505
688.182,687.506
688.185,687.511
688.180,687.504
688.181,687.506
688.182,687.507
688.178,687.500
688.174,687.495
688.175,687.497
688.177,687.499
688.170,687.489
688.166,687.485
688.163,687.480
688.166,687.484
688.160,687.476
688.155,687.468
688.161,687.477
688.159,687.474
688.162,687.478
688.156,687.470
688.159,687.475
688.165,687.483
688.170,687.490
688.172,687.493
688.182,687.506
688.183,687.508
688.178,687.501
688.182,687.507
688.183,687.508
688.175,687.497
688.177,687.499
688.181,687.505
688.177,687.499
688.170,687.489
688.172,687.492
688.165,687.483
688.168,687.486
688.162,687.478
688.167,687.486
688.169,687.489
688.171,687.491
688.176,687.498
688.172,687.492
688.174,687.495
688.175,687.497
688.169,687.488
688.173,687.494
688.175,687.497
688.176,687.499
688.178,687.501
688.182,687.506
688.177,687.500
688.170,687.490
688.172,687.493
688.174,687.495
688.178,687.501
688.174,687.495
688.176,687.498
688.177,687.499
688.170,687.490
688.172,687.493
688.174,687.495
688.170,687.490
688.172,687.492
688.166,687.483
688.168,687.487
688.162,687.478
688.165,687.482
688.159,687.474
688.157,687.471
688.155,687.468
688.150,687.461
688.146,687.455
688.150,687.461
688.157,687.471
688.155,687.468
688.153,687.465
688.148,687.459
688.144,687.453
688.148,687.459
688.147,687.457
688.154,687.467
688.152,687.464
688.148,687.458
688.144,687.452
688.140,687.447
688.137,687.443
688.142,687.450
688.141,687.449
688.141,687.448
688.140,687.447
688.137,687.443
688.134,687.438
688.131,687.434
688.137,687.442
688.134,687.438
688.134,687.438
688.134,687.439
688.139,687.446
688.136,687.441
688.141,687.449
688.138,687.444
688.138,687.444
688.145,687.455
688.152,687.465
688.148,687.458
688.152,687.464
688.148,687.458
688.144,687.452
688.143,687.451
688.142,687.450
688.141,687.449
688.141,687.448
688.137,687.443
688.142,687.450
688.139,687.446
688.136,687.441
688.133,687.437
688.130,687.433
688.136,687.441
688.136,687.441
688.136,687.441
688.133,687.437
688.130,687.433
688.136,687.441
688.141,687.449
688.146,687.455
688.153,687.465
688.151,687.463
688.149,687.461
688.145,687.455
688.142,687.449
688.138,687.444
688.143,687.451
688.131,687.435
688.129,687.432
688.130,687.432
688.130,687.433
688.128,687.430
688.126,687.427
688.124,687.424
688.122,687.422
688.120,687.419
688.119,687.417
688.118,687.416
688.117,687.414
688.118,687.416
688.125,687.426
688.131,687.435
688.137,687.443
688.134,687.438
688.131,687.435
688.129,687.431
688.129,687.432
688.130,687.433
688.136,687.441
688.141,687.448
688.137,687.443
688.134,687.439
688.132,687.435
688.137,687.443
688.137,687.443
688.137,687.443
688.142,687.450
688.138,687.445
688.143,687.452
688.148,687.458
688.152,687.464
688.155,687.469
688.153,687.466
688.152,687.464
688.147,687.457
688.143,687.452
688.148,687.458
688.144,687.452
688.140,687.447
688.137,687.443
688.137,687.442
688.136,687.442
688.136,687.442
688.133,687.438
688.131,687.434
688.136,687.442
688.136,687.442
688.136,687.442
688.136,687.441
688.133,687.437
688.138,687.445
688.143,687.452
688.148,687.458
688.147,687.456
688.145,687.455
688.144,687.453
688.141,687.448
688.137,687.443
688.134,687.439
688.132,687.435
688.132,687.436
688.124,687.425
688.133,687.438
688.139,687.445
688.135,687.441
688.133,687.437
688.138,687.444
688.135,687.440
688.127,687.428
688.128,687.430
688.128,687.431
688.121,687.420
688.122,687.422
688.121,687.420
688.127,687.429
688.125,687.426
688.123,687.423
688.122,687.421
688.120,687.419
688.127,687.428
688.127,687.429
688.128,687.430
688.129,687.431
688.137,687.443
688.142,687.451
688.139,687.446
688.136,687.441
688.133,687.437
688.130,687.433
688.136,687.441
688.133,687.437
688.133,687.438
688.133,687.438
688.139,687.445
688.144,687.452
688.140,687.447
688.140,687.447
688.147,687.457
688.146,687.456
688.145,687.454
688.149,687.460
688.145,687.454
688.141,687.449
688.141,687.448
688.140,687.447
688.140,687.447
688.139,687.446
688.144,687.453
688.148,687.459
688.152,687.465
688.159,687.474
688.157,687.471
688.154,687.468
688.153,687.465
688.156,687.470
688.159,687.475
688.154,687.467
688.150,687.461
688.145,687.455
688.150,687.461
688.145,687.455
688.144,687.453
688.135,687.441
688.135,687.441
688.135,687.441
688.121,687.420
688.114,687.411
688.108,687.402
688.111,687.406
688.113,687.409
688.107,687.401
688.110,687.404
688.112,687.408
688.112,687.407
688.111,687.406
688.110,687.405
688.110,687.405
688.110,687.404
688.109,687.403
688.109,687.403
688.109,687.403
688.116,687.413
688.115,687.412
688.114,687.411
688.108,687.402
688.111,687.406
688.113,687.409
688.107,687.401
688.102,687.393
688.102,687.393
688.111,687.406
688.111,687.405
688.110,687.405
688.110,687.404
688.112,687.408
688.111,687.407
688.111,687.406
688.110,687.405
688.110,687.405
688.109,687.404
688.109,687.403
688.101,687.392
688.101,687.392
688.102,687.393
688.097,687.386
688.092,687.380
688.088,687.374
688.093,687.380
688.094,687.382
688.095,687.383
688.096,687.385
688.097,687.386
688.098,687.387
688.099,687.388
688.102,687.393
688.077,687.358
688.072,687.351
688.075,687.355
688.073,687.352
688.071,687.349
688.069,687.346
688.067,687.344
688.065,687.341
688.064,687.339
688.063,687.338
688.070,687.347
688.068,687.345
688.066,687.342
688.073,687.352
688.070,687.349
688.069,687.346
688.067,687.343
688.057,687.330
688.065,687.340
688.063,687.338
688.062,687.337
688.058,687.331
688.063,687.338
688.059,687.332
688.055,687.327
688.060,687.334
688.064,687.340
688.060,687.334
688.056,687.329
688.053,687.324
688.058,687.331
688.063,687.337
688.067,687.343
688.070,687.348
688.074,687.353
688.077,687.358
688.080,687.361
688.082,687.365
688.076,687.357
688.079,687.361
688.082,687.364
688.084,687.368
688.086,687.370
688.080,687.362
688.082,687.365
688.084,687.368
688.086,687.371
688.080,687.362
688.083,687.366
688.088,687.373
688.089,687.375
688.086,687.370
688.087,687.373
688.089,687.375
688.091,687.377
688.092,687.379
688.085,687.370
688.079,687.361
688.082,687.365
688.076,687.356
688.071,687.349
688.074,687.354
688.077,687.358
688.072,687.350
688.075,687.355
688.070,687.348
688.076,687.356
688.082,687.364
688.079,687.360
688.076,687.356
688.082,687.364
688.084,687.368
688.078,687.359
688.080,687.363
688.078,687.359
688.083,687.366
688.080,687.362
688.077,687.358
688.075,687.354
688.080,687.362
688.077,687.358
688.083,687.366
688.085,687.369
688.079,687.361
688.081,687.364
688.084,687.367
688.081,687.363
688.075,687.355
688.073,687.352
688.078,687.360
688.081,687.364
688.083,687.367
688.077,687.359
688.080,687.362
688.083,687.366
688.085,687.369
688.079,687.360
688.081,687.364
688.076,687.356
688.078,687.360
688.081,687.364
688.075,687.355
688.070,687.348
688.065,687.342
688.061,687.336
688.065,687.342
688.069,687.347
688.073,687.352
688.068,687.345
688.071,687.350
688.075,687.355
688.078,687.359
688.072,687.351
688.075,687.356
688.070,687.348
688.065,687.342
688.069,687.347
688.073,687.352
688.068,687.345
688.063,687.339
688.059,687.333
688.056,687.328
688.055,687.327
688.055,687.326
688.060,687.333
688.056,687.328
688.061,687.335
688.060,687.333
688.059,687.332
688.050,687.319
688.050,687.320
688.050,687.320
688.047,687.316
688.048,687.316
688.048,687.317
688.048,687.317
688.048,687.317
688.054,687.325
688.051,687.320
688.048,687.317
688.045,687.313
688.043,687.310
688.041,687.307
688.039,687.304
688.045,687.313
688.051,687.321
688.048,687.317
688.046,687.313
688.043,687.310
688.041,687.307
688.039,687.304
688.038,687.302
688.036,687.300
688.037,687.302
688.039,687.303
688.040,687.305
688.041,687.306
688.042,687.308
688.042,687.309
688.035,687.299
688.034,687.297
688.033,687.295
688.023,687.282
688.023,687.282
688.023,687.281
688.023,687.281
688.023,687.281
688.031,687.292
688.032,687.295
688.034,687.297
688.036,687.299
688.045,687.313
688.051,687.321
688.048,687.317
688.045,687.313
688.051,687.321
688.056,687.329
688.053,687.324
688.058,687.331
688.063,687.337
688.067,687.343
688.062,687.337
688.066,687.343
688.070,687.348
688.073,687.353
688.068,687.346
688.072,687.351
688.075,687.355
688.070,687.348
688.065,687.341
688.069,687.347
688.065,687.340
688.069,687.346
688.064,687.340
688.060,687.334
688.064,687.340
688.068,687.345
688.066,687.343
688.065,687.341
688.069,687.346
688.064,687.340
688.060,687.334
688.056,687.329
688.053,687.324
688.058,687.331
688.063,687.338
688.059,687.332
688.063,687.338
688.067,687.344
688.071,687.349
688.074,687.354
688.069,687.347
688.073,687.352
688.076,687.356
688.070,687.349
688.066,687.342
688.070,687.347
688.065,687.341
688.061,687.335
688.057,687.329
688.054,687.325
688.050,687.320
688.056,687.328
688.060,687.334
688.057,687.329
688.053,687.324
688.058,687.331
688.063,687.338
688.067,687.343
688.062,687.337
688.067,687.343
688.070,687.348
688.066,687.342
688.069,687.347
688.073,687.352
688.068,687.345
688.071,687.350
688.069,687.347
688.068,687.345
688.066,687.342
688.065,687.340
688.063,687.338
688.062,687.337
688.061,687.335
688.060,687.334
688.056,687.328
688.061,687.335
688.057,687.330
688.054,687.325
688.051,687.320
688.048,687.317
688.045,687.313
688.043,687.310
688.041,687.307
688.039,687.304
688.040,687.306
688.033,687.296
688.035,687.298
688.036,687.300
688.037,687.302
688.036,687.300
688.034,687.298
688.041,687.307
688.039,687.305
688.038,687.302
688.036,687.300
688.043,687.309
688.049,687.318
688.046,687.314
688.044,687.311
688.041,687.308
688.039,687.305
688.038,687.302
688.039,687.304
688.045,687.313
688.051,687.321
688.051,687.321
688.051,687.321
688.051,687.321
688.051,687.321
688.048,687.317
688.045,687.313
688.046,687.314
688.044,687.310
688.041,687.307
688.039,687.305
688.038,687.302
688.044,687.311
688.050,687.320
688.055,687.327
688.047,687.315
688.044,687.312
688.042,687.308
688.043,687.310
688.049,687.318
688.049,687.318
688.049,687.318
688.049,687.319
688.047,687.315
688.047,687.315
688.052,687.323
688.058,687.330
688.054,687.325
688.051,687.321
688.048,687.317
688.048,687.317
688.040,687.306
688.041,687.307
688.042,687.309
688.035,687.298
688.034,687.296
688.032,687.295
688.031,687.293
688.030,687.292
688.029,687.290
688.031,687.293
688.030,687.292
688.032,687.295
688.034,687.297
688.033,687.295
688.040,687.305
688.038,687.303
688.044,687.312
688.042,687.309
688.040,687.306
688.038,687.303
688.037,687.301
688.035,687.299
688.034,687.297
688.041,687.306
688.047,687.315
688.044,687.312
688.050,687.320
688.055,687.327
688.052,687.323
688.049,687.319
688.055,687.326
688.059,687.333
688.056,687.328
688.052,687.323
688.052,687.323
688.049,687.319
688.041,687.307
688.042,687.309
688.043,687.310
688.041,687.307
688.039,687.304
688.037,687.302
688.036,687.299
688.034,687.297
688.033,687.296
688.032,687.294
688.031,687.293
688.030,687.291
688.037,687.301
688.044,687.311
688.044,687.312
688.050,687.320
688.055,687.327
688.047,687.315
688.047,687.316
688.047,687.316
688.048,687.316
688.048,687.317
688.045,687.313
688.043,687.310
688.044,687.311
688.042,687.308
688.040,687.305
688.038,687.302
688.036,687.300
688.043,687.310
688.041,687.307
688.039,687.304
688.045,687.313
688.043,687.310
688.041,687.307
688.039,687.304
688.037,687.302
688.036,687.299
688.034,687.297
688.036,687.300
688.034,687.298
688.036,687.300
688.037,687.302
688.031,687.292
688.024,687.283
688.027,687.287
688.026,687.286
688.026,687.285
688.033,687.296
688.032,687.294
688.031,687.293
688.030,687.292
688.037,687.302
688.044,687.311
688.042,687.308
688.040,687.305
688.038,687.303
688.036,687.300
688.035,687.298
688.034,687.296
688.032,687.295
688.034,687.297
688.036,687.299
688.037,687.301
688.038,687.303
688.031,687.293
688.033,687.296
688.035,687.298
688.036,687.300
688.038,687.302
688.039,687.304
688.040,687.305
688.046,687.314
688.044,687.311
688.036,687.300
688.043,687.310
688.041,687.307
688.039,687.304
688.037,687.302
688.036,687.299
688.034,687.297
688.033,687.296
688.040,687.305
688.023,687.281
688.018,687.274
688.018,687.274
688.018,687.275
688.010,687.264
688.011,687.265
688.004,687.255
688.009,687.261
688.010,687.263
688.014,687.268
688.014,687.269
688.015,687.270
688.016,687.271
688.008,687.260
688.012,687.266
688.016,687.271
688.016,687.272
688.017,687.273
688.009,687.262
688.010,687.263
688.011,687.265
688.012,687.266
688.005,687.256
688.009,687.262
688.005,687.256
688.007,687.258
688.008,687.260
688.009,687.262
688.010,687.264
688.011,687.265
688.012,687.266
688.013,687.268
688.017,687.273
688.020,687.277
688.023,687.281
688.025,687.285
688.028,687.288
688.030,687.291
688.029,687.290
688.028,687.289
688.028,687.288
688.027,687.287
688.034,687.298
688.041,687.307
688.039,687.305
688.046,687.313
688.043,687.310
688.041,687.307
688.042,687.308
688.043,687.310
688.018,687.275
688.019,687.275
688.019,687.276
688.022,687.280
688.025,687.284
688.019,687.276
688.019,687.276
688.019,687.276
688.020,687.277
688.020,687.277
688.020,687.277
688.012,687.266
688.008,687.259
688.012,687.265
688.013,687.267
688.013,687.268
688.014,687.269
688.015,687.270
688.015,687.271
688.016,687.271
688.016,687.272
688.017,687.273
688.017,687.273
688.020,687.278
688.015,687.270
688.017,687.273
688.012,687.266
688.016,687.271
688.011,687.264
688.012,687.266
688.013,687.267
688.006,687.257
688.002,687.251
687.998,687.247
688.000,687.250
688.002,687.252
688.004,687.255
688.006,687.257
688.007,687.259
688.009,687.261
688.004,687.255
688.001,687.250
687.995,687.241
687.997,687.245
687.991,687.237
687.994,687.241
687.989,687.233
687.987,687.230
687.982,687.223
687.978,687.217
687.982,687.223
687.985,687.228
687.989,687.233
687.987,687.230
687.985,687.227
687.988,687.232
687.991,687.236
687.986,687.229
687.984,687.226
687.982,687.224
687.978,687.218
687.974,687.212
687.971,687.207
687.975,687.214
687.974,687.213
687.971,687.208
687.968,687.203
687.973,687.210
687.969,687.205
687.974,687.212
687.981,687.223
687.980,687.220
687.984,687.226
687.987,687.231
687.991,687.236
687.985,687.228
687.984,687.226
687.982,687.223
687.988,687.232
687.992,687.237
687.986,687.229
687.982,687.223
687.988,687.232
687.986,687.229
687.984,687.226
687.988,687.231
687.991,687.236
687.994,687.240
687.988,687.232
687.991,687.237
687.989,687.233
687.995,687.241
687.997,687.245
687.992,687.237
687.986,687.229
687.982,687.223
687.977,687.217
687.984,687.227
687.982,687.224
687.978,687.218
687.974,687.212
687.971,687.207
687.975,687.214
687.980,687.220
687.978,687.218
687.977,687.217
687.973,687.211
687.970,687.206
687.967,687.202
687.967,687.202
687.964,687.197
687.969,687.205
687.974,687.212
687.971,687.207
687.975,687.214
687.980,687.220
687.986,687.230
687.984,687.227
687.988,687.232
687.986,687.229
687.981,687.222
687.985,687.227
687.988,687.232
687.991,687.237
687.989,687.233
687.987,687.230
687.993,687.239
687.990,687.235
687.985,687.228
687.989,687.233
687.992,687.237
687.995,687.241
687.997,687.245
688.002,687.252
687.999,687.247
687.993,687.238
687.987,687.231
687.983,687.224
687.978,687.218
687.977,687.216
687.981,687.222
687.985,687.228
687.988,687.232
687.992,687.237
687.986,687.229
687.984,687.227
687.983,687.224
687.978,687.218
687.974,687.212
687.979,687.219
687.985,687.228
687.989,687.233
687.992,687.237
687.987,687.230
687.982,687.223
687.980,687.221
687.976,687.215
687.972,687.210
687.969,687.205
687.966,687.201
687.966,687.201
687.966,687.201
687.963,687.197
687.961,687.193
687.958,687.190
687.956,687.187
687.957,687.188
687.955,687.185
687.962,687.194
687.967,687.202
687.972,687.210
687.977,687.216
687.976,687.215
687.980,687.221
687.984,687.226
687.988,687.231
687.983,687.224
687.986,687.230
687.984,687.227
687.988,687.232
687.983,687.225
687.987,687.230
687.990,687.235
687.985,687.227
687.983,687.225
687.987,687.230
687.990,687.235
687.993,687.239
687.996,687.243
687.993,687.239
687.990,687.235
687.988,687.232
687.991,687.236
687.994,687.240
687.988,687.233
687.992,687.237
687.986,687.229
687.990,687.234
687.987,687.231
687.985,687.228
687.981,687.221
687.984,687.227
687.980,687.220
687.976,687.215
687.983,687.225
687.981,687.222
687.985,687.228
687.988,687.233
687.992,687.237
687.994,687.241
687.992,687.237
687.997,687.245
687.994,687.241
687.997,687.244
687.999,687.248
687.993,687.239
687.991,687.235
687.996,687.243
687.999,687.247
687.995,687.242
687.998,687.246
688.000,687.249
688.002,687.252
688.004,687.254
688.000,687.249
687.997,687.245
687.999,687.248
687.993,687.239
687.988,687.232
687.991,687.236
687.986,687.229
687.984,687.226
687.979,687.220
687.983,687.225
687.987,687.231
687.990,687.235
687.993,687.239
687.991,687.236
687.988,687.232
687.983,687.225
687.987,687.230
687.990,687.235
687.993,687.239
687.990,687.235
687.996,687.243
688.001,687.251
687.995,687.242
687.998,687.245
688.000,687.249
687.997,687.244
688.002,687.251
688.006,687.258
688.010,687.264
688.003,687.254
687.997,687.245
687.999,687.248
688.001,687.251
687.998,687.246
687.995,687.242
687.997,687.245
688.000,687.248
688.002,687.251
688.004,687.254
688.005,687.256
688.010,687.262
688.005,687.256
688.007,687.259
688.008,687.260
688.001,687.251
687.995,687.242
687.998,687.246
687.995,687.241
687.989,687.233
687.984,687.226
687.980,687.220
687.984,687.226
687.982,687.223
687.980,687.221
687.979,687.219
687.983,687.225
687.987,687.230
687.990,687.234
687.988,687.231
687.994,687.240
687.996,687.243
687.999,687.247
688.001,687.250
688.003,687.253
687.996,687.244
688.001,687.251
688.003,687.254
688.005,687.256
688.007,687.258
688.008,687.260
688.001,687.251
687.995,687.242
687.992,687.238
687.998,687.246
688.000,687.249
688.002,687.252
688.004,687.254
688.005,687.257
688.007,687.259
688.000,687.249
688.005,687.256
688.001,687.251
688.003,687.253
688.005,687.256
688.006,687.258
688.008,687.260
688.009,687.262
688.010,687.263
688.014,687.269
688.018,687.274
688.010,687.263
688.003,687.253
688.005,687.255
688.006,687.258
688.002,687.252
687.999,687.247
687.993,687.239
687.988,687.231
687.991,687.236
687.988,687.232
687.983,687.225
687.979,687.219
687.983,687.225
687.979,687.218
687.983,687.224
687.989,687.233
687.992,687.238
687.987,687.230
687.990,687.235
687.993,687.239
687.990,687.235
687.985,687.228
687.983,687.225
687.987,687.231
687.982,687.224
687.986,687.229
687.992,687.238
687.990,687.234
687.984,687.227
687.988,687.232
687.991,687.236
687.986,687.229
687.984,687.226
687.982,687.224
687.978,687.218
687.974,687.212
687.971,687.207
687.970,687.206
687.970,687.206
687.977,687.217
687.982,687.223
687.977,687.217
687.981,687.222
687.977,687.216
687.976,687.215
687.975,687.213
687.974,687.212
687.979,687.219
687.975,687.213
687.971,687.208
687.968,687.203
687.968,687.203
687.967,687.203
687.973,687.210
687.977,687.217
687.973,687.211
687.978,687.217
687.977,687.216
687.973,687.210
687.977,687.217
687.982,687.223
687.980,687.221
687.979,687.219
687.978,687.217
687.982,687.223
687.977,687.217
687.974,687.211
687.973,687.210
687.977,687.217
687.974,687.211
687.978,687.218
687.974,687.212
687.979,687.218
687.985,687.228
687.981,687.222
687.985,687.227
687.980,687.221
687.979,687.219
687.975,687.213
687.971,687.208
687.968,687.203
687.965,687.199
687.965,687.199
687.962,687.195
687.968,687.203
687.965,687.199
687.965,687.199
687.962,687.195
687.968,687.203
687.965,687.199
687.962,687.195
687.960,687.192
687.960,687.193
687.958,687.189
687.956,687.187
687.957,687.188
687.963,687.196
687.963,687.197
687.969,687.205
687.974,687.212
687.978,687.218
687.977,687.216
687.981,687.222
687.985,687.228
687.980,687.221
687.976,687.215
687.967,687.203
687.964,687.198
687.970,687.206
687.975,687.213
687.974,687.212
687.971,687.208
687.971,687.207
687.967,687.203
687.965,687.199
687.962,687.195
687.962,687.195
687.968,687.203
687.965,687.199
687.962,687.195
687.968,687.203
687.968,687.203
687.965,687.199
687.962,687.195
687.960,687.192
687.960,687.192
687.966,687.201
687.963,687.197
687.961,687.193
687.958,687.190
687.964,687.198
687.965,687.199
687.965,687.199
687.970,687.206
687.975,687.213
687.979,687.220
687.980,687.220
687.979,687.218
687.977,687.217
687.982,687.223
687.977,687.217
687.973,687.211
687.965,687.199
687.962,687.195
687.960,687.192
687.957,687.188
687.963,687.197
687.964,687.197
687.961,687.194
687.959,687.190
687.957,687.187
687.958,687.189
687.958,687.190
687.956,687.187
687.954,687.184
687.953,687.182
687.959,687.191
687.960,687.192
687.966,687.200
687.963,687.196
687.960,687.193
687.973,687.210
687.972,687.209
687.969,687.204
687.974,687.211
687.978,687.218
687.974,687.212
687.973,687.211
687.970,687.206
687.967,687.202
687.964,687.198
687.961,687.194
687.962,687.195
687.962,687.195
687.960,687.192
687.957,687.189
687.956,687.186
687.956,687.187
687.955,687.185
687.953,687.182
687.951,687.180
687.953,687.182
687.954,687.184
687.960,687.193
687.950,687.178
687.943,687.169
687.939,687.163
687.942,687.166
687.941,687.166
687.941,687.165
687.935,687.157
687.938,687.161
687.941,687.165
687.948,687.176
687.947,687.174
687.946,687.173
687.940,687.164
687.940,687.163
687.939,687.163
687.942,687.167
687.936,687.158
687.936,687.158
687.944,687.170
687.946,687.173
687.945,687.171
687.945,687.170
687.944,687.169
687.946,687.172
687.940,687.163
687.939,687.163
687.939,687.163
687.939,687.162
687.941,687.166
687.941,687.165
687.941,687.165
687.943,687.168
687.945,687.171
687.944,687.170
687.944,687.169
687.943,687.168
687.945,687.171
687.944,687.170
687.944,687.169
687.943,687.168
687.945,687.171
687.947,687.174
687.946,687.173
687.945,687.171
687.939,687.163
687.939,687.162
687.939,687.162
687.938,687.162
687.941,687.165
687.943,687.169
687.943,687.168
687.942,687.167
687.944,687.170
687.944,687.169
687.943,687.168
687.942,687.167
687.945,687.170
687.939,687.162
687.938,687.162
687.938,687.161
687.941,687.165
687.940,687.164
687.940,687.164
687.940,687.164
687.942,687.167
687.942,687.166
687.941,687.166
687.941,687.165
687.940,687.164
687.935,687.157
687.935,687.157
687.927,687.146
687.923,687.139
687.924,687.141
687.925,687.143
687.926,687.145
687.930,687.150
687.931,687.151
687.931,687.152
687.935,687.156
687.935,687.156
687.943,687.168
687.942,687.167
687.945,687.170
687.944,687.169
687.943,687.168
687.943,687.168
687.937,687.159
687.937,687.159
687.937,687.159
687.939,687.163
687.934,687.155
687.934,687.156
687.934,687.156
687.937,687.160
687.937,687.160
687.929,687.149
687.925,687.142
687.926,687.144
687.927,687.145
687.936,687.158
687.936,687.158
687.939,687.162
687.939,687.162
687.938,687.162
687.933,687.154
687.933,687.154
687.934,687.155
687.934,687.155
687.929,687.148
687.930,687.149
687.930,687.150
687.934,687.155
687.926,687.144
687.927,687.145
687.923,687.139
687.916,687.130
687.918,687.132
687.912,687.124
687.917,687.131
687.919,687.134
687.920,687.136
687.925,687.142
687.926,687.144
687.927,687.145
687.928,687.147
687.923,687.140
687.925,687.142
687.926,687.144
687.930,687.149
687.930,687.150
687.931,687.151
687.923,687.140
687.927,687.146
687.928,687.147
687.929,687.148
687.924,687.142
687.926,687.143
687.927,687.145
687.928,687.146
687.931,687.151
687.926,687.145
687.919,687.135
687.921,687.137
687.917,687.132
687.919,687.134
687.921,687.137
687.925,687.143
687.926,687.144
687.919,687.134
687.921,687.137
687.917,687.131
687.919,687.134
687.921,687.136
687.922,687.138
687.918,687.133
687.920,687.135
687.922,687.138
687.923,687.140
687.927,687.146
687.928,687.147
687.937,687.159
687.932,687.152
687.932,687.153
687.932,687.153
687.928,687.146
687.923,687.140
687.924,687.142
687.926,687.143
687.927,687.145
687.922,687.139
687.924,687.141
687.925,687.142
687.929,687.148
687.932,687.153
687.933,687.154
687.933,687.154
687.936,687.159
687.936,687.159
687.928,687.147
687.921,687.137
687.922,687.139
687.916,687.130
687.918,687.132
687.922,687.139
687.924,687.141
687.925,687.143
687.921,687.137
687.922,687.139
687.924,687.141
687.920,687.135
687.924,687.141
687.925,687.143
687.926,687.145
687.927,687.146
687.923,687.140
687.924,687.141
687.925,687.143
687.929,687.149
687.933,687.154
687.933,687.154
687.925,687.143
687.926,687.145
687.927,687.146
687.936,687.159
687.944,687.170
687.938,687.162
687.941,687.165
687.949,687.176
687.947,687.174
687.954,687.184
687.956,687.186
687.954,687.183
687.952,687.181
687.945,687.171
687.945,687.170
687.952,687.181
687.950,687.178
687.949,687.177
687.951,687.179
687.941,687.166
687.941,687.165
687.940,687.164
687.943,687.168
687.937,687.160
687.937,687.160
687.937,687.160
687.937,687.160
687.929,687.148
687.922,687.138
687.918,687.132
687.919,687.135
687.913,687.126
687.918,687.133
687.920,687.135
687.913,687.126
687.918,687.133
687.920,687.136
687.922,687.138
687.918,687.133
687.920,687.135
687.921,687.137
687.923,687.139
687.919,687.134
687.920,687.136
687.922,687.138
687.923,687.140
687.927,687.146
687.920,687.136
687.922,687.138
687.923,687.140
687.927,687.146
687.928,687.147
687.929,687.148
687.932,687.153
687.933,687.154
687.933,687.154
687.926,687.143
687.921,687.137
687.915,687.128
687.917,687.131
687.913,687.126
687.908,687.118
687.910,687.122
687.908,687.118
687.910,687.122
687.913,687.125
687.915,687.129
687.912,687.124
687.914,687.127
687.916,687.130
687.921,687.137
687.914,687.128
687.909,687.119
687.911,687.123
687.908,687.119
687.911,687.123
687.914,687.126
687.918,687.133
687.912,687.124
687.914,687.128
687.919,687.135
687.921,687.137
687.922,687.139
687.924,687.141
687.928,687.147
687.929,687.148
687.929,687.149
687.925,687.142
687.926,687.144
687.927,687.145
687.928,687.147
687.931,687.152
687.924,687.141
687.925,687.143
687.918,687.133
687.920,687.135
687.913,687.126
687.916,687.129
687.920,687.136
687.922,687.138
687.923,687.140
687.925,687.142
687.920,687.136
687.922,687.138
687.923,687.140
687.919,687.135
687.916,687.129
687.926,687.144
687.927,687.145
687.930,687.150
687.931,687.151
687.932,687.152
687.927,687.145
687.928,687.147
687.921,687.136
687.922,687.138
687.918,687.133
687.920,687.135
687.913,687.126
687.910,687.122
687.913,687.125
687.915,687.129
687.917,687.132
687.922,687.138
687.918,687.133
687.920,687.135
687.921,687.137
687.917,687.132
687.919,687.135
687.913,687.125
687.910,687.121
687.915,687.129
687.917,687.132
687.919,687.134
687.923,687.140
687.925,687.142
687.926,687.144
687.927,687.145
687.928,687.147
687.921,687.136
687.914,687.127
687.911,687.123
687.913,687.126
687.916,687.129
687.912,687.125
687.915,687.128
687.917,687.131
687.919,687.134
687.920,687.136
687.925,687.142
687.926,687.144
687.927,687.145
687.923,687.139
687.924,687.141
687.925,687.143
687.926,687.144
687.919,687.134
687.916,687.129
687.918,687.132
687.919,687.135
687.916,687.130
687.910,687.121
687.912,687.125
687.909,687.120
687.904,687.113
687.907,687.117
687.913,687.125
687.907,687.117
687.910,687.121
687.915,687.128
687.917,687.131
687.911,687.123
687.908,687.119
687.906,687.115
687.909,687.119
687.911,687.123
687.908,687.119
687.911,687.123
687.913,687.126
687.918,687.133
687.920,687.136
687.914,687.127
687.919,687.134
687.920,687.136
687.914,687.127
687.919,687.134
687.921,687.136
687.922,687.138
687.926,687.144
687.927,687.146
687.928,687.147
687.929,687.148
687.924,687.142
687.928,687.147
687.929,687.148
687.930,687.149
687.933,687.154
687.934,687.155
687.934,687.155
687.926,687.144
687.927,687.146
687.928,687.147
687.932,687.152
687.932,687.153
687.924,687.142
687.920,687.136
687.917,687.131
687.918,687.133
687.920,687.136
687.922,687.138
687.923,687.140
687.919,687.134
687.921,687.137
687.922,687.139
687.918,687.133
687.915,687.128
687.909,687.120
687.906,687.116
687.909,687.120
687.912,687.124
687.917,687.131
687.919,687.134
687.912,687.125
687.915,687.128
687.920,687.135
687.913,687.126
687.915,687.129
687.917,687.132
687.922,687.138
687.915,687.129
687.917,687.132
687.922,687.138
687.923,687.140
687.925,687.142
687.929,687.148
687.929,687.149
687.930,687.150
687.933,687.155
687.934,687.155
687.934,687.155
687.934,687.156
687.935,687.156
687.935,687.156
687.935,687.157
687.927,687.145
687.928,687.147
687.929,687.148
687.932,687.153
687.935,687.157
687.928,687.146
687.928,687.147
687.927,687.145
687.923,687.139
687.916,687.130
687.918,687.132
687.920,687.135
687.921,687.137
687.923,687.139
687.924,687.141
687.925,687.143
687.926,687.145
687.930,687.150
687.931,687.151
687.931,687.152
687.927,687.145
687.927,687.146
687.928,687.147
687.924,687.141
687.928,687.147
687.921,687.136
687.914,687.127
687.919,687.134
687.913,687.125
687.907,687.117
687.904,687.114
687.899,687.106
687.917,687.132
687.914,687.127
687.908,687.118
687.911,687.122
687.913,687.126
687.910,687.122
687.913,687.125
687.910,687.121
687.904,687.113
687.899,687.106
687.906,687.115
687.900,687.108
687.904,687.113
687.899,687.106
687.903,687.111
687.898,687.104
687.896,687.102
687.900,687.107
687.895,687.101
687.891,687.095
687.896,687.101
687.892,687.095
687.891,687.094
687.887,687.089
687.886,687.088
687.908,687.118
687.911,687.122
687.913,687.126
687.915,687.129
687.917,687.132
687.906,687.115
687.909,687.120
687.906,687.116
687.901,687.109
687.896,687.102
687.900,687.108
687.898,687.105
687.902,687.110
687.900,687.107
687.904,687.112
687.907,687.117
687.904,687.113
687.899,687.106
687.895,687.100
687.894,687.098
687.898,687.104
687.893,687.098
687.892,687.096
687.888,687.091
687.893,687.097
687.892,687.096
687.888,687.090
687.885,687.085
687.884,687.085
687.881,687.081
687.878,687.077
687.884,687.085
687.881,687.080
687.881,687.080
687.878,687.076
687.884,687.084
687.884,687.084
687.889,687.091
687.893,687.098
687.900,687.107
687.896,687.101
687.891,687.095
687.890,687.094
687.898,687.104
687.901,687.109
687.905,687.114
687.902,687.111
687.898,687.104
687.896,687.102
687.900,687.107
687.895,687.101
687.894,687.099
687.893,687.097
687.897,687.103
687.895,687.101
687.891,687.095
687.888,687.090
687.895,687.100
687.899,687.106
687.897,687.103
687.896,687.101
687.900,687.107
687.903,687.112
687.898,687.105
687.902,687.110
687.900,687.107
687.895,687.101
687.899,687.106
687.903,687.111
687.901,687.108
687.904,687.113
687.907,687.118
687.902,687.110
687.897,687.103
687.896,687.101
687.900,687.107
687.903,687.112
687.901,687.109
687.896,687.102
687.892,687.096
687.891,687.095
687.888,687.090
687.887,687.089
687.884,687.084
687.881,687.080
687.886,687.087
687.893,687.098
687.898,687.104
687.893,687.098
687.892,687.096
687.896,687.102
687.900,687.107
687.896,687.101
687.891,687.095
687.888,687.090
687.887,687.089
687.884,687.084
687.884,687.084
687.889,687.091
687.885,687.086
687.882,687.082
687.879,687.078
687.877,687.074
687.874,687.071
687.872,687.068
687.873,687.069
687.879,687.078
687.877,687.074
687.874,687.071
687.880,687.079
687.877,687.075
687.883,687.083
687.880,687.079
687.880,687.079
687.878,687.075
687.883,687.083
687.888,687.091
687.885,687.086
687.882,687.081
687.882,687.081
687.879,687.077
687.879,687.078
687.885,687.085
687.881,687.081
687.881,687.081
687.879,687.077
687.879,687.077
687.887,687.089
687.884,687.084
687.881,687.080
687.881,687.080
687.878,687.076
687.884,687.084
687.881,687.080
687.878,687.076
687.878,687.076
687.876,687.073
687.873,687.070
687.871,687.067
687.878,687.076
687.878,687.076
687.876,687.073
687.873,687.069
687.874,687.071
687.872,687.068
687.870,687.065
687.868,687.062
687.867,687.060
687.874,687.070
687.872,687.067
687.872,687.068
687.870,687.065
687.869,687.063
687.870,687.065
687.868,687.062
687.875,687.071
687.875,687.072
687.873,687.069
687.874,687.070
687.880,687.079
687.877,687.075
687.875,687.072
687.873,687.069
687.871,687.066
687.869,687.063
687.867,687.061
687.866,687.059
687.867,687.061
687.869,687.063
687.867,687.061
687.866,687.059
687.872,687.068
687.879,687.077
687.879,687.077
687.884,687.085
687.881,687.081
687.878,687.077
687.884,687.085
687.889,687.092
687.886,687.087
687.882,687.082
687.882,687.082
687.879,687.078
687.885,687.086
687.882,687.081
687.879,687.077
687.884,687.085
687.889,687.092
687.894,687.099
687.885,687.085
687.881,687.081
687.881,687.081
687.887,687.088
687.883,687.084
687.880,687.079
687.886,687.087
687.883,687.083
687.882,687.082
687.880,687.078
687.880,687.078
687.877,687.075
687.875,687.071
687.875,687.072
687.873,687.069
687.871,687.066
687.869,687.064
687.868,687.061
687.866,687.059
687.865,687.057
687.866,687.060
687.865,687.058
687.864,687.056
687.865,687.058
687.864,687.057
687.871,687.066
687.869,687.064
687.876,687.073
687.876,687.074
687.877,687.074
687.874,687.071
687.880,687.079
687.886,687.087
687.883,687.082
687.882,687.082
687.880,687.078
687.877,687.075
687.875,687.071
687.872,687.068
687.870,687.065
687.869,687.063
687.867,687.061
687.868,687.063
687.875,687.072
687.873,687.069
687.871,687.066
687.877,687.075
687.875,687.071
687.873,687.068
687.871,687.066
687.872,687.067
687.870,687.064
687.868,687.062
687.875,687.071
687.873,687.068
687.871,687.066
687.869,687.063
687.867,687.061
687.869,687.063
687.867,687.061
687.868,687.062
687.867,687.060
687.860,687.051
687.862,687.054
687.861,687.052
687.860,687.051
687.860,687.050
687.867,687.060
687.865,687.058
687.872,687.068
687.873,687.069
687.871,687.066
687.869,687.064
687.870,687.065
687.869,687.063
687.870,687.065
687.868,687.062
687.861,687.052
687.852,687.040
687.852,687.040
687.847,687.032
687.848,687.033
687.851,687.038
687.851,687.038
687.851,687.038
687.851,687.038
687.851,687.038
687.851,687.038
687.851,687.038
687.851,687.038
687.852,687.039
687.852,687.039
687.852,687.039
687.852,687.039
687.854,687.043
687.854,687.042
687.862,687.054
687.861,687.052
687.860,687.051
687.862,687.054
687.861,687.052
687.855,687.044
687.855,687.043
687.857,687.047
687.860,687.050
687.867,687.060
687.860,687.051
687.859,687.050
687.862,687.053
687.861,687.051
687.860,687.050
687.859,687.049
687.858,687.048
687.858,687.047
687.857,687.047
687.857,687.046
687.856,687.045
687.856,687.045
687.856,687.044
687.855,687.044
687.858,687.047
687.857,687.047
687.857,687.046
687.851,687.038
687.851,687.038
687.854,687.042
687.854,687.042
687.854,687.042
687.854,687.041
687.853,687.041
687.853,687.041
687.853,687.041
687.853,687.041
687.853,687.041
687.853,687.041
687.853,687.040
687.853,687.040
687.855,687.044
687.855,687.044
687.855,687.043
687.857,687.047
687.857,687.046
687.859,687.049
687.867,687.060
687.865,687.058
687.864,687.056
687.871,687.066
687.877,687.075
687.869,687.064
687.868,687.062
687.869,687.063
687.867,687.061
687.866,687.059
687.873,687.069
687.871,687.066
687.877,687.075
687.875,687.071
687.873,687.068
687.871,687.066
687.869,687.063
687.870,687.065
687.868,687.062
687.870,687.064
687.871,687.066
687.869,687.063
687.870,687.065
687.868,687.062
687.870,687.064
687.876,687.073
687.874,687.070
687.872,687.067
687.870,687.064
687.868,687.062
687.875,687.071
687.873,687.068
687.871,687.066
687.869,687.063
687.870,687.065
687.868,687.062
687.867,687.060
687.876,687.073
687.882,687.082
687.879,687.078
687.879,687.078
687.885,687.086
687.882,687.081
687.882,687.081
687.887,687.089
687.883,687.084
687.883,687.083
687.880,687.079
687.880,687.079
687.886,687.087
687.883,687.083
687.882,687.082
687.880,687.078
687.885,687.086
687.882,687.082
687.879,687.078
687.879,687.078
687.877,687.074
687.882,687.082
687.890,687.094
687.895,687.100
687.891,687.094
687.890,687.093
687.886,687.088
687.891,687.094
687.890,687.093
687.886,687.088
687.883,687.083
687.883,687.083
687.888,687.090
687.893,687.097
687.889,687.092
687.888,687.091
687.885,687.086
687.884,687.085
687.889,687.092
687.894,687.099
687.893,687.097
687.889,687.091
687.885,687.087
687.882,687.082
687.879,687.078
687.877,687.074
687.874,687.071
687.880,687.079
687.878,687.076
687.875,687.072
687.873,687.069
687.871,687.066
687.880,687.079
687.877,687.075
687.883,687.083
687.883,687.083
687.888,687.090
687.887,687.089
687.887,687.088
687.891,687.095
687.891,687.094
687.887,687.089
687.884,687.084
687.883,687.084
687.880,687.079
687.880,687.079
687.880,687.080
687.878,687.076
687.883,687.084
687.880,687.079
687.878,687.076
687.878,687.076
687.884,687.084
687.881,687.080
687.881,687.080
687.878,687.076
687.875,687.073
687.876,687.073
687.882,687.081
687.879,687.077
687.884,687.085
687.889,687.092
687.889,687.091
687.888,687.090
687.893,687.097
687.897,687.103
687.893,687.097
687.897,687.103
687.895,687.101
687.899,687.106
687.903,687.111
687.906,687.116
687.901,687.108
687.904,687.113
687.902,687.110
687.897,687.103
687.901,687.109
687.899,687.106
687.903,687.111
687.898,687.104
687.902,687.109
687.908,687.118
687.910,687.122
687.908,687.118
687.902,687.111
687.898,687.104
687.885,687.086
687.890,687.093
687.889,687.092
687.894,687.098
687.890,687.093
687.889,687.091
687.885,687.087
687.890,687.093
687.889,687.092
687.886,687.087
687.883,687.083
687.880,687.079
687.880,687.079
687.885,687.086
687.882,687.082
687.890,687.093
687.886,687.088
687.886,687.087
687.893,687.098
687.890,687.092
687.894,687.099
687.890,687.093
687.886,687.088
687.894,687.099
687.890,687.093
687.883,687.083
687.880,687.078
687.869,687.063
687.862,687.054
687.861,687.052
687.863,687.055
687.862,687.054
687.869,687.064
687.870,687.065
687.869,687.063
687.870,687.064
687.868,687.062
687.867,687.060
687.873,687.069
687.879,687.078
687.877,687.074
687.877,687.075
687.875,687.072
687.875,687.072
687.873,687.069
687.871,687.066
687.872,687.068
687.878,687.076
687.884,687.084
687.884,687.084
687.882,687.081
687.882,687.081
687.887,687.089
687.886,687.088
687.883,687.083
687.880,687.079
687.877,687.075
687.875,687.072
687.881,687.080
687.886,687.088
687.891,687.095
687.887,687.089
687.887,687.088
687.886,687.088
687.891,687.094
687.890,687.093
687.886,687.088
687.883,687.083
687.883,687.083
687.880,687.079
687.880,687.079
687.878,687.075
687.875,687.072
687.881,687.080
687.881,687.080
687.886,687.088
687.883,687.083
687.888,687.090
687.893,687.097
687.897,687.103
687.895,687.101
687.891,687.095
687.888,687.090
687.884,687.085
687.881,687.081
687.881,687.081
687.878,687.077
687.884,687.085
687.884,687.084
687.881,687.080
687.878,687.076
687.878,687.076
687.884,687.084
687.889,687.091
687.888,687.090
687.885,687.086
687.884,687.085
687.884,687.085
687.889,687.092
687.894,687.098
687.892,687.096
687.889,687.091
687.885,687.086
687.882,687.082
687.887,687.089
687.892,687.096
687.891,687.094
687.895,687.100
687.894,687.098
687.890,687.093
687.894,687.099
687.890,687.093
687.895,687.100
687.899,687.105
687.897,687.103
687.893,687.097
687.900,687.107
687.895,687.100
687.899,687.106
687.897,687.104
687.893,687.097
687.889,687.092
687.888,687.091
687.893,687.097
687.889,687.092
687.896,687.102
687.900,687.108
687.898,687.105
687.894,687.099
687.890,687.093
687.886,687.088
687.883,687.083
687.880,687.079
687.880,687.079
687.886,687.087
687.883,687.082
687.880,687.078
687.877,687.075
687.883,687.083
687.891,687.094
687.895,687.100
687.891,687.094
687.890,687.093
687.886,687.088
687.891,687.095
687.890,687.093
687.895,687.099
687.899,687.105
687.897,687.103
687.893,687.097
687.889,687.091
687.885,687.086
687.882,687.082
687.882,687.082
687.879,687.078
687.877,687.074
687.877,687.075
687.875,687.071
687.872,687.068
687.879,687.077
687.884,687.085
687.884,687.084
687.881,687.080
687.878,687.076
687.870,687.065
687.869,687.063
687.859,687.049
687.853,687.041
687.853,687.041
687.848,687.033
687.856,687.045
687.856,687.045
687.850,687.037
687.850,687.037
687.851,687.037
687.853,687.041
687.853,687.041
687.856,687.045
687.856,687.044
687.858,687.048
687.860,687.051
687.859,687.050
687.867,687.060
687.868,687.062
687.875,687.071
687.872,687.068
687.879,687.077
687.876,687.073
687.882,687.082
687.879,687.078
687.885,687.085
687.884,687.085
687.881,687.081
687.878,687.077
687.879,687.077
687.876,687.073
687.874,687.070
687.880,687.079
687.877,687.075
687.883,687.083
687.883,687.083
687.880,687.079
687.877,687.075
687.870,687.064
687.876,687.073
687.874,687.070
687.874,687.071
687.872,687.068
687.873,687.069
687.879,687.078
687.877,687.074
687.874,687.071
687.872,687.068
687.878,687.076
687.879,687.077
687.876,687.073
687.877,687.074
687.874,687.071
687.872,687.068
687.873,687.069
687.871,687.066
687.877,687.075
687.878,687.076
687.883,687.083
687.888,687.091
687.888,687.090
687.884,687.085
687.884,687.085
687.881,687.080
687.886,687.088
687.878,687.076
687.875,687.072
687.881,687.080
687.878,687.077
687.876,687.073
687.876,687.074
687.882,687.082
687.874,687.070
687.875,687.071
687.881,687.080
687.881,687.080
687.878,687.076
687.875,687.073
687.876,687.073
687.874,687.070
687.874,687.071
687.875,687.072
687.873,687.069
687.871,687.066
687.869,687.064
687.868,687.061
687.866,687.059
687.865,687.057
687.866,687.059
687.865,687.058
687.864,687.056
687.865,687.058
687.864,687.056
687.866,687.059
687.872,687.068
687.871,687.066
687.872,687.067
687.870,687.064
687.876,687.073
687.882,687.081
687.882,687.081
687.879,687.077
687.879,687.078
687.877,687.074
687.874,687.071
687.875,687.072
687.873,687.069
687.871,687.066
687.872,687.067
687.878,687.076
687.875,687.073
687.884,687.085
687.889,687.092
687.888,687.091
687.885,687.086
687.882,687.082
687.887,687.089
687.884,687.084
687.881,687.080
687.881,687.080
687.878,687.076
687.884,687.084
687.889,687.091
687.893,687.098
687.889,687.092
687.886,687.087
687.883,687.083
687.880,687.079
687.877,687.075
687.878,687.075
687.875,687.072
687.881,687.080
687.878,687.076
687.876,687.073
687.873,687.070
687.874,687.071
687.880,687.079
687.877,687.075
687.878,687.076
687.875,687.072
687.881,687.081
687.881,687.081
687.886,687.088
687.883,687.083
687.880,687.079
687.878,687.076
687.878,687.076
687.875,687.073
687.881,687.081
687.881,687.081
687.879,687.077
687.876,687.073
687.874,687.070
687.872,687.067
687.870,687.065
687.868,687.062
687.875,687.071
687.873,687.068
687.879,687.077
687.876,687.073
687.874,687.070
687.872,687.067
687.878,687.076
687.884,687.084
687.883,687.084
687.883,687.083
687.880,687.079
687.886,687.087
687.885,687.086
687.890,687.093
687.894,687.099
687.893,687.098
687.897,687.103
687.893,687.097
687.889,687.092
687.886,687.087
687.882,687.082
687.882,687.082
687.888,687.090
687.884,687.085
687.889,687.092
687.886,687.087
687.882,687.082
687.888,687.090
687.892,687.096
687.883,687.083
687.880,687.079
687.878,687.075
687.875,687.072
687.881,687.080
687.878,687.076
687.884,687.084
687.881,687.080
687.881,687.080
687.878,687.076
687.878,687.077
687.876,687.073
687.876,687.074
687.874,687.070
687.864,687.056
687.866,687.058
687.864,687.057
687.858,687.048
687.857,687.047
687.852,687.039
687.852,687.039
687.852,687.039
687.852,687.039
687.844,687.027
687.836,687.017
687.838,687.019
687.839,687.021
687.841,687.023
687.836,687.017
687.838,687.019
687.831,687.010
687.833,687.013
687.835,687.015
687.839,687.021
687.841,687.023
687.844,687.029
687.845,687.030
687.849,687.034
687.849,687.035
687.849,687.035
687.852,687.040
687.844,687.028
687.848,687.033
687.840,687.022
687.844,687.028
687.837,687.018
687.838,687.020
687.840,687.022
687.841,687.023
687.842,687.025
687.843,687.026
687.844,687.028
687.845,687.029
687.845,687.030
687.846,687.031
687.847,687.032
687.847,687.032
687.856,687.044
687.858,687.048
687.858,687.047
687.860,687.050
687.859,687.049
687.858,687.048
687.861,687.051
687.860,687.050
687.862,687.053
687.861,687.052
687.855,687.043
687.863,687.054
687.862,687.053
687.869,687.063
687.867,687.061
687.874,687.070
687.880,687.078
687.877,687.075
687.877,687.075
687.875,687.072
687.873,687.069
687.871,687.066
687.869,687.064
687.868,687.061
687.866,687.059
687.865,687.057
687.866,687.059
687.865,687.058
687.858,687.048
687.850,687.036
687.853,687.040
687.855,687.044
687.847,687.032
687.850,687.037
687.851,687.037
687.853,687.041
687.853,687.041
687.853,687.041
687.853,687.041
687.853,687.041
687.856,687.045
687.855,687.044
687.847,687.032
687.847,687.033
687.848,687.033
687.848,687.034
687.849,687.035
687.852,687.039
687.852,687.039
687.852,687.039
687.852,687.039
687.852,687.039
687.847,687.032
687.847,687.032
687.850,687.037
687.851,687.037
687.843,687.026
687.844,687.027
687.844,687.029
687.845,687.030
687.846,687.031
687.849,687.035
687.849,687.036
687.852,687.040
687.863,687.055
687.870,687.065
687.863,687.055
687.862,687.054
687.869,687.064
687.876,687.073
687.873,687.070
687.874,687.071
687.872,687.068
687.870,687.065
687.871,687.066
687.869,687.064
687.876,687.073
687.874,687.070
687.872,687.067
687.872,687.068
687.870,687.065
687.877,687.074
687.877,687.075
687.875,687.072
687.875,687.072
687.873,687.069
687.871,687.066
687.869,687.064
687.868,687.062
687.861,687.052
687.860,687.051
687.859,687.050
687.859,687.049
687.866,687.059
687.867,687.061
687.874,687.071
687.880,687.079
687.877,687.075
687.875,687.072
687.873,687.069
687.871,687.066
687.869,687.064
687.862,687.054
687.861,687.052
687.855,687.044
687.855,687.043
687.846,687.031
687.847,687.032
687.848,687.033
687.848,687.034
687.840,687.023
687.836,687.017
687.846,687.030
687.849,687.035
687.852,687.039
687.860,687.051
687.862,687.054
687.861,687.052
687.857,687.047
687.852,687.039
687.852,687.039
687.852,687.039
687.852,687.039
687.860,687.050
687.862,687.053
687.861,687.052
687.860,687.051
687.859,687.050
687.851,687.037
687.845,687.030
687.846,687.031
687.847,687.032
687.847,687.032
687.848,687.033
687.851,687.038
687.843,687.026
687.839,687.020
687.840,687.022
687.841,687.024
687.837,687.018
687.838,687.020
687.840,687.022
687.844,687.027
687.841,687.023
687.842,687.025
687.843,687.026
687.846,687.031
687.847,687.032
687.847,687.033
687.843,687.026
687.852,687.039
687.852,687.039
687.852,687.039
687.846,687.031
687.847,687.032
687.847,687.033
687.848,687.033
687.848,687.034
687.843,687.027
687.844,687.028
687.848,687.033
687.848,687.034
687.851,687.038
687.851,687.038
687.854,687.042
687.854,687.042
687.854,687.042
687.854,687.042
687.854,687.041
687.853,687.041
687.853,687.041
687.853,687.041
687.853,687.041
687.853,687.041
687.853,687.041
687.848,687.033
687.848,687.034
687.843,687.027
687.844,687.028
687.847,687.033
687.848,687.033
687.848,687.034
687.841,687.023
687.842,687.025
687.837,687.019
687.839,687.021
687.835,687.015
687.836,687.017
687.838,687.019
687.839,687.021
687.835,687.015
687.832,687.010
687.833,687.013
687.835,687.016
687.840,687.022
687.833,687.012
687.837,687.018
687.831,687.009
687.836,687.016
687.837,687.018
687.841,687.024
687.842,687.026
687.838,687.019
687.839,687.021
687.841,687.023
687.834,687.013
687.827,687.004
687.830,687.008
687.832,687.011
687.837,687.017
687.838,687.020
687.842,687.025
687.843,687.027
687.839,687.020
687.832,687.011
687.826,687.002
687.828,687.006
687.831,687.009
687.828,687.005
687.830,687.008
687.832,687.011
687.834,687.014
687.836,687.016
687.837,687.018
687.839,687.020
687.843,687.026
687.844,687.027
687.839,687.021
687.840,687.023
687.836,687.017
687.838,687.019
687.842,687.025
687.843,687.026
687.844,687.028
687.845,687.029
687.845,687.030
687.846,687.031
687.839,687.020
687.832,687.011
687.834,687.013
687.827,687.004
687.830,687.008
687.827,687.003
687.829,687.007
687.834,687.014
687.828,687.005
687.825,687.001
687.827,687.004
687.833,687.012
687.834,687.014
687.836,687.017
687.838,687.019
687.831,687.010
687.833,687.012
687.830,687.007
687.832,687.010
687.828,687.006
687.831,687.009
687.833,687.012
687.834,687.014
687.836,687.017
687.830,687.008
687.824,686.999
687.826,687.003
687.829,687.007
687.823,686.998
687.826,687.002
687.831,687.010
687.833,687.013
687.830,687.008
687.832,687.011
687.836,687.017
687.830,687.008
687.835,687.015
687.836,687.017
687.830,687.008
687.824,687.000
687.827,687.003
687.829,687.007
687.823,686.999
687.818,686.991
687.813,686.984
687.817,686.990
687.820,686.994
687.818,686.991
687.813,686.984
687.809,686.978
687.813,686.984
687.809,686.978
687.805,686.972
687.809,686.979
687.813,686.985
687.812,686.982
687.816,686.988
687.822,686.997
687.825,687.001
687.822,686.997
687.817,686.990
687.815,686.987
687.818,686.992
687.822,686.996
687.825,687.000
687.819,686.993
687.814,686.986
687.818,686.991
687.813,686.984
687.809,686.978
687.813,686.984
687.817,686.989
687.815,686.987
687.818,686.992
687.816,686.989
687.812,686.982
687.810,686.980
687.814,686.986
687.810,686.979
687.806,686.974
687.810,686.980
687.806,686.974
687.811,686.981
687.815,686.986
687.810,686.980
687.814,686.986
687.810,686.979
687.808,686.978
687.805,686.972
687.801,686.967
687.806,686.974
687.802,686.969
687.794,686.957
687.791,686.953
687.800,686.965
687.805,686.972
687.801,686.967
687.806,686.974
687.805,686.973
687.810,686.979
687.808,686.978
687.805,686.972
687.809,686.978
687.813,686.984
687.812,686.982
687.815,686.987
687.814,686.985
687.809,686.979
687.813,686.985
687.809,686.978
687.805,686.973
687.802,686.968
687.801,686.967
687.798,686.963
687.803,686.970
687.800,686.965
687.797,686.961
687.794,686.957
687.791,686.953
687.792,686.954
687.790,686.951
687.796,686.959
687.801,686.967
687.806,686.974
687.810,686.980
687.806,686.974
687.811,686.981
687.809,686.979
687.805,686.973
687.802,686.968
687.801,686.967
687.798,686.963
687.795,686.959
687.801,686.966
687.797,686.962
687.803,686.969
687.807,686.976
687.804,686.971
687.803,686.970
687.808,686.976
687.812,686.982
687.808,686.976
687.804,686.971
687.795,686.959
687.801,686.966
687.800,686.966
687.797,686.961
687.789,686.950
687.795,686.959
687.795,686.959
687.792,686.955
687.798,686.963
687.803,686.970
687.800,686.966
687.797,686.961
687.797,686.961
687.802,686.969
687.807,686.975
687.803,686.970
687.808,686.977
687.804,686.971
687.801,686.966
687.797,686.962
687.797,686.962
687.803,686.969
687.799,686.965
687.804,686.972
687.801,686.967
687.806,686.974
687.810,686.980
687.806,686.974
687.805,686.973
687.810,686.979
687.814,686.985
687.817,686.990
687.813,686.983
687.811,686.981
687.807,686.975
687.803,686.970
687.800,686.965
687.792,686.954
687.789,686.950
687.787,686.948
687.793,686.956
687.791,686.953
687.789,686.950
687.787,686.947
687.785,686.944
687.778,686.934
687.777,686.933
687.776,686.932
687.775,686.931
687.775,686.930
687.777,686.933
687.776,686.931
687.775,686.930
687.782,686.941
687.781,686.939
687.780,686.937
687.779,686.935
687.780,686.938
687.787,686.947
687.788,686.949
687.786,686.946
687.787,686.947
687.793,686.956
687.791,686.953
687.789,686.949
687.787,686.947
687.785,686.944
690.092,690.212
694.450,696.383
695.591,697.999
697.087,700.117
697.051,700.066
697.097,700.131
697.120,700.164
697.026,700.030
696.423,699.176
696.462,699.233
696.302,699.006
696.210,698.875
695.355,697.664
695.180,697.416
695.121,697.333
695.047,697.228
694.330,696.212
694.113,695.905
693.476,695.003
693.368,694.850
693.303,694.758
693.182,694.587
692.585,693.742
692.455,693.557
692.325,693.373
691.735,692.538
691.562,692.293
691.463,692.153
691.369,692.020
691.294,691.914
691.305,691.929
691.893,692.762
691.854,692.706
691.841,692.687
691.921,692.802
693.247,694.679
693.423,694.929
694.145,695.950
694.743,696.798
694.746,696.802
695.425,697.764
695.215,697.466
695.144,697.366
695.086,697.284
695.033,697.208
695.028,697.201
695.024,697.196
695.034,697.210
695.019,697.188
695.006,697.170
695.006,697.170
695.766,698.246
695.920,698.464
696.536,699.337
696.733,699.616
697.691,700.973
697.782,701.101
697.668,700.939
697.676,700.951
697.609,700.856
696.937,699.905
696.910,699.867
696.744,699.631
696.758,699.651
696.206,698.869
696.160,698.805
696.001,698.579
695.099,697.302
695.052,697.236
694.499,696.451
694.539,696.508
694.494,696.446
694.417,696.337
694.353,696.245
694.285,696.149
693.607,695.189
693.581,695.152
693.543,695.099
693.448,694.964
693.345,694.817
693.268,694.708
692.755,693.982
692.624,693.798
692.523,693.654
692.440,693.537
692.362,693.426
692.278,693.307
692.204,693.201
692.134,693.104
691.397,692.059
691.308,691.933
691.278,691.891
691.232,691.826
691.193,691.771
691.152,691.712
691.116,691.662
691.082,691.613
691.039,691.552
691.008,691.508
690.972,691.457
690.938,691.409
690.909,691.368
690.883,691.332
690.852,691.288
690.817,691.237
690.785,691.193
690.752,691.146
690.719,691.099
690.698,691.069
690.674,691.035
690.644,690.993
690.623,690.963
690.590,690.916
690.557,690.870
690.528,690.829
690.505,690.796
690.480,690.761
690.458,690.730
690.439,690.702
690.421,690.677
690.397,690.643
690.375,690.612
690.355,690.584
690.329,690.547
690.305,690.513
690.276,690.472
690.258,690.446
690.233,690.411
690.210,690.379
690.182,690.339
690.160,690.307
690.136,690.274
690.115,690.244
690.088,690.205
690.063,690.170
690.041,690.139
690.020,690.110
690.002,690.084
689.977,690.049
689.963,690.029
689.950,690.011
689.931,689.983
689.921,689.969
689.912,689.956
689.896,689.934
689.881,689.913
689.868,689.895
689.865,689.889
689.853,689.873
689.843,689.858
689.833,689.845
689.825,689.833
689.817,689.822
689.810,689.812
689.804,689.803
689.798,689.795
689.785,689.776
689.781,689.770
689.777,689.765
689.774,689.761
689.763,689.745
689.753,689.731
689.752,689.730
689.743,689.717
689.735,689.706
689.736,689.707
689.737,689.708
689.737,689.709
689.730,689.698
689.723,689.689
689.717,689.680
689.716,689.679
689.711,689.671
689.714,689.676
689.716,689.680
689.719,689.683
689.713,689.675
689.708,689.668
689.711,689.672
689.715,689.677
689.709,689.669
689.704,689.662
689.708,689.668
689.703,689.661
689.699,689.655
689.703,689.661
689.699,689.655
689.695,689.649
689.700,689.656
689.696,689.650
689.700,689.657
689.705,689.663
689.708,689.668
689.704,689.661
689.699,689.655
689.700,689.657
689.732,689.702
689.733,689.703
689.734,689.705
689.735,689.706
689.736,689.707
689.737,689.708
689.737,689.709
689.738,689.710
689.738,689.711
689.739,689.711
689.739,689.712
689.740,689.712
689.748,689.724
689.748,689.724
689.747,689.723
689.747,689.723
689.747,689.722
689.746,689.722
689.746,689.721
689.754,689.732
689.753,689.731
689.752,689.730
689.751,689.729
689.750,689.728
689.750,689.727
689.788,689.781
689.792,689.786
689.795,689.791
689.790,689.784
689.794,689.789
689.797,689.794
689.800,689.798
689.803,689.802
689.797,689.794
689.800,689.798
689.795,689.790
689.790,689.783
689.793,689.789
689.789,689.782
689.784,689.776
689.780,689.770
689.777,689.765
689.774,689.761
689.771,689.757
689.768,689.753
689.766,689.749
689.764,689.746
689.765,689.748
689.763,689.745
689.761,689.743
689.759,689.740
689.750,689.727
689.741,689.714
689.741,689.715
689.742,689.715
689.734,689.704
689.735,689.705
689.735,689.706
689.728,689.696
689.730,689.698
689.731,689.700
689.732,689.702
689.733,689.703
689.726,689.693
689.728,689.696
689.729,689.698
689.723,689.688
689.725,689.691
689.726,689.693
689.728,689.696
689.724,689.691
689.726,689.693
689.728,689.696
689.721,689.686
689.715,689.678
689.710,689.670
689.713,689.675
689.716,689.679
689.719,689.683
689.721,689.686
689.723,689.689
689.725,689.692
689.727,689.694
689.728,689.697
689.730,689.698
689.723,689.689
689.717,689.680
689.719,689.684
689.722,689.687
689.724,689.690
689.726,689.693
689.727,689.695
689.729,689.697
689.722,689.688
689.724,689.691
689.726,689.693
689.720,689.684
689.714,689.676
689.717,689.680
689.719,689.683
689.722,689.687
689.724,689.690
689.717,689.681
689.712,689.673
689.715,689.677
689.709,689.670
689.705,689.663
689.700,689.657
689.696,689.651
689.693,689.646
689.689,689.641
689.687,689.637
689.684,689.633
689.682,689.630
689.679,689.627
689.677,689.624
689.676,689.622
689.682,689.631
689.688,689.639
689.693,689.647
689.698,689.653
689.694,689.648
689.691,689.643
689.688,689.639
689.685,689.635
689.683,689.632
689.680,689.628
689.675,689.621
689.674,689.619
689.672,689.617
689.671,689.615
689.670,689.613
689.669,689.612
689.668,689.611
689.667,689.609
689.666,689.608
689.662,689.603
689.662,689.602
689.662,689.602
689.661,689.601
689.661,689.601
689.669,689.612
689.676,689.622
689.674,689.620
689.673,689.618
689.672,689.616
689.670,689.614
689.674,689.620
689.681,689.629
689.679,689.626
689.677,689.623
689.675,689.621
689.673,689.619
689.672,689.617
689.671,689.615
689.670,689.613
689.669,689.612
689.668,689.610
689.667,689.609
689.658,689.597
689.650,689.585
689.643,689.575
689.636,689.566
689.638,689.569
689.640,689.572
689.634,689.563
689.628,689.555
689.623,689.547
689.618,689.541
689.619,689.542
689.623,689.547
689.618,689.540
689.622,689.546
689.618,689.539
689.613,689.534
689.610,689.528
689.614,689.535
689.619,689.541
689.614,689.535
689.610,689.529
689.615,689.536
689.611,689.530
689.616,689.537
689.612,689.531
689.616,689.537
689.620,689.543
689.624,689.548
689.627,689.553
689.622,689.546
689.617,689.539
689.621,689.545
689.625,689.550
689.628,689.554
689.628,689.554
689.623,689.547
689.618,689.540
689.614,689.534
689.610,689.529
689.607,689.524
689.612,689.531
689.608,689.526
689.605,689.521
689.610,689.529
689.607,689.524
689.603,689.519
689.601,689.516
689.598,689.512
689.596,689.509
689.594,689.506
689.592,689.503
689.598,689.512
689.601,689.516
689.598,689.512
689.596,689.509
689.602,689.517
689.607,689.525
689.604,689.520
689.601,689.516
689.599,689.513
689.604,689.521
689.602,689.517
689.607,689.524
689.612,689.531
689.616,689.538
689.620,689.543
689.616,689.537
689.612,689.532
689.608,689.526
689.605,689.522
689.602,689.518
689.599,689.514
689.597,689.510
689.587,689.496
689.586,689.494
689.584,689.493
689.583,689.491
689.591,689.501
689.589,689.499
689.588,689.497
689.586,689.495
689.585,689.494
689.584,689.492
689.583,689.491
689.590,689.501
689.589,689.499
689.587,689.497
689.591,689.502
689.586,689.495
689.585,689.494
689.584,689.492
689.583,689.491
689.582,689.490
689.582,689.488
689.581,689.487
689.577,689.482
689.577,689.482
689.577,689.481
689.584,689.492
689.583,689.491
689.582,689.490
689.582,689.489
689.581,689.488
689.580,689.487
689.585,689.493
689.592,689.503
689.590,689.500
689.588,689.498
689.587,689.496
689.586,689.495
689.582,689.489
689.581,689.488
689.580,689.487
689.580,689.486
689.571,689.474
689.571,689.474
689.572,689.474
689.572,689.475
689.572,689.475
689.572,689.475
689.572,689.475
689.573,689.476
689.573,689.476
689.573,689.476
689.570,689.472
689.570,689.472
689.571,689.473
689.571,689.473
689.563,689.462
689.561,689.460
689.554,689.450
689.556,689.453
689.558,689.455
689.551,689.446
689.553,689.449
689.555,689.451
689.557,689.454
689.551,689.445
689.553,689.448
689.547,689.439
689.549,689.443
689.552,689.446
689.546,689.438
689.540,689.430
689.536,689.423
689.531,689.417
689.535,689.423
689.539,689.428
689.534,689.421
689.530,689.415
689.526,689.410
689.523,689.405
689.519,689.401
689.517,689.396
689.522,689.404
689.519,689.400
689.513,689.391
689.511,689.388
689.517,689.397
689.514,689.393
689.512,689.390
689.510,689.387
689.508,689.384
689.506,689.381
689.504,689.379
689.503,689.377
689.502,689.375
689.500,689.374
689.499,689.372
689.498,689.371
689.498,689.370
689.497,689.368
689.496,689.367
689.492,689.362
689.492,689.362
689.492,689.361
689.492,689.361
689.491,689.361
689.491,689.360
689.491,689.360
689.488,689.356
689.488,689.356
689.488,689.356
689.488,689.356
689.488,689.356
689.488,689.356
689.488,689.357
689.488,689.357
689.489,689.357
689.486,689.353
689.478,689.342
689.479,689.343
689.480,689.345
689.478,689.342
689.479,689.343
689.480,689.344
689.481,689.346
689.482,689.347
689.482,689.348
689.483,689.349
689.492,689.361
689.491,689.361
689.491,689.361
689.499,689.372
689.506,689.382
689.505,689.380
689.503,689.377
689.494,689.364
689.490,689.359
689.482,689.348
689.483,689.349
689.484,689.350
689.484,689.350
689.485,689.351
689.482,689.347
689.483,689.348
689.483,689.349
689.484,689.350
689.481,689.346
689.482,689.347
689.483,689.348
689.483,689.349
689.476,689.339
689.477,689.341
689.470,689.331
689.464,689.322
689.458,689.314
689.453,689.307
689.454,689.307
689.457,689.312
689.460,689.316
689.463,689.320
689.465,689.324
689.460,689.316
689.454,689.308
689.450,689.302
689.445,689.296
689.450,689.302
689.453,689.307
689.457,689.312
689.452,689.305
689.460,689.317
689.463,689.321
689.466,689.324
689.468,689.327
689.470,689.330
689.472,689.333
689.465,689.324
689.468,689.327
689.470,689.330
689.472,689.333
689.473,689.335
689.475,689.337
689.473,689.335
689.475,689.337
689.476,689.339
689.466,689.325
689.468,689.328
689.462,689.320
689.462,689.319
689.456,689.311
689.452,689.304
689.455,689.309
