# Physical_Baseline=689.11pF, Trigger_Distance=11.9cm, Atten_Ratio=1.42
Raw_Capacitance(pF),Normalized_Capacitance(pF)
689.160,689.178
689.159,689.177
689.158,689.176
689.165,689.186
689.164,689.184
689.168,689.190
689.171,689.195
689.177,689.203
689.175,689.200
689.180,689.208
689.178,689.204
689.175,689.200
689.173,689.197
689.171,689.194
689.166,689.187
689.169,689.192
689.176,689.201
689.173,689.198
689.171,689.195
689.169,689.192
689.167,689.189
689.166,689.187
689.164,689.185
689.163,689.183
689.170,689.193
689.165,689.186
689.164,689.184
689.163,689.182
689.161,689.181
689.157,689.175
689.154,689.170
689.159,689.177
689.155,689.171
689.151,689.167
689.148,689.162
689.146,689.158
689.143,689.155
689.141,689.152
689.139,689.149
689.137,689.146
689.130,689.137
689.124,689.128
689.119,689.120
689.122,689.124
689.124,689.128
689.119,689.120
689.122,689.125
689.125,689.129
689.119,689.121
689.122,689.125
689.117,689.118
689.109,689.106
689.110,689.108
689.103,689.098
689.096,689.089
689.090,689.080
689.093,689.084
689.091,689.081
689.088,689.077
689.086,689.074
689.084,689.072
689.091,689.080
689.096,689.089
689.093,689.084
689.091,689.081
689.080,689.066
689.079,689.064
689.078,689.062
689.074,689.057
689.070,689.051
689.067,689.047
689.067,689.046
689.066,689.046
689.058,689.035
689.059,689.036
689.060,689.037
689.060,689.038
689.053,689.027
689.051,689.025
689.058,689.034
689.063,689.042
689.064,689.042
689.064,689.043
689.064,689.043
689.064,689.043
689.064,689.044
689.065,689.044
689.065,689.044
689.070,689.051
689.067,689.046
689.066,689.046
689.066,689.046
689.066,689.046
689.066,689.046
689.071,689.053
689.068,689.048
689.068,689.048
689.068,689.048
689.067,689.048
689.067,689.047
689.067,689.047
689.064,689.043
689.061,689.039
689.062,689.040
689.062,689.040
689.062,689.041
689.063,689.041
689.063,689.042
689.060,689.038
689.061,689.039
689.053,689.028
689.047,689.018
689.040,689.009
689.040,689.009
689.039,689.008
689.034,689.000
689.037,689.004
689.040,689.008
689.039,689.008
689.031,688.996
689.034,689.000
689.029,688.993
689.024,688.987
689.028,688.993
688.998,688.950
688.997,688.947
688.995,688.945
688.991,688.939
688.990,688.938
688.989,688.937
688.996,688.947
688.995,688.945
688.994,688.943
688.993,688.942
688.989,688.936
688.985,688.931
688.984,688.930
688.984,688.930
688.984,688.929
688.989,688.936
688.988,688.935
688.987,688.934
688.987,688.933
688.983,688.929
688.983,688.928
688.991,688.939
688.990,688.938
688.989,688.937
688.988,688.936
688.926,688.848
688.921,688.840
688.918,688.837
688.916,688.834
688.919,688.838
688.917,688.835
688.920,688.840
688.918,688.836
688.916,688.833
688.919,688.838
688.917,688.835
688.920,688.839
688.926,688.848
688.931,688.855
688.933,688.858
688.930,688.853
688.924,688.844
688.921,688.840
688.919,688.837
688.917,688.834
688.915,688.831
688.918,688.836
688.916,688.833
688.914,688.831
688.910,688.824
688.886,688.791
688.885,688.789
688.886,688.790
688.884,688.788
688.877,688.778
688.876,688.776
688.870,688.768
688.872,688.771
688.875,688.775
688.869,688.766
688.871,688.770
688.874,688.773
688.881,688.784
688.882,688.786
688.881,688.784
688.874,688.774
688.874,688.773
688.868,688.765
688.867,688.765
688.870,688.768
688.870,688.768
688.864,688.760
688.856,688.749
688.852,688.743
688.853,688.745
688.858,688.751
688.853,688.744
688.857,688.750
688.861,688.756
688.856,688.749
688.860,688.754
688.864,688.759
688.867,688.764
688.862,688.756
688.857,688.750
688.861,688.755
688.861,688.756
688.857,688.749
688.849,688.739
688.854,688.745
688.855,688.747
688.851,688.741
688.844,688.732
688.841,688.727
688.838,688.723
688.836,688.720
688.834,688.717
688.840,688.725
688.837,688.721
688.843,688.730
688.848,688.737
688.841,688.728
688.839,688.724
688.841,688.727
688.838,688.723
688.841,688.727
688.838,688.723
688.841,688.727
688.838,688.723
688.836,688.720
688.841,688.728
688.847,688.735
688.843,688.731
688.840,688.726
688.835,688.718
688.833,688.715
688.828,688.708
688.826,688.706
688.830,688.712
688.828,688.709
688.827,688.707
688.822,688.701
688.821,688.699
688.826,688.705
688.824,688.704
688.823,688.702
688.827,688.708
688.826,688.706
688.822,688.700
688.821,688.698
688.820,688.697
688.811,688.685
688.811,688.685
688.808,688.681
688.809,688.681
688.814,688.689
688.814,688.689
688.814,688.688
688.814,688.688
688.813,688.688
688.818,688.695
688.818,688.694
688.814,688.689
688.814,688.689
688.814,688.689
688.811,688.684
688.811,688.684
688.811,688.685
688.808,688.681
688.809,688.681
688.806,688.677
688.807,688.678
688.799,688.668
688.797,688.665
688.799,688.667
688.800,688.669
688.798,688.667
688.791,688.657
688.782,688.644
688.785,688.648
688.788,688.652
688.795,688.662
688.797,688.664
688.795,688.662
688.794,688.660
688.796,688.663
688.794,688.661
688.788,688.652
688.790,688.655
688.789,688.654
688.783,688.646
688.778,688.638
688.778,688.638
688.773,688.631
688.769,688.625
688.770,688.627
688.774,688.633
688.770,688.626
688.771,688.628
688.767,688.622
688.771,688.628
688.772,688.629
688.768,688.623
688.764,688.618
688.758,688.609
688.760,688.612
688.757,688.608
688.762,688.615
688.764,688.618
688.768,688.624
688.770,688.626
688.766,688.620
688.762,688.615
688.764,688.618
688.757,688.609
688.754,688.605
688.757,688.608
688.754,688.604
688.760,688.612
688.762,688.615
688.756,688.606
688.761,688.614
688.763,688.616
688.765,688.619
688.761,688.614
688.758,688.609
688.752,688.601
688.750,688.598
688.756,688.606
688.758,688.610
688.752,688.601
688.758,688.609
688.763,688.617
688.765,688.619
688.761,688.614
688.758,688.609
688.755,688.605
688.758,688.609
688.763,688.616
688.759,688.611
688.753,688.603
688.759,688.611
688.756,688.607
688.750,688.599
688.745,688.591
688.744,688.589
688.742,688.587
688.741,688.585
688.736,688.579
688.736,688.578
688.735,688.577
688.734,688.576
688.739,688.582
688.737,688.580
688.736,688.579
688.736,688.578
688.732,688.573
688.729,688.568
688.728,688.568
688.728,688.568
688.725,688.563
688.723,688.559
688.723,688.560
688.723,688.561
688.724,688.561
688.721,688.558
688.719,688.554
688.720,688.555
688.712,688.545
688.711,688.543
688.710,688.541
688.711,688.543
688.713,688.546
688.714,688.548
688.713,688.545
688.711,688.543
688.713,688.545
688.714,688.547
688.707,688.538
688.706,688.536
688.705,688.535
688.707,688.538
688.701,688.529
688.704,688.533
688.706,688.536
688.705,688.535
688.704,688.534
688.698,688.525
688.701,688.529
688.704,688.533
688.703,688.532
688.697,688.524
688.700,688.528
688.695,688.520
688.695,688.520
688.695,688.520
688.695,688.521
688.690,688.514
688.686,688.507
688.682,688.501
688.686,688.508
688.679,688.498
688.684,688.504
688.680,688.499
688.676,688.494
688.673,688.489
688.667,688.481
688.670,688.485
688.664,688.477
688.662,688.474
688.660,688.471
688.659,688.469
688.657,688.467
688.661,688.472
688.664,688.477
688.667,688.481
688.665,688.478
688.663,688.475
688.661,688.472
688.659,688.470
688.663,688.475
688.658,688.468
688.662,688.473
688.660,688.471
688.658,688.468
688.657,688.466
688.655,688.464
688.659,688.470
688.655,688.463
688.659,688.469
688.654,688.463
688.650,688.457
688.650,688.456
688.649,688.455
688.648,688.454
688.648,688.453
688.652,688.460
688.649,688.455
688.653,688.461
688.649,688.456
688.649,688.455
688.648,688.454
688.648,688.453
688.647,688.452
688.644,688.448
688.644,688.448
688.652,688.459
688.651,688.458
688.650,688.457
688.649,688.456
688.646,688.451
688.643,688.446
688.640,688.442
688.640,688.442
688.640,688.443
688.641,688.443
688.641,688.443
688.641,688.444
688.633,688.433
688.634,688.434
688.635,688.435
688.635,688.436
688.628,688.426
688.630,688.428
688.628,688.425
688.626,688.423
688.625,688.421
688.624,688.420
688.623,688.418
688.622,688.417
688.629,688.427
688.635,688.436
688.633,688.433
688.631,688.430
688.632,688.431
688.633,688.433
688.626,688.423
688.628,688.425
688.629,688.427
688.630,688.429
688.623,688.419
688.622,688.417
688.621,688.416
688.621,688.415
688.620,688.414
688.619,688.413
688.618,688.412
688.618,688.411
688.625,688.422
688.624,688.420
688.626,688.422
688.627,688.425
688.629,688.427
688.630,688.429
688.631,688.430
688.633,688.432
688.633,688.433
688.634,688.434
688.627,688.424
688.629,688.426
688.619,688.413
688.618,688.412
688.618,688.411
688.617,688.410
688.617,688.409
688.616,688.409
688.616,688.408
688.618,688.412
688.613,688.404
688.616,688.408
688.618,688.412
688.620,688.415
688.615,688.406
688.614,688.406
688.614,688.406
688.614,688.406
688.614,688.405
688.606,688.394
688.606,688.395
688.607,688.395
688.607,688.396
688.600,688.385
688.601,688.387
688.602,688.389
688.595,688.379
688.597,688.381
688.598,688.383
688.599,688.385
688.601,688.387
688.602,688.388
688.603,688.390
688.596,688.380
688.597,688.382
688.599,688.384
688.600,688.386
688.593,688.376
688.587,688.367
688.584,688.363
688.582,688.360
688.579,688.357
688.585,688.365
688.583,688.361
688.586,688.365
688.591,688.373
688.588,688.369
688.593,688.376
688.590,688.371
688.587,688.367
688.589,688.370
688.591,688.374
688.593,688.376
688.595,688.379
688.589,688.370
688.583,688.362
688.581,688.358
688.586,688.367
688.584,688.363
688.581,688.359
688.587,688.368
688.584,688.364
688.582,688.360
688.580,688.357
688.586,688.366
688.583,688.362
688.581,688.358
688.579,688.355
688.574,688.349
688.569,688.342
688.565,688.337
688.562,688.332
688.567,688.339
688.571,688.345
688.567,688.339
688.563,688.334
688.563,688.333
688.554,688.321
688.555,688.321
688.555,688.322
688.555,688.322
688.555,688.323
688.556,688.323
688.556,688.323
688.553,688.320
688.559,688.328
688.556,688.323
688.553,688.320
688.551,688.316
688.552,688.317
688.552,688.318
688.553,688.319
688.553,688.319
688.562,688.332
688.567,688.338
688.563,688.333
688.560,688.328
688.559,688.328
688.556,688.323
688.553,688.320
688.551,688.316
688.552,688.317
688.544,688.307
688.537,688.297
688.539,688.300
688.538,688.298
688.537,688.297
688.536,688.296
688.530,688.287
688.525,688.279
688.520,688.273
688.521,688.274
688.513,688.263
688.507,688.254
688.509,688.257
688.505,688.252
688.502,688.247
688.500,688.244
688.505,688.251
688.507,688.254
688.509,688.257
688.511,688.260
688.476,688.210
688.473,688.206
688.473,688.206
688.473,688.206
688.473,688.206
688.478,688.214
688.475,688.209
688.475,688.209
688.467,688.197
688.472,688.205
688.478,688.213
688.477,688.212
688.477,688.212
688.477,688.211
688.473,688.207
688.479,688.214
688.486,688.225
688.493,688.234
688.491,688.232
688.489,688.229
688.485,688.223
688.481,688.217
688.480,688.216
688.488,688.227
688.494,688.236
688.448,688.170
688.450,688.174
688.450,688.173
688.449,688.172
688.451,688.175
688.453,688.178
688.453,688.177
688.455,688.180
688.448,688.171
688.448,688.170
688.447,688.170
688.450,688.173
688.444,688.165
688.444,688.165
688.439,688.158
688.442,688.162
688.434,688.151
688.430,688.145
688.434,688.151
688.435,688.152
688.436,688.153
688.431,688.147
688.432,688.148
688.433,688.150
688.429,688.144
688.418,688.128
688.421,688.132
688.415,688.123
688.412,688.120
688.415,688.124
688.418,688.128
688.415,688.124
688.418,688.128
688.412,688.120
688.410,688.117
688.405,688.110
688.401,688.104
688.400,688.102
688.396,688.097
688.400,688.103
688.399,688.101
688.403,688.107
688.402,688.105
688.409,688.115
688.404,688.108
688.403,688.106
688.401,688.104
688.405,688.110
688.401,688.104
688.400,688.102
688.404,688.108
688.402,688.106
688.401,688.104
688.397,688.099
688.396,688.097
688.393,688.092
688.390,688.088
688.398,688.099
688.394,688.094
688.391,688.089
688.390,688.089
688.387,688.085
688.388,688.085
688.393,688.092
688.398,688.099
688.397,688.098
688.393,688.093
688.390,688.088
688.390,688.088
688.395,688.095
688.394,688.095
688.391,688.090
688.388,688.086
688.388,688.086
688.385,688.082
688.386,688.082
688.383,688.079
688.381,688.075
688.382,688.076
688.387,688.085
688.388,688.085
688.393,688.092
688.390,688.088
688.381,688.076
688.379,688.073
688.380,688.075
688.378,688.072
688.371,688.062
688.378,688.072
688.376,688.069
688.369,688.059
688.368,688.058
688.362,688.049
688.362,688.049
688.362,688.048
688.356,688.041
688.356,688.041
688.360,688.045
688.359,688.045
688.354,688.038
688.355,688.038
688.355,688.039
688.355,688.040
688.356,688.040
688.359,688.044
688.359,688.044
688.362,688.049
688.362,688.048
688.364,688.052
688.356,688.040
688.359,688.044
688.362,688.048
688.361,688.048
688.356,688.040
688.356,688.041
688.359,688.045
688.359,688.045
688.354,688.038
688.355,688.038
688.350,688.031
688.351,688.033
688.351,688.034
688.352,688.035
688.353,688.036
688.356,688.041
688.357,688.041
688.360,688.045
688.359,688.045
688.362,688.049
688.362,688.049
688.365,688.052
688.364,688.052
688.366,688.055
688.366,688.054
688.360,688.046
688.360,688.046
688.360,688.045
688.360,688.045
688.360,688.045
688.359,688.045
688.359,688.045
688.354,688.038
688.355,688.038
688.358,688.043
688.358,688.043
688.353,688.036
688.353,688.037
688.349,688.030
688.350,688.031
688.345,688.025
688.347,688.027
688.343,688.021
688.336,688.012
688.341,688.019
688.343,688.022
688.339,688.017
688.341,688.019
688.343,688.022
688.347,688.028
688.348,688.029
688.344,688.023
688.346,688.025
688.342,688.020
688.343,688.022
688.340,688.017
688.336,688.012
688.338,688.015
688.340,688.018
688.345,688.025
688.338,688.015
688.335,688.010
688.337,688.014
688.334,688.009
688.328,688.001
688.326,687.998
688.329,688.002
688.327,687.999
688.322,687.992
688.320,687.990
688.324,687.995
688.322,687.992
688.317,687.986
688.316,687.984
688.320,687.990
688.319,687.987
688.323,687.993
688.329,688.002
688.332,688.006
688.329,688.002
688.324,687.995
688.330,688.004
688.333,688.007
688.338,688.015
688.340,688.018
688.342,688.020
688.338,688.015
688.332,688.007
688.330,688.003
688.324,687.995
688.322,687.993
688.318,687.986
688.317,687.984
688.321,687.990
688.319,687.988
688.323,687.993
688.318,687.987
688.317,687.985
688.313,687.979
688.312,687.978
688.316,687.984
688.323,687.994
688.327,687.999
688.325,687.996
688.328,688.000
688.326,687.997
688.329,688.002
688.326,687.998
688.330,688.003
688.335,688.011
688.337,688.014
688.334,688.010
688.329,688.001
688.326,687.998
688.329,688.003
688.327,687.999
688.325,687.996
688.320,687.989
688.319,687.987
688.322,687.993
688.313,687.979
688.309,687.974
688.306,687.969
688.311,687.976
688.315,687.983
688.314,687.981
688.319,687.987
688.317,687.985
688.313,687.980
688.312,687.978
688.312,687.977
688.316,687.984
688.315,687.982
688.311,687.977
688.310,687.976
688.307,687.971
688.299,687.959
688.299,687.960
688.300,687.961
688.297,687.957
688.298,687.958
688.296,687.955
688.297,687.956
688.297,687.957
688.303,687.965
688.295,687.954
688.293,687.951
688.286,687.942
688.285,687.940
688.287,687.943
688.286,687.941
688.285,687.939
688.279,687.931
688.278,687.930
688.281,687.934
688.280,687.933
688.282,687.936
688.282,687.935
688.289,687.945
688.290,687.947
688.289,687.945
688.290,687.947
688.289,687.945
688.288,687.943
688.289,687.946
688.288,687.944
688.289,687.946
688.288,687.944
688.281,687.935
688.281,687.934
688.280,687.933
688.274,687.925
688.274,687.925
688.277,687.929
688.277,687.928
688.277,687.928
688.279,687.932
688.271,687.920
688.271,687.920
688.274,687.925
688.274,687.925
688.269,687.917
688.270,687.918
688.265,687.911
688.261,687.905
688.262,687.907
688.266,687.913
688.270,687.918
688.270,687.919
688.273,687.923
688.273,687.923
688.274,687.924
688.268,687.916
688.269,687.917
688.270,687.918
688.273,687.922
688.273,687.923
688.268,687.916
688.269,687.916
688.269,687.917
688.272,687.922
688.273,687.922
688.273,687.922
688.276,687.927
688.276,687.927
688.276,687.926
688.270,687.919
688.271,687.919
688.266,687.913
688.267,687.914
688.267,687.915
688.263,687.908
688.264,687.910
688.265,687.911
688.261,687.905
688.254,687.896
688.251,687.891
688.248,687.887
688.242,687.879
688.245,687.884
688.243,687.880
688.246,687.884
688.243,687.881
688.238,687.874
688.234,687.867
688.232,687.865
688.231,687.863
688.235,687.869
688.242,687.879
688.240,687.876
688.235,687.869
688.233,687.867
688.229,687.861
688.234,687.867
688.237,687.872
688.236,687.870
688.231,687.864
688.227,687.858
688.227,687.857
688.231,687.864
688.227,687.858
688.227,687.857
688.226,687.856
688.231,687.863
688.235,687.868
688.233,687.866
688.237,687.872
688.233,687.866
688.231,687.864
688.227,687.858
688.224,687.853
688.223,687.853
688.223,687.852
688.228,687.859
688.232,687.865
688.231,687.863
688.235,687.869
688.239,687.875
688.237,687.872
688.233,687.866
688.237,687.871
688.243,687.880
688.246,687.885
688.249,687.888
688.246,687.884
688.241,687.877
688.244,687.882
688.242,687.878
688.237,687.871
688.240,687.876
688.238,687.874
688.245,687.882
688.247,687.887
688.245,687.883
688.242,687.879
688.245,687.884
688.240,687.876
688.246,687.885
688.249,687.889
688.243,687.881
688.241,687.878
688.236,687.871
688.232,687.864
688.231,687.863
688.238,687.873
688.241,687.878
688.239,687.875
688.237,687.872
688.233,687.866
688.240,687.875
688.238,687.873
688.233,687.866
688.229,687.860
688.228,687.859
688.232,687.865
688.236,687.871
688.235,687.869
688.233,687.867
688.229,687.861
688.228,687.859
688.225,687.854
688.221,687.850
688.221,687.849
688.221,687.849
688.218,687.845
688.215,687.841
688.216,687.842
688.213,687.838
688.211,687.835
688.212,687.836
688.210,687.833
688.208,687.831
688.206,687.828
688.208,687.830
688.206,687.828
688.207,687.829
688.208,687.831
688.207,687.829
688.205,687.826
688.206,687.828
688.216,687.842
688.221,687.849
688.218,687.845
688.218,687.845
688.224,687.853
688.229,687.860
688.225,687.855
688.224,687.854
688.221,687.849
688.218,687.845
688.218,687.845
688.216,687.841
688.213,687.838
688.211,687.835
688.212,687.836
688.212,687.837
688.218,687.845
688.216,687.842
688.216,687.842
688.214,687.839
688.211,687.835
688.208,687.831
688.206,687.828
688.205,687.826
688.198,687.817
688.200,687.820
688.207,687.830
688.206,687.827
688.204,687.825
688.206,687.827
688.207,687.829
688.213,687.838
688.211,687.835
688.212,687.836
688.205,687.826
688.203,687.824
688.210,687.833
688.211,687.835
688.212,687.836
688.210,687.833
688.200,687.819
688.202,687.822
688.203,687.824
688.202,687.822
688.201,687.821
688.200,687.819
688.155,687.756
688.150,687.749
688.154,687.754
688.152,687.752
688.151,687.749
688.154,687.755
688.158,687.759
688.161,687.764
688.163,687.768
688.166,687.771
688.163,687.767
688.160,687.763
688.163,687.767
688.166,687.771
688.168,687.774
688.162,687.766
688.165,687.769
688.170,687.777
688.167,687.772
688.164,687.768
688.166,687.771
688.160,687.763
688.163,687.767
688.166,687.771
688.163,687.767
688.105,687.685
688.105,687.685
688.097,687.674
688.098,687.675
688.099,687.676
688.099,687.677
688.092,687.666
688.096,687.672
688.100,687.677
688.103,687.682
688.106,687.687
688.109,687.690
688.111,687.694
688.114,687.697
688.116,687.700
688.115,687.699
688.114,687.697
688.113,687.696
688.112,687.695
688.112,687.694
688.111,687.693
688.111,687.693
688.110,687.692
688.110,687.691
688.104,687.683
688.099,687.676
688.094,687.670
688.087,687.660
688.089,687.662
688.083,687.653
688.085,687.656
688.087,687.659
688.081,687.650
688.083,687.654
688.085,687.657
688.087,687.659
688.089,687.662
688.090,687.664
688.092,687.666
688.093,687.668
688.086,687.658
688.088,687.661
688.082,687.652
688.084,687.655
688.086,687.658
688.088,687.661
688.084,687.656
688.089,687.662
688.093,687.668
688.089,687.663
688.086,687.657
688.082,687.653
688.084,687.656
688.086,687.659
688.080,687.650
688.083,687.653
688.085,687.656
688.087,687.659
688.089,687.662
688.090,687.664
688.092,687.666
688.093,687.668
688.094,687.670
688.095,687.671
688.096,687.672
688.089,687.662
688.091,687.665
688.084,687.655
688.078,687.647
688.081,687.650
688.075,687.642
688.078,687.647
688.073,687.639
688.076,687.643
688.070,687.636
688.074,687.641
688.069,687.634
688.075,687.642
688.070,687.635
688.073,687.640
688.076,687.644
688.079,687.648
688.082,687.652
688.079,687.647
688.076,687.644
688.082,687.652
688.079,687.647
688.084,687.655
688.089,687.662
688.085,687.657
688.082,687.652
688.079,687.648
688.076,687.644
688.079,687.648
688.076,687.644
688.074,687.641
688.071,687.637
688.069,687.635
688.068,687.632
688.066,687.630
688.062,687.624
688.058,687.618
688.057,687.617
688.054,687.612
688.059,687.619
688.055,687.614
688.060,687.621
688.064,687.627
688.068,687.633
688.072,687.638
688.075,687.642
688.078,687.646
688.072,687.639
688.076,687.643
688.070,687.636
688.074,687.641
688.069,687.634
688.064,687.627
688.060,687.621
688.056,687.616
688.061,687.623
688.065,687.629
688.069,687.634
688.065,687.628
688.060,687.622
688.065,687.628
688.069,687.633
688.064,687.627
688.068,687.633
688.072,687.638
688.075,687.642
688.078,687.646
688.072,687.639
688.076,687.643
688.078,687.647
688.081,687.651
688.075,687.643
688.078,687.647
688.073,687.639
688.068,687.632
688.071,687.637
688.075,687.642
688.070,687.635
688.073,687.639
688.076,687.644
688.071,687.636
688.074,687.641
688.077,687.645
688.072,687.638
688.075,687.642
688.070,687.635
688.073,687.640
688.076,687.644
688.079,687.648
688.082,687.652
688.084,687.655
688.086,687.658
688.088,687.661
688.081,687.652
688.076,687.643
688.071,687.636
688.066,687.629
688.070,687.635
688.065,687.628
688.061,687.622
688.065,687.628
688.069,687.634
688.072,687.639
688.078,687.647
688.081,687.651
688.075,687.643
688.078,687.647
688.081,687.650
688.083,687.654
688.077,687.645
688.072,687.638
688.067,687.631
688.063,687.625
688.067,687.631
688.070,687.636
688.074,687.641
688.069,687.633
688.072,687.638
688.075,687.643
688.070,687.636
688.074,687.640
688.069,687.633
688.072,687.638
688.067,687.631
688.063,687.625
688.067,687.631
688.063,687.625
688.059,687.619
688.063,687.625
688.059,687.620
688.063,687.626
688.059,687.620
688.059,687.619
688.058,687.618
688.057,687.617
688.056,687.616
688.053,687.611
688.045,687.599
688.045,687.600
688.046,687.601
688.043,687.598
688.049,687.606
688.047,687.602
688.044,687.599
688.042,687.596
688.040,687.593
688.038,687.590
688.037,687.588
688.035,687.586
688.034,687.584
688.033,687.582
688.026,687.573
688.020,687.565
688.023,687.569
688.026,687.573
688.025,687.572
688.025,687.571
688.025,687.571
688.032,687.582
688.031,687.580
688.030,687.579
688.029,687.578
688.029,687.577
688.028,687.576
688.022,687.567
688.025,687.571
688.027,687.574
688.026,687.574
688.026,687.573
688.026,687.572
688.025,687.572
688.025,687.571
688.024,687.571
688.024,687.570
688.024,687.570
688.026,687.573
688.029,687.577
688.031,687.579
688.024,687.571
688.027,687.574
688.026,687.573
688.026,687.573
688.025,687.572
688.025,687.571
688.025,687.571
688.024,687.570
688.027,687.574
688.029,687.577
688.023,687.569
688.018,687.561
688.018,687.561
688.018,687.562
688.018,687.562
688.019,687.563
688.014,687.556
688.014,687.557
688.018,687.561
688.021,687.566
688.021,687.566
688.021,687.566
688.021,687.566
688.021,687.566
688.024,687.570
688.023,687.569
688.018,687.562
688.010,687.551
688.003,687.541
687.997,687.532
687.991,687.524
687.997,687.532
687.994,687.527
687.996,687.531
687.999,687.534
687.993,687.526
687.995,687.530
687.998,687.533
687.995,687.529
688.000,687.536
687.994,687.528
687.997,687.531
687.999,687.535
688.001,687.538
687.995,687.529
687.992,687.525
687.990,687.522
687.993,687.526
687.987,687.518
687.991,687.523
687.993,687.527
687.988,687.519
687.994,687.528
687.989,687.520
687.992,687.524
687.994,687.528
687.997,687.532
687.994,687.528
687.991,687.524
687.997,687.532
687.999,687.535
688.001,687.538
688.003,687.541
688.005,687.543
688.009,687.549
688.010,687.551
688.003,687.541
688.005,687.543
688.007,687.545
688.000,687.536
687.994,687.527
687.991,687.524
687.989,687.520
687.992,687.524
687.995,687.528
687.989,687.521
687.992,687.525
687.990,687.521
687.987,687.518
687.983,687.511
687.986,687.517
687.990,687.521
687.995,687.529
687.992,687.526
687.987,687.518
687.990,687.523
687.993,687.527
687.988,687.519
687.983,687.512
687.981,687.510
687.988,687.519
687.991,687.524
687.994,687.528
687.989,687.520
687.992,687.524
687.989,687.521
687.992,687.525
687.987,687.518
687.982,687.511
687.981,687.509
687.979,687.507
687.983,687.512
687.987,687.517
687.990,687.522
687.988,687.519
687.986,687.516
687.989,687.521
687.992,687.525
687.995,687.529
687.989,687.521
687.987,687.518
687.990,687.522
687.993,687.526
687.988,687.519
687.991,687.523
687.989,687.520
687.986,687.517
687.984,687.514
687.980,687.508
687.976,687.502
687.972,687.497
687.971,687.496
687.971,687.495
687.968,687.490
687.973,687.498
687.969,687.493
687.966,687.488
687.966,687.488
687.963,687.484
687.969,687.492
687.966,687.488
687.966,687.488
687.966,687.488
687.966,687.488
687.971,687.495
687.968,687.491
687.973,687.498
687.980,687.508
687.987,687.518
687.990,687.522
687.993,687.526
687.988,687.519
687.983,687.512
687.973,687.498
687.970,687.493
687.967,687.489
687.964,687.485
687.964,687.485
687.964,687.485
687.961,687.482
687.959,687.478
687.965,687.487
687.970,687.494
687.967,687.490
687.967,687.489
687.964,687.485
687.961,687.482
687.959,687.478
687.957,687.475
687.950,687.465
687.949,687.463
687.947,687.462
687.949,687.464
687.948,687.462
687.947,687.461
687.946,687.459
687.948,687.462
687.949,687.465
687.948,687.463
687.947,687.461
687.946,687.460
687.948,687.463
687.947,687.461
687.946,687.460
687.956,687.474
687.949,687.464
687.950,687.466
687.949,687.464
687.940,687.451
687.942,687.454
687.942,687.454
687.941,687.453
687.919,687.421
687.921,687.424
687.922,687.426
687.926,687.432
687.927,687.433
687.928,687.435
687.929,687.436
687.930,687.437
687.930,687.438
687.931,687.438
687.924,687.428
687.917,687.418
687.919,687.421
687.912,687.412
687.915,687.415
687.919,687.422
687.913,687.413
687.915,687.416
687.917,687.419
687.911,687.410
687.914,687.414
687.910,687.409
687.913,687.413
687.915,687.416
687.920,687.423
687.912,687.412
687.915,687.415
687.917,687.418
687.919,687.421
687.920,687.423
687.922,687.426
687.923,687.428
687.917,687.418
687.918,687.421
687.915,687.416
687.917,687.419
687.911,687.410
687.908,687.406
687.911,687.410
687.905,687.402
687.903,687.399
687.898,687.392
687.902,687.397
687.908,687.406
687.911,687.410
687.913,687.413
687.910,687.409
687.913,687.412
687.907,687.404
687.904,687.401
687.886,687.375
687.883,687.370
687.880,687.366
687.880,687.366
687.877,687.363
687.870,687.352
687.868,687.349
687.867,687.347
687.873,687.357
687.871,687.354
687.869,687.351
687.876,687.360
687.873,687.357
687.879,687.365
687.877,687.362
687.877,687.362
687.875,687.359
687.875,687.360
687.876,687.361
687.874,687.357
687.872,687.354
687.870,687.352
687.868,687.349
687.869,687.351
687.868,687.349
687.869,687.351
687.870,687.352
687.868,687.350
687.870,687.352
687.868,687.349
687.867,687.347
687.865,687.345
687.864,687.343
687.858,687.334
687.857,687.334
687.857,687.333
687.859,687.336
687.858,687.335
687.860,687.339
687.860,687.337
687.862,687.340
687.869,687.350
687.867,687.348
687.869,687.350
687.867,687.348
687.868,687.350
687.867,687.348
687.865,687.346
687.864,687.344
687.863,687.342
687.862,687.341
687.861,687.339
687.855,687.331
687.855,687.330
687.854,687.330
687.854,687.330
687.846,687.318
687.847,687.319
687.847,687.320
687.850,687.324
687.851,687.324
687.851,687.325
687.851,687.325
687.851,687.325
687.851,687.325
687.851,687.325
687.846,687.318
687.847,687.319
687.847,687.320
687.850,687.324
687.851,687.325
687.845,687.317
687.846,687.318
687.849,687.323
687.850,687.323
687.850,687.324
687.853,687.328
687.845,687.316
687.846,687.317
687.846,687.318
687.847,687.319
687.847,687.320
687.848,687.320
687.848,687.321
687.849,687.322
687.849,687.322
687.849,687.323
687.849,687.323
687.850,687.323
687.850,687.324
687.850,687.324
687.850,687.324
687.853,687.328
687.853,687.328
687.845,687.317
687.846,687.318
687.838,687.307
687.840,687.309
687.833,687.299
687.827,687.291
687.829,687.294
687.831,687.297
687.833,687.300
687.827,687.291
687.829,687.295
687.832,687.298
687.834,687.300
687.827,687.292
687.830,687.295
687.832,687.298
687.834,687.301
687.836,687.303
687.837,687.305
687.831,687.296
687.833,687.299
687.834,687.302
687.828,687.293
687.830,687.296
687.824,687.287
687.830,687.295
687.832,687.298
687.834,687.301
687.836,687.303
687.837,687.306
687.839,687.308
687.840,687.309
687.836,687.304
687.829,687.294
687.834,687.301
687.836,687.304
687.832,687.299
687.826,687.290
687.831,687.297
687.833,687.300
687.830,687.295
687.824,687.287
687.827,687.291
687.829,687.294
687.823,687.286
687.818,687.278
687.821,687.283
687.824,687.287
687.819,687.279
687.817,687.276
687.820,687.281
687.826,687.289
687.820,687.282
687.818,687.278
687.821,687.283
687.819,687.280
687.814,687.273
687.810,687.267
687.814,687.272
687.817,687.277
687.821,687.282
687.816,687.275
687.819,687.280
687.822,687.284
687.825,687.289
687.828,687.292
687.825,687.288
687.827,687.292
687.824,687.287
687.827,687.291
687.824,687.287
687.827,687.291
687.832,687.298
687.834,687.301
687.828,687.292
687.830,687.295
687.832,687.298
687.834,687.301
687.838,687.307
687.840,687.309
687.836,687.303
687.829,687.294
687.823,687.286
687.829,687.294
687.831,687.297
687.825,687.288
687.820,687.281
687.817,687.277
687.813,687.271
687.819,687.280
687.814,687.273
687.818,687.278
687.821,687.283
687.824,687.287
687.819,687.279
687.825,687.288
687.827,687.291
687.824,687.287
687.819,687.280
687.822,687.284
687.828,687.292
687.830,687.295
687.824,687.287
687.827,687.291
687.829,687.294
687.831,687.297
687.825,687.289
687.828,687.292
687.825,687.288
687.828,687.292
687.825,687.288
687.827,687.291
687.830,687.295
687.824,687.287
687.821,687.283
687.824,687.287
687.819,687.279
687.814,687.273
687.812,687.270
687.808,687.264
687.807,687.263
687.811,687.269
687.807,687.263
687.811,687.269
687.815,687.275
687.811,687.268
687.807,687.262
687.803,687.257
687.808,687.264
687.804,687.258
687.811,687.269
687.807,687.263
687.803,687.258
687.808,687.264
687.812,687.270
687.808,687.264
687.812,687.270
687.808,687.264
687.807,687.263
687.803,687.257
687.802,687.256
687.799,687.252
687.799,687.251
687.804,687.259
687.803,687.258
687.808,687.264
687.807,687.263
687.811,687.269
687.810,687.267
687.806,687.261
687.805,687.260
687.801,687.255
687.801,687.254
687.798,687.250
687.798,687.250
687.795,687.245
687.795,687.246
687.792,687.242
687.793,687.243
687.790,687.239
687.791,687.240
687.789,687.237
687.790,687.238
687.787,687.235
687.788,687.236
687.786,687.234
687.785,687.231
687.783,687.229
687.784,687.231
687.783,687.228
687.789,687.238
687.787,687.235
687.785,687.232
687.786,687.234
687.785,687.231
687.791,687.240
687.797,687.248
687.797,687.248
687.794,687.245
687.794,687.245
687.792,687.241
687.790,687.238
687.787,687.235
687.786,687.233
687.784,687.230
687.782,687.228
687.784,687.230
687.782,687.228
687.784,687.230
687.782,687.227
687.781,687.226
687.779,687.224
687.781,687.226
687.780,687.224
687.779,687.223
687.778,687.221
687.785,687.231
687.786,687.233
687.792,687.242
687.798,687.250
687.795,687.246
687.795,687.246
687.792,687.242
687.790,687.239
687.788,687.236
687.786,687.233
687.787,687.235
687.785,687.232
687.784,687.230
687.782,687.227
687.781,687.226
687.779,687.224
687.781,687.226
687.780,687.224
687.779,687.223
687.778,687.221
687.779,687.224
687.778,687.222
687.777,687.221
687.776,687.220
687.776,687.218
687.770,687.210
687.769,687.210
687.777,687.221
687.776,687.219
687.778,687.222
687.777,687.221
687.776,687.219
687.770,687.211
687.770,687.210
687.773,687.214
687.772,687.213
687.772,687.213
687.771,687.212
687.774,687.216
687.773,687.215
687.773,687.214
687.772,687.213
687.772,687.213
687.774,687.216
687.773,687.215
687.773,687.215
687.780,687.225
687.782,687.227
687.781,687.226
687.787,687.235
687.786,687.232
687.784,687.230
687.785,687.232
687.783,687.229
687.782,687.227
687.781,687.225
687.779,687.224
687.778,687.222
687.780,687.225
687.787,687.234
687.793,687.243
687.791,687.240
687.791,687.241
687.789,687.237
687.787,687.234
687.788,687.236
687.794,687.244
687.786,687.233
687.784,687.231
687.791,687.240
687.789,687.237
687.781,687.227
687.780,687.225
687.779,687.223
687.781,687.225
687.779,687.224
687.781,687.226
687.780,687.224
687.781,687.226
687.780,687.225
687.779,687.223
687.778,687.222
687.777,687.220
687.771,687.211
687.770,687.211
687.770,687.211
687.770,687.210
687.770,687.210
687.770,687.210
687.769,687.210
687.769,687.209
687.769,687.209
687.769,687.209
687.764,687.201
687.764,687.202
687.767,687.206
687.767,687.206
687.767,687.206
687.770,687.210
687.770,687.210
687.770,687.210
687.772,687.213
687.772,687.213
687.771,687.212
687.771,687.212
687.773,687.215
687.765,687.203
687.765,687.204
687.765,687.204
687.766,687.204
687.760,687.197
687.761,687.198
687.765,687.203
687.765,687.203
687.765,687.204
687.760,687.196
687.761,687.197
687.761,687.198
687.754,687.188
687.747,687.178
687.752,687.185
687.745,687.176
687.748,687.179
687.744,687.174
687.738,687.166
687.733,687.158
687.728,687.152
687.724,687.145
687.720,687.140
687.717,687.135
687.714,687.131
687.711,687.126
687.708,687.123
687.706,687.119
687.704,687.116
687.747,687.178
687.741,687.169
687.735,687.161
687.730,687.154
687.726,687.148
687.725,687.146
687.729,687.152
687.724,687.146
687.731,687.155
687.727,687.149
687.731,687.155
687.729,687.152
687.732,687.157
687.731,687.155
687.734,687.160
687.737,687.164
687.732,687.157
687.730,687.154
687.726,687.148
687.722,687.142
687.721,687.141
687.725,687.147
687.724,687.145
687.720,687.140
687.717,687.135
687.720,687.139
687.719,687.138
687.724,687.145
687.720,687.139
687.724,687.146
687.721,687.140
687.725,687.147
687.721,687.141
687.717,687.136
687.714,687.131
687.711,687.127
687.709,687.124
687.706,687.120
687.715,687.132
687.712,687.128
687.717,687.136
687.714,687.131
687.714,687.131
687.711,687.127
687.708,687.123
687.706,687.120
687.712,687.128
687.709,687.124
687.717,687.136
687.714,687.131
687.719,687.139
687.724,687.145
687.723,687.143
687.719,687.138
687.716,687.133
687.715,687.133
687.712,687.129
687.709,687.125
687.707,687.121
687.707,687.122
687.713,687.130
687.705,687.118
687.703,687.115
687.701,687.113
687.699,687.110
687.701,687.112
687.707,687.121
687.705,687.118
687.703,687.115
687.701,687.113
687.699,687.110
687.706,687.119
687.714,687.132
687.711,687.128
687.709,687.124
687.706,687.120
687.707,687.121
687.705,687.118
687.703,687.115
687.701,687.112
687.699,687.110
687.698,687.108
687.696,687.106
687.690,687.097
687.689,687.096
687.689,687.095
687.691,687.098
687.690,687.097
687.689,687.096
687.689,687.096
687.688,687.095
687.691,687.098
687.690,687.097
687.689,687.096
687.689,687.095
687.688,687.095
687.688,687.094
687.687,687.093
687.687,687.093
687.689,687.096
687.689,687.095
687.688,687.095
687.688,687.094
687.687,687.093
687.687,687.093
687.687,687.092
687.678,687.081
687.679,687.081
687.682,687.086
687.682,687.086
687.674,687.075
687.675,687.076
687.679,687.081
687.671,687.070
687.672,687.072
687.673,687.073
687.674,687.075
687.670,687.068
687.666,687.063
687.667,687.065
687.669,687.067
687.665,687.062
687.667,687.064
687.668,687.066
687.670,687.068
687.663,687.059
687.668,687.065
687.669,687.068
687.662,687.058
687.667,687.065
687.663,687.059
687.665,687.062
687.667,687.065
687.669,687.067
687.673,687.073
687.668,687.066
687.670,687.068
687.674,687.074
687.669,687.068
687.663,687.058
687.665,687.061
687.666,687.064
687.668,687.066
687.672,687.072
687.673,687.073
687.674,687.075
687.670,687.068
687.671,687.070
687.672,687.072
687.673,687.073
687.669,687.067
687.670,687.069
687.672,687.071
687.673,687.073
687.676,687.078
687.677,687.079
687.678,687.080
687.678,687.080
687.679,687.081
687.674,687.074
687.675,687.075
687.676,687.077
687.671,687.070
687.672,687.072
687.673,687.073
687.666,687.063
687.668,687.066
687.672,687.072
687.673,687.073
687.666,687.063
687.660,687.054
687.662,687.057
687.656,687.049
687.659,687.053
687.661,687.056
687.658,687.052
687.660,687.055
687.662,687.058
687.656,687.050
687.662,687.057
687.664,687.060
687.666,687.063
687.659,687.054
687.654,687.046
687.648,687.038
687.646,687.035
687.650,687.040
687.653,687.045
687.656,687.049
687.661,687.056
687.655,687.048
687.658,687.052
687.660,687.055
687.655,687.047
687.657,687.051
687.660,687.054
687.662,687.058
687.656,687.049
687.659,687.053
687.656,687.049
687.650,687.041
687.653,687.045
687.656,687.049
687.654,687.046
687.656,687.050
687.659,687.053
687.661,687.056
687.663,687.059
687.665,687.062
687.662,687.057
687.656,687.048
687.658,687.052
687.661,687.056
687.657,687.051
687.655,687.047
687.657,687.051
687.652,687.043
687.655,687.047
687.658,687.051
687.660,687.055
687.662,687.058
687.664,687.061
687.658,687.052
687.663,687.059
687.657,687.050
687.651,687.043
687.646,687.036
687.650,687.040
687.648,687.037
687.651,687.042
687.646,687.035
687.642,687.029
687.638,687.023
687.642,687.029
687.646,687.035
687.644,687.032
687.648,687.037
687.651,687.042
687.654,687.047
687.652,687.043
687.649,687.040
687.653,687.044
687.647,687.037
687.643,687.030
687.641,687.028
687.645,687.034
687.649,687.039
687.652,687.044
687.655,687.048
687.653,687.044
687.650,687.041
687.645,687.034
687.641,687.028
687.640,687.026
687.638,687.024
687.643,687.030
687.639,687.024
687.643,687.030
687.639,687.025
687.646,687.034
687.649,687.040
687.653,687.044
687.647,687.037
687.646,687.034
687.652,687.043
687.655,687.047
687.658,687.051
687.660,687.055
687.654,687.046
687.649,687.039
687.644,687.032
687.640,687.026
687.636,687.021
687.632,687.016
687.632,687.015
687.632,687.014
687.628,687.010
687.634,687.017
687.633,687.017
687.630,687.012
687.635,687.019
687.640,687.026
687.636,687.020
687.640,687.027
687.647,687.036
687.651,687.041
687.654,687.046
687.651,687.042
687.646,687.035
687.642,687.029
687.646,687.034
687.644,687.032
687.642,687.030
687.646,687.035
687.642,687.029
687.638,687.023
687.642,687.029
687.641,687.027
687.639,687.025
687.635,687.020
687.632,687.015
687.637,687.022
687.641,687.028
687.640,687.026
687.644,687.032
687.640,687.026
687.636,687.020
687.632,687.016
687.629,687.011
687.634,687.018
687.639,687.025
687.643,687.031
687.639,687.025
687.643,687.031
687.639,687.025
687.635,687.020
687.634,687.019
687.631,687.014
687.628,687.009
687.625,687.006
687.623,687.002
687.623,687.003
687.624,687.003
687.621,687.000
687.619,686.997
687.617,686.994
687.624,687.003
687.629,687.011
687.634,687.018
687.639,687.025
687.635,687.020
687.632,687.015
687.629,687.010
687.634,687.018
687.633,687.017
687.638,687.024
687.634,687.018
687.639,687.025
687.638,687.023
687.642,687.029
687.646,687.035
687.650,687.040
687.653,687.045
687.648,687.037
687.651,687.042
687.654,687.046
687.657,687.050
687.659,687.054
687.662,687.057
687.658,687.052
687.656,687.048
687.658,687.052
687.661,687.055
687.655,687.047
687.429,686.727
687.429,686.728
687.429,686.728
687.429,686.728
687.429,686.728
687.429,686.728
687.429,686.728
687.429,686.728
687.430,686.728
687.430,686.728
687.430,686.728
687.430,686.729
687.430,686.729
687.430,686.729
687.430,686.729
687.430,686.729
687.430,686.729
687.432,686.733
687.432,686.732
687.432,686.732
687.432,686.732
687.432,686.731
687.432,686.731
687.431,686.731
687.431,686.731
687.431,686.731
687.431,686.730
687.431,686.730
687.431,686.730
687.431,686.730
687.431,686.730
687.431,686.730
687.431,686.730
687.431,686.730
687.430,686.730
687.430,686.730
687.430,686.729
687.430,686.729
687.430,686.729
687.430,686.729
687.430,686.729
687.430,686.729
687.430,686.729
687.430,686.729
687.430,686.729
687.430,686.729
687.430,686.729
687.430,686.729
687.433,686.733
687.433,686.733
687.432,686.733
687.432,686.732
687.432,686.732
687.432,686.732
687.432,686.731
687.432,686.731
687.431,686.731
687.431,686.731
687.431,686.731
687.431,686.730
687.434,686.734
687.433,686.734
687.433,686.733
687.433,686.733
687.432,686.732
687.435,686.736
687.434,686.735
687.434,686.735
687.436,686.738
687.436,686.737
687.430,686.729
687.430,686.729
687.430,686.729
687.430,686.729
687.430,686.729
687.430,686.729
687.430,686.729
687.430,686.729
687.430,686.729
687.430,686.729
687.430,686.729
687.430,686.729
687.430,686.729
687.430,686.729
687.433,686.733
687.432,686.732
687.432,686.732
687.432,686.732
687.432,686.731
687.426,686.724
687.427,686.724
687.427,686.725
687.427,686.725
687.427,686.725
687.428,686.726
687.428,686.726
687.428,686.726
687.428,686.727
687.428,686.727
687.429,686.727
687.429,686.727
687.429,686.727
687.429,686.727
687.432,686.731
687.432,686.731
687.431,686.731
687.431,686.731
687.431,686.731
687.431,686.731
687.431,686.730
687.431,686.730
687.423,686.719
687.423,686.720
687.424,686.721
687.433,686.733
687.432,686.732
687.432,686.732
687.424,686.720
687.425,686.721
687.420,686.714
687.421,686.716
687.422,686.717
687.430,686.730
687.430,686.730
687.430,686.729
687.430,686.729
687.422,686.718
687.423,686.719
687.416,686.709
687.417,686.711
687.418,686.712
687.419,686.714
687.428,686.727
687.420,686.715
687.421,686.717
687.422,686.718
687.415,686.708
687.416,686.710
687.418,686.711
687.419,686.713
687.428,686.726
687.428,686.726
687.431,686.730
687.431,686.730
687.423,686.719
687.423,686.720
687.417,686.710
687.418,686.712
687.419,686.713
687.420,686.715
687.421,686.716
687.430,686.729
687.422,686.718
687.423,686.719
687.423,686.720
687.424,686.720
687.433,686.733
687.432,686.732
687.435,686.736
687.434,686.735
687.429,686.727
687.429,686.727
687.429,686.727
687.421,686.716
687.430,686.729
687.430,686.729
687.430,686.729
687.433,686.733
687.432,686.732
687.432,686.732
687.432,686.732
687.427,686.725
687.428,686.726
687.428,686.726
687.423,686.719
687.423,686.720
687.424,686.720
687.427,686.725
687.428,686.725
687.428,686.726
687.428,686.726
687.420,686.715
687.413,686.705
687.407,686.696
687.409,686.699
687.406,686.694
687.408,686.698
687.410,686.701
687.412,686.703
687.414,686.706
687.415,686.708
687.417,686.710
687.418,686.712
687.419,686.713
687.420,686.715
687.421,686.716
687.425,686.722
687.426,686.723
687.426,686.724
687.419,686.713
687.420,686.714
687.421,686.716
687.416,686.709
687.425,686.723
687.426,686.723
687.434,686.735
687.426,686.723
687.426,686.724
687.427,686.724
687.419,686.713
687.420,686.715
687.421,686.716
687.422,686.717
687.423,686.718
687.426,686.723
687.418,686.713
687.419,686.714
687.420,686.715
687.413,686.705
687.415,686.708
687.416,686.710
687.418,686.711
687.427,686.725
687.419,686.714
687.420,686.715
687.413,686.705
687.407,686.696
687.409,686.699
687.411,686.702
687.413,686.704
687.414,686.707
687.411,686.701
687.412,686.704
687.414,686.706
687.416,686.709
687.409,686.699
687.403,686.691
687.405,686.694
687.416,686.709
687.409,686.699
687.411,686.702
687.405,686.694
687.410,686.701
687.404,686.692
687.409,686.699
687.411,686.702
687.413,686.705
687.417,686.711
687.418,686.713
687.420,686.714
687.421,686.716
687.413,686.705
687.418,686.711
687.411,686.702
687.413,686.704
687.414,686.707
687.416,686.709
687.409,686.699
687.411,686.702
687.413,686.705
687.417,686.711
687.410,686.701
687.412,686.704
687.417,686.710
687.410,686.701
687.412,686.703
687.416,686.710
687.418,686.711
687.419,686.713
687.420,686.715
687.421,686.716
687.422,686.717
687.422,686.718
687.415,686.708
687.417,686.710
687.418,686.712
687.419,686.713
687.420,686.715
687.421,686.716
687.422,686.717
687.423,686.719
687.423,686.720
687.424,686.720
687.425,686.721
687.425,686.722
687.418,686.711
687.419,686.713
687.412,686.703
687.414,686.706
687.407,686.696
687.404,686.692
687.406,686.696
687.409,686.699
687.411,686.702
687.404,686.693
687.407,686.696
687.409,686.699
687.414,686.706
687.415,686.708
687.409,686.699
687.405,686.694
687.408,686.697
687.402,686.689
687.404,686.693
687.407,686.696
687.409,686.699
687.411,686.702
687.416,686.709
687.417,686.711
687.418,686.712
687.411,686.703
687.413,686.705
687.415,686.707
687.416,686.709
687.412,686.704
687.406,686.695
687.408,686.698
687.413,686.705
687.414,686.707
687.419,686.713
687.420,686.714
687.421,686.716
687.422,686.717
687.425,686.722
687.426,686.723
687.426,686.723
687.418,686.713
687.411,686.703
687.405,686.694
687.408,686.697
687.402,686.689
687.396,686.681
687.392,686.675
687.395,686.680
687.398,686.684
687.393,686.677
687.392,686.675
687.387,686.668
687.391,686.674
687.395,686.679
687.390,686.673
687.386,686.667
687.390,686.673
687.394,686.678
687.392,686.675
687.388,686.669
687.392,686.675
687.398,686.684
687.401,686.688
687.404,686.692
687.401,686.688
687.404,686.692
687.406,686.695
687.409,686.699
687.411,686.701
687.412,686.704
687.414,686.706
687.408,686.697
687.402,686.689
687.404,686.693
687.407,686.696
687.409,686.699
687.403,686.691
687.398,686.683
687.393,686.676
687.388,686.670
687.384,686.664
687.372,686.647
687.370,686.644
687.368,686.641
687.365,686.638
687.364,686.635
687.362,686.632
687.360,686.630
687.359,686.628
687.358,686.627
687.359,686.629
687.366,686.638
687.372,686.647
687.378,686.655
687.383,686.662
687.387,686.668
687.383,686.663
687.388,686.669
687.386,686.667
687.390,686.673
687.394,686.678
687.398,686.683
687.393,686.676
687.388,686.670
687.384,686.664
687.389,686.670
687.384,686.664
687.389,686.671
687.385,686.665
687.381,686.660
687.378,686.655
687.375,686.650
687.372,686.647
687.377,686.654
687.374,686.650
687.380,686.658
687.376,686.653
687.374,686.649
687.379,686.657
687.376,686.652
687.373,686.648
687.373,686.648
687.370,686.645
687.368,686.641
687.366,686.638
687.364,686.635
687.362,686.633
687.369,686.642
687.366,686.639
687.372,686.648
687.370,686.644
687.368,686.641
687.366,686.638
687.364,686.635
687.362,686.633
687.368,686.642
687.366,686.639
687.364,686.636
687.371,686.645
687.368,686.641
687.366,686.638
687.356,686.624
687.355,686.623
687.354,686.622
687.361,686.632
687.360,686.630
687.359,686.628
687.357,686.626
687.356,686.624
687.355,686.623
687.354,686.622
687.353,686.621
687.353,686.620
687.352,686.619
687.351,686.618
687.351,686.617
687.350,686.616
687.350,686.616
687.350,686.615
687.349,686.615
687.349,686.614
687.357,686.625
687.364,686.635
687.370,686.644
687.376,686.652
687.381,686.659
687.386,686.666
687.382,686.661
687.378,686.656
687.375,686.651
687.372,686.647
687.378,686.655
687.383,686.662
687.379,686.657
687.376,686.653
687.381,686.660
687.386,686.666
687.390,686.672
687.386,686.666
687.390,686.672
687.394,686.678
687.397,686.683
687.392,686.676
687.388,686.669
687.392,686.675
687.388,686.669
687.384,686.663
687.380,686.658
687.377,686.654
687.374,686.649
687.374,686.649
687.371,686.646
687.377,686.654
687.382,686.661
687.386,686.667
687.383,686.662
687.387,686.668
687.391,686.674
687.395,686.679
687.398,686.684
687.401,686.688
687.396,686.681
687.394,686.678
687.397,686.683
687.392,686.676
687.396,686.681
687.391,686.674
687.395,686.679
687.398,686.684
687.401,686.688
687.396,686.681
687.399,686.685
687.402,686.690
687.397,686.682
687.392,686.675
687.388,686.669
687.384,686.663
687.380,686.658
687.377,686.654
687.382,686.661
687.386,686.667
687.383,686.662
687.379,686.657
687.376,686.652
687.373,686.648
687.370,686.645
687.368,686.641
687.366,686.638
687.372,686.647
687.378,686.655
687.374,686.650
687.380,686.658
687.377,686.653
687.382,686.660
687.373,686.648
687.370,686.644
687.376,686.652
687.373,686.648
687.370,686.645
687.368,686.641
687.366,686.638
687.364,686.635
687.370,686.644
687.368,686.641
687.374,686.649
687.374,686.649
687.371,686.646
687.369,686.642
687.367,686.639
687.367,686.640
687.373,686.648
687.371,686.645
687.371,686.645
687.368,686.642
687.366,686.639
687.372,686.647
687.370,686.644
687.367,686.640
687.368,686.641
687.366,686.638
687.364,686.635
687.370,686.644
687.376,686.652
687.381,686.660
687.378,686.655
687.383,686.662
687.379,686.657
687.376,686.652
687.381,686.660
687.378,686.655
687.383,686.662
687.379,686.657
687.384,686.664
687.388,686.670
687.384,686.664
687.381,686.659
687.380,686.658
687.377,686.654
687.374,686.649
687.379,686.657
687.376,686.652
687.381,686.660
687.378,686.655
687.375,686.651
687.380,686.658
687.385,686.665
687.381,686.660
687.378,686.655
687.375,686.650
687.366,686.639
687.367,686.640
687.365,686.637
687.366,686.638
687.364,686.636
687.362,686.633
687.369,686.642
687.367,686.639
687.365,686.636
687.363,686.634
687.361,686.631
687.360,686.629
687.366,686.639
687.364,686.636
687.363,686.634
687.361,686.631
687.354,686.622
687.353,686.620
687.353,686.619
687.360,686.630
687.359,686.628
687.357,686.626
687.356,686.625
687.363,686.635
687.362,686.632
687.360,686.630
687.359,686.628
687.358,686.626
687.356,686.625
687.355,686.623
687.362,686.633
687.361,686.631
687.362,686.633
687.360,686.631
687.359,686.629
687.358,686.627
687.349,686.614
687.348,686.613
687.348,686.613
687.348,686.613
687.348,686.612
687.347,686.612
687.342,686.604
687.337,686.597
687.338,686.598
687.333,686.592
687.334,686.594
687.338,686.599
687.347,686.611
687.347,686.611
687.347,686.611
687.346,686.611
687.346,686.611
687.346,686.611
687.346,686.610
687.346,686.610
687.346,686.610
687.346,686.610
687.346,686.610
687.346,686.610
687.346,686.610
687.346,686.610
687.346,686.610
687.338,686.599
687.339,686.600
687.331,686.589
687.333,686.591
687.334,686.593
687.327,686.583
687.321,686.574
687.318,686.570
687.312,686.562
687.307,686.555
687.311,686.561
687.306,686.554
687.310,686.559
687.305,686.553
687.309,686.558
687.313,686.563
687.316,686.567
687.319,686.571
687.321,686.575
687.316,686.567
687.318,686.571
687.321,686.575
687.323,686.578
687.325,686.581
687.327,686.584
687.329,686.586
687.331,686.588
687.332,686.590
687.325,686.581
687.319,686.572
687.314,686.564
687.311,686.561
687.315,686.566
687.324,686.580
687.326,686.582
687.320,686.574
687.323,686.577
687.325,686.580
687.319,686.572
687.321,686.575
687.316,686.567
687.310,686.560
687.314,686.564
687.317,686.569
687.312,686.561
687.315,686.566
687.318,686.570
687.320,686.574
687.323,686.577
687.325,686.580
687.327,686.583
687.329,686.585
687.322,686.576
687.324,686.580
687.318,686.571
687.321,686.575
687.323,686.578
687.326,686.581
687.335,686.594
687.336,686.595
687.337,686.597
687.337,686.598
687.338,686.599
687.342,686.604
687.342,686.604
687.342,686.605
687.343,686.605
687.343,686.606
687.335,686.595
687.336,686.596
687.337,686.597
687.338,686.599
687.339,686.600
687.339,686.601
687.340,686.601
687.340,686.602
687.333,686.592
687.329,686.586
687.322,686.577
687.317,686.568
687.311,686.561
687.307,686.554
687.302,686.548
687.309,686.558
687.305,686.552
687.301,686.546
687.305,686.552
687.301,686.546
687.297,686.541
687.294,686.536
687.291,686.532
687.290,686.531
687.288,686.527
687.293,686.535
687.290,686.531
687.287,686.527
687.293,686.535
687.290,686.531
687.295,686.538
687.292,686.534
687.297,686.541
687.294,686.536
687.293,686.535
687.293,686.535
687.290,686.531
687.290,686.531
687.295,686.538
687.292,686.533
687.289,686.529
687.294,686.536
687.291,686.532
687.288,686.528
687.286,686.524
687.283,686.521
687.289,686.530
687.295,686.537
687.299,686.544
687.296,686.539
687.293,686.534
687.290,686.530
687.287,686.526
687.284,686.523
687.282,686.520
687.288,686.528
687.286,686.525
687.283,686.521
687.281,686.518
687.279,686.516
687.278,686.513
687.276,686.511
687.283,686.520
687.281,686.518
687.279,686.515
687.291,686.532
687.288,686.528
687.286,686.524
687.283,686.521
687.281,686.518
687.279,686.516
687.286,686.524
687.283,686.521
687.281,686.518
687.279,686.516
687.278,686.513
687.276,686.511
687.275,686.509
687.273,686.507
687.272,686.506
687.271,686.504
687.273,686.506
687.272,686.505
687.271,686.504
687.270,686.502
687.269,686.501
687.268,686.500
687.268,686.499
687.267,686.498
687.267,686.497
687.274,686.508
687.281,686.518
687.279,686.515
687.277,686.513
687.284,686.522
687.282,686.519
687.280,686.516
687.278,686.514
687.284,686.523
687.282,686.520
687.288,686.528
687.294,686.536
687.299,686.543
687.303,686.549
687.299,686.544
687.296,686.539
687.300,686.545
687.297,686.540
687.293,686.535
687.293,686.535
687.290,686.531
687.287,686.527
687.285,686.523
687.291,686.531
687.288,686.528
687.285,686.524
687.283,686.521
687.281,686.518
687.287,686.527
687.285,686.523
687.290,686.531
687.288,686.527
687.285,686.524
687.291,686.532
687.288,686.528
687.286,686.524
687.283,686.521
687.281,686.518
687.279,686.516
687.278,686.513
687.276,686.511
687.275,686.509
687.273,686.507
687.272,686.506
687.271,686.504
687.262,686.491
687.265,686.495
687.264,686.495
687.264,686.494
687.264,686.494
687.264,686.493
687.263,686.493
687.263,686.493
687.263,686.493
687.263,686.492
687.263,686.492
687.263,686.492
687.263,686.492
687.270,686.503
687.270,686.502
687.269,686.501
687.268,686.500
687.267,686.499
687.267,686.498
687.266,686.497
687.266,686.496
687.273,686.507
687.280,686.517
687.279,686.514
687.277,686.512
687.275,686.510
687.274,686.508
687.273,686.506
687.264,686.493
687.263,686.493
687.263,686.493
687.263,686.493
687.271,686.504
687.270,686.502
687.269,686.501
687.268,686.500
687.260,686.488
687.260,686.488
687.260,686.488
687.260,686.488
687.260,686.489
687.260,686.489
687.260,686.489
687.261,686.489
687.261,686.489
687.261,686.489
687.269,686.501
687.268,686.500
687.267,686.499
687.267,686.498
687.266,686.497
687.266,686.496
687.265,686.496
687.265,686.495
687.265,686.495
687.264,686.494
687.264,686.494
687.264,686.494
687.264,686.493
687.263,686.493
687.263,686.493
687.263,686.492
687.263,686.492
687.263,686.492
687.263,686.492
687.262,686.492
687.262,686.492
687.262,686.491
687.262,686.491
687.262,686.491
687.262,686.491
687.262,686.491
687.262,686.491
687.262,686.491
687.270,686.502
687.269,686.501
687.268,686.500
687.260,686.488
687.260,686.488
687.260,686.488
687.260,686.488
687.252,686.477
687.253,686.478
687.254,686.479
687.254,686.480
687.255,686.481
687.256,686.482
687.248,686.472
687.241,686.462
687.235,686.453
687.238,686.457
687.240,686.460
687.242,686.463
687.244,686.465
687.246,686.468
687.247,686.470
687.240,686.460
687.242,686.463
687.244,686.466
687.240,686.460
687.242,686.463
687.252,686.477
687.253,686.478
687.254,686.480
687.255,686.481
687.258,686.485
687.258,686.486
687.267,686.497
687.266,686.497
687.266,686.496
687.273,686.507
687.272,686.505
687.279,686.515
687.277,686.513
687.276,686.511
687.274,686.509
687.273,686.507
687.272,686.505
687.271,686.504
687.270,686.503
687.261,686.490
687.261,686.490
687.261,686.490
687.261,686.490
687.261,686.490
687.261,686.490
687.261,686.490
687.261,686.490
687.261,686.490
687.253,686.479
687.254,686.480
687.247,686.469
687.240,686.460
687.242,686.463
687.244,686.465
687.246,686.468
687.247,686.470
687.248,686.472
687.250,686.474
687.251,686.475
687.252,686.477
687.253,686.478
687.254,686.479
687.254,686.480
687.255,686.481
687.256,686.482
687.256,686.483
687.257,686.483
687.257,686.484
687.257,686.485
687.258,686.485
687.266,686.497
687.274,686.508
687.273,686.506
687.271,686.504
687.279,686.515
687.285,686.524
687.283,686.520
687.281,686.518
687.279,686.515
687.277,686.513
687.276,686.510
687.274,686.509
687.265,686.495
687.265,686.495
687.264,686.494
687.264,686.494
687.264,686.494
687.264,686.493
687.263,686.493
687.263,686.493
687.271,686.504
687.270,686.503
687.261,686.490
687.261,686.490
687.261,686.490
687.261,686.490
687.261,686.490
687.261,686.490
687.261,686.490
687.261,686.490
687.256,686.482
687.256,686.483
687.257,686.484
687.257,686.484
687.258,686.485
687.258,686.485
687.258,686.486
687.259,686.486
687.259,686.487
687.259,686.487
687.259,686.487
687.260,686.488
687.260,686.488
687.260,686.488
687.252,686.477
687.253,686.478
687.254,686.479
687.254,686.480
687.255,686.481
687.248,686.471
687.249,686.473
687.250,686.474
687.243,686.464
687.237,686.455
687.239,686.459
687.241,686.462
687.243,686.464
687.245,686.467
687.238,686.458
687.233,686.449
687.227,686.442
687.231,686.446
687.225,686.439
687.229,686.444
687.232,686.448
687.235,686.452
687.229,686.445
687.232,686.449
687.235,686.453
687.229,686.445
687.233,686.449
687.235,686.453
687.230,686.445
687.233,686.450
687.235,686.453
687.230,686.446
687.233,686.450
687.236,686.454
687.238,686.457
687.232,686.449
687.235,686.453
687.237,686.456
687.232,686.448
687.226,686.441
687.222,686.434
687.217,686.428
687.222,686.434
687.225,686.439
687.229,686.444
687.232,686.448
687.235,686.452
687.237,686.456
687.240,686.459
687.234,686.451
687.236,686.455
687.231,686.446
687.225,686.439
687.229,686.444
687.232,686.448
687.227,686.441
687.230,686.446
687.233,686.450
687.236,686.454
687.238,686.457
687.240,686.460
687.242,686.463
687.244,686.466
687.238,686.457
687.240,686.460
687.242,686.463
687.244,686.465
687.245,686.468
687.247,686.470
687.240,686.460
687.242,686.463
687.244,686.466
687.246,686.468
687.247,686.470
687.249,686.472
687.250,686.474
687.243,686.464
687.245,686.467
687.246,686.469
687.248,686.471
687.249,686.473
687.242,686.463
687.244,686.466
687.246,686.468
687.239,686.459
687.233,686.450
687.236,686.454
687.230,686.446
687.233,686.450
687.236,686.454
687.238,686.458
687.241,686.461
687.242,686.463
687.244,686.466
687.238,686.457
687.240,686.460
687.242,686.463
687.244,686.466
687.246,686.468
687.239,686.459
687.241,686.462
687.243,686.464
687.245,686.467
687.246,686.469
687.248,686.471
687.252,686.476
687.253,686.478
687.261,686.490
687.261,686.490
687.261,686.490
687.261,686.490
687.261,686.490
687.253,686.479
687.246,686.469
687.240,686.459
687.242,686.462
687.244,686.465
687.245,686.467
687.239,686.458
687.241,686.461
687.243,686.464
687.237,686.455
687.231,686.447
687.234,686.451
687.236,686.455
687.239,686.458
687.233,686.450
687.236,686.454
687.238,686.457
687.240,686.460
687.242,686.463
687.236,686.454
687.238,686.458
687.241,686.461
687.235,686.452
687.201,686.405
687.199,686.401
687.197,686.398
687.195,686.396
687.201,686.405
687.207,686.413
687.204,686.409
687.209,686.417
687.206,686.412
687.203,686.408
687.201,686.405
687.199,686.401
687.197,686.398
687.195,686.396
687.193,686.393
687.199,686.403
687.205,686.411
687.203,686.407
687.200,686.404
687.206,686.412
687.203,686.408
687.201,686.404
687.198,686.401
687.196,686.398
687.203,686.407
687.206,686.412
687.203,686.408
687.209,686.416
687.206,686.411
687.211,686.419
687.208,686.414
687.213,686.421
687.217,686.428
687.214,686.423
687.210,686.418
687.215,686.425
687.211,686.419
687.208,686.415
687.203,686.407
687.208,686.415
687.205,686.411
687.202,686.407
687.200,686.403
687.206,686.412
687.211,686.419
687.208,686.414
687.213,686.422
687.210,686.417
687.206,686.412
687.204,686.408
687.209,686.416
687.206,686.412
687.203,686.408
687.201,686.404
687.206,686.412
687.204,686.408
687.201,686.405
687.199,686.402
687.197,686.399
687.203,686.407
687.200,686.404
687.198,686.401
687.204,686.409
687.210,686.417
687.206,686.412
687.204,686.408
687.201,686.405
687.199,686.402
687.197,686.399
687.195,686.396
687.193,686.394
687.200,686.403
687.197,686.400
687.195,686.397
687.194,686.394
687.192,686.392
687.191,686.390
687.197,686.400
687.195,686.397
687.194,686.394
687.200,686.403
687.198,686.400
687.196,686.397
687.194,686.395
687.200,686.404
687.198,686.401
687.196,686.398
687.202,686.407
687.200,686.403
687.206,686.411
687.203,686.408
687.201,686.404
687.198,686.401
687.196,686.398
687.194,686.395
687.193,686.393
687.199,686.402
687.197,686.399
687.195,686.397
687.193,686.394
687.200,686.403
687.206,686.411
687.203,686.408
687.201,686.404
687.198,686.401
687.204,686.409
687.202,686.406
687.207,686.414
687.204,686.410
687.202,686.406
687.199,686.402
687.197,686.399
687.195,686.397
687.194,686.394
687.192,686.392
687.199,686.401
687.196,686.398
687.203,686.407
687.200,686.404
687.206,686.412
687.203,686.408
687.209,686.416
687.214,686.423
687.210,686.418
687.207,686.413
687.204,686.409
687.204,686.409
687.202,686.406
687.199,686.402
687.197,686.399
687.195,686.396
687.201,686.405
687.207,686.413
687.204,686.409
687.202,686.406
687.199,686.402
687.205,686.411
687.203,686.407
687.200,686.403
687.198,686.400
687.196,686.397
687.194,686.395
687.192,686.392
687.191,686.390
687.190,686.389
687.188,686.387
687.187,686.385
687.186,686.384
687.191,686.390
687.198,686.400
687.204,686.408
687.201,686.405
687.199,686.401
687.197,686.399
687.195,686.396
687.193,686.393
687.192,686.391
687.193,686.393
687.199,686.402
687.197,686.399
687.203,686.408
687.201,686.404
687.198,686.401
687.196,686.398
687.195,686.396
687.193,686.393
687.199,686.402
687.205,686.411
687.203,686.407
687.208,686.415
687.205,686.411
687.203,686.407
687.208,686.415
687.205,686.411
687.202,686.407
687.200,686.403
687.198,686.400
687.196,686.397
687.194,686.395
687.192,686.392
687.191,686.390
687.190,686.388
687.188,686.387
687.187,686.385
687.186,686.384
687.185,686.382
687.193,686.393
687.191,686.391
687.187,686.385
687.186,686.384
687.185,686.382
687.193,686.393
687.191,686.391
687.190,686.389
687.197,686.398
687.195,686.396
687.201,686.405
687.207,686.413
687.204,686.409
687.201,686.405
687.199,686.402
687.197,686.399
687.195,686.396
687.193,686.394
687.192,686.391
687.190,686.389
687.189,686.388
687.196,686.397
687.194,686.395
687.192,686.392
687.191,686.390
687.190,686.389
687.188,686.387
687.187,686.385
687.186,686.384
687.185,686.383
687.185,686.381
687.184,686.380
687.183,686.379
687.183,686.379
687.182,686.378
687.182,686.377
687.189,686.388
687.188,686.386
687.187,686.385
687.194,686.395
687.200,686.404
687.198,686.401
687.204,686.409
687.202,686.405
687.199,686.402
687.197,686.399
687.195,686.396
687.193,686.394
687.200,686.403
687.206,686.411
687.203,686.407
687.208,686.415
687.206,686.411
687.203,686.407
687.200,686.404
687.206,686.412
687.211,686.419
687.216,686.426
687.212,686.421
687.217,686.427
687.213,686.422
687.218,686.428
687.214,686.423
687.210,686.418
687.215,686.425
687.220,686.431
687.216,686.425
687.212,686.420
687.217,686.427
687.221,686.433
687.217,686.427
687.213,686.421
687.209,686.417
687.206,686.412
687.203,686.408
687.201,686.405
687.199,686.401
687.197,686.398
687.195,686.396
687.193,686.393
687.191,686.391
687.190,686.389
687.191,686.391
687.190,686.389
687.197,686.399
687.203,686.407
687.200,686.404
687.206,686.412
687.211,686.420
687.208,686.415
687.213,686.422
687.210,686.417
687.207,686.413
687.212,686.420
687.208,686.415
687.206,686.411
687.203,686.407
687.200,686.404
687.198,686.401
687.196,686.398
687.202,686.406
687.203,686.407
687.200,686.403
687.198,686.400
687.196,686.397
687.202,686.406
687.200,686.403
687.198,686.400
687.204,686.408
687.201,686.405
687.199,686.401
687.205,686.410
687.210,686.418
687.215,686.424
687.219,686.431
687.215,686.425
687.212,686.420
687.208,686.415
687.213,686.422
687.210,686.417
687.207,686.413
687.204,686.409
687.201,686.405
687.207,686.413
687.215,686.424
687.211,686.419
687.208,686.415
687.213,686.422
687.210,686.417
687.206,686.412
687.204,686.408
687.209,686.416
687.206,686.412
687.211,686.419
687.208,686.415
687.205,686.410
687.202,686.407
687.200,686.403
687.206,686.411
687.211,686.419
687.208,686.414
687.205,686.410
687.202,686.406
687.200,686.403
687.198,686.400
687.204,686.408
687.201,686.405
687.199,686.402
687.197,686.399
687.195,686.396
687.193,686.394
687.192,686.391
687.190,686.389
687.189,686.388
687.188,686.386
687.187,686.384
687.186,686.383
687.185,686.382
687.184,686.381
687.183,686.380
687.183,686.379
687.190,686.390
687.197,686.399
687.195,686.396
687.201,686.405
687.199,686.402
687.197,686.399
687.203,686.408
687.201,686.404
687.206,686.412
687.212,686.420
687.216,686.426
687.213,686.421
687.209,686.416
687.214,686.423
687.211,686.418
687.207,686.414
687.212,686.421
687.209,686.416
687.206,686.412
687.211,686.419
687.208,686.415
687.213,686.422
687.210,686.417
687.206,686.412
687.212,686.420
687.208,686.415
687.205,686.411
687.203,686.407
687.200,686.404
687.198,686.400
687.196,686.398
687.194,686.395
687.193,686.393
687.191,686.391
687.190,686.389
687.188,686.387
687.187,686.385
687.186,686.384
687.185,686.383
687.185,686.382
687.184,686.380
687.183,686.380
687.183,686.379
687.182,686.378
687.182,686.377
687.189,686.388
687.188,686.386
687.187,686.385
687.186,686.383
687.185,686.382
687.184,686.381
687.184,686.380
687.183,686.379
687.190,686.390
687.189,686.388
687.188,686.386
687.187,686.385
687.186,686.383
687.185,686.382
687.184,686.381
687.184,686.380
687.191,686.390
687.198,686.400
687.196,686.397
687.194,686.395
687.192,686.392
687.191,686.390
687.189,686.388
687.188,686.387
687.187,686.385
687.194,686.395
687.201,686.404
687.201,686.405
687.199,686.401
687.197,686.398
687.195,686.396
687.193,686.393
687.191,686.391
687.190,686.389
687.189,686.387
687.188,686.386
687.187,686.384
687.194,686.394
687.192,686.392
687.199,686.401
687.197,686.399
687.195,686.396
687.193,686.393
687.192,686.391
687.190,686.389
687.189,686.387
687.180,686.374
687.179,686.374
687.179,686.374
687.179,686.373
687.179,686.373
687.179,686.373
687.178,686.373
687.178,686.373
687.178,686.372
687.178,686.372
687.178,686.372
687.178,686.372
687.178,686.372
687.186,686.383
687.177,686.370
687.177,686.370
687.177,686.370
687.177,686.370
687.177,686.370
687.177,686.370
687.169,686.359
687.161,686.349
687.163,686.351
687.164,686.353
687.166,686.354
687.167,686.356
687.168,686.357
687.168,686.359
687.169,686.360
687.170,686.361
687.171,686.362
687.171,686.363
687.172,686.363
687.172,686.364
687.173,686.365
687.173,686.365
687.173,686.366
687.175,686.368
687.167,686.357
687.168,686.358
687.169,686.359
687.170,686.360
687.178,686.373
687.186,686.384
687.185,686.382
687.184,686.381
687.176,686.369
687.176,686.369
687.176,686.369
687.168,686.358
687.169,686.359
687.178,686.372
687.178,686.372
687.178,686.371
687.177,686.371
687.177,686.371
687.177,686.371
687.177,686.371
687.169,686.360
687.170,686.361
687.171,686.362
687.171,686.363
687.169,686.359
687.169,686.360
687.170,686.361
687.171,686.362
687.163,686.351
687.165,686.353
687.166,686.355
687.169,686.360
687.170,686.361
687.171,686.362
687.171,686.363
687.164,686.352
687.165,686.354
687.166,686.355
687.167,686.357
687.168,686.358
687.169,686.359
687.162,686.349
687.163,686.351
687.164,686.353
687.166,686.355
687.167,686.356
687.168,686.357
687.169,686.359
687.169,686.360
687.170,686.361
687.171,686.362
687.171,686.363
687.172,686.363
687.172,686.364
687.173,686.365
687.173,686.365
687.174,686.366
687.168,686.359
687.169,686.360
687.170,686.361
687.171,686.362
687.163,686.351
687.164,686.353
687.166,686.355
687.167,686.356
687.168,686.357
687.169,686.359
687.169,686.360
687.170,686.361
687.171,686.362
687.171,686.363
687.172,686.363
687.172,686.364
687.173,686.365
687.165,686.354
687.166,686.355
687.167,686.357
687.160,686.347
687.162,686.349
687.163,686.351
687.164,686.353
687.166,686.355
687.167,686.356
687.160,686.346
687.161,686.348
687.163,686.350
687.164,686.352
687.165,686.354
687.166,686.356
687.159,686.346
687.161,686.348
687.163,686.350
687.156,686.341
687.150,686.332
687.144,686.325
687.148,686.329
687.142,686.322
687.138,686.315
687.141,686.320
687.137,686.313
687.132,686.308
687.137,686.313
687.140,686.319
687.136,686.312
687.140,686.318
687.143,686.323
687.138,686.316
687.134,686.310
687.130,686.304
687.135,686.311
687.139,686.316
687.134,686.310
687.138,686.316
687.142,686.321
687.137,686.314
687.133,686.308
687.137,686.314
687.141,686.320
687.144,686.324
687.147,686.329
687.150,686.333
687.153,686.336
687.155,686.340
687.149,686.331
687.152,686.335
687.154,686.338
687.148,686.330
687.151,686.334
687.153,686.337
687.156,686.340
687.150,686.332
687.144,686.324
687.139,686.317
687.143,686.322
687.138,686.316
687.134,686.310
687.138,686.315
687.142,686.321
687.145,686.325
687.148,686.330
687.151,686.334
687.153,686.337
687.156,686.340
687.158,686.343
687.159,686.346
687.153,686.337
687.155,686.340
687.157,686.343
687.159,686.345
687.161,686.348
687.154,686.339
687.156,686.342
687.158,686.344
687.152,686.336
687.154,686.339
687.149,686.330
687.143,686.323
687.138,686.316
687.134,686.310
687.138,686.316
687.142,686.321
687.145,686.326
687.140,686.318
687.144,686.323
687.147,686.328
687.150,686.332
687.152,686.336
687.147,686.328
687.149,686.332
687.152,686.335
687.154,686.339
687.149,686.330
687.151,686.334
687.154,686.338
687.156,686.341
687.158,686.344
687.160,686.346
687.161,686.348
687.163,686.351
687.164,686.352
687.165,686.354
687.166,686.356
687.159,686.346
687.153,686.337
687.147,686.329
687.150,686.333
687.153,686.336
687.155,686.340
687.149,686.331
687.152,686.335
687.154,686.338
687.156,686.341
687.150,686.333
687.153,686.336
687.147,686.328
687.150,686.332
687.152,686.336
687.155,686.339
687.157,686.342
687.159,686.345
687.160,686.347
687.162,686.349
687.155,686.340
687.157,686.343
687.159,686.346
687.161,686.348
687.162,686.350
687.164,686.352
687.165,686.354
687.166,686.355
687.167,686.357
687.168,686.358
687.169,686.359
687.170,686.360
687.162,686.350
687.156,686.340
687.158,686.343
687.159,686.346
687.161,686.348
687.163,686.350
687.172,686.364
687.164,686.353
687.166,686.355
687.175,686.367
687.167,686.356
687.168,686.358
687.169,686.359
687.161,686.349
687.155,686.339
687.157,686.342
687.159,686.345
687.161,686.347
687.154,686.338
687.156,686.341
687.166,686.355
687.167,686.357
687.168,686.358
687.169,686.359
687.170,686.360
687.170,686.361
687.171,686.362
687.172,686.363
687.172,686.364
687.170,686.361
687.171,686.362
687.171,686.362
687.172,686.363
687.172,686.364
687.173,686.365
687.173,686.365
687.173,686.366
687.166,686.355
687.159,686.345
687.160,686.347
687.162,686.349
687.155,686.340
687.157,686.343
687.159,686.346
687.153,686.337
687.147,686.328
687.150,686.332
687.153,686.336
687.155,686.339
687.149,686.331
687.152,686.335
687.154,686.338
687.156,686.341
687.158,686.344
687.160,686.346
687.161,686.349
687.163,686.351
687.164,686.353
687.165,686.354
687.159,686.345
687.160,686.347
687.154,686.338
687.156,686.341
687.158,686.344
687.152,686.335
687.154,686.338
687.156,686.341
687.150,686.333
687.153,686.336
687.155,686.340
687.157,686.343
687.151,686.334
687.153,686.337
687.156,686.340
687.150,686.332
687.152,686.336
687.147,686.328
687.149,686.332
687.152,686.335
687.154,686.339
687.157,686.342
687.159,686.345
687.160,686.347
687.162,686.349
687.163,686.351
687.165,686.353
687.158,686.343
687.160,686.346
687.161,686.348
687.163,686.350
687.164,686.352
687.165,686.354
687.158,686.344
687.160,686.347
687.162,686.349
687.155,686.340
687.149,686.331
687.152,686.335
687.154,686.338
687.156,686.341
687.158,686.344
687.160,686.347
687.162,686.349
687.155,686.339
687.157,686.342
687.159,686.345
687.161,686.348
687.162,686.350
687.164,686.352
687.157,686.342
687.151,686.333
687.145,686.326
687.148,686.330
687.151,686.334
687.153,686.337
687.148,686.329
687.142,686.322
687.138,686.315
687.141,686.320
687.142,686.321
687.145,686.326
687.148,686.330
687.151,686.334
687.153,686.337
687.156,686.340
687.158,686.343
687.151,686.335
687.154,686.338
687.148,686.330
687.151,686.334
687.153,686.337
687.156,686.340
687.158,686.343
687.151,686.334
687.146,686.326
687.149,686.331
687.151,686.334
687.146,686.326
687.141,686.319
687.144,686.324
687.139,686.317
687.143,686.322
687.146,686.327
687.149,686.331
687.149,686.331
687.152,686.335
687.146,686.327
687.141,686.320
687.136,686.313
687.140,686.319
687.144,686.324
687.139,686.317
687.142,686.322
687.138,686.315
687.133,686.309
687.138,686.315
687.133,686.309
687.129,686.303
687.134,686.310
687.138,686.315
687.142,686.321
687.145,686.325
687.148,686.330
687.151,686.334
687.153,686.337
687.156,686.340
687.158,686.343
687.151,686.334
687.146,686.327
687.149,686.331
687.151,686.334
687.154,686.338
687.148,686.330
687.151,686.334
687.153,686.337
687.147,686.329
687.150,686.333
687.153,686.336
687.147,686.328
687.150,686.332
687.144,686.325
687.139,686.318
687.143,686.323
687.138,686.316
687.142,686.321
687.145,686.326
687.140,686.319
687.144,686.324
687.147,686.328
687.142,686.321
687.145,686.325
687.140,686.318
687.135,686.312
687.139,686.317
687.135,686.311
687.131,686.305
687.135,686.312
687.139,686.317
687.143,686.322
687.146,686.327
687.149,686.331
687.152,686.335
687.146,686.327
687.149,686.331
687.144,686.323
687.147,686.328
687.150,686.332
687.152,686.336
687.155,686.339
687.149,686.331
687.153,686.336
687.147,686.328
687.150,686.332
687.144,686.325
687.140,686.318
687.135,686.311
687.131,686.306
687.127,686.300
687.132,686.307
687.136,686.313
687.140,686.319
687.136,686.312
687.140,686.318
687.143,686.323
687.146,686.327
687.141,686.320
687.145,686.325
687.148,686.329
687.150,686.333
687.153,686.337
687.155,686.340
687.157,686.343
687.159,686.345
687.161,686.348
687.154,686.339
687.145,686.325
687.137,686.315
687.133,686.308
687.129,686.303
687.134,686.309
687.130,686.304
687.126,686.299
687.131,686.306
687.127,686.301
687.132,686.307
687.136,686.313
687.132,686.307
687.128,686.302
687.125,686.297
687.122,686.293
687.119,686.289
687.117,686.285
687.114,686.282
687.120,686.290
687.126,686.298
687.130,686.305
687.135,686.311
687.139,686.317
687.142,686.322
687.143,686.323
687.146,686.327
687.141,686.320
687.145,686.325
687.148,686.329
687.142,686.322
687.146,686.326
687.149,686.331
687.143,686.323
687.146,686.327
687.141,686.320
687.137,686.314
687.133,686.308
687.129,686.302
687.133,686.309
687.129,686.303
687.134,686.310
687.138,686.315
687.142,686.321
687.145,686.325
687.148,686.330
687.151,686.334
687.153,686.337
687.156,686.340
687.150,686.332
687.144,686.324
687.154,686.338
687.156,686.341
687.150,686.332
687.152,686.336
687.155,686.339
687.157,686.342
687.159,686.345
687.160,686.347
687.162,686.349
687.163,686.351
687.157,686.342
687.159,686.345
687.152,686.336
687.147,686.328
687.149,686.332
687.152,686.335
687.146,686.327
687.149,686.331
687.144,686.324
687.139,686.317
687.135,686.311
687.131,686.305
687.127,686.300
687.124,686.295
687.121,686.291
687.126,686.299
687.131,686.305
687.127,686.300
687.132,686.307
687.128,686.302
687.125,686.297
687.122,686.292
687.119,686.288
687.116,686.285
687.122,686.293
687.127,686.300
687.124,686.296
687.121,686.292
687.126,686.299
687.131,686.306
687.128,686.301
687.130,686.304
687.126,686.299
687.123,686.294
687.128,686.301
687.122,686.293
687.119,686.289
687.125,686.297
687.122,686.292
687.127,686.300
687.124,686.295
687.121,686.291
687.118,686.287
687.124,686.295
687.121,686.291
687.126,686.299
687.123,686.294
687.120,686.290
687.117,686.286
687.115,686.283
687.113,686.280
687.111,686.277
687.109,686.275
687.108,686.272
687.106,686.270
687.105,686.269
687.104,686.267
687.103,686.265
687.102,686.264
687.101,686.263
687.108,686.273
687.107,686.271
687.105,686.269
687.104,686.267
687.103,686.266
687.110,686.276
687.108,686.273
687.115,686.283
687.113,686.280
687.111,686.277
687.106,686.271
687.105,686.269
687.104,686.267
687.103,686.266
687.102,686.264
687.109,686.274
687.107,686.272
687.106,686.270
687.105,686.268
687.104,686.267
687.102,686.265
687.102,686.264
687.101,686.263
687.100,686.261
687.099,686.260
687.107,686.271
687.105,686.269
687.104,686.267
687.103,686.266
687.102,686.264
687.101,686.263
687.100,686.262
687.099,686.261
687.099,686.260
687.098,686.259
687.098,686.258
687.097,686.258
687.097,686.257
687.096,686.256
687.096,686.256
687.096,686.255
687.103,686.266
687.102,686.265
687.101,686.264
687.101,686.262
687.100,686.261
687.099,686.260
687.099,686.260
687.098,686.259
687.097,686.258
687.097,686.257
687.089,686.245
687.089,686.246
687.089,686.246
687.090,686.247
687.098,686.259
687.105,686.269
687.104,686.267
687.103,686.266
687.102,686.265
687.101,686.263
687.100,686.262
687.100,686.261
687.099,686.260
687.098,686.259
687.098,686.259
687.097,686.258
687.089,686.246
687.089,686.246
687.089,686.247
687.090,686.247
687.090,686.248
687.090,686.248
687.091,686.248
687.091,686.248
687.099,686.260
687.106,686.271
687.105,686.269
687.104,686.267
687.111,686.277
687.109,686.274
687.107,686.272
687.106,686.270
687.105,686.268
687.104,686.267
687.103,686.265
687.102,686.264
687.101,686.263
687.100,686.262
687.099,686.261
687.099,686.260
687.098,686.259
687.097,686.258
687.105,686.269
687.104,686.267
687.103,686.266
687.102,686.264
687.109,686.274
687.099,686.261
687.099,686.260
687.106,686.270
687.105,686.268
687.101,686.263
687.100,686.262
687.091,686.250
687.092,686.250
687.092,686.250
687.092,686.250
687.089,686.246
687.090,686.247
687.090,686.247
687.090,686.248
687.090,686.248
687.083,686.237
687.083,686.238
687.084,686.239
687.085,686.241
687.086,686.242
687.086,686.243
687.087,686.243
687.080,686.233
687.073,686.223
687.075,686.226
687.076,686.228
687.078,686.230
687.079,686.232
687.081,686.234
687.082,686.236
687.091,686.249
687.091,686.249
687.091,686.249
687.091,686.249
687.091,686.249
687.091,686.250
687.092,686.250
687.092,686.250
687.092,686.250
687.092,686.250
687.092,686.250
687.092,686.250
687.092,686.250
687.092,686.250
687.092,686.250
687.084,686.239
687.085,686.240
687.086,686.241
687.078,686.231
687.080,686.233
687.081,686.234
687.082,686.236
687.075,686.226
687.077,686.228
687.078,686.231
687.079,686.233
687.081,686.234
687.082,686.236
687.075,686.226
687.068,686.217
687.071,686.220
687.070,686.219
687.072,686.222
687.074,686.225
687.065,686.213
687.068,686.216
687.070,686.219
687.064,686.211
687.059,686.203
687.054,686.197
687.050,686.190
687.054,686.196
687.057,686.201
687.061,686.206
687.064,686.210
687.067,686.214
687.069,686.218
687.071,686.221
687.065,686.213
687.068,686.216
687.070,686.219
687.072,686.222
687.074,686.225
687.076,686.228
687.078,686.230
687.079,686.232
687.080,686.234
687.081,686.235
687.074,686.225
687.076,686.228
687.078,686.230
687.079,686.232
687.080,686.234
687.079,686.232
687.080,686.234
687.081,686.235
687.082,686.237
687.075,686.227
687.077,686.229
687.078,686.231
687.080,686.233
687.081,686.235
687.082,686.236
687.083,686.238
687.084,686.239
687.085,686.240
687.086,686.241
687.078,686.231
687.079,686.233
687.081,686.234
687.082,686.236
687.083,686.237
687.084,686.239
687.085,686.240
687.085,686.241
687.078,686.231
687.079,686.232
687.073,686.223
687.075,686.226
687.068,686.217
687.071,686.220
687.073,686.223
687.075,686.226
687.076,686.228
687.078,686.230
687.079,686.232
687.088,686.245
687.089,686.246
687.089,686.246
687.089,686.247
687.090,686.247
687.090,686.248
687.090,686.248
687.091,686.248
687.083,686.237
687.084,686.238
687.084,686.240
687.085,686.241
687.086,686.242
687.079,686.231
687.072,686.222
687.074,686.225
687.076,686.227
687.069,686.218
687.071,686.221
687.073,686.224
687.075,686.227
687.077,686.229
687.078,686.231
687.080,686.233
687.081,686.235
687.082,686.236
687.083,686.238
687.081,686.235
687.082,686.237
687.083,686.238
687.084,686.239
687.085,686.240
687.086,686.241
687.086,686.242
687.084,686.239
687.077,686.229
687.079,686.231
687.080,686.233
687.081,686.235
687.082,686.236
687.083,686.238
687.076,686.228
687.078,686.230
687.071,686.221
687.073,686.224
687.067,686.215
687.069,686.218
687.064,686.210
687.066,686.214
687.069,686.217
687.071,686.221
687.073,686.224
687.075,686.226
687.077,686.228
687.070,686.219
687.064,686.211
687.067,686.215
687.069,686.218
687.063,686.210
687.066,686.214
687.069,686.217
687.063,686.209
687.066,686.213
687.068,686.217
687.079,686.231
687.080,686.233
687.081,686.235
687.082,686.237
687.083,686.238
687.082,686.236
687.080,686.233
687.079,686.231
687.080,686.233
687.081,686.235
687.082,686.237
687.083,686.238
687.076,686.228
687.078,686.230
687.079,686.232
687.080,686.234
687.082,686.236
687.083,686.237
687.076,686.227
687.077,686.229
687.079,686.231
687.072,686.222
687.074,686.225
687.076,686.227
687.077,686.229
687.071,686.220
687.073,686.223
687.067,686.214
687.069,686.218
687.071,686.221
687.065,686.213
687.068,686.216
687.070,686.219
687.072,686.222
687.066,686.214
687.061,686.206
687.064,686.210
687.058,686.203
687.062,686.207
687.065,686.211
687.067,686.215
687.070,686.219
687.072,686.222
687.074,686.225
687.068,686.216
687.062,686.208
687.065,686.212
687.067,686.216
687.070,686.219
687.072,686.222
687.074,686.225
687.076,686.227
687.077,686.229
687.071,686.220
687.073,686.223
687.067,686.214
687.061,686.206
687.056,686.199
687.060,686.204
687.055,686.197
687.058,686.203
687.061,686.207
687.056,686.200
687.052,686.193
687.048,686.188
687.052,686.194
687.056,686.199
687.059,686.204
687.054,686.197
687.058,686.202
687.061,686.207
687.064,686.211
687.067,686.215
687.069,686.218
687.064,686.210
687.064,686.210
687.058,686.203
687.059,686.204
687.054,686.197
687.058,686.202
687.061,686.207
687.064,686.211
687.067,686.215
687.069,686.218
687.071,686.221
687.073,686.224
687.067,686.215
687.070,686.219
687.064,686.210
687.067,686.214
687.069,686.218
687.071,686.221
687.073,686.224
687.075,686.226
687.077,686.229
687.078,686.231
687.080,686.233
687.078,686.231
687.072,686.221
687.074,686.224
687.075,686.227
687.077,686.229
687.078,686.231
687.080,686.233
687.081,686.235
687.082,686.236
687.075,686.226
687.077,686.229
687.070,686.220
687.072,686.223
687.074,686.225
687.076,686.228
687.078,686.230
687.071,686.221
687.073,686.224
687.075,686.226
687.069,686.217
687.040,686.177
687.037,686.172
687.034,686.168
687.040,686.176
687.037,686.172
687.042,686.180
687.047,686.186
687.051,686.192
687.055,686.198
687.059,686.203
687.062,686.208
687.065,686.212
687.059,686.204
687.055,686.197
687.056,686.199
687.056,686.200
687.052,686.194
687.048,686.188
687.044,686.182
687.049,686.189
687.045,686.183
687.041,686.178
687.046,686.185
687.043,686.180
687.047,686.187
687.025,686.156
687.024,686.153
687.022,686.151
687.029,686.161
687.035,686.169
687.040,686.177
687.045,686.184
687.050,686.191
687.046,686.185
687.042,686.180
687.039,686.175
687.036,686.171
687.033,686.167
687.031,686.164
687.029,686.161
687.027,686.158
687.025,686.156
687.031,686.165
687.037,686.173
687.035,686.169
687.040,686.177
687.037,686.172
687.034,686.169
687.040,686.176
687.037,686.172
687.023,686.153
687.022,686.151
687.020,686.149
687.019,686.147
687.024,686.153
687.028,686.159
687.026,686.157
687.024,686.154
687.023,686.152
687.029,686.161
687.027,686.159
687.025,686.156
687.024,686.154
687.020,686.148
687.019,686.146
687.018,686.145
687.025,686.155
687.023,686.153
687.022,686.151
687.028,686.160
687.026,686.158
687.025,686.155
687.031,686.164
687.029,686.161
687.027,686.158
687.027,686.159
687.025,686.156
687.024,686.154
687.022,686.152
687.021,686.150
687.020,686.148
687.024,686.154
687.023,686.152
687.029,686.161
687.027,686.159
687.025,686.156
687.024,686.154
687.022,686.152
687.021,686.150
687.020,686.148
687.019,686.146
687.026,686.156
687.032,686.165
687.038,686.173
687.035,686.169
687.032,686.166
687.030,686.163
687.028,686.160
687.026,686.157
687.024,686.155
687.017,686.144
687.016,686.143
687.023,686.153
687.022,686.151
687.029,686.161
687.027,686.158
687.025,686.155
687.031,686.164
687.035,686.169
687.038,686.173
687.035,686.169
687.032,686.166
687.030,686.162
687.028,686.159
687.026,686.157
687.024,686.154
687.020,686.148
687.019,686.147
687.018,686.145
687.017,686.144
687.016,686.143
687.015,686.142
687.012,686.137
687.017,686.144
687.016,686.143
687.016,686.142
687.015,686.141
687.014,686.140
687.014,686.139
687.013,686.139
687.013,686.138
687.012,686.137
687.012,686.137
687.011,686.136
687.011,686.136
687.011,686.135
687.011,686.135
687.010,686.135
687.010,686.134
687.010,686.134
687.010,686.134
687.010,686.134
687.009,686.133
687.009,686.133
687.009,686.133
687.007,686.129
687.007,686.129
687.007,686.130
687.007,686.130
687.007,686.130
687.007,686.130
687.007,686.130
687.007,686.130
687.007,686.131
687.016,686.142
687.015,686.141
687.014,686.140
687.014,686.139
687.013,686.139
687.013,686.138
687.012,686.137
687.012,686.137
687.003,686.125
687.004,686.125
687.004,686.126
687.005,686.127
687.005,686.127
687.005,686.127
687.003,686.124
686.995,686.114
687.005,686.127
687.005,686.127
687.005,686.127
687.005,686.128
687.003,686.125
686.996,686.114
686.997,686.116
686.998,686.117
686.999,686.118
686.992,686.108
686.993,686.111
686.995,686.113
686.996,686.114
686.997,686.116
686.998,686.117
686.999,686.119
687.000,686.120
687.001,686.121
687.001,686.122
687.002,686.123
687.003,686.124
687.003,686.125
687.004,686.125
687.004,686.126
687.004,686.126
687.005,686.127
687.005,686.127
687.005,686.128
687.006,686.128
687.006,686.128
687.006,686.129
687.006,686.129
687.006,686.129
687.007,686.129
687.007,686.130
687.007,686.130
686.999,686.119
687.005,686.128
687.006,686.128
687.006,686.128
687.006,686.129
687.006,686.129
687.006,686.129
687.007,686.129
686.999,686.118
687.000,686.120
687.000,686.121
687.001,686.122
687.002,686.123
687.002,686.124
687.000,686.121
687.001,686.122
686.994,686.111
686.995,686.113
686.988,686.104
686.988,686.102
686.990,686.105
686.991,686.108
686.993,686.110
686.994,686.112
686.996,686.114
686.994,686.112
686.996,686.114
686.997,686.116
686.998,686.117
686.999,686.118
687.000,686.120
687.001,686.121
687.001,686.122
687.002,686.123
687.003,686.124
686.995,686.113
686.996,686.115
686.997,686.116
686.990,686.106
686.992,686.109
686.994,686.111
686.995,686.113
686.994,686.111
686.995,686.113
686.996,686.115
686.997,686.116
686.998,686.118
687.007,686.131
687.007,686.131
687.008,686.131
687.008,686.131
687.008,686.131
687.008,686.131
687.008,686.131
687.008,686.131
687.005,686.127
687.005,686.128
687.006,686.128
686.998,686.117
686.999,686.118
686.997,686.116
686.998,686.118
686.999,686.119
687.000,686.120
687.001,686.121
687.001,686.122
687.000,686.119
687.000,686.120
686.993,686.110
686.986,686.101
686.980,686.092
686.975,686.085
686.978,686.089
686.981,686.093
686.984,686.097
686.986,686.100
686.985,686.099
686.980,686.091
686.982,686.095
686.985,686.098
686.987,686.102
686.986,686.101
686.988,686.104
686.990,686.106
686.992,686.109
686.994,686.111
686.995,686.113
686.996,686.115
686.995,686.113
686.996,686.114
686.997,686.116
686.990,686.106
686.989,686.105
686.991,686.107
686.993,686.110
686.994,686.112
686.996,686.114
686.997,686.115
686.998,686.117
686.991,686.107
686.992,686.109
686.986,686.100
686.980,686.092
686.983,686.096
686.977,686.088
686.980,686.092
686.983,686.096
686.983,686.095
686.977,686.087
686.980,686.092
686.983,686.095
686.985,686.099
686.979,686.091
686.979,686.091
686.982,686.095
686.985,686.098
686.979,686.090
686.974,686.083
686.977,686.087
686.980,686.092
686.983,686.095
686.982,686.095
686.985,686.099
686.987,686.102
686.981,686.093
686.976,686.085
686.971,686.078
686.966,686.072
686.962,686.066
686.958,686.061
686.963,686.068
686.967,686.074
686.971,686.079
686.975,686.084
686.970,686.078
686.966,686.071
686.962,686.066
686.958,686.061
686.963,686.067
686.959,686.062
686.956,686.057
686.961,686.064
686.957,686.059
686.959,686.063
686.964,686.069
686.968,686.075
686.972,686.081
686.976,686.085
686.979,686.090
686.981,686.094
686.976,686.086
686.979,686.090
686.971,686.079
686.975,686.084
686.970,686.077
686.966,686.071
686.962,686.066
686.966,686.072
686.970,686.078
686.974,686.083
686.969,686.076
686.965,686.070
686.961,686.064
686.957,686.060
686.954,686.055
686.959,686.062
686.964,686.069
686.968,686.075
686.972,686.080
686.967,686.074
686.971,686.079
686.975,686.084
686.978,686.089
686.981,686.093
686.975,686.085
686.978,686.090
686.981,686.094
686.984,686.097
686.986,686.100
686.988,686.103
686.990,686.106
686.989,686.105
686.983,686.096
686.985,686.099
686.988,686.102
686.982,686.094
686.976,686.086
686.971,686.079
686.975,686.084
686.970,686.077
686.973,686.082
686.969,686.076
686.972,686.081
686.976,686.086
686.971,686.079
686.974,686.084
686.978,686.088
686.973,686.081
686.968,686.075
686.972,686.080
686.975,686.085
686.978,686.089
686.981,686.093
686.976,686.086
686.979,686.090
686.979,686.090
686.982,686.094
686.984,686.098
686.979,686.090
686.973,686.082
686.977,686.087
686.972,686.080
686.967,686.073
686.963,686.068
686.965,686.070
686.969,686.076
686.973,686.081
686.976,686.086
686.976,686.087
686.979,686.091
686.982,686.095
686.985,686.098
686.979,686.090
686.982,686.094
686.984,686.098
686.978,686.089
686.981,686.093
686.981,686.093
686.984,686.097
686.986,686.100
686.988,686.103
686.982,686.095
686.984,686.098
686.987,686.101
686.989,686.104
686.983,686.095
686.977,686.087
686.980,686.092
686.983,686.095
686.985,686.099
686.987,686.102
686.989,686.105
686.983,686.096
686.985,686.099
686.988,686.102
686.990,686.105
686.991,686.108
686.998,686.118
686.999,686.119
687.000,686.120
687.001,686.121
686.999,686.119
687.000,686.120
687.001,686.121
687.001,686.122
687.002,686.123
687.003,686.124
687.003,686.125
687.004,686.125
687.004,686.126
686.996,686.115
686.998,686.117
686.999,686.118
686.999,686.119
687.000,686.120
687.001,686.122
687.002,686.122
687.002,686.123
687.003,686.124
686.995,686.113
686.997,686.115
686.998,686.117
686.991,686.107
686.984,686.098
686.979,686.090
686.973,686.082
686.969,686.076
686.964,686.070
686.969,686.076
686.970,686.077
686.965,686.071
686.969,686.077
686.965,686.071
686.969,686.076
686.965,686.070
686.969,686.076
686.973,686.081
686.976,686.086
686.979,686.090
686.974,686.083
686.977,686.088
686.980,686.092
686.983,686.096
686.977,686.088
686.943,686.039
686.941,686.037
686.940,686.035
686.944,686.040
686.950,686.049
686.947,686.045
686.945,686.042
686.951,686.051
686.946,686.043
686.952,686.052
686.957,686.059
686.962,686.066
686.966,686.072
686.962,686.067
686.967,686.073
686.963,686.067
686.964,686.069
686.960,686.064
686.957,686.059
686.954,686.055
686.959,686.062
686.956,686.057
686.953,686.053
686.955,686.057
686.960,686.064
686.942,686.037
686.940,686.035
686.946,686.044
686.942,686.037
686.948,686.046
686.946,686.043
686.949,686.048
686.955,686.056
686.960,686.063
686.956,686.058
686.953,686.054
686.948,686.046
686.946,686.043
686.943,686.040
686.947,686.045
686.945,686.042
686.943,686.039
686.941,686.037
686.939,686.034
686.938,686.032
686.937,686.030
686.943,686.040
686.947,686.045
686.945,686.042
686.943,686.039
686.958,686.060
686.955,686.056
686.952,686.052
686.957,686.059
686.954,686.055
686.951,686.051
686.949,686.047
686.946,686.044
686.952,686.052
686.949,686.048
686.947,686.045
686.953,686.053
686.950,686.049
686.948,686.046
686.953,686.054
686.958,686.061
686.955,686.057
686.952,686.052
686.950,686.049
686.955,686.056
686.960,686.064
686.957,686.059
686.954,686.054
686.951,686.050
686.948,686.047
686.946,686.043
686.952,686.052
686.949,686.048
686.947,686.045
686.945,686.042
686.943,686.039
686.941,686.036
686.937,686.030
686.943,686.040
686.950,686.049
686.947,686.045
686.953,686.053
686.950,686.050
686.948,686.046
686.953,686.054
686.951,686.050
686.948,686.046
686.946,686.043
686.944,686.040
686.942,686.038
686.948,686.046
686.954,686.055
686.959,686.062
686.953,686.054
686.950,686.050
686.948,686.046
686.943,686.039
686.949,686.048
686.955,686.056
686.952,686.052
686.949,686.048
686.955,686.056
686.960,686.063
686.956,686.058
686.953,686.054
686.958,686.061
686.963,686.068
686.959,686.063
686.956,686.058
686.953,686.054
686.950,686.050
686.948,686.046
686.954,686.054
686.959,686.062
686.955,686.057
686.952,686.053
686.958,686.060
686.952,686.052
686.949,686.048
686.947,686.045
686.953,686.053
686.958,686.060
686.963,686.067
686.967,686.073
686.963,686.068
686.967,686.074
686.963,686.068
686.959,686.062
686.964,686.069
686.960,686.064
686.965,686.070
686.969,686.076
686.973,686.081
686.973,686.082
686.969,686.076
686.964,686.070
686.958,686.061
686.963,686.067
686.967,686.073
686.971,686.079
686.967,686.073
686.963,686.067
686.959,686.062
686.964,686.068
686.968,686.074
686.964,686.069
686.968,686.074
686.972,686.080
686.975,686.085
686.970,686.078
686.966,686.072
686.970,686.077
686.966,686.071
686.962,686.066
686.958,686.060
686.955,686.056
686.957,686.059
686.954,686.055
686.951,686.051
686.949,686.047
686.946,686.044
686.944,686.041
686.950,686.050
686.956,686.057
686.953,686.053
686.950,686.049
686.947,686.046
686.951,686.050
686.948,686.046
686.954,686.055
686.956,686.058
686.961,686.065
686.966,686.071
686.962,686.066
686.966,686.072
686.962,686.066
686.958,686.061
686.963,686.068
686.967,686.074
686.963,686.068
686.960,686.063
686.954,686.054
686.959,686.062
686.955,686.057
686.960,686.064
686.965,686.070
686.961,686.065
686.958,686.060
686.962,686.067
686.959,686.062
686.955,686.057
686.952,686.053
686.950,686.049
686.947,686.045
686.945,686.042
686.951,686.051
686.954,686.055
686.951,686.051
686.956,686.058
686.961,686.065
686.963,686.068
686.959,686.063
686.964,686.069
686.960,686.064
686.957,686.059
686.954,686.054
686.948,686.047
686.946,686.043
686.944,686.041
686.942,686.038
686.940,686.035
686.939,686.033
686.937,686.031
686.944,686.041
686.940,686.034
686.938,686.032
686.937,686.030
686.943,686.040
686.947,686.045
686.945,686.042
686.951,686.050
686.954,686.055
686.959,686.062
686.956,686.057
686.961,686.064
686.954,686.056
686.952,686.051
686.949,686.048
686.947,686.044
686.952,686.053
686.950,686.049
686.947,686.045
686.953,686.054
686.958,686.061
686.955,686.056
686.952,686.052
686.949,686.048
686.947,686.045
686.945,686.042
686.943,686.039
686.941,686.036
686.939,686.034
686.938,686.032
686.929,686.019
686.928,686.018
686.928,686.018
686.927,686.017
686.927,686.017
686.927,686.016
686.926,686.016
686.924,686.012
686.932,686.023
686.931,686.022
686.936,686.029
686.935,686.027
686.934,686.026
686.933,686.025
686.929,686.020
686.929,686.019
686.928,686.018
686.928,686.018
686.935,686.029
686.934,686.027
686.925,686.014
686.925,686.014
686.925,686.014
686.925,686.014
686.930,686.021
686.930,686.020
686.929,686.020
686.929,686.019
686.928,686.018
686.928,686.018
686.933,686.025
686.932,686.024
686.939,686.034
686.946,686.043
686.952,686.052
686.949,686.048
686.944,686.041
686.942,686.038
686.940,686.036
686.939,686.033
686.937,686.031
686.936,686.030
686.935,686.028
686.934,686.027
686.933,686.025
686.932,686.024
686.929,686.019
686.928,686.018
686.928,686.018
686.927,686.017
686.927,686.017
686.927,686.016
686.927,686.016
686.924,686.012
686.924,686.012
686.924,686.012
686.924,686.012
686.924,686.012
686.924,686.012
686.921,686.008
686.921,686.009
686.922,686.009
686.922,686.009
686.922,686.010
686.922,686.010
686.922,686.010
686.922,686.010
686.923,686.010
686.923,686.011
686.923,686.011
686.923,686.011
686.923,686.011
686.923,686.011
686.923,686.011
686.921,686.008
686.921,686.008
686.919,686.005
686.919,686.006
686.920,686.006
686.920,686.007
686.918,686.004
686.918,686.004
686.919,686.005
686.919,686.006
686.920,686.007
686.920,686.007
686.921,686.008
686.929,686.019
686.928,686.019
686.928,686.018
686.928,686.018
686.927,686.017
686.927,686.017
686.932,686.024
686.939,686.034
686.946,686.043
686.944,686.040
686.942,686.038
686.948,686.047
686.946,686.043
686.944,686.040
686.942,686.038
686.948,686.047
686.943,686.040
686.941,686.037
686.940,686.035
686.938,686.033
686.937,686.031
686.936,686.029
686.935,686.027
686.934,686.026
686.925,686.013
686.925,686.013
686.924,686.013
686.932,686.024
686.932,686.023
686.939,686.034
686.938,686.032
686.936,686.030
686.935,686.028
686.934,686.027
686.933,686.025
686.932,686.024
686.931,686.023
686.939,686.033
686.937,686.031
686.936,686.029
686.935,686.028
686.942,686.038
686.948,686.047
686.946,686.043
686.944,686.040
686.942,686.038
686.940,686.035
686.947,686.044
686.944,686.041
686.943,686.039
686.941,686.036
686.939,686.034
686.938,686.032
686.942,686.038
686.940,686.035
686.936,686.029
686.935,686.028
686.934,686.026
686.941,686.036
686.937,686.030
686.935,686.029
686.934,686.027
686.933,686.026
686.932,686.024
686.940,686.034
686.938,686.032
686.937,686.031
686.936,686.029
686.932,686.023
686.931,686.022
686.930,686.022
686.930,686.021
686.921,686.008
686.913,685.997
686.914,685.999
686.907,685.989
686.909,685.991
686.908,685.989
686.909,685.992
686.903,685.982
686.905,685.985
686.906,685.988
686.908,685.990
686.910,685.992
686.911,685.994
686.912,685.996
686.911,685.994
686.912,685.995
686.913,685.997
686.914,685.999
686.915,686.000
686.916,686.001
686.917,686.002
686.917,686.003
686.918,686.004
686.924,686.012
686.924,686.012
686.924,686.012
686.924,686.012
686.932,686.024
686.931,686.023
686.930,686.022
686.930,686.021
686.929,686.020
686.929,686.019
686.920,686.007
686.921,686.008
686.921,686.008
686.921,686.009
686.922,686.009
686.922,686.009
686.922,686.009
686.922,686.010
686.922,686.010
686.922,686.010
686.898,685.976
686.900,685.979
686.903,685.982
686.905,685.985
686.898,685.976
686.901,685.980
686.903,685.983
686.897,685.974
686.900,685.978
686.902,685.981
686.904,685.984
686.898,685.975
686.892,685.968
686.895,685.972
686.898,685.976
686.901,685.979
686.895,685.971
686.897,685.975
686.892,685.967
686.895,685.971
686.898,685.975
686.892,685.967
686.887,685.960
686.891,685.965
686.894,685.970
686.897,685.975
686.892,685.967
686.895,685.971
686.890,685.964
686.885,685.957
686.889,685.962
686.892,685.967
686.895,685.971
686.890,685.964
686.885,685.957
686.878,685.947
686.874,685.942
686.879,685.949
686.883,685.955
686.887,685.960
686.883,685.954
686.879,685.948
686.880,685.951
686.876,685.945
686.881,685.951
686.882,685.954
686.886,685.959
686.882,685.953
686.878,685.947
686.880,685.950
686.884,685.956
686.880,685.950
686.881,685.952
686.885,685.958
686.881,685.952
686.877,685.946
686.873,685.941
686.870,685.936
686.867,685.932
686.865,685.928
686.870,685.936
686.867,685.932
686.862,685.925
686.860,685.922
686.866,685.930
686.864,685.927
686.861,685.924
686.867,685.932
686.865,685.928
686.860,685.921
686.858,685.919
686.864,685.928
686.862,685.924
686.860,685.921
686.858,685.919
686.864,685.927
686.867,685.932
686.865,685.928
686.870,685.936
686.873,685.940
686.878,685.947
686.874,685.942
686.871,685.937
686.873,685.940
686.870,685.936
686.867,685.932
686.864,685.928
686.862,685.925
686.865,685.929
686.871,685.937
686.876,685.944
686.872,685.939
686.869,685.935
686.867,685.931
686.864,685.927
686.862,685.924
686.868,685.932
686.865,685.929
686.868,685.933
686.865,685.929
686.863,685.926
686.861,685.923
686.867,685.931
686.864,685.928
686.870,685.936
686.872,685.939
686.869,685.935
686.874,685.942
686.871,685.937
686.868,685.933
686.873,685.941
686.870,685.936
686.865,685.928
686.862,685.925
686.860,685.922
686.858,685.919
686.862,685.924
686.860,685.921
686.858,685.919
686.864,685.928
686.862,685.924
686.868,685.933
686.865,685.929
686.863,685.925
686.868,685.934
686.866,685.930
686.861,685.923
686.859,685.920
686.865,685.929
686.862,685.925
686.860,685.922
686.858,685.919
686.865,685.928
686.868,685.932
686.873,685.940
686.870,685.936
686.875,685.943
686.872,685.938
686.877,685.945
686.881,685.952
686.877,685.946
686.882,685.952
686.886,685.958
686.887,685.959
686.890,685.964
686.885,685.958
686.881,685.952
686.885,685.957
686.878,685.948
686.883,685.954
686.878,685.948
686.883,685.954
686.887,685.960
686.882,685.953
686.878,685.947
686.872,685.939
686.869,685.934
686.863,685.927
686.869,685.935
686.874,685.942
686.871,685.937
686.868,685.933
686.865,685.929
686.863,685.926
686.869,685.934
686.866,685.930
686.871,685.938
686.874,685.941
686.871,685.937
686.876,685.944
686.880,685.950
686.876,685.945
686.873,685.940
686.878,685.947
686.882,685.953
686.886,685.959
686.882,685.952
686.883,685.954
686.887,685.960
686.882,685.954
686.886,685.959
686.882,685.953
686.878,685.947
686.882,685.953
686.884,685.955
686.888,685.961
686.883,685.954
686.887,685.960
686.882,685.953
686.878,685.948
686.875,685.942
686.879,685.949
686.884,685.955
686.879,685.949
686.884,685.955
686.887,685.961
686.891,685.966
686.886,685.959
686.882,685.952
686.883,685.954
686.887,685.960
686.882,685.953
686.878,685.948
686.875,685.943
686.879,685.949
686.876,685.944
686.872,685.939
686.877,685.946
686.882,685.952
686.878,685.947
686.882,685.953
686.886,685.958
686.887,685.960
686.882,685.953
686.878,685.948
686.883,685.954
686.887,685.959
686.890,685.964
686.885,685.958
686.886,685.959
686.890,685.964
686.893,685.969
686.896,685.973
686.899,685.977
686.909,685.991
686.908,685.990
686.909,685.992
686.911,685.994
686.909,685.992
686.903,685.982
686.905,685.985
686.899,685.976
686.901,685.980
686.895,685.972
686.898,685.975
686.892,685.968
686.895,685.972
686.898,685.976
686.901,685.979
686.895,685.971
686.897,685.975
686.900,685.978
686.894,685.970
686.897,685.974
686.900,685.978
686.902,685.981
686.896,685.973
686.891,685.965
686.894,685.970
686.889,685.962
686.884,685.956
686.888,685.961
686.889,685.962
686.892,685.967
686.895,685.971
686.890,685.964
686.885,685.957
686.889,685.962
686.884,685.956
686.888,685.961
686.889,685.962
686.892,685.967
686.895,685.971
686.890,685.964
686.885,685.957
686.889,685.962
686.884,685.956
686.880,685.950
686.884,685.956
686.888,685.961
686.891,685.966
686.886,685.959
686.890,685.964
686.893,685.969
686.893,685.969
686.896,685.973
686.899,685.977
686.907,685.988
686.900,685.979
686.903,685.982
686.902,685.981
686.904,685.984
686.906,685.987
686.908,685.989
686.909,685.992
686.903,685.982
686.905,685.985
686.906,685.988
686.908,685.990
686.910,685.992
686.908,685.990
686.910,685.992
686.911,685.994
686.910,685.992
686.911,685.994
686.912,685.996
686.913,685.997
686.906,685.988
686.898,685.975
686.892,685.967
686.887,685.960
686.891,685.965
686.894,685.969
686.889,685.962
686.884,685.956
686.880,685.950
686.876,685.944
686.872,685.939
686.875,685.943
686.871,685.938
686.876,685.945
686.870,685.936
686.875,685.944
686.872,685.939
686.877,685.946
686.873,685.941
686.878,685.948
686.883,685.954
686.878,685.948
686.883,685.954
686.879,685.948
686.883,685.954
686.879,685.948
686.883,685.954
686.879,685.949
686.883,685.955
686.887,685.960
686.883,685.954
686.886,685.959
686.890,685.964
686.885,685.957
686.881,685.951
686.885,685.957
686.889,685.962
686.892,685.967
686.895,685.971
686.898,685.975
686.900,685.979
686.894,685.971
686.889,685.963
686.893,685.968
686.896,685.972
686.896,685.972
686.898,685.976
686.901,685.980
686.895,685.971
686.898,685.975
686.900,685.979
686.902,685.982
686.896,685.973
686.888,685.962
686.884,685.955
686.880,685.950
686.884,685.955
686.888,685.961
686.891,685.966
686.894,685.970
686.897,685.974
686.891,685.966
686.887,685.959
686.888,685.961
686.883,685.954
686.887,685.960
686.888,685.961
686.891,685.966
686.886,685.959
686.882,685.953
686.886,685.958
686.889,685.963
686.893,685.968
686.896,685.972
686.890,685.965
686.893,685.969
686.896,685.973
686.891,685.966
686.894,685.970
686.889,685.963
686.892,685.967
686.895,685.972
686.890,685.964
686.893,685.969
686.888,685.961
686.891,685.966
686.895,685.971
686.889,685.963
686.885,685.957
686.880,685.950
686.884,685.956
686.888,685.962
686.892,685.967
686.887,685.960
686.882,685.953
686.886,685.959
686.890,685.964
686.893,685.968
686.893,685.969
686.896,685.973
686.891,685.966
686.894,685.970
686.889,685.963
686.892,685.967
686.887,685.960
686.888,685.962
686.891,685.966
686.887,685.959
686.890,685.964
686.885,685.958
686.881,685.951
686.885,685.957
686.889,685.962
686.884,685.956
686.888,685.961
686.883,685.955
686.887,685.960
686.891,685.965
686.894,685.970
686.897,685.974
686.899,685.977
686.902,685.981
686.904,685.984
686.906,685.986
686.907,685.989
686.906,685.987
686.900,685.978
686.894,685.970
686.886,685.959
686.882,685.952
686.878,685.947
686.882,685.953
686.886,685.959
686.882,685.952
686.883,685.954
686.879,685.948
686.875,685.943
686.872,685.938
686.877,685.945
686.873,685.940
686.878,685.947
686.880,685.950
686.876,685.944
686.872,685.939
686.869,685.935
686.866,685.931
686.864,685.927
686.862,685.924
686.859,685.921
686.855,685.915
686.854,685.913
686.852,685.911
686.851,685.909
686.867,685.931
686.864,685.928
686.862,685.924
686.860,685.921
686.858,685.919
686.856,685.916
686.862,685.925
686.866,685.930
686.863,685.926
686.861,685.923
686.864,685.928
686.870,685.936
686.867,685.932
686.872,685.939
686.877,685.946
686.882,685.953
686.878,685.947
686.882,685.953
686.886,685.959
686.882,685.952
686.883,685.954
686.887,685.960
686.882,685.954
686.886,685.959
686.890,685.964
686.871,685.937
686.876,685.944
686.872,685.939
686.869,685.935
686.864,685.927
686.869,685.935
686.875,685.943
686.879,685.949
686.876,685.944
686.872,685.939
686.869,685.935
686.866,685.931
686.864,685.927
686.861,685.924
686.859,685.921
686.865,685.929
686.871,685.937
686.868,685.933
686.863,685.926
686.861,685.923
686.864,685.927
686.862,685.924
686.868,685.932
686.865,685.929
686.862,685.925
686.899,685.978
686.902,685.981
686.896,685.973
686.898,685.976
686.901,685.980
686.903,685.983
686.905,685.986
686.907,685.988
686.900,685.979
686.895,685.971
686.897,685.975
686.900,685.978
686.902,685.982
686.896,685.973
686.891,685.966
686.894,685.970
686.889,685.963
686.884,685.956
686.888,685.961
686.889,685.962
686.884,685.956
686.888,685.961
686.891,685.966
686.886,685.959
686.882,685.953
686.892,685.967
686.887,685.960
686.890,685.965
686.894,685.969
686.888,685.962
686.892,685.967
686.895,685.971
686.890,685.964
686.893,685.968
686.888,685.961
686.891,685.966
686.894,685.970
686.897,685.974
686.900,685.978
686.902,685.981
686.896,685.973
686.896,685.973
686.891,685.965
686.894,685.970
686.897,685.974
686.891,685.966
686.886,685.959
686.882,685.953
686.886,685.959
686.882,685.952
686.878,685.947
686.874,685.941
686.871,685.937
686.868,685.933
686.870,685.936
686.867,685.932
686.865,685.929
686.862,685.925
686.858,685.918
686.856,685.916
686.854,685.914
686.861,685.923
686.867,685.932
686.872,685.939
686.877,685.946
686.874,685.941
686.878,685.948
686.883,685.954
686.879,685.948
686.875,685.943
686.880,685.949
686.876,685.944
686.872,685.939
686.869,685.935
686.874,685.942
686.871,685.937
686.868,685.933
686.865,685.929
686.863,685.926
686.861,685.923
686.867,685.931
686.870,685.935
686.867,685.931
686.872,685.939
686.869,685.935
686.866,685.931
686.869,685.935
686.874,685.942
686.868,685.934
686.866,685.930
686.871,685.938
686.868,685.933
686.865,685.930
686.868,685.934
686.874,685.941
686.870,685.937
686.873,685.940
686.870,685.936
686.872,685.939
686.869,685.935
686.866,685.931
686.872,685.939
686.877,685.946
686.871,685.937
686.868,685.933
686.865,685.929
686.863,685.926
686.866,685.930
686.863,685.927
686.861,685.923
686.859,685.920
686.857,685.918
686.864,685.927
686.861,685.924
686.867,685.932
686.873,685.940
686.878,685.947
686.882,685.953
686.878,685.947
686.882,685.953
686.878,685.948
686.875,685.942
686.871,685.938
686.868,685.933
686.871,685.937
686.876,685.944
686.872,685.939
686.869,685.935
686.866,685.931
686.864,685.927
686.870,685.935
686.875,685.943
686.871,685.938
686.876,685.945
686.873,685.940
686.870,685.936
686.875,685.943
686.880,685.949
686.884,685.955
686.880,685.949
686.884,685.955
686.888,685.961
686.891,685.966
686.894,685.970
686.886,685.959
686.882,685.953
686.886,685.959
686.890,685.964
686.893,685.968
686.888,685.961
686.891,685.966
686.894,685.970
686.889,685.963
686.884,685.956
686.880,685.950
686.884,685.956
686.880,685.950
686.884,685.956
686.880,685.950
686.876,685.945
686.881,685.951
686.882,685.953
686.878,685.947
686.882,685.954
686.878,685.948
686.880,685.950
686.884,685.956
686.880,685.950
686.884,685.956
686.888,685.961
686.889,685.963
686.892,685.967
686.893,685.968
686.888,685.961
686.891,685.966
686.886,685.959
686.882,685.952
686.886,685.958
686.889,685.963
686.893,685.968
686.888,685.961
686.883,685.954
686.887,685.960
686.882,685.953
686.878,685.948
686.883,685.954
686.887,685.959
686.890,685.964
686.885,685.958
686.881,685.951
686.877,685.946
686.881,685.952
686.877,685.946
686.882,685.953
686.886,685.958
686.889,685.964
686.890,685.964
686.893,685.969
686.896,685.973
686.891,685.966
686.886,685.959
686.882,685.952
686.878,685.947
686.882,685.953
686.878,685.947
686.874,685.942
686.871,685.937
686.873,685.941
686.870,685.936
686.875,685.943
686.872,685.939
686.877,685.946
686.881,685.952
686.885,685.958
686.881,685.952
686.885,685.957
686.889,685.962
686.884,685.956
686.880,685.950
686.881,685.952
686.885,685.958
686.881,685.952
686.877,685.946
686.882,685.952
686.878,685.947
686.882,685.953
686.878,685.947
686.882,685.953
686.878,685.948
686.883,685.954
686.886,685.959
686.887,685.961
686.883,685.954
686.879,685.948
686.875,685.943
686.872,685.938
686.869,685.934
686.874,685.941
686.876,685.944
686.881,685.951
686.885,685.957
686.880,685.951
686.877,685.945
686.881,685.952
686.885,685.957
686.881,685.951
686.885,685.957
686.886,685.959
686.890,685.964
686.885,685.957
686.880,685.951
686.877,685.945
686.873,685.940
686.870,685.936
686.875,685.943
686.872,685.938
686.877,685.945
686.881,685.952
686.885,685.957
686.881,685.951
686.877,685.946
686.881,685.952
686.885,685.958
686.881,685.952
686.885,685.957
686.889,685.963
686.892,685.967
686.887,685.960
686.891,685.965
686.886,685.958
686.889,685.963
686.893,685.968
686.896,685.972
686.898,685.976
686.893,685.968
686.893,685.969
686.896,685.973
686.891,685.965
686.891,685.966
686.886,685.959
686.890,685.964
686.885,685.957
686.889,685.962
686.884,685.956
686.888,685.961
686.891,685.966
686.886,685.959
686.890,685.964
686.885,685.957
686.889,685.962
686.892,685.967
686.887,685.960
686.891,685.965
686.886,685.958
686.881,685.952
686.875,685.943
686.879,685.949
686.881,685.952
686.877,685.946
686.874,685.941
686.870,685.936
686.875,685.944
686.877,685.946
686.882,685.953
686.878,685.947
686.874,685.942
686.879,685.949
686.875,685.943
686.872,685.938
686.877,685.945
686.873,685.940
686.870,685.936
686.867,685.932
686.872,685.939
686.869,685.935
686.872,685.939
686.869,685.934
686.866,685.930
686.864,685.927
686.861,685.924
686.859,685.921
686.865,685.929
686.863,685.926
686.869,685.934
686.866,685.930
686.871,685.938
686.868,685.934
686.866,685.930
686.871,685.938
686.874,685.941
686.870,685.936
686.867,685.932
686.873,685.940
686.875,685.943
686.872,685.938
686.869,685.934
686.874,685.941
686.871,685.937
686.868,685.933
686.865,685.929
686.871,685.937
686.868,685.933
686.862,685.925
686.860,685.922
686.866,685.931
686.864,685.927
686.869,685.935
686.875,685.942
686.879,685.949
686.875,685.944
686.872,685.939
686.866,685.931
686.864,685.927
686.862,685.924
686.859,685.921
686.858,685.918
686.856,685.916
686.854,685.914
686.858,685.919
686.865,685.928
686.862,685.925
686.868,685.933
686.865,685.929
686.863,685.926
686.861,685.923
686.867,685.931
686.872,685.939
686.877,685.946
686.882,685.952
686.886,685.958
686.889,685.963
686.884,685.956
686.880,685.950
686.884,685.956
686.888,685.962
686.892,685.966
686.895,685.971
686.897,685.975
686.900,685.978
686.892,685.967
686.895,685.971
686.895,685.971
686.890,685.964
686.885,685.957
686.886,685.959
686.890,685.964
686.893,685.968
686.901,685.980
686.895,685.972
686.898,685.976
686.901,685.979
686.903,685.982
686.897,685.974
686.891,685.966
686.886,685.959
686.890,685.964
686.893,685.969
686.896,685.973
686.891,685.965
686.891,685.966
686.886,685.959
686.890,685.964
686.893,685.969
686.888,685.961
686.891,685.966
686.895,685.971
686.889,685.963
686.882,685.953
686.886,685.959
686.882,685.952
686.878,685.947
686.874,685.941
686.879,685.948
686.875,685.943
686.880,685.950
686.881,685.952
686.877,685.946
686.874,685.941
686.870,685.937
686.875,685.944
686.878,685.947
686.882,685.953
686.875,685.943
686.872,685.939
686.877,685.946
686.873,685.941
686.870,685.936
686.867,685.932
686.865,685.928
686.868,685.932
686.873,685.940
686.870,685.936
686.867,685.932
686.864,685.928
686.862,685.924
686.868,685.933
686.871,685.937
686.876,685.944
686.872,685.939
686.869,685.935
686.866,685.931
686.872,685.938
686.869,685.934
686.871,685.938
686.868,685.934
686.866,685.930
686.871,685.938
686.876,685.945
686.870,685.936
686.867,685.932
686.857,685.918
686.855,685.915
686.854,685.913
686.850,685.908
686.849,685.906
686.848,685.905
686.855,685.915
686.854,685.913
686.852,685.911
686.851,685.909
686.850,685.908
686.849,685.906
686.846,685.901
686.845,685.901
686.844,685.900
686.844,685.899
686.844,685.898
686.843,685.898
686.840,685.894
686.840,685.894
686.848,685.905
686.847,685.904
686.847,685.903
686.846,685.902
686.845,685.901
686.867,685.932
686.865,685.928
686.862,685.925
686.868,685.933
686.865,685.929
686.863,685.926
686.858,685.919
686.856,685.917
686.855,685.914
686.853,685.912
686.852,685.910
686.851,685.909
686.850,685.907
686.849,685.906
686.848,685.905
686.847,685.903
686.846,685.902
686.846,685.901
686.845,685.901
686.842,685.896
686.842,685.896
686.839,685.892
686.839,685.892
686.836,685.888
686.837,685.889
686.857,685.917
686.855,685.915
686.846,685.901
686.845,685.901
686.836,685.888
686.834,685.885
686.835,685.886
686.835,685.887
686.836,685.887
686.836,685.888
686.836,685.888
686.845,685.900
686.844,685.899
686.844,685.899
686.843,685.898
686.843,685.898
686.843,685.897
686.842,685.897
686.842,685.896
686.842,685.896
686.839,685.892
686.831,685.881
686.832,685.882
686.825,685.872
686.826,685.874
686.827,685.875
686.828,685.877
686.829,685.878
686.822,685.868
686.816,685.859
686.818,685.863
686.818,685.862
686.820,685.865
686.819,685.864
686.821,685.867
686.812,685.854
686.815,685.858
686.809,685.850
686.812,685.854
686.815,685.857
686.817,685.861
686.811,685.852
686.814,685.856
686.816,685.860
686.818,685.863
686.812,685.854
686.807,685.847
686.802,685.840
686.795,685.830
686.791,685.824
686.801,685.838
686.805,685.844
686.806,685.845
686.809,685.849
686.812,685.853
686.814,685.857
686.809,685.849
686.804,685.842
686.807,685.847
686.810,685.851
686.805,685.844
686.808,685.848
686.811,685.853
686.814,685.856
686.816,685.860
686.810,685.852
686.813,685.855
686.821,685.867
686.823,685.869
686.822,685.868
686.824,685.870
686.825,685.872
686.826,685.874
686.820,685.865
686.822,685.867
686.823,685.870
686.825,685.872
686.826,685.874
686.827,685.876
686.829,685.877
686.830,685.879
686.836,685.888
686.836,685.888
686.845,685.900
686.844,685.899
686.844,685.899
686.843,685.898
686.843,685.898
686.851,685.909
686.855,685.915
686.854,685.913
686.852,685.911
686.851,685.909
686.850,685.908
686.841,685.895
686.841,685.895
686.841,685.894
686.838,685.891
686.830,685.879
686.828,685.877
686.829,685.879
686.828,685.876
686.829,685.878
686.822,685.868
686.824,685.870
686.825,685.872
686.826,685.874
686.828,685.876
686.829,685.878
686.827,685.875
686.828,685.877
686.827,685.875
686.828,685.877
686.821,685.867
686.823,685.869
686.822,685.868
686.824,685.870
686.823,685.869
686.816,685.860
686.816,685.859
686.818,685.862
686.820,685.865
686.822,685.868
686.824,685.870
686.825,685.872
686.826,685.874
686.825,685.872
686.826,685.874
686.825,685.872
686.826,685.874
686.820,685.865
686.813,685.856
686.816,685.859
686.818,685.863
686.820,685.866
686.814,685.857
686.808,685.849
686.811,685.853
686.814,685.857
686.808,685.849
686.819,685.864
686.821,685.867
686.823,685.869
686.825,685.872
686.826,685.874
686.819,685.864
686.821,685.867
686.820,685.866
686.822,685.868
686.824,685.871
686.825,685.873
686.819,685.863
686.821,685.866
686.822,685.869
686.832,685.882
686.830,685.880
686.831,685.881
686.832,685.882
686.833,685.883
686.833,685.884
686.834,685.885
686.834,685.886
686.835,685.886
686.827,685.875
686.828,685.877
686.829,685.879
686.830,685.880
686.831,685.881
686.824,685.871
686.826,685.873
686.827,685.875
686.828,685.877
686.829,685.878
686.830,685.880
686.831,685.881
686.832,685.882
686.833,685.883
686.833,685.884
686.834,685.885
686.832,685.882
686.833,685.883
686.833,685.884
686.834,685.885
686.840,685.893
686.848,685.905
686.844,685.900
686.852,685.911
686.851,685.909
686.850,685.907
686.846,685.902
686.846,685.901
686.845,685.901
686.844,685.900
686.844,685.899
686.844,685.898
686.843,685.898
686.843,685.897
686.848,685.905
686.847,685.904
686.846,685.902
686.846,685.902
686.845,685.901
686.845,685.900
686.844,685.899
686.841,685.895
686.841,685.895
686.841,685.895
686.841,685.894
686.841,685.894
686.849,685.906
686.848,685.904
686.847,685.903
686.846,685.902
686.846,685.901
686.842,685.897
686.842,685.896
686.847,685.904
686.847,685.903
686.843,685.898
686.843,685.898
686.843,685.897
686.842,685.897
686.842,685.896
686.842,685.896
686.850,685.907
686.849,685.906
686.848,685.905
686.847,685.903
686.846,685.902
686.846,685.901
686.845,685.901
686.844,685.900
686.844,685.899
686.844,685.899
686.843,685.898
686.843,685.897
686.843,685.897
686.842,685.897
686.834,685.885
686.834,685.886
686.827,685.875
686.828,685.877
686.829,685.878
686.822,685.868
686.816,685.859
686.810,685.851
686.813,685.855
686.815,685.859
686.818,685.862
686.820,685.865
686.822,685.867
686.823,685.870
686.825,685.872
686.826,685.874
686.828,685.876
686.829,685.877
686.830,685.879
686.828,685.877
686.829,685.878
686.830,685.880
686.831,685.881
686.832,685.882
686.833,685.883
686.831,685.880
686.832,685.881
686.832,685.883
686.833,685.883
686.834,685.884
686.834,685.885
686.835,685.886
686.835,685.887
686.836,685.887
686.836,685.888
686.828,685.877
686.829,685.878
686.830,685.880
686.831,685.881
686.832,685.882
686.825,685.872
686.826,685.874
686.827,685.875
686.828,685.877
686.829,685.879
686.830,685.880
686.831,685.881
686.832,685.882
686.833,685.883
686.833,685.884
686.834,685.885
686.840,685.893
686.832,685.882
686.825,685.872
686.826,685.874
686.827,685.875
686.826,685.873
686.819,685.864
686.821,685.867
686.823,685.869
686.824,685.871
686.826,685.873
686.827,685.875
686.820,685.866
686.814,685.857
686.808,685.849
686.803,685.842
686.804,685.843
686.808,685.848
686.800,685.837
686.804,685.842
686.807,685.847
686.802,685.840
686.806,685.845
686.809,685.850
686.812,685.854
686.806,685.846
686.810,685.850
686.812,685.854
686.815,685.858
686.817,685.861
686.817,685.861
686.819,685.864
686.821,685.866
686.823,685.869
686.824,685.871
686.818,685.862
686.820,685.865
686.814,685.856
686.808,685.848
686.811,685.852
686.814,685.856
686.816,685.860
686.818,685.863
686.812,685.854
686.815,685.858
686.817,685.861
686.819,685.864
686.821,685.867
686.823,685.869
686.822,685.868
686.824,685.870
686.823,685.869
686.824,685.871
686.818,685.862
686.820,685.865
686.822,685.867
686.823,685.870
686.825,685.872
686.824,685.870
686.817,685.861
686.817,685.860
686.811,685.852
686.811,685.852
686.806,685.845
686.809,685.849
686.812,685.854
686.814,685.857
686.809,685.849
686.812,685.853
686.814,685.857
686.817,685.860
686.816,685.860
686.818,685.863
686.820,685.866
686.822,685.868
686.824,685.871
686.825,685.873
686.827,685.875
686.828,685.876
686.821,685.867
686.815,685.858
686.809,685.850
686.809,685.850
686.812,685.854
686.807,685.846
686.810,685.851
686.813,685.855
686.815,685.859
686.818,685.862
686.812,685.853
686.814,685.857
686.817,685.860
686.811,685.852
686.814,685.856
686.816,685.859
686.818,685.863
686.812,685.854
686.815,685.858
686.817,685.861
686.819,685.864
686.819,685.863
686.821,685.866
686.822,685.869
686.824,685.871
686.823,685.869
686.825,685.872
686.823,685.870
686.825,685.872
686.826,685.874
686.828,685.876
686.821,685.866
686.822,685.869
686.824,685.871
686.826,685.873
686.827,685.875
686.828,685.877
686.829,685.878
686.828,685.876
686.829,685.878
686.830,685.879
686.831,685.880
686.823,685.870
686.825,685.872
686.826,685.874
686.828,685.876
686.826,685.874
686.827,685.876
686.826,685.874
686.827,685.876
686.828,685.877
686.821,685.867
686.823,685.870
686.825,685.872
686.826,685.874
686.827,685.876
686.829,685.877
686.830,685.879
686.831,685.880
686.831,685.881
686.832,685.882
687.508,686.839
693.540,695.382
696.982,700.255
697.779,701.384
697.997,701.693
697.955,701.633
696.895,700.132
695.700,698.440
695.673,698.402
694.927,697.346
694.753,697.099
694.665,696.975
694.643,696.943
693.819,695.776
693.181,694.873
693.008,694.628
692.499,693.908
692.284,693.603
692.183,693.460
692.088,693.325
691.445,692.415
692.194,693.476
692.204,693.489
692.195,693.476
692.147,693.409
692.099,693.340
692.083,693.319
692.049,693.270
692.042,693.259
692.084,693.319
692.743,694.253
692.959,694.558
694.268,696.412
695.082,697.565
696.488,699.556
695.611,698.315
695.564,698.248
695.520,698.185
696.025,698.900
697.091,700.410
697.310,700.721
697.224,700.598
697.325,700.741
697.332,700.751
697.867,701.509
697.894,701.547
689.838,690.138
689.828,690.124
689.819,690.112
689.811,690.101
689.804,690.091
689.798,690.083
689.801,690.087
689.795,690.079
689.790,690.072
689.786,690.065
689.782,690.059
689.770,690.042
689.759,690.027
689.750,690.014
689.741,690.001
689.733,689.990
689.726,689.980
689.728,689.983
689.729,689.985
689.722,689.975
689.716,689.967
689.711,689.959
689.706,689.952
689.701,689.945
689.689,689.928
689.168,689.190
689.167,689.188
689.165,689.186
689.169,689.191
689.164,689.184
689.160,689.178
689.159,689.177
689.158,689.176
689.157,689.175
689.157,689.174
689.156,689.173
689.156,689.173
689.155,689.172
689.155,689.171
689.159,689.178
689.167,689.188
689.170,689.193
689.168,689.191
689.175,689.200
689.188,689.219
689.198,689.233
689.210,689.249
689.220,689.264
689.230,689.277
689.238,689.290
689.246,689.301
689.250,689.306
689.257,689.316
689.263,689.324
689.268,689.332
689.273,689.339
689.278,689.345
689.282,689.351
689.285,689.356
689.289,689.361
689.292,689.365
689.302,689.380
689.301,689.378
689.311,689.392
689.317,689.401
689.317,689.401
689.317,689.402
689.326,689.413
689.333,689.424
689.340,689.434
689.346,689.442
689.352,689.450
689.357,689.457
689.361,689.464
689.365,689.470
689.369,689.475
689.365,689.468
689.360,689.462
689.356,689.457
689.353,689.452
689.347,689.443
689.352,689.451
689.357,689.458
689.362,689.465
689.358,689.459
689.354,689.454
689.351,689.449
689.345,689.441
689.343,689.437
689.337,689.430
689.336,689.428
689.342,689.437
689.340,689.434
689.338,689.431
689.336,689.429
689.335,689.426
689.333,689.425
689.337,689.430
689.336,689.427
689.334,689.425
689.330,689.419
689.329,689.418
689.328,689.417
689.327,689.416
689.327,689.415
689.323,689.409
689.315,689.398
689.307,689.387
689.308,689.389
689.298,689.375
689.292,689.366
689.287,689.359
689.282,689.352
689.275,689.341
689.271,689.336
689.268,689.331
689.264,689.327
689.254,689.311
689.249,689.305
689.240,689.291
689.231,689.279
689.223,689.269
689.217,689.259
689.210,689.250
689.205,689.242
689.199,689.235
689.195,689.228
689.191,689.222
689.179,689.205
689.176,689.202
689.174,689.198
689.163,689.184
689.154,689.170
689.146,689.159
689.130,689.137
689.132,689.139
689.126,689.130
689.120,689.122
689.115,689.115
689.110,689.109
689.103,689.098
689.097,689.089
689.091,689.081
689.088,689.077
689.086,689.074
689.076,689.060
689.067,689.047
689.056,689.032
689.046,689.017
689.040,689.009
689.034,689.001
689.026,688.989
689.019,688.979
689.015,688.974
689.012,688.970
689.009,688.965
689.004,688.957
689.002,688.954
689.000,688.952
688.995,688.945
688.991,688.939
688.982,688.926
688.982,688.926
688.971,688.911
688.972,688.912
688.964,688.902
688.958,688.893
688.952,688.884
688.944,688.873
688.939,688.866
688.935,688.861
688.937,688.863
688.941,688.869
688.942,688.870
688.938,688.864
688.934,688.858
688.927,688.849
688.924,688.845
688.927,688.849
688.924,688.844
688.921,688.841
688.916,688.833
688.914,688.831
688.910,688.824
688.908,688.822
688.904,688.817
688.904,688.816
688.900,688.811
688.892,688.799
688.889,688.795
688.882,688.785
688.880,688.783
688.882,688.785
688.880,688.783
688.882,688.785
688.880,688.783
688.874,688.774
688.873,688.772
688.875,688.776
688.874,688.774
688.868,688.766
688.871,688.770
688.866,688.762
688.869,688.766
688.863,688.758
688.858,688.752
688.854,688.745
688.850,688.740
688.843,688.730
688.840,688.726
688.843,688.730
688.840,688.725
688.837,688.722
688.835,688.718
688.841,688.727
688.843,688.730
688.840,688.726
688.835,688.718
688.840,688.726
688.843,688.730
688.840,688.726
688.842,688.729
688.839,688.725
688.837,688.721
688.834,688.718
688.832,688.715
688.827,688.708
688.826,688.706
688.825,688.704
688.820,688.698
688.820,688.697
688.816,688.692
688.816,688.691
688.815,688.691
688.815,688.690
688.815,688.690
688.820,688.697
688.819,688.696
688.815,688.691
688.815,688.690
688.815,688.690
688.811,688.685
688.812,688.685
688.817,688.693
688.816,688.692
688.813,688.687
688.813,688.687
688.813,688.687
688.810,688.683
688.810,688.683
688.807,688.679
688.808,688.680
688.808,688.681
688.806,688.677
688.806,688.678
688.812,688.686
688.812,688.686
688.804,688.674
688.802,688.671
688.803,688.673
688.804,688.674
688.801,688.671
688.802,688.672
688.800,688.670
688.802,688.671
688.800,688.668
688.798,688.666
688.799,688.668
688.797,688.665
688.799,688.667
688.800,688.669
688.798,688.667
688.800,688.668
688.798,688.666
688.788,688.652
688.790,688.656
688.793,688.658
688.791,688.657
688.793,688.660
688.792,688.658
688.794,688.661
688.793,688.659
688.795,688.662
688.788,688.652
688.796,688.663
688.797,688.665
688.796,688.663
688.797,688.665
688.799,688.667
688.797,688.665
688.790,688.655
688.792,688.658
688.783,688.645
688.778,688.638
688.781,688.642
688.781,688.642
688.784,688.647
688.787,688.650
688.786,688.650
688.789,688.653
688.791,688.656
688.782,688.643
688.774,688.632
688.769,688.626
688.765,688.620
688.767,688.622
688.771,688.628
688.767,688.622
688.760,688.613
688.765,688.620
688.762,688.615
688.763,688.617
688.765,688.620
688.762,688.615
688.763,688.617
688.768,688.624
688.772,688.630
688.773,688.631
688.769,688.625
688.765,688.619
688.766,688.621
688.768,688.623
688.772,688.629
688.773,688.630
688.774,688.632
688.777,688.637
688.772,688.630
688.773,688.631
688.777,688.636
688.772,688.630
688.773,688.631
688.769,688.625
688.765,688.619
688.758,688.610
688.755,688.606
688.753,688.602
688.747,688.595
688.743,688.588
688.741,688.586
688.748,688.595
688.751,688.600
688.749,688.596
688.747,688.594
688.742,688.587
688.738,688.581
688.737,688.579
688.733,688.574
688.732,688.573
688.740,688.584
688.736,688.578
688.735,688.577
688.734,688.576
688.734,688.575
688.738,688.582
688.737,688.580
688.736,688.579
688.732,688.573
688.732,688.573
688.740,688.584
688.738,688.582
688.742,688.588
688.741,688.586
688.740,688.584
688.744,688.589
688.750,688.598
688.748,688.595
688.746,688.593
688.749,688.597
688.747,688.594
688.745,688.592
688.741,688.585
688.740,688.583
688.738,688.582
688.734,688.576
688.739,688.582
688.738,688.581
688.737,688.579
688.741,688.585
688.740,688.584
688.739,688.582
688.743,688.588
688.746,688.593
688.744,688.590
688.743,688.588
688.746,688.593
688.750,688.598
688.748,688.595
688.754,688.603
688.756,688.607
688.751,688.599
688.748,688.596
688.746,688.593
688.742,688.587
688.737,688.581
688.737,688.579
688.736,688.578
688.732,688.573
688.729,688.568
688.728,688.568
688.720,688.556
688.713,688.546
688.711,688.544
688.710,688.542
688.712,688.544
688.705,688.535
688.707,688.538
688.706,688.536
688.705,688.535
688.707,688.538
688.709,688.541
688.711,688.543
688.710,688.541
688.711,688.543
688.713,688.546
688.714,688.548
688.713,688.545
688.703,688.532
688.705,688.535
688.707,688.538
688.701,688.529
688.701,688.529
688.701,688.528
688.703,688.532
688.705,688.535
688.707,688.538
688.701,688.529
688.701,688.529
688.701,688.528
688.703,688.532
688.697,688.524
688.692,688.516
688.693,688.517
688.693,688.517
688.688,688.511
688.692,688.516
688.687,688.509
688.683,688.503
688.684,688.505
688.685,688.507
688.687,688.508
688.682,688.503
688.679,688.497
688.683,688.504
688.679,688.498
688.673,688.489
688.675,688.492
688.677,688.495
688.674,688.491
688.671,688.486
688.668,688.483
688.644,688.448
688.644,688.448
688.644,688.448
688.644,688.448
688.636,688.436
688.636,688.437
688.637,688.438
688.637,688.439
688.635,688.435
688.633,688.432
688.631,688.430
688.629,688.427
688.628,688.425
688.626,688.423
688.625,688.421
688.624,688.419
688.622,688.418
688.621,688.416
688.621,688.415
688.620,688.414
688.619,688.413
688.618,688.412
688.618,688.411
688.617,688.410
688.617,688.410
688.575,688.351
688.573,688.348
688.572,688.346
688.579,688.356
688.577,688.353
688.575,688.350
688.573,688.348
688.572,688.346
688.571,688.344
688.569,688.342
688.565,688.337
688.562,688.332
688.567,688.339
688.563,688.333
688.568,688.340
688.564,688.335
688.568,688.341
688.565,688.336
688.561,688.331
688.558,688.326
688.558,688.326
688.558,688.326
688.558,688.326
688.558,688.326
688.550,688.315
688.526,688.281
688.529,688.285
688.532,688.289
688.526,688.281
688.526,688.282
688.526,688.282
688.527,688.282
688.527,688.282
688.522,688.275
688.517,688.268
688.513,688.263
688.514,688.265
688.516,688.266
688.512,688.261
688.508,688.256
688.505,688.251
688.507,688.254
688.509,688.257
688.503,688.248
688.500,688.244
688.497,688.240
688.492,688.233
688.496,688.238
688.491,688.231
688.497,688.240
688.503,688.248
688.508,688.256
688.510,688.258
688.512,688.261
688.505,688.252
688.502,688.247
688.508,688.255
688.509,688.258
688.511,688.260
688.508,688.255
688.504,688.250
688.499,688.242
688.493,688.235
688.491,688.232
688.490,688.230
688.493,688.235
688.489,688.228
688.487,688.226
688.486,688.224
688.485,688.222
688.481,688.217
688.480,688.216
688.479,688.215
688.476,688.210
688.473,688.206
688.473,688.206
