# Physical_Baseline=688.33pF, Trigger_Distance=8.8cm, Atten_Ratio=0.77
Raw_Capacitance(pF),Normalized_Capacitance(pF)
688.343,688.340
688.339,688.337
688.341,688.339
688.346,688.342
688.339,688.337
688.336,688.335
688.338,688.336
688.343,688.340
688.347,688.343
688.340,688.338
688.342,688.339
688.344,688.341
688.337,688.336
688.334,688.333
688.328,688.329
688.326,688.327
688.321,688.323
688.319,688.322
688.323,688.325
688.321,688.324
688.317,688.320
688.324,688.325
688.319,688.322
688.318,688.321
688.322,688.324
688.317,688.320
688.324,688.326
688.319,688.322
688.318,688.321
688.322,688.324
688.325,688.327
688.328,688.329
688.334,688.333
688.329,688.329
688.326,688.327
688.329,688.330
688.327,688.328
688.330,688.330
688.328,688.328
688.323,688.324
688.321,688.323
688.316,688.320
688.323,688.325
688.327,688.328
688.325,688.326
688.328,688.329
688.326,688.327
688.321,688.323
688.327,688.328
688.322,688.324
688.328,688.329
688.323,688.325
688.322,688.324
688.325,688.326
688.320,688.323
688.319,688.321
688.323,688.324
688.329,688.329
688.332,688.332
688.329,688.330
688.332,688.332
688.326,688.327
688.330,688.330
688.335,688.334
688.337,688.336
688.331,688.331
688.334,688.333
688.336,688.335
688.339,688.337
688.341,688.338
688.342,688.340
688.339,688.337
688.333,688.332
688.330,688.330
688.333,688.332
688.330,688.330
688.328,688.328
688.323,688.324
688.326,688.327
688.329,688.330
688.327,688.328
688.325,688.326
688.328,688.329
688.331,688.331
688.333,688.333
688.339,688.337
688.341,688.338
688.345,688.342
688.346,688.343
688.351,688.346
688.351,688.347
688.355,688.350
688.347,688.344
688.343,688.340
688.337,688.335
688.334,688.333
688.336,688.335
688.333,688.332
688.335,688.334
688.332,688.332
688.335,688.334
688.340,688.338
688.342,688.339
688.338,688.337
688.340,688.338
688.337,688.335
688.331,688.331
688.326,688.327
688.321,688.323
688.327,688.328
688.325,688.326
688.320,688.323
688.319,688.321
688.322,688.324
688.321,688.323
688.324,688.326
688.331,688.331
688.333,688.333
688.330,688.331
688.325,688.326
688.323,688.325
688.327,688.328
688.322,688.324
688.325,688.326
688.320,688.323
688.324,688.326
688.322,688.324
688.326,688.327
688.321,688.323
688.319,688.322
688.323,688.325
688.329,688.330
688.332,688.332
688.337,688.336
688.331,688.331
688.329,688.329
688.324,688.325
688.322,688.324
688.317,688.320
688.324,688.326
688.327,688.328
688.322,688.324
688.318,688.321
688.322,688.324
688.320,688.323
688.324,688.325
688.330,688.330
688.333,688.332
688.330,688.330
688.325,688.326
688.331,688.331
688.325,688.327
688.323,688.325
688.327,688.328
688.325,688.326
688.320,688.322
688.324,688.325
688.314,688.318
688.310,688.315
688.309,688.314
688.306,688.312
688.306,688.312
688.311,688.315
688.310,688.315
688.315,688.319
688.314,688.318
688.318,688.321
688.317,688.320
688.321,688.323
688.319,688.322
688.323,688.325
688.321,688.323
688.317,688.320
688.313,688.317
688.312,688.316
688.308,688.313
688.308,688.313
688.305,688.311
688.305,688.311
688.310,688.315
688.317,688.320
688.321,688.324
688.320,688.322
688.323,688.325
688.322,688.324
688.325,688.326
688.328,688.329
688.334,688.333
688.336,688.335
688.333,688.333
688.328,688.329
688.326,688.327
688.329,688.329
688.326,688.327
688.321,688.324
688.320,688.322
688.324,688.325
688.330,688.330
688.333,688.332
688.330,688.330
688.325,688.326
688.323,688.325
688.326,688.327
688.324,688.326
688.322,688.324
688.318,688.321
688.316,688.320
688.320,688.323
688.327,688.328
688.330,688.330
688.328,688.328
688.331,688.331
688.328,688.329
688.331,688.331
688.326,688.327
688.324,688.325
688.319,688.322
688.318,688.321
688.313,688.317
688.313,688.317
688.309,688.314
688.309,688.314
688.313,688.317
688.310,688.314
688.309,688.314
688.309,688.314
688.313,688.317
688.310,688.314
688.309,688.314
688.314,688.318
688.313,688.317
688.309,688.314
688.309,688.314
688.306,688.311
688.311,688.315
688.307,688.313
688.315,688.319
688.311,688.316
688.310,688.315
688.315,688.319
688.314,688.318
688.318,688.321
688.317,688.320
688.321,688.323
688.319,688.322
688.315,688.319
688.311,688.316
688.311,688.315
688.315,688.319
688.319,688.322
688.318,688.321
688.314,688.318
688.318,688.321
688.317,688.320
688.313,688.317
688.312,688.316
688.316,688.320
688.315,688.319
688.311,688.316
688.311,688.315
688.307,688.313
688.312,688.316
688.311,688.316
688.308,688.313
688.308,688.313
688.312,688.317
688.309,688.314
688.300,688.307
688.298,688.305
688.299,688.306
688.304,688.310
688.304,688.310
688.301,688.308
688.307,688.312
688.307,688.312
688.304,688.310
688.304,688.310
688.301,688.308
688.301,688.308
688.302,688.308
688.299,688.306
688.299,688.307
688.297,688.305
688.298,688.305
688.304,688.310
688.301,688.308
688.301,688.308
688.299,688.306
688.299,688.306
688.305,688.311
688.302,688.308
688.299,688.306
688.297,688.305
688.298,688.305
688.295,688.303
688.296,688.304
688.294,688.302
688.295,688.303
688.301,688.308
688.293,688.302
688.300,688.307
688.297,688.305
688.298,688.305
688.296,688.304
688.297,688.304
688.294,688.303
688.293,688.301
688.286,688.296
688.285,688.295
688.286,688.296
688.285,688.296
688.279,688.291
688.281,688.293
688.281,688.292
688.283,688.294
688.282,688.293
688.281,688.293
688.284,688.294
688.283,688.294
688.285,688.295
688.284,688.294
688.283,688.294
688.285,688.295
688.284,688.295
688.286,688.296
688.285,688.295
688.284,688.294
688.286,688.296
688.293,688.301
688.294,688.302
688.292,688.301
688.290,688.300
688.292,688.301
688.290,688.299
688.291,688.300
688.290,688.299
688.288,688.298
688.290,688.299
688.288,688.298
688.290,688.299
688.288,688.298
688.290,688.299
688.283,688.294
688.282,688.293
688.276,688.289
688.276,688.289
688.279,688.291
688.279,688.290
688.278,688.290
688.273,688.286
688.273,688.286
688.276,688.288
688.276,688.288
688.276,688.288
688.278,688.290
688.278,688.290
688.280,688.292
688.280,688.291
688.282,688.293
688.281,688.293
688.281,688.292
688.275,688.288
688.275,688.288
688.275,688.287
688.270,688.283
688.270,688.284
688.273,688.286
688.273,688.286
688.276,688.289
688.271,688.285
688.271,688.285
688.266,688.281
688.267,688.282
688.268,688.282
688.271,688.285
688.258,688.274
688.254,688.271
688.251,688.269
688.253,688.271
688.258,688.274
688.267,688.282
688.268,688.282
688.272,688.285
688.272,688.285
688.272,688.285
688.267,688.281
688.268,688.282
688.268,688.283
688.264,688.279
688.265,688.280
688.261,688.276
688.257,688.273
688.250,688.268
688.247,688.266
688.245,688.264
688.240,688.260
688.238,688.259
688.236,688.257
688.240,688.260
688.238,688.259
688.253,688.271
688.255,688.272
688.249,688.267
688.246,688.265
688.249,688.267
688.251,688.269
688.248,688.267
688.245,688.265
688.248,688.267
688.243,688.263
688.240,688.261
688.236,688.257
688.239,688.260
688.237,688.259
688.233,688.255
688.237,688.258
688.235,688.257
688.231,688.253
688.227,688.250
688.226,688.250
688.223,688.247
688.228,688.251
688.227,688.250
688.231,688.254
688.236,688.257
688.225,688.249
688.224,688.248
688.221,688.246
688.226,688.250
688.226,688.249
688.222,688.247
688.227,688.251
688.224,688.248
688.223,688.248
688.228,688.251
688.232,688.255
688.231,688.254
688.222,688.247
688.227,688.251
688.226,688.250
688.226,688.249
688.230,688.253
688.235,688.256
688.225,688.249
688.225,688.249
688.221,688.246
688.218,688.244
688.218,688.244
688.219,688.244
688.216,688.242
688.199,688.229
688.193,688.224
688.196,688.226
688.195,688.226
688.195,688.225
688.186,688.219
688.189,688.221
688.192,688.223
688.192,688.223
688.192,688.223
688.192,688.223
688.191,688.223
688.186,688.219
688.189,688.221
688.192,688.223
688.192,688.223
688.192,688.223
688.186,688.219
688.181,688.215
688.182,688.216
688.183,688.216
688.176,688.211
688.180,688.214
688.181,688.215
688.182,688.215
688.182,688.216
688.175,688.210
688.171,688.207
688.176,688.211
688.177,688.212
688.178,688.213
688.171,688.207
688.168,688.205
688.165,688.202
688.167,688.204
688.169,688.206
688.171,688.207
688.173,688.209
688.167,688.204
688.164,688.201
688.166,688.203
688.168,688.205
688.165,688.203
688.162,688.200
688.168,688.205
688.162,688.200
688.165,688.202
688.167,688.204
688.172,688.208
688.168,688.205
688.170,688.207
688.172,688.208
688.174,688.209
688.178,688.213
688.174,688.210
688.176,688.211
688.177,688.212
688.170,688.206
688.167,688.204
688.164,688.202
688.161,688.199
688.164,688.202
688.166,688.203
688.169,688.205
688.163,688.201
688.168,688.205
688.162,688.200
688.157,688.196
688.160,688.198
688.163,688.201
688.165,688.203
688.162,688.200
688.160,688.198
688.155,688.194
688.150,688.191
688.154,688.194
688.149,688.190
688.148,688.189
688.147,688.188
688.151,688.191
688.154,688.194
688.150,688.191
688.148,688.190
688.147,688.189
688.143,688.185
688.148,688.189
688.144,688.186
688.140,688.183
688.137,688.180
688.136,688.180
688.134,688.178
688.131,688.176
688.128,688.174
688.126,688.172
688.127,688.173
688.128,688.174
688.126,688.172
688.132,688.177
688.129,688.175
688.135,688.179
688.140,688.183
688.140,688.183
688.139,688.183
688.139,688.182
688.138,688.182
688.135,688.179
688.133,688.177
688.138,688.181
688.135,688.179
688.135,688.179
688.135,688.179
688.143,688.185
688.147,688.189
688.151,688.192
688.147,688.189
688.143,688.185
688.142,688.185
688.142,688.184
688.141,688.184
688.140,688.183
688.137,688.181
688.134,688.179
688.139,688.183
688.144,688.186
688.143,688.186
688.143,688.185
688.142,688.185
688.141,688.184
688.141,688.184
688.137,688.181
688.142,688.185
688.139,688.182
688.136,688.180
688.133,688.177
688.138,688.182
688.143,688.185
688.142,688.185
688.142,688.184
688.141,688.184
688.138,688.181
688.135,688.179
688.132,688.177
688.129,688.175
688.127,688.173
688.128,688.174
688.128,688.174
688.129,688.175
688.130,688.175
688.127,688.173
688.125,688.172
688.123,688.170
688.130,688.175
688.127,688.173
688.125,688.172
688.123,688.170
688.116,688.165
688.118,688.166
688.112,688.161
688.106,688.157
688.114,688.163
688.113,688.162
688.112,688.162
688.112,688.161
688.111,688.161
688.111,688.160
688.113,688.162
688.115,688.164
688.117,688.165
688.119,688.166
688.109,688.159
688.109,688.159
688.109,688.159
688.108,688.159
688.108,688.158
688.108,688.158
688.108,688.158
688.107,688.158
688.107,688.158
688.107,688.158
688.110,688.160
688.112,688.161
688.114,688.163
688.113,688.162
688.113,688.162
688.112,688.161
688.111,688.161
688.111,688.160
688.110,688.160
688.110,688.160
688.101,688.153
688.102,688.153
688.102,688.154
688.102,688.154
688.103,688.154
688.103,688.154
688.103,688.155
688.104,688.155
688.104,688.155
688.099,688.151
688.102,688.154
688.105,688.156
688.100,688.152
688.103,688.155
688.098,688.151
688.094,688.147
688.090,688.144
688.091,688.145
688.092,688.146
688.094,688.147
688.087,688.142
688.089,688.143
688.090,688.144
688.084,688.139
688.086,688.141
688.088,688.142
688.089,688.144
688.091,688.145
688.092,688.146
688.093,688.147
688.097,688.150
688.098,688.151
688.099,688.151
688.099,688.152
688.103,688.154
688.106,688.157
688.101,688.153
688.096,688.149
688.091,688.146
688.088,688.142
688.092,688.146
688.088,688.143
688.090,688.144
688.083,688.139
688.085,688.141
688.087,688.142
688.097,688.150
688.098,688.150
688.099,688.151
688.099,688.152
688.100,688.152
688.100,688.152
688.101,688.153
688.093,688.147
688.094,688.148
688.096,688.149
688.096,688.149
688.097,688.150
688.098,688.151
688.102,688.153
688.105,688.156
688.100,688.152
688.095,688.148
688.099,688.151
688.102,688.154
688.097,688.150
688.093,688.147
688.097,688.150
688.100,688.152
688.096,688.149
688.091,688.145
688.087,688.142
688.084,688.140
688.089,688.143
688.093,688.147
688.089,688.144
688.083,688.139
688.085,688.140
688.079,688.136
688.081,688.138
688.076,688.133
688.078,688.135
688.081,688.137
688.078,688.135
688.073,688.131
688.076,688.133
688.079,688.135
688.081,688.137
688.083,688.139
688.078,688.135
688.080,688.137
688.077,688.135
688.080,688.137
688.074,688.132
688.077,688.135
688.080,688.137
688.083,688.139
688.077,688.134
688.071,688.130
688.067,688.126
688.070,688.129
688.074,688.132
688.069,688.128
688.072,688.131
688.075,688.133
688.070,688.129
688.065,688.125
688.069,688.128
688.065,688.125
688.069,688.128
688.064,688.124
688.068,688.127
688.072,688.130
688.075,688.133
688.070,688.129
688.073,688.131
688.076,688.134
688.079,688.136
688.082,688.138
688.076,688.133
688.079,688.136
688.081,688.138
688.075,688.133
688.070,688.129
688.074,688.132
688.077,688.134
688.071,688.130
688.067,688.126
688.070,688.129
688.074,688.132
688.069,688.128
688.072,688.131
688.067,688.127
688.066,688.126
688.069,688.128
688.065,688.125
688.061,688.122
688.065,688.125
688.061,688.122
688.065,688.125
688.072,688.130
688.070,688.129
688.073,688.131
688.076,688.134
688.074,688.132
688.072,688.130
688.070,688.128
688.068,688.127
688.066,688.126
688.062,688.122
688.058,688.120
688.057,688.119
688.065,688.125
688.068,688.128
688.064,688.124
688.060,688.121
688.064,688.124
688.060,688.121
688.056,688.118
688.053,688.116
688.058,688.120
688.063,688.123
688.067,688.126
688.062,688.123
688.058,688.120
688.055,688.117
688.052,688.115
688.057,688.119
688.053,688.116
688.058,688.120
688.055,688.117
688.054,688.117
688.054,688.116
688.054,688.116
688.053,688.116
688.053,688.116
688.053,688.115
688.052,688.115
688.052,688.115
688.052,688.115
688.052,688.115
688.052,688.115
688.060,688.121
688.059,688.120
688.058,688.120
688.057,688.119
688.051,688.114
688.048,688.112
688.054,688.116
688.059,688.120
688.055,688.117
688.060,688.121
688.056,688.118
688.053,688.116
688.053,688.115
688.058,688.119
688.054,688.117
688.054,688.116
688.053,688.116
688.053,688.116
688.053,688.116
688.053,688.115
688.052,688.115
688.049,688.113
688.049,688.113
688.047,688.111
688.044,688.109
688.042,688.107
688.040,688.106
688.038,688.104
688.037,688.103
688.038,688.104
688.037,688.103
688.043,688.108
688.041,688.107
688.042,688.107
688.043,688.108
688.044,688.108
688.041,688.107
688.039,688.105
688.038,688.104
688.036,688.103
688.035,688.102
688.033,688.101
688.024,688.093
688.024,688.093
688.018,688.089
688.013,688.085
688.014,688.086
688.023,688.092
688.023,688.092
688.022,688.092
688.022,688.092
688.022,688.092
688.022,688.092
688.017,688.088
687.985,688.063
687.988,688.065
687.986,688.064
687.981,688.060
687.985,688.063
687.980,688.059
687.976,688.056
687.975,688.056
687.974,688.055
687.979,688.058
687.983,688.061
687.987,688.064
687.985,688.063
687.980,688.059
687.976,688.056
687.980,688.059
687.984,688.062
687.982,688.061
687.981,688.060
687.977,688.056
687.981,688.060
687.985,688.063
687.980,688.059
687.979,688.058
687.977,688.057
687.984,688.063
687.988,688.065
687.991,688.068
687.994,688.070
687.991,688.068
687.989,688.066
687.992,688.068
687.987,688.064
687.990,688.067
687.985,688.063
687.983,688.061
687.981,688.060
687.985,688.063
687.989,688.066
687.984,688.062
687.982,688.061
687.988,688.066
687.986,688.064
687.990,688.067
687.993,688.069
687.987,688.065
687.985,688.063
687.981,688.060
687.976,688.056
687.981,688.060
687.985,688.063
687.980,688.059
687.979,688.058
687.983,688.061
687.986,688.064
687.982,688.060
687.980,688.059
687.976,688.056
687.972,688.053
687.977,688.057
687.981,688.060
687.980,688.059
687.984,688.062
687.987,688.065
687.982,688.061
687.981,688.060
687.979,688.059
687.975,688.056
687.980,688.059
687.976,688.056
687.975,688.055
687.971,688.052
687.968,688.050
687.968,688.050
687.967,688.049
687.967,688.049
687.964,688.047
687.962,688.045
687.962,688.045
687.962,688.046
687.960,688.044
687.958,688.042
687.958,688.043
687.951,688.037
687.950,688.036
687.948,688.035
687.950,688.036
687.952,688.037
687.950,688.036
687.957,688.041
687.963,688.046
687.969,688.050
687.960,688.044
687.953,688.038
687.959,688.043
687.957,688.041
687.958,688.042
687.956,688.041
687.954,688.039
687.952,688.038
687.954,688.039
687.952,688.038
687.951,688.036
687.949,688.035
687.951,688.037
687.950,688.036
687.948,688.035
687.950,688.036
687.951,688.037
687.953,688.038
687.951,688.037
687.950,688.036
687.951,688.037
687.950,688.036
687.949,688.035
687.948,688.034
687.947,688.033
687.946,688.033
687.953,688.038
687.951,688.037
687.953,688.038
687.951,688.037
687.950,688.036
687.957,688.041
687.957,688.042
687.958,688.042
687.956,688.041
687.954,688.039
687.955,688.040
687.962,688.045
687.967,688.049
687.964,688.047
687.964,688.047
687.965,688.047
687.962,688.045
687.960,688.043
687.957,688.042
687.950,688.036
687.952,688.037
687.950,688.036
687.949,688.035
687.948,688.034
687.941,688.029
687.944,688.031
687.943,688.031
687.942,688.030
687.942,688.030
687.944,688.031
687.951,688.037
687.950,688.036
687.949,688.035
687.948,688.034
687.949,688.035
687.948,688.034
687.947,688.034
687.949,688.035
687.948,688.034
687.947,688.033
687.946,688.033
687.945,688.032
687.947,688.033
687.946,688.033
687.945,688.032
687.944,688.031
687.938,688.027
687.938,688.027
687.938,688.027
687.938,688.026
687.940,688.029
687.940,688.028
687.940,688.028
687.940,688.028
687.934,688.024
687.934,688.024
687.934,688.024
687.935,688.024
687.930,688.020
687.930,688.021
687.931,688.021
687.931,688.022
687.935,688.024
687.935,688.024
687.935,688.024
687.935,688.024
687.938,688.027
687.938,688.027
687.938,688.027
687.938,688.026
687.940,688.029
687.948,688.034
687.947,688.034
687.946,688.033
687.948,688.034
687.947,688.033
687.946,688.033
687.945,688.032
687.947,688.034
687.946,688.033
687.945,688.032
687.944,688.032
687.938,688.027
687.941,688.029
687.940,688.029
687.940,688.028
687.943,688.030
687.942,688.030
687.942,688.029
687.941,688.029
687.943,688.031
687.935,688.024
687.935,688.024
687.935,688.024
687.935,688.025
687.935,688.025
687.935,688.025
687.938,688.027
687.941,688.029
687.933,688.022
687.933,688.023
687.928,688.019
687.929,688.020
687.930,688.020
687.925,688.017
687.926,688.017
687.927,688.018
687.920,688.013
687.922,688.014
687.918,688.011
687.911,688.006
687.914,688.008
687.919,688.012
687.920,688.013
687.914,688.008
687.919,688.012
687.921,688.013
687.922,688.014
687.918,688.011
687.912,688.007
687.914,688.008
687.911,688.006
687.914,688.008
687.908,688.003
687.910,688.005
687.916,688.009
687.918,688.011
687.919,688.012
687.924,688.016
687.925,688.017
687.926,688.018
687.927,688.018
687.923,688.015
687.924,688.016
687.925,688.017
687.929,688.020
687.922,688.014
687.923,688.015
687.925,688.016
687.926,688.017
687.927,688.018
687.922,688.015
687.924,688.016
687.925,688.017
687.929,688.020
687.922,688.014
687.923,688.015
687.919,688.012
687.923,688.015
687.925,688.016
687.926,688.017
687.922,688.014
687.915,688.009
687.909,688.004
687.914,688.008
687.917,688.010
687.918,688.012
687.920,688.013
687.922,688.014
687.923,688.015
687.924,688.016
687.926,688.017
687.921,688.014
687.915,688.009
687.909,688.004
687.911,688.006
687.914,688.008
687.916,688.010
687.918,688.011
687.912,688.006
687.914,688.008
687.911,688.006
687.913,688.008
687.908,688.003
687.910,688.005
687.908,688.003
687.910,688.005
687.913,688.007
687.915,688.009
687.917,688.010
687.922,688.014
687.926,688.017
687.919,688.012
687.921,688.013
687.914,688.008
687.916,688.010
687.921,688.013
687.922,688.015
687.924,688.016
687.925,688.017
687.929,688.020
687.930,688.020
687.922,688.014
687.918,688.011
687.912,688.007
687.909,688.004
687.912,688.006
687.914,688.008
687.916,688.010
687.918,688.011
687.920,688.013
687.916,688.010
687.910,688.005
687.905,688.001
687.910,688.005
687.913,688.007
687.907,688.003
687.905,688.001
687.908,688.003
687.902,687.999
687.900,687.998
687.896,687.994
687.892,687.991
687.888,687.988
687.884,687.985
687.881,687.983
687.881,687.983
687.887,687.987
687.883,687.984
687.883,687.984
687.880,687.982
687.886,687.986
687.882,687.984
687.880,687.981
687.877,687.979
687.875,687.977
687.872,687.976
687.873,687.976
687.879,687.981
687.885,687.985
687.884,687.985
687.881,687.983
687.887,687.987
687.886,687.986
687.883,687.984
687.888,687.988
687.887,687.987
687.892,687.991
687.888,687.988
687.885,687.985
687.882,687.983
687.879,687.981
687.884,687.985
687.881,687.983
687.881,687.983
687.879,687.981
687.876,687.979
687.874,687.977
687.872,687.975
687.870,687.974
687.868,687.973
687.867,687.971
687.868,687.972
687.867,687.971
687.865,687.970
687.864,687.969
687.871,687.975
687.877,687.980
687.875,687.978
687.881,687.982
687.881,687.982
687.886,687.986
687.891,687.990
687.890,687.989
687.886,687.987
687.883,687.984
687.883,687.984
687.880,687.982
687.880,687.982
687.877,687.980
687.875,687.978
687.876,687.978
687.873,687.977
687.871,687.975
687.864,687.969
687.871,687.975
687.877,687.980
687.883,687.984
687.880,687.982
687.877,687.980
687.875,687.978
687.873,687.976
687.863,687.968
687.862,687.968
687.861,687.967
687.860,687.966
687.859,687.966
687.861,687.967
687.861,687.967
687.863,687.968
687.862,687.967
687.861,687.967
687.860,687.966
687.859,687.966
687.853,687.961
687.853,687.961
687.848,687.957
687.848,687.957
687.851,687.959
687.851,687.960
687.851,687.960
687.846,687.956
687.839,687.950
687.843,687.953
687.852,687.960
687.852,687.960
687.852,687.960
687.847,687.956
687.847,687.956
687.850,687.959
687.851,687.959
687.854,687.961
687.853,687.961
687.853,687.961
687.853,687.961
687.853,687.961
687.845,687.955
687.846,687.955
687.846,687.956
687.847,687.956
687.850,687.959
687.842,687.952
687.843,687.953
687.844,687.954
687.845,687.955
687.840,687.951
687.841,687.952
687.845,687.955
687.846,687.955
687.849,687.958
687.844,687.954
687.845,687.955
687.848,687.957
687.841,687.951
687.836,687.948
687.838,687.949
687.834,687.946
687.836,687.947
687.837,687.949
687.833,687.946
687.835,687.947
687.840,687.950
687.841,687.951
687.837,687.948
687.838,687.949
687.834,687.946
687.839,687.950
687.840,687.951
687.844,687.954
687.845,687.954
687.848,687.957
687.848,687.957
687.852,687.960
687.852,687.960
687.846,687.956
687.842,687.952
687.835,687.947
687.839,687.950
687.840,687.951
687.836,687.948
687.838,687.949
687.842,687.952
687.843,687.953
687.844,687.954
687.844,687.954
687.845,687.955
687.846,687.955
687.846,687.956
687.847,687.956
687.848,687.957
687.840,687.951
687.833,687.945
687.827,687.941
687.829,687.942
687.831,687.944
687.825,687.939
687.828,687.941
687.822,687.937
687.825,687.939
687.828,687.941
687.825,687.939
687.827,687.941
687.824,687.939
687.819,687.935
687.817,687.933
687.820,687.935
687.818,687.934
687.813,687.930
687.809,687.927
687.813,687.930
687.817,687.933
687.820,687.935
687.823,687.938
687.818,687.934
687.821,687.936
687.816,687.932
687.819,687.935
687.817,687.933
687.821,687.936
687.826,687.940
687.829,687.942
687.826,687.940
687.828,687.942
687.833,687.945
687.835,687.947
687.837,687.948
687.830,687.943
687.832,687.945
687.837,687.948
687.838,687.949
687.842,687.953
687.835,687.947
687.837,687.948
687.830,687.943
687.835,687.947
687.829,687.942
687.826,687.940
687.828,687.942
687.825,687.939
687.820,687.935
687.818,687.933
687.813,687.930
687.816,687.933
687.820,687.935
687.815,687.931
687.818,687.934
687.814,687.930
687.817,687.933
687.821,687.936
687.816,687.932
687.819,687.935
687.817,687.933
687.820,687.936
687.815,687.932
687.811,687.928
687.807,687.925
687.803,687.922
687.802,687.922
687.799,687.919
687.796,687.917
687.801,687.921
687.798,687.918
687.795,687.916
687.795,687.916
687.801,687.920
687.800,687.920
687.805,687.924
687.810,687.927
687.814,687.930
687.818,687.933
687.821,687.936
687.816,687.932
687.819,687.935
687.817,687.933
687.820,687.936
687.815,687.932
687.819,687.934
687.822,687.937
687.825,687.939
687.822,687.937
687.825,687.939
687.822,687.937
687.825,687.939
687.828,687.941
687.822,687.937
687.817,687.933
687.812,687.929
687.811,687.928
687.807,687.925
687.806,687.924
687.802,687.921
687.807,687.925
687.803,687.922
687.802,687.922
687.799,687.919
687.799,687.919
687.804,687.923
687.803,687.922
687.800,687.920
687.800,687.919
687.797,687.917
687.802,687.921
687.807,687.925
687.806,687.924
687.802,687.921
687.802,687.921
687.798,687.918
687.795,687.916
687.793,687.914
687.793,687.914
687.791,687.913
687.791,687.913
687.789,687.911
687.790,687.912
687.796,687.916
687.801,687.921
687.806,687.924
687.805,687.924
687.801,687.921
687.801,687.921
687.798,687.918
687.798,687.918
687.803,687.922
687.808,687.926
687.812,687.929
687.810,687.928
687.814,687.931
687.810,687.927
687.814,687.931
687.810,687.927
687.814,687.930
687.809,687.927
687.800,687.920
687.805,687.924
687.801,687.921
687.798,687.918
687.798,687.918
687.795,687.916
687.795,687.916
687.801,687.920
687.806,687.924
687.810,687.928
687.809,687.927
687.813,687.930
687.809,687.926
687.805,687.923
687.801,687.921
687.798,687.918
687.803,687.922
687.800,687.920
687.797,687.917
687.794,687.915
687.792,687.913
687.792,687.914
687.790,687.912
687.790,687.912
687.788,687.911
687.797,687.917
687.794,687.915
687.792,687.913
687.789,687.912
687.790,687.912
687.788,687.911
687.789,687.911
687.787,687.910
687.788,687.910
687.786,687.909
687.784,687.907
687.783,687.906
687.784,687.907
687.782,687.906
687.784,687.907
687.782,687.906
687.789,687.911
687.787,687.910
687.788,687.910
687.794,687.915
687.791,687.913
687.789,687.911
687.787,687.910
687.785,687.908
687.792,687.913
687.797,687.918
687.797,687.918
687.803,687.922
687.802,687.921
687.799,687.919
687.796,687.917
687.801,687.921
687.801,687.920
687.806,687.924
687.802,687.921
687.799,687.919
687.796,687.917
687.801,687.921
687.809,687.927
687.813,687.930
687.811,687.929
687.807,687.925
687.803,687.922
687.808,687.926
687.807,687.925
687.811,687.929
687.810,687.927
687.806,687.924
687.805,687.924
687.810,687.927
687.816,687.932
687.820,687.935
687.815,687.931
687.810,687.928
687.806,687.925
687.803,687.922
687.799,687.919
687.804,687.923
687.809,687.927
687.808,687.926
687.804,687.923
687.803,687.922
687.808,687.926
687.804,687.923
687.801,687.920
687.797,687.918
687.805,687.924
687.810,687.927
687.806,687.924
687.810,687.928
687.806,687.925
687.803,687.922
687.802,687.921
687.799,687.919
687.799,687.919
687.796,687.916
687.801,687.921
687.798,687.918
687.798,687.918
687.803,687.922
687.794,687.915
687.792,687.913
687.789,687.912
687.790,687.912
687.788,687.911
687.786,687.909
687.784,687.908
687.783,687.906
687.789,687.911
687.790,687.912
687.788,687.910
687.789,687.911
687.787,687.909
687.788,687.910
687.786,687.909
687.784,687.907
687.782,687.906
687.781,687.905
687.783,687.906
687.781,687.905
687.788,687.910
687.794,687.915
687.802,687.922
687.799,687.919
687.799,687.919
687.796,687.917
687.793,687.914
687.791,687.913
687.789,687.911
687.787,687.909
687.793,687.914
687.790,687.912
687.796,687.917
687.802,687.921
687.806,687.925
687.803,687.922
687.799,687.919
687.804,687.923
687.801,687.920
687.798,687.918
687.803,687.922
687.800,687.919
687.805,687.923
687.809,687.927
687.805,687.924
687.804,687.923
687.809,687.927
687.805,687.924
687.810,687.927
687.808,687.926
687.812,687.929
687.811,687.928
687.807,687.925
687.811,687.928
687.807,687.925
687.806,687.924
687.802,687.922
687.802,687.921
687.799,687.919
687.804,687.923
687.800,687.920
687.797,687.918
687.794,687.915
687.792,687.913
687.798,687.918
687.803,687.922
687.807,687.926
687.812,687.929
687.808,687.926
687.804,687.923
687.803,687.922
687.800,687.920
687.797,687.917
687.794,687.915
687.799,687.919
687.805,687.923
687.804,687.923
687.808,687.926
687.807,687.925
687.812,687.929
687.815,687.932
687.811,687.928
687.810,687.927
687.814,687.930
687.812,687.929
687.816,687.932
687.814,687.931
687.810,687.927
687.816,687.932
687.820,687.935
687.818,687.933
687.821,687.936
687.824,687.938
687.827,687.940
687.829,687.942
687.823,687.938
687.829,687.942
687.823,687.937
687.820,687.936
687.823,687.938
687.821,687.936
687.816,687.932
687.814,687.931
687.810,687.927
687.808,687.926
687.805,687.923
687.804,687.923
687.808,687.926
687.807,687.925
687.803,687.922
687.803,687.922
687.807,687.926
687.804,687.923
687.800,687.920
687.800,687.920
687.815,687.931
687.818,687.934
687.821,687.936
687.816,687.932
687.814,687.931
687.810,687.928
687.809,687.927
687.805,687.924
687.804,687.923
687.801,687.920
687.792,687.914
687.790,687.912
687.790,687.912
687.788,687.911
687.789,687.911
687.787,687.910
687.788,687.911
687.786,687.909
687.784,687.908
687.791,687.913
687.789,687.911
687.787,687.909
687.785,687.908
687.791,687.913
687.797,687.917
687.799,687.919
687.804,687.923
687.811,687.928
687.815,687.931
687.813,687.930
687.817,687.933
687.820,687.936
687.815,687.932
687.811,687.928
687.810,687.927
687.814,687.930
687.809,687.927
687.805,687.924
687.810,687.927
687.814,687.930
687.812,687.929
687.816,687.932
687.814,687.931
687.810,687.927
687.806,687.924
687.810,687.928
687.806,687.924
687.810,687.928
687.806,687.925
687.803,687.922
687.782,687.906
687.781,687.905
687.782,687.906
687.781,687.905
687.780,687.904
687.779,687.903
687.777,687.902
687.779,687.904
687.778,687.903
687.777,687.902
687.776,687.901
687.778,687.903
687.777,687.902
687.779,687.904
687.778,687.903
687.780,687.904
687.779,687.903
687.778,687.902
687.785,687.908
687.786,687.909
687.792,687.914
687.798,687.918
687.795,687.916
687.792,687.914
687.798,687.918
687.795,687.916
687.793,687.914
687.790,687.912
687.788,687.911
687.786,687.909
687.787,687.910
687.793,687.915
687.799,687.919
687.804,687.923
687.801,687.920
687.797,687.918
687.803,687.922
687.799,687.919
687.799,687.919
687.796,687.917
687.793,687.915
687.791,687.913
687.792,687.913
687.789,687.911
687.787,687.910
687.793,687.915
687.799,687.919
687.799,687.919
687.796,687.917
687.793,687.914
687.791,687.913
687.791,687.913
687.789,687.911
687.790,687.912
687.796,687.916
687.793,687.914
687.791,687.913
687.788,687.911
687.786,687.909
687.785,687.908
687.783,687.907
687.790,687.912
687.790,687.912
687.796,687.917
687.796,687.917
687.794,687.915
687.791,687.913
687.789,687.911
687.795,687.916
687.792,687.914
687.798,687.918
687.798,687.918
687.795,687.916
687.795,687.916
687.793,687.914
687.790,687.912
687.796,687.917
687.796,687.917
687.794,687.915
687.786,687.909
687.784,687.907
687.783,687.906
687.784,687.907
687.782,687.906
687.781,687.905
687.780,687.904
687.779,687.903
687.777,687.902
687.777,687.902
687.778,687.903
687.785,687.909
687.784,687.907
687.790,687.912
687.791,687.913
687.789,687.911
687.795,687.916
687.792,687.914
687.790,687.912
687.796,687.917
687.793,687.914
687.785,687.908
687.784,687.907
687.782,687.906
687.781,687.905
687.780,687.904
687.786,687.909
687.779,687.904
687.778,687.903
687.777,687.902
687.776,687.902
687.778,687.903
687.777,687.902
687.776,687.902
687.776,687.901
687.775,687.900
687.777,687.902
687.776,687.901
687.775,687.901
687.775,687.900
687.777,687.902
687.776,687.901
687.775,687.900
687.774,687.900
687.774,687.899
687.768,687.895
687.768,687.895
687.771,687.897
687.762,687.891
687.766,687.893
687.766,687.893
687.766,687.893
687.769,687.896
687.769,687.896
687.769,687.895
687.777,687.902
687.778,687.903
687.777,687.902
687.776,687.902
687.784,687.907
687.782,687.906
687.784,687.907
687.782,687.906
687.775,687.901
687.775,687.900
687.774,687.900
687.776,687.901
687.775,687.901
687.777,687.902
687.784,687.908
687.783,687.906
687.784,687.907
687.791,687.912
687.788,687.911
687.794,687.915
687.795,687.916
687.792,687.914
687.790,687.912
687.790,687.912
687.788,687.911
687.789,687.911
687.787,687.910
687.785,687.908
687.792,687.913
687.789,687.911
687.787,687.910
687.785,687.908
687.786,687.909
687.793,687.914
687.790,687.912
687.788,687.911
687.789,687.911
687.787,687.910
687.785,687.908
687.786,687.909
687.784,687.908
687.786,687.909
687.784,687.907
687.782,687.906
687.781,687.905
687.782,687.906
687.781,687.905
687.780,687.904
687.781,687.905
687.780,687.904
687.779,687.903
687.778,687.903
687.769,687.896
687.769,687.896
687.769,687.895
687.771,687.898
687.771,687.897
687.771,687.897
687.770,687.897
687.773,687.899
687.772,687.898
687.772,687.898
687.772,687.898
687.771,687.897
687.766,687.893
687.766,687.893
687.766,687.893
687.766,687.894
687.766,687.894
687.761,687.890
687.762,687.890
687.762,687.891
687.763,687.891
687.763,687.891
687.764,687.892
687.764,687.892
687.767,687.894
687.767,687.894
687.767,687.894
687.770,687.897
687.770,687.896
687.778,687.903
687.779,687.904
687.778,687.903
687.772,687.898
687.772,687.898
687.771,687.898
687.763,687.891
687.763,687.891
687.758,687.888
687.759,687.888
687.760,687.889
687.761,687.889
687.762,687.890
687.762,687.890
687.763,687.891
687.763,687.891
687.764,687.892
687.764,687.892
687.759,687.888
687.760,687.889
687.755,687.885
687.756,687.886
687.758,687.887
687.759,687.888
687.751,687.882
687.753,687.883
687.754,687.884
687.756,687.885
687.757,687.886
687.758,687.887
687.753,687.884
687.755,687.885
687.756,687.886
687.752,687.882
687.753,687.884
687.755,687.885
687.748,687.879
687.750,687.881
687.752,687.882
687.753,687.883
687.754,687.885
687.756,687.886
687.757,687.886
687.750,687.881
687.744,687.876
687.738,687.872
687.741,687.874
687.743,687.876
687.746,687.878
687.742,687.875
687.745,687.877
687.747,687.879
687.749,687.880
687.751,687.882
687.747,687.879
687.749,687.880
687.751,687.882
687.755,687.885
687.756,687.886
687.757,687.887
687.753,687.883
687.755,687.885
687.759,687.888
687.759,687.888
687.755,687.885
687.756,687.886
687.757,687.887
687.753,687.883
687.754,687.884
687.756,687.885
687.757,687.886
687.760,687.889
687.753,687.884
687.755,687.885
687.756,687.886
687.757,687.886
687.758,687.887
687.759,687.888
687.752,687.882
687.756,687.886
687.757,687.887
687.758,687.887
687.762,687.890
687.762,687.891
687.763,687.891
687.758,687.887
687.759,687.888
687.763,687.891
687.755,687.885
687.756,687.886
687.760,687.889
687.761,687.889
687.762,687.890
687.765,687.893
687.765,687.893
687.760,687.889
687.761,687.889
687.761,687.890
687.757,687.886
687.750,687.881
687.752,687.882
687.753,687.883
687.749,687.880
687.751,687.882
687.753,687.883
687.757,687.886
687.758,687.887
687.751,687.882
687.747,687.879
687.749,687.880
687.751,687.882
687.752,687.883
687.746,687.878
687.743,687.875
687.745,687.877
687.747,687.879
687.752,687.882
687.753,687.884
687.755,687.885
687.756,687.886
687.757,687.886
687.753,687.883
687.754,687.884
687.755,687.885
687.749,687.880
687.750,687.881
687.752,687.883
687.754,687.884
687.750,687.881
687.751,687.882
687.753,687.883
687.757,687.886
687.758,687.887
687.759,687.888
687.755,687.885
687.756,687.886
687.757,687.886
687.758,687.887
687.754,687.884
687.755,687.885
687.748,687.880
687.750,687.881
687.752,687.882
687.756,687.886
687.757,687.887
687.753,687.883
687.754,687.884
687.755,687.885
687.757,687.886
687.758,687.887
687.753,687.884
687.755,687.885
687.756,687.886
687.757,687.886
687.761,687.889
687.761,687.890
687.770,687.897
687.762,687.890
687.754,687.884
687.758,687.888
687.759,687.888
687.755,687.885
687.748,687.880
687.750,687.881
687.754,687.884
687.756,687.885
687.757,687.886
687.761,687.889
687.761,687.890
687.762,687.890
687.762,687.891
687.766,687.893
687.766,687.893
687.766,687.893
687.774,687.900
687.774,687.899
687.776,687.901
687.775,687.900
687.774,687.900
687.774,687.899
687.776,687.901
687.775,687.901
687.774,687.900
687.777,687.902
687.776,687.901
687.775,687.900
687.774,687.900
687.774,687.899
687.768,687.895
687.768,687.895
687.768,687.895
687.771,687.897
687.762,687.891
687.763,687.891
687.755,687.885
687.756,687.886
687.758,687.887
687.759,687.888
687.759,687.888
687.752,687.883
687.754,687.884
687.755,687.885
687.756,687.886
687.749,687.880
687.746,687.878
687.748,687.879
687.742,687.875
687.744,687.877
687.746,687.878
687.748,687.880
687.745,687.877
687.747,687.879
687.749,687.880
687.751,687.882
687.747,687.879
687.749,687.880
687.751,687.882
687.755,687.885
687.756,687.886
687.752,687.883
687.754,687.884
687.755,687.885
687.751,687.882
687.753,687.883
687.754,687.884
687.755,687.885
687.756,687.886
687.758,687.887
687.759,687.888
687.754,687.884
687.747,687.879
687.749,687.881
687.746,687.878
687.740,687.873
687.734,687.869
687.755,687.885
687.751,687.882
687.753,687.883
687.749,687.880
687.751,687.882
687.752,687.883
687.748,687.880
687.742,687.875
687.745,687.877
687.747,687.879
687.744,687.876
687.746,687.878
687.748,687.879
687.750,687.881
687.752,687.882
687.745,687.877
687.739,687.873
687.745,687.877
687.747,687.879
687.744,687.876
687.746,687.878
687.748,687.879
687.745,687.877
687.739,687.872
687.741,687.874
687.736,687.870
687.731,687.866
687.729,687.865
687.725,687.862
687.721,687.859
687.717,687.856
687.717,687.855
687.722,687.859
687.726,687.863
687.733,687.868
687.728,687.864
687.727,687.863
687.730,687.866
687.726,687.862
687.730,687.866
687.728,687.864
687.724,687.861
687.728,687.864
687.724,687.861
687.720,687.858
687.717,687.855
687.716,687.855
687.721,687.859
687.717,687.856
687.722,687.860
687.713,687.853
687.710,687.850
687.710,687.850
687.708,687.848
687.706,687.847
687.711,687.851
687.712,687.851
687.717,687.855
687.722,687.859
687.721,687.858
687.717,687.856
687.714,687.853
687.722,687.859
687.726,687.863
687.722,687.860
687.719,687.857
687.715,687.854
687.712,687.852
687.709,687.850
687.710,687.850
687.707,687.848
687.705,687.846
687.706,687.847
687.703,687.845
687.701,687.843
687.708,687.848
687.716,687.855
687.713,687.852
687.713,687.852
687.718,687.856
687.715,687.854
687.712,687.852
687.712,687.852
687.709,687.849
687.707,687.848
687.705,687.846
687.703,687.844
687.701,687.843
687.707,687.848
687.713,687.852
687.718,687.856
687.715,687.854
687.715,687.854
687.712,687.851
687.712,687.851
687.709,687.849
687.715,687.854
687.712,687.851
687.712,687.851
687.709,687.849
687.715,687.854
687.720,687.858
687.724,687.861
687.720,687.858
687.725,687.862
687.724,687.861
687.720,687.858
687.724,687.861
687.720,687.858
687.725,687.862
687.729,687.865
687.733,687.868
687.728,687.864
687.732,687.867
687.730,687.865
687.733,687.868
687.737,687.871
687.732,687.867
687.730,687.865
687.725,687.862
687.724,687.861
687.720,687.858
687.717,687.855
687.722,687.859
687.721,687.858
687.717,687.856
687.714,687.853
687.714,687.853
687.711,687.851
687.708,687.849
687.714,687.853
687.714,687.853
687.711,687.851
687.716,687.855
687.716,687.855
687.713,687.852
687.713,687.852
687.710,687.850
687.715,687.854
687.712,687.852
687.710,687.850
687.710,687.850
687.707,687.848
687.705,687.846
687.703,687.845
687.709,687.849
687.707,687.848
687.713,687.852
687.718,687.856
687.723,687.860
687.721,687.859
687.718,687.856
687.717,687.856
687.722,687.860
687.727,687.863
687.722,687.860
687.727,687.863
687.723,687.860
687.719,687.857
687.716,687.854
687.712,687.852
687.712,687.852
687.710,687.850
687.707,687.848
687.705,687.846
687.711,687.851
687.711,687.851
687.700,687.843
687.699,687.841
687.700,687.842
687.698,687.841
687.697,687.840
687.696,687.839
687.689,687.834
687.689,687.834
687.688,687.833
687.688,687.833
687.682,687.828
687.682,687.828
687.682,687.829
687.682,687.829
687.677,687.825
687.678,687.825
687.678,687.825
687.679,687.826
687.679,687.826
687.680,687.827
687.672,687.821
687.668,687.817
687.672,687.821
687.665,687.815
687.659,687.810
687.653,687.806
687.656,687.808
687.658,687.810
687.661,687.812
687.663,687.814
687.657,687.809
687.659,687.811
687.664,687.815
687.666,687.816
687.668,687.817
687.661,687.812
687.663,687.814
687.660,687.811
687.662,687.813
687.664,687.815
687.666,687.816
687.660,687.811
687.662,687.813
687.659,687.810
687.661,687.812
687.655,687.808
687.658,687.810
687.655,687.807
687.650,687.803
687.653,687.806
687.656,687.808
687.650,687.804
687.654,687.806
687.656,687.809
687.659,687.811
687.661,687.812
687.663,687.814
687.660,687.811
687.662,687.813
687.656,687.808
687.661,687.813
687.658,687.810
687.661,687.812
687.663,687.814
687.657,687.809
687.651,687.805
687.646,687.801
687.645,687.799
687.640,687.796
687.644,687.799
687.640,687.796
687.639,687.795
687.643,687.798
687.647,687.801
687.650,687.804
687.653,687.806
687.651,687.804
687.654,687.807
687.657,687.809
687.659,687.811
687.664,687.815
687.666,687.816
687.668,687.817
687.669,687.819
687.665,687.816
687.659,687.811
687.661,687.812
687.658,687.810
687.661,687.812
687.663,687.813
687.665,687.815
687.666,687.816
687.660,687.811
687.662,687.813
687.664,687.815
687.658,687.810
687.652,687.805
687.650,687.804
687.653,687.806
687.656,687.808
687.659,687.810
687.661,687.812
687.655,687.808
687.650,687.803
687.653,687.806
687.659,687.810
687.661,687.812
687.663,687.814
687.657,687.809
687.662,687.813
687.656,687.808
687.659,687.810
687.664,687.814
687.666,687.816
687.667,687.817
687.669,687.818
687.670,687.819
687.672,687.820
687.673,687.821
687.674,687.822
687.675,687.823
687.670,687.819
687.671,687.820
687.672,687.821
687.674,687.822
687.682,687.829
687.685,687.831
687.677,687.825
687.678,687.825
687.673,687.821
687.669,687.818
687.670,687.819
687.671,687.820
687.664,687.815
687.666,687.816
687.660,687.811
687.654,687.807
687.657,687.809
687.651,687.805
687.654,687.807
687.660,687.811
687.654,687.807
687.649,687.803
687.644,687.799
687.640,687.796
687.647,687.801
687.650,687.804
687.645,687.800
687.641,687.796
687.637,687.793
687.633,687.791
687.630,687.788
687.627,687.786
687.632,687.790
687.637,687.794
687.642,687.797
687.646,687.800
687.649,687.803
687.652,687.806
687.658,687.810
687.661,687.812
687.663,687.813
687.659,687.811
687.654,687.806
687.648,687.802
687.644,687.799
687.639,687.795
687.644,687.799
687.639,687.795
687.644,687.799
687.647,687.802
687.645,687.800
687.641,687.797
687.637,687.794
687.641,687.797
687.637,687.794
687.634,687.791
687.633,687.791
687.630,687.788
687.635,687.792
687.640,687.796
687.636,687.793
687.640,687.796
687.647,687.801
687.651,687.804
687.654,687.806
687.648,687.802
687.646,687.801
687.642,687.797
687.638,687.794
687.642,687.798
687.638,687.794
687.642,687.798
687.646,687.801
687.642,687.797
687.638,687.794
687.642,687.797
687.646,687.800
687.641,687.797
687.637,687.794
687.642,687.797
687.646,687.800
687.649,687.803
687.653,687.806
687.656,687.808
687.658,687.810
687.661,687.812
687.665,687.816
687.667,687.817
687.661,687.812
687.663,687.814
687.659,687.811
687.662,687.813
687.664,687.814
687.666,687.816
687.667,687.817
687.669,687.818
687.670,687.819
687.672,687.820
687.673,687.821
687.666,687.816
687.659,687.811
687.654,687.806
687.651,687.804
687.646,687.801
687.650,687.803
687.653,687.806
687.658,687.810
687.661,687.812
687.663,687.814
687.657,687.809
687.659,687.811
687.664,687.815
687.666,687.816
687.668,687.817
687.664,687.814
687.669,687.818
687.662,687.813
687.664,687.814
687.666,687.816
687.667,687.817
687.661,687.812
687.655,687.808
687.658,687.810
687.652,687.805
687.655,687.808
687.658,687.810
687.660,687.812
687.654,687.807
687.660,687.811
687.662,687.813
687.656,687.808
687.651,687.804
687.657,687.809
687.662,687.813
687.656,687.808
687.658,687.810
687.661,687.812
687.639,687.795
687.638,687.794
687.637,687.794
687.633,687.791
687.630,687.788
687.635,687.792
687.632,687.790
687.629,687.787
687.626,687.785
687.623,687.783
687.629,687.787
687.626,687.785
687.624,687.783
687.621,687.781
687.619,687.780
687.617,687.778
687.616,687.777
687.609,687.772
687.610,687.773
687.612,687.774
687.611,687.773
687.610,687.772
687.609,687.772
687.608,687.771
687.607,687.770
687.603,687.767
687.602,687.767
687.602,687.766
687.610,687.772
687.611,687.774
687.610,687.773
687.609,687.772
687.608,687.771
687.615,687.777
687.622,687.782
687.620,687.780
687.618,687.779
687.616,687.777
687.622,687.782
687.620,687.780
687.626,687.785
687.624,687.783
687.621,687.781
687.627,687.786
687.625,687.784
687.622,687.782
687.620,687.780
687.626,687.785
687.623,687.783
687.621,687.781
687.627,687.786
687.624,687.784
687.622,687.782
687.622,687.782
687.620,687.781
687.626,687.785
687.624,687.783
687.621,687.781
687.627,687.786
687.627,687.786
687.627,687.786
687.625,687.784
687.622,687.782
687.612,687.774
687.611,687.773
687.609,687.772
687.609,687.771
687.608,687.771
687.599,687.764
687.591,687.758
687.592,687.758
687.584,687.753
687.586,687.754
687.587,687.755
687.588,687.756
687.589,687.756
687.598,687.763
687.598,687.763
687.606,687.770
687.606,687.769
687.605,687.769
687.604,687.768
687.607,687.770
687.609,687.772
687.608,687.771
687.607,687.770
687.606,687.770
687.605,687.769
687.605,687.769
687.596,687.762
687.596,687.762
687.597,687.762
687.597,687.763
687.597,687.763
687.592,687.759
687.593,687.759
687.593,687.760
687.594,687.760
687.594,687.760
687.603,687.767
687.602,687.767
687.602,687.766
687.594,687.760
687.594,687.760
687.595,687.761
687.595,687.761
687.595,687.761
687.596,687.762
687.596,687.762
687.596,687.762
687.597,687.762
687.589,687.756
687.590,687.757
687.591,687.758
687.583,687.752
687.585,687.753
687.586,687.754
687.587,687.755
687.589,687.756
687.589,687.757
687.590,687.757
687.591,687.758
687.595,687.761
687.590,687.757
687.593,687.760
687.596,687.762
687.591,687.758
687.587,687.755
687.591,687.758
687.591,687.758
687.592,687.759
687.585,687.753
687.586,687.754
687.587,687.755
687.580,687.750
687.582,687.751
687.584,687.752
687.585,687.753
687.586,687.754
687.588,687.755
687.589,687.756
687.590,687.757
687.591,687.758
687.591,687.758
687.587,687.755
687.580,687.749
687.574,687.745
687.576,687.746
687.578,687.748
687.572,687.743
687.575,687.745
687.577,687.747
687.579,687.749
687.581,687.750
687.577,687.747
687.582,687.751
687.584,687.752
687.585,687.753
687.586,687.754
687.588,687.755
687.581,687.750
687.582,687.751
687.584,687.753
687.585,687.754
687.581,687.751
687.578,687.748
687.574,687.745
687.571,687.743
687.569,687.741
687.564,687.737
687.559,687.733
687.555,687.730
687.559,687.733
687.563,687.736
687.566,687.739
687.569,687.741
687.564,687.737
687.567,687.740
687.562,687.736
687.566,687.739
687.572,687.743
687.566,687.739
687.569,687.741
687.567,687.739
687.573,687.744
687.570,687.742
687.575,687.746
687.578,687.748
687.580,687.749
687.581,687.751
687.583,687.752
687.585,687.753
687.586,687.754
687.587,687.755
687.588,687.756
687.581,687.750
687.575,687.745
687.569,687.741
687.572,687.743
687.575,687.745
687.577,687.747
687.579,687.749
687.581,687.750
687.583,687.751
687.576,687.746
687.578,687.748
687.583,687.752
687.579,687.749
687.584,687.752
687.577,687.747
687.582,687.751
687.584,687.752
687.585,687.753
687.578,687.748
687.580,687.750
687.582,687.751
687.584,687.752
687.593,687.760
687.596,687.762
687.597,687.762
687.597,687.762
687.597,687.763
687.597,687.763
687.589,687.757
687.590,687.757
687.591,687.758
687.592,687.759
687.592,687.759
687.593,687.760
687.594,687.760
687.594,687.760
687.595,687.761
687.595,687.761
687.603,687.768
687.603,687.767
687.603,687.767
687.602,687.767
687.594,687.760
687.586,687.754
687.588,687.755
687.589,687.756
687.590,687.757
687.593,687.760
687.596,687.762
687.599,687.764
687.599,687.764
687.591,687.758
687.592,687.759
687.593,687.759
687.593,687.760
687.594,687.760
687.594,687.761
687.595,687.761
687.595,687.761
687.590,687.757
687.591,687.758
687.592,687.759
687.592,687.759
687.593,687.760
687.586,687.754
687.579,687.749
687.581,687.750
687.582,687.751
687.584,687.753
687.585,687.754
687.587,687.755
687.588,687.756
687.589,687.756
687.590,687.757
687.591,687.758
687.583,687.752
687.585,687.753
687.586,687.754
687.579,687.749
687.581,687.750
687.575,687.746
687.577,687.747
687.571,687.743
687.574,687.745
687.576,687.746
687.570,687.742
687.565,687.738
687.568,687.740
687.571,687.743
687.574,687.745
687.568,687.740
687.571,687.743
687.566,687.738
687.569,687.741
687.564,687.737
687.567,687.739
687.570,687.742
687.565,687.738
687.560,687.734
687.556,687.731
687.563,687.736
687.569,687.741
687.566,687.739
687.561,687.735
687.565,687.738
687.568,687.740
687.571,687.743
687.566,687.738
687.569,687.741
687.572,687.743
687.566,687.739
687.561,687.735
687.565,687.738
687.560,687.734
687.564,687.737
687.567,687.740
687.570,687.742
687.573,687.744
687.576,687.746
687.578,687.748
687.580,687.749
687.582,687.751
687.583,687.752
687.585,687.753
687.578,687.748
687.575,687.745
687.572,687.743
687.574,687.745
687.571,687.743
687.574,687.745
687.571,687.742
687.568,687.740
687.566,687.738
687.564,687.737
687.567,687.739
687.570,687.742
687.573,687.744
687.575,687.746
687.578,687.748
687.580,687.749
687.573,687.744
687.576,687.746
687.570,687.742
687.567,687.740
687.565,687.738
687.560,687.734
687.556,687.731
687.560,687.734
687.558,687.733
687.562,687.736
687.566,687.738
687.569,687.741
687.564,687.737
687.559,687.733
687.557,687.732
687.556,687.731
687.555,687.730
687.551,687.727
687.547,687.724
687.544,687.722
687.542,687.720
687.547,687.724
687.547,687.724
687.554,687.730
687.561,687.735
687.568,687.740
687.565,687.738
687.568,687.740
687.563,687.736
687.567,687.739
687.570,687.741
687.565,687.737
687.568,687.740
687.571,687.742
687.573,687.744
687.568,687.740
687.571,687.742
687.565,687.738
687.569,687.741
687.572,687.743
687.566,687.739
687.569,687.741
687.572,687.743
687.567,687.739
687.570,687.741
687.572,687.744
687.567,687.739
687.570,687.742
687.573,687.744
687.575,687.746
687.569,687.741
687.572,687.743
687.575,687.745
687.569,687.741
687.572,687.743
687.575,687.745
687.577,687.747
687.579,687.749
687.581,687.750
687.575,687.745
687.577,687.747
687.579,687.749
687.581,687.750
687.583,687.751
687.584,687.753
687.586,687.754
687.587,687.755
687.588,687.756
687.589,687.756
687.590,687.757
687.583,687.752
687.576,687.747
687.578,687.748
687.580,687.750
687.582,687.751
687.584,687.752
687.585,687.753
687.579,687.748
687.572,687.744
687.575,687.746
687.577,687.747
687.571,687.743
687.574,687.745
687.576,687.746
687.578,687.748
687.580,687.750
687.582,687.751
687.584,687.752
687.585,687.753
687.586,687.754
687.588,687.755
687.581,687.750
687.585,687.753
687.581,687.750
687.583,687.752
687.584,687.753
687.586,687.754
687.579,687.749
687.581,687.750
687.583,687.751
687.576,687.746
687.578,687.748
687.580,687.750
687.574,687.745
687.576,687.747
687.571,687.742
687.565,687.738
687.569,687.741
687.563,687.737
687.559,687.733
687.555,687.730
687.551,687.727
687.547,687.724
687.552,687.728
687.549,687.725
687.548,687.725
687.556,687.731
687.560,687.734
687.566,687.739
687.561,687.735
687.557,687.732
687.553,687.728
687.549,687.726
687.546,687.723
687.543,687.721
687.540,687.719
687.546,687.723
687.551,687.727
687.547,687.724
687.552,687.728
687.557,687.731
687.553,687.728
687.549,687.726
687.549,687.725
687.545,687.723
687.542,687.720
687.540,687.718
687.532,687.712
687.530,687.711
687.529,687.710
687.524,687.706
687.523,687.705
687.522,687.705
687.521,687.704
687.513,687.697
687.508,687.693
687.508,687.694
687.517,687.701
687.517,687.700
687.516,687.700
687.519,687.702
687.518,687.702
687.518,687.701
687.510,687.695
687.510,687.695
687.511,687.696
687.506,687.692
687.507,687.693
687.499,687.687
687.501,687.688
687.502,687.689
687.503,687.690
687.496,687.685
687.498,687.686
687.500,687.687
687.496,687.684
687.498,687.686
687.499,687.687
687.501,687.688
687.502,687.689
687.503,687.690
687.504,687.691
687.505,687.692
687.506,687.692
687.507,687.693
687.508,687.693
687.508,687.694
687.512,687.696
687.512,687.697
687.512,687.697
687.512,687.697
687.513,687.697
687.513,687.697
687.513,687.698
687.513,687.698
687.521,687.704
687.521,687.703
687.520,687.703
687.520,687.703
687.519,687.702
687.519,687.702
687.518,687.702
687.518,687.701
687.526,687.707
687.527,687.709
687.529,687.710
687.530,687.711
687.529,687.710
687.527,687.709
687.526,687.708
687.525,687.707
687.532,687.712
687.530,687.711
687.531,687.712
687.533,687.713
687.531,687.711
687.529,687.710
687.528,687.709
687.535,687.714
687.533,687.713
687.526,687.707
687.525,687.707
687.516,687.700
687.516,687.700
687.507,687.693
687.500,687.688
687.501,687.689
687.497,687.685
687.499,687.687
687.500,687.688
687.502,687.689
687.503,687.690
687.496,687.684
687.498,687.686
687.499,687.687
687.493,687.682
687.495,687.684
687.489,687.679
687.491,687.681
687.485,687.676
687.480,687.672
687.475,687.668
687.479,687.671
687.482,687.674
687.486,687.676
687.488,687.678
687.491,687.680
687.493,687.682
687.495,687.684
687.497,687.685
687.499,687.686
687.500,687.688
687.502,687.689
687.503,687.690
687.504,687.690
687.508,687.693
687.508,687.694
687.509,687.694
687.517,687.701
687.520,687.703
687.522,687.705
687.529,687.710
687.528,687.709
687.535,687.714
687.533,687.713
687.531,687.712
687.532,687.712
687.531,687.711
687.529,687.710
687.536,687.715
687.526,687.707
687.525,687.707
687.524,687.706
687.523,687.705
687.514,687.698
687.514,687.698
687.514,687.698
687.506,687.692
687.510,687.695
687.510,687.695
687.510,687.696
687.511,687.696
687.511,687.696
687.512,687.696
687.512,687.697
687.512,687.697
687.504,687.691
687.505,687.692
687.506,687.692
687.507,687.693
687.508,687.693
687.500,687.688
687.502,687.689
687.498,687.686
687.499,687.687
687.493,687.682
687.495,687.683
687.505,687.691
687.508,687.694
687.509,687.694
687.501,687.689
687.497,687.685
687.499,687.687
687.500,687.688
687.502,687.689
687.503,687.690
687.504,687.691
687.505,687.691
687.498,687.686
687.500,687.687
687.501,687.688
687.497,687.685
687.491,687.680
687.493,687.682
687.495,687.683
687.497,687.685
687.498,687.686
687.492,687.681
687.494,687.683
687.496,687.684
687.498,687.686
687.491,687.681
687.485,687.676
687.480,687.672
687.475,687.668
687.471,687.665
687.475,687.668
687.479,687.671
687.474,687.668
687.478,687.671
687.482,687.673
687.485,687.676
687.488,687.678
687.482,687.674
687.477,687.670
687.473,687.666
687.477,687.669
687.480,687.672
687.476,687.669
687.479,687.671
687.483,687.674
687.486,687.676
687.480,687.672
687.484,687.675
687.489,687.679
687.492,687.681
687.494,687.683
687.488,687.678
687.498,687.686
687.500,687.687
687.501,687.688
687.503,687.689
687.504,687.690
687.505,687.691
687.506,687.692
687.507,687.693
687.507,687.693
687.508,687.694
687.509,687.694
687.501,687.688
687.489,687.679
687.483,687.675
687.478,687.671
687.482,687.673
687.472,687.665
687.468,687.662
687.467,687.662
687.471,687.665
687.467,687.662
687.472,687.666
687.476,687.669
687.472,687.665
687.470,687.664
687.466,687.661
687.466,687.661
687.462,687.658
687.459,687.656
687.456,687.654
687.454,687.652
687.452,687.650
687.450,687.648
687.456,687.653
687.453,687.651
687.451,687.650
687.449,687.648
687.447,687.647
687.446,687.645
687.439,687.640
687.438,687.639
687.445,687.645
687.444,687.644
687.443,687.643
687.441,687.642
687.440,687.641
687.439,687.640
687.438,687.640
687.438,687.639
687.437,687.639
687.444,687.644
687.443,687.643
687.444,687.644
687.451,687.650
687.457,687.654
687.455,687.652
687.460,687.657
687.465,687.661
687.462,687.658
687.459,687.656
687.456,687.654
687.454,687.652
687.452,687.650
687.450,687.648
687.448,687.647
687.454,687.652
687.452,687.650
687.450,687.649
687.448,687.647
687.446,687.646
687.445,687.645
687.443,687.643
687.445,687.645
687.443,687.644
687.442,687.643
687.441,687.642
687.440,687.641
687.447,687.646
687.445,687.645
687.444,687.644
687.443,687.643
687.449,687.648
687.448,687.647
687.454,687.652
687.454,687.652
687.452,687.650
687.458,687.655
687.455,687.653
687.453,687.651
687.451,687.649
687.449,687.648
687.442,687.642
687.441,687.641
687.450,687.649
687.448,687.647
687.447,687.646
687.445,687.645
687.444,687.644
687.442,687.643
687.441,687.642
687.440,687.641
687.439,687.640
687.438,687.640
687.438,687.639
687.437,687.638
687.444,687.644
687.451,687.649
687.444,687.644
687.442,687.643
687.441,687.642
687.440,687.641
687.439,687.640
687.438,687.640
687.437,687.639
687.437,687.638
687.436,687.638
687.436,687.638
687.435,687.637
687.437,687.639
687.437,687.638
687.436,687.638
687.435,687.637
687.435,687.637
687.434,687.637
687.434,687.636
687.434,687.636
687.433,687.636
687.433,687.636
687.433,687.635
687.432,687.635
687.432,687.635
687.432,687.635
687.432,687.635
687.432,687.635
687.432,687.634
687.431,687.634
687.434,687.636
687.434,687.636
687.433,687.636
687.433,687.636
687.433,687.635
687.432,687.635
687.435,687.637
687.442,687.643
687.449,687.648
687.456,687.653
687.453,687.651
687.459,687.656
687.451,687.649
687.449,687.648
687.447,687.646
687.445,687.645
687.444,687.644
687.443,687.643
687.441,687.642
687.440,687.641
687.439,687.640
687.441,687.642
687.440,687.641
687.439,687.640
687.438,687.640
687.446,687.645
687.444,687.644
687.445,687.645
687.452,687.650
687.450,687.649
687.448,687.647
687.454,687.652
687.452,687.650
687.450,687.649
687.448,687.647
687.446,687.646
687.445,687.645
687.446,687.646
687.453,687.651
687.445,687.645
687.452,687.650
687.450,687.649
687.448,687.647
687.454,687.652
687.452,687.650
687.450,687.649
687.448,687.647
687.446,687.646
687.447,687.647
687.446,687.645
687.444,687.644
687.443,687.643
687.442,687.642
687.441,687.641
687.440,687.641
687.433,687.636
687.433,687.636
687.433,687.635
687.432,687.635
687.440,687.641
687.447,687.647
687.446,687.645
687.455,687.653
687.453,687.651
687.453,687.651
687.451,687.649
687.449,687.648
687.447,687.647
687.454,687.651
687.451,687.650
687.452,687.650
687.450,687.649
687.448,687.647
687.446,687.646
687.445,687.645
687.451,687.650
687.452,687.650
687.450,687.649
687.448,687.647
687.446,687.646
687.445,687.645
687.443,687.644
687.442,687.643
687.444,687.644
687.442,687.643
687.441,687.642
687.440,687.641
687.439,687.640
687.446,687.646
687.445,687.645
687.443,687.644
687.442,687.643
687.441,687.642
687.440,687.641
687.439,687.640
687.438,687.640
687.437,687.639
687.437,687.638
687.436,687.638
687.436,687.638
687.435,687.637
687.435,687.637
687.434,687.636
687.434,687.636
687.433,687.636
687.436,687.638
687.435,687.637
687.435,687.637
687.437,687.639
687.436,687.638
687.436,687.638
687.435,687.637
687.429,687.633
687.429,687.633
687.432,687.635
687.432,687.635
687.432,687.635
687.432,687.634
687.431,687.634
687.431,687.634
687.431,687.634
687.434,687.636
687.433,687.636
687.433,687.636
687.441,687.642
687.440,687.641
687.439,687.640
687.438,687.639
687.437,687.639
687.445,687.645
687.443,687.644
687.442,687.643
687.452,687.650
687.450,687.648
687.448,687.647
687.446,687.646
687.439,687.640
687.438,687.640
687.438,687.639
687.437,687.638
687.436,687.638
687.436,687.638
687.438,687.639
687.437,687.639
687.436,687.638
687.438,687.640
687.438,687.639
687.437,687.639
687.436,687.638
687.444,687.644
687.450,687.649
687.457,687.654
687.454,687.652
687.452,687.650
687.450,687.649
687.448,687.647
687.446,687.646
687.453,687.651
687.453,687.651
687.451,687.650
687.449,687.648
687.447,687.647
687.446,687.645
687.444,687.644
687.443,687.643
687.442,687.642
687.440,687.641
687.439,687.641
687.439,687.640
687.446,687.645
687.444,687.644
687.454,687.652
687.451,687.650
687.449,687.648
687.448,687.647
687.454,687.652
687.452,687.650
687.460,687.657
687.466,687.661
687.470,687.664
687.466,687.661
687.463,687.659
687.460,687.656
687.465,687.660
687.462,687.658
687.467,687.662
687.471,687.665
687.470,687.664
687.474,687.668
687.481,687.673
687.484,687.675
687.452,687.650
687.450,687.648
687.456,687.653
687.453,687.651
687.459,687.656
687.456,687.654
687.454,687.652
687.452,687.650
687.452,687.650
687.450,687.649
687.448,687.647
687.447,687.646
687.445,687.645
687.444,687.644
687.442,687.643
687.441,687.642
687.440,687.641
687.442,687.642
687.441,687.642
687.440,687.641
687.439,687.640
687.438,687.639
687.432,687.635
687.432,687.635
687.440,687.641
687.442,687.642
687.441,687.641
687.440,687.641
687.439,687.640
687.441,687.641
687.440,687.641
687.439,687.640
687.438,687.639
687.445,687.645
687.452,687.650
687.450,687.649
687.456,687.653
687.453,687.651
687.459,687.656
687.459,687.656
687.456,687.654
687.454,687.652
687.452,687.650
687.450,687.648
687.448,687.647
687.454,687.652
687.452,687.650
687.458,687.655
687.455,687.653
687.453,687.651
687.439,687.641
687.439,687.640
687.440,687.641
687.439,687.641
687.439,687.640
687.438,687.639
687.437,687.639
687.436,687.638
687.436,687.638
687.435,687.637
687.435,687.637
687.437,687.639
687.436,687.638
687.436,687.638
687.435,687.637
687.435,687.637
687.434,687.637
687.434,687.636
687.442,687.642
687.440,687.641
687.439,687.641
687.447,687.646
687.445,687.645
687.444,687.644
687.442,687.643
687.449,687.648
687.447,687.647
687.446,687.645
687.452,687.650
687.450,687.649
687.448,687.647
687.447,687.646
687.445,687.645
687.444,687.644
687.442,687.643
687.441,687.642
687.440,687.641
687.447,687.647
687.454,687.651
687.451,687.650
687.457,687.654
687.463,687.659
687.460,687.656
687.457,687.654
687.454,687.652
687.452,687.650
687.450,687.649
687.448,687.647
687.446,687.646
687.445,687.645
687.443,687.644
687.442,687.643
687.441,687.642
687.443,687.643
687.441,687.642
687.440,687.641
687.439,687.640
687.438,687.640
687.438,687.639
687.437,687.639
687.436,687.638
687.436,687.638
687.435,687.637
687.437,687.639
687.437,687.638
687.436,687.638
687.435,687.637
687.438,687.639
687.437,687.639
687.444,687.644
687.443,687.643
687.436,687.638
687.436,687.638
687.438,687.639
687.445,687.645
687.444,687.644
687.450,687.649
687.457,687.654
687.457,687.654
687.454,687.652
687.452,687.650
687.450,687.649
687.448,687.647
687.446,687.646
687.445,687.645
687.443,687.644
687.442,687.643
687.441,687.642
687.440,687.641
687.439,687.640
687.438,687.639
687.437,687.639
687.437,687.638
687.431,687.634
687.431,687.634
687.430,687.634
687.433,687.636
687.433,687.635
687.433,687.635
687.432,687.635
687.432,687.635
687.432,687.635
687.432,687.635
687.432,687.634
687.431,687.634
687.439,687.640
687.438,687.640
687.438,687.639
687.437,687.639
687.436,687.638
687.436,687.638
687.435,687.637
687.435,687.637
687.434,687.637
687.434,687.636
687.433,687.636
687.433,687.636
687.436,687.638
687.443,687.643
687.442,687.642
687.441,687.642
687.440,687.641
687.439,687.640
687.438,687.639
687.445,687.645
687.444,687.644
687.442,687.643
687.441,687.642
687.440,687.641
687.447,687.647
687.454,687.652
687.451,687.650
687.449,687.648
687.448,687.647
687.449,687.648
687.455,687.653
687.461,687.657
687.466,687.661
687.462,687.658
687.459,687.656
687.456,687.654
687.454,687.652
687.452,687.650
687.450,687.648
687.448,687.647
687.446,687.646
687.445,687.644
687.443,687.643
687.442,687.642
687.441,687.642
687.442,687.643
687.441,687.642
687.440,687.641
687.439,687.640
687.438,687.640
687.440,687.641
687.439,687.640
687.438,687.640
687.438,687.639
687.437,687.639
687.436,687.638
687.436,687.638
687.435,687.637
687.435,687.637
687.429,687.632
687.429,687.632
687.429,687.632
687.429,687.633
687.432,687.635
687.432,687.635
687.432,687.634
687.431,687.634
687.431,687.634
687.434,687.636
687.434,687.636
687.433,687.636
687.433,687.636
687.435,687.637
687.435,687.637
687.434,687.637
687.434,687.636
687.434,687.636
687.433,687.636
687.433,687.636
687.433,687.635
687.432,687.635
687.435,687.637
687.434,687.637
687.437,687.638
687.436,687.638
687.435,687.637
687.443,687.643
687.436,687.638
687.436,687.638
687.435,687.637
687.435,687.637
687.434,687.637
687.434,687.636
687.434,687.636
687.433,687.636
687.433,687.636
687.441,687.642
687.440,687.641
687.439,687.640
687.438,687.639
687.440,687.641
687.447,687.646
687.445,687.645
687.444,687.644
687.445,687.645
687.444,687.644
687.443,687.643
687.441,687.642
687.440,687.641
687.442,687.643
687.441,687.642
687.440,687.641
687.439,687.640
687.441,687.642
687.440,687.641
687.439,687.640
687.433,687.635
687.432,687.635
687.432,687.635
687.432,687.635
687.432,687.635
687.434,687.637
687.434,687.636
687.433,687.636
687.433,687.636
687.433,687.635
687.435,687.637
687.435,687.637
687.434,687.637
687.434,687.636
687.434,687.636
687.433,687.636
687.433,687.636
687.433,687.635
687.432,687.635
687.432,687.635
687.432,687.635
687.432,687.635
687.432,687.635
687.432,687.634
687.431,687.634
687.431,687.634
687.431,687.634
687.431,687.634
687.431,687.634
687.431,687.634
687.431,687.634
687.433,687.636
687.433,687.636
687.441,687.642
687.440,687.641
687.439,687.640
687.441,687.642
687.440,687.641
687.439,687.640
687.438,687.639
687.437,687.639
687.445,687.645
687.443,687.643
687.442,687.643
687.441,687.642
687.440,687.641
687.439,687.640
687.438,687.639
687.432,687.635
687.432,687.635
687.432,687.634
687.431,687.634
687.431,687.634
687.431,687.634
687.431,687.634
687.431,687.634
687.431,687.634
687.433,687.636
687.433,687.636
687.433,687.635
687.433,687.635
687.432,687.635
687.432,687.635
687.432,687.635
687.432,687.635
687.432,687.634
687.431,687.634
687.434,687.636
687.434,687.636
687.433,687.636
687.433,687.636
687.433,687.635
687.432,687.635
687.432,687.635
687.435,687.637
687.434,687.637
687.434,687.636
687.433,687.636
687.433,687.636
687.433,687.635
687.433,687.635
687.432,687.635
687.432,687.635
687.432,687.635
687.432,687.635
687.434,687.637
687.434,687.636
687.433,687.636
687.433,687.636
687.433,687.635
687.433,687.635
687.432,687.635
687.432,687.635
687.432,687.635
687.434,687.637
687.434,687.636
687.434,687.636
687.433,687.636
687.433,687.636
687.433,687.635
687.432,687.635
687.432,687.635
687.432,687.635
687.432,687.635
687.432,687.635
687.432,687.634
687.431,687.634
687.431,687.634
687.431,687.634
687.431,687.634
687.431,687.634
687.431,687.634
687.431,687.634
687.431,687.634
687.431,687.634
687.425,687.630
687.426,687.630
687.426,687.630
687.427,687.631
687.427,687.631
687.427,687.631
687.427,687.631
687.428,687.631
687.423,687.627
687.423,687.628
687.424,687.629
687.425,687.629
687.425,687.629
687.428,687.632
687.428,687.632
687.429,687.632
687.429,687.632
687.432,687.634
687.431,687.634
687.431,687.634
687.431,687.634
687.431,687.634
687.434,687.636
687.433,687.636
687.433,687.636
687.433,687.635
687.432,687.635
687.432,687.635
687.432,687.635
687.432,687.635
687.432,687.635
687.426,687.630
687.427,687.631
687.427,687.631
687.427,687.631
687.427,687.631
687.430,687.634
687.430,687.634
687.430,687.634
687.430,687.634
687.430,687.634
687.430,687.634
687.430,687.634
687.430,687.634
687.430,687.634
687.430,687.634
687.430,687.634
687.430,687.634
687.430,687.634
687.430,687.634
687.430,687.634
687.430,687.634
687.430,687.634
687.430,687.634
687.430,687.634
687.430,687.634
687.433,687.636
687.433,687.635
687.432,687.635
687.432,687.635
687.432,687.635
687.432,687.635
687.432,687.635
687.432,687.634
687.431,687.634
687.434,687.636
687.434,687.636
687.433,687.636
687.433,687.636
687.433,687.635
687.432,687.635
687.435,687.637
687.434,687.637
687.434,687.636
687.434,687.636
687.433,687.636
687.433,687.636
687.433,687.635
687.432,687.635
687.435,687.637
687.434,687.637
687.434,687.636
687.434,687.636
687.433,687.636
687.433,687.636
687.433,687.635
687.432,687.635
687.432,687.635
687.432,687.635
687.432,687.635
687.432,687.635
687.434,687.637
687.434,687.636
687.433,687.636
687.433,687.636
687.433,687.635
687.433,687.635
687.432,687.635
687.432,687.635
687.432,687.635
687.432,687.635
687.432,687.634
687.434,687.636
687.434,687.636
687.433,687.636
687.433,687.636
687.433,687.635
687.433,687.635
687.432,687.635
687.432,687.635
687.432,687.635
687.432,687.635
687.432,687.634
687.431,687.634
687.429,687.633
687.429,687.633
687.430,687.633
687.432,687.635
687.432,687.635
687.432,687.635
687.432,687.635
687.432,687.634
687.434,687.636
687.434,687.636
687.433,687.636
687.433,687.636
687.433,687.635
687.432,687.635
687.432,687.635
687.432,687.635
687.432,687.635
687.432,687.635
687.432,687.634
687.431,687.634
687.434,687.636
687.434,687.636
687.433,687.636
687.433,687.636
687.433,687.635
687.425,687.629
687.425,687.629
687.428,687.632
687.428,687.632
687.429,687.632
687.429,687.632
687.429,687.632
687.429,687.632
687.429,687.633
687.429,687.633
687.429,687.633
687.429,687.633
687.429,687.633
687.429,687.633
687.430,687.633
687.430,687.633
687.430,687.633
687.430,687.633
687.430,687.633
687.430,687.633
687.430,687.633
687.430,687.633
687.430,687.633
687.430,687.633
687.430,687.633
687.433,687.636
687.433,687.635
687.427,687.631
687.427,687.631
687.428,687.631
687.428,687.632
687.428,687.632
687.428,687.632
687.428,687.632
687.429,687.632
687.423,687.628
687.416,687.622
687.417,687.623
687.419,687.624
687.420,687.625
687.415,687.622
687.417,687.623
687.418,687.624
687.419,687.625
687.420,687.626
687.421,687.626
687.422,687.627
687.423,687.628
687.423,687.628
687.424,687.629
687.423,687.628
687.423,687.628
687.427,687.631
687.427,687.631
687.427,687.631
687.428,687.631
687.428,687.632
687.428,687.632
687.428,687.632
687.428,687.632
687.429,687.632
687.431,687.634
687.431,687.634
687.431,687.634
687.431,687.634
687.431,687.634
687.431,687.634
687.431,687.634
687.431,687.634
687.431,687.634
687.425,687.630
687.426,687.630
687.426,687.630
687.427,687.631
687.427,687.631
687.427,687.631
687.427,687.631
687.428,687.631
687.428,687.632
687.428,687.632
687.428,687.632
687.428,687.632
687.429,687.632
687.429,687.632
687.429,687.632
687.429,687.632
687.429,687.633
687.429,687.633
687.429,687.633
687.429,687.633
687.429,687.633
687.429,687.633
687.430,687.633
687.430,687.633
687.432,687.635
687.432,687.635
687.432,687.635
687.432,687.635
687.432,687.634
687.431,687.634
687.431,687.634
687.431,687.634
687.431,687.634
687.431,687.634
687.431,687.634
687.431,687.634
687.431,687.634
687.431,687.634
687.425,687.630
687.426,687.630
687.426,687.630
687.427,687.631
687.427,687.631
687.427,687.631
687.427,687.631
687.430,687.634
687.430,687.634
687.430,687.634
687.430,687.634
687.430,687.634
687.425,687.629
687.425,687.630
687.426,687.630
687.426,687.630
687.427,687.631
687.422,687.627
687.422,687.627
687.423,687.628
687.432,687.635
687.424,687.628
687.424,687.629
687.425,687.629
687.417,687.623
687.419,687.624
687.420,687.625
687.421,687.626
687.422,687.627
687.422,687.627
687.426,687.630
687.426,687.630
687.427,687.631
687.427,687.631
687.427,687.631
687.427,687.631
687.428,687.631
687.428,687.632
687.428,687.632
687.428,687.632
687.428,687.632
687.429,687.632
687.429,687.632
687.429,687.632
687.429,687.632
687.429,687.633
687.429,687.633
687.429,687.633
687.429,687.633
687.429,687.633
687.429,687.633
687.430,687.633
687.424,687.629
687.425,687.629
687.425,687.630
687.426,687.630
687.426,687.630
687.427,687.631
687.427,687.631
687.427,687.631
687.427,687.631
687.428,687.631
687.428,687.632
687.428,687.632
687.423,687.628
687.424,687.628
687.424,687.629
687.425,687.629
687.425,687.630
687.426,687.630
687.426,687.630
687.427,687.631
687.427,687.631
687.427,687.631
687.427,687.631
687.428,687.631
687.428,687.632
687.428,687.632
687.428,687.632
687.428,687.632
687.429,687.632
687.429,687.632
687.429,687.632
687.429,687.632
687.429,687.633
687.429,687.633
687.429,687.633
687.429,687.633
687.429,687.633
687.429,687.633
687.430,687.633
687.430,687.633
687.430,687.633
687.430,687.633
687.430,687.633
687.430,687.633
687.430,687.633
687.430,687.633
687.430,687.633
687.430,687.633
687.430,687.633
687.432,687.635
687.432,687.635
687.432,687.635
687.432,687.635
687.432,687.635
687.432,687.634
687.431,687.634
687.431,687.634
687.431,687.634
687.426,687.630
687.426,687.630
687.427,687.631
687.427,687.631
687.427,687.631
687.427,687.631
687.428,687.631
687.428,687.632
687.428,687.632
687.428,687.632
687.428,687.632
687.429,687.632
687.429,687.632
687.429,687.632
687.429,687.632
687.429,687.633
687.429,687.633
687.429,687.633
687.429,687.633
687.429,687.633
687.429,687.633
687.430,687.633
687.430,687.633
687.430,687.633
687.430,687.633
687.430,687.633
687.430,687.633
687.430,687.633
687.430,687.633
687.430,687.633
687.430,687.633
687.430,687.633
687.430,687.633
687.430,687.633
687.430,687.633
687.430,687.633
687.430,687.633
687.432,687.635
687.432,687.635
687.432,687.635
687.432,687.635
687.432,687.635
687.432,687.634
687.431,687.634
687.431,687.634
687.431,687.634
687.434,687.636
687.433,687.636
687.433,687.636
687.433,687.635
687.432,687.635
687.432,687.635
687.432,687.635
687.432,687.635
687.432,687.635
687.432,687.634
687.431,687.634
687.431,687.634
687.431,687.634
687.431,687.634
687.434,687.636
687.433,687.636
687.433,687.636
687.433,687.635
687.432,687.635
687.432,687.635
687.427,687.631
687.427,687.631
687.427,687.631
687.427,687.631
687.422,687.627
687.423,687.628
687.424,687.628
687.424,687.629
687.425,687.629
687.425,687.630
687.426,687.630
687.426,687.630
687.421,687.626
687.422,687.627
687.423,687.628
687.424,687.628
687.424,687.629
687.425,687.629
687.425,687.630
687.426,687.630
687.426,687.630
687.426,687.631
687.427,687.631
687.427,687.631
687.427,687.631
687.428,687.631
687.428,687.632
687.428,687.632
687.428,687.632
687.428,687.632
687.429,687.632
687.429,687.632
687.429,687.632
687.429,687.632
687.429,687.633
687.429,687.633
687.429,687.633
687.432,687.635
687.432,687.635
687.432,687.635
687.432,687.634
687.431,687.634
687.426,687.630
687.426,687.630
687.427,687.631
687.427,687.631
687.422,687.627
687.423,687.628
687.423,687.628
687.424,687.629
687.425,687.629
687.425,687.629
687.428,687.632
687.428,687.632
687.429,687.632
687.429,687.632
687.429,687.632
687.429,687.632
687.432,687.635
687.432,687.634
687.431,687.634
687.431,687.634
687.431,687.634
687.431,687.634
687.431,687.634
687.431,687.634
687.431,687.634
687.433,687.636
687.433,687.636
687.433,687.635
687.433,687.635
687.432,687.635
687.432,687.635
687.432,687.635
687.432,687.635
687.432,687.634
687.431,687.634
687.431,687.634
687.431,687.634
687.431,687.634
687.431,687.634
687.431,687.634
687.431,687.634
687.423,687.628
687.423,687.628
687.427,687.631
687.427,687.631
687.435,687.637
687.435,687.637
687.434,687.637
687.434,687.636
687.426,687.630
687.426,687.630
687.426,687.630
687.427,687.631
687.435,687.637
687.435,687.637
687.434,687.636
687.434,687.636
687.433,687.636
687.433,687.636
687.433,687.635
687.424,687.629
687.433,687.636
687.433,687.635
687.432,687.635
687.440,687.641
687.439,687.640
687.438,687.640
687.438,687.639
687.429,687.632
687.429,687.633
687.429,687.633
687.429,687.633
687.437,687.639
687.431,687.634
687.431,687.634
687.431,687.634
687.423,687.628
687.424,687.628
687.424,687.629
687.425,687.629
687.433,687.636
687.433,687.636
687.433,687.635
687.432,687.635
687.432,687.635
687.432,687.635
687.432,687.635
687.440,687.641
687.439,687.640
687.438,687.639
687.437,687.639
687.437,687.638
687.436,687.638
687.435,687.637
687.427,687.631
687.427,687.631
687.427,687.631
687.428,687.631
687.436,687.638
687.435,687.637
687.435,687.637
687.437,687.639
687.428,687.632
687.429,687.632
687.431,687.634
687.431,687.634
687.439,687.640
687.438,687.640
687.438,687.639
687.432,687.634
687.431,687.634
687.431,687.634
687.431,687.634
687.431,687.634
687.431,687.634
687.431,687.634
687.431,687.634
687.431,687.634
687.423,687.628
687.415,687.622
687.417,687.623
687.418,687.624
687.419,687.625
687.428,687.632
687.428,687.632
687.429,687.632
687.429,687.632
687.429,687.632
687.437,687.639
687.436,687.638
687.436,687.638
687.443,687.644
687.442,687.643
687.441,687.642
687.432,687.635
687.424,687.628
687.432,687.635
687.424,687.629
687.425,687.629
687.425,687.629
687.426,687.630
687.426,687.630
687.426,687.630
687.427,687.631
687.430,687.633
687.422,687.627
687.423,687.627
687.423,687.628
687.424,687.629
687.408,687.616
687.413,687.620
687.414,687.621
687.416,687.622
687.417,687.623
687.418,687.624
687.411,687.619
687.408,687.616
687.410,687.618
687.404,687.613
687.406,687.615
687.403,687.613
687.406,687.615
687.408,687.616
687.402,687.612
687.405,687.614
687.399,687.609
687.402,687.612
687.397,687.608
687.400,687.610
687.403,687.612
687.405,687.614
687.408,687.616
687.402,687.611
687.396,687.607
687.362,687.581
687.361,687.579
687.367,687.585
687.365,687.583
687.363,687.582
687.362,687.580
687.368,687.585
687.374,687.590
687.371,687.588
687.377,687.592
687.374,687.590
687.371,687.588
687.361,687.580
687.367,687.585
687.365,687.583
687.363,687.582
687.362,687.580
687.360,687.579
687.359,687.578
687.366,687.583
687.364,687.582
687.370,687.587
687.368,687.585
687.366,687.583
687.364,687.582
687.343,687.566
687.344,687.566
687.344,687.566
687.344,687.567
687.352,687.573
687.352,687.572
687.351,687.572
687.350,687.572
687.358,687.578
687.357,687.577
687.364,687.582
687.362,687.581
687.361,687.579
687.359,687.578
687.358,687.577
687.365,687.583
687.371,687.588
687.369,687.586
687.366,687.584
687.364,687.582
687.371,687.587
687.368,687.585
687.366,687.584
687.364,687.582
687.362,687.581
687.361,687.580
687.359,687.579
687.358,687.578
687.365,687.583
687.363,687.581
687.361,687.580
687.360,687.579
687.361,687.580
687.352,687.573
687.351,687.572
687.351,687.572
687.350,687.571
687.350,687.571
687.349,687.571
687.349,687.570
687.349,687.570
687.348,687.570
687.351,687.572
687.350,687.572
687.350,687.571
687.349,687.571
687.349,687.571
687.349,687.570
687.348,687.570
687.348,687.570
687.348,687.570
687.348,687.570
687.348,687.569
687.347,687.569
687.347,687.569
687.347,687.569
687.347,687.569
687.347,687.569
687.347,687.569
687.347,687.569
687.346,687.569
687.346,687.569
687.346,687.568
687.346,687.568
687.346,687.568
687.346,687.568
687.346,687.568
687.346,687.568
687.346,687.568
687.346,687.568
687.338,687.562
687.333,687.558
687.334,687.559
687.336,687.560
687.328,687.555
687.330,687.556
687.324,687.551
687.318,687.546
687.320,687.548
687.315,687.544
687.312,687.542
687.315,687.545
687.321,687.549
687.323,687.551
687.325,687.552
687.327,687.554
687.329,687.555
687.331,687.556
687.332,687.557
687.325,687.552
687.327,687.554
687.329,687.555
687.331,687.556
687.332,687.557
687.333,687.558
687.327,687.553
687.320,687.548
687.323,687.550
687.325,687.552
687.327,687.553
687.329,687.555
687.330,687.556
687.332,687.557
687.328,687.554
687.329,687.555
687.334,687.559
687.327,687.553
687.323,687.550
687.317,687.546
687.320,687.548
687.322,687.550
687.317,687.545
687.319,687.548
687.314,687.543
687.317,687.546
687.320,687.548
687.322,687.550
687.324,687.551
687.326,687.553
687.320,687.548
687.323,687.550
687.325,687.552
687.327,687.553
687.321,687.549
687.323,687.550
687.325,687.552
687.319,687.547
687.322,687.549
687.324,687.551
687.326,687.553
687.331,687.556
687.332,687.557
687.333,687.558
687.326,687.553
687.320,687.548
687.315,687.544
687.310,687.540
687.313,687.543
687.316,687.545
687.311,687.541
687.306,687.537
687.310,687.540
687.313,687.543
687.308,687.539
687.312,687.542
687.315,687.544
687.318,687.547
687.321,687.549
687.323,687.550
687.317,687.546
687.320,687.548
687.322,687.550
687.325,687.552
687.329,687.555
687.331,687.556
687.327,687.553
687.329,687.555
687.322,687.550
687.324,687.552
687.326,687.553
687.331,687.557
687.332,687.558
687.334,687.559
687.335,687.560
687.328,687.554
687.330,687.555
687.331,687.557
687.332,687.558
687.334,687.559
687.335,687.560
687.336,687.560
687.329,687.555
687.330,687.556
687.332,687.557
687.333,687.558
687.334,687.559
687.335,687.560
687.328,687.555
687.325,687.552
687.327,687.553
687.323,687.550
687.325,687.552
687.327,687.554
687.329,687.555
687.323,687.550
687.317,687.546
687.312,687.542
687.307,687.538
687.302,687.534
687.299,687.531
687.295,687.529
687.292,687.526
687.289,687.524
687.289,687.524
687.286,687.522
687.284,687.520
687.282,687.518
687.280,687.517
687.278,687.516
687.276,687.514
687.275,687.513
687.276,687.514
687.283,687.519
687.289,687.524
687.286,687.522
687.284,687.520
687.290,687.525
687.287,687.523
687.285,687.521
687.290,687.525
687.296,687.529
687.300,687.533
687.297,687.530
687.301,687.534
687.306,687.537
687.301,687.534
687.298,687.531
687.302,687.534
687.306,687.537
687.302,687.534
687.306,687.537
687.302,687.534
687.306,687.537
687.310,687.540
687.305,687.537
687.309,687.540
687.305,687.536
687.300,687.533
687.305,687.536
687.309,687.539
687.312,687.542
687.315,687.544
687.318,687.547
687.321,687.549
687.315,687.544
687.318,687.547
687.313,687.542
687.316,687.545
687.319,687.547
687.321,687.549
687.324,687.551
687.318,687.546
687.320,687.548
687.323,687.550
687.325,687.552
687.327,687.553
687.321,687.549
687.315,687.544
687.310,687.540
687.305,687.537
687.301,687.533
687.305,687.537
687.309,687.540
687.313,687.542
687.308,687.539
687.311,687.541
687.307,687.538
687.302,687.534
687.306,687.538
687.302,687.534
687.298,687.531
687.303,687.535
687.307,687.538
687.303,687.535
687.299,687.532
687.295,687.529
687.292,687.526
687.289,687.524
687.286,687.522
687.276,687.514
687.274,687.513
687.273,687.512
687.272,687.511
687.271,687.510
687.270,687.509
687.277,687.515
687.276,687.514
687.274,687.513
687.273,687.512
687.272,687.511
687.274,687.512
687.273,687.511
687.271,687.510
687.271,687.510
687.270,687.509
687.269,687.508
687.268,687.508
687.267,687.507
687.267,687.507
687.266,687.506
687.266,687.506
687.268,687.508
687.267,687.507
687.267,687.507
687.266,687.506
687.266,687.506
687.265,687.506
687.265,687.505
687.265,687.505
687.264,687.505
687.264,687.505
687.264,687.505
687.272,687.511
687.271,687.510
687.270,687.509
687.277,687.515
687.284,687.520
687.281,687.518
687.287,687.523
687.285,687.521
687.283,687.519
687.281,687.518
687.279,687.516
687.277,687.515
687.276,687.514
687.274,687.513
687.273,687.512
687.272,687.511
687.271,687.510
687.278,687.516
687.276,687.514
687.283,687.519
687.289,687.524
687.286,687.522
687.292,687.526
687.289,687.524
687.286,687.522
687.284,687.520
687.290,687.525
687.295,687.529
687.292,687.526
687.289,687.524
687.286,687.522
687.292,687.526
687.289,687.524
687.287,687.522
687.292,687.527
687.289,687.524
687.287,687.522
687.284,687.520
687.282,687.519
687.280,687.517
687.278,687.516
687.277,687.515
687.275,687.513
687.274,687.512
687.273,687.511
687.272,687.511
687.271,687.510
687.272,687.511
687.271,687.510
687.270,687.510
687.270,687.509
687.269,687.508
687.268,687.508
687.267,687.507
687.267,687.507
687.266,687.506
687.266,687.506
687.273,687.512
687.272,687.511
687.271,687.510
687.262,687.503
687.262,687.503
687.262,687.503
687.270,687.509
687.277,687.515
687.276,687.514
687.274,687.513
687.273,687.512
687.272,687.511
687.271,687.510
687.270,687.509
687.269,687.509
687.276,687.514
687.275,687.513
687.282,687.518
687.288,687.523
687.285,687.521
687.291,687.526
687.296,687.530
687.293,687.527
687.290,687.525
687.287,687.523
687.285,687.521
687.285,687.521
687.283,687.519
687.281,687.518
687.279,687.516
687.277,687.515
687.276,687.514
687.282,687.519
687.280,687.517
687.271,687.510
687.264,687.505
687.264,687.505
687.264,687.504
687.263,687.504
687.263,687.504
687.263,687.504
687.263,687.504
687.263,687.504
687.263,687.504
687.263,687.504
687.270,687.510
687.270,687.509
687.269,687.508
687.268,687.508
687.267,687.507
687.275,687.513
687.282,687.518
687.288,687.523
687.285,687.521
687.283,687.519
687.289,687.524
687.294,687.528
687.291,687.526
687.288,687.524
687.294,687.528
687.299,687.532
687.295,687.529
687.292,687.526
687.289,687.524
687.286,687.522
687.284,687.520
687.259,687.501
687.259,687.501
687.251,687.495
687.252,687.496
687.245,687.490
687.247,687.491
687.248,687.492
687.249,687.493
687.250,687.494
687.252,687.495
687.252,687.496
687.245,687.490
687.247,687.491
687.248,687.492
687.249,687.493
687.251,687.494
687.252,687.495
687.253,687.496
687.253,687.497
687.254,687.497
687.255,687.498
687.255,687.498
687.256,687.498
687.256,687.499
687.257,687.499
687.257,687.500
687.258,687.500
687.258,687.500
687.258,687.500
687.259,687.501
687.259,687.501
687.259,687.501
687.259,687.501
687.260,687.501
687.260,687.501
687.260,687.502
687.260,687.502
687.260,687.502
687.268,687.508
687.268,687.507
687.259,687.501
687.259,687.501
687.259,687.501
687.260,687.501
687.260,687.501
687.260,687.502
687.260,687.502
687.260,687.502
687.260,687.502
687.260,687.502
687.251,687.495
687.252,687.495
687.253,687.496
687.254,687.497
687.246,687.491
687.248,687.492
687.249,687.493
687.245,687.490
687.246,687.491
687.248,687.492
687.249,687.493
687.250,687.494
687.251,687.495
687.252,687.496
687.253,687.496
687.254,687.497
687.247,687.491
687.248,687.492
687.249,687.493
687.242,687.488
687.244,687.489
687.238,687.484
687.240,687.486
687.242,687.488
687.244,687.489
687.232,687.480
687.235,687.482
687.237,687.484
687.240,687.486
687.242,687.487
687.244,687.489
687.245,687.490
687.239,687.485
687.233,687.481
687.236,687.483
687.230,687.478
687.225,687.474
687.220,687.471
687.216,687.468
687.220,687.471
687.224,687.474
687.228,687.477
687.231,687.479
687.234,687.481
687.228,687.477
687.232,687.480
687.234,687.482
687.237,687.484
687.239,687.486
687.233,687.481
687.236,687.483
687.238,687.485
687.233,687.480
687.235,687.482
687.238,687.484
687.240,687.486
687.242,687.488
687.244,687.489
687.237,687.484
687.232,687.480
687.234,687.482
687.237,687.484
687.239,687.486
687.241,687.487
687.235,687.482
687.238,687.484
687.232,687.480
687.227,687.476
687.230,687.478
687.233,687.481
687.236,687.483
687.238,687.485
687.240,687.486
687.234,687.482
687.237,687.484
687.239,687.485
687.241,687.487
687.243,687.489
687.245,687.490
687.238,687.485
687.235,687.482
687.238,687.484
687.240,687.486
687.242,687.488
687.244,687.489
687.245,687.490
687.239,687.485
687.233,687.481
687.236,687.483
687.238,687.485
687.232,687.480
687.235,687.482
687.238,687.484
687.232,687.480
687.227,687.476
687.222,687.472
687.218,687.469
687.222,687.472
687.217,687.469
687.224,687.474
687.228,687.477
687.223,687.473
687.227,687.476
687.222,687.472
687.218,687.469
687.214,687.466
687.218,687.469
687.222,687.472
687.226,687.475
687.221,687.472
687.217,687.468
687.213,687.465
687.210,687.463
687.207,687.460
687.204,687.458
687.201,687.456
687.199,687.454
687.205,687.459
687.202,687.457
687.208,687.461
687.213,687.465
687.209,687.462
687.214,687.466
687.219,687.470
687.223,687.473
687.227,687.476
687.230,687.478
687.225,687.474
687.228,687.477
687.223,687.473
687.227,687.476
687.222,687.472
687.226,687.475
687.224,687.474
687.219,687.470
687.223,687.473
687.219,687.470
687.215,687.467
687.211,687.464
687.208,687.461
687.213,687.465
687.218,687.469
687.214,687.466
687.210,687.463
687.215,687.467
687.211,687.464
687.216,687.468
687.221,687.471
687.224,687.474
687.220,687.471
687.224,687.474
687.227,687.476
687.231,687.479
687.234,687.481
687.236,687.483
687.231,687.479
687.233,687.481
687.228,687.477
687.223,687.473
687.227,687.476
687.230,687.478
687.233,687.481
687.236,687.483
687.238,687.485
687.232,687.480
687.235,687.482
687.238,687.484
687.240,687.486
687.242,687.488
687.236,687.483
687.238,687.485
687.232,687.480
687.235,687.482
687.238,687.484
687.240,687.486
687.242,687.488
687.236,687.483
687.238,687.485
687.232,687.480
687.227,687.476
687.222,687.472
687.218,687.469
687.214,687.466
687.219,687.470
687.223,687.473
687.226,687.476
687.230,687.478
687.233,687.480
687.235,687.483
687.230,687.478
687.227,687.476
687.223,687.473
687.218,687.469
687.222,687.472
687.226,687.475
687.229,687.478
687.224,687.474
687.228,687.477
687.231,687.479
687.234,687.481
687.237,687.484
687.239,687.485
687.233,687.481
687.228,687.477
687.231,687.479
687.234,687.481
687.228,687.477
687.223,687.473
687.219,687.470
687.223,687.473
687.227,687.476
687.230,687.478
687.233,687.481
687.236,687.483
687.238,687.485
687.240,687.486
687.242,687.488
687.239,687.485
687.233,687.481
687.228,687.476
687.223,687.473
687.218,687.469
687.214,687.466
687.219,687.470
687.215,687.467
687.219,687.470
687.215,687.467
687.220,687.470
687.224,687.473
687.227,687.476
687.222,687.472
687.218,687.469
687.214,687.466
687.219,687.470
687.223,687.473
687.226,687.476
687.230,687.478
687.225,687.474
687.228,687.477
687.223,687.473
687.227,687.476
687.222,687.472
687.226,687.475
687.221,687.472
687.217,687.468
687.221,687.472
687.217,687.468
687.213,687.465
687.218,687.469
687.214,687.466
687.218,687.469
687.214,687.466
687.219,687.470
687.215,687.467
687.219,687.470
687.215,687.467
687.212,687.464
687.208,687.462
687.205,687.459
687.211,687.463
687.207,687.461
687.204,687.459
687.202,687.457
687.207,687.461
687.213,687.465
687.209,687.462
687.206,687.460
687.211,687.464
687.216,687.468
687.212,687.465
687.217,687.468
687.213,687.465
687.218,687.469
687.214,687.466
687.218,687.469
687.222,687.473
687.226,687.475
687.221,687.472
687.217,687.468
687.213,687.465
687.210,687.463
687.215,687.467
687.211,687.464
687.216,687.467
687.212,687.465
687.217,687.468
687.213,687.465
687.210,687.463
687.207,687.460
687.212,687.464
687.216,687.468
687.221,687.471
687.219,687.470
687.215,687.467
687.211,687.464
687.208,687.461
687.213,687.465
687.218,687.469
687.214,687.466
687.210,687.463
687.207,687.461
687.204,687.459
687.202,687.456
687.207,687.461
687.204,687.459
687.202,687.457
687.208,687.461
687.205,687.459
687.202,687.457
687.200,687.455
687.197,687.453
687.195,687.452
687.202,687.457
687.199,687.455
687.197,687.453
687.195,687.452
687.194,687.450
687.192,687.449
687.190,687.448
687.189,687.447
687.188,687.446
687.187,687.445
687.186,687.444
687.193,687.450
687.192,687.449
687.190,687.448
687.189,687.447
687.188,687.446
687.195,687.451
687.201,687.456
687.199,687.454
687.197,687.453
687.195,687.451
687.201,687.456
687.199,687.454
687.205,687.459
687.202,687.457
687.200,687.455
687.206,687.459
687.203,687.457
687.208,687.462
687.213,687.466
687.210,687.463
687.207,687.460
687.212,687.464
687.217,687.468
687.213,687.465
687.218,687.469
687.222,687.472
687.217,687.469
687.222,687.472
687.217,687.469
687.221,687.472
687.217,687.468
687.213,687.465
687.210,687.463
687.207,687.460
687.212,687.464
687.209,687.462
687.214,687.466
687.210,687.463
687.207,687.460
687.204,687.458
687.201,687.456
687.199,687.454
687.197,687.453
687.195,687.451
687.193,687.450
687.200,687.455
687.198,687.453
687.196,687.452
687.194,687.450
687.192,687.449
687.191,687.448
687.189,687.447
687.188,687.446
687.195,687.451
687.201,687.456
687.199,687.454
687.205,687.459
687.202,687.457
687.208,687.461
687.205,687.459
687.202,687.457
687.200,687.455
687.198,687.453
687.188,687.446
687.195,687.451
687.193,687.450
687.191,687.449
687.190,687.447
687.197,687.453
687.195,687.451
687.201,687.456
687.207,687.461
687.204,687.458
687.201,687.456
687.199,687.454
687.205,687.459
687.210,687.463
687.215,687.467
687.212,687.464
687.208,687.462
687.205,687.459
687.203,687.457
687.200,687.455
687.198,687.454
687.196,687.452
687.194,687.451
687.201,687.456
687.198,687.454
687.204,687.458
687.202,687.456
687.199,687.455
687.197,687.453
687.195,687.451
687.201,687.456
687.199,687.454
687.200,687.455
687.198,687.453
687.196,687.452
687.194,687.450
687.192,687.449
687.183,687.442
687.182,687.441
687.182,687.441
687.189,687.447
687.188,687.446
687.184,687.443
687.184,687.443
687.183,687.442
687.182,687.442
687.182,687.441
687.189,687.447
687.188,687.446
687.195,687.451
687.193,687.450
687.192,687.449
687.198,687.454
687.196,687.452
687.195,687.451
687.193,687.450
687.199,687.455
687.197,687.453
687.195,687.451
687.193,687.450
687.192,687.449
687.190,687.448
687.189,687.447
687.196,687.452
687.184,687.443
687.183,687.442
687.182,687.442
687.182,687.441
687.181,687.441
687.184,687.442
687.191,687.448
687.190,687.447
687.188,687.446
687.187,687.445
687.186,687.445
687.193,687.450
687.192,687.449
687.190,687.448
687.197,687.453
687.195,687.451
687.193,687.450
687.192,687.449
687.190,687.448
687.189,687.447
687.196,687.452
687.194,687.451
687.201,687.456
687.198,687.454
687.196,687.452
687.188,687.446
687.187,687.445
687.186,687.444
687.185,687.444
687.192,687.449
687.199,687.454
687.205,687.459
687.202,687.457
687.200,687.455
687.198,687.453
687.204,687.458
687.201,687.456
687.199,687.454
687.197,687.453
687.195,687.451
687.193,687.450
687.192,687.449
687.190,687.447
687.189,687.446
687.188,687.446
687.187,687.445
687.186,687.444
687.185,687.443
687.184,687.443
687.183,687.442
687.189,687.447
687.188,687.446
687.195,687.451
687.193,687.450
687.192,687.449
687.198,687.454
687.196,687.452
687.194,687.451
687.193,687.450
687.191,687.448
687.190,687.447
687.189,687.446
687.188,687.446
687.187,687.445
687.183,687.442
687.182,687.441
687.190,687.447
687.189,687.446
687.188,687.446
687.195,687.451
687.193,687.450
687.189,687.446
687.188,687.446
687.187,687.445
687.186,687.444
687.172,687.433
687.172,687.434
687.173,687.434
687.173,687.434
687.173,687.435
687.174,687.435
687.174,687.435
687.166,687.429
687.167,687.430
687.168,687.431
687.169,687.431
687.170,687.432
687.178,687.438
687.178,687.438
687.178,687.438
687.178,687.438
687.178,687.438
687.178,687.438
687.178,687.438
687.178,687.438
687.178,687.438
687.177,687.438
687.177,687.438
687.177,687.438
687.177,687.438
687.163,687.427
687.164,687.428
687.166,687.428
687.164,687.427
687.165,687.428
687.158,687.423
687.152,687.418
687.154,687.420
687.157,687.421
687.159,687.423
687.152,687.418
687.147,687.414
687.149,687.416
687.152,687.418
687.146,687.414
687.149,687.416
687.144,687.412
687.147,687.414
687.150,687.416
687.144,687.412
687.148,687.414
687.150,687.417
687.145,687.412
687.140,687.409
687.135,687.405
687.131,687.402
687.133,687.403
687.137,687.406
687.141,687.409
687.144,687.412
687.139,687.408
687.143,687.411
687.138,687.407
687.142,687.410
687.137,687.406
687.141,687.409
687.136,687.406
687.140,687.409
687.144,687.411
687.147,687.414
687.142,687.410
687.145,687.413
687.148,687.415
687.151,687.417
687.145,687.413
687.148,687.415
687.151,687.417
687.153,687.419
687.156,687.421
687.158,687.422
687.151,687.418
687.154,687.419
687.156,687.421
687.158,687.423
687.160,687.424
687.153,687.419
687.156,687.421
687.158,687.422
687.159,687.424
687.161,687.425
687.163,687.426
687.164,687.427
687.165,687.428
687.158,687.423
687.152,687.418
687.146,687.414
687.149,687.416
687.152,687.418
687.154,687.420
687.156,687.421
687.158,687.423
687.160,687.424
687.154,687.419
687.156,687.421
687.158,687.423
687.160,687.424
687.153,687.419
687.147,687.414
687.142,687.410
687.146,687.413
687.140,687.409
687.144,687.412
687.147,687.414
687.150,687.416
687.152,687.418
687.155,687.420
687.154,687.420
687.156,687.421
687.158,687.423
687.160,687.424
687.162,687.425
687.163,687.427
687.164,687.428
687.166,687.428
687.159,687.423
687.160,687.424
687.154,687.419
687.156,687.421
687.158,687.423
687.160,687.424
687.161,687.425
687.163,687.426
687.164,687.427
687.165,687.428
687.167,687.429
687.168,687.430
687.168,687.431
687.169,687.431
687.170,687.432
687.171,687.432
687.171,687.433
687.172,687.433
687.172,687.434
687.173,687.434
687.173,687.434
687.173,687.435
687.166,687.429
687.159,687.423
687.152,687.418
687.160,687.424
687.162,687.426
687.155,687.420
687.157,687.422
687.159,687.423
687.161,687.425
687.162,687.426
687.156,687.421
687.150,687.416
687.152,687.418
687.155,687.420
687.157,687.422
687.151,687.417
687.153,687.419
687.147,687.414
687.150,687.417
687.145,687.412
687.148,687.415
687.151,687.417
687.145,687.413
687.148,687.415
687.151,687.417
687.153,687.419
687.156,687.421
687.150,687.416
687.152,687.418
687.154,687.420
687.157,687.422
687.159,687.423
687.152,687.418
687.155,687.420
687.157,687.422
687.159,687.423
687.152,687.418
687.155,687.420
687.157,687.422
687.151,687.417
687.153,687.419
687.147,687.414
687.150,687.417
687.153,687.419
687.155,687.420
687.149,687.416
687.152,687.418
687.162,687.426
687.164,687.427
687.165,687.428
687.166,687.429
687.167,687.430
687.160,687.424
687.154,687.419
687.156,687.421
687.158,687.422
687.160,687.424
687.161,687.425
687.163,687.426
687.164,687.427
687.165,687.428
687.166,687.429
687.159,687.424
687.153,687.419
687.147,687.414
687.150,687.416
687.153,687.418
687.155,687.420
687.157,687.422
687.159,687.423
687.161,687.425
687.162,687.426
687.161,687.425
687.154,687.420
687.157,687.421
687.156,687.421
687.158,687.423
687.160,687.424
687.161,687.425
687.163,687.426
687.164,687.427
687.165,687.428
687.166,687.429
687.167,687.430
687.168,687.431
687.169,687.431
687.170,687.432
687.171,687.432
687.171,687.433
687.172,687.433
687.172,687.434
687.173,687.434
687.173,687.434
687.173,687.435
687.174,687.435
687.174,687.435
687.174,687.435
687.174,687.435
687.175,687.436
687.175,687.436
687.175,687.436
687.167,687.430
687.160,687.424
687.154,687.419
687.156,687.421
687.158,687.423
687.160,687.424
687.161,687.425
687.163,687.426
687.164,687.427
687.165,687.428
687.167,687.429
687.167,687.430
687.168,687.431
687.161,687.425
687.163,687.426
687.164,687.427
687.165,687.428
687.166,687.429
687.159,687.424
687.161,687.425
687.162,687.426
687.164,687.427
687.165,687.428
687.166,687.429
687.167,687.430
687.168,687.430
687.169,687.431
687.170,687.432
687.170,687.432
687.171,687.433
687.172,687.433
687.172,687.433
687.164,687.428
687.166,687.428
687.159,687.423
687.160,687.424
687.162,687.426
687.163,687.427
687.165,687.428
687.158,687.422
687.160,687.424
687.161,687.425
687.163,687.426
687.164,687.427
687.157,687.422
687.159,687.423
687.161,687.425
687.154,687.420
687.156,687.421
687.158,687.423
687.160,687.424
687.162,687.426
687.163,687.427
687.164,687.428
687.166,687.429
687.167,687.429
687.165,687.428
687.166,687.429
687.167,687.430
687.168,687.430
687.161,687.425
687.162,687.426
687.164,687.427
687.154,687.420
687.156,687.421
687.158,687.423
687.160,687.424
687.162,687.426
687.155,687.420
687.157,687.422
687.159,687.423
687.161,687.425
687.154,687.420
687.156,687.421
687.158,687.423
687.152,687.418
687.154,687.420
687.149,687.415
687.151,687.417
687.146,687.413
687.149,687.415
687.151,687.417
687.154,687.419
687.148,687.415
687.143,687.411
687.146,687.413
687.149,687.416
687.152,687.418
687.154,687.419
687.156,687.421
687.158,687.423
687.152,687.418
687.154,687.420
687.148,687.415
687.143,687.411
687.138,687.407
687.134,687.404
687.130,687.401
687.134,687.404
687.130,687.401
687.127,687.399
687.132,687.402
687.128,687.399
687.125,687.397
687.122,687.394
687.127,687.398
687.124,687.396
687.121,687.394
687.123,687.396
687.128,687.400
687.125,687.397
687.130,687.401
687.126,687.398
687.131,687.402
687.136,687.405
687.131,687.402
687.136,687.405
687.132,687.402
687.136,687.406
687.140,687.409
687.135,687.405
687.139,687.408
687.135,687.405
687.139,687.408
687.134,687.404
687.138,687.408
687.142,687.410
687.137,687.407
687.133,687.403
687.129,687.400
687.126,687.398
687.123,687.395
687.120,687.393
687.125,687.397
687.122,687.395
687.119,687.393
687.125,687.397
687.122,687.395
687.119,687.392
687.116,687.390
687.114,687.389
687.112,687.387
687.110,687.386
687.117,687.391
687.122,687.395
687.128,687.399
687.124,687.396
687.121,687.394
687.126,687.398
687.123,687.396
687.128,687.400
687.125,687.397
687.130,687.401
687.134,687.404
687.130,687.401
687.135,687.405
687.128,687.399
687.133,687.403
687.129,687.400
687.133,687.404
687.138,687.407
687.141,687.410
687.145,687.412
687.140,687.408
687.135,687.405
687.139,687.408
687.143,687.411
687.138,687.407
687.142,687.410
687.145,687.413
687.140,687.409
687.144,687.411
687.139,687.408
687.142,687.410
687.138,687.407
687.139,687.408
687.134,687.404
687.138,687.407
687.134,687.404
687.130,687.401
687.126,687.398
687.131,687.402
687.136,687.405
687.140,687.409
687.143,687.411
687.147,687.414
687.150,687.416
687.152,687.418
687.154,687.420
687.157,687.422
687.151,687.417
687.145,687.413
687.148,687.415
687.151,687.417
687.145,687.413
687.148,687.415
687.151,687.417
687.145,687.413
687.140,687.409
687.136,687.405
687.140,687.408
687.135,687.405
687.131,687.402
687.128,687.399
687.132,687.403
687.128,687.400
687.133,687.403
687.137,687.406
687.116,687.390
687.113,687.388
687.109,687.385
687.107,687.383
687.106,687.382
687.105,687.381
687.104,687.380
687.102,687.380
687.102,687.379
687.101,687.378
687.108,687.384
687.106,687.383
687.105,687.382
687.104,687.381
687.111,687.386
687.109,687.385
687.107,687.383
687.106,687.382
687.110,687.386
687.109,687.384
687.115,687.389
687.113,687.388
687.111,687.386
687.109,687.385
687.108,687.384
687.105,687.381
687.104,687.380
687.103,687.380
687.102,687.379
687.101,687.378
687.108,687.384
687.107,687.383
687.113,687.388
687.119,687.393
687.117,687.391
687.122,687.395
687.120,687.393
687.122,687.395
687.120,687.393
687.117,687.391
687.115,687.389
687.113,687.387
687.111,687.386
687.117,687.391
687.115,687.389
687.113,687.387
687.111,687.386
687.117,687.391
687.115,687.389
687.110,687.385
687.116,687.390
687.114,687.389
687.112,687.387
687.110,687.386
687.109,687.384
687.107,687.383
687.106,687.382
687.112,687.387
687.110,687.386
687.109,687.384
687.107,687.383
687.106,687.382
687.113,687.387
687.111,687.386
687.109,687.385
687.115,687.390
687.113,687.388
687.111,687.386
687.110,687.385
687.108,687.384
687.106,687.383
687.113,687.388
687.111,687.386
687.109,687.385
687.108,687.384
687.106,687.383
687.105,687.382
687.104,687.381
687.103,687.380
687.110,687.385
687.116,687.390
687.122,687.395
687.119,687.393
687.117,687.391
687.122,687.395
687.120,687.393
687.117,687.391
687.115,687.389
687.121,687.394
687.118,687.392
687.115,687.390
687.113,687.388
687.117,687.391
687.122,687.395
687.120,687.393
687.117,687.391
687.123,687.395
687.120,687.393
687.125,687.397
687.122,687.395
687.127,687.399
687.124,687.396
687.121,687.394
687.118,687.392
687.116,687.390
687.114,687.388
687.112,687.387
687.110,687.385
687.108,687.384
687.107,687.383
687.105,687.382
687.112,687.387
687.110,687.386
687.109,687.384
687.107,687.383
687.106,687.382
687.104,687.381
687.111,687.386
687.110,687.385
687.116,687.390
687.122,687.395
687.127,687.399
687.132,687.402
687.136,687.406
687.132,687.402
687.128,687.400
687.125,687.397
687.122,687.395
687.119,687.392
687.124,687.397
687.129,687.401
687.134,687.404
687.138,687.407
687.142,687.410
687.137,687.406
687.130,687.401
687.135,687.405
687.139,687.408
687.134,687.404
687.138,687.407
687.142,687.410
687.145,687.413
687.148,687.415
687.151,687.417
687.145,687.413
687.140,687.409
687.136,687.405
687.132,687.402
687.128,687.399
687.125,687.397
687.122,687.394
687.119,687.392
687.124,687.397
687.121,687.394
687.127,687.398
687.115,687.390
687.121,687.394
687.118,687.392
687.116,687.390
687.122,687.395
687.119,687.392
687.116,687.390
687.114,687.389
687.120,687.393
687.118,687.391
687.115,687.389
687.121,687.394
687.118,687.392
687.116,687.390
687.119,687.392
687.117,687.391
687.114,687.389
687.112,687.387
687.118,687.392
687.116,687.390
687.114,687.388
687.109,687.385
687.105,687.382
687.104,687.381
687.103,687.380
687.102,687.379
687.101,687.378
687.100,687.378
687.107,687.383
687.106,687.382
687.105,687.381
687.104,687.380
687.102,687.380
687.110,687.385
687.108,687.384
687.106,687.383
687.113,687.388
687.119,687.393
687.117,687.391
687.114,687.389
687.112,687.387
687.118,687.392
687.116,687.390
687.114,687.388
687.112,687.387
687.110,687.385
687.108,687.384
687.115,687.389
687.113,687.387
687.111,687.386
687.109,687.385
687.107,687.383
687.106,687.382
687.105,687.381
687.104,687.380
687.111,687.386
687.109,687.385
687.107,687.383
687.114,687.388
687.112,687.387
687.110,687.385
687.100,687.378
687.100,687.377
687.107,687.383
687.106,687.382
687.104,687.381
687.095,687.374
687.095,687.374
687.087,687.367
687.087,687.368
687.088,687.368
687.088,687.369
687.089,687.369
687.081,687.363
687.082,687.364
687.083,687.365
687.084,687.365
687.085,687.366
687.086,687.366
687.086,687.367
687.084,687.365
687.077,687.360
687.070,687.355
687.073,687.356
687.074,687.358
687.084,687.365
687.085,687.366
687.086,687.367
687.086,687.367
687.095,687.374
687.095,687.374
687.095,687.373
687.094,687.373
687.094,687.373
687.094,687.373
687.094,687.373
687.094,687.373
687.094,687.373
687.102,687.379
687.109,687.384
687.107,687.383
687.106,687.382
687.104,687.381
687.103,687.380
687.102,687.379
687.101,687.379
687.101,687.378
687.100,687.378
687.099,687.377
687.099,687.377
687.098,687.376
687.097,687.376
687.097,687.375
687.097,687.375
687.096,687.375
687.096,687.374
687.096,687.374
687.095,687.374
687.095,687.374
687.103,687.380
687.102,687.379
687.101,687.378
687.100,687.378
687.099,687.377
687.099,687.377
687.098,687.376
687.098,687.376
687.097,687.375
687.097,687.375
687.096,687.375
687.096,687.375
687.096,687.374
687.095,687.374
687.103,687.380
687.102,687.379
687.101,687.379
687.100,687.378
687.100,687.377
687.099,687.377
687.098,687.376
687.090,687.370
687.082,687.364
687.083,687.364
687.084,687.365
687.085,687.366
687.085,687.366
687.078,687.361
687.079,687.362
687.073,687.357
687.075,687.358
687.076,687.359
687.078,687.361
687.079,687.362
687.081,687.363
687.082,687.363
687.083,687.364
687.084,687.365
687.084,687.366
687.085,687.366
687.086,687.367
687.087,687.367
687.087,687.368
687.088,687.368
687.088,687.368
687.089,687.369
687.089,687.369
687.089,687.369
687.098,687.376
687.097,687.375
687.097,687.375
687.104,687.381
687.103,687.380
687.102,687.379
687.101,687.379
687.100,687.378
687.100,687.377
687.107,687.383
687.114,687.388
687.112,687.387
687.110,687.385
687.108,687.384
687.107,687.383
687.105,687.382
687.104,687.381
687.103,687.380
687.102,687.379
687.101,687.379
687.100,687.378
687.100,687.377
687.099,687.377
687.106,687.383
687.113,687.388
687.111,687.386
687.101,687.379
687.109,687.384
687.107,687.383
687.106,687.382
687.104,687.381
687.103,687.380
687.102,687.379
687.101,687.379
687.100,687.378
687.100,687.377
687.099,687.377
687.090,687.370
687.091,687.370
687.091,687.371
687.088,687.369
687.086,687.367
687.087,687.367
687.087,687.368
687.088,687.368
687.088,687.369
687.089,687.369
687.089,687.369
687.089,687.369
687.090,687.370
687.090,687.370
687.090,687.370
687.090,687.370
687.091,687.370
687.091,687.371
687.099,687.377
687.098,687.376
687.098,687.376
687.097,687.376
687.097,687.375
687.096,687.375
687.096,687.375
687.096,687.374
687.095,687.374
687.095,687.374
687.095,687.374
687.095,687.374
687.094,687.373
687.094,687.373
687.094,687.373
687.094,687.373
687.102,687.379
687.101,687.378
687.100,687.378
687.099,687.377
687.091,687.371
687.099,687.377
687.098,687.376
687.098,687.376
687.097,687.376
687.097,687.375
687.096,687.375
687.096,687.375
687.096,687.374
687.095,687.374
687.095,687.374
687.095,687.374
687.095,687.374
687.094,687.373
687.086,687.367
687.087,687.368
687.087,687.368
687.088,687.368
687.080,687.362
687.089,687.370
687.090,687.370
687.090,687.370
687.098,687.376
687.098,687.376
687.097,687.376
687.097,687.375
687.096,687.375
687.096,687.375
687.109,687.384
687.107,687.383
687.106,687.382
687.105,687.381
687.111,687.387
687.110,687.385
687.116,687.390
687.114,687.388
687.120,687.393
687.117,687.391
687.115,687.389
687.113,687.388
687.111,687.386
687.109,687.385
687.107,687.383
687.106,687.382
687.105,687.381
687.112,687.387
687.118,687.392
687.115,687.390
687.113,687.388
687.111,687.386
687.110,687.385
687.108,687.384
687.106,687.383
687.097,687.375
687.097,687.375
687.104,687.381
687.103,687.380
687.102,687.379
687.101,687.379
687.100,687.378
687.100,687.377
687.099,687.377
687.098,687.376
687.098,687.376
687.097,687.376
687.097,687.375
687.096,687.375
687.096,687.375
687.096,687.374
687.103,687.380
687.094,687.373
687.086,687.367
687.087,687.367
687.087,687.368
687.088,687.368
687.088,687.369
687.089,687.369
687.089,687.369
687.107,687.383
687.105,687.382
687.104,687.381
687.103,687.380
687.102,687.379
687.101,687.378
687.100,687.378
687.099,687.377
687.099,687.377
687.098,687.376
687.098,687.376
687.097,687.375
687.105,687.381
687.112,687.387
687.110,687.385
687.108,687.384
687.107,687.383
687.105,687.382
687.104,687.381
687.103,687.380
687.102,687.379
687.101,687.378
687.100,687.378
687.099,687.377
687.099,687.377
687.109,687.385
687.116,687.390
687.113,687.388
687.119,687.393
687.117,687.391
687.115,687.389
687.112,687.387
687.119,687.392
687.116,687.390
687.114,687.388
687.112,687.387
687.110,687.385
687.108,687.384
687.115,687.389
687.113,687.388
687.111,687.386
687.109,687.385
687.107,687.383
687.106,687.382
687.105,687.381
687.104,687.381
687.103,687.380
687.102,687.379
687.101,687.378
687.100,687.378
687.108,687.384
687.106,687.383
687.105,687.382
687.104,687.381
687.103,687.380
687.102,687.379
687.101,687.378
687.108,687.384
687.107,687.383
687.105,687.382
687.112,687.387
687.118,687.392
687.116,687.390
687.114,687.388
687.112,687.387
687.110,687.385
687.108,687.384
687.107,687.383
687.113,687.388
687.111,687.387
687.115,687.389
687.113,687.388
687.119,687.392
687.124,687.397
687.129,687.401
687.126,687.398
687.123,687.395
687.128,687.399
687.125,687.397
687.130,687.401
687.134,687.404
687.130,687.401
687.126,687.398
687.131,687.402
687.128,687.399
687.124,687.396
687.121,687.394
687.118,687.392
687.116,687.390
687.122,687.395
687.119,687.392
687.117,687.390
687.122,687.395
687.119,687.393
687.117,687.391
687.115,687.389
687.112,687.387
687.111,687.386
687.109,687.385
687.115,687.390
687.113,687.388
687.119,687.393
687.125,687.397
687.122,687.394
687.127,687.399
687.124,687.396
687.129,687.400
687.125,687.397
687.122,687.395
687.119,687.393
687.125,687.397
687.122,687.395
687.127,687.399
687.124,687.396
687.129,687.400
687.125,687.397
687.130,687.401
687.127,687.398
687.131,687.402
687.136,687.405
687.132,687.402
687.128,687.399
687.133,687.403
687.129,687.400
687.133,687.403
687.129,687.400
687.126,687.398
687.131,687.402
687.127,687.399
687.124,687.396
687.121,687.394
687.118,687.392
687.121,687.394
687.118,687.392
687.116,687.390
687.114,687.388
687.112,687.387
687.110,687.385
687.106,687.382
687.104,687.381
687.103,687.380
687.102,687.379
687.101,687.379
687.100,687.378
687.100,687.377
687.099,687.377
687.098,687.376
687.098,687.376
687.097,687.376
687.105,687.382
687.104,687.381
687.103,687.380
687.102,687.379
687.101,687.378
687.100,687.378
687.099,687.377
687.107,687.383
687.105,687.382
687.096,687.375
687.096,687.374
687.095,687.374
687.095,687.374
687.103,687.380
687.102,687.379
687.101,687.378
687.100,687.378
687.107,687.383
687.106,687.382
687.105,687.381
687.104,687.381
687.103,687.380
687.102,687.379
687.101,687.378
687.100,687.378
687.099,687.377
687.099,687.377
687.090,687.370
687.090,687.370
687.091,687.370
687.091,687.370
687.091,687.371
687.091,687.371
687.091,687.371
687.099,687.377
687.099,687.377
687.106,687.382
687.110,687.386
687.109,687.384
687.107,687.383
687.106,687.382
687.104,687.381
687.103,687.380
687.102,687.379
687.101,687.379
687.100,687.378
687.108,687.384
687.114,687.389
687.112,687.387
687.110,687.386
687.109,687.384
687.113,687.387
687.111,687.386
687.109,687.385
687.107,687.383
687.106,687.382
687.105,687.381
687.112,687.387
687.110,687.385
687.108,687.384
687.115,687.389
687.120,687.394
687.118,687.391
687.115,687.390
687.121,687.394
687.119,687.392
687.116,687.390
687.114,687.388
687.112,687.387
687.110,687.385
687.108,687.384
687.107,687.383
687.105,687.382
687.104,687.381
687.103,687.380
687.099,687.377
687.099,687.377
687.098,687.376
687.098,687.376
687.105,687.382
687.104,687.381
687.103,687.380
687.102,687.379
687.098,687.376
687.098,687.376
687.097,687.376
687.097,687.375
687.096,687.375
687.096,687.375
687.096,687.374
687.095,687.374
687.093,687.372
687.093,687.372
687.093,687.372
687.093,687.372
687.093,687.372
687.101,687.378
687.100,687.378
687.099,687.377
687.099,687.377
687.098,687.376
687.097,687.376
687.097,687.375
687.097,687.375
687.096,687.375
687.096,687.374
687.104,687.380
687.110,687.386
687.109,687.384
687.115,687.389
687.113,687.388
687.111,687.386
687.117,687.391
687.123,687.396
687.120,687.393
687.117,687.391
687.115,687.389
687.113,687.388
687.119,687.392
687.125,687.397
687.122,687.394
687.127,687.398
687.124,687.396
687.129,687.400
687.125,687.397
687.122,687.395
687.119,687.393
687.125,687.397
687.122,687.395
687.127,687.399
687.124,687.396
687.121,687.394
687.118,687.392
687.116,687.390
687.121,687.394
687.116,687.390
687.114,687.388
687.120,687.393
687.117,687.391
687.115,687.389
687.121,687.394
687.118,687.392
687.124,687.396
687.121,687.394
687.118,687.392
687.116,687.390
687.113,687.388
687.111,687.387
687.118,687.391
687.115,687.389
687.113,687.388
687.111,687.386
687.109,687.385
687.108,687.384
687.106,687.383
687.105,687.382
687.104,687.381
687.103,687.380
687.110,687.385
687.108,687.384
687.107,687.383
687.105,687.382
687.104,687.381
687.111,687.386
687.109,687.385
687.116,687.390
687.113,687.388
687.111,687.387
687.110,687.385
687.105,687.382
687.104,687.381
687.103,687.380
687.102,687.379
687.109,687.385
687.108,687.384
687.114,687.389
687.112,687.387
687.118,687.392
687.116,687.390
687.114,687.388
687.112,687.387
687.110,687.385
687.108,687.384
687.107,687.383
687.105,687.382
687.104,687.381
687.103,687.380
687.102,687.379
687.109,687.385
687.105,687.382
687.104,687.381
687.103,687.380
687.102,687.379
687.101,687.378
687.100,687.378
687.099,687.377
687.099,687.377
687.098,687.376
687.098,687.376
687.097,687.375
687.097,687.375
687.094,687.373
687.086,687.366
687.086,687.367
687.087,687.367
687.093,687.372
687.090,687.370
687.090,687.370
687.091,687.370
687.091,687.371
687.091,687.371
687.091,687.371
687.089,687.369
687.086,687.367
687.084,687.366
687.085,687.366
687.086,687.367
687.086,687.367
687.087,687.368
687.088,687.368
687.088,687.368
687.089,687.369
687.081,687.363
687.074,687.358
687.076,687.359
687.077,687.360
687.079,687.361
687.080,687.362
687.081,687.363
687.082,687.364
687.091,687.371
687.091,687.371
687.092,687.371
687.092,687.371
687.092,687.371
687.092,687.371
687.092,687.371
687.092,687.371
687.092,687.371
687.092,687.372
687.092,687.372
687.092,687.372
687.092,687.372
687.084,687.365
687.085,687.366
687.094,687.373
687.102,687.379
687.101,687.378
687.100,687.378
687.099,687.377
687.099,687.377
687.098,687.376
687.097,687.376
687.097,687.375
687.097,687.375
687.096,687.375
687.096,687.374
687.096,687.374
687.095,687.374
687.095,687.374
687.095,687.374
687.095,687.373
687.094,687.373
687.094,687.373
687.094,687.373
687.102,687.379
687.101,687.378
687.100,687.378
687.099,687.377
687.099,687.377
687.098,687.376
687.098,687.376
687.097,687.375
687.097,687.375
687.096,687.375
687.104,687.381
687.111,687.386
687.109,687.385
687.100,687.377
687.099,687.377
687.098,687.376
687.106,687.382
687.096,687.375
687.096,687.375
687.096,687.374
687.095,687.374
687.103,687.380
687.102,687.379
687.101,687.379
687.100,687.378
687.108,687.384
687.106,687.383
687.105,687.382
687.104,687.381
687.103,687.380
687.102,687.379
687.101,687.378
687.100,687.378
687.099,687.377
687.099,687.377
687.090,687.370
687.090,687.370
687.091,687.370
687.091,687.370
687.091,687.371
687.091,687.371
687.091,687.371
687.091,687.371
687.091,687.371
687.092,687.371
687.092,687.371
687.092,687.371
687.092,687.371
687.092,687.371
687.092,687.371
687.092,687.371
687.092,687.372
687.092,687.372
687.092,687.372
687.092,687.372
687.092,687.372
687.092,687.372
687.084,687.365
687.085,687.366
687.086,687.367
687.086,687.367
687.087,687.368
687.087,687.368
687.088,687.368
687.096,687.375
687.096,687.375
687.104,687.381
687.103,687.380
687.102,687.379
687.101,687.378
687.100,687.378
687.099,687.377
687.099,687.377
687.098,687.376
687.097,687.376
687.097,687.375
687.105,687.381
687.103,687.380
687.110,687.386
687.109,687.384
687.107,687.383
687.106,687.382
687.104,687.381
687.103,687.380
687.102,687.379
687.101,687.379
687.089,687.369
687.089,687.369
687.089,687.369
687.090,687.370
687.090,687.370
687.090,687.370
687.098,687.376
687.098,687.376
687.097,687.376
687.097,687.375
687.096,687.375
687.096,687.375
687.096,687.374
687.095,687.374
687.095,687.374
687.095,687.374
687.095,687.374
687.094,687.373
687.094,687.373
687.094,687.373
687.094,687.373
687.094,687.373
687.091,687.371
687.091,687.371
687.099,687.377
687.099,687.377
687.106,687.382
687.105,687.381
687.112,687.387
687.110,687.385
687.108,687.384
687.107,687.383
687.105,687.382
687.104,687.381
687.103,687.380
687.102,687.379
687.101,687.379
687.100,687.378
687.100,687.377
687.099,687.377
687.098,687.376
687.098,687.376
687.097,687.376
687.097,687.375
687.096,687.375
687.096,687.375
687.096,687.374
687.095,687.374
687.095,687.374
687.095,687.374
687.095,687.374
687.094,687.373
687.094,687.373
687.094,687.373
687.094,687.373
687.094,687.373
687.094,687.373
687.094,687.373
687.094,687.373
687.101,687.379
687.109,687.384
687.112,687.387
687.111,687.386
687.109,687.385
687.107,687.383
687.106,687.382
687.105,687.381
687.104,687.380
687.102,687.380
687.102,687.379
687.101,687.378
687.100,687.378
687.099,687.377
687.099,687.377
687.098,687.376
687.097,687.376
687.097,687.375
687.097,687.375
687.104,687.381
687.103,687.380
687.102,687.379
687.101,687.379
687.100,687.378
687.100,687.377
687.099,687.377
687.098,687.376
687.090,687.370
687.090,687.370
687.090,687.370
687.090,687.370
687.091,687.370
687.091,687.371
687.091,687.371
687.091,687.371
687.091,687.371
687.091,687.371
687.091,687.371
687.092,687.371
687.092,687.371
687.092,687.371
687.092,687.371
687.092,687.371
687.092,687.371
687.100,687.378
687.099,687.377
687.099,687.377
687.098,687.376
687.097,687.376
687.105,687.382
687.104,687.381
687.103,687.380
687.102,687.379
687.101,687.378
687.100,687.378
687.099,687.377
687.099,687.377
687.106,687.382
687.105,687.381
687.104,687.381
687.103,687.380
687.102,687.379
687.101,687.378
687.108,687.384
687.107,687.383
687.105,687.382
687.104,687.381
687.103,687.380
687.102,687.379
687.101,687.378
687.100,687.378
687.099,687.377
687.099,687.377
687.098,687.376
687.098,687.376
687.097,687.376
687.097,687.375
687.096,687.375
687.104,687.381
687.103,687.380
687.102,687.379
687.101,687.378
687.108,687.384
687.107,687.383
687.105,687.382
687.104,687.381
687.103,687.380
687.102,687.379
687.093,687.372
687.093,687.372
687.093,687.372
687.093,687.372
687.093,687.372
687.093,687.372
687.093,687.372
687.093,687.372
687.093,687.372
687.090,687.370
687.090,687.370
687.091,687.370
687.091,687.371
687.091,687.371
687.091,687.371
687.091,687.371
687.099,687.377
687.099,687.377
687.098,687.376
687.098,687.376
687.097,687.375
687.097,687.375
687.096,687.375
687.096,687.375
687.096,687.374
687.103,687.380
687.102,687.379
687.101,687.379
687.101,687.378
687.100,687.378
687.099,687.377
687.090,687.370
687.099,687.377
687.098,687.376
687.098,687.376
687.097,687.375
687.097,687.375
687.096,687.375
687.096,687.375
687.096,687.374
687.095,687.374
687.087,687.368
687.088,687.368
687.088,687.368
687.088,687.369
687.089,687.369
687.089,687.369
687.089,687.370
687.090,687.370
687.090,687.370
687.090,687.370
687.091,687.370
687.091,687.370
687.091,687.371
687.091,687.371
687.091,687.371
687.091,687.371
687.083,687.365
687.076,687.359
687.078,687.360
687.079,687.362
687.072,687.356
687.066,687.352
687.069,687.354
687.063,687.349
687.066,687.351
687.076,687.359
687.078,687.361
687.079,687.362
687.081,687.363
687.082,687.364
687.075,687.358
687.076,687.359
687.070,687.354
687.072,687.356
687.074,687.358
687.076,687.359
687.077,687.360
687.079,687.361
687.080,687.362
687.081,687.363
687.082,687.364
687.083,687.365
687.084,687.365
687.085,687.366
687.086,687.367
687.086,687.367
687.087,687.368
687.088,687.368
687.088,687.368
687.089,687.369
687.089,687.369
687.089,687.369
687.090,687.370
687.090,687.370
687.090,687.370
687.090,687.370
687.091,687.370
687.083,687.364
687.084,687.365
687.084,687.366
687.085,687.366
687.086,687.367
687.087,687.367
687.079,687.362
687.080,687.363
687.082,687.363
687.083,687.364
687.076,687.359
687.077,687.360
687.079,687.361
687.080,687.362
687.081,687.363
687.082,687.364
687.083,687.365
687.084,687.365
687.077,687.360
687.078,687.361
694.335,692.981
699.076,696.652
701.305,698.378
702.609,699.388
702.701,699.459
702.762,699.506
705.251,701.434
705.876,701.918
704.852,701.125
704.761,701.054
704.010,700.473
703.233,699.871
702.286,699.138
702.324,699.167
701.283,698.361
701.493,698.524
700.594,697.827
700.417,697.690
699.817,697.225
699.771,697.190
699.842,697.245
699.923,697.308
699.954,697.331
699.928,697.311
699.895,697.286
699.945,697.325
701.004,698.145
700.418,697.691
701.776,698.742
703.297,699.921
703.799,700.309
702.633,699.406
703.964,700.437
703.897,700.385
705.176,701.376
705.182,701.381
705.703,701.784
705.608,701.710
706.372,702.302
705.115,701.328
704.978,701.223
705.873,701.916
704.167,700.594
704.245,700.655
703.236,699.873
702.628,699.402
702.495,699.300
702.334,699.175
702.230,699.094
702.149,699.031
701.165,698.270
700.164,697.495
699.644,697.092
699.427,696.923
698.651,696.323
698.887,696.506
697.628,695.530
697.707,695.592
697.676,695.568
697.061,695.092
696.867,694.941
696.122,694.365
695.608,693.966
695.434,693.832
695.347,693.764
694.755,693.306
694.581,693.171
694.523,693.126
694.449,693.069
694.350,692.992
694.260,692.923
693.731,692.513
693.623,692.429
693.558,692.379
693.459,692.302
693.363,692.228
693.274,692.159
693.204,692.104
693.155,692.067
693.089,692.016
692.585,691.625
692.539,691.590
692.495,691.556
692.505,691.563
692.503,691.562
692.501,691.560
692.514,691.570
692.511,691.568
692.486,691.548
692.444,691.516
691.905,691.098
691.841,691.049
691.791,691.010
691.753,690.981
691.740,690.971
691.732,690.965
691.726,690.960
691.721,690.956
691.717,690.953
691.697,690.938
691.691,690.933
691.676,690.921
691.653,690.904
691.634,690.889
691.608,690.869
691.577,690.844
691.545,690.820
691.517,690.799
691.488,690.776
691.470,690.761
691.445,690.742
691.423,690.725
691.408,690.714
691.395,690.703
691.378,690.690
691.371,690.685
691.348,690.667
691.336,690.658
691.321,690.647
691.308,690.636
691.296,690.627
691.285,690.619
691.271,690.608
691.250,690.591
691.231,690.577
691.210,690.561
691.192,690.546
691.175,690.533
691.155,690.518
691.137,690.504
691.117,690.488
691.094,690.471
691.071,690.453
691.052,690.438
691.041,690.429
691.025,690.418
691.008,690.404
690.993,690.392
690.982,690.384
690.961,690.368
690.945,690.355
690.936,690.348
690.927,690.341
690.911,690.329
690.897,690.318
690.884,690.308
690.872,690.299
690.865,690.293
690.850,690.282
690.833,690.269
690.826,690.263
690.820,690.259
690.810,690.250
690.800,690.243
690.788,690.234
690.778,690.226
690.768,690.218
690.759,690.211
690.751,690.205
690.744,690.200
690.717,690.179
690.708,690.172
690.709,690.172
690.701,690.166
690.698,690.164
690.696,690.162
690.694,690.161
690.684,690.153
690.683,690.153
690.683,690.152
690.682,690.152
690.681,690.151
690.684,690.153
690.678,690.149
690.673,690.145
690.677,690.148
690.677,690.147
690.677,690.147
690.685,690.154
690.684,690.153
690.686,690.155
690.688,690.157
690.690,690.158
690.697,690.163
690.703,690.168
690.803,690.245
690.799,690.242
690.798,690.242
690.803,690.245
690.807,690.248
690.797,690.241
690.797,690.241
690.794,690.238
690.790,690.236
690.791,690.236
690.791,690.236
690.788,690.234
690.786,690.232
690.786,690.233
690.784,690.231
690.782,690.229
690.780,690.227
690.781,690.228
690.779,690.227
690.777,690.225
690.779,690.227
690.781,690.228
690.787,690.233
690.784,690.231
690.782,690.229
690.697,690.163
690.698,690.164
690.691,690.159
690.685,690.154
690.687,690.156
690.686,690.155
690.680,690.150
690.680,690.150
690.679,690.150
690.679,690.149
690.671,690.143
690.671,690.143
690.672,690.143
690.672,690.144
690.664,690.138
690.665,690.139
690.666,690.139
690.662,690.136
690.655,690.131
690.653,690.129
690.650,690.127
690.648,690.125
690.642,690.121
690.645,690.123
690.648,690.125
690.646,690.124
690.652,690.128
690.654,690.130
690.656,690.132
690.658,690.133
690.660,690.134
690.653,690.129
690.655,690.131
690.649,690.126
690.644,690.122
690.639,690.118
690.634,690.114
690.638,690.117
690.633,690.114
690.629,690.111
690.626,690.108
690.630,690.112
690.627,690.109
690.623,690.106
690.620,690.104
690.617,690.102
690.615,690.100
690.616,690.100
690.617,690.101
690.609,690.095
690.611,690.096
690.612,690.097
690.613,690.098
690.614,690.099
690.612,690.098
690.610,690.096
690.608,690.095
690.599,690.087
690.598,690.086
690.597,690.086
690.600,690.088
690.594,690.083
690.597,690.086
690.596,690.085
690.588,690.079
690.588,690.079
690.588,690.079
690.589,690.079
690.581,690.073
690.582,690.074
690.582,690.075
690.578,690.071
690.575,690.069
690.568,690.064
690.562,690.059
690.557,690.055
690.560,690.057
690.563,690.059
690.561,690.058
690.559,690.056
690.554,690.052
690.557,690.055
690.560,690.057
690.555,690.053
690.551,690.050
690.550,690.049
690.549,690.048
690.545,690.045
690.541,690.042
690.538,690.040
690.538,690.040
690.535,690.038
690.532,690.035
690.529,690.033
690.522,690.028
690.516,690.023
690.515,690.022
690.514,690.022
690.513,690.021
690.508,690.017
690.511,690.019
690.502,690.012
690.503,690.013
690.495,690.007
690.496,690.008
690.489,690.002
690.491,690.003
690.492,690.004
690.488,690.002
690.485,689.999
690.479,689.995
690.474,689.990
690.472,689.989
690.475,689.991
690.478,689.994
690.476,689.992
690.471,689.988
690.474,689.991
690.472,689.989
690.467,689.985
690.471,689.988
690.470,689.987
690.465,689.984
690.469,689.987
690.468,689.986
690.466,689.985
690.462,689.981
690.458,689.978
690.458,689.978
690.446,689.969
690.447,689.970
690.445,689.968
690.434,689.960
690.433,689.959
690.424,689.952
690.424,689.952
690.415,689.945
690.416,689.946
690.408,689.940
690.410,689.941
690.411,689.942
690.404,689.936
690.397,689.931
690.391,689.927
690.394,689.929
690.389,689.925
690.387,689.923
690.382,689.919
690.378,689.916
690.369,689.909
690.366,689.907
690.363,689.905
690.353,689.897
690.346,689.892
690.345,689.891
690.344,689.890
690.339,689.886
690.339,689.886
690.330,689.879
690.323,689.873
690.316,689.868
690.310,689.864
690.300,689.855
690.295,689.852
690.291,689.849
690.287,689.846
690.287,689.846
690.284,689.843
690.281,689.841
690.278,689.839
690.267,689.830
690.266,689.829
690.256,689.822
690.256,689.822
690.256,689.821
690.247,689.815
690.243,689.811
690.236,689.806
690.229,689.801
690.223,689.796
690.218,689.792
690.213,689.788
690.208,689.785
690.208,689.784
690.204,689.781
690.200,689.779
690.197,689.776
690.194,689.774
690.192,689.772
690.193,689.773
690.190,689.771
690.180,689.763
690.179,689.762
690.177,689.761
690.177,689.760
690.176,689.759
690.167,689.753
690.167,689.753
690.167,689.753
690.167,689.753
690.167,689.753
690.167,689.753
690.159,689.746
690.151,689.741
690.153,689.742
690.146,689.737
690.148,689.738
690.142,689.733
690.139,689.731
690.134,689.727
690.137,689.730
690.132,689.726
690.127,689.722
690.123,689.719
690.119,689.716
690.111,689.709
690.108,689.707
690.105,689.705
690.098,689.700
690.097,689.698
690.095,689.697
690.094,689.696
690.093,689.695
690.084,689.688
690.084,689.688
690.084,689.688
690.083,689.688
690.083,689.688
690.075,689.682
690.071,689.678
690.064,689.673
690.066,689.674
690.059,689.669
690.061,689.671
690.055,689.666
690.050,689.662
690.045,689.658
690.040,689.655
690.036,689.652
690.033,689.649
690.029,689.646
690.026,689.644
690.023,689.642
690.029,689.646
690.026,689.644
690.027,689.644
690.024,689.642
690.021,689.640
690.019,689.638
690.017,689.637
690.015,689.635
690.014,689.634
690.004,689.627
690.003,689.626
690.003,689.626
690.002,689.625
690.002,689.625
690.001,689.625
690.001,689.624
689.993,689.618
689.993,689.618
689.989,689.615
689.990,689.615
689.982,689.610
689.976,689.605
689.978,689.606
689.972,689.601
689.966,689.597
689.961,689.593
689.956,689.590
689.960,689.593
689.956,689.589
689.960,689.592
689.955,689.589
689.959,689.592
689.955,689.589
689.951,689.585
689.947,689.583
689.952,689.586
689.956,689.590
689.952,689.586
689.949,689.584
689.945,689.581
689.942,689.579
689.939,689.576
689.937,689.575
689.935,689.573
689.932,689.571
689.931,689.570
689.929,689.568
689.927,689.567
689.921,689.562
689.923,689.564
689.914,689.557
689.914,689.557
689.906,689.551
689.907,689.551
689.907,689.552
689.908,689.552
689.900,689.546
689.901,689.547
689.895,689.542
689.888,689.537
689.891,689.539
689.885,689.534
689.887,689.536
689.882,689.532
689.877,689.528
689.872,689.524
689.876,689.527
689.871,689.524
689.875,689.527
689.871,689.523
689.867,689.520
689.871,689.524
689.867,689.520
689.863,689.518
689.860,689.515
689.857,689.513
689.854,689.510
689.860,689.515
689.857,689.513
689.857,689.513
689.854,689.511
689.852,689.509
689.850,689.507
689.848,689.505
689.846,689.504
689.844,689.503
689.843,689.502
689.841,689.500
689.840,689.499
689.839,689.499
689.838,689.498
689.837,689.497
689.836,689.496
689.827,689.490
689.827,689.490
689.827,689.490
689.827,689.490
689.819,689.484
689.820,689.484
689.821,689.485
689.814,689.479
689.815,689.480
689.816,689.481
689.817,689.482
689.818,689.483
689.819,689.484
689.820,689.484
689.813,689.478
689.814,689.480
689.808,689.474
689.801,689.470
689.796,689.465
689.791,689.462
689.786,689.458
689.782,689.455
689.787,689.458
689.783,689.455
689.779,689.452
689.776,689.450
689.772,689.447
689.770,689.445
689.767,689.443
689.765,689.441
689.763,689.440
689.761,689.438
689.759,689.437
689.758,689.436
689.756,689.435
689.755,689.434
689.754,689.433
689.745,689.426
689.745,689.426
689.745,689.426
689.745,689.426
689.736,689.419
689.737,689.420
689.738,689.420
689.730,689.415
689.723,689.409
689.725,689.411
689.727,689.412
689.729,689.413
689.730,689.414
689.731,689.415
689.732,689.416
689.733,689.417
689.734,689.418
689.727,689.412
689.721,689.407
689.715,689.403
689.709,689.398
689.713,689.401
689.708,689.397
689.703,689.393
689.707,689.396
689.710,689.399
689.710,689.399
