# Physical_Baseline=687.94pF, Trigger_Distance=12.1cm, Atten_Ratio=1.46
Raw_Capacitance(pF),Normalized_Capacitance(pF)
687.934,687.932
687.934,687.932
687.934,687.932
687.935,687.933
687.938,687.937
687.938,687.937
687.937,687.937
687.937,687.937
687.937,687.937
687.940,687.940
687.940,687.940
687.939,687.940
687.939,687.939
687.942,687.943
687.944,687.946
687.943,687.945
687.943,687.944
687.937,687.936
687.937,687.936
687.945,687.948
687.952,687.958
687.953,687.960
687.960,687.969
687.960,687.970
687.958,687.967
687.956,687.964
687.957,687.965
687.958,687.967
687.964,687.975
687.961,687.972
687.954,687.961
687.947,687.950
687.946,687.949
687.945,687.948
687.952,687.958
687.945,687.948
687.945,687.947
687.952,687.958
687.953,687.960
687.946,687.950
687.945,687.948
687.945,687.947
687.947,687.950
687.948,687.953
687.939,687.939
687.939,687.939
687.942,687.943
687.941,687.942
687.941,687.941
687.940,687.941
687.943,687.945
687.934,687.932
687.934,687.932
687.935,687.933
687.938,687.937
687.938,687.937
687.937,687.937
687.937,687.937
687.932,687.929
687.932,687.929
687.933,687.930
687.933,687.931
687.928,687.923
687.929,687.924
687.930,687.926
687.930,687.927
687.931,687.927
687.934,687.932
687.935,687.933
687.935,687.933
687.930,687.925
687.930,687.926
687.931,687.927
687.932,687.928
687.927,687.921
687.928,687.922
687.929,687.924
687.932,687.929
687.932,687.929
687.933,687.930
687.928,687.923
687.923,687.916
687.917,687.906
687.919,687.909
687.923,687.916
687.924,687.918
687.926,687.919
687.929,687.925
687.933,687.930
687.936,687.935
687.936,687.935
687.936,687.935
687.939,687.939
687.939,687.939
687.938,687.938
687.941,687.942
687.941,687.941
687.940,687.941
687.940,687.940
687.942,687.944
687.942,687.943
687.941,687.942
687.936,687.934
687.936,687.934
687.936,687.934
687.936,687.934
687.936,687.934
687.939,687.939
687.939,687.938
687.938,687.938
687.933,687.930
687.933,687.931
687.934,687.931
687.937,687.936
687.939,687.940
687.939,687.939
687.939,687.939
687.942,687.943
687.941,687.942
687.941,687.941
687.940,687.941
687.935,687.933
687.935,687.933
687.935,687.933
687.935,687.933
687.938,687.938
687.930,687.926
687.931,687.927
687.926,687.920
687.927,687.921
687.928,687.923
687.929,687.924
687.924,687.917
687.925,687.919
687.926,687.921
687.930,687.926
687.923,687.915
687.924,687.917
687.928,687.923
687.932,687.928
687.932,687.929
687.924,687.918
687.928,687.924
687.929,687.925
687.922,687.914
687.923,687.916
687.919,687.910
687.921,687.913
687.914,687.903
687.917,687.906
687.921,687.912
687.917,687.907
687.919,687.910
687.921,687.912
687.914,687.903
687.919,687.910
687.923,687.916
687.925,687.918
687.926,687.920
687.922,687.914
687.923,687.916
687.924,687.918
687.925,687.919
687.927,687.921
687.922,687.914
687.924,687.916
687.925,687.918
687.921,687.912
687.922,687.914
687.924,687.916
687.928,687.922
687.923,687.916
687.924,687.918
687.926,687.919
687.921,687.913
687.923,687.915
687.924,687.917
687.920,687.911
687.922,687.914
687.923,687.916
687.924,687.918
687.920,687.912
687.922,687.914
687.915,687.904
687.912,687.899
687.917,687.907
687.919,687.910
687.921,687.912
687.925,687.918
687.929,687.924
687.930,687.925
687.930,687.926
687.926,687.919
687.927,687.921
687.928,687.922
687.928,687.924
687.921,687.913
687.923,687.915
687.916,687.905
687.913,687.900
687.927,687.921
687.928,687.923
687.923,687.916
687.917,687.906
687.918,687.909
687.915,687.904
687.917,687.907
687.919,687.910
687.915,687.904
687.909,687.896
687.904,687.888
687.902,687.884
687.905,687.889
687.908,687.894
687.905,687.890
687.908,687.894
687.911,687.898
687.908,687.894
687.911,687.898
687.913,687.902
687.910,687.897
687.905,687.889
687.908,687.893
687.905,687.890
687.900,687.882
687.882,687.855
687.879,687.851
687.884,687.859
687.881,687.855
687.881,687.855
687.879,687.850
687.884,687.859
687.884,687.858
687.881,687.854
687.878,687.850
687.878,687.850
687.884,687.858
687.881,687.854
687.878,687.850
687.876,687.846
687.876,687.847
687.874,687.844
687.872,687.841
687.873,687.842
687.879,687.851
687.876,687.847
687.882,687.856
687.887,687.863
687.895,687.874
687.891,687.868
687.880,687.852
687.877,687.848
687.883,687.857
687.883,687.856
687.880,687.852
687.877,687.848
687.875,687.845
687.881,687.854
687.881,687.854
687.878,687.850
687.884,687.858
687.883,687.857
687.888,687.865
687.888,687.864
687.892,687.871
687.888,687.865
687.893,687.872
687.889,687.866
687.886,687.861
687.882,687.856
687.880,687.852
687.880,687.852
687.877,687.848
687.875,687.845
687.873,687.842
687.871,687.839
687.869,687.836
687.878,687.850
687.876,687.846
687.876,687.847
687.874,687.844
687.872,687.841
687.870,687.838
687.868,687.835
687.875,687.845
687.881,687.854
687.886,687.861
687.885,687.861
687.882,687.856
687.879,687.852
687.880,687.852
687.877,687.848
687.877,687.849
687.878,687.849
687.875,687.846
687.876,687.846
687.874,687.843
687.880,687.852
687.877,687.848
687.875,687.845
687.875,687.845
687.873,687.842
687.879,687.851
687.879,687.851
687.877,687.848
687.877,687.848
687.875,687.845
687.875,687.846
687.873,687.842
687.871,687.840
687.872,687.841
687.870,687.838
687.868,687.836
687.867,687.833
687.865,687.831
687.867,687.834
687.866,687.831
687.864,687.830
687.866,687.832
687.865,687.830
687.863,687.828
687.862,687.827
687.869,687.837
687.876,687.846
687.874,687.843
687.874,687.844
687.872,687.841
687.870,687.838
687.871,687.840
687.870,687.837
687.868,687.835
687.869,687.837
687.868,687.834
687.869,687.836
687.867,687.834
687.866,687.832
687.867,687.834
687.866,687.832
687.867,687.834
687.866,687.832
687.865,687.830
687.863,687.828
687.862,687.827
687.864,687.829
687.863,687.828
687.862,687.826
687.869,687.837
687.867,687.834
687.866,687.832
687.873,687.842
687.873,687.843
687.871,687.840
687.870,687.837
687.871,687.839
687.869,687.836
687.870,687.838
687.868,687.836
687.862,687.826
687.861,687.824
687.860,687.823
687.851,687.810
687.843,687.799
687.844,687.800
687.845,687.801
687.846,687.802
687.841,687.795
687.842,687.797
687.846,687.802
687.849,687.807
687.849,687.808
687.850,687.808
687.850,687.808
687.850,687.809
687.858,687.821
687.858,687.820
687.860,687.823
687.862,687.826
687.869,687.837
687.870,687.838
687.868,687.836
687.870,687.838
687.868,687.835
687.875,687.845
687.875,687.846
687.873,687.842
687.871,687.840
687.869,687.837
687.868,687.835
687.866,687.832
687.868,687.834
687.874,687.844
687.875,687.845
687.881,687.854
687.878,687.850
687.878,687.850
687.884,687.858
687.881,687.854
687.878,687.850
687.884,687.858
687.883,687.858
687.880,687.853
687.878,687.849
687.878,687.850
687.876,687.846
687.876,687.847
687.874,687.844
687.872,687.841
687.870,687.838
687.876,687.847
687.874,687.844
687.872,687.841
687.870,687.838
687.871,687.840
687.869,687.837
687.870,687.839
687.869,687.836
687.870,687.838
687.868,687.835
687.867,687.833
687.860,687.823
687.859,687.822
687.859,687.821
687.866,687.832
687.865,687.830
687.866,687.833
687.865,687.831
687.864,687.829
687.865,687.831
687.864,687.829
687.863,687.828
687.862,687.826
687.869,687.837
687.870,687.838
687.877,687.848
687.874,687.844
687.875,687.845
687.873,687.842
687.874,687.843
687.872,687.840
687.870,687.838
687.868,687.835
687.867,687.833
687.865,687.831
687.864,687.829
687.863,687.828
687.862,687.826
687.861,687.825
687.863,687.827
687.862,687.826
687.861,687.825
687.863,687.827
687.865,687.830
687.863,687.828
687.865,687.831
687.864,687.829
687.863,687.827
687.870,687.838
687.876,687.847
687.874,687.844
687.872,687.841
687.870,687.838
687.868,687.835
687.867,687.833
687.868,687.835
687.867,687.833
687.860,687.823
687.859,687.822
687.858,687.821
687.861,687.824
687.860,687.823
687.859,687.822
687.858,687.821
687.858,687.820
687.860,687.823
687.859,687.822
687.861,687.825
687.863,687.828
687.870,687.838
687.868,687.836
687.867,687.834
687.866,687.831
687.859,687.822
687.858,687.821
687.860,687.824
687.860,687.823
687.859,687.822
687.858,687.821
687.858,687.820
687.857,687.819
687.857,687.818
687.859,687.822
687.858,687.821
687.858,687.820
687.860,687.823
687.859,687.822
687.859,687.821
687.861,687.824
687.860,687.823
687.859,687.822
687.858,687.821
687.858,687.820
687.857,687.819
687.857,687.819
687.856,687.818
687.856,687.817
687.856,687.817
687.858,687.820
687.857,687.820
687.860,687.823
687.854,687.814
687.854,687.814
687.856,687.818
687.856,687.817
687.850,687.809
687.850,687.809
687.843,687.798
687.844,687.799
687.844,687.800
687.845,687.802
687.846,687.803
687.846,687.803
687.855,687.816
687.855,687.816
687.849,687.808
687.857,687.820
687.860,687.823
687.859,687.822
687.858,687.821
687.860,687.824
687.860,687.823
687.859,687.822
687.858,687.821
687.858,687.820
687.860,687.823
687.859,687.822
687.859,687.821
687.861,687.824
687.868,687.835
687.866,687.833
687.865,687.831
687.864,687.829
687.865,687.831
687.864,687.829
687.871,687.840
687.864,687.829
687.863,687.828
687.857,687.818
687.864,687.830
687.866,687.832
687.865,687.830
687.863,687.828
687.865,687.831
687.864,687.829
687.871,687.839
687.869,687.837
687.867,687.834
687.866,687.832
687.865,687.830
687.863,687.828
687.862,687.827
687.861,687.825
687.861,687.824
687.852,687.811
687.852,687.811
687.852,687.811
687.852,687.811
687.852,687.811
687.852,687.811
687.852,687.811
687.852,687.811
687.855,687.816
687.854,687.815
687.857,687.819
687.857,687.818
687.851,687.810
687.851,687.810
687.851,687.810
687.854,687.814
687.854,687.814
687.856,687.818
687.856,687.817
687.858,687.821
687.858,687.820
687.860,687.823
687.854,687.814
687.854,687.814
687.856,687.818
687.856,687.817
687.850,687.809
687.850,687.809
687.853,687.814
687.853,687.814
687.853,687.813
687.848,687.805
687.848,687.806
687.857,687.818
687.856,687.818
687.856,687.817
687.855,687.817
687.855,687.816
687.855,687.816
687.855,687.815
687.854,687.815
687.854,687.815
687.854,687.815
687.857,687.818
687.856,687.818
687.850,687.809
687.851,687.810
687.851,687.810
687.851,687.810
687.851,687.810
687.851,687.810
687.851,687.811
687.854,687.815
687.854,687.814
687.849,687.807
687.849,687.807
687.849,687.808
687.849,687.808
687.850,687.808
687.845,687.801
687.845,687.802
687.841,687.795
687.842,687.797
687.838,687.790
687.839,687.793
687.832,687.783
687.837,687.789
687.838,687.792
687.834,687.786
687.836,687.788
687.832,687.783
687.834,687.786
687.836,687.788
687.840,687.794
687.841,687.796
687.837,687.790
687.839,687.792
687.835,687.786
687.836,687.788
687.840,687.795
687.844,687.800
687.845,687.801
687.840,687.795
687.841,687.796
687.845,687.802
687.846,687.803
687.847,687.804
687.847,687.804
687.848,687.805
687.848,687.806
687.840,687.795
687.841,687.796
687.834,687.786
687.828,687.777
687.830,687.780
687.832,687.783
687.837,687.790
687.831,687.780
687.833,687.783
687.834,687.786
687.836,687.788
687.840,687.795
687.842,687.796
687.845,687.802
687.846,687.803
687.847,687.804
687.850,687.809
687.850,687.809
687.853,687.813
687.845,687.801
687.840,687.795
687.841,687.796
687.834,687.786
687.836,687.788
687.838,687.791
687.839,687.793
687.840,687.795
687.841,687.796
687.842,687.798
687.835,687.787
687.837,687.790
687.838,687.792
687.834,687.786
687.828,687.777
687.825,687.772
687.828,687.776
687.825,687.772
687.819,687.764
687.817,687.761
687.820,687.766
687.815,687.758
687.811,687.752
687.807,687.746
687.811,687.752
687.807,687.746
687.811,687.752
687.807,687.746
687.811,687.752
687.807,687.746
687.806,687.745
687.811,687.751
687.817,687.761
687.821,687.766
687.826,687.774
687.829,687.778
687.826,687.773
687.820,687.765
687.823,687.770
687.821,687.766
687.816,687.759
687.811,687.752
687.815,687.758
687.819,687.763
687.822,687.767
687.825,687.772
687.827,687.775
687.832,687.783
687.834,687.786
687.831,687.780
687.833,687.783
687.837,687.790
687.839,687.792
687.835,687.786
687.826,687.774
687.821,687.766
687.824,687.770
687.818,687.763
687.822,687.767
687.825,687.772
687.835,687.787
687.837,687.789
687.838,687.792
687.840,687.794
687.841,687.795
687.842,687.797
687.843,687.798
687.836,687.788
687.840,687.794
687.841,687.796
687.837,687.790
687.839,687.792
687.843,687.798
687.843,687.799
687.839,687.793
687.832,687.783
687.826,687.774
687.821,687.766
687.824,687.770
687.831,687.782
687.833,687.784
687.835,687.787
687.837,687.789
687.838,687.792
687.834,687.786
687.836,687.788
687.838,687.790
687.839,687.793
687.840,687.794
687.833,687.784
687.835,687.787
687.831,687.782
687.825,687.773
687.828,687.776
687.822,687.768
687.825,687.772
687.820,687.764
687.823,687.769
687.826,687.773
687.820,687.765
687.823,687.769
687.829,687.777
687.831,687.781
687.833,687.784
687.835,687.786
687.828,687.777
687.831,687.780
687.827,687.776
687.830,687.779
687.835,687.786
687.836,687.789
687.833,687.783
687.826,687.774
687.824,687.770
687.826,687.774
687.823,687.770
687.826,687.774
687.821,687.766
687.816,687.758
687.811,687.752
687.815,687.757
687.819,687.763
687.822,687.767
687.825,687.772
687.827,687.775
687.822,687.767
687.816,687.760
687.820,687.765
687.818,687.761
687.821,687.766
687.824,687.771
687.819,687.763
687.822,687.767
687.825,687.772
687.822,687.768
687.825,687.772
687.822,687.768
687.825,687.772
687.828,687.776
687.830,687.779
687.824,687.771
687.819,687.763
687.822,687.767
687.825,687.772
687.827,687.775
687.822,687.767
687.816,687.760
687.820,687.765
687.815,687.757
687.813,687.755
687.817,687.760
687.820,687.765
687.823,687.770
687.818,687.762
687.813,687.755
687.817,687.760
687.812,687.753
687.816,687.759
687.822,687.768
687.825,687.772
687.830,687.780
687.832,687.783
687.837,687.790
687.839,687.792
687.843,687.798
687.843,687.799
687.844,687.800
687.840,687.794
687.841,687.795
687.837,687.789
687.830,687.780
687.827,687.775
687.829,687.779
687.826,687.774
687.821,687.766
687.816,687.758
687.814,687.756
687.818,687.761
687.821,687.766
687.824,687.770
687.818,687.763
687.822,687.767
687.825,687.772
687.827,687.775
687.832,687.783
687.834,687.786
687.839,687.792
687.840,687.794
687.836,687.788
687.837,687.790
687.841,687.796
687.843,687.798
687.835,687.787
687.829,687.778
687.831,687.781
687.833,687.784
687.838,687.791
687.839,687.793
687.835,687.787
687.829,687.777
687.823,687.769
687.826,687.773
687.820,687.765
687.815,687.758
687.819,687.763
687.822,687.768
687.825,687.772
687.827,687.776
687.822,687.767
687.819,687.764
687.822,687.768
687.820,687.765
687.823,687.769
687.821,687.766
687.824,687.770
687.821,687.766
687.824,687.771
687.827,687.775
687.829,687.778
687.831,687.781
687.833,687.784
687.830,687.779
687.832,687.782
687.834,687.785
687.836,687.788
687.829,687.778
687.826,687.774
687.829,687.777
687.823,687.769
687.818,687.761
687.813,687.754
687.808,687.748
687.805,687.742
687.801,687.737
687.806,687.744
687.802,687.739
687.807,687.746
687.811,687.752
687.815,687.758
687.811,687.751
687.815,687.757
687.818,687.762
687.824,687.771
687.827,687.775
687.821,687.767
687.816,687.759
687.820,687.764
687.823,687.769
687.826,687.773
687.828,687.777
687.825,687.772
687.820,687.764
687.815,687.757
687.818,687.762
687.821,687.767
687.816,687.759
687.820,687.764
687.815,687.757
687.810,687.751
687.814,687.756
687.810,687.750
687.806,687.744
687.802,687.739
687.799,687.734
687.804,687.741
687.809,687.748
687.813,687.754
687.811,687.752
687.815,687.758
687.813,687.755
687.817,687.760
687.815,687.758
687.811,687.751
687.806,687.745
687.811,687.751
687.809,687.749
687.805,687.744
687.805,687.742
687.809,687.749
687.805,687.743
687.802,687.738
687.807,687.745
687.811,687.751
687.810,687.749
687.814,687.755
687.812,687.753
687.816,687.759
687.814,687.756
687.818,687.761
687.821,687.766
687.816,687.759
687.814,687.756
687.810,687.750
687.814,687.756
687.817,687.761
687.813,687.754
687.811,687.752
687.815,687.757
687.813,687.755
687.817,687.760
687.812,687.753
687.808,687.747
687.812,687.753
687.816,687.759
687.811,687.752
687.807,687.746
687.806,687.745
687.811,687.751
687.815,687.757
687.810,687.750
687.814,687.756
687.810,687.750
687.808,687.748
687.805,687.742
687.804,687.741
687.800,687.736
687.797,687.732
687.803,687.739
687.802,687.738
687.799,687.734
687.796,687.729
687.801,687.737
687.806,687.744
687.802,687.739
687.807,687.746
687.803,687.740
687.800,687.735
687.805,687.743
687.809,687.749
687.814,687.755
687.817,687.761
687.821,687.766
687.824,687.770
687.818,687.762
687.816,687.759
687.812,687.752
687.807,687.746
687.804,687.741
687.800,687.736
687.797,687.731
687.802,687.739
687.799,687.734
687.799,687.734
687.796,687.730
687.793,687.726
687.791,687.722
687.789,687.719
687.787,687.716
687.793,687.725
687.793,687.726
687.791,687.722
687.789,687.719
687.787,687.716
687.788,687.717
687.786,687.715
687.784,687.712
687.782,687.710
687.789,687.720
687.787,687.717
687.788,687.718
687.786,687.715
687.787,687.717
687.785,687.714
687.784,687.711
687.790,687.721
687.791,687.722
687.789,687.719
687.789,687.720
687.795,687.729
687.795,687.729
687.801,687.737
687.798,687.732
687.795,687.728
687.792,687.724
687.793,687.725
687.798,687.733
687.795,687.729
687.793,687.725
687.793,687.725
687.791,687.722
687.791,687.723
687.789,687.719
687.798,687.732
687.803,687.740
687.808,687.747
687.804,687.741
687.803,687.740
687.808,687.747
687.807,687.745
687.811,687.752
687.807,687.746
687.811,687.752
687.810,687.750
687.806,687.744
687.802,687.739
687.799,687.734
687.804,687.741
687.809,687.748
687.805,687.742
687.801,687.737
687.801,687.737
687.806,687.744
687.813,687.754
687.809,687.748
687.805,687.742
687.809,687.749
687.813,687.755
687.809,687.749
687.808,687.747
687.804,687.741
687.803,687.740
687.800,687.735
687.800,687.735
687.805,687.742
687.809,687.749
687.813,687.755
687.812,687.752
687.807,687.746
687.806,687.745
687.811,687.751
687.807,687.745
687.803,687.740
687.800,687.735
687.797,687.730
687.794,687.726
687.791,687.723
687.792,687.723
687.789,687.720
687.790,687.721
687.788,687.718
687.786,687.715
687.784,687.713
687.783,687.710
687.781,687.708
687.780,687.706
687.779,687.705
687.778,687.703
687.777,687.702
687.784,687.712
687.790,687.722
687.796,687.730
687.802,687.738
687.798,687.733
687.804,687.741
687.808,687.747
687.804,687.742
687.801,687.737
687.800,687.736
687.797,687.732
687.797,687.731
687.802,687.739
687.799,687.734
687.804,687.742
687.809,687.748
687.805,687.743
687.804,687.742
687.809,687.748
687.808,687.747
687.812,687.753
687.816,687.758
687.811,687.752
687.810,687.750
687.806,687.744
687.797,687.731
687.794,687.727
687.800,687.735
687.805,687.742
687.804,687.741
687.808,687.748
687.807,687.746
687.804,687.741
687.803,687.740
687.799,687.735
687.797,687.730
687.794,687.726
687.786,687.715
687.784,687.712
687.783,687.710
687.784,687.712
687.784,687.713
687.783,687.710
687.781,687.708
687.780,687.706
687.779,687.705
687.778,687.703
687.777,687.702
687.776,687.700
687.778,687.703
687.777,687.702
687.779,687.705
687.778,687.703
687.777,687.702
687.771,687.693
687.770,687.692
687.773,687.696
687.772,687.695
687.775,687.698
687.774,687.698
687.773,687.697
687.773,687.696
687.772,687.695
687.775,687.698
687.774,687.698
687.768,687.689
687.778,687.703
687.777,687.702
687.776,687.701
687.778,687.704
687.777,687.702
687.771,687.693
687.771,687.693
687.770,687.692
687.770,687.692
687.773,687.695
687.772,687.695
687.772,687.694
687.779,687.705
687.778,687.704
687.777,687.702
687.776,687.701
687.776,687.700
687.775,687.699
687.777,687.702
687.776,687.700
687.775,687.699
687.777,687.702
687.776,687.701
687.776,687.700
687.783,687.710
687.779,687.704
687.786,687.715
687.787,687.716
687.785,687.713
687.786,687.715
687.784,687.713
687.783,687.710
687.784,687.712
687.783,687.710
687.781,687.708
687.780,687.706
687.781,687.708
687.780,687.706
687.779,687.705
687.778,687.703
687.785,687.714
687.786,687.715
687.784,687.713
687.783,687.710
687.781,687.708
687.783,687.710
687.781,687.708
687.780,687.706
687.779,687.705
687.778,687.703
687.777,687.702
687.776,687.700
687.770,687.692
687.770,687.691
687.770,687.691
687.761,687.679
687.754,687.668
687.750,687.662
687.760,687.676
687.755,687.670
687.756,687.672
687.757,687.673
687.761,687.679
687.762,687.680
687.762,687.680
687.766,687.685
687.766,687.685
687.761,687.678
687.753,687.667
687.755,687.669
687.759,687.675
687.760,687.676
687.760,687.677
687.761,687.678
687.762,687.679
687.762,687.680
687.763,687.681
687.766,687.686
687.766,687.686
687.766,687.686
687.761,687.679
687.754,687.668
687.747,687.658
687.744,687.653
687.746,687.656
687.743,687.652
687.745,687.655
687.747,687.658
687.744,687.653
687.746,687.657
687.748,687.660
687.745,687.655
687.747,687.658
687.752,687.665
687.753,687.667
687.755,687.669
687.756,687.671
687.757,687.673
687.758,687.674
687.759,687.675
687.760,687.677
687.761,687.678
687.761,687.679
687.757,687.672
687.758,687.673
687.761,687.679
687.762,687.680
687.763,687.681
687.763,687.681
687.763,687.682
687.764,687.683
687.764,687.683
687.759,687.676
687.768,687.689
687.768,687.689
687.771,687.693
687.770,687.692
687.770,687.692
687.770,687.692
687.764,687.683
687.765,687.684
687.765,687.684
687.765,687.685
687.766,687.685
687.766,687.685
687.766,687.686
687.766,687.686
687.766,687.686
687.769,687.690
687.769,687.690
687.769,687.690
687.763,687.682
687.764,687.683
687.764,687.683
687.765,687.684
687.768,687.688
687.768,687.688
687.768,687.688
687.768,687.688
687.768,687.688
687.770,687.692
687.770,687.692
687.770,687.691
687.770,687.691
687.772,687.695
687.772,687.694
687.771,687.694
687.779,687.705
687.778,687.703
687.780,687.706
687.779,687.704
687.772,687.695
687.772,687.694
687.772,687.694
687.763,687.682
687.764,687.682
687.764,687.683
687.764,687.683
687.765,687.684
687.773,687.696
687.772,687.695
687.775,687.699
687.774,687.698
687.773,687.697
687.768,687.688
687.768,687.688
687.768,687.688
687.760,687.676
687.755,687.670
687.756,687.672
687.757,687.673
687.753,687.667
687.755,687.669
687.756,687.671
687.760,687.677
687.760,687.678
687.761,687.679
687.754,687.668
687.758,687.674
687.759,687.675
687.760,687.676
687.763,687.682
687.756,687.671
687.757,687.672
687.758,687.674
687.761,687.679
687.770,687.692
687.770,687.691
687.770,687.691
687.769,687.691
687.772,687.695
687.772,687.694
687.771,687.693
687.779,687.705
687.773,687.695
687.772,687.695
687.772,687.694
687.774,687.698
687.773,687.697
687.773,687.696
687.772,687.695
687.772,687.694
687.772,687.694
687.771,687.693
687.779,687.705
687.778,687.703
687.780,687.706
687.786,687.716
687.785,687.713
687.783,687.711
687.782,687.709
687.780,687.707
687.787,687.717
687.780,687.706
687.779,687.705
687.778,687.703
687.777,687.702
687.784,687.712
687.782,687.710
687.781,687.708
687.783,687.710
687.781,687.708
687.783,687.710
687.789,687.720
687.787,687.717
687.793,687.726
687.786,687.714
687.792,687.724
687.790,687.720
687.796,687.729
687.793,687.725
687.793,687.726
687.791,687.722
687.791,687.723
687.789,687.720
687.782,687.709
687.781,687.707
687.774,687.697
687.773,687.697
687.781,687.708
687.780,687.706
687.779,687.704
687.777,687.703
687.768,687.689
687.771,687.693
687.771,687.693
687.771,687.692
687.770,687.692
687.770,687.692
687.773,687.695
687.772,687.695
687.774,687.698
687.774,687.697
687.773,687.696
687.773,687.696
687.772,687.695
687.764,687.682
687.764,687.683
687.764,687.683
687.765,687.684
687.765,687.684
687.768,687.689
687.760,687.677
687.761,687.678
687.764,687.683
687.765,687.684
687.757,687.672
687.758,687.674
687.759,687.675
687.754,687.669
687.756,687.671
687.749,687.660
687.751,687.663
687.752,687.666
687.746,687.656
687.748,687.659
687.750,687.662
687.751,687.664
687.753,687.667
687.746,687.657
687.751,687.664
687.745,687.654
687.747,687.658
687.749,687.661
687.751,687.663
687.752,687.666
687.754,687.668
687.755,687.670
687.756,687.672
687.757,687.673
687.753,687.667
687.754,687.669
687.750,687.663
687.752,687.665
687.754,687.667
687.758,687.673
687.751,687.663
687.752,687.666
687.748,687.660
687.750,687.663
687.752,687.665
687.753,687.667
687.755,687.669
687.756,687.671
687.757,687.673
687.758,687.674
687.759,687.675
687.760,687.677
687.763,687.682
687.772,687.694
687.771,687.694
687.771,687.693
687.765,687.685
687.766,687.685
687.758,687.674
687.753,687.667
687.755,687.669
687.756,687.671
687.749,687.661
687.743,687.652
687.737,687.644
687.740,687.648
687.737,687.644
687.740,687.648
687.743,687.652
687.745,687.655
687.739,687.647
687.737,687.643
687.732,687.635
687.727,687.629
687.726,687.627
687.730,687.633
687.733,687.638
687.731,687.635
687.727,687.628
687.733,687.638
687.737,687.643
687.740,687.647
687.734,687.639
687.737,687.644
687.732,687.636
687.736,687.641
687.739,687.646
687.741,687.650
687.744,687.653
687.746,687.657
687.748,687.660
687.750,687.662
687.752,687.665
687.756,687.671
687.757,687.673
687.761,687.678
687.753,687.667
687.747,687.658
687.744,687.653
687.746,687.656
687.740,687.648
687.745,687.655
687.747,687.659
687.744,687.654
687.746,687.657
687.748,687.660
687.745,687.655
687.747,687.658
687.741,687.649
687.746,687.657
687.748,687.660
687.750,687.663
687.752,687.665
687.748,687.659
687.750,687.662
687.744,687.653
687.746,687.656
687.748,687.659
687.742,687.650
687.739,687.646
687.742,687.650
687.736,687.642
687.734,687.639
687.737,687.643
687.732,687.636
687.730,687.633
687.726,687.627
687.722,687.621
687.721,687.619
687.717,687.614
687.722,687.621
687.729,687.632
687.725,687.625
687.721,687.619
687.725,687.626
687.729,687.632
687.725,687.625
687.721,687.620
687.725,687.626
687.729,687.632
687.728,687.630
687.724,687.624
687.720,687.618
687.724,687.625
687.728,687.631
687.732,687.636
687.727,687.629
687.726,687.627
687.730,687.633
687.734,687.638
687.740,687.647
687.734,687.639
687.729,687.632
687.733,687.637
687.736,687.642
687.734,687.639
687.737,687.644
687.740,687.648
687.735,687.640
687.730,687.633
687.733,687.638
687.737,687.643
687.740,687.647
687.745,687.655
687.739,687.646
687.742,687.651
687.736,687.642
687.739,687.647
687.742,687.651
687.745,687.654
687.747,687.657
687.749,687.660
687.742,687.651
687.745,687.655
687.742,687.650
687.744,687.654
687.738,687.645
687.741,687.650
687.738,687.645
687.741,687.650
687.744,687.653
687.749,687.661
687.751,687.663
687.752,687.666
687.756,687.672
687.758,687.673
687.761,687.679
687.762,687.680
687.762,687.681
687.766,687.685
687.758,687.674
687.751,687.663
687.755,687.670
687.748,687.660
687.750,687.662
687.752,687.665
687.753,687.667
687.757,687.673
687.758,687.675
687.759,687.676
687.755,687.669
687.756,687.671
687.749,687.661
687.751,687.664
687.744,687.654
687.749,687.661
687.751,687.664
687.753,687.666
687.746,687.657
687.748,687.660
687.750,687.662
687.752,687.665
687.753,687.667
687.755,687.669
687.748,687.659
687.750,687.662
687.743,687.653
687.746,687.656
687.748,687.659
687.750,687.662
687.754,687.668
687.755,687.670
687.757,687.672
687.752,687.666
687.754,687.668
687.755,687.670
687.759,687.676
687.760,687.677
687.763,687.682
687.764,687.683
687.764,687.683
687.759,687.676
687.760,687.677
687.761,687.678
687.761,687.679
687.762,687.680
687.755,687.669
687.756,687.671
687.749,687.661
687.751,687.663
687.752,687.666
687.757,687.672
687.758,687.673
687.759,687.675
687.732,687.637
687.728,687.630
687.732,687.635
687.735,687.640
687.730,687.633
687.734,687.638
687.737,687.643
687.740,687.647
687.742,687.651
687.737,687.643
687.732,687.636
687.738,687.645
687.741,687.649
687.743,687.653
687.740,687.648
687.743,687.652
687.745,687.656
687.739,687.647
687.742,687.651
687.747,687.658
687.749,687.661
687.751,687.664
687.753,687.666
687.757,687.672
687.758,687.674
687.722,687.622
687.719,687.616
687.726,687.627
687.730,687.633
687.728,687.630
687.732,687.636
687.735,687.641
687.741,687.649
687.744,687.653
687.746,687.656
687.743,687.652
687.745,687.655
687.750,687.662
687.752,687.665
687.753,687.667
687.757,687.673
687.758,687.675
687.751,687.664
687.756,687.670
687.757,687.672
687.752,687.666
687.754,687.668
687.747,687.658
687.741,687.649
687.744,687.653
687.746,687.656
687.748,687.659
687.745,687.654
687.747,687.658
687.744,687.653
687.746,687.656
687.748,687.659
687.745,687.654
687.747,687.657
687.741,687.649
687.738,687.645
687.741,687.649
687.735,687.641
687.730,687.634
687.734,687.639
687.732,687.636
687.735,687.641
687.738,687.645
687.736,687.642
687.731,687.634
687.729,687.632
687.725,687.625
687.729,687.631
687.727,687.629
687.731,687.635
687.735,687.640
687.732,687.637
687.736,687.641
687.739,687.646
687.734,687.638
687.729,687.631
687.735,687.641
687.730,687.634
687.734,687.639
687.732,687.636
687.735,687.641
687.738,687.645
687.741,687.649
687.736,687.641
687.739,687.646
687.736,687.642
687.731,687.635
687.735,687.640
687.732,687.637
687.736,687.642
687.734,687.638
687.737,687.643
687.740,687.647
687.742,687.651
687.745,687.655
687.739,687.646
687.742,687.650
687.736,687.642
687.739,687.646
687.737,687.643
687.732,687.635
687.735,687.640
687.738,687.645
687.733,687.637
687.728,687.630
687.735,687.640
687.738,687.645
687.741,687.649
687.743,687.652
687.746,687.656
687.748,687.659
687.742,687.650
687.744,687.654
687.741,687.649
687.744,687.653
687.741,687.649
687.735,687.641
687.738,687.645
687.741,687.649
687.744,687.653
687.746,687.656
687.740,687.648
687.743,687.651
687.745,687.655
687.747,687.658
687.741,687.649
687.746,687.657
687.748,687.660
687.750,687.663
687.755,687.669
687.748,687.659
687.742,687.650
687.744,687.654
687.746,687.657
687.743,687.652
687.745,687.656
687.748,687.659
687.750,687.662
687.751,687.664
687.745,687.655
687.747,687.658
687.741,687.649
687.735,687.641
687.738,687.645
687.741,687.650
687.744,687.653
687.746,687.656
687.740,687.648
687.743,687.652
687.745,687.655
687.747,687.658
687.744,687.653
687.746,687.657
687.740,687.648
687.737,687.644
687.740,687.648
687.735,687.640
687.730,687.633
687.734,687.638
687.732,687.635
687.735,687.640
687.738,687.645
687.736,687.641
687.731,687.634
687.734,687.639
687.737,687.644
687.732,687.636
687.738,687.645
687.741,687.649
687.744,687.653
687.741,687.649
687.743,687.652
687.746,687.656
687.748,687.659
687.750,687.662
687.754,687.668
687.747,687.658
687.749,687.661
687.754,687.668
687.747,687.658
687.741,687.649
687.738,687.645
687.741,687.649
687.738,687.645
687.733,687.638
687.736,687.642
687.734,687.639
687.737,687.644
687.740,687.648
687.737,687.644
687.740,687.648
687.746,687.656
687.740,687.647
687.742,687.651
687.737,687.643
687.732,687.636
687.735,687.641
687.730,687.633
687.729,687.631
687.724,687.625
687.723,687.623
687.727,687.629
687.731,687.635
687.735,687.640
687.738,687.645
687.735,687.641
687.738,687.645
687.736,687.642
687.731,687.634
687.726,687.628
687.733,687.638
687.736,687.642
687.739,687.647
687.742,687.651
687.745,687.654
687.747,687.657
687.749,687.660
687.742,687.651
687.745,687.655
687.750,687.662
687.752,687.665
687.753,687.667
687.749,687.661
687.743,687.652
687.740,687.648
687.743,687.651
687.745,687.655
687.747,687.658
687.749,687.661
687.751,687.664
687.752,687.666
687.754,687.668
687.755,687.670
687.756,687.672
687.758,687.673
687.761,687.679
687.754,687.668
687.755,687.670
687.751,687.664
687.753,687.666
687.749,687.661
687.751,687.663
687.752,687.666
687.748,687.660
687.750,687.663
687.752,687.665
687.748,687.660
687.750,687.662
687.752,687.665
687.745,687.655
687.739,687.647
687.742,687.651
687.744,687.654
687.739,687.646
687.741,687.650
687.744,687.653
687.746,687.657
687.740,687.648
687.743,687.652
687.748,687.659
687.750,687.662
687.752,687.665
687.753,687.667
687.754,687.669
687.756,687.671
687.757,687.672
687.758,687.674
687.754,687.667
687.755,687.669
687.756,687.671
687.752,687.665
687.745,687.656
687.747,687.659
687.752,687.665
687.754,687.668
687.758,687.674
687.759,687.675
687.760,687.676
687.752,687.666
687.754,687.668
687.755,687.670
687.756,687.672
687.757,687.673
687.758,687.675
687.759,687.676
687.752,687.665
687.746,687.656
687.748,687.659
687.744,687.654
687.747,687.657
687.751,687.664
687.745,687.655
687.747,687.658
687.752,687.665
687.753,687.667
687.755,687.669
687.759,687.675
687.759,687.676
687.760,687.677
687.761,687.678
687.754,687.668
687.750,687.662
687.751,687.664
687.753,687.667
687.746,687.657
687.748,687.660
687.750,687.663
687.752,687.665
687.753,687.667
687.749,687.661
687.751,687.664
687.755,687.670
687.749,687.660
687.750,687.663
687.755,687.669
687.756,687.671
687.760,687.677
687.761,687.678
687.761,687.679
687.762,687.680
687.763,687.681
687.763,687.681
687.763,687.682
687.756,687.671
687.757,687.672
687.758,687.674
687.759,687.675
687.760,687.677
687.760,687.678
687.756,687.671
687.757,687.673
687.758,687.674
687.759,687.675
687.760,687.677
687.763,687.682
687.764,687.682
687.764,687.683
687.759,687.676
687.760,687.677
687.753,687.666
687.754,687.668
687.747,687.658
687.741,687.650
687.744,687.653
687.746,687.656
687.748,687.660
687.742,687.651
687.739,687.646
687.742,687.650
687.744,687.654
687.738,687.645
687.741,687.650
687.747,687.657
687.749,687.660
687.750,687.663
687.752,687.665
687.754,687.667
687.755,687.669
687.748,687.660
687.750,687.662
687.744,687.653
687.746,687.656
687.748,687.659
687.753,687.666
687.754,687.668
687.750,687.662
687.752,687.665
687.753,687.667
687.749,687.661
687.751,687.664
687.753,687.666
687.757,687.672
687.758,687.674
687.759,687.675
687.752,687.665
687.745,687.655
687.750,687.662
687.752,687.665
687.745,687.655
687.750,687.662
687.752,687.665
687.753,687.667
687.755,687.669
687.756,687.671
687.757,687.673
687.758,687.674
687.751,687.664
687.745,687.654
687.747,687.658
687.749,687.661
687.751,687.663
687.752,687.666
687.754,687.668
687.755,687.670
687.756,687.672
687.757,687.673
687.758,687.675
687.759,687.676
687.755,687.669
687.756,687.671
687.752,687.665
687.753,687.667
687.747,687.657
687.743,687.653
687.738,687.644
687.732,687.637
687.730,687.634
687.734,687.639
687.740,687.648
687.735,687.640
687.730,687.633
687.728,687.630
687.732,687.636
687.735,687.641
687.741,687.649
687.744,687.653
687.741,687.649
687.743,687.652
687.746,687.656
687.742,687.651
687.753,687.666
687.754,687.668
687.758,687.674
687.751,687.664
687.747,687.658
687.741,687.650
687.744,687.653
687.749,687.661
687.743,687.651
687.745,687.655
687.750,687.662
687.752,687.665
687.756,687.671
687.749,687.661
687.743,687.652
687.748,687.659
687.750,687.662
687.743,687.653
687.746,687.656
687.748,687.659
687.744,687.654
687.747,687.657
687.749,687.660
687.745,687.655
687.747,687.658
687.738,687.645
687.741,687.649
687.744,687.653
687.738,687.645
687.741,687.649
687.735,687.641
687.733,687.638
687.736,687.642
687.742,687.651
687.737,687.643
687.740,687.647
687.742,687.651
687.745,687.654
687.747,687.658
687.749,687.661
687.751,687.663
687.747,687.658
687.749,687.661
687.743,687.652
687.737,687.643
687.740,687.648
687.737,687.644
687.740,687.648
687.743,687.652
687.737,687.643
687.748,687.660
687.750,687.662
687.752,687.665
687.753,687.667
687.755,687.669
687.756,687.671
687.752,687.665
687.753,687.667
687.755,687.669
687.759,687.675
687.759,687.676
687.755,687.670
687.756,687.671
687.757,687.673
687.758,687.674
687.759,687.676
687.763,687.681
687.763,687.682
687.766,687.686
687.766,687.686
687.767,687.687
687.767,687.687
687.767,687.687
687.770,687.691
687.769,687.691
687.769,687.691
687.772,687.694
687.772,687.694
687.779,687.705
687.778,687.703
687.780,687.706
687.779,687.704
687.778,687.703
687.779,687.705
687.778,687.704
687.772,687.695
687.772,687.694
687.763,687.682
687.764,687.682
687.764,687.683
687.767,687.687
687.767,687.687
687.767,687.688
687.767,687.688
687.775,687.699
687.769,687.691
687.769,687.690
687.769,687.690
687.772,687.694
687.771,687.693
687.771,687.693
687.771,687.693
687.770,687.692
687.770,687.692
687.770,687.691
687.764,687.683
687.765,687.684
687.765,687.684
687.768,687.689
687.768,687.689
687.768,687.689
687.768,687.689
687.768,687.689
687.768,687.689
687.768,687.689
687.768,687.689
687.768,687.689
687.768,687.689
687.768,687.689
687.768,687.689
687.771,687.693
687.762,687.681
687.763,687.681
687.766,687.686
687.766,687.686
687.758,687.675
687.759,687.676
687.760,687.677
687.761,687.678
687.762,687.679
687.762,687.680
687.763,687.681
687.755,687.670
687.756,687.672
687.757,687.673
687.753,687.667
687.755,687.669
687.756,687.671
687.760,687.677
687.760,687.678
687.761,687.679
687.765,687.684
687.765,687.684
687.760,687.677
687.761,687.678
687.761,687.679
687.757,687.672
687.758,687.673
687.759,687.675
687.762,687.680
687.763,687.681
687.763,687.682
687.764,687.682
687.759,687.675
687.760,687.676
687.760,687.677
687.764,687.682
687.764,687.683
687.765,687.684
687.768,687.688
687.768,687.688
687.762,687.680
687.763,687.681
687.758,687.674
687.759,687.675
687.760,687.677
687.755,687.670
687.756,687.672
687.760,687.677
687.761,687.678
687.762,687.679
687.765,687.684
687.765,687.685
687.765,687.685
687.760,687.677
687.761,687.679
687.762,687.679
687.762,687.680
687.766,687.685
687.766,687.685
687.766,687.686
687.769,687.690
687.769,687.690
687.769,687.690
687.763,687.682
687.756,687.671
687.757,687.672
687.758,687.674
687.759,687.675
687.760,687.676
687.760,687.678
687.764,687.683
687.764,687.683
687.767,687.688
687.767,687.688
687.767,687.688
687.770,687.692
687.762,687.680
687.754,687.669
687.756,687.671
687.757,687.672
687.758,687.674
687.751,687.664
687.755,687.670
687.756,687.672
687.749,687.661
687.743,687.652
687.745,687.656
687.748,687.659
687.742,687.650
687.744,687.654
687.749,687.661
687.751,687.663
687.752,687.666
687.749,687.660
687.750,687.663
687.752,687.665
687.748,687.660
687.750,687.662
687.752,687.665
687.745,687.655
687.750,687.662
687.744,687.653
687.746,687.656
687.740,687.648
687.743,687.652
687.745,687.655
687.747,687.658
687.749,687.661
687.746,687.656
687.748,687.659
687.750,687.662
687.754,687.668
687.747,687.658
687.749,687.661
687.751,687.664
687.753,687.666
687.754,687.668
687.755,687.670
687.757,687.672
687.758,687.673
687.759,687.675
687.762,687.680
687.763,687.681
687.758,687.674
687.759,687.675
687.760,687.677
687.763,687.682
687.764,687.682
687.756,687.671
687.760,687.677
687.761,687.678
687.761,687.679
687.754,687.668
687.755,687.670
687.759,687.676
687.760,687.677
687.753,687.666
687.749,687.661
687.743,687.651
687.740,687.647
687.742,687.651
687.737,687.643
687.734,687.639
687.737,687.644
687.732,687.636
687.730,687.634
687.734,687.639
687.737,687.644
687.740,687.648
687.743,687.652
687.740,687.647
687.742,687.651
687.745,687.655
687.747,687.658
687.749,687.661
687.751,687.663
687.752,687.666
687.754,687.668
687.755,687.670
687.756,687.672
687.749,687.661
687.751,687.664
687.753,687.666
687.749,687.661
687.751,687.663
687.747,687.658
687.749,687.661
687.751,687.663
687.747,687.658
687.749,687.661
687.751,687.663
687.755,687.670
687.759,687.676
687.752,687.665
687.753,687.667
687.749,687.661
687.751,687.664
687.753,687.666
687.754,687.668
687.755,687.670
687.751,687.664
687.753,687.667
687.746,687.657
687.748,687.660
687.750,687.663
687.755,687.669
687.748,687.659
687.742,687.650
687.739,687.646
687.742,687.650
687.747,687.658
687.749,687.661
687.751,687.663
687.744,687.654
687.738,687.645
687.741,687.650
687.738,687.645
687.741,687.650
687.744,687.653
687.746,687.656
687.748,687.660
687.753,687.666
687.754,687.668
687.755,687.670
687.751,687.664
687.745,687.655
687.742,687.650
687.744,687.654
687.738,687.645
687.736,687.642
687.739,687.646
687.734,687.638
687.729,687.631
687.733,687.637
687.731,687.634
687.734,687.639
687.729,687.632
687.733,687.637
687.736,687.642
687.734,687.639
687.737,687.644
687.732,687.636
687.736,687.641
687.739,687.646
687.744,687.654
687.738,687.645
687.741,687.649
687.744,687.653
687.746,687.656
687.748,687.659
687.753,687.666
687.754,687.668
687.750,687.662
687.744,687.653
687.746,687.656
687.748,687.659
687.742,687.650
687.744,687.654
687.747,687.657
687.749,687.660
687.742,687.651
687.737,687.643
687.732,687.635
687.735,687.640
687.738,687.645
687.741,687.649
687.744,687.653
687.749,687.660
687.750,687.663
687.752,687.665
687.754,687.668
687.747,687.658
687.749,687.661
687.745,687.656
687.747,687.659
687.749,687.661
687.743,687.652
687.737,687.644
687.735,687.640
687.738,687.645
687.733,687.637
687.736,687.642
687.739,687.647
687.742,687.651
687.744,687.654
687.747,687.657
687.741,687.648
687.743,687.652
687.737,687.644
687.732,687.636
687.736,687.641
687.739,687.646
687.741,687.650
687.736,687.642
687.739,687.646
687.736,687.642
687.739,687.647
687.742,687.651
687.736,687.642
687.731,687.635
687.735,687.640
687.733,687.637
687.736,687.642
687.731,687.635
687.734,687.640
687.730,687.632
687.733,687.638
687.728,687.631
687.727,687.628
687.731,687.634
687.729,687.632
687.725,687.625
687.729,687.631
687.724,687.625
687.731,687.635
687.727,687.628
687.731,687.634
687.726,687.627
687.722,687.621
687.729,687.632
687.733,687.637
687.728,687.630
687.724,687.624
687.720,687.618
687.716,687.613
687.721,687.620
687.718,687.615
687.714,687.610
687.714,687.610
687.719,687.617
687.716,687.612
687.713,687.608
687.718,687.615
687.715,687.611
687.714,687.610
687.711,687.606
687.709,687.602
687.717,687.614
687.714,687.609
687.711,687.605
687.716,687.613
687.716,687.612
687.713,687.608
687.713,687.608
687.718,687.615
687.723,687.622
687.727,687.629
687.731,687.634
687.726,687.628
687.730,687.633
687.729,687.631
687.732,687.636
687.738,687.645
687.733,687.638
687.736,687.642
687.739,687.647
687.742,687.651
687.745,687.654
687.741,687.650
687.744,687.653
687.738,687.645
687.741,687.649
687.744,687.653
687.741,687.648
687.743,687.652
687.745,687.656
687.742,687.651
687.745,687.655
687.742,687.650
687.744,687.654
687.738,687.645
687.736,687.641
687.739,687.646
687.742,687.650
687.739,687.646
687.734,687.638
687.731,687.635
687.735,687.640
687.738,687.645
687.741,687.649
687.743,687.653
687.748,687.660
687.750,687.663
687.752,687.665
687.753,687.667
687.747,687.658
687.744,687.653
687.746,687.656
687.748,687.659
687.745,687.654
687.747,687.657
687.749,687.660
687.742,687.651
687.737,687.643
687.740,687.647
687.737,687.644
687.740,687.648
687.743,687.652
687.740,687.647
687.739,687.646
687.741,687.650
687.739,687.646
687.741,687.650
687.736,687.642
687.734,687.638
687.737,687.643
687.740,687.647
687.742,687.651
687.737,687.643
687.743,687.651
687.737,687.643
687.732,687.636
687.730,687.633
687.734,687.638
687.737,687.643
687.740,687.647
687.742,687.651
687.745,687.655
687.747,687.658
687.749,687.661
687.743,687.652
687.740,687.647
687.742,687.651
687.737,687.643
687.710,687.603
687.715,687.611
687.715,687.611
687.712,687.606
687.709,687.602
687.707,687.599
687.704,687.596
687.702,687.593
687.703,687.594
687.701,687.591
687.700,687.589
687.701,687.590
687.699,687.588
687.706,687.598
687.712,687.606
687.709,687.602
687.709,687.603
687.707,687.599
687.705,687.596
687.711,687.605
687.716,687.613
687.713,687.608
687.718,687.616
687.723,687.623
687.722,687.621
687.721,687.620
687.717,687.615
687.725,687.626
687.721,687.620
687.720,687.619
687.717,687.613
687.721,687.621
687.729,687.631
687.732,687.636
687.728,687.630
687.724,687.624
687.720,687.618
687.716,687.613
687.716,687.612
687.721,687.619
687.717,687.614
687.722,687.621
687.718,687.616
687.723,687.623
687.719,687.617
687.724,687.624
687.728,687.630
687.732,687.636
687.727,687.629
687.731,687.635
687.729,687.632
687.725,687.625
687.729,687.631
687.733,687.637
687.728,687.630
687.724,687.624
687.723,687.622
687.719,687.617
687.724,687.624
687.728,687.630
687.726,687.627
687.730,687.633
687.736,687.642
687.739,687.647
687.742,687.651
687.737,687.643
687.740,687.647
687.742,687.651
687.745,687.654
687.742,687.650
687.744,687.654
687.741,687.649
687.744,687.653
687.738,687.644
687.735,687.641
687.738,687.645
687.733,687.638
687.728,687.631
687.724,687.625
687.728,687.631
687.724,687.624
687.723,687.623
687.727,687.629
687.723,687.623
687.722,687.621
687.718,687.616
687.715,687.611
687.720,687.618
687.716,687.613
687.713,687.609
687.721,687.620
687.726,687.627
687.722,687.621
687.718,687.615
687.715,687.611
687.712,687.606
687.712,687.606
687.717,687.614
687.722,687.621
687.718,687.616
687.723,687.623
687.719,687.617
687.718,687.616
687.723,687.623
687.722,687.621
687.726,687.628
687.730,687.633
687.734,687.639
687.729,687.632
687.725,687.625
687.721,687.619
687.717,687.614
687.714,687.610
687.714,687.609
687.711,687.605
687.719,687.617
687.716,687.612
687.721,687.619
687.720,687.618
687.724,687.625
687.720,687.619
687.725,687.626
687.721,687.620
687.717,687.614
687.722,687.622
687.727,687.628
687.722,687.622
687.727,687.628
687.723,687.622
687.730,687.632
687.733,687.638
687.737,687.643
687.742,687.651
687.745,687.655
687.747,687.658
687.741,687.649
687.743,687.653
687.746,687.656
687.740,687.647
687.742,687.651
687.737,687.643
687.732,687.636
687.727,687.629
687.726,687.627
687.730,687.633
687.725,687.626
687.721,687.620
687.726,687.627
687.722,687.621
687.718,687.616
687.715,687.611
687.712,687.606
687.712,687.606
687.709,687.602
687.715,687.611
687.714,687.610
687.719,687.618
687.716,687.613
687.716,687.612
687.713,687.608
687.718,687.615
687.723,687.622
687.727,687.629
687.723,687.622
687.722,687.621
687.726,687.627
687.730,687.633
687.728,687.631
687.724,687.624
687.728,687.630
687.724,687.624
687.720,687.619
687.725,687.625
687.723,687.623
687.720,687.618
687.716,687.613
687.713,687.608
687.710,687.604
687.708,687.600
687.708,687.601
687.714,687.609
687.711,687.605
687.716,687.613
687.716,687.612
687.713,687.608
687.710,687.604
687.707,687.600
687.705,687.597
687.711,687.605
687.711,687.605
687.709,687.602
687.706,687.598
687.712,687.607
687.709,687.603
687.707,687.599
687.705,687.596
687.713,687.609
687.719,687.616
687.715,687.611
687.715,687.611
687.712,687.606
687.717,687.614
687.722,687.621
687.718,687.616
687.715,687.611
687.715,687.611
687.712,687.606
687.717,687.614
687.714,687.609
687.719,687.617
687.724,687.624
687.728,687.630
687.724,687.624
687.728,687.630
687.724,687.624
687.720,687.618
687.716,687.613
687.713,687.608
687.713,687.608
687.718,687.616
687.718,687.615
687.714,687.610
687.711,687.606
687.717,687.614
687.716,687.613
687.721,687.620
687.718,687.615
687.714,687.610
687.711,687.606
687.717,687.614
687.722,687.621
687.721,687.619
687.717,687.614
687.714,687.609
687.714,687.609
687.711,687.605
687.708,687.601
687.709,687.602
687.706,687.598
687.712,687.607
687.712,687.607
687.709,687.603
687.707,687.599
687.705,687.596
687.705,687.597
687.711,687.605
687.711,687.606
687.709,687.602
687.714,687.610
687.719,687.617
687.711,687.605
687.708,687.601
687.706,687.597
687.706,687.598
687.704,687.595
687.702,687.592
687.700,687.590
687.699,687.587
687.697,687.585
687.696,687.583
687.697,687.585
687.696,687.583
687.703,687.593
687.701,687.591
687.699,687.588
687.698,687.586
687.699,687.588
687.698,687.586
687.696,687.584
687.695,687.582
687.694,687.580
687.693,687.579
687.692,687.577
687.694,687.580
687.701,687.590
687.699,687.588
687.698,687.586
687.707,687.600
687.713,687.608
687.710,687.604
687.708,687.600
687.713,687.609
687.710,687.604
687.708,687.601
687.706,687.597
687.711,687.606
687.711,687.606
687.709,687.602
687.706,687.598
687.704,687.595
687.705,687.596
687.703,687.593
687.709,687.602
687.715,687.610
687.712,687.606
687.709,687.602
687.709,687.603
687.707,687.599
687.705,687.596
687.703,687.593
687.703,687.594
687.702,687.591
687.700,687.589
687.701,687.591
687.699,687.588
687.698,687.586
687.696,687.584
687.698,687.586
687.696,687.584
687.695,687.582
687.694,687.580
687.693,687.579
687.692,687.578
687.691,687.576
687.693,687.579
687.692,687.578
687.691,687.577
687.691,687.575
687.690,687.574
687.689,687.574
687.689,687.573
687.691,687.576
687.690,687.575
687.690,687.574
687.689,687.573
687.688,687.572
687.691,687.576
687.690,687.574
687.689,687.574
687.683,687.565
687.683,687.565
687.683,687.565
687.683,687.565
687.686,687.569
687.686,687.568
687.686,687.568
687.688,687.572
687.688,687.571
687.687,687.570
687.687,687.570
687.695,687.581
687.688,687.572
687.688,687.571
687.687,687.570
687.687,687.570
687.687,687.569
687.686,687.569
687.686,687.569
687.686,687.568
687.685,687.568
687.685,687.568
687.685,687.567
687.685,687.567
687.685,687.567
687.685,687.567
687.685,687.567
687.679,687.559
687.680,687.559
687.680,687.560
687.680,687.560
687.675,687.553
687.676,687.554
687.677,687.555
687.680,687.560
687.680,687.560
687.681,687.561
687.681,687.561
687.681,687.562
687.684,687.566
687.684,687.566
687.684,687.566
687.684,687.566
687.687,687.569
687.686,687.569
687.686,687.569
687.686,687.568
687.680,687.560
687.680,687.561
687.673,687.549
687.668,687.543
687.670,687.545
687.671,687.547
687.672,687.548
687.676,687.554
687.677,687.555
687.677,687.556
687.681,687.561
687.681,687.561
687.681,687.561
687.681,687.562
687.682,687.562
687.682,687.562
687.677,687.555
687.685,687.567
687.685,687.567
687.680,687.559
687.688,687.571
687.688,687.571
687.687,687.570
687.687,687.570
687.689,687.573
687.681,687.561
687.681,687.561
687.684,687.565
687.684,687.565
687.684,687.565
687.692,687.577
687.694,687.580
687.693,687.578
687.692,687.577
687.691,687.576
687.690,687.575
687.698,687.586
687.704,687.595
687.705,687.596
687.703,687.593
687.701,687.591
687.699,687.588
687.701,687.590
687.699,687.588
687.697,687.585
687.699,687.587
687.689,687.573
687.689,687.573
687.688,687.572
687.688,687.571
687.687,687.571
687.690,687.574
687.689,687.573
687.689,687.572
687.691,687.576
687.690,687.574
687.689,687.574
687.697,687.584
687.690,687.575
687.690,687.574
687.689,687.573
687.691,687.576
687.690,687.575
687.690,687.574
687.689,687.573
687.683,687.565
687.683,687.565
687.683,687.565
687.683,687.565
687.683,687.565
687.683,687.565
687.683,687.565
687.686,687.569
687.686,687.568
687.686,687.568
687.685,687.568
687.688,687.571
687.687,687.571
687.687,687.570
687.681,687.562
687.682,687.562
687.674,687.551
687.675,687.552
687.667,687.541
687.669,687.544
687.670,687.546
687.664,687.536
687.657,687.527
687.660,687.530
687.657,687.526
687.659,687.529
687.662,687.533
687.664,687.536
687.657,687.527
687.663,687.534
687.657,687.526
687.659,687.529
687.661,687.533
687.664,687.536
687.648,687.513
687.651,687.518
687.655,687.523
687.657,687.527
687.660,687.530
687.654,687.522
687.649,687.514
687.647,687.511
687.650,687.516
687.653,687.521
687.656,687.525
687.651,687.517
687.649,687.514
687.655,687.523
687.657,687.527
687.660,687.530
687.662,687.534
687.667,687.541
687.660,687.531
687.655,687.523
687.657,687.527
687.652,687.518
687.649,687.515
687.653,687.520
687.656,687.524
687.624,687.477
687.624,687.478
687.622,687.474
687.620,687.471
687.620,687.472
687.621,687.473
687.622,687.474
687.627,687.483
687.625,687.479
687.630,687.487
687.627,687.483
687.627,687.483
687.633,687.490
687.629,687.486
687.635,687.493
687.639,687.500
687.643,687.506
687.639,687.500
687.635,687.494
687.640,687.501
687.636,687.495
687.632,687.490
687.629,687.486
687.626,687.481
687.624,687.478
687.637,687.496
687.633,687.491
687.630,687.486
687.635,687.494
687.631,687.489
687.631,687.488
687.631,687.488
687.622,687.475
687.628,687.484
687.625,687.480
687.623,687.476
687.629,687.485
687.626,687.481
687.626,687.481
687.618,687.469
687.619,687.470
687.617,687.468
687.615,687.465
687.614,687.463
687.612,687.461
687.611,687.459
687.610,687.457
687.612,687.460
687.605,687.450
687.607,687.453
687.606,687.452
687.606,687.451
687.605,687.450
687.604,687.449
687.604,687.448
687.603,687.448
687.603,687.447
687.603,687.447
687.605,687.450
687.604,687.449
687.604,687.448
687.603,687.448
687.603,687.447
687.603,687.447
687.602,687.446
687.610,687.457
687.604,687.448
687.606,687.451
687.605,687.450
687.605,687.449
687.612,687.460
687.611,687.459
687.618,687.469
687.616,687.466
687.614,687.464
687.605,687.450
687.604,687.449
687.604,687.448
687.603,687.448
687.603,687.447
687.603,687.446
687.602,687.446
687.602,687.445
687.602,687.445
687.604,687.449
687.598,687.440
687.606,687.452
687.606,687.451
687.605,687.450
687.604,687.449
687.604,687.448
687.603,687.448
687.598,687.439
687.598,687.440
687.598,687.440
687.590,687.428
687.591,687.429
687.592,687.430
687.592,687.431
687.593,687.432
687.594,687.433
687.594,687.434
687.595,687.435
687.595,687.435
687.598,687.440
687.601,687.444
687.603,687.448
687.598,687.439
687.598,687.439
687.606,687.451
687.605,687.450
687.597,687.438
687.597,687.438
687.597,687.438
687.597,687.439
687.597,687.439
687.590,687.427
687.590,687.429
687.591,687.430
687.595,687.435
687.598,687.439
687.601,687.444
687.603,687.447
687.595,687.435
687.595,687.436
687.596,687.436
687.596,687.437
687.588,687.425
687.589,687.427
687.590,687.428
687.591,687.429
687.592,687.430
687.584,687.420
687.586,687.422
687.587,687.424
687.588,687.425
687.589,687.427
687.590,687.428
687.591,687.430
687.584,687.419
687.585,687.421
687.586,687.423
687.588,687.425
687.589,687.426
687.590,687.428
687.591,687.429
687.591,687.430
687.592,687.431
687.593,687.432
687.593,687.433
687.594,687.434
687.594,687.435
687.595,687.435
687.595,687.436
687.596,687.436
687.596,687.437
687.596,687.437
687.596,687.438
687.599,687.442
687.594,687.434
687.597,687.439
687.597,687.439
687.598,687.439
687.600,687.443
687.603,687.447
687.603,687.446
687.602,687.446
687.602,687.446
687.602,687.445
687.601,687.445
687.601,687.444
687.601,687.444
687.601,687.444
687.601,687.444
687.600,687.443
687.592,687.431
687.588,687.425
687.581,687.414
687.582,687.417
687.584,687.419
687.577,687.410
687.571,687.401
687.574,687.405
687.568,687.396
687.571,687.401
687.574,687.404
687.576,687.408
687.570,687.399
687.573,687.403
687.576,687.407
687.570,687.399
687.565,687.391
687.568,687.396
687.571,687.400
687.565,687.392
687.569,687.397
687.572,687.401
687.574,687.405
687.577,687.408
687.579,687.411
687.573,687.403
687.575,687.406
687.577,687.409
687.579,687.413
687.581,687.415
687.583,687.418
687.576,687.408
687.579,687.411
687.575,687.406
687.572,687.402
687.577,687.410
687.579,687.413
687.581,687.415
687.586,687.422
687.582,687.416
687.578,687.410
687.572,687.402
687.574,687.405
687.569,687.397
687.572,687.401
687.574,687.405
687.577,687.409
687.579,687.412
687.581,687.414
687.582,687.417
687.587,687.423
687.583,687.417
687.587,687.423
687.591,687.429
687.586,687.422
687.590,687.428
687.583,687.418
687.576,687.408
687.570,687.399
687.573,687.403
687.568,687.395
687.571,687.400
687.573,687.404
687.576,687.407
687.578,687.410
687.580,687.413
687.582,687.416
687.583,687.418
687.585,687.421
687.586,687.423
687.587,687.424
687.581,687.414
687.582,687.417
687.584,687.419
687.577,687.409
687.574,687.405
687.571,687.400
687.568,687.396
687.566,687.393
687.569,687.397
687.575,687.405
687.580,687.413
687.584,687.419
687.578,687.410
687.580,687.413
687.581,687.415
687.583,687.418
687.585,687.420
687.586,687.422
687.579,687.412
687.573,687.403
687.576,687.407
687.578,687.410
687.580,687.413
687.582,687.416
687.586,687.422
687.590,687.428
687.585,687.421
687.579,687.412
687.581,687.414
687.582,687.417
687.576,687.408
687.578,687.411
687.572,687.402
687.567,687.394
687.564,687.391
687.562,687.388
687.560,687.385
687.564,687.390
687.559,687.383
687.563,687.389
687.559,687.382
687.562,687.388
687.558,687.381
687.554,687.375
687.558,687.381
687.562,687.387
687.565,687.392
687.561,687.385
687.564,687.390
687.560,687.383
687.555,687.377
687.559,687.383
687.563,687.389
687.567,687.394
687.570,687.398
687.564,687.391
687.562,687.388
687.561,687.385
687.559,687.382
687.563,687.388
687.558,687.381
687.562,687.387
687.566,687.392
687.569,687.397
687.572,687.401
687.569,687.397
687.566,687.393
687.564,687.390
687.559,687.383
687.558,687.381
687.554,687.375
687.550,687.369
687.547,687.365
687.544,687.360
687.544,687.360
687.533,687.344
687.539,687.353
687.537,687.350
687.535,687.347
687.527,687.336
687.526,687.335
687.533,687.345
687.531,687.342
687.530,687.340
687.528,687.338
687.527,687.336
687.526,687.334
687.525,687.332
687.532,687.343
687.530,687.340
687.537,687.350
687.543,687.359
687.540,687.355
687.538,687.351
687.535,687.348
687.541,687.357
687.547,687.365
687.552,687.372
687.548,687.367
687.553,687.374
687.549,687.369
687.549,687.368
687.548,687.367
687.553,687.374
687.557,687.380
687.553,687.374
687.558,687.381
687.554,687.375
687.550,687.369
687.549,687.368
687.549,687.367
687.553,687.374
687.550,687.369
687.546,687.364
687.551,687.372
687.556,687.378
687.555,687.376
687.554,687.375
687.550,687.369
687.555,687.376
687.551,687.371
687.555,687.377
687.551,687.372
687.548,687.367
687.547,687.366
687.544,687.361
687.542,687.357
687.531,687.342
687.529,687.339
687.528,687.337
687.527,687.335
687.534,687.346
687.532,687.343
687.538,687.352
687.544,687.361
687.541,687.357
687.539,687.353
687.536,687.350
687.534,687.346
687.532,687.344
687.531,687.341
687.529,687.339
687.520,687.325
687.519,687.325
687.522,687.328
687.521,687.327
687.512,687.314
687.512,687.315
687.515,687.319
687.515,687.319
687.515,687.319
687.515,687.318
687.515,687.318
687.515,687.318
687.515,687.318
687.515,687.318
687.515,687.318
687.515,687.318
687.515,687.318
687.518,687.322
687.517,687.322
687.517,687.321
687.517,687.321
687.517,687.321
687.516,687.320
687.516,687.320
687.508,687.308
687.509,687.309
687.509,687.310
687.512,687.314
687.513,687.315
687.513,687.315
687.516,687.319
687.516,687.319
687.515,687.319
687.515,687.319
687.515,687.319
687.515,687.319
687.515,687.319
687.515,687.318
687.523,687.330
687.530,687.341
687.529,687.338
687.535,687.348
687.533,687.345
687.532,687.343
687.533,687.344
687.531,687.342
687.529,687.339
687.523,687.329
687.525,687.332
687.524,687.331
687.531,687.341
687.529,687.339
687.528,687.337
687.527,687.335
687.525,687.333
687.524,687.332
687.531,687.342
687.538,687.352
687.536,687.348
687.534,687.346
687.532,687.343
687.530,687.340
687.529,687.338
687.527,687.336
687.518,687.323
687.518,687.322
687.520,687.326
687.522,687.329
687.522,687.328
687.521,687.327
687.520,687.326
687.512,687.313
687.512,687.314
687.512,687.314
687.512,687.315
687.513,687.315
687.513,687.315
687.516,687.319
687.516,687.319
687.507,687.307
687.503,687.300
687.504,687.302
687.505,687.304
687.514,687.317
687.514,687.317
687.514,687.317
687.514,687.317
687.501,687.298
687.503,687.300
687.504,687.302
687.497,687.292
687.490,687.282
687.485,687.274
687.488,687.278
687.490,687.282
687.492,687.285
687.489,687.280
687.492,687.284
687.494,687.287
687.496,687.290
687.498,687.293
687.499,687.295
687.501,687.297
687.502,687.299
687.503,687.301
687.507,687.307
687.508,687.308
687.500,687.297
687.502,687.299
687.503,687.301
687.504,687.302
687.497,687.292
687.481,687.269
687.476,687.261
687.472,687.255
687.468,687.249
687.464,687.244
687.461,687.239
687.458,687.235
687.455,687.231
687.453,687.227
687.451,687.224
687.449,687.221
687.450,687.223
687.448,687.220
687.446,687.217
687.445,687.215
687.443,687.213
687.442,687.211
687.441,687.210
687.440,687.208
687.439,687.207
687.438,687.205
687.437,687.204
687.437,687.203
687.436,687.203
687.435,687.202
687.435,687.201
687.434,687.200
687.434,687.200
687.442,687.211
687.441,687.209
687.440,687.208
687.439,687.207
687.433,687.198
687.432,687.197
687.432,687.197
687.432,687.197
687.432,687.196
687.440,687.208
687.439,687.206
687.438,687.205
687.437,687.204
687.436,687.203
687.436,687.202
687.435,687.202
687.435,687.201
687.437,687.204
687.436,687.203
687.436,687.202
687.435,687.201
687.435,687.201
687.437,687.204
687.436,687.203
687.436,687.202
687.443,687.213
687.442,687.211
687.441,687.210
687.442,687.212
687.441,687.210
687.440,687.209
687.447,687.219
687.448,687.221
687.447,687.218
687.453,687.228
687.451,687.224
687.449,687.221
687.447,687.219
687.454,687.228
687.451,687.225
687.449,687.222
687.447,687.219
687.446,687.217
687.444,687.215
687.443,687.213
687.450,687.223
687.456,687.232
687.453,687.228
687.451,687.225
687.449,687.222
687.447,687.219
687.446,687.217
687.452,687.226
687.450,687.223
687.448,687.220
687.447,687.218
687.445,687.216
687.444,687.214
687.442,687.212
687.449,687.222
687.455,687.231
687.453,687.227
687.451,687.224
687.449,687.221
687.450,687.223
687.448,687.220
687.446,687.217
687.447,687.219
687.446,687.217
687.444,687.215
687.443,687.213
687.442,687.211
687.441,687.209
687.442,687.212
687.441,687.210
687.448,687.220
687.446,687.218
687.440,687.208
687.439,687.206
687.438,687.205
687.437,687.204
687.436,687.203
687.430,687.194
687.430,687.194
687.430,687.194
687.438,687.206
687.438,687.205
687.437,687.204
687.436,687.203
687.436,687.202
687.435,687.201
687.435,687.200
687.434,687.200
687.434,687.199
687.433,687.199
687.433,687.198
687.433,687.198
687.432,687.197
687.440,687.209
687.439,687.207
687.441,687.210
687.440,687.209
687.439,687.207
687.438,687.206
687.438,687.205
687.440,687.208
687.439,687.206
687.438,687.205
687.437,687.204
687.436,687.203
687.436,687.202
687.435,687.201
687.435,687.201
687.434,687.200
687.434,687.199
687.434,687.199
687.433,687.199
687.433,687.198
687.433,687.198
687.432,687.197
687.432,687.197
687.432,687.197
687.432,687.196
687.432,687.196
687.432,687.196
687.431,687.196
687.439,687.207
687.438,687.206
687.440,687.209
687.447,687.219
687.446,687.217
687.444,687.215
687.443,687.213
687.450,687.223
687.448,687.220
687.446,687.217
687.445,687.215
687.443,687.213
687.442,687.211
687.441,687.210
687.440,687.208
687.439,687.207
687.438,687.205
687.445,687.216
687.438,687.206
687.438,687.205
687.437,687.204
687.436,687.203
687.436,687.202
687.430,687.194
687.430,687.194
687.430,687.194
687.430,687.194
687.430,687.194
687.433,687.198
687.432,687.197
687.432,687.197
687.432,687.197
687.432,687.196
687.432,687.196
687.431,687.196
687.431,687.196
687.431,687.195
687.431,687.195
687.431,687.195
687.431,687.195
687.431,687.195
687.425,687.187
687.426,687.188
687.426,687.188
687.427,687.189
687.427,687.189
687.427,687.190
687.427,687.190
687.428,687.190
687.428,687.191
687.436,687.203
687.436,687.202
687.435,687.201
687.435,687.200
687.434,687.200
687.434,687.199
687.433,687.199
687.433,687.198
687.427,687.190
687.428,687.190
687.428,687.191
687.428,687.191
687.428,687.191
687.431,687.195
687.431,687.195
687.431,687.195
687.431,687.195
687.431,687.195
687.431,687.195
687.431,687.195
687.431,687.195
687.431,687.195
687.430,687.194
687.430,687.194
687.430,687.194
687.430,687.194
687.430,687.194
687.433,687.198
687.433,687.198
687.432,687.197
687.432,687.197
687.435,687.201
687.434,687.200
687.434,687.199
687.434,687.199
687.433,687.199
687.433,687.198
687.433,687.198
687.432,687.197
687.435,687.201
687.434,687.200
687.434,687.200
687.436,687.203
687.436,687.202
687.430,687.194
687.430,687.194
687.430,687.194
687.430,687.194
687.430,687.194
687.430,687.194
687.430,687.194
687.433,687.198
687.432,687.197
687.432,687.197
687.432,687.197
687.432,687.196
687.432,687.196
687.431,687.196
687.431,687.196
687.431,687.195
687.431,687.195
687.431,687.195
687.431,687.195
687.431,687.195
687.431,687.195
687.425,687.187
687.426,687.188
687.426,687.188
687.427,687.189
687.427,687.189
687.427,687.190
687.427,687.190
687.428,687.190
687.436,687.202
687.435,687.202
687.435,687.201
687.434,687.200
687.434,687.200
687.434,687.199
687.433,687.199
687.433,687.198
687.433,687.198
687.432,687.197
687.432,687.197
687.432,687.197
687.432,687.196
687.432,687.196
687.432,687.196
687.431,687.196
687.431,687.196
687.431,687.195
687.431,687.195
687.431,687.195
687.431,687.195
687.431,687.195
687.431,687.195
687.431,687.195
687.431,687.195
687.431,687.195
687.430,687.194
687.433,687.198
687.433,687.198
687.433,687.198
687.432,687.197
687.432,687.197
687.432,687.197
687.432,687.196
687.432,687.196
687.431,687.196
687.431,687.196
687.431,687.195
687.431,687.195
687.431,687.195
687.431,687.195
687.431,687.195
687.431,687.195
687.431,687.195
687.425,687.187
687.426,687.188
687.429,687.192
687.429,687.192
687.429,687.192
687.424,687.185
687.424,687.186
687.425,687.186
687.425,687.187
687.426,687.188
687.429,687.192
687.429,687.193
687.429,687.193
687.429,687.193
687.432,687.197
687.432,687.196
687.432,687.196
687.432,687.196
687.431,687.196
687.434,687.200
687.434,687.199
687.433,687.199
687.433,687.198
687.433,687.198
687.432,687.197
687.432,687.197
687.432,687.197
687.432,687.196
687.432,687.196
687.432,687.196
687.431,687.196
687.434,687.200
687.434,687.199
687.433,687.199
687.433,687.198
687.433,687.198
687.427,687.189
687.427,687.190
687.428,687.190
687.428,687.191
687.428,687.191
687.428,687.191
687.428,687.191
687.429,687.192
687.429,687.192
687.432,687.196
687.431,687.196
687.431,687.196
687.431,687.195
687.431,687.195
687.431,687.195
687.431,687.195
687.431,687.195
687.431,687.195
687.431,687.195
687.431,687.195
687.431,687.195
687.430,687.194
687.430,687.194
687.430,687.194
687.430,687.194
687.430,687.194
687.433,687.198
687.433,687.198
687.432,687.197
687.432,687.197
687.432,687.197
687.432,687.197
687.432,687.196
687.432,687.196
687.431,687.196
687.426,687.188
687.426,687.188
687.427,687.189
687.427,687.189
687.427,687.190
687.427,687.190
687.428,687.190
687.428,687.191
687.428,687.191
687.428,687.191
687.429,687.192
687.429,687.192
687.423,687.184
687.424,687.185
687.425,687.186
687.425,687.187
687.426,687.187
687.426,687.188
687.426,687.189
687.427,687.189
687.427,687.189
687.427,687.190
687.428,687.190
687.428,687.191
687.428,687.191
687.428,687.191
687.431,687.195
687.431,687.195
687.431,687.195
687.431,687.195
687.431,687.195
687.425,687.187
687.426,687.188
687.425,687.186
687.425,687.187
687.426,687.188
687.426,687.188
687.427,687.189
687.430,687.193
687.430,687.193
687.430,687.193
687.430,687.193
687.430,687.193
687.430,687.193
687.430,687.193
687.430,687.193
687.432,687.197
687.432,687.197
687.432,687.197
687.432,687.197
687.432,687.196
687.432,687.196
687.431,687.196
687.426,687.188
687.426,687.188
687.429,687.193
687.429,687.193
687.429,687.193
687.429,687.193
687.430,687.193
687.430,687.193
687.430,687.193
687.430,687.193
687.430,687.193
687.430,687.193
687.430,687.193
687.430,687.193
687.430,687.193
687.432,687.197
687.432,687.197
687.432,687.197
687.432,687.197
687.432,687.196
687.432,687.196
687.431,687.196
687.431,687.196
687.431,687.195
687.431,687.195
687.431,687.195
687.431,687.195
687.431,687.195
687.431,687.195
687.431,687.195
687.432,687.196
687.432,687.196
687.431,687.196
687.431,687.196
687.434,687.199
687.434,687.199
687.433,687.199
687.433,687.198
687.433,687.198
687.432,687.197
687.432,687.197
687.432,687.197
687.432,687.196
687.426,687.188
687.427,687.189
687.427,687.189
687.427,687.190
687.428,687.190
687.428,687.191
687.428,687.191
687.428,687.191
687.423,687.184
687.424,687.185
687.424,687.185
687.425,687.186
687.425,687.187
687.428,687.192
687.429,687.192
687.429,687.192
687.429,687.192
687.432,687.196
687.432,687.196
687.431,687.196
687.431,687.196
687.431,687.195
687.434,687.199
687.433,687.199
687.433,687.198
687.433,687.198
687.435,687.201
687.435,687.201
687.434,687.200
687.434,687.199
687.433,687.199
687.433,687.198
687.433,687.198
687.433,687.198
687.432,687.197
687.427,687.189
687.427,687.190
687.427,687.190
687.428,687.190
687.428,687.191
687.428,687.191
687.428,687.191
687.428,687.192
687.429,687.192
687.431,687.196
687.431,687.196
687.431,687.195
687.431,687.195
687.431,687.195
687.431,687.195
687.431,687.195
687.431,687.195
687.431,687.195
687.431,687.195
687.431,687.195
687.430,687.194
687.430,687.194
687.430,687.194
687.430,687.194
687.430,687.194
687.430,687.194
687.430,687.194
687.430,687.194
687.430,687.194
687.430,687.194
687.430,687.194
687.425,687.186
687.425,687.187
687.426,687.188
687.426,687.188
687.427,687.189
687.430,687.193
687.430,687.193
687.430,687.193
687.430,687.193
687.430,687.193
687.430,687.193
687.430,687.193
687.430,687.193
687.430,687.193
687.430,687.193
687.430,687.193
687.430,687.193
687.430,687.193
687.430,687.193
687.430,687.193
687.430,687.193
687.430,687.193
687.430,687.193
687.430,687.193
687.430,687.193
687.430,687.193
687.432,687.197
687.432,687.197
687.432,687.197
687.432,687.197
687.432,687.196
687.426,687.188
687.427,687.189
687.427,687.189
687.427,687.190
687.427,687.190
687.428,687.190
687.428,687.191
687.428,687.191
687.428,687.191
687.428,687.192
687.429,687.192
687.429,687.192
687.423,687.184
687.424,687.185
687.425,687.186
687.425,687.187
687.426,687.187
687.429,687.192
687.429,687.192
687.429,687.192
687.429,687.192
687.429,687.193
687.429,687.193
687.429,687.193
687.429,687.193
687.429,687.193
687.430,687.193
687.430,687.193
687.430,687.193
687.432,687.197
687.432,687.197
687.432,687.197
687.432,687.196
687.432,687.196
687.434,687.200
687.434,687.199
687.433,687.199
687.433,687.198
687.433,687.198
687.433,687.198
687.432,687.197
687.432,687.197
687.432,687.197
687.432,687.196
687.432,687.196
687.431,687.196
687.431,687.196
687.431,687.195
687.431,687.195
687.431,687.195
687.431,687.195
687.431,687.195
687.433,687.199
687.433,687.198
687.433,687.198
687.433,687.198
687.435,687.201
687.435,687.200
687.434,687.200
687.434,687.199
687.433,687.199
687.436,687.202
687.435,687.201
687.435,687.201
687.434,687.200
687.434,687.199
687.428,687.191
687.428,687.191
687.428,687.192
687.429,687.192
687.423,687.184
687.424,687.185
687.425,687.186
687.428,687.191
687.428,687.191
687.431,687.195
687.431,687.195
687.431,687.195
687.431,687.195
687.433,687.199
687.433,687.198
687.433,687.198
687.432,687.197
687.432,687.197
687.435,687.201
687.434,687.200
687.434,687.199
687.434,687.199
687.433,687.199
687.433,687.198
687.433,687.198
687.432,687.197
687.432,687.197
687.432,687.197
687.432,687.196
687.432,687.196
687.434,687.200
687.434,687.199
687.433,687.199
687.433,687.198
687.433,687.198
687.433,687.198
687.432,687.197
687.432,687.197
687.432,687.197
687.426,687.189
687.427,687.189
687.427,687.189
687.427,687.190
687.428,687.190
687.428,687.191
687.428,687.191
687.428,687.191
687.428,687.191
687.431,687.196
687.431,687.195
687.431,687.195
687.431,687.195
687.431,687.195
687.431,687.195
687.431,687.195
687.431,687.195
687.431,687.195
687.433,687.199
687.433,687.198
687.433,687.198
687.432,687.197
687.432,687.197
687.427,687.189
687.427,687.189
687.427,687.190
687.427,687.190
687.428,687.190
687.428,687.191
687.428,687.191
687.428,687.191
687.429,687.192
687.431,687.196
687.431,687.196
687.431,687.195
687.431,687.195
687.431,687.195
687.434,687.199
687.433,687.199
687.433,687.198
687.433,687.198
687.432,687.197
687.432,687.197
687.432,687.197
687.432,687.196
687.432,687.196
687.432,687.196
687.431,687.196
687.431,687.196
687.431,687.195
687.431,687.195
687.431,687.195
687.431,687.195
687.431,687.195
687.431,687.195
687.433,687.199
687.433,687.198
687.433,687.198
687.432,687.197
687.432,687.197
687.432,687.197
687.427,687.189
687.427,687.189
687.427,687.190
687.427,687.190
687.422,687.183
687.423,687.184
687.424,687.185
687.424,687.185
687.425,687.186
687.425,687.187
687.426,687.188
687.426,687.188
687.427,687.189
687.427,687.189
687.427,687.190
687.427,687.190
687.428,687.190
687.428,687.191
687.428,687.191
687.428,687.191
687.428,687.192
687.429,687.192
687.429,687.192
687.429,687.192
687.429,687.192
687.429,687.192
687.429,687.193
687.429,687.193
687.429,687.193
687.429,687.193
687.432,687.197
687.432,687.197
687.432,687.196
687.432,687.196
687.431,687.196
687.431,687.196
687.431,687.196
687.431,687.195
687.434,687.199
687.433,687.199
687.433,687.198
687.433,687.198
687.432,687.197
687.432,687.197
687.432,687.197
687.432,687.197
687.432,687.196
687.432,687.196
687.431,687.196
687.431,687.196
687.431,687.195
687.431,687.195
687.431,687.195
687.431,687.195
687.431,687.195
687.431,687.195
687.431,687.195
687.431,687.195
687.425,687.187
687.426,687.188
687.426,687.188
687.427,687.189
687.427,687.189
687.427,687.190
687.427,687.190
687.428,687.190
687.428,687.191
687.428,687.191
687.428,687.191
687.428,687.192
687.429,687.192
687.429,687.192
687.429,687.192
687.429,687.192
687.429,687.192
687.432,687.197
687.432,687.196
687.432,687.196
687.431,687.196
687.431,687.196
687.431,687.195
687.431,687.195
687.431,687.195
687.431,687.195
687.431,687.195
687.431,687.195
687.431,687.195
687.431,687.195
687.431,687.195
687.430,687.194
687.425,687.187
687.426,687.187
687.426,687.188
687.426,687.189
687.427,687.189
687.430,687.193
687.430,687.193
687.430,687.193
687.430,687.193
687.430,687.193
687.430,687.193
687.424,687.186
687.425,687.186
687.425,687.187
687.429,687.192
687.429,687.192
687.429,687.192
687.429,687.192
687.429,687.192
687.424,687.185
687.424,687.186
687.425,687.186
687.425,687.187
687.426,687.188
687.426,687.188
687.427,687.189
687.427,687.189
687.427,687.190
687.427,687.190
687.428,687.190
687.428,687.191
687.428,687.191
687.428,687.191
687.429,687.192
687.429,687.192
687.429,687.192
687.429,687.192
687.429,687.192
687.429,687.193
687.429,687.193
687.429,687.193
687.429,687.193
687.429,687.193
687.429,687.193
687.430,687.193
687.430,687.193
687.430,687.193
687.430,687.193
687.430,687.193
687.432,687.197
687.432,687.197
687.432,687.197
687.432,687.197
687.432,687.196
687.426,687.188
687.427,687.189
687.427,687.189
687.427,687.190
687.422,687.182
687.423,687.183
687.424,687.184
687.424,687.185
687.425,687.186
687.425,687.187
687.426,687.187
687.426,687.188
687.426,687.189
687.427,687.189
687.427,687.190
687.427,687.190
687.428,687.190
687.431,687.195
687.431,687.195
687.430,687.194
687.430,687.194
687.430,687.194
687.433,687.198
687.433,687.198
687.432,687.197
687.432,687.197
687.432,687.197
687.432,687.197
687.432,687.196
687.432,687.196
687.433,687.198
687.433,687.198
687.433,687.198
687.432,687.197
687.427,687.189
687.427,687.190
687.427,687.190
687.428,687.190
687.423,687.183
687.423,687.184
687.424,687.185
687.425,687.186
687.425,687.187
687.428,687.191
687.428,687.192
687.429,687.192
687.429,687.192
687.429,687.192
687.429,687.192
687.429,687.192
687.429,687.193
687.429,687.193
687.429,687.193
687.429,687.193
687.429,687.193
687.430,687.193
687.430,687.193
687.430,687.193
687.430,687.193
687.430,687.193
687.430,687.193
687.430,687.193
687.430,687.193
687.424,687.186
687.425,687.186
687.425,687.187
687.426,687.188
687.426,687.188
687.427,687.189
687.427,687.189
687.427,687.190
687.427,687.190
687.428,687.190
687.428,687.191
687.428,687.191
687.423,687.184
687.424,687.184
687.424,687.185
687.425,687.186
687.425,687.187
687.428,687.192
687.429,687.192
687.429,687.192
687.429,687.192
687.429,687.192
687.429,687.192
687.429,687.193
687.429,687.193
687.429,687.193
687.429,687.193
687.429,687.193
687.430,687.193
687.430,687.193
687.430,687.193
687.424,687.185
687.425,687.186
687.425,687.187
687.426,687.188
687.426,687.188
687.427,687.189
687.427,687.189
687.427,687.190
687.427,687.190
687.430,687.194
687.430,687.194
687.430,687.194
687.430,687.194
687.430,687.194
687.430,687.194
687.425,687.186
687.425,687.187
687.426,687.188
687.426,687.188
687.427,687.189
687.427,687.189
687.427,687.190
687.427,687.190
687.428,687.190
687.428,687.191
687.428,687.191
687.428,687.191
687.429,687.192
687.429,687.192
687.429,687.192
687.432,687.196
687.431,687.196
687.431,687.196
687.431,687.196
687.431,687.195
687.431,687.195
687.434,687.199
687.433,687.199
687.433,687.198
687.427,687.190
687.428,687.190
687.430,687.194
687.430,687.194
687.430,687.194
687.430,687.194
687.430,687.194
687.430,687.194
687.430,687.194
687.430,687.194
687.433,687.198
687.433,687.198
687.432,687.197
687.432,687.197
687.432,687.197
687.432,687.197
687.432,687.196
687.432,687.196
687.431,687.196
687.426,687.188
687.426,687.188
687.427,687.189
687.427,687.189
687.422,687.182
687.423,687.183
687.423,687.184
687.424,687.185
687.425,687.186
687.425,687.187
687.426,687.187
687.426,687.188
687.426,687.189
687.427,687.189
687.427,687.189
687.427,687.190
687.428,687.190
687.428,687.191
687.428,687.191
687.428,687.191
687.428,687.191
687.429,687.192
687.429,687.192
687.429,687.192
687.429,687.192
687.429,687.192
687.429,687.193
687.429,687.193
687.429,687.193
687.429,687.193
687.429,687.193
687.430,687.193
687.430,687.193
687.430,687.193
687.430,687.193
687.430,687.193
687.430,687.193
687.430,687.193
687.430,687.193
687.430,687.193
687.430,687.193
687.430,687.193
687.430,687.193
687.430,687.193
687.430,687.193
687.430,687.193
687.430,687.193
687.430,687.193
687.430,687.193
687.430,687.193
687.430,687.193
687.430,687.193
687.430,687.193
687.430,687.193
687.430,687.193
687.430,687.193
687.430,687.193
687.432,687.197
687.432,687.197
687.432,687.197
687.432,687.197
687.432,687.196
687.432,687.196
687.431,687.196
687.434,687.200
687.434,687.199
687.433,687.199
687.433,687.198
687.433,687.198
687.435,687.201
687.435,687.201
687.434,687.200
687.434,687.199
687.433,687.199
687.433,687.198
687.433,687.198
687.433,687.198
687.432,687.197
687.427,687.189
687.427,687.190
687.427,687.190
687.428,687.190
687.428,687.191
687.431,687.195
687.431,687.195
687.431,687.195
687.431,687.195
687.431,687.195
687.430,687.194
687.430,687.194
687.430,687.194
687.430,687.194
687.430,687.194
687.430,687.194
687.430,687.194
687.430,687.194
687.430,687.194
687.430,687.194
687.430,687.194
687.430,687.194
687.430,687.194
687.430,687.194
687.430,687.194
687.430,687.194
687.430,687.194
687.430,687.194
687.430,687.194
687.430,687.194
687.430,687.194
687.425,687.186
687.425,687.187
687.426,687.188
687.426,687.188
687.427,687.189
687.427,687.189
687.427,687.190
687.427,687.190
687.422,687.183
687.423,687.184
687.424,687.185
687.416,687.174
687.426,687.187
687.426,687.188
687.426,687.189
687.435,687.201
687.434,687.200
687.434,687.200
687.434,687.199
687.425,687.187
687.426,687.188
687.426,687.188
687.427,687.189
687.435,687.201
687.434,687.200
687.434,687.200
687.434,687.199
687.425,687.187
687.426,687.188
687.429,687.192
687.429,687.192
687.437,687.204
687.436,687.203
687.436,687.202
687.438,687.205
687.429,687.193
687.429,687.193
687.429,687.193
687.429,687.193
687.437,687.205
687.437,687.204
687.436,687.203
687.444,687.214
687.434,687.200
687.434,687.199
687.433,687.199
687.425,687.187
687.434,687.199
687.436,687.203
687.435,687.202
687.443,687.213
687.442,687.211
687.443,687.213
687.442,687.211
687.433,687.198
687.433,687.198
687.432,687.197
687.424,687.185
687.427,687.190
687.428,687.190
687.428,687.191
687.436,687.203
687.427,687.190
687.428,687.190
687.428,687.191
687.420,687.179
687.421,687.181
687.422,687.182
687.423,687.183
687.431,687.196
687.423,687.184
687.424,687.185
687.425,687.186
687.417,687.175
687.418,687.177
687.419,687.178
687.420,687.180
687.429,687.193
687.429,687.193
687.430,687.193
687.430,687.193
687.422,687.181
687.422,687.183
687.426,687.188
687.426,687.188
687.435,687.201
687.434,687.200
687.434,687.199
687.433,687.199
687.425,687.187
687.426,687.187
687.426,687.188
687.426,687.189
687.435,687.201
687.434,687.200
687.437,687.203
687.436,687.203
687.435,687.202
687.435,687.201
687.434,687.200
687.429,687.192
687.429,687.192
687.429,687.192
687.437,687.204
687.428,687.191
687.429,687.192
687.429,687.192
687.421,687.180
687.422,687.182
687.422,687.183
687.423,687.184
687.432,687.197
687.432,687.196
687.432,687.196
687.431,687.196
687.423,687.184
687.424,687.185
687.424,687.186
687.425,687.187
687.434,687.199
687.433,687.199
687.436,687.202
687.435,687.201
687.427,687.189
687.427,687.189
687.427,687.190
687.422,687.182
687.431,687.195
687.431,687.195
687.431,687.195
687.431,687.195
687.425,687.187
687.426,687.188
687.426,687.188
687.419,687.177
687.428,687.190
687.428,687.191
687.428,687.191
687.436,687.203
687.428,687.190
687.431,687.195
687.431,687.195
687.423,687.183
687.423,687.184
687.424,687.185
687.425,687.186
687.433,687.198
687.427,687.190
687.428,687.190
687.431,687.195
687.431,687.195
687.431,687.195
687.430,687.194
687.430,687.194
687.430,687.194
687.438,687.206
687.438,687.205
687.437,687.204
687.436,687.203
687.436,687.202
687.435,687.201
687.429,687.193
687.437,687.205
687.437,687.204
687.436,687.203
687.443,687.214
687.437,687.204
687.436,687.203
687.436,687.202
687.427,687.189
687.427,687.190
687.428,687.190
687.428,687.191
687.436,687.203
687.435,687.202
687.438,687.205
687.437,687.204
687.428,687.191
687.428,687.192
687.429,687.192
687.429,687.192
687.429,687.192
687.429,687.192
687.437,687.204
687.436,687.203
687.436,687.202
687.435,687.201
687.435,687.201
687.434,687.200
687.442,687.211
687.441,687.210
687.440,687.208
687.442,687.211
687.432,687.197
687.432,687.197
687.432,687.196
687.434,687.200
687.434,687.199
687.425,687.187
687.426,687.188
687.426,687.188
687.427,687.189
687.427,687.189
687.427,687.190
687.430,687.194
687.430,687.194
687.430,687.194
687.430,687.194
687.430,687.194
687.430,687.194
687.430,687.194
687.430,687.194
687.438,687.206
687.440,687.209
687.431,687.195
687.423,687.184
687.424,687.185
687.424,687.185
687.425,687.186
687.435,687.200
687.434,687.200
687.426,687.188
687.434,687.200
687.434,687.199
687.433,687.199
687.441,687.210
687.440,687.209
687.439,687.207
687.438,687.206
687.430,687.193
687.432,687.197
687.432,687.197
687.440,687.208
687.439,687.207
687.438,687.206
687.432,687.197
687.432,687.197
687.432,687.196
687.426,687.188
687.427,687.189
687.427,687.189
687.427,687.190
687.427,687.190
687.422,687.183
687.421,687.180
687.422,687.182
687.422,687.183
687.415,687.172
687.417,687.174
687.418,687.176
687.419,687.178
687.428,687.191
687.428,687.191
687.428,687.191
687.429,687.192
687.429,687.192
687.429,687.192
687.429,687.192
687.437,687.204
687.436,687.203
687.436,687.202
687.443,687.213
687.442,687.211
687.441,687.210
687.440,687.208
687.431,687.195
687.439,687.207
687.438,687.205
687.437,687.204
687.445,687.215
687.443,687.213
687.442,687.211
687.441,687.210
687.432,687.196
687.432,687.196
687.431,687.196
687.426,687.188
687.434,687.200
687.434,687.200
687.434,687.199
687.433,687.199
687.425,687.186
687.425,687.187
687.428,687.192
687.421,687.180
687.422,687.181
687.422,687.183
687.423,687.184
687.424,687.185
687.424,687.185
687.425,687.186
687.428,687.191
687.428,687.191
687.428,687.191
687.429,687.192
687.437,687.204
687.431,687.195
687.431,687.195
687.431,687.195
687.423,687.183
687.426,687.188
687.418,687.177
687.419,687.178
687.420,687.180
687.421,687.181
687.422,687.182
687.423,687.184
687.424,687.184
687.424,687.185
687.425,687.186
687.425,687.187
687.434,687.199
687.433,687.199
687.436,687.202
687.435,687.201
687.435,687.201
687.426,687.188
687.427,687.189
687.427,687.189
687.435,687.202
687.435,687.201
687.437,687.204
687.436,687.203
687.428,687.191
687.428,687.191
687.428,687.191
687.420,687.180
687.429,687.193
687.429,687.193
687.429,687.193
687.438,687.205
687.437,687.204
687.436,687.203
687.428,687.190
687.428,687.191
687.428,687.191
687.423,687.183
687.424,687.184
687.424,687.185
687.419,687.178
687.412,687.168
687.406,687.159
687.408,687.162
687.410,687.165
687.404,687.156
687.407,687.160
687.409,687.163
687.411,687.166
687.413,687.168
687.414,687.171
687.416,687.173
687.420,687.179
687.421,687.180
687.422,687.182
687.422,687.183
687.423,687.184
687.424,687.185
687.424,687.186
687.417,687.175
687.410,687.165
687.412,687.168
687.414,687.170
687.407,687.161
687.409,687.164
687.411,687.167
687.405,687.157
687.399,687.149
687.402,687.153
687.405,687.157
687.407,687.161
687.410,687.164
687.411,687.167
687.405,687.157
687.408,687.161
687.410,687.164
687.412,687.167
687.405,687.158
687.410,687.165
687.404,687.156
687.407,687.160
687.401,687.151
687.404,687.155
687.406,687.159
687.408,687.162
687.411,687.165
687.412,687.168
687.414,687.170
687.416,687.173
687.417,687.175
687.418,687.177
687.419,687.178
687.420,687.180
687.416,687.173
687.417,687.175
687.410,687.165
687.412,687.168
687.414,687.170
687.416,687.173
687.417,687.175
687.418,687.177
687.419,687.178
687.412,687.168
687.414,687.170
687.416,687.173
687.420,687.179
687.421,687.180
687.413,687.170
687.418,687.176
687.419,687.178
687.420,687.179
687.421,687.180
687.414,687.170
687.415,687.172
687.417,687.174
687.418,687.176
687.414,687.170
687.407,687.161
687.409,687.164
687.411,687.167
687.413,687.169
687.409,687.164
687.411,687.167
687.413,687.169
687.415,687.171
687.408,687.162
687.402,687.153
687.405,687.157
687.399,687.149
687.402,687.153
687.405,687.157
687.407,687.160
687.409,687.164
687.411,687.166
687.413,687.169
687.415,687.171
687.416,687.173
687.417,687.175
687.419,687.177
687.420,687.179
687.421,687.180
687.422,687.182
687.422,687.183
687.415,687.172
687.417,687.174
687.412,687.168
687.414,687.171
687.416,687.173
687.420,687.179
687.421,687.180
687.422,687.182
687.422,687.183
687.415,687.172
687.417,687.174
687.410,687.164
687.412,687.167
687.422,687.181
687.422,687.183
687.423,687.184
687.424,687.185
687.424,687.185
687.425,687.186
687.425,687.187
687.434,687.199
687.433,687.199
687.433,687.198
687.433,687.198
687.433,687.198
687.432,687.197
687.432,687.197
687.432,687.197
687.440,687.208
687.439,687.207
687.438,687.206
687.440,687.208
687.439,687.207
687.438,687.206
687.437,687.205
687.437,687.204
687.439,687.207
687.438,687.205
687.437,687.204
687.439,687.207
687.430,687.194
687.430,687.194
687.422,687.182
687.423,687.184
687.418,687.177
687.419,687.178
687.428,687.191
687.429,687.192
687.421,687.180
687.414,687.170
687.415,687.172
687.417,687.174
687.418,687.176
687.419,687.178
687.420,687.179
687.421,687.181
687.422,687.182
687.423,687.183
687.423,687.184
687.424,687.185
687.425,687.186
687.425,687.187
687.428,687.191
687.428,687.192
687.429,687.192
687.423,687.184
687.424,687.185
687.425,687.186
687.425,687.187
687.418,687.176
687.413,687.169
687.407,687.160
687.409,687.163
687.403,687.154
687.406,687.158
687.408,687.162
687.418,687.176
687.419,687.178
687.420,687.180
687.421,687.181
687.422,687.182
687.423,687.183
687.415,687.173
687.425,687.186
687.428,687.191
687.428,687.191
687.436,687.203
687.436,687.202
687.435,687.202
687.435,687.201
687.426,687.188
687.427,687.189
687.427,687.189
687.427,687.190
687.428,687.190
687.428,687.191
687.428,687.191
687.428,687.191
687.420,687.180
687.424,687.185
687.425,687.186
687.425,687.187
687.426,687.187
687.426,687.188
687.429,687.192
687.421,687.181
687.422,687.182
687.423,687.183
687.423,687.184
687.424,687.185
687.425,687.186
687.425,687.187
687.434,687.199
687.425,687.187
687.426,687.188
687.426,687.188
687.419,687.177
687.420,687.179
687.423,687.184
687.424,687.185
687.433,687.198
687.432,687.197
687.432,687.197
687.424,687.185
687.416,687.174
687.418,687.176
687.411,687.166
687.413,687.168
687.414,687.171
687.416,687.173
687.417,687.175
687.410,687.165
687.412,687.168
687.422,687.182
687.425,687.187
687.426,687.188
687.434,687.200
687.434,687.199
687.434,687.199
687.425,687.187
687.418,687.176
687.419,687.177
687.412,687.167
687.414,687.170
687.415,687.172
687.425,687.186
687.425,687.187
687.426,687.187
687.418,687.176
687.422,687.182
687.423,687.183
687.431,687.196
687.431,687.196
687.431,687.195
687.434,687.199
687.425,687.187
687.426,687.188
687.426,687.188
687.427,687.189
687.427,687.189
687.427,687.190
687.427,687.190
687.428,687.190
687.428,687.191
687.428,687.191
687.428,687.191
687.437,687.203
687.436,687.202
687.435,687.202
687.435,687.201
687.426,687.189
687.421,687.181
687.422,687.182
687.423,687.184
687.418,687.177
687.419,687.178
687.412,687.168
687.422,687.182
687.423,687.183
687.426,687.188
687.427,687.189
687.427,687.189
687.427,687.190
687.427,687.190
687.422,687.183
687.423,687.184
687.424,687.185
687.424,687.185
687.425,687.186
687.417,687.175
687.411,687.165
687.412,687.168
687.414,687.170
687.416,687.173
687.417,687.175
687.413,687.169
687.415,687.171
687.416,687.173
687.417,687.175
687.419,687.177
687.420,687.179
687.421,687.180
687.422,687.181
687.422,687.183
687.423,687.184
687.424,687.185
687.416,687.174
687.410,687.164
687.412,687.167
687.413,687.169
687.415,687.172
687.419,687.178
687.412,687.168
687.414,687.170
687.415,687.172
687.417,687.174
687.426,687.188
687.426,687.189
687.427,687.189
687.427,687.189
687.427,687.190
687.420,687.179
687.421,687.180
687.424,687.185
687.425,687.186
687.425,687.187
687.426,687.188
687.426,687.188
687.427,687.189
687.427,687.189
687.419,687.178
687.420,687.179
687.424,687.185
687.424,687.186
687.428,687.190
687.428,687.191
687.428,687.191
687.436,687.203
687.428,687.190
687.428,687.191
687.420,687.179
687.416,687.173
687.409,687.163
687.419,687.178
687.420,687.179
687.429,687.193
687.432,687.197
687.432,687.196
687.432,687.196
687.423,687.184
687.432,687.197
687.435,687.200
687.434,687.200
687.442,687.211
687.441,687.209
687.440,687.208
687.439,687.207
687.430,687.194
687.433,687.198
687.432,687.197
687.432,687.197
687.432,687.197
687.432,687.196
687.434,687.200
687.434,687.199
687.433,687.199
687.433,687.198
687.433,687.198
687.427,687.190
687.427,687.190
687.428,687.190
687.436,687.203
687.427,687.190
687.428,687.190
687.428,687.191
687.420,687.179
687.421,687.181
687.422,687.182
687.423,687.183
687.431,687.196
687.426,687.188
687.426,687.188
687.427,687.189
687.419,687.178
687.420,687.179
687.421,687.181
687.422,687.182
687.431,687.195
687.431,687.195
687.431,687.195
687.430,687.194
687.422,687.183
687.423,687.184
687.424,687.185
687.424,687.186
687.433,687.198
687.433,687.198
687.435,687.201
687.435,687.201
687.426,687.188
687.429,687.193
687.429,687.193
687.430,687.194
687.422,687.182
687.423,687.183
687.423,687.184
687.416,687.173
687.417,687.175
687.421,687.181
687.422,687.182
687.431,687.195
687.431,687.195
687.431,687.195
687.431,687.195
687.423,687.183
687.423,687.184
687.424,687.185
687.425,687.186
687.433,687.198
687.433,687.198
687.433,687.198
687.432,687.197
687.432,687.197
687.432,687.197
687.432,687.196
687.424,687.184
687.432,687.197
687.433,687.198
687.425,687.186
687.425,687.187
687.426,687.188
687.426,687.188
687.435,687.200
687.434,687.200
687.434,687.199
687.436,687.203
687.427,687.190
687.428,687.190
687.428,687.191
687.428,687.191
687.436,687.203
687.436,687.202
687.435,687.201
687.443,687.213
687.434,687.199
687.433,687.199
687.433,687.198
687.427,687.190
687.436,687.202
687.435,687.201
687.435,687.200
687.442,687.212
687.430,687.193
687.430,687.193
687.438,687.205
687.437,687.204
687.436,687.203
687.438,687.206
687.430,687.193
687.430,687.193
687.430,687.193
687.430,687.193
687.438,687.205
687.437,687.204
687.436,687.203
687.444,687.214
687.435,687.200
687.434,687.200
687.434,687.199
687.425,687.187
687.434,687.199
687.433,687.199
687.433,687.198
687.441,687.210
687.435,687.200
687.434,687.200
687.434,687.199
687.433,687.199
687.433,687.198
687.441,687.210
687.435,687.200
687.434,687.200
687.434,687.199
687.425,687.187
687.434,687.199
687.433,687.199
687.433,687.198
687.441,687.210
687.440,687.208
687.439,687.207
687.438,687.206
687.429,687.193
687.437,687.205
687.437,687.204
687.436,687.203
687.444,687.214
687.442,687.212
687.441,687.210
687.440,687.209
687.431,687.195
687.439,687.207
687.438,687.206
687.430,687.194
687.430,687.194
687.430,687.194
687.430,687.194
687.430,687.194
687.433,687.198
687.433,687.198
687.432,687.197
687.432,687.197
687.432,687.197
687.432,687.197
687.432,687.196
687.432,687.196
687.431,687.196
687.431,687.196
687.431,687.195
687.431,687.195
687.434,687.199
687.433,687.199
687.433,687.198
687.433,687.198
687.432,687.197
687.427,687.189
687.427,687.190
687.427,687.190
687.428,687.190
687.428,687.191
687.431,687.195
687.431,687.195
687.431,687.195
687.431,687.195
687.431,687.195
687.430,687.194
687.430,687.194
687.425,687.187
687.426,687.187
687.426,687.188
687.426,687.188
687.427,687.189
687.430,687.193
687.430,687.193
687.430,687.193
687.430,687.193
687.432,687.197
687.432,687.197
687.432,687.197
687.432,687.197
687.432,687.196
687.432,687.196
687.431,687.196
687.431,687.196
687.431,687.195
687.431,687.195
687.431,687.195
687.434,687.199
687.433,687.199
687.433,687.198
687.433,687.198
687.432,687.197
687.432,687.197
687.432,687.197
687.432,687.196
687.432,687.196
687.432,687.196
687.431,687.196
687.431,687.196
687.434,687.199
687.433,687.199
687.433,687.198
687.433,687.198
687.433,687.198
687.435,687.201
687.435,687.200
687.434,687.200
687.434,687.199
687.433,687.199
687.433,687.198
687.433,687.198
687.433,687.198
687.432,687.197
687.432,687.197
687.432,687.197
687.432,687.196
687.434,687.200
687.434,687.199
687.433,687.199
687.433,687.198
687.433,687.198
687.433,687.198
687.432,687.197
687.432,687.197
687.432,687.197
687.432,687.196
687.432,687.196
687.431,687.196
687.431,687.196
687.431,687.196
687.431,687.195
687.431,687.195
687.431,687.195
687.431,687.195
687.431,687.195
687.431,687.195
687.431,687.195
687.431,687.195
687.431,687.195
687.430,687.194
687.430,687.194
687.425,687.187
687.426,687.187
687.426,687.188
687.426,687.188
687.427,687.189
687.427,687.189
687.427,687.190
687.428,687.190
687.428,687.191
687.428,687.191
687.428,687.191
687.428,687.191
687.429,687.192
687.429,687.192
687.429,687.192
687.429,687.192
687.429,687.192
687.429,687.193
687.429,687.193
687.429,687.193
687.429,687.193
687.429,687.193
687.432,687.197
687.432,687.197
687.432,687.196
687.432,687.196
687.432,687.196
687.426,687.188
687.426,687.189
687.427,687.189
687.427,687.189
687.427,687.190
687.428,687.190
687.428,687.191
687.431,687.195
687.431,687.195
687.431,687.195
687.431,687.195
687.431,687.195
687.430,687.194
687.430,687.194
687.430,687.194
687.430,687.194
687.430,687.194
687.430,687.194
687.433,687.198
687.433,687.198
687.432,687.197
687.432,687.197
687.435,687.201
687.434,687.200
687.434,687.199
687.434,687.199
687.433,687.199
687.428,687.190
687.428,687.191
687.428,687.191
687.428,687.191
687.428,687.191
687.429,687.192
687.429,687.192
687.429,687.192
687.424,687.184
687.424,687.185
687.425,687.186
687.425,687.187
687.420,687.180
687.421,687.181
687.422,687.182
687.423,687.183
687.424,687.184
687.427,687.189
687.427,687.190
687.427,687.190
687.428,687.190
687.428,687.191
687.428,687.191
687.428,687.191
687.428,687.192
687.429,687.192
687.429,687.192
687.429,687.192
687.429,687.192
687.429,687.192
687.429,687.193
687.429,687.193
687.429,687.193
687.429,687.193
687.429,687.193
687.424,687.185
687.425,687.186
687.425,687.187
687.426,687.187
687.426,687.188
687.426,687.189
687.427,687.189
687.427,687.190
687.435,687.202
687.435,687.201
687.434,687.200
687.434,687.200
687.434,687.199
687.433,687.199
687.433,687.198
687.433,687.198
687.432,687.197
687.432,687.197
687.432,687.197
687.432,687.196
687.432,687.196
687.432,687.196
687.431,687.196
687.431,687.196
687.431,687.195
687.426,687.188
687.426,687.188
687.427,687.189
687.427,687.189
687.427,687.190
687.430,687.194
687.430,687.194
687.430,687.194
687.430,687.194
687.430,687.194
687.430,687.194
687.430,687.194
687.430,687.194
687.430,687.194
687.430,687.194
687.430,687.194
687.430,687.194
687.430,687.194
687.430,687.194
687.430,687.194
687.430,687.194
687.430,687.194
687.430,687.194
687.430,687.194
687.430,687.194
687.430,687.194
687.433,687.198
687.433,687.198
687.432,687.197
687.432,687.197
687.432,687.197
687.432,687.196
687.432,687.196
687.431,687.196
687.431,687.196
687.431,687.196
687.431,687.195
687.431,687.195
687.431,687.195
687.431,687.195
687.431,687.195
687.431,687.195
687.431,687.195
687.431,687.195
687.431,687.195
687.430,687.194
687.430,687.194
687.430,687.194
687.430,687.194
687.430,687.194
687.430,687.194
687.425,687.186
687.425,687.187
687.426,687.188
687.426,687.188
687.427,687.189
687.430,687.193
687.430,687.193
687.430,687.193
687.430,687.193
687.432,687.197
687.432,687.197
687.432,687.197
687.432,687.197
687.432,687.196
687.426,687.188
687.427,687.189
687.427,687.189
687.427,687.190
687.427,687.190
687.428,687.190
687.428,687.191
687.428,687.191
687.428,687.191
687.431,687.195
687.431,687.195
687.431,687.195
687.431,687.195
687.433,687.199
687.433,687.198
687.433,687.198
687.433,687.198
687.432,687.197
687.435,687.201
687.434,687.200
687.434,687.200
687.436,687.203
687.436,687.202
687.435,687.201
687.435,687.201
687.434,687.200
687.437,687.203
687.436,687.202
687.435,687.202
687.435,687.201
687.434,687.200
687.429,687.192
687.429,687.192
687.429,687.192
687.429,687.192
687.429,687.193
687.429,687.193
687.429,687.193
687.432,687.197
687.432,687.196
687.432,687.196
687.432,687.196
687.431,687.196
687.434,687.200
687.434,687.199
687.433,687.199
687.433,687.198
687.433,687.198
687.432,687.197
687.432,687.197
687.432,687.197
687.432,687.196
687.432,687.196
687.432,687.196
687.431,687.196
687.434,687.200
687.434,687.199
687.433,687.199
687.433,687.198
687.433,687.198
687.435,687.201
687.435,687.201
687.434,687.200
687.434,687.199
687.433,687.199
687.433,687.198
687.433,687.198
687.433,687.198
687.432,687.197
687.432,687.197
687.432,687.197
687.432,687.196
687.434,687.200
687.434,687.199
687.433,687.199
687.433,687.198
687.433,687.198
687.433,687.198
687.432,687.197
687.432,687.197
687.432,687.197
687.432,687.196
687.432,687.196
687.431,687.196
687.431,687.196
687.431,687.196
687.431,687.195
687.431,687.195
687.431,687.195
687.431,687.195
687.431,687.195
687.431,687.195
687.431,687.195
687.431,687.195
687.431,687.195
687.433,687.198
687.433,687.198
687.433,687.198
687.432,687.197
687.432,687.197
687.427,687.189
687.427,687.189
687.427,687.190
687.427,687.190
687.428,687.190
687.428,687.191
687.428,687.191
687.428,687.191
687.437,687.203
687.436,687.202
687.435,687.202
687.435,687.201
687.434,687.200
687.425,687.186
687.425,687.187
687.426,687.188
687.426,687.188
687.427,687.189
687.427,687.189
687.427,687.190
687.422,687.182
687.423,687.183
687.424,687.184
687.424,687.185
687.425,687.186
687.428,687.191
687.428,687.191
687.428,687.191
687.428,687.192
687.429,687.192
687.429,687.192
687.429,687.192
687.429,687.192
687.429,687.192
687.429,687.193
687.429,687.193
687.429,687.193
687.429,687.193
687.428,687.191
687.428,687.191
687.428,687.192
687.429,687.192
687.429,687.192
687.429,687.192
687.429,687.192
687.429,687.192
687.429,687.193
687.429,687.193
687.429,687.193
687.429,687.193
687.429,687.193
687.430,687.193
687.430,687.193
687.430,687.193
687.430,687.193
687.430,687.193
687.430,687.193
687.430,687.193
687.430,687.193
687.430,687.193
687.430,687.193
687.430,687.193
687.432,687.197
687.431,687.196
687.431,687.196
687.431,687.195
687.434,687.199
687.433,687.199
687.433,687.198
687.433,687.198
687.432,687.197
687.432,687.197
687.432,687.197
687.432,687.197
687.432,687.196
687.432,687.196
687.426,687.188
687.426,687.189
687.427,687.189
687.427,687.189
687.422,687.182
687.423,687.183
687.423,687.184
687.424,687.185
687.425,687.186
687.428,687.191
687.428,687.191
687.428,687.191
687.431,687.195
687.431,687.195
687.439,687.206
687.438,687.205
687.437,687.204
687.436,687.203
687.436,687.202
687.435,687.202
687.435,687.201
687.434,687.200
687.434,687.200
687.434,687.199
687.433,687.199
687.433,687.198
687.433,687.198
687.432,687.197
687.432,687.197
687.432,687.197
687.432,687.196
687.434,687.200
687.434,687.199
687.434,687.199
687.433,687.199
687.433,687.198
687.433,687.198
687.435,687.201
687.435,687.201
687.434,687.200
687.434,687.199
687.433,687.199
687.433,687.198
687.433,687.198
687.433,687.198
687.432,687.197
687.427,687.189
687.427,687.190
687.427,687.190
687.428,687.190
687.428,687.191
687.431,687.195
687.431,687.195
687.431,687.195
687.431,687.195
687.431,687.195
687.430,687.194
687.430,687.194
687.430,687.194
687.430,687.194
687.430,687.194
687.430,687.194
687.430,687.194
687.433,687.198
687.433,687.198
687.432,687.197
687.427,687.189
687.427,687.190
687.430,687.194
687.430,687.194
687.430,687.194
687.430,687.194
687.430,687.194
687.430,687.194
687.430,687.194
687.430,687.194
687.430,687.194
687.430,687.194
687.430,687.194
687.430,687.194
687.430,687.194
687.430,687.194
687.430,687.194
687.430,687.194
687.430,687.194
687.430,687.194
687.430,687.194
687.430,687.194
687.430,687.194
687.430,687.194
687.430,687.194
687.430,687.194
687.430,687.194
687.430,687.194
687.430,687.194
687.430,687.194
687.430,687.194
687.430,687.194
687.430,687.194
687.430,687.194
687.430,687.194
687.430,687.194
687.430,687.194
687.430,687.194
687.430,687.194
687.430,687.194
687.433,687.198
687.433,687.198
687.432,687.197
687.432,687.197
687.432,687.197
687.432,687.196
687.432,687.196
687.432,687.196
687.431,687.196
687.431,687.196
687.431,687.195
687.431,687.195
687.431,687.195
687.431,687.195
687.431,687.195
687.431,687.195
687.431,687.195
687.431,687.195
687.431,687.195
687.430,687.194
687.430,687.194
687.430,687.194
687.425,687.186
687.425,687.187
687.426,687.188
687.426,687.188
687.427,687.189
687.427,687.189
687.427,687.190
687.427,687.190
687.428,687.190
687.431,687.195
687.431,687.195
687.431,687.195
687.430,687.194
687.430,687.194
687.433,687.198
687.433,687.198
687.433,687.198
687.432,687.197
687.432,687.197
687.432,687.197
687.432,687.196
687.432,687.196
687.431,687.196
687.431,687.196
687.431,687.195
687.431,687.195
687.431,687.195
687.431,687.195
687.431,687.195
687.431,687.195
687.433,687.199
687.433,687.198
687.433,687.198
687.432,687.197
687.432,687.197
687.432,687.197
687.432,687.197
687.432,687.196
687.434,687.200
687.434,687.199
687.433,687.199
687.433,687.198
687.433,687.198
687.433,687.198
687.432,687.197
687.432,687.197
687.432,687.197
687.432,687.196
687.432,687.196
687.431,687.196
687.431,687.196
687.431,687.196
687.426,687.188
687.426,687.188
687.427,687.189
687.427,687.189
687.427,687.190
687.427,687.190
687.428,687.190
687.428,687.191
687.428,687.191
687.431,687.195
687.431,687.195
687.431,687.195
687.431,687.195
687.431,687.195
687.433,687.199
687.433,687.198
687.433,687.198
687.432,687.197
687.432,687.197
687.432,687.197
687.432,687.197
687.432,687.196
687.432,687.196
687.431,687.196
687.431,687.196
687.431,687.195
687.434,687.199
687.433,687.199
687.433,687.198
687.433,687.198
687.432,687.197
687.435,687.201
687.434,687.200
687.434,687.200
687.434,687.199
687.433,687.199
687.433,687.198
687.433,687.198
687.432,687.197
687.432,687.197
687.432,687.197
687.432,687.196
687.432,687.196
687.434,687.200
687.434,687.199
687.433,687.199
687.433,687.198
687.433,687.198
687.433,687.198
687.432,687.197
687.432,687.197
687.435,687.201
687.434,687.200
687.434,687.199
687.433,687.199
687.433,687.198
687.433,687.198
687.433,687.198
687.432,687.197
687.432,687.197
687.435,687.201
687.434,687.200
687.434,687.199
687.433,687.199
687.433,687.198
687.433,687.198
687.433,687.198
687.432,687.197
687.432,687.197
687.432,687.197
687.432,687.196
687.432,687.196
687.431,687.196
687.431,687.196
687.431,687.196
687.431,687.195
687.431,687.195
687.426,687.187
687.426,687.188
687.429,687.192
687.429,687.193
687.429,687.193
687.429,687.193
687.429,687.193
687.429,687.193
687.430,687.193
687.430,687.193
687.430,687.193
687.430,687.193
687.430,687.193
687.430,687.193
687.430,687.193
687.430,687.193
687.430,687.193
687.430,687.193
687.430,687.193
687.430,687.193
687.430,687.193
687.430,687.193
687.430,687.193
687.430,687.193
687.430,687.193
687.430,687.193
687.432,687.197
687.432,687.197
687.432,687.197
687.432,687.197
687.432,687.196
687.432,687.196
687.431,687.196
687.431,687.196
687.431,687.195
687.431,687.195
687.426,687.187
687.426,687.188
687.426,687.189
687.427,687.189
687.422,687.182
687.423,687.183
687.423,687.184
687.424,687.185
687.425,687.186
687.428,687.191
687.428,687.191
687.428,687.191
687.428,687.191
687.429,687.192
687.429,687.192
687.429,687.192
687.429,687.192
687.429,687.192
687.429,687.193
687.429,687.193
687.429,687.193
687.429,687.193
687.429,687.193
687.430,687.193
687.430,687.193
687.430,687.193
687.430,687.193
687.430,687.193
687.430,687.193
687.430,687.193
687.430,687.193
687.430,687.193
687.430,687.193
687.430,687.193
687.430,687.193
687.430,687.193
687.430,687.193
687.430,687.193
687.432,687.197
687.432,687.197
687.432,687.197
687.432,687.197
687.432,687.196
687.426,687.188
687.427,687.189
687.427,687.189
687.427,687.190
687.427,687.190
687.428,687.190
687.428,687.191
687.428,687.191
687.428,687.191
687.428,687.192
687.429,687.192
687.429,687.192
687.423,687.184
687.424,687.185
687.425,687.186
687.425,687.187
687.426,687.187
687.429,687.192
687.429,687.192
687.429,687.192
687.429,687.192
687.429,687.193
687.429,687.193
687.429,687.193
687.429,687.193
687.429,687.193
687.430,687.193
687.430,687.193
687.430,687.193
687.430,687.193
687.430,687.193
687.430,687.193
687.430,687.193
687.430,687.193
687.430,687.193
687.424,687.186
687.425,687.186
687.425,687.187
687.426,687.188
687.426,687.188
687.427,687.189
687.427,687.189
687.427,687.190
687.427,687.190
687.428,687.190
687.428,687.191
687.428,687.191
687.428,687.191
687.429,687.192
687.429,687.192
687.429,687.192
687.429,687.192
687.429,687.192
687.429,687.193
687.429,687.193
687.424,687.185
687.425,687.186
687.425,687.187
687.426,687.187
687.426,687.188
687.426,687.189
687.427,687.189
687.427,687.189
687.427,687.190
687.428,687.190
687.428,687.191
687.428,687.191
687.428,687.191
687.428,687.191
687.429,687.192
687.429,687.192
687.429,687.192
687.429,687.192
687.429,687.192
687.429,687.193
687.429,687.193
687.429,687.193
687.432,687.197
687.432,687.197
687.432,687.196
687.432,687.196
687.431,687.196
687.426,687.188
687.426,687.188
687.427,687.189
687.427,687.189
687.427,687.190
687.427,687.190
687.428,687.190
687.428,687.191
687.428,687.191
687.428,687.191
687.429,687.192
687.429,687.192
687.423,687.184
687.424,687.185
687.425,687.186
687.425,687.187
687.426,687.187
687.429,687.192
687.429,687.192
687.429,687.192
687.429,687.192
687.429,687.193
687.429,687.193
687.429,687.193
687.429,687.193
687.429,687.193
687.430,687.193
687.430,687.193
687.430,687.193
687.432,687.197
687.432,687.197
687.432,687.197
687.432,687.196
687.432,687.196
687.431,687.196
687.431,687.196
687.431,687.196
687.431,687.195
687.431,687.195
687.431,687.195
687.431,687.195
687.431,687.195
687.431,687.195
687.431,687.195
687.431,687.195
687.431,687.195
687.430,687.194
687.430,687.194
687.430,687.194
687.430,687.194
687.430,687.194
687.430,687.194
687.430,687.194
687.430,687.194
687.430,687.194
687.425,687.186
687.425,687.187
687.426,687.188
687.426,687.188
687.427,687.189
687.430,687.193
687.430,687.193
687.430,687.193
687.430,687.193
687.430,687.193
687.430,687.193
687.430,687.193
687.430,687.193
687.430,687.193
687.430,687.193
687.430,687.193
687.430,687.193
687.432,687.197
687.432,687.197
687.432,687.197
687.432,687.197
687.432,687.196
687.434,687.200
687.434,687.199
687.433,687.199
687.436,687.202
687.435,687.202
687.429,687.193
687.430,687.193
687.430,687.193
687.430,687.193
687.430,687.193
687.430,687.193
687.430,687.193
687.432,687.197
687.432,687.197
687.432,687.197
687.432,687.197
687.432,687.196
687.432,687.196
687.431,687.196
687.431,687.196
687.431,687.195
687.431,687.195
687.431,687.195
687.431,687.195
687.431,687.195
687.431,687.195
687.431,687.195
687.431,687.195
687.431,687.195
687.430,687.194
687.430,687.194
687.433,687.198
687.433,687.198
687.433,687.198
687.432,687.197
687.432,687.197
687.432,687.197
687.432,687.196
687.432,687.196
687.431,687.196
687.426,687.188
687.426,687.188
687.427,687.189
687.427,687.189
687.427,687.190
687.427,687.190
687.428,687.190
687.428,687.191
687.428,687.191
687.428,687.191
687.429,687.192
687.429,687.192
687.429,687.192
687.429,687.192
687.429,687.192
687.429,687.193
687.429,687.193
687.429,687.193
687.429,687.193
687.429,687.193
687.429,687.193
687.432,687.197
687.432,687.197
687.432,687.196
687.432,687.196
687.432,687.196
687.431,687.196
687.431,687.196
687.431,687.195
687.431,687.195
687.434,687.199
687.433,687.199
687.433,687.198
687.433,687.198
687.432,687.197
687.432,687.197
687.432,687.197
687.432,687.196
687.432,687.196
687.432,687.196
687.431,687.196
687.431,687.196
687.431,687.195
687.431,687.195
687.434,687.199
687.433,687.199
687.433,687.198
687.433,687.198
687.432,687.197
687.435,687.201
687.434,687.200
687.434,687.200
687.434,687.199
687.433,687.199
687.433,687.198
687.433,687.198
687.432,687.197
687.435,687.201
687.434,687.200
687.434,687.200
687.434,687.199
687.433,687.199
687.433,687.198
687.433,687.198
687.432,687.197
687.432,687.197
687.432,687.197
687.432,687.196
687.432,687.196
687.432,687.196
687.426,687.188
687.426,687.189
687.427,687.189
687.427,687.189
687.427,687.190
687.428,687.190
687.428,687.191
687.428,687.191
687.428,687.191
687.428,687.191
687.429,687.192
687.429,687.192
687.429,687.192
687.429,687.192
687.429,687.192
687.429,687.193
687.429,687.193
687.432,687.197
687.432,687.196
687.432,687.196
687.432,687.196
687.431,687.196
687.431,687.196
687.431,687.195
687.431,687.195
687.431,687.195
687.431,687.195
687.431,687.195
687.431,687.195
687.431,687.195
687.431,687.195
687.431,687.195
687.430,687.194
687.430,687.194
687.430,687.194
687.430,687.194
687.430,687.194
687.430,687.194
687.430,687.194
687.430,687.194
687.430,687.194
687.430,687.194
687.430,687.194
687.425,687.186
687.425,687.187
687.426,687.188
687.426,687.188
687.427,687.189
687.427,687.189
687.427,687.190
687.427,687.190
687.428,687.190
687.428,687.191
687.428,687.191
687.423,687.184
687.424,687.184
687.424,687.185
687.425,687.186
687.420,687.179
687.421,687.181
687.422,687.182
687.423,687.183
687.423,687.184
687.424,687.185
687.425,687.186
687.425,687.187
687.426,687.187
687.426,687.188
687.426,687.189
687.427,687.189
687.427,687.189
687.427,687.190
687.428,687.190
687.428,687.191
687.428,687.191
687.431,687.195
687.431,687.195
687.431,687.195
687.431,687.195
687.431,687.195
687.431,687.195
687.431,687.195
687.430,687.194
687.433,687.198
687.433,687.198
687.433,687.198
687.432,687.197
687.432,687.197
687.432,687.197
687.432,687.196
687.432,687.196
687.431,687.196
687.434,687.200
687.434,687.199
687.433,687.199
687.433,687.198
687.433,687.198
687.432,687.197
687.432,687.197
687.432,687.197
687.432,687.196
687.426,687.188
687.427,687.189
687.427,687.189
687.427,687.190
687.428,687.190
687.428,687.191
687.428,687.191
687.428,687.191
687.428,687.191
687.429,687.192
687.429,687.192
687.429,687.192
687.429,687.192
687.429,687.192
687.429,687.193
687.429,687.193
687.429,687.193
687.432,687.197
687.432,687.197
687.432,687.196
687.432,687.196
687.431,687.196
687.431,687.196
687.431,687.195
687.431,687.195
687.431,687.195
687.431,687.195
687.425,687.187
687.426,687.188
687.426,687.188
687.427,687.189
687.427,687.189
687.427,687.190
687.427,687.190
687.430,687.194
687.430,687.194
687.430,687.194
687.430,687.194
687.430,687.194
687.425,687.186
687.425,687.187
687.426,687.188
687.426,687.188
687.427,687.189
687.430,687.193
687.430,687.193
687.430,687.193
687.430,687.193
687.432,687.197
687.432,687.197
687.432,687.197
687.432,687.197
687.432,687.196
687.434,687.200
687.434,687.199
687.433,687.199
687.433,687.198
687.433,687.198
687.433,687.198
687.432,687.197
687.435,687.201
687.434,687.200
687.434,687.200
687.434,687.199
687.433,687.199
687.433,687.198
687.427,687.190
687.428,687.190
687.428,687.191
687.428,687.191
687.428,687.191
687.428,687.191
687.429,687.192
687.429,687.192
687.429,687.192
687.429,687.192
687.429,687.192
687.429,687.193
687.429,687.193
687.429,687.193
687.429,687.193
687.429,687.193
687.430,687.193
687.430,687.193
687.432,687.197
687.432,687.197
687.432,687.197
687.432,687.196
687.432,687.196
687.431,687.196
687.431,687.196
687.431,687.195
687.431,687.195
687.431,687.195
687.431,687.195
687.431,687.195
687.431,687.195
687.431,687.195
687.431,687.195
687.431,687.195
687.430,687.194
687.430,687.194
687.430,687.194
687.433,687.198
687.433,687.198
687.432,687.197
687.432,687.197
687.432,687.197
687.432,687.197
687.432,687.196
687.432,687.196
687.431,687.196
687.431,687.196
687.431,687.195
687.431,687.195
687.434,687.199
687.433,687.199
687.433,687.198
687.433,687.198
687.432,687.197
687.432,687.197
687.432,687.197
687.432,687.196
687.432,687.196
687.426,687.188
687.427,687.189
687.427,687.189
687.427,687.190
687.427,687.190
687.430,687.194
687.430,687.194
687.427,687.189
687.427,687.189
687.427,687.190
687.427,687.190
687.428,687.190
687.428,687.191
687.428,687.191
687.428,687.191
687.429,687.192
687.431,687.196
687.431,687.196
687.431,687.195
687.431,687.195
687.431,687.195
687.434,687.199
687.433,687.199
687.433,687.198
687.433,687.198
687.432,687.197
687.432,687.197
687.432,687.197
687.432,687.196
687.432,687.196
687.432,687.196
687.431,687.196
687.441,687.210
687.440,687.209
687.439,687.207
687.438,687.206
687.437,687.205
687.437,687.204
687.436,687.203
687.436,687.202
687.435,687.201
687.427,687.189
687.427,687.189
687.427,687.190
687.427,687.190
687.436,687.202
687.435,687.201
687.435,687.201
687.429,687.192
687.429,687.192
687.429,687.193
687.421,687.181
687.430,687.194
687.430,687.194
687.438,687.206
687.437,687.205
687.431,687.196
687.431,687.196
687.423,687.184
687.424,687.185
687.424,687.186
687.425,687.186
687.433,687.199
687.433,687.198
687.441,687.210
687.432,687.197
687.432,687.196
687.432,687.196
687.434,687.200
687.434,687.199
687.433,687.199
687.441,687.210
687.440,687.209
687.434,687.199
687.433,687.199
687.425,687.187
687.426,687.187
687.426,687.188
687.426,687.188
687.427,687.189
687.427,687.189
687.419,687.178
687.412,687.168
687.414,687.170
687.410,687.165
687.412,687.168
687.422,687.182
687.423,687.183
687.423,687.184
687.416,687.173
687.417,687.175
687.419,687.177
687.420,687.179
687.421,687.180
687.430,687.193
687.430,687.193
687.430,687.193
687.430,687.193
687.430,687.193
687.422,687.182
687.423,687.183
687.415,687.172
687.417,687.174
687.426,687.188
687.426,687.188
687.427,687.189
687.427,687.189
687.427,687.190
687.428,687.190
687.420,687.179
687.421,687.180
687.422,687.182
687.422,687.183
687.415,687.172
687.417,687.174
687.418,687.176
687.414,687.170
687.407,687.160
687.401,687.152
687.404,687.156
687.407,687.159
687.409,687.163
687.403,687.154
687.400,687.150
687.403,687.154
687.406,687.158
687.400,687.150
687.403,687.154
687.405,687.158
687.400,687.149
687.395,687.142
687.398,687.147
687.378,687.118
687.383,687.125
687.382,687.124
687.379,687.119
687.376,687.114
687.373,687.110
687.370,687.106
687.376,687.115
687.373,687.110
687.370,687.107
687.368,687.103
687.374,687.112
687.374,687.112
687.379,687.120
687.376,687.115
687.373,687.111
687.371,687.107
687.368,687.103
687.366,687.100
687.372,687.109
687.370,687.105
687.375,687.114
687.381,687.121
687.377,687.117
687.374,687.112
687.382,687.124
687.379,687.119
687.384,687.126
687.380,687.121
687.377,687.116
687.382,687.123
687.378,687.118
687.383,687.125
687.380,687.120
687.376,687.115
687.382,687.123
687.378,687.118
687.383,687.125
687.380,687.120
687.384,687.127
687.381,687.122
687.380,687.121
687.377,687.116
687.374,687.111
687.371,687.108
687.377,687.116
687.382,687.123
687.378,687.118
687.383,687.125
687.380,687.120
687.384,687.127
687.381,687.122
687.377,687.117
687.374,687.112
687.380,687.120
687.384,687.127
687.389,687.133
687.393,687.139
687.391,687.137
687.387,687.130
687.383,687.125
687.390,687.135
687.402,687.152
687.404,687.156
687.407,687.160
687.409,687.163
687.411,687.166
687.405,687.157
687.407,687.160
687.409,687.164
687.414,687.170
687.416,687.173
687.417,687.175
687.418,687.177
687.419,687.178
687.420,687.180
687.421,687.181
687.422,687.182
687.423,687.183
687.424,687.184
687.424,687.185
687.425,687.186
687.417,687.175
687.418,687.177
687.411,687.167
687.405,687.157
687.408,687.161
687.418,687.176
687.414,687.170
687.407,687.160
687.401,687.152
687.404,687.156
687.407,687.159
687.409,687.163
687.411,687.166
687.421,687.180
687.422,687.182
687.422,687.183
687.423,687.184
687.416,687.173
687.424,687.186
687.417,687.175
687.418,687.176
687.411,687.166
687.413,687.169
687.415,687.171
687.408,687.162
687.410,687.165
687.407,687.160
687.401,687.151
687.396,687.143
687.399,687.148
687.397,687.145
687.400,687.149
687.403,687.154
687.400,687.150
687.403,687.154
687.397,687.146
687.400,687.150
687.398,687.147
687.393,687.140
687.396,687.145
687.400,687.149
687.403,687.154
687.405,687.157
687.412,687.168
687.414,687.170
687.407,687.161
687.409,687.164
687.411,687.167
687.421,687.181
687.422,687.182
687.415,687.172
687.408,687.162
687.402,687.153
687.405,687.157
687.407,687.161
687.412,687.168
687.414,687.170
687.415,687.172
687.417,687.174
687.413,687.168
687.414,687.171
687.416,687.173
687.409,687.163
687.411,687.166
687.413,687.169
687.415,687.171
687.416,687.173
687.420,687.179
687.412,687.167
687.414,687.170
687.407,687.160
687.409,687.163
687.411,687.166
687.405,687.157
687.407,687.161
687.412,687.168
687.406,687.158
687.408,687.162
687.410,687.165
687.404,687.156
687.407,687.159
687.401,687.151
687.404,687.155
687.398,687.147
687.401,687.152
687.404,687.156
687.398,687.147
687.401,687.152
687.404,687.156
687.398,687.148
687.393,687.140
687.397,687.145
687.408,687.162
687.410,687.165
687.407,687.160
687.401,687.151
687.404,687.155
687.406,687.159
687.408,687.162
687.411,687.165
687.412,687.168
687.406,687.159
687.400,687.150
687.395,687.143
687.398,687.148
687.401,687.152
687.407,687.160
687.401,687.151
687.404,687.155
687.406,687.159
687.411,687.166
687.413,687.169
687.415,687.171
687.411,687.166
687.413,687.168
687.414,687.171
687.408,687.161
687.410,687.164
687.412,687.167
687.414,687.170
687.415,687.172
687.411,687.166
687.413,687.169
687.417,687.175
687.419,687.177
687.420,687.179
687.429,687.192
687.421,687.180
687.422,687.182
687.422,687.183
687.423,687.184
687.418,687.177
687.420,687.178
687.421,687.180
687.421,687.181
687.414,687.171
687.408,687.161
687.410,687.164
687.412,687.167
687.414,687.170
687.415,687.172
687.417,687.174
687.418,687.176
687.405,687.157
687.407,687.160
687.409,687.164
687.403,687.155
687.398,687.147
687.393,687.139
687.396,687.145
687.392,687.138
687.387,687.131
687.391,687.137
687.395,687.142
687.390,687.136
687.394,687.141
687.397,687.146
687.401,687.151
687.403,687.155
687.406,687.159
687.408,687.162
687.410,687.165
687.415,687.172
687.416,687.174
687.418,687.176
687.419,687.177
687.412,687.167
687.414,687.170
687.382,687.123
687.378,687.118
687.375,687.114
687.381,687.121
687.385,687.128
687.381,687.123
687.378,687.118
687.375,687.113
687.380,687.121
687.380,687.120
687.376,687.115
687.381,687.123
687.386,687.130
687.382,687.124
687.379,687.119
687.376,687.114
687.373,687.110
687.370,687.106
687.379,687.118
687.375,687.114
687.373,687.110
687.381,687.122
687.385,687.129
687.390,687.135
687.385,687.129
687.418,687.177
687.419,687.178
687.415,687.172
687.416,687.174
687.418,687.176
687.422,687.181
687.422,687.183
687.423,687.184
687.424,687.185
687.432,687.197
687.435,687.201
687.426,687.189
687.427,687.189
687.427,687.189
687.435,687.202
687.435,687.201
687.434,687.200
687.434,687.200
687.434,687.199
687.433,687.199
687.433,687.198
687.433,687.198
687.424,687.186
687.425,687.186
687.425,687.187
687.426,687.188
687.426,687.188
687.427,687.189
687.427,687.189
687.419,687.178
687.420,687.179
687.421,687.181
687.422,687.182
687.431,687.195
687.431,687.195
687.431,687.195
687.431,687.195
687.423,687.183
687.423,687.184
687.424,687.185
687.425,687.186
687.433,687.198
687.433,687.198
687.433,687.198
687.440,687.209
687.434,687.200
687.434,687.199
687.433,687.199
687.425,687.186
687.425,687.187
687.436,687.203
687.444,687.214
687.442,687.212
687.441,687.210
687.440,687.209
687.431,687.195
687.431,687.195
687.431,687.195
687.425,687.187
687.434,687.200
687.434,687.199
687.433,687.199
687.433,687.198
687.433,687.198
687.424,687.186
687.428,687.190
687.428,687.191
687.428,687.191
687.428,687.191
687.428,687.191
687.429,687.192
687.421,687.180
687.422,687.182
687.425,687.187
687.418,687.176
687.422,687.181
687.422,687.183
687.415,687.172
687.416,687.174
687.418,687.176
687.414,687.170
687.423,687.184
687.424,687.185
687.424,687.186
688.966,689.442
690.239,691.307
692.641,694.823
694.728,697.879
696.271,700.137
697.263,701.590
698.291,703.095
698.810,703.855
698.813,703.859
698.900,703.988
698.923,704.020
698.882,703.960
698.839,703.897
698.780,703.811
698.136,702.868
697.961,702.613
691.502,693.155
690.802,692.130
690.781,692.100
690.717,692.006
690.706,691.990
690.682,691.955
690.650,691.908
690.627,691.874
690.597,691.830
690.573,691.796
690.558,691.774
690.542,691.750
690.528,691.730
690.510,691.704
690.501,691.690
690.487,691.670
690.471,691.647
690.449,691.614
690.429,691.585
690.398,691.539
690.375,691.506
690.355,691.476
690.328,691.437
690.304,691.402
690.266,691.346
689.253,689.862
689.243,689.848
689.242,689.847
689.233,689.834
689.217,689.811
689.203,689.790
689.198,689.782
689.185,689.764
689.182,689.759
689.179,689.755
689.168,689.739
689.167,689.736
689.165,689.734
689.156,689.720
689.155,689.720
689.155,689.719
689.146,689.707
689.147,689.707
689.139,689.696
689.140,689.698
689.141,689.699
689.142,689.700
689.143,689.702
689.135,689.691
689.129,689.681
689.123,689.672
689.126,689.676
689.128,689.680
689.122,689.671
689.125,689.675
689.127,689.679
689.121,689.670
689.116,689.662
689.119,689.667
689.122,689.672
689.117,689.664
689.112,689.657
689.108,689.650
689.112,689.656
689.107,689.650
689.103,689.644
689.097,689.634
689.091,689.626
689.086,689.618
689.084,689.615
689.082,689.613
689.081,689.610
689.079,689.608
689.078,689.606
689.074,689.600
689.070,689.595
689.062,689.583
689.062,689.583
689.054,689.572
689.055,689.574
689.056,689.575
689.054,689.572
689.060,689.581
689.061,689.582
689.061,689.582
689.062,689.583
689.062,689.584
689.071,689.596
689.070,689.595
689.070,689.595
689.069,689.594
689.074,689.601
689.078,689.607
689.082,689.613
689.086,689.618
689.092,689.627
689.090,689.624
689.092,689.628
689.087,689.620
689.085,689.617
689.091,689.626
689.089,689.622
689.095,689.631
689.100,689.639
689.097,689.634
689.102,689.641
689.106,689.648
689.103,689.643
689.099,689.638
689.096,689.633
689.093,689.629
689.091,689.625
689.085,689.617
689.088,689.622
689.086,689.619
689.076,689.604
689.075,689.603
689.074,689.601
689.071,689.596
689.067,689.591
689.064,689.586
689.056,689.575
689.057,689.576
689.050,689.566
689.051,689.568
689.050,689.565
689.043,689.556
689.045,689.559
689.047,689.562
689.049,689.564
689.051,689.567
689.049,689.565
689.051,689.567
689.044,689.557
689.046,689.560
689.040,689.551
689.043,689.555
689.042,689.554
689.041,689.553
689.044,689.556
689.038,689.548
689.040,689.551
689.040,689.551
689.039,689.550
689.034,689.542
689.029,689.535
689.024,689.528
689.017,689.518
689.014,689.513
689.011,689.508
689.005,689.500
689.003,689.496
689.001,689.493
688.999,689.491
688.994,689.484
688.985,689.470
688.985,689.470
688.981,689.465
688.973,689.453
688.966,689.443
688.964,689.440
688.966,689.443
688.968,689.445
688.969,689.447
688.962,689.437
688.964,689.439
688.963,689.438
688.956,689.428
688.959,689.432
688.958,689.431
688.952,689.422
688.947,689.415
688.939,689.403
688.935,689.397
688.931,689.392
688.933,689.395
688.930,689.389
688.932,689.392
688.928,689.387
688.925,689.383
688.928,689.387
688.925,689.382
688.919,689.374
688.917,689.371
688.920,689.376
688.918,689.372
688.916,689.369
688.906,689.355
688.905,689.353
688.904,689.352
688.904,689.351
688.900,689.346
688.900,689.346
688.896,689.341
688.896,689.341
688.893,689.336
688.886,689.325
688.879,689.315
688.880,689.317
688.882,689.320
688.875,689.310
688.877,689.313
688.884,689.323
688.877,689.313
688.876,689.311
688.878,689.314
688.877,689.312
688.871,689.303
688.870,689.303
688.865,689.294
688.865,689.295
688.868,689.299
688.871,689.303
688.873,689.307
688.872,689.306
688.875,689.309
688.874,689.308
688.868,689.299
688.868,689.299
688.871,689.303
688.873,689.307
688.875,689.310
688.869,689.301
688.864,689.293
688.864,689.293
688.859,689.286
688.860,689.287
688.855,689.280
688.851,689.274
688.847,689.269
688.844,689.264
688.838,689.255
688.836,689.252
688.825,689.236
688.821,689.230
688.820,689.229
688.811,689.216
688.808,689.212
688.801,689.201
688.802,689.202
688.792,689.188
688.786,689.179
688.780,689.170
688.780,689.171
688.783,689.175
688.786,689.179
688.786,689.178
688.777,689.166
688.772,689.159
688.768,689.153
688.761,689.143
688.758,689.138
688.755,689.134
688.753,689.130
688.747,689.122
688.742,689.115
688.741,689.113
688.732,689.100
688.731,689.099
688.728,689.094
688.725,689.090
688.725,689.090
688.717,689.079
688.710,689.068
688.709,689.066
688.708,689.065
688.699,689.051
688.701,689.055
688.704,689.059
688.698,689.050
688.690,689.038
688.682,689.028
688.684,689.030
688.680,689.024
688.676,689.019
688.673,689.014
688.670,689.010
688.676,689.018
688.678,689.021
688.672,689.011
688.666,689.003
688.669,689.008
688.672,689.011
688.669,689.007
688.666,689.004
688.656,688.989
688.655,688.987
688.654,688.985
688.652,688.984
688.652,688.982
688.651,688.981
688.642,688.968
688.639,688.964
688.639,688.965
688.637,688.961
688.627,688.946
688.620,688.936
688.614,688.927
688.609,688.920
688.612,688.924
688.607,688.917
688.602,688.910
688.598,688.904
688.602,688.910
688.598,688.904
688.594,688.899
688.599,688.905
688.603,688.911
688.599,688.905
688.595,688.899
688.599,688.906
688.596,688.900
688.592,688.895
688.589,688.890
688.586,688.886
688.583,688.882
688.589,688.891
688.586,688.886
688.583,688.882
688.581,688.879
688.584,688.883
688.579,688.876
688.582,688.880
688.585,688.884
688.579,688.876
688.582,688.881
688.577,688.873
688.573,688.867
688.576,688.872
688.580,688.877
688.578,688.874
688.573,688.867
688.571,688.865
688.570,688.863
688.569,688.861
688.568,688.860
688.567,688.859
688.566,688.857
688.557,688.844
688.557,688.844
688.557,688.845
688.549,688.833
688.555,688.842
688.553,688.838
688.550,688.834
688.548,688.831
688.541,688.821
688.543,688.823
688.536,688.813
688.538,688.816
688.540,688.819
688.539,688.817
688.538,688.816
688.537,688.815
688.531,688.806
688.525,688.798
688.521,688.790
688.516,688.784
688.517,688.785
688.518,688.787
688.527,688.800
688.527,688.800
688.530,688.805
688.533,688.808
688.527,688.800
688.519,688.788
688.520,688.790
688.513,688.779
688.517,688.785
688.513,688.779
688.509,688.774
688.514,688.781
688.523,688.794
688.524,688.795
688.524,688.795
688.524,688.796
688.528,688.801
688.522,688.793
688.518,688.786
688.519,688.788
688.520,688.789
688.520,688.790
688.521,688.791
688.525,688.797
688.520,688.789
688.515,688.783
688.517,688.785
688.518,688.786
688.519,688.788
688.522,688.793
688.518,688.786
688.522,688.792
688.514,688.781
688.515,688.783
688.509,688.773
688.510,688.776
688.507,688.770
688.504,688.766
688.509,688.773
688.506,688.769
688.508,688.772
688.510,688.774
688.511,688.777
688.508,688.772
688.505,688.767
688.502,688.763
688.504,688.766
688.506,688.770
688.508,688.773
688.505,688.768
688.502,688.763
688.499,688.759
688.502,688.763
688.496,688.755
688.499,688.760
688.505,688.768
688.502,688.763
688.507,688.771
688.504,688.766
688.501,688.762
688.496,688.754
688.491,688.747
688.486,688.740
688.485,688.738
688.492,688.748
688.490,688.746
688.494,688.751
688.489,688.744
688.487,688.742
688.486,688.740
688.485,688.738
688.481,688.732
688.477,688.727
688.474,688.722
688.482,688.734
688.489,688.745
688.493,688.750
688.496,688.755
688.494,688.752
688.492,688.749
688.490,688.746
688.494,688.752
688.489,688.744
688.488,688.742
688.494,688.752
688.492,688.749
688.496,688.754
688.499,688.759
688.502,688.763
688.499,688.759
688.499,688.759
688.494,688.752
688.497,688.756
688.487,688.741
688.486,688.739
688.482,688.734
688.478,688.728
688.478,688.728
688.477,688.727
688.474,688.722
688.479,688.730
688.479,688.729
688.486,688.740
688.482,688.734
688.486,688.740
688.485,688.739
688.484,688.737
688.488,688.743
688.492,688.749
688.498,688.758
688.496,688.754
688.494,688.751
688.489,688.744
688.485,688.738
688.489,688.744
688.482,688.734
688.481,688.732
688.485,688.739
688.489,688.745
688.488,688.743
688.487,688.741
688.493,688.751
688.497,688.755
688.500,688.760
688.505,688.768
688.502,688.764
688.497,688.755
688.492,688.748
688.490,688.745
688.488,688.743
688.492,688.749
688.487,688.742
688.491,688.748
688.490,688.745
688.488,688.743
688.492,688.748
688.495,688.753
688.490,688.746
688.489,688.744
688.487,688.742
688.486,688.740
688.490,688.746
688.494,688.751
688.489,688.744
688.495,688.754
688.501,688.762
688.499,688.758
688.504,688.767
688.510,688.774
688.511,688.777
688.513,688.779
688.509,688.774
688.514,688.781
688.510,688.775
688.504,688.766
688.506,688.769
688.508,688.772
688.513,688.779
688.517,688.785
688.513,688.779
688.514,688.781
688.516,688.783
688.509,688.773
688.511,688.776
688.507,688.771
688.504,688.766
688.509,688.774
688.503,688.764
688.505,688.768
688.499,688.759
688.505,688.768
688.502,688.763
688.507,688.771
688.509,688.774
688.511,688.777
688.513,688.779
688.517,688.785
688.513,688.779
688.517,688.785
688.513,688.779
688.514,688.781
688.516,688.783
688.517,688.785
688.521,688.791
688.516,688.784
688.520,688.790
688.516,688.783
688.525,688.797
688.525,688.797
688.525,688.798
688.521,688.790
688.524,688.796
688.519,688.789
688.515,688.782
688.516,688.784
688.517,688.786
688.518,688.787
688.514,688.781
688.518,688.787
688.522,688.793
688.523,688.793
688.523,688.794
688.524,688.795
688.519,688.788
688.523,688.793
688.518,688.787
688.519,688.788
688.512,688.777
688.513,688.780
688.515,688.782
688.511,688.776
688.515,688.783
688.511,688.777
688.508,688.772
688.510,688.774
