# Physical_Baseline=691.63pF, Trigger_Distance=8.6cm, Atten_Ratio=0.74
Raw_Capacitance(pF),Normalized_Capacitance(pF)
691.761,691.726
691.766,691.730
691.763,691.727
691.760,691.725
691.765,691.729
691.761,691.726
691.763,691.727
691.760,691.725
691.757,691.723
691.754,691.721
691.760,691.725
691.757,691.723
691.763,691.727
691.756,691.722
691.753,691.720
691.751,691.718
691.757,691.723
691.755,691.721
691.760,691.725
691.757,691.723
691.755,691.721
691.752,691.719
691.750,691.718
691.748,691.716
691.746,691.715
691.753,691.720
691.750,691.718
691.745,691.714
691.740,691.710
691.739,691.709
691.738,691.709
691.684,691.669
691.680,691.666
691.673,691.661
691.675,691.662
691.677,691.664
691.678,691.665
691.672,691.660
691.674,691.661
691.667,691.657
691.670,691.658
691.667,691.657
691.670,691.658
691.664,691.654
691.659,691.650
691.662,691.653
691.665,691.655
691.663,691.653
691.661,691.652
691.660,691.651
691.658,691.650
691.657,691.649
691.656,691.648
691.654,691.647
691.662,691.652
691.660,691.651
691.557,691.575
691.557,691.575
691.557,691.575
691.558,691.575
691.554,691.573
691.551,691.571
691.552,691.571
691.545,691.566
691.543,691.564
691.544,691.566
691.546,691.567
691.539,691.562
691.538,691.560
691.540,691.562
691.542,691.563
691.540,691.562
691.534,691.558
691.528,691.553
691.531,691.556
691.530,691.555
691.525,691.551
691.520,691.548
691.512,691.542
691.517,691.545
691.509,691.540
691.491,691.526
691.489,691.525
691.488,691.524
691.483,691.520
691.482,691.520
691.473,691.513
691.474,691.513
691.474,691.513
691.478,691.517
691.478,691.516
691.474,691.514
691.474,691.514
691.474,691.514
691.471,691.511
691.471,691.511
691.468,691.509
691.469,691.510
691.461,691.504
691.454,691.499
691.448,691.494
691.447,691.494
691.450,691.496
691.441,691.489
691.444,691.491
691.443,691.491
691.438,691.487
691.438,691.487
691.434,691.484
691.434,691.484
691.430,691.481
691.431,691.481
691.427,691.479
691.428,691.479
691.424,691.477
691.421,691.474
691.418,691.472
691.415,691.470
691.409,691.466
691.399,691.458
691.403,691.461
691.402,691.460
691.405,691.463
691.404,691.461
691.394,691.454
691.390,691.452
691.390,691.452
691.387,691.449
691.387,691.449
691.384,691.447
691.384,691.447
691.377,691.442
691.375,691.440
691.376,691.441
691.382,691.445
691.383,691.446
691.380,691.444
691.381,691.445
691.374,691.439
691.372,691.438
691.373,691.439
691.375,691.440
691.381,691.445
691.374,691.439
691.372,691.438
691.373,691.439
691.372,691.438
691.365,691.433
691.359,691.429
691.359,691.428
691.362,691.430
691.356,691.426
691.356,691.426
691.359,691.429
691.362,691.431
691.361,691.430
691.356,691.426
691.359,691.428
691.359,691.428
691.353,691.424
691.349,691.421
691.349,691.421
691.345,691.418
691.341,691.415
691.334,691.410
691.328,691.406
691.326,691.404
691.324,691.402
691.319,691.399
691.317,691.398
691.316,691.397
691.312,691.393
691.308,691.390
691.307,691.390
691.299,691.384
691.299,691.384
691.297,691.382
691.289,691.377
691.283,691.372
691.285,691.373
691.283,691.372
691.282,691.371
691.284,691.373
691.286,691.374
691.280,691.370
691.279,691.369
691.281,691.371
691.283,691.372
691.277,691.368
691.276,691.367
691.284,691.373
691.278,691.368
691.280,691.370
691.271,691.363
691.279,691.369
691.273,691.365
691.276,691.367
691.276,691.367
691.267,691.360
691.267,691.360
691.271,691.363
691.274,691.365
691.277,691.368
691.276,691.367
691.275,691.367
691.278,691.369
691.273,691.364
691.267,691.361
691.260,691.355
691.260,691.356
691.261,691.356
691.265,691.359
691.261,691.356
691.257,691.353
691.250,691.348
691.244,691.343
691.246,691.345
691.244,691.343
691.241,691.341
691.239,691.340
691.237,691.338
691.236,691.337
691.231,691.334
691.226,691.330
691.222,691.327
691.230,691.333
691.221,691.326
691.221,691.326
691.221,691.326
691.217,691.324
691.222,691.327
691.219,691.325
691.215,691.322
691.216,691.322
691.208,691.317
691.201,691.312
691.195,691.307
691.194,691.306
691.193,691.305
691.192,691.305
691.191,691.304
691.190,691.304
691.190,691.303
691.193,691.305
691.195,691.307
691.198,691.309
691.200,691.311
691.193,691.306
691.196,691.308
691.190,691.304
691.193,691.306
691.195,691.307
691.190,691.303
691.184,691.299
691.188,691.302
691.183,691.298
691.175,691.292
691.176,691.293
691.168,691.287
691.170,691.289
691.171,691.290
691.172,691.290
691.174,691.291
691.174,691.292
691.175,691.293
691.176,691.293
691.177,691.294
691.170,691.288
691.171,691.289
691.172,691.290
691.173,691.291
691.166,691.286
691.163,691.284
691.161,691.282
691.158,691.280
691.156,691.278
691.146,691.271
691.145,691.270
691.140,691.267
691.140,691.266
691.139,691.266
691.139,691.266
691.138,691.265
691.138,691.265
691.138,691.265
691.137,691.265
691.137,691.264
691.137,691.264
691.133,691.262
691.130,691.259
691.127,691.257
691.133,691.261
691.129,691.259
691.127,691.257
691.127,691.257
691.120,691.252
691.113,691.247
691.107,691.242
691.102,691.238
691.105,691.240
691.100,691.237
691.100,691.237
691.100,691.237
691.100,691.237
691.100,691.237
691.095,691.233
691.090,691.230
691.087,691.227
691.088,691.228
691.081,691.223
691.083,691.224
691.084,691.225
691.081,691.223
691.086,691.227
691.091,691.230
691.091,691.231
691.092,691.231
691.093,691.232
691.097,691.235
691.092,691.231
691.096,691.234
691.097,691.234
691.097,691.235
691.089,691.229
691.085,691.226
691.082,691.223
691.084,691.225
691.077,691.220
691.082,691.224
691.079,691.222
691.076,691.219
691.074,691.218
691.068,691.213
691.063,691.210
691.062,691.209
691.061,691.208
691.056,691.205
691.052,691.202
691.052,691.201
691.052,691.201
691.048,691.199
691.053,691.202
691.049,691.200
691.049,691.200
691.049,691.200
691.046,691.197
691.043,691.195
691.044,691.195
691.044,691.196
691.037,691.190
691.035,691.189
691.033,691.187
691.026,691.182
691.028,691.184
691.027,691.183
691.029,691.185
691.023,691.180
691.026,691.182
691.025,691.181
691.024,691.180
691.026,691.182
691.028,691.184
691.027,691.183
691.026,691.182
691.028,691.184
691.022,691.179
691.021,691.179
691.016,691.175
691.011,691.171
691.011,691.171
691.007,691.168
691.003,691.165
691.004,691.166
691.005,691.167
691.009,691.170
691.005,691.167
691.006,691.167
691.002,691.164
690.998,691.162
691.000,691.163
691.001,691.164
691.006,691.167
691.007,691.168
691.007,691.168
691.003,691.165
691.004,691.166
690.997,691.161
690.994,691.159
690.991,691.157
690.994,691.158
690.991,691.156
690.988,691.154
690.991,691.156
690.988,691.154
690.986,691.153
690.981,691.149
690.979,691.148
690.978,691.146
690.973,691.143
690.972,691.143
690.972,691.142
690.976,691.145
690.967,691.138
690.971,691.142
690.967,691.139
690.959,691.133
690.964,691.136
690.964,691.136
690.964,691.137
690.961,691.134
690.961,691.134
690.966,691.138
690.963,691.136
690.955,691.130
690.956,691.130
690.953,691.129
690.955,691.129
690.952,691.128
690.953,691.128
690.951,691.127
690.949,691.125
690.951,691.126
690.949,691.125
690.950,691.126
690.948,691.125
690.946,691.123
690.940,691.119
690.939,691.118
690.933,691.114
690.933,691.113
690.928,691.110
690.923,691.106
690.924,691.107
690.920,691.104
690.913,691.098
690.914,691.100
690.919,691.103
690.920,691.104
690.924,691.107
690.925,691.107
690.925,691.108
690.921,691.104
690.922,691.105
690.918,691.102
690.919,691.103
690.915,691.100
690.917,691.101
690.921,691.105
690.922,691.105
690.918,691.102
690.919,691.103
690.915,691.100
690.917,691.101
690.910,691.096
690.904,691.092
690.901,691.090
690.899,691.088
690.894,691.085
690.893,691.084
690.888,691.080
690.887,691.080
690.883,691.077
690.883,691.076
690.888,691.080
690.895,691.085
690.890,691.082
690.889,691.081
690.893,691.084
690.900,691.089
690.903,691.091
690.900,691.089
690.903,691.091
690.901,691.090
690.896,691.086
690.894,691.085
690.889,691.081
690.889,691.080
690.892,691.083
690.899,691.088
690.902,691.091
690.900,691.089
690.895,691.085
690.893,691.084
690.897,691.087
690.903,691.091
690.906,691.093
690.903,691.091
690.906,691.093
690.911,691.097
690.913,691.099
690.910,691.096
690.912,691.098
690.917,691.101
690.918,691.102
690.914,691.100
690.908,691.095
690.905,691.093
690.899,691.089
690.890,691.081
690.885,691.078
690.885,691.078
690.881,691.075
690.886,691.078
690.877,691.072
690.882,691.076
690.874,691.069
690.835,691.041
690.831,691.038
690.832,691.039
690.834,691.040
690.830,691.037
690.827,691.035
690.820,691.030
690.818,691.028
690.812,691.024
690.815,691.026
690.814,691.025
690.817,691.027
690.811,691.023
690.810,691.022
690.808,691.021
690.804,691.018
690.803,691.017
690.802,691.016
690.798,691.014
690.798,691.013
690.797,691.013
690.794,691.010
690.799,691.014
690.806,691.020
690.802,691.017
690.735,690.967
690.732,690.965
690.730,690.963
690.733,690.966
690.736,690.967
690.733,690.966
690.731,690.964
690.734,690.966
690.728,690.962
690.723,690.958
690.727,690.961
690.725,690.960
690.724,690.959
690.722,690.958
690.726,690.960
690.729,690.963
690.727,690.961
690.726,690.960
690.724,690.959
690.720,690.956
690.723,690.958
690.727,690.961
690.722,690.957
690.721,690.956
690.720,690.956
690.661,690.913
690.663,690.913
690.664,690.914
690.665,690.915
690.661,690.912
690.658,690.910
690.663,690.913
690.659,690.911
690.656,690.908
690.650,690.904
690.644,690.900
690.647,690.902
690.650,690.904
690.652,690.906
690.646,690.901
690.649,690.903
690.652,690.905
690.654,690.907
690.656,690.908
690.658,690.910
690.651,690.905
690.654,690.907
690.651,690.905
690.648,690.903
690.654,690.907
690.660,690.911
690.661,690.912
690.662,690.913
690.664,690.914
690.657,690.909
690.658,690.910
690.652,690.906
690.654,690.907
690.656,690.909
690.650,690.904
690.644,690.900
690.639,690.896
690.635,690.893
690.638,690.896
690.642,690.898
690.640,690.897
690.639,690.896
690.634,690.892
690.630,690.889
690.630,690.889
690.629,690.889
690.629,690.888
690.628,690.888
690.628,690.888
690.628,690.888
690.628,690.887
690.619,690.881
690.612,690.876
690.610,690.874
690.608,690.873
690.606,690.872
690.605,690.871
690.603,690.870
690.602,690.869
690.601,690.868
690.600,690.867
690.599,690.866
690.598,690.866
690.590,690.859
690.593,690.862
690.588,690.858
690.591,690.861
690.595,690.863
690.589,690.859
690.593,690.862
690.593,690.862
690.592,690.861
690.592,690.861
690.600,690.867
690.599,690.867
690.598,690.866
690.598,690.865
690.597,690.865
690.596,690.864
690.599,690.866
690.602,690.868
690.596,690.864
690.587,690.858
690.583,690.854
690.583,690.855
690.584,690.855
690.585,690.856
690.585,690.856
690.586,690.856
690.586,690.857
690.582,690.854
690.578,690.851
690.574,690.848
690.571,690.846
690.573,690.847
690.567,690.842
690.561,690.838
690.564,690.840
690.566,690.842
690.564,690.840
690.558,690.836
690.557,690.835
690.552,690.831
690.547,690.828
690.543,690.825
690.540,690.823
690.537,690.820
690.537,690.820
690.537,690.821
690.537,690.821
690.534,690.819
690.540,690.823
690.545,690.826
690.544,690.826
690.544,690.826
690.548,690.829
690.552,690.832
690.556,690.835
690.559,690.837
690.557,690.836
690.553,690.832
690.548,690.829
690.544,690.826
690.536,690.819
690.536,690.820
690.536,690.820
690.534,690.818
690.539,690.822
690.536,690.820
690.528,690.814
690.526,690.812
690.532,690.817
690.530,690.815
690.527,690.813
690.525,690.812
690.527,690.813
690.525,690.811
690.523,690.810
690.521,690.809
690.523,690.810
690.521,690.809
690.528,690.814
690.526,690.812
690.524,690.811
690.526,690.812
690.527,690.813
690.525,690.812
690.523,690.810
690.525,690.811
690.523,690.810
690.521,690.809
690.520,690.808
690.522,690.809
690.520,690.808
690.519,690.807
690.518,690.806
690.512,690.802
690.511,690.801
690.511,690.801
690.518,690.807
690.517,690.806
690.519,690.807
690.518,690.806
690.525,690.812
690.523,690.810
690.517,690.805
690.516,690.805
690.515,690.804
690.514,690.803
690.513,690.803
690.516,690.805
690.515,690.804
690.506,690.797
690.501,690.794
690.493,690.788
690.487,690.783
690.480,690.779
690.478,690.777
690.481,690.779
690.483,690.781
690.480,690.779
690.475,690.774
690.470,690.771
690.473,690.773
690.476,690.776
690.479,690.778
690.477,690.776
690.480,690.778
690.474,690.774
690.472,690.773
690.467,690.769
690.463,690.766
690.459,690.763
690.459,690.763
690.455,690.760
690.455,690.760
690.452,690.758
690.449,690.755
690.450,690.756
690.455,690.760
690.452,690.757
690.457,690.761
690.457,690.761
690.453,690.759
690.458,690.762
690.458,690.762
690.463,690.765
690.459,690.763
690.455,690.760
690.460,690.764
690.456,690.761
690.456,690.761
690.453,690.758
690.458,690.762
690.458,690.762
690.454,690.759
690.451,690.757
690.448,690.755
690.449,690.755
690.446,690.753
690.452,690.758
690.449,690.755
690.455,690.759
690.455,690.760
690.451,690.757
690.449,690.755
690.446,690.753
690.447,690.754
690.452,690.758
690.449,690.756
690.450,690.756
690.447,690.754
690.453,690.758
690.453,690.758
690.450,690.756
690.447,690.754
690.448,690.755
690.454,690.759
690.451,690.756
690.459,690.763
690.455,690.760
690.460,690.764
690.468,690.769
690.463,690.766
690.467,690.769
690.466,690.768
690.462,690.765
690.458,690.762
690.458,690.762
690.454,690.759
690.451,690.757
690.452,690.757
690.449,690.755
690.454,690.759
690.454,690.759
690.451,690.757
690.448,690.755
690.446,690.753
690.443,690.751
690.441,690.750
690.443,690.751
690.441,690.749
690.447,690.754
690.448,690.754
690.445,690.753
690.451,690.757
690.451,690.757
690.448,690.755
690.454,690.759
690.451,690.757
690.448,690.755
690.453,690.759
690.454,690.759
690.451,690.757
690.448,690.754
690.445,690.753
690.438,690.747
690.437,690.746
690.435,690.745
690.434,690.744
690.433,690.743
690.435,690.745
690.442,690.750
690.440,690.748
690.438,690.747
690.436,690.746
690.435,690.745
690.445,690.752
690.443,690.751
690.441,690.749
690.434,690.744
690.433,690.743
690.432,690.743
690.426,690.738
690.425,690.738
690.433,690.744
690.432,690.743
690.431,690.742
690.422,690.735
690.422,690.735
690.422,690.735
690.425,690.738
690.417,690.731
690.420,690.734
690.420,690.734
690.420,690.734
690.421,690.734
690.421,690.734
690.421,690.734
690.413,690.729
690.414,690.729
690.417,690.732
690.410,690.726
690.406,690.724
690.407,690.725
690.409,690.726
690.410,690.727
690.411,690.727
690.412,690.728
690.413,690.729
690.414,690.729
690.414,690.730
690.407,690.724
690.408,690.725
690.410,690.726
690.411,690.727
690.407,690.724
690.408,690.725
690.405,690.723
690.398,690.718
690.396,690.716
690.390,690.712
690.388,690.710
690.391,690.713
690.394,690.715
690.384,690.707
690.387,690.710
690.382,690.706
690.378,690.703
690.382,690.706
690.378,690.703
690.374,690.700
690.378,690.703
690.378,690.703
690.382,690.706
690.381,690.705
690.376,690.702
690.381,690.705
690.385,690.708
690.380,690.704
690.376,690.701
690.375,690.701
690.372,690.698
690.372,690.698
690.368,690.696
690.365,690.693
690.362,690.691
690.360,690.690
690.358,690.688
690.359,690.689
690.357,690.687
690.358,690.688
690.356,690.687
690.354,690.685
690.352,690.684
690.351,690.683
690.350,690.682
690.352,690.683
690.350,690.682
690.352,690.684
690.351,690.683
690.349,690.682
690.348,690.681
690.347,690.680
690.349,690.681
690.348,690.681
690.347,690.680
690.346,690.679
690.348,690.681
690.347,690.680
690.341,690.676
690.341,690.675
690.340,690.675
690.340,690.675
690.343,690.677
690.350,690.682
690.344,690.678
690.343,690.677
690.343,690.677
690.350,690.682
690.349,690.681
690.348,690.680
690.342,690.676
690.341,690.676
690.341,690.675
690.340,690.675
690.348,690.681
690.347,690.680
690.346,690.679
690.340,690.675
690.324,690.663
690.325,690.664
690.326,690.664
690.330,690.667
690.323,690.662
690.316,690.657
690.318,690.658
690.320,690.660
690.321,690.661
690.323,690.662
690.327,690.665
690.320,690.660
690.322,690.661
690.318,690.659
690.312,690.654
690.317,690.658
690.311,690.653
690.306,690.649
690.308,690.651
690.303,690.647
690.306,690.650
690.301,690.646
690.304,690.648
690.307,690.651
690.302,690.647
690.251,690.609
690.251,690.609
690.251,690.609
690.243,690.603
690.247,690.606
690.247,690.606
690.248,690.607
690.248,690.607
690.244,690.603
690.244,690.604
690.245,690.605
690.246,690.605
690.241,690.602
690.234,690.597
690.236,690.598
690.241,690.601
690.242,690.602
690.243,690.603
690.244,690.603
690.244,690.604
690.245,690.605
690.238,690.599
690.234,690.596
690.236,690.598
690.237,690.599
690.208,690.577
690.204,690.574
690.201,690.572
690.198,690.569
690.203,690.573
690.207,690.577
690.204,690.574
690.200,690.571
690.197,690.569
690.194,690.567
690.191,690.565
690.189,690.563
690.187,690.562
690.185,690.560
690.183,690.559
690.182,690.558
690.180,690.557
690.179,690.556
690.178,690.555
690.185,690.560
690.183,690.559
690.177,690.554
690.171,690.550
690.171,690.549
690.170,690.549
690.170,690.549
690.170,690.549
690.169,690.549
690.172,690.551
690.167,690.547
690.167,690.547
690.167,690.547
690.167,690.547
690.167,690.547
690.167,690.547
690.167,690.547
690.170,690.549
690.165,690.545
690.160,690.542
690.169,690.548
690.169,690.548
690.169,690.548
690.164,690.544
690.159,690.541
690.160,690.541
690.160,690.542
690.169,690.548
690.169,690.548
690.169,690.548
690.164,690.544
690.164,690.545
690.164,690.545
690.164,690.545
690.165,690.545
690.165,690.545
690.165,690.545
690.165,690.546
690.169,690.548
690.168,690.548
690.168,690.548
690.168,690.548
690.168,690.548
690.168,690.548
690.168,690.547
690.168,690.547
690.168,690.547
690.171,690.550
690.166,690.546
690.161,690.542
690.161,690.543
690.162,690.543
690.162,690.543
690.163,690.544
690.155,690.538
690.156,690.539
690.157,690.540
690.158,690.540
690.151,690.535
690.153,690.536
690.146,690.531
690.148,690.533
690.150,690.534
690.151,690.535
690.153,690.536
690.146,690.531
690.140,690.527
690.143,690.529
690.145,690.530
690.147,690.532
690.141,690.527
690.143,690.529
690.146,690.531
690.148,690.532
690.141,690.528
690.144,690.530
690.146,690.531
690.148,690.533
690.142,690.528
690.144,690.530
690.146,690.532
690.143,690.529
690.149,690.533
690.146,690.531
690.148,690.533
690.149,690.534
690.151,690.535
690.153,690.536
690.154,690.537
690.147,690.532
690.149,690.534
690.143,690.529
690.137,690.525
690.140,690.527
690.142,690.529
690.145,690.530
690.142,690.528
690.139,690.526
690.129,690.519
690.136,690.524
690.134,690.522
690.132,690.521
690.131,690.520
690.137,690.525
690.132,690.521
690.127,690.517
690.131,690.520
690.126,690.517
690.130,690.520
690.126,690.516
690.122,690.513
690.126,690.516
690.130,690.519
690.125,690.516
690.121,690.513
690.125,690.516
690.121,690.513
690.118,690.510
690.114,690.508
690.114,690.508
690.115,690.508
690.112,690.506
690.109,690.504
690.114,690.508
690.111,690.506
690.117,690.509
690.113,690.507
690.110,690.505
690.116,690.509
690.113,690.507
690.110,690.504
690.107,690.502
690.105,690.501
690.111,690.505
690.108,690.503
690.105,690.501
690.103,690.500
690.104,690.501
690.105,690.501
690.103,690.500
690.101,690.498
690.099,690.497
690.098,690.496
690.096,690.495
690.095,690.494
690.094,690.493
690.096,690.494
690.095,690.493
690.101,690.498
690.100,690.497
690.106,690.502
690.104,690.500
690.102,690.499
690.100,690.497
690.098,690.496
690.097,690.495
690.095,690.494
690.094,690.493
690.093,690.492
690.092,690.491
690.091,690.491
690.090,690.490
690.089,690.489
690.089,690.489
690.088,690.489
690.080,690.482
690.080,690.482
690.080,690.483
690.080,690.483
690.080,690.483
690.084,690.485
690.084,690.485
690.084,690.485
690.083,690.485
690.083,690.485
690.086,690.487
690.089,690.489
690.092,690.491
690.091,690.490
690.090,690.490
690.084,690.486
690.079,690.482
690.071,690.476
690.064,690.471
690.066,690.472
690.060,690.467
690.054,690.463
690.056,690.465
690.059,690.467
690.061,690.468
690.063,690.470
690.065,690.471
690.067,690.473
690.071,690.476
690.072,690.477
690.073,690.477
690.069,690.474
690.066,690.472
690.067,690.473
690.069,690.474
690.070,690.475
690.071,690.476
690.072,690.477
690.068,690.474
690.070,690.475
690.071,690.476
690.072,690.476
690.068,690.474
690.069,690.475
690.070,690.475
690.072,690.476
690.073,690.477
690.065,690.472
690.059,690.467
690.061,690.469
690.063,690.470
690.065,690.471
690.062,690.469
690.056,690.464
690.050,690.460
690.053,690.463
690.056,690.465
690.058,690.467
690.061,690.468
690.055,690.464
690.057,690.466
690.060,690.467
690.062,690.469
690.056,690.465
690.058,690.466
690.056,690.464
690.058,690.466
690.060,690.468
690.063,690.470
690.056,690.465
690.059,690.467
690.056,690.465
690.059,690.467
690.056,690.465
690.050,690.461
690.045,690.457
690.041,690.454
690.037,690.450
690.036,690.450
690.041,690.453
690.036,690.450
690.036,690.450
690.032,690.447
690.037,690.451
690.033,690.448
690.038,690.451
690.034,690.448
690.031,690.446
690.027,690.444
690.028,690.444
690.025,690.442
690.030,690.446
690.027,690.443
690.024,690.441
690.025,690.442
690.022,690.440
690.020,690.438
690.018,690.437
690.016,690.435
690.014,690.434
690.013,690.433
690.011,690.432
690.010,690.431
690.009,690.430
690.016,690.435
690.014,690.434
690.012,690.433
690.014,690.434
690.013,690.433
690.011,690.432
690.010,690.431
690.009,690.430
690.008,690.429
690.015,690.434
690.013,690.433
690.012,690.432
690.018,690.437
690.016,690.435
690.018,690.436
690.016,690.435
690.014,690.434
690.013,690.433
690.011,690.432
690.010,690.431
690.009,690.430
690.008,690.429
690.007,690.428
690.014,690.434
690.007,690.429
690.006,690.428
690.006,690.427
690.005,690.427
690.004,690.426
690.004,690.426
690.006,690.428
690.005,690.427
689.997,690.421
689.997,690.421
689.997,690.421
689.997,690.421
689.997,690.421
689.997,690.421
689.997,690.421
689.997,690.421
689.992,690.417
689.993,690.418
689.993,690.418
690.002,690.424
690.001,690.424
690.009,690.430
690.011,690.431
690.010,690.430
690.009,690.430
690.008,690.429
690.007,690.428
690.006,690.428
690.005,690.427
690.004,690.426
690.004,690.426
690.003,690.426
690.003,690.425
689.994,690.419
689.986,690.413
689.987,690.414
689.988,690.415
689.981,690.409
689.983,690.411
689.984,690.412
689.985,690.413
689.987,690.413
689.988,690.414
689.981,690.409
689.982,690.410
689.984,690.411
689.985,690.412
689.986,690.413
689.987,690.414
689.988,690.415
689.989,690.415
689.982,690.410
689.983,690.411
689.985,690.412
689.986,690.413
689.979,690.408
689.981,690.409
689.982,690.410
689.984,690.411
689.988,690.415
689.981,690.409
689.983,690.410
689.976,690.406
689.978,690.407
689.980,690.408
689.982,690.410
689.983,690.411
689.984,690.412
689.986,690.413
689.982,690.410
689.975,690.405
689.977,690.407
689.979,690.408
689.981,690.409
689.983,690.410
689.976,690.406
689.978,690.407
689.980,690.408
689.974,690.404
689.976,690.405
689.978,690.407
689.972,690.402
689.966,690.398
689.969,690.400
689.964,690.396
689.959,690.393
689.963,690.396
689.966,690.398
689.969,690.400
689.972,690.402
689.974,690.404
689.976,690.406
689.978,690.407
689.980,690.409
689.982,690.410
689.975,690.405
689.977,690.407
689.971,690.402
689.974,690.404
689.976,690.406
689.978,690.407
689.972,690.402
689.974,690.404
689.977,690.406
689.970,690.401
689.973,690.403
689.967,690.399
689.970,690.401
689.973,690.403
689.975,690.405
689.977,690.407
689.971,690.402
689.966,690.398
689.969,690.400
689.971,690.402
689.977,690.406
689.979,690.408
689.973,690.403
689.970,690.401
689.965,690.397
689.960,690.394
689.955,690.390
689.951,690.387
689.948,690.385
689.944,690.382
689.949,690.386
689.946,690.383
689.943,690.381
689.940,690.379
689.945,690.383
689.942,690.381
689.940,690.379
689.937,690.377
689.935,690.375
689.936,690.376
689.934,690.374
689.932,690.373
689.938,690.377
689.935,690.376
689.933,690.374
689.931,690.373
689.938,690.377
689.935,690.375
689.933,690.374
689.931,690.372
689.929,690.371
689.936,690.376
689.942,690.380
689.939,690.378
689.937,690.376
689.934,690.375
689.940,690.379
689.941,690.380
689.938,690.378
689.936,690.376
689.934,690.374
689.932,690.373
689.930,690.371
689.936,690.376
689.942,690.381
689.939,690.378
689.945,690.383
689.950,690.386
689.937,690.376
689.930,690.371
689.928,690.370
689.927,690.369
689.925,690.368
689.924,690.367
689.923,690.366
689.922,690.366
689.921,690.365
689.920,690.364
689.920,690.364
689.919,690.363
689.918,690.363
689.918,690.363
689.909,690.356
689.910,690.356
689.910,690.357
689.910,690.357
689.911,690.357
689.911,690.357
689.903,690.351
689.904,690.352
689.905,690.353
689.906,690.353
689.906,690.354
689.903,690.352
689.896,690.346
689.898,690.348
689.891,690.343
689.893,690.344
689.895,690.346
689.889,690.341
689.891,690.343
689.893,690.344
689.895,690.346
689.897,690.347
689.898,690.348
689.900,690.349
689.901,690.350
689.902,690.351
689.903,690.352
689.904,690.352
689.897,690.347
689.890,690.342
689.884,690.338
689.887,690.340
689.881,690.336
689.884,690.338
689.879,690.334
689.882,690.336
689.877,690.332
689.872,690.329
689.876,690.332
689.880,690.334
689.883,690.337
689.886,690.339
689.888,690.341
689.883,690.337
689.886,690.339
689.880,690.335
689.875,690.331
689.871,690.328
689.867,690.325
689.863,690.322
689.860,690.320
689.857,690.317
689.854,690.315
689.852,690.313
689.857,690.318
689.855,690.316
689.852,690.314
689.850,690.312
689.856,690.317
689.861,690.321
689.858,690.318
689.847,690.310
689.845,690.309
689.844,690.308
689.842,690.307
689.841,690.306
689.848,690.311
689.846,690.309
689.844,690.308
689.843,690.307
689.841,690.306
689.840,690.305
689.847,690.310
689.848,690.311
689.846,690.310
689.848,690.311
689.854,690.315
689.860,690.319
689.865,690.323
689.861,690.321
689.858,690.318
689.855,690.316
689.853,690.314
689.850,690.313
689.840,690.305
689.839,690.304
689.830,690.298
689.830,690.298
689.830,690.297
689.830,690.297
689.821,690.291
689.814,690.286
689.807,690.281
689.809,690.282
689.814,690.286
689.815,690.287
689.809,690.282
689.810,690.283
689.804,690.278
689.806,690.280
689.808,690.282
689.810,690.283
689.804,690.278
689.806,690.280
689.808,690.282
689.802,690.277
689.797,690.273
689.800,690.275
689.794,690.271
689.789,690.268
689.785,690.264
689.771,690.254
689.768,690.252
689.766,690.250
689.764,690.248
689.762,690.247
689.760,690.246
689.758,690.245
689.757,690.244
689.751,690.239
689.750,690.238
689.757,690.244
689.756,690.243
689.755,690.242
689.754,690.241
689.761,690.246
689.759,690.245
689.761,690.246
689.767,690.251
689.773,690.255
689.770,690.253
689.776,690.257
689.773,690.255
689.778,690.259
689.775,690.257
689.772,690.254
689.769,690.252
689.766,690.251
689.764,690.249
689.762,690.247
689.760,690.246
689.759,690.245
689.757,690.244
689.764,690.249
689.762,690.247
689.768,690.252
689.766,690.250
689.767,690.251
689.773,690.255
689.778,690.259
689.775,690.257
689.772,690.255
689.769,690.253
689.759,690.245
689.757,690.244
689.756,690.243
689.755,690.242
689.754,690.241
689.748,690.237
689.747,690.236
689.747,690.236
689.747,690.236
689.746,690.236
689.746,690.235
689.746,690.235
689.746,690.235
689.745,690.235
689.745,690.235
689.745,690.235
689.745,690.235
689.745,690.235
689.745,690.234
689.745,690.234
689.744,690.234
689.744,690.234
689.744,690.234
689.744,690.234
689.752,690.240
689.759,690.245
689.758,690.244
689.756,690.243
689.747,690.236
689.747,690.236
689.747,690.236
689.746,690.236
689.746,690.235
689.746,690.235
689.745,690.235
689.745,690.235
689.745,690.235
689.745,690.235
689.737,690.229
689.737,690.229
689.738,690.229
689.738,690.230
689.739,690.230
689.739,690.231
689.740,690.231
689.732,690.225
689.733,690.226
689.734,690.227
689.735,690.227
689.736,690.228
689.728,690.222
689.730,690.224
689.731,690.224
689.732,690.225
689.733,690.226
689.734,690.227
689.727,690.221
689.721,690.217
689.723,690.218
689.725,690.220
689.727,690.221
689.728,690.222
689.730,690.223
689.731,690.224
689.732,690.225
689.733,690.226
689.734,690.227
689.727,690.221
689.720,690.217
689.723,690.218
689.725,690.220
689.726,690.221
689.728,690.222
689.726,690.221
689.728,690.222
689.729,690.223
689.731,690.224
689.732,690.225
689.725,690.220
689.719,690.215
689.721,690.217
689.723,690.219
689.725,690.220
689.719,690.215
689.713,690.211
689.708,690.207
689.711,690.210
689.706,690.206
689.710,690.209
689.705,690.205
689.700,690.202
689.705,690.205
689.700,690.202
689.696,690.199
689.701,690.202
689.697,690.199
689.701,690.202
689.697,690.199
689.693,690.197
689.698,690.200
689.694,690.197
689.699,690.201
689.703,690.204
689.707,690.207
689.711,690.209
689.714,690.212
689.708,690.208
689.712,690.210
689.715,690.212
689.709,690.208
689.713,690.211
689.716,690.213
689.718,690.215
689.713,690.211
689.707,690.207
689.711,690.209
689.706,690.206
689.709,690.208
689.705,690.205
689.708,690.208
689.712,690.210
689.715,690.212
689.709,690.208
689.705,690.205
689.700,690.202
689.696,690.199
689.701,690.202
689.697,690.199
689.701,690.202
689.705,690.205
689.701,690.202
689.705,690.205
689.708,690.208
689.712,690.210
689.707,690.206
689.710,690.209
689.705,690.205
689.709,690.208
689.712,690.210
689.707,690.207
689.702,690.203
689.706,690.206
689.702,690.203
689.698,690.200
689.694,690.197
689.691,690.195
689.696,690.198
689.700,690.202
689.696,690.199
689.701,690.202
689.705,690.205
689.708,690.208
689.704,690.204
689.707,690.207
689.711,690.209
689.714,690.212
689.717,690.214
689.719,690.216
689.722,690.217
689.716,690.213
689.718,690.215
689.721,690.217
689.715,690.212
689.717,690.214
689.712,690.210
689.707,690.206
689.702,690.203
689.698,690.200
689.694,690.197
689.691,690.195
689.688,690.192
689.685,690.190
689.691,690.194
689.688,690.192
689.693,690.196
689.690,690.194
689.687,690.192
689.692,690.196
689.689,690.193
689.694,690.197
689.688,690.192
689.685,690.190
689.682,690.188
689.680,690.187
689.678,690.185
689.676,690.184
689.675,690.183
689.673,690.182
689.672,690.180
689.670,690.180
689.669,690.179
689.676,690.184
689.675,690.183
689.673,690.182
689.672,690.181
689.679,690.186
689.677,690.184
689.675,690.183
689.673,690.182
689.672,690.181
689.679,690.186
689.685,690.190
689.682,690.188
689.680,690.187
689.678,690.185
689.676,690.184
689.675,690.183
689.681,690.187
689.679,690.186
689.677,690.184
689.683,690.189
689.681,690.187
689.687,690.192
689.692,690.196
689.689,690.193
689.686,690.191
689.684,690.189
689.681,690.188
689.679,690.186
689.677,690.185
689.675,690.183
689.674,690.182
689.672,690.181
689.671,690.180
689.670,690.179
689.669,690.178
689.668,690.178
689.659,690.171
689.659,690.171
689.659,690.171
689.659,690.171
689.659,690.171
689.659,690.171
689.659,690.171
689.659,690.171
689.659,690.171
689.659,690.171
689.659,690.171
689.659,690.171
689.659,690.171
689.659,690.171
689.659,690.171
689.659,690.171
689.659,690.171
689.659,690.171
689.659,690.171
689.659,690.171
689.659,690.171
689.659,690.171
689.659,690.171
689.659,690.171
689.659,690.171
689.651,690.165
689.652,690.166
689.652,690.166
689.653,690.167
689.653,690.167
689.654,690.167
689.646,690.162
689.647,690.163
689.640,690.157
689.634,690.153
689.636,690.154
689.630,690.150
689.633,690.152
689.636,690.154
689.638,690.155
689.640,690.157
689.642,690.158
689.643,690.159
689.645,690.160
689.646,690.161
689.647,690.162
689.640,690.157
689.634,690.153
689.636,690.154
689.638,690.156
689.640,690.157
689.642,690.159
689.644,690.160
689.645,690.161
689.646,690.162
689.648,690.163
689.649,690.163
689.641,690.158
689.643,690.159
689.637,690.154
689.631,690.150
689.633,690.152
689.628,690.148
689.631,690.150
689.633,690.152
689.628,690.148
689.622,690.144
689.626,690.147
689.621,690.143
689.625,690.146
689.620,690.142
689.623,690.145
689.619,690.141
689.615,690.138
689.619,690.141
689.622,690.144
689.626,690.147
689.621,690.143
689.617,690.140
689.612,690.137
689.617,690.140
689.613,690.137
689.609,690.134
689.606,690.132
689.603,690.129
689.608,690.133
689.605,690.131
689.610,690.135
689.615,690.138
689.611,690.135
689.607,690.133
689.604,690.130
689.601,690.128
689.607,690.132
689.612,690.136
689.616,690.139
689.620,690.142
689.616,690.139
689.620,690.142
689.615,690.139
689.620,690.142
689.615,690.139
689.611,690.136
689.613,690.137
689.614,690.138
689.618,690.141
689.597,690.125
689.595,690.124
689.593,690.122
689.591,690.121
689.590,690.120
689.596,690.125
689.594,690.123
689.592,690.122
689.590,690.120
689.589,690.119
689.596,690.124
689.593,690.123
689.592,690.121
689.590,690.120
689.588,690.119
689.587,690.118
689.586,690.117
689.585,690.116
689.584,690.115
689.583,690.115
689.590,690.120
689.588,690.119
689.587,690.118
689.586,690.117
689.585,690.116
689.581,690.113
689.580,690.113
689.579,690.112
689.579,690.112
689.578,690.112
689.578,690.111
689.575,690.109
689.566,690.103
689.567,690.103
689.568,690.104
689.568,690.104
689.569,690.105
689.570,690.105
689.570,690.105
689.570,690.106
689.568,690.104
689.568,690.104
689.569,690.104
689.569,690.105
689.578,690.111
689.577,690.111
689.577,690.111
689.577,690.110
689.577,690.110
689.576,690.110
689.568,690.104
689.566,690.102
689.559,690.097
689.560,690.098
689.553,690.093
689.555,690.094
689.549,690.090
689.551,690.092
689.554,690.093
689.556,690.095
689.557,690.096
689.556,690.095
689.558,690.096
689.559,690.097
689.561,690.098
689.562,690.099
689.563,690.100
689.564,690.101
689.562,690.099
689.563,690.100
689.564,690.101
689.565,690.102
689.566,690.102
689.564,690.101
689.565,690.101
689.516,690.065
689.514,690.064
689.511,690.062
689.509,690.060
689.507,690.059
689.514,690.064
689.519,690.068
689.513,690.063
689.511,690.062
689.509,690.060
689.507,690.059
689.514,690.064
689.511,690.062
689.517,690.066
689.515,690.064
689.512,690.062
689.518,690.067
689.515,690.065
689.513,690.063
689.510,690.061
689.517,690.066
689.514,690.064
689.512,690.062
689.509,690.061
689.516,690.065
689.513,690.063
689.511,690.061
689.517,690.066
689.514,690.064
689.512,690.062
689.510,690.061
689.508,690.059
689.514,690.064
689.512,690.062
689.509,690.060
689.516,690.065
689.521,690.069
689.518,690.067
689.515,690.065
689.513,690.063
689.511,690.061
689.505,690.058
689.504,690.056
689.503,690.055
689.501,690.054
689.497,690.051
689.488,690.045
689.488,690.045
689.488,690.045
689.489,690.045
689.472,690.033
689.470,690.032
689.472,690.033
689.471,690.032
689.472,690.033
689.474,690.034
689.476,690.035
689.477,690.036
689.478,690.037
689.471,690.032
689.473,690.033
689.474,690.035
689.468,690.030
689.467,690.029
689.461,690.025
689.464,690.027
689.466,690.028
689.468,690.030
689.470,690.031
689.472,690.033
689.466,690.028
689.460,690.024
689.463,690.026
689.465,690.028
689.467,690.029
689.470,690.031
689.463,690.026
689.466,690.028
689.468,690.030
689.470,690.031
689.472,690.033
689.466,690.028
689.465,690.027
689.467,690.029
689.469,690.031
689.471,690.032
689.473,690.033
689.474,690.035
689.476,690.036
689.477,690.037
689.478,690.037
689.479,690.038
689.477,690.037
689.478,690.037
689.476,690.036
689.478,690.037
689.479,690.038
689.480,690.038
689.473,690.033
689.466,690.028
689.468,690.030
689.470,690.032
689.472,690.033
689.466,690.028
689.460,690.024
689.455,690.020
689.458,690.022
689.461,690.025
689.456,690.021
689.459,690.023
689.462,690.025
689.461,690.025
689.464,690.027
689.466,690.029
689.469,690.030
689.470,690.032
689.472,690.033
689.474,690.034
689.475,690.035
689.477,690.036
689.483,690.041
689.475,690.035
689.469,690.030
689.468,690.030
689.470,690.031
689.464,690.027
689.463,690.026
689.457,690.022
689.457,690.022
689.460,690.024
689.455,690.020
689.455,690.020
689.459,690.023
689.453,690.019
689.449,690.016
689.453,690.018
689.448,690.015
689.444,690.012
689.440,690.009
689.442,690.010
689.438,690.008
689.443,690.011
689.439,690.009
689.436,690.006
689.433,690.004
689.430,690.002
689.428,690.000
689.434,690.005
689.439,690.008
689.444,690.012
689.440,690.009
689.437,690.007
689.434,690.004
689.431,690.002
689.437,690.007
689.442,690.010
689.438,690.008
689.443,690.011
689.447,690.015
689.443,690.012
689.440,690.009
689.436,690.006
689.433,690.004
689.431,690.002
689.428,690.000
689.434,690.005
689.431,690.003
689.437,690.007
689.439,690.008
689.435,690.006
689.438,690.007
689.434,690.005
689.440,690.009
689.444,690.012
689.441,690.010
689.442,690.011
689.439,690.008
689.435,690.006
689.440,690.009
689.445,690.013
689.441,690.010
689.438,690.008
689.443,690.011
689.447,690.014
689.443,690.011
689.436,690.006
689.433,690.004
689.436,690.006
689.433,690.004
689.430,690.002
689.433,690.004
689.430,690.002
689.428,690.000
689.425,689.998
689.423,689.997
689.422,689.996
689.420,689.994
689.416,689.991
689.415,689.990
689.414,689.990
689.421,689.995
689.427,690.000
689.425,689.998
689.423,689.997
689.422,689.995
689.420,689.994
689.418,689.993
689.417,689.992
689.416,689.991
689.415,689.991
689.422,689.996
689.428,690.001
689.426,689.999
689.424,689.997
689.427,690.000
689.425,689.998
689.423,689.997
689.418,689.993
689.417,689.992
689.416,689.991
689.415,689.991
689.419,689.994
689.418,689.993
689.416,689.992
689.415,689.991
689.422,689.996
689.421,689.995
689.419,689.994
689.423,689.996
689.421,689.995
689.419,689.994
689.418,689.993
689.417,689.992
689.416,689.991
689.415,689.990
689.414,689.990
689.413,689.989
689.412,689.988
689.411,689.988
689.411,689.988
689.407,689.985
689.407,689.985
689.407,689.985
689.407,689.984
689.406,689.984
689.406,689.984
689.406,689.984
689.411,689.988
689.410,689.987
689.410,689.987
689.401,689.980
689.393,689.975
689.386,689.970
689.388,689.971
689.390,689.972
689.383,689.967
689.385,689.969
689.387,689.970
689.386,689.969
689.388,689.970
689.389,689.972
689.391,689.973
689.397,689.977
689.398,689.978
689.398,689.978
689.391,689.973
689.384,689.968
689.386,689.969
689.388,689.971
689.389,689.972
689.383,689.967
689.385,689.968
689.387,689.970
689.389,689.971
689.382,689.966
689.381,689.966
689.383,689.967
689.382,689.967
689.376,689.962
689.384,689.968
689.386,689.969
689.388,689.971
689.389,689.972
689.391,689.973
689.384,689.968
689.386,689.969
689.380,689.965
689.374,689.960
689.377,689.963
689.380,689.965
689.379,689.964
689.381,689.966
689.381,689.965
689.383,689.967
689.385,689.968
689.387,689.970
689.386,689.969
689.387,689.970
689.386,689.969
689.388,689.970
689.389,689.972
689.391,689.973
689.392,689.974
689.393,689.975
689.391,689.973
689.393,689.974
689.391,689.973
689.392,689.974
689.393,689.975
689.386,689.969
689.388,689.971
689.390,689.972
689.391,689.973
689.384,689.968
689.386,689.969
689.388,689.971
689.382,689.966
689.384,689.968
689.386,689.969
689.388,689.970
689.381,689.966
689.383,689.967
689.377,689.963
689.380,689.965
689.382,689.967
689.385,689.968
689.386,689.969
689.380,689.965
689.374,689.961
689.377,689.963
689.372,689.959
689.367,689.955
689.370,689.958
689.366,689.954
689.369,689.957
689.365,689.953
689.368,689.956
689.372,689.959
689.367,689.955
689.362,689.952
689.358,689.949
689.360,689.950
689.364,689.953
689.357,689.948
689.353,689.945
689.350,689.943
689.355,689.947
689.352,689.944
689.349,689.942
689.346,689.940
689.344,689.938
689.341,689.936
689.347,689.941
689.353,689.945
689.347,689.940
689.344,689.938
689.342,689.937
689.340,689.935
689.335,689.931
689.333,689.930
689.332,689.929
689.336,689.932
689.335,689.931
689.333,689.930
689.332,689.929
689.331,689.928
689.330,689.928
689.329,689.927
689.328,689.926
689.327,689.926
689.326,689.925
689.326,689.925
689.325,689.924
689.322,689.922
689.322,689.922
689.330,689.927
689.329,689.927
689.328,689.926
689.327,689.926
689.326,689.925
689.326,689.925
689.325,689.924
689.325,689.924
689.321,689.921
689.321,689.921
689.318,689.919
689.323,689.923
689.323,689.923
689.331,689.928
689.330,689.928
689.329,689.927
689.328,689.926
689.327,689.926
689.323,689.923
689.323,689.923
689.323,689.922
689.323,689.922
689.322,689.922
689.319,689.920
689.327,689.926
689.327,689.925
689.334,689.931
689.333,689.930
689.331,689.929
689.330,689.928
689.329,689.927
689.328,689.927
689.328,689.926
689.332,689.929
689.331,689.928
689.330,689.928
689.326,689.925
689.325,689.924
689.325,689.924
689.324,689.924
689.324,689.923
689.323,689.923
689.323,689.923
689.320,689.920
689.320,689.920
689.320,689.920
689.317,689.918
689.317,689.918
689.317,689.918
689.318,689.919
689.318,689.919
689.318,689.919
689.318,689.919
689.318,689.919
689.319,689.919
689.319,689.919
689.324,689.923
689.323,689.923
689.323,689.923
689.323,689.922
689.323,689.922
689.322,689.922
689.322,689.922
689.322,689.922
689.327,689.925
689.326,689.925
689.325,689.924
689.325,689.924
689.324,689.924
689.324,689.923
689.321,689.921
689.320,689.921
689.320,689.921
689.320,689.921
689.320,689.921
689.320,689.921
689.320,689.921
689.317,689.918
689.317,689.918
689.318,689.919
689.315,689.917
689.315,689.917
689.321,689.921
689.321,689.921
689.321,689.921
689.321,689.921
689.321,689.921
689.320,689.921
689.320,689.921
689.328,689.927
689.328,689.926
689.327,689.925
689.323,689.923
689.323,689.923
689.323,689.922
689.319,689.920
689.319,689.920
689.320,689.920
689.320,689.920
689.320,689.920
689.312,689.914
689.312,689.915
689.313,689.915
689.311,689.914
689.312,689.914
689.309,689.913
689.310,689.913
689.308,689.912
689.309,689.913
689.310,689.913
689.311,689.914
689.312,689.915
689.313,689.915
689.314,689.916
689.314,689.916
689.320,689.920
689.320,689.920
689.317,689.918
689.317,689.918
689.317,689.918
689.318,689.919
689.318,689.919
689.318,689.919
689.318,689.919
689.318,689.919
689.318,689.919
689.319,689.919
689.324,689.923
689.320,689.921
689.320,689.921
689.320,689.921
689.320,689.921
689.320,689.921
689.317,689.918
689.317,689.918
689.315,689.916
689.320,689.921
689.320,689.921
689.325,689.924
689.325,689.924
689.324,689.924
689.324,689.923
689.323,689.923
689.323,689.923
689.323,689.922
689.323,689.922
689.322,689.922
689.322,689.922
689.322,689.922
689.322,689.922
689.325,689.924
689.325,689.924
689.324,689.924
689.324,689.923
689.324,689.923
689.323,689.923
689.323,689.923
689.320,689.920
689.320,689.920
689.320,689.920
689.320,689.920
689.320,689.920
689.320,689.920
689.320,689.920
689.320,689.920
689.325,689.924
689.324,689.924
689.324,689.923
689.323,689.923
689.323,689.923
689.323,689.922
689.323,689.922
689.322,689.922
689.322,689.922
689.322,689.922
689.327,689.925
689.326,689.925
689.325,689.924
689.322,689.922
689.322,689.922
689.322,689.922
689.321,689.921
689.321,689.921
689.321,689.921
689.321,689.921
689.318,689.919
689.318,689.919
689.318,689.919
689.318,689.919
689.319,689.919
689.316,689.917
689.316,689.918
689.314,689.916
689.314,689.916
689.315,689.916
689.315,689.917
689.316,689.917
689.321,689.921
689.321,689.921
689.321,689.921
689.318,689.919
689.316,689.917
689.316,689.917
689.316,689.918
689.317,689.918
689.309,689.912
689.310,689.913
689.308,689.911
689.309,689.912
689.310,689.913
689.311,689.914
689.312,689.914
689.313,689.915
689.313,689.915
689.314,689.916
689.306,689.910
689.308,689.911
689.306,689.910
689.307,689.911
689.308,689.912
689.310,689.913
689.311,689.913
689.311,689.914
689.312,689.915
689.313,689.915
689.314,689.916
689.306,689.910
689.299,689.905
689.301,689.907
689.300,689.906
689.294,689.901
689.288,689.897
689.288,689.897
689.291,689.899
689.286,689.895
689.278,689.890
689.282,689.892
689.278,689.889
689.282,689.892
689.285,689.895
689.281,689.891
689.284,689.894
689.285,689.894
689.288,689.897
689.291,689.899
689.291,689.899
689.291,689.899
689.294,689.901
689.288,689.897
689.291,689.899
689.298,689.904
689.292,689.900
689.287,689.896
689.290,689.898
689.290,689.898
689.285,689.894
689.288,689.897
689.283,689.893
689.278,689.890
689.282,689.893
689.278,689.889
689.274,689.886
689.278,689.890
689.279,689.890
689.283,689.893
689.279,689.890
689.283,689.893
689.286,689.895
689.289,689.898
689.284,689.894
689.288,689.896
689.283,689.893
689.278,689.889
689.274,689.886
689.278,689.890
689.268,689.882
689.270,689.883
689.266,689.881
689.263,689.879
689.258,689.874
689.256,689.873
689.254,689.871
689.252,689.870
689.250,689.869
689.249,689.868
689.248,689.867
689.247,689.866
689.250,689.869
689.249,689.868
689.256,689.873
689.254,689.871
689.260,689.876
689.266,689.880
689.263,689.878
689.265,689.880
689.263,689.878
689.260,689.876
689.258,689.874
689.253,689.870
689.251,689.869
689.249,689.868
689.248,689.867
689.252,689.870
689.250,689.869
689.249,689.868
689.248,689.867
689.246,689.866
689.242,689.863
689.242,689.863
689.241,689.862
689.241,689.862
689.240,689.861
689.240,689.861
689.236,689.858
689.233,689.856
689.233,689.856
689.234,689.856
689.234,689.857
689.239,689.860
689.239,689.860
689.238,689.860
689.238,689.860
689.235,689.857
689.235,689.857
689.243,689.863
689.242,689.863
689.239,689.860
689.238,689.860
689.238,689.860
689.230,689.854
689.230,689.854
689.239,689.860
689.238,689.860
689.238,689.860
689.238,689.860
689.235,689.857
689.235,689.857
689.227,689.851
689.219,689.846
689.221,689.847
689.219,689.846
689.221,689.847
689.222,689.848
689.224,689.849
689.230,689.854
689.230,689.854
689.223,689.848
689.224,689.849
689.225,689.850
689.226,689.851
689.219,689.846
689.220,689.847
689.222,689.848
689.228,689.852
689.229,689.853
689.221,689.847
689.223,689.848
689.224,689.849
689.233,689.856
689.225,689.850
689.226,689.851
689.227,689.852
689.228,689.852
689.226,689.851
689.224,689.849
689.225,689.850
689.218,689.845
689.219,689.846
689.221,689.847
689.219,689.846
689.213,689.841
689.215,689.843
689.209,689.838
689.211,689.840
689.211,689.839
689.213,689.841
689.215,689.843
689.217,689.844
689.211,689.840
689.210,689.839
689.212,689.841
689.207,689.836
689.201,689.833
689.204,689.835
689.207,689.837
689.207,689.837
689.210,689.839
689.212,689.841
689.206,689.836
689.209,689.838
689.212,689.840
689.211,689.840
689.205,689.835
689.208,689.838
689.211,689.839
689.213,689.841
689.212,689.841
689.211,689.840
689.214,689.842
689.216,689.843
689.218,689.845
689.219,689.846
689.218,689.845
689.216,689.844
689.210,689.839
689.204,689.835
689.199,689.831
689.195,689.828
689.199,689.831
689.199,689.831
689.203,689.833
689.198,689.830
689.193,689.827
689.197,689.830
689.193,689.826
689.202,689.833
689.205,689.835
689.208,689.837
689.211,689.839
689.213,689.841
689.212,689.841
689.211,689.840
689.219,689.845
689.212,689.841
689.214,689.842
689.208,689.838
689.211,689.840
689.210,689.839
689.213,689.841
689.215,689.843
689.217,689.844
689.210,689.839
689.213,689.841
689.204,689.834
689.204,689.834
689.199,689.831
689.194,689.827
689.198,689.830
689.194,689.827
689.198,689.830
689.201,689.832
689.201,689.833
689.197,689.829
689.200,689.832
689.204,689.834
689.204,689.834
689.204,689.834
689.204,689.834
689.199,689.831
689.194,689.827
689.198,689.830
689.193,689.827
689.189,689.824
689.191,689.825
689.187,689.822
689.192,689.825
689.196,689.828
689.191,689.825
689.188,689.822
689.189,689.824
689.185,689.821
689.182,689.818
689.179,689.816
689.176,689.814
689.174,689.812
689.180,689.817
689.177,689.815
689.172,689.811
689.178,689.815
689.175,689.813
689.173,689.811
689.171,689.810
689.169,689.809
689.167,689.807
689.165,689.806
689.164,689.805
689.163,689.804
689.162,689.803
689.169,689.808
689.175,689.813
689.181,689.817
689.178,689.815
689.175,689.813
689.178,689.815
689.183,689.819
689.180,689.817
689.186,689.821
689.182,689.818
689.179,689.816
689.177,689.814
689.182,689.818
689.176,689.814
689.179,689.816
689.176,689.814
689.182,689.818
689.179,689.816
689.184,689.820
689.181,689.818
689.186,689.821
689.183,689.819
689.180,689.817
689.177,689.815
689.174,689.813
689.172,689.811
689.170,689.810
689.168,689.808
689.175,689.813
689.172,689.811
689.175,689.813
689.178,689.815
689.175,689.813
689.173,689.812
689.179,689.816
689.184,689.820
689.189,689.824
689.186,689.821
689.190,689.824
689.184,689.819
689.180,689.817
689.178,689.815
689.175,689.813
689.181,689.817
689.186,689.821
689.183,689.819
689.180,689.817
689.177,689.814
689.171,689.810
689.169,689.809
689.168,689.808
689.174,689.812
689.180,689.817
689.185,689.821
689.182,689.818
689.179,689.816
689.181,689.818
689.175,689.813
689.173,689.812
689.179,689.816
689.176,689.814
689.174,689.812
689.180,689.817
689.177,689.815
689.174,689.813
689.180,689.817
689.177,689.815
689.172,689.811
689.170,689.809
689.165,689.806
689.164,689.805
689.162,689.804
689.161,689.803
689.160,689.802
689.159,689.802
689.159,689.801
689.163,689.804
689.162,689.803
689.166,689.806
689.172,689.811
689.170,689.810
689.168,689.808
689.175,689.813
689.172,689.811
689.170,689.810
689.168,689.808
689.167,689.807
689.165,689.806
689.169,689.809
689.172,689.811
689.170,689.810
689.168,689.808
689.167,689.807
689.165,689.806
689.164,689.805
689.162,689.804
689.161,689.803
689.165,689.806
689.161,689.803
689.157,689.800
689.156,689.799
689.156,689.799
689.155,689.799
689.155,689.798
689.155,689.798
689.146,689.792
689.147,689.792
689.147,689.792
689.147,689.793
689.153,689.797
689.158,689.800
689.154,689.798
689.159,689.801
689.155,689.798
689.154,689.798
689.154,689.798
689.154,689.797
689.154,689.797
689.153,689.797
689.145,689.791
689.146,689.791
689.146,689.792
689.146,689.792
689.147,689.792
689.144,689.790
689.142,689.789
689.143,689.789
689.143,689.790
689.141,689.788
689.139,689.787
689.140,689.787
689.141,689.788
689.142,689.789
689.143,689.789
689.144,689.790
689.144,689.790
689.145,689.791
689.145,689.791
689.146,689.792
689.146,689.792
689.139,689.786
689.145,689.791
689.142,689.789
689.148,689.793
689.140,689.788
689.138,689.786
689.137,689.785
689.135,689.784
689.136,689.785
689.146,689.792
689.146,689.792
689.147,689.792
689.147,689.792
689.147,689.793
689.148,689.793
689.148,689.793
689.148,689.793
689.148,689.794
689.149,689.794
689.154,689.798
689.154,689.797
689.150,689.795
689.147,689.793
689.148,689.793
689.148,689.793
689.148,689.793
689.157,689.799
689.156,689.799
689.156,689.799
689.155,689.798
689.155,689.798
689.154,689.798
689.154,689.798
689.154,689.797
689.158,689.801
689.158,689.800
689.165,689.806
689.156,689.799
689.160,689.802
689.159,689.801
689.158,689.801
689.158,689.800
689.157,689.800
689.156,689.799
689.156,689.799
689.155,689.799
689.155,689.798
689.146,689.792
689.147,689.792
689.139,689.787
689.137,689.785
689.144,689.790
689.144,689.790
689.153,689.797
689.153,689.797
689.153,689.797
689.152,689.796
689.152,689.796
689.144,689.790
689.145,689.791
689.142,689.789
689.140,689.787
689.146,689.792
689.146,689.792
689.144,689.790
689.142,689.788
689.139,689.787
689.138,689.785
689.139,689.786
689.140,689.787
689.141,689.788
689.142,689.789
689.143,689.789
689.143,689.790
689.144,689.790
689.145,689.791
689.145,689.791
689.146,689.792
689.143,689.790
689.136,689.784
689.129,689.779
689.131,689.781
689.138,689.786
689.136,689.785
689.135,689.783
689.141,689.788
689.142,689.789
689.135,689.784
689.133,689.782
689.132,689.781
689.126,689.777
689.128,689.779
689.122,689.774
689.125,689.776
689.127,689.778
689.130,689.780
689.132,689.781
689.133,689.782
689.135,689.784
689.129,689.779
689.131,689.780
689.133,689.782
689.134,689.783
689.136,689.784
689.129,689.779
689.123,689.775
689.118,689.771
689.121,689.773
689.116,689.769
689.119,689.772
689.119,689.772
689.119,689.772
689.119,689.772
689.119,689.772
689.119,689.772
689.119,689.772
689.119,689.772
689.111,689.766
689.112,689.766
689.112,689.767
689.121,689.773
689.124,689.775
689.127,689.777
689.126,689.777
689.125,689.776
689.125,689.776
689.124,689.776
689.124,689.775
689.123,689.775
689.118,689.771
689.121,689.773
689.124,689.775
689.118,689.771
689.113,689.767
689.117,689.770
689.120,689.772
689.115,689.769
689.118,689.771
689.113,689.768
689.117,689.770
689.112,689.767
689.108,689.763
689.112,689.766
689.115,689.769
689.119,689.772
689.122,689.774
689.125,689.776
689.127,689.778
689.129,689.779
689.128,689.779
689.128,689.778
689.127,689.777
689.126,689.777
689.125,689.776
689.120,689.772
689.123,689.774
689.125,689.776
689.121,689.773
689.121,689.773
689.129,689.779
689.123,689.775
689.125,689.777
689.128,689.778
689.130,689.780
689.132,689.781
689.134,689.783
689.135,689.784
689.137,689.785
689.138,689.786
689.131,689.781
689.133,689.782
689.127,689.777
689.121,689.773
689.124,689.775
689.118,689.771
689.121,689.773
689.124,689.775
689.127,689.777
689.121,689.773
689.116,689.769
689.119,689.772
689.114,689.768
689.122,689.774
689.125,689.776
689.127,689.778
689.130,689.780
689.124,689.775
689.118,689.771
689.118,689.771
689.110,689.765
689.111,689.766
689.112,689.766
689.105,689.761
689.114,689.768
689.107,689.762
689.108,689.763
689.112,689.766
689.115,689.769
689.111,689.766
689.112,689.766
689.115,689.769
689.119,689.771
689.111,689.766
689.111,689.766
689.107,689.763
689.103,689.760
689.100,689.757
689.096,689.755
689.094,689.753
689.099,689.757
689.096,689.755
689.093,689.752
689.090,689.751
689.096,689.755
689.093,689.753
689.099,689.757
689.096,689.754
689.101,689.758
689.098,689.756
689.095,689.754
689.092,689.752
689.089,689.750
689.087,689.748
689.085,689.747
689.083,689.745
689.082,689.744
689.080,689.743
689.087,689.748
689.085,689.746
689.083,689.745
689.081,689.744
689.080,689.743
689.096,689.755
689.093,689.753
689.090,689.751
689.088,689.749
689.086,689.747
689.084,689.746
689.090,689.751
689.088,689.749
689.086,689.747
689.092,689.752
689.090,689.750
689.087,689.748
689.082,689.745
689.086,689.747
689.089,689.750
689.092,689.752
689.095,689.754
689.092,689.752
689.089,689.750
689.087,689.748
689.085,689.747
689.083,689.745
689.082,689.744
689.080,689.743
689.079,689.742
689.073,689.738
689.072,689.737
689.080,689.743
689.078,689.742
689.085,689.747
689.083,689.745
689.090,689.750
689.088,689.749
689.094,689.753
689.091,689.751
689.097,689.755
689.094,689.753
689.091,689.751
689.097,689.755
689.094,689.753
689.099,689.757
689.096,689.755
689.093,689.753
689.099,689.757
689.096,689.754
689.093,689.752
689.090,689.750
689.085,689.747
689.080,689.743
689.084,689.746
689.080,689.743
689.078,689.742
689.077,689.741
689.076,689.740
689.080,689.743
689.076,689.740
689.072,689.737
689.071,689.737
689.063,689.730
689.063,689.730
689.063,689.731
689.056,689.725
689.054,689.723
689.052,689.722
689.050,689.721
689.052,689.722
689.053,689.723
689.054,689.724
689.055,689.725
689.056,689.725
689.057,689.726
689.058,689.727
689.064,689.731
689.061,689.729
689.059,689.727
689.070,689.735
689.074,689.739
689.079,689.742
689.082,689.745
689.081,689.744
689.079,689.742
689.078,689.742
689.077,689.741
689.076,689.740
689.075,689.739
689.074,689.739
689.073,689.738
689.081,689.743
689.076,689.740
689.072,689.737
689.069,689.735
689.065,689.732
689.071,689.736
689.067,689.733
689.067,689.733
689.067,689.733
689.075,689.739
689.074,689.738
689.073,689.738
689.073,689.737
689.074,689.739
689.074,689.738
689.070,689.735
689.067,689.733
689.067,689.733
689.066,689.733
689.066,689.733
689.066,689.733
689.066,689.733
689.066,689.733
689.066,689.733
689.063,689.730
689.061,689.728
689.066,689.733
689.066,689.733
689.066,689.733
689.058,689.727
689.059,689.727
689.060,689.728
689.060,689.728
689.058,689.726
689.056,689.725
689.062,689.729
689.062,689.730
689.054,689.724
689.055,689.725
689.056,689.725
689.054,689.724
689.060,689.728
689.061,689.729
689.061,689.729
689.054,689.724
689.055,689.724
689.056,689.725
689.057,689.726
689.058,689.726
689.056,689.725
689.062,689.729
689.059,689.727
689.068,689.734
689.068,689.734
689.067,689.734
689.067,689.733
689.059,689.727
689.060,689.728
689.065,689.732
689.063,689.730
689.060,689.728
689.060,689.728
689.061,689.729
689.061,689.729
689.062,689.729
689.062,689.730
689.060,689.728
689.057,689.726
689.058,689.727
689.059,689.727
689.060,689.728
689.060,689.728
689.061,689.729
689.058,689.727
689.056,689.725
689.049,689.720
689.051,689.721
689.052,689.722
689.053,689.723
689.060,689.728
689.057,689.726
689.058,689.727
689.059,689.727
689.060,689.728
689.060,689.728
689.053,689.723
689.054,689.724
689.052,689.722
689.053,689.723
689.047,689.718
689.040,689.714
689.035,689.709
689.038,689.712
689.029,689.705
689.030,689.706
689.033,689.708
689.036,689.711
689.031,689.707
689.026,689.703
689.027,689.704
689.023,689.701
689.019,689.698
689.023,689.701
689.024,689.702
689.025,689.702
689.021,689.699
689.025,689.703
689.029,689.705
689.033,689.708
689.025,689.702
689.029,689.705
689.032,689.708
689.027,689.704
689.020,689.699
689.022,689.700
689.026,689.703
689.022,689.700
689.026,689.703
689.022,689.700
689.015,689.695
689.012,689.692
689.017,689.696
689.013,689.694
689.007,689.689
689.005,689.687
689.003,689.686
689.001,689.684
689.007,689.689
689.010,689.691
689.015,689.695
689.020,689.698
689.024,689.702
689.025,689.702
689.026,689.703
689.022,689.700
689.018,689.697
689.023,689.700
689.024,689.701
689.025,689.702
689.029,689.705
689.024,689.702
689.028,689.705
689.021,689.699
689.022,689.700
689.018,689.697
689.015,689.695
689.020,689.698
689.013,689.693
689.007,689.689
689.005,689.687
689.002,689.685
689.000,689.684
688.998,689.683
689.005,689.687
689.011,689.692
689.016,689.695
689.021,689.699
689.017,689.696
689.022,689.700
689.023,689.701
689.019,689.698
689.023,689.701
689.016,689.696
689.018,689.697
689.015,689.695
689.011,689.692
689.009,689.690
689.006,689.688
689.009,689.690
689.011,689.692
689.008,689.690
689.006,689.688
689.003,689.686
689.001,689.685
689.005,689.687
689.007,689.689
689.005,689.687
689.003,689.686
689.001,689.684
688.996,689.681
688.992,689.677
688.999,689.683
689.005,689.687
689.003,689.686
689.009,689.690
689.011,689.692
689.005,689.688
689.003,689.686
689.001,689.684
689.007,689.689
689.010,689.691
689.004,689.687
689.010,689.691
689.007,689.689
689.005,689.687
689.011,689.692
689.013,689.693
689.018,689.697
689.023,689.700
689.019,689.697
689.015,689.695
689.017,689.696
689.014,689.694
689.010,689.691
689.008,689.689
689.010,689.691
689.016,689.695
689.020,689.699
689.017,689.696
689.013,689.694
689.015,689.695
689.020,689.699
689.016,689.696
689.013,689.693
689.007,689.689
689.005,689.687
689.002,689.686
689.000,689.684
689.004,689.686
688.999,689.683
688.997,689.681
688.995,689.680
688.994,689.679
688.998,689.682
688.996,689.681
688.995,689.680
689.002,689.685
689.000,689.684
688.995,689.680
688.994,689.679
688.993,689.678
688.991,689.677
688.990,689.677
688.987,689.674
688.994,689.679
689.001,689.684
688.999,689.683
688.995,689.680
688.998,689.682
688.997,689.681
688.995,689.680
689.002,689.685
688.997,689.681
689.004,689.686
689.001,689.685
689.005,689.687
688.999,689.683
688.998,689.682
688.996,689.681
689.003,689.686
689.001,689.684
689.004,689.687
688.999,689.683
688.997,689.682
688.996,689.681
689.002,689.685
689.005,689.688
689.000,689.684
689.006,689.688
689.004,689.687
689.002,689.685
688.997,689.681
689.004,689.686
689.001,689.685
688.997,689.681
688.992,689.678
688.991,689.677
688.990,689.676
688.989,689.676
688.986,689.673
688.985,689.673
688.985,689.672
688.984,689.672
688.989,689.676
688.988,689.675
688.988,689.675
688.987,689.674
688.984,689.672
688.983,689.671
688.983,689.671
688.991,689.677
688.987,689.674
688.984,689.672
688.983,689.671
688.983,689.671
688.983,689.671
688.980,689.669
688.980,689.669
688.980,689.669
688.980,689.669
688.977,689.667
688.978,689.667
688.978,689.667
688.978,689.668
688.984,689.672
688.984,689.672
688.983,689.671
688.980,689.669
688.985,689.673
688.985,689.673
688.985,689.672
688.984,689.672
688.981,689.670
688.981,689.670
688.981,689.670
688.981,689.670
688.978,689.668
688.970,689.662
688.971,689.663
688.972,689.663
688.970,689.662
688.968,689.660
688.970,689.661
688.963,689.656
688.961,689.655
688.963,689.657
688.973,689.664
688.974,689.664
688.972,689.663
688.973,689.663
688.973,689.664
688.974,689.665
688.980,689.669
688.980,689.669
688.980,689.669
688.980,689.669
688.985,689.673
688.993,689.679
688.992,689.678
688.988,689.675
688.992,689.678
688.991,689.677
688.990,689.677
688.990,689.676
688.986,689.673
688.985,689.673
688.985,689.673
688.982,689.670
688.979,689.668
688.979,689.668
688.979,689.668
688.977,689.666
688.969,689.661
688.970,689.662
688.971,689.662
688.977,689.667
688.978,689.667
688.978,689.667
688.978,689.668
688.976,689.666
688.976,689.666
688.977,689.666
688.985,689.673
688.990,689.676
688.986,689.673
688.986,689.673
688.985,689.673
688.985,689.672
688.982,689.670
688.990,689.676
688.989,689.675
688.988,689.675
688.992,689.678
688.991,689.677
688.990,689.677
688.990,689.676
688.986,689.673
688.985,689.673
688.985,689.673
688.985,689.672
688.976,689.666
688.977,689.667
688.977,689.667
688.983,689.671
688.988,689.675
688.987,689.674
688.987,689.674
688.986,689.673
688.986,689.673
688.977,689.667
688.977,689.667
688.975,689.665
688.976,689.666
688.968,689.660
688.969,689.661
688.967,689.660
688.969,689.661
688.970,689.661
688.968,689.660
688.969,689.661
688.971,689.662
688.972,689.663
688.970,689.661
688.971,689.662
688.972,689.663
688.978,689.667
688.975,689.665
688.976,689.666
688.976,689.666
688.974,689.664
688.971,689.663
688.964,689.657
688.966,689.659
688.972,689.663
688.973,689.664
688.974,689.665
688.975,689.665
688.972,689.663
688.973,689.664
688.974,689.664
688.972,689.663
688.973,689.663
688.973,689.664
688.979,689.668
688.979,689.669
688.980,689.669
688.980,689.669
688.985,689.673
688.985,689.672
688.984,689.672
688.981,689.670
688.986,689.674
688.986,689.673
688.977,689.667
688.970,689.661
688.976,689.666
688.968,689.660
688.970,689.661
688.968,689.660
688.969,689.661
688.970,689.662
688.971,689.662
688.972,689.663
688.970,689.662
688.971,689.662
688.972,689.663
688.973,689.664
688.974,689.664
688.974,689.665
688.975,689.665
688.973,689.664
688.974,689.664
688.974,689.665
688.975,689.665
688.973,689.663
688.973,689.664
688.974,689.665
688.980,689.669
688.980,689.669
688.980,689.669
688.977,689.667
688.975,689.665
688.975,689.665
688.976,689.666
688.973,689.664
688.966,689.659
688.968,689.660
688.966,689.659
688.964,689.657
688.966,689.659
688.968,689.660
688.966,689.658
688.959,689.654
688.961,689.655
688.960,689.654
688.962,689.656
688.964,689.657
688.963,689.656
688.965,689.657
688.958,689.653
688.957,689.652
688.952,689.648
688.954,689.650
688.957,689.652
688.956,689.651
688.959,689.653
688.961,689.655
688.960,689.654
688.962,689.655
688.956,689.651
688.955,689.651
688.958,689.652
688.952,689.648
688.952,689.648
688.955,689.650
688.957,689.652
688.956,689.651
688.959,689.653
688.947,689.645
688.951,689.647
688.951,689.647
688.954,689.649
688.956,689.651
688.959,689.653
688.958,689.652
688.952,689.648
688.955,689.650
688.957,689.652
688.952,689.648
688.954,689.650
688.954,689.650
688.957,689.652
688.951,689.647
688.954,689.650
688.953,689.649
688.948,689.645
688.943,689.642
688.944,689.642
688.939,689.639
688.935,689.636
688.937,689.637
688.933,689.634
688.938,689.637
688.940,689.640
688.941,689.640
688.937,689.637
688.933,689.634
688.935,689.636
688.939,689.639
688.943,689.642
688.939,689.638
688.935,689.635
688.928,689.631
688.933,689.634
688.938,689.638
688.931,689.633
688.928,689.630
688.925,689.628
688.922,689.626
688.920,689.624
688.923,689.626
688.928,689.631
688.925,689.628
688.919,689.624
688.917,689.623
688.915,689.621
688.919,689.624
688.925,689.628
688.948,689.645
688.951,689.648
688.946,689.644
688.946,689.644
688.950,689.647
688.950,689.647
688.945,689.643
688.948,689.645
688.943,689.642
688.947,689.644
688.939,689.639
688.935,689.636
688.929,689.631
688.926,689.629
688.931,689.633
688.933,689.634
688.929,689.631
688.926,689.629
688.928,689.631
688.925,689.629
688.928,689.630
688.925,689.628
688.922,689.626
688.925,689.628
688.922,689.626
688.910,689.617
688.906,689.614
688.905,689.614
688.912,689.619
688.911,689.618
688.910,689.617
688.913,689.620
688.912,689.618
688.910,689.617
688.909,689.616
688.908,689.616
688.904,689.613
688.903,689.612
688.908,689.615
688.915,689.621
688.913,689.619
688.911,689.618
688.910,689.617
688.909,689.616
688.908,689.615
688.904,689.612
688.903,689.612
688.902,689.611
688.902,689.611
688.901,689.611
688.906,689.614
688.905,689.614
688.901,689.611
688.901,689.610
688.898,689.608
688.898,689.608
688.897,689.608
688.894,689.606
688.895,689.606
688.892,689.604
688.892,689.604
688.898,689.608
688.898,689.608
688.898,689.608
688.898,689.608
688.897,689.608
688.894,689.606
688.895,689.606
688.900,689.610
688.900,689.609
688.899,689.609
688.904,689.613
688.903,689.612
688.903,689.612
688.902,689.611
688.902,689.611
688.901,689.611
688.901,689.610
688.897,689.608
688.897,689.608
688.897,689.608
688.897,689.608
688.897,689.608
688.902,689.611
688.910,689.617
688.906,689.614
688.905,689.613
688.909,689.616
688.908,689.616
688.907,689.615
688.911,689.618
688.910,689.617
688.913,689.620
688.912,689.619
688.910,689.617
688.906,689.614
688.905,689.614
688.901,689.611
688.901,689.610
688.898,689.608
688.898,689.608
688.903,689.612
688.894,689.605
688.899,689.609
688.899,689.609
688.899,689.609
688.896,689.607
688.896,689.607
688.893,689.604
688.893,689.605
688.891,689.603
688.891,689.603
688.889,689.601
688.881,689.596
688.883,689.597
688.884,689.598
688.885,689.599
688.878,689.594
688.880,689.595
688.879,689.594
688.872,689.589
688.880,689.595
688.873,689.590
688.873,689.589
688.867,689.585
688.867,689.585
688.870,689.587
688.869,689.587
688.864,689.583
688.867,689.585
688.867,689.585
688.870,689.587
688.869,689.587
688.872,689.589
688.871,689.589
688.874,689.590
688.873,689.590
688.875,689.591
688.877,689.593
688.876,689.592
688.878,689.594
688.869,689.587
688.863,689.583
688.867,689.585
688.870,689.587
688.872,689.589
688.874,689.591
688.874,689.590
688.868,689.586
688.867,689.586
688.870,689.588
688.878,689.593
688.880,689.595
688.878,689.594
688.880,689.595
688.874,689.590
688.876,689.592
688.878,689.593
688.885,689.598
688.878,689.593
688.880,689.595
688.881,689.596
688.888,689.601
688.889,689.601
688.886,689.600
688.879,689.595
688.878,689.594
688.880,689.595
688.879,689.594
688.888,689.601
688.886,689.600
688.887,689.600
688.888,689.601
688.889,689.602
688.890,689.602
688.887,689.600
688.880,689.595
688.879,689.594
688.872,689.589
688.872,689.589
688.874,689.591
688.868,689.586
688.868,689.586
688.871,689.588
688.870,689.588
688.873,689.590
688.872,689.589
688.874,689.591
688.874,689.590
688.868,689.586
688.862,689.582
688.858,689.578
688.861,689.581
688.857,689.578
688.857,689.578
688.853,689.575
688.857,689.578
688.861,689.581
688.856,689.577
688.860,689.580
688.864,689.583
688.867,689.585
688.862,689.581
688.865,689.584
688.868,689.586
688.871,689.588
688.865,689.584
688.865,689.584
688.860,689.580
688.861,689.581
688.864,689.583
688.864,689.583
688.867,689.586
688.867,689.585
688.862,689.582
688.870,689.588
688.873,689.590
688.872,689.589
688.875,689.591
688.869,689.587
688.871,689.589
688.874,689.590
688.873,689.590
688.867,689.585
688.867,689.585
688.862,689.582
688.862,689.582
688.857,689.578
688.850,689.573
688.855,689.576
688.856,689.577
688.851,689.574
688.853,689.575
688.857,689.578
688.850,689.573
688.846,689.570
688.848,689.571
688.853,689.575
688.846,689.570
688.851,689.573
688.852,689.574
688.856,689.577
688.857,689.578
688.853,689.575
688.854,689.576
688.850,689.573
688.852,689.574
688.848,689.571
688.841,689.566
688.847,689.570
688.849,689.572
688.853,689.575
688.854,689.576
688.850,689.573
688.852,689.574
688.848,689.571
688.842,689.567
688.839,689.565
688.841,689.566
688.839,689.564
688.841,689.566
688.838,689.564
688.833,689.560
688.831,689.559
688.834,689.561
688.832,689.560
688.835,689.562
688.841,689.566
688.835,689.562
688.833,689.560
688.836,689.563
688.842,689.567
688.844,689.569
688.849,689.572
688.854,689.576
688.850,689.573
688.851,689.574
688.848,689.571
688.849,689.572
688.846,689.570
688.848,689.571
688.844,689.569
688.846,689.570
688.843,689.568
688.845,689.569
688.842,689.567
688.836,689.563
688.834,689.561
688.837,689.563
688.835,689.561
688.838,689.564
688.843,689.568
688.848,689.571
688.845,689.569
688.850,689.573
688.846,689.570
688.843,689.568
688.840,689.565
688.842,689.567
688.840,689.565
688.837,689.563
688.835,689.561
688.838,689.564
688.835,689.562
688.838,689.564
688.836,689.562
688.838,689.564
688.836,689.562
688.839,689.564
688.836,689.563
688.839,689.565
688.844,689.569
688.846,689.570
688.843,689.568
688.845,689.569
688.850,689.573
688.847,689.570
688.851,689.574
688.848,689.571
688.852,689.574
688.848,689.572
688.842,689.567
688.847,689.571
688.849,689.572
688.853,689.575
688.855,689.576
688.859,689.579
688.859,689.580
688.863,689.582
688.863,689.582
688.858,689.579
688.851,689.573
688.847,689.571
688.852,689.574
688.845,689.569
688.842,689.567
688.836,689.563
688.834,689.561
688.829,689.557
688.835,689.562
688.838,689.564
688.836,689.562
688.831,689.558
688.837,689.563
688.840,689.565
688.845,689.569
688.847,689.570
688.852,689.574
688.853,689.575
688.849,689.572
688.851,689.573
688.855,689.577
688.856,689.577
688.860,689.580
688.852,689.575
688.849,689.572
688.845,689.569
688.842,689.567
688.839,689.565
688.834,689.561
688.840,689.565
688.842,689.567
688.839,689.565
688.842,689.567
688.839,689.565
688.833,689.561
688.831,689.559
688.835,689.561
688.833,689.560
688.836,689.562
688.833,689.561
688.828,689.557
688.827,689.556
688.831,689.558
688.829,689.557
688.827,689.556
688.826,689.555
688.824,689.554
688.823,689.553
688.830,689.558
688.829,689.557
688.835,689.562
688.833,689.560
688.831,689.559
688.826,689.555
688.833,689.560
688.836,689.562
688.842,689.567
688.844,689.568
688.849,689.572
688.851,689.573
688.847,689.570
688.849,689.572
688.845,689.569
688.842,689.567
688.836,689.563
688.834,689.561
688.829,689.557
688.835,689.562
688.830,689.558
688.828,689.557
688.827,689.556
688.826,689.555
688.824,689.554
688.820,689.551
688.819,689.550
688.816,689.547
688.815,689.547
688.815,689.547
688.820,689.550
688.819,689.550
688.815,689.547
688.815,689.547
688.820,689.551
688.819,689.550
688.819,689.550
688.815,689.547
688.815,689.547
688.820,689.550
688.819,689.550
688.818,689.549
688.815,689.547
688.814,689.546
688.811,689.544
688.811,689.544
688.808,689.542
688.809,689.542
688.809,689.543
688.806,689.541
688.815,689.547
688.812,689.544
688.820,689.550
688.816,689.548
688.816,689.547
688.821,689.551
688.820,689.550
688.816,689.548
688.816,689.547
688.815,689.547
688.823,689.553
688.822,689.552
688.826,689.555
688.825,689.554
688.829,689.557
688.827,689.556
688.826,689.555
688.824,689.554
688.823,689.553
688.827,689.556
688.826,689.555
688.822,689.552
688.821,689.551
688.817,689.548
688.816,689.548
688.816,689.548
688.821,689.551
688.820,689.550
688.816,689.548
688.816,689.547
688.815,689.547
688.820,689.551
688.827,689.556
688.831,689.559
688.829,689.557
688.825,689.554
688.823,689.553
688.819,689.550
688.819,689.550
688.818,689.549
688.815,689.547
688.814,689.546
688.811,689.544
688.811,689.544
688.816,689.548
688.816,689.548
688.816,689.547
688.812,689.545
688.812,689.545
688.817,689.549
688.817,689.548
688.816,689.548
688.816,689.548
688.816,689.547
688.812,689.545
688.820,689.551
688.820,689.550
688.816,689.548
688.824,689.553
688.828,689.556
688.826,689.555
688.830,689.558
688.828,689.557
688.827,689.556
688.830,689.558
688.821,689.551
688.817,689.548
688.808,689.542
688.809,689.542
688.809,689.542
688.809,689.543
688.807,689.541
688.807,689.541
688.805,689.539
688.805,689.540
688.806,689.540
688.804,689.538
688.796,689.533
688.795,689.532
688.797,689.533
688.798,689.534
688.796,689.533
688.798,689.534
688.796,689.533
688.798,689.534
688.799,689.535
688.792,689.530
688.794,689.531
688.793,689.531
688.795,689.532
688.796,689.533
688.795,689.532
688.797,689.533
688.803,689.538
688.804,689.539
688.802,689.537
688.807,689.541
688.808,689.541
688.805,689.540
688.806,689.540
688.811,689.544
688.812,689.544
688.812,689.544
688.809,689.542
688.809,689.542
688.814,689.546
688.814,689.546
688.811,689.544
688.803,689.538
688.804,689.539
688.810,689.543
688.810,689.543
688.810,689.543
688.810,689.543
688.811,689.544
688.816,689.547
688.815,689.547
688.815,689.547
688.815,689.547
688.815,689.547
688.819,689.550
688.791,689.529
688.793,689.530
688.792,689.530
688.794,689.531
688.787,689.526
688.787,689.526
688.781,689.522
688.776,689.518
688.776,689.518
688.780,689.521
688.775,689.517
688.775,689.518
688.779,689.520
688.774,689.517
688.775,689.517
688.778,689.520
688.781,689.522
688.781,689.522
688.776,689.518
688.772,689.515
688.773,689.516
688.776,689.518
688.780,689.521
688.780,689.521
688.775,689.517
688.767,689.511
688.768,689.512
688.772,689.515
688.776,689.518
688.776,689.518
688.780,689.521
688.783,689.523
688.783,689.523
688.786,689.525
688.780,689.521
688.780,689.521
688.783,689.523
688.783,689.523
688.786,689.525
688.788,689.527
688.788,689.527
688.782,689.522
688.785,689.524
688.784,689.524
688.779,689.520
688.782,689.523
688.782,689.522
688.782,689.522
688.785,689.525
688.784,689.524
688.762,689.508
688.764,689.509
688.768,689.512
688.772,689.515
688.773,689.516
688.769,689.513
688.765,689.510
688.758,689.505
688.755,689.503
688.753,689.501
688.755,689.503
688.750,689.499
688.748,689.497
688.746,689.496
688.741,689.492
688.740,689.491
688.739,689.490
688.743,689.493
688.749,689.498
688.747,689.497
688.750,689.499
688.756,689.503
688.753,689.501
688.756,689.503
688.761,689.507
688.758,689.505
688.760,689.506
688.757,689.504
688.754,689.502
688.757,689.504
688.759,689.506
688.756,689.503
688.753,689.501
688.756,689.503
688.753,689.501
688.751,689.499
688.754,689.502
688.759,689.506
688.764,689.509
688.769,689.513
688.770,689.514
688.766,689.511
688.762,689.508
688.764,689.509
688.769,689.513
688.770,689.513
688.771,689.514
688.767,689.511
688.771,689.514
688.767,689.511
688.771,689.514
688.775,689.517
688.776,689.518
688.779,689.520
688.774,689.517
688.767,689.511
688.763,689.508
688.760,689.506
688.762,689.507
688.755,689.503
688.761,689.507
688.766,689.510
688.767,689.512
688.769,689.513
688.765,689.510
688.766,689.511
688.768,689.512
688.772,689.515
688.776,689.518
688.776,689.518
688.780,689.521
688.775,689.517
688.775,689.517
688.779,689.520
688.779,689.520
688.782,689.523
688.785,689.525
688.777,689.518
688.772,689.515
688.768,689.512
688.769,689.513
688.770,689.514
688.774,689.517
688.775,689.517
688.770,689.514
688.766,689.511
688.768,689.512
688.764,689.509
688.760,689.506
688.762,689.508
688.764,689.509
688.769,689.513
688.765,689.510
688.766,689.511
688.771,689.514
688.775,689.517
688.775,689.517
688.771,689.514
688.766,689.511
688.768,689.512
688.761,689.507
688.758,689.505
688.752,689.500
688.750,689.499
688.756,689.503
688.758,689.505
688.763,689.509
688.760,689.506
688.754,689.502
688.756,689.504
688.762,689.507
688.758,689.505
688.761,689.507
688.757,689.504
688.755,689.502
688.749,689.498
688.747,689.497
688.745,689.495
688.748,689.498
688.746,689.496
688.745,689.495
688.740,689.491
688.739,689.491
688.746,689.496
688.749,689.498
688.747,689.497
688.750,689.499
688.753,689.501
688.751,689.499
688.754,689.502
688.748,689.497
688.746,689.496
688.744,689.495
688.740,689.491
688.736,689.488
688.735,689.488
688.734,689.487
688.739,689.490
688.735,689.488
688.734,689.487
688.731,689.484
688.735,689.488
688.735,689.487
688.734,689.487
688.730,689.484
688.730,689.484
688.730,689.484
688.727,689.482
688.732,689.485
688.731,689.485
688.731,689.485
688.728,689.482
688.733,689.486
688.732,689.486
688.732,689.485
688.729,689.483
688.728,689.483
688.728,689.483
688.725,689.481
688.723,689.479
688.723,689.479
688.723,689.479
688.721,689.477
688.721,689.478
688.722,689.478
688.720,689.476
688.720,689.477
688.721,689.477
688.722,689.478
688.727,689.482
688.727,689.482
688.727,689.482
688.732,689.486
688.737,689.489
688.744,689.495
688.743,689.493
688.738,689.490
688.734,689.487
688.742,689.493
688.740,689.492
688.744,689.495
688.743,689.493
688.741,689.492
688.740,689.491
688.744,689.494
688.742,689.493
688.741,689.492
688.737,689.489
688.733,689.486
688.732,689.486
688.732,689.485
688.728,689.483
688.728,689.483
688.728,689.483
688.733,689.486
688.733,689.486
688.732,689.486
688.732,689.485
688.736,689.489
688.736,689.488
688.735,689.488
688.739,689.491
688.743,689.494
688.742,689.493
688.740,689.492
688.744,689.494
688.751,689.499
688.748,689.498
688.752,689.500
688.749,689.498
688.747,689.497
688.750,689.499
688.745,689.495
688.744,689.494
688.742,689.493
688.746,689.496
688.752,689.500
688.758,689.505
688.760,689.506
688.754,689.502
688.751,689.500
688.749,689.498
688.744,689.494
688.742,689.493
688.741,689.492
688.737,689.489
688.741,689.492
688.740,689.491
688.739,689.490
688.743,689.493
688.741,689.492
688.740,689.491
688.744,689.494
688.742,689.493
688.741,689.492
688.739,689.491
688.743,689.494
688.742,689.493
688.740,689.492
688.739,689.491
688.735,689.488
688.732,689.485
688.731,689.485
688.731,689.485
688.727,689.482
688.719,689.476
688.728,689.483
688.728,689.483
688.733,689.486
688.730,689.484
688.729,689.484
688.729,689.484
688.726,689.481
688.723,689.479
688.716,689.473
688.717,689.474
688.715,689.473
688.713,689.472
688.715,689.473
688.716,689.473
688.722,689.478
688.720,689.476
688.720,689.477
688.721,689.477
688.719,689.476
688.717,689.474
688.718,689.475
688.719,689.476
688.716,689.474
688.715,689.473
688.716,689.474
688.717,689.474
688.718,689.475
688.716,689.474
688.717,689.474
688.718,689.475
688.719,689.476
688.725,689.480
688.725,689.480
688.725,689.481
688.725,689.481
688.723,689.479
688.723,689.479
688.724,689.479
688.724,689.479
688.721,689.478
688.722,689.478
688.722,689.478
688.723,689.479
688.720,689.477
688.721,689.477
688.722,689.478
688.727,689.482
688.732,689.486
688.732,689.485
688.732,689.485
688.736,689.489
688.732,689.486
688.732,689.485
688.732,689.485
688.728,689.483
688.728,689.483
688.728,689.483
688.728,689.483
688.733,689.486
688.733,689.486
688.732,689.486
688.729,689.483
688.729,689.483
688.728,689.483
688.728,689.483
688.725,689.481
688.734,689.487
688.733,689.486
688.732,689.486
688.737,689.489
688.736,689.489
688.735,689.488
688.732,689.485
688.728,689.483
688.728,689.483
688.728,689.483
688.725,689.480
688.722,689.478
688.723,689.479
688.723,689.479
688.729,689.483
688.726,689.481
688.726,689.481
688.718,689.475
688.716,689.474
688.714,689.472
688.715,689.473
688.708,689.468
688.715,689.473
688.714,689.472
688.715,689.473
688.716,689.474
688.717,689.475
688.715,689.473
688.716,689.474
688.717,689.475
688.723,689.479
688.729,689.483
688.721,689.477
688.721,689.478
688.719,689.476
688.725,689.480
688.725,689.480
688.725,689.481
688.723,689.479
688.720,689.477
688.713,689.471
688.714,689.472
688.713,689.471
688.711,689.470
688.713,689.471
688.714,689.472
688.715,689.473
688.714,689.472
688.715,689.473
688.716,689.474
688.717,689.474
688.715,689.473
688.721,689.478
688.722,689.478
688.722,689.478
688.723,689.479
688.720,689.477
688.718,689.475
688.719,689.476
688.720,689.477
688.713,689.471
688.711,689.470
688.713,689.471
688.714,689.472
688.715,689.473
688.713,689.472
688.712,689.471
688.710,689.470
688.712,689.471
688.714,689.472
688.715,689.473
688.713,689.471
688.712,689.470
688.713,689.471
688.714,689.472
688.716,689.473
688.714,689.472
688.712,689.471
688.714,689.472
688.715,689.473
688.716,689.474
688.722,689.478
688.720,689.476
688.721,689.477
688.721,689.477
688.719,689.476
688.720,689.476
688.712,689.471
688.714,689.472
688.712,689.471
688.711,689.470
688.712,689.471
688.706,689.466
688.700,689.462
688.702,689.464
688.702,689.463
688.701,689.463
688.696,689.459
688.699,689.461
688.699,689.461
688.698,689.461
688.701,689.463
688.696,689.459
688.699,689.461
688.698,689.461
688.693,689.457
688.696,689.459
688.699,689.461
688.707,689.467
688.709,689.468
688.711,689.470
688.712,689.471
688.719,689.476
688.720,689.476
688.720,689.477
688.721,689.477
688.719,689.476
688.717,689.474
688.718,689.475
688.719,689.476
688.719,689.476
688.717,689.475
688.707,689.467
688.701,689.463
688.704,689.465
688.703,689.464
688.702,689.464
688.705,689.465
688.699,689.461
688.702,689.463
688.701,689.463
688.701,689.462
688.695,689.458
688.690,689.455
688.694,689.457
688.694,689.457
688.694,689.458
688.697,689.460
688.700,689.462
688.695,689.458
688.695,689.458
688.695,689.458
688.698,689.460
688.701,689.463
688.703,689.464
688.703,689.464
688.702,689.464
688.705,689.465
688.707,689.467
688.706,689.466
688.705,689.465
688.707,689.467
688.709,689.468
688.711,689.470
688.709,689.469
688.708,689.468
688.710,689.469
688.712,689.470
688.713,689.472
688.712,689.470
688.710,689.469
688.712,689.471
688.705,689.466
688.704,689.465
688.706,689.466
688.705,689.466
688.705,689.465
688.699,689.461
688.701,689.463
688.701,689.463
688.701,689.462
688.700,689.462
688.703,689.464
688.705,689.466
688.699,689.461
688.699,689.461
688.699,689.461
688.701,689.463
688.696,689.459
688.691,689.455
688.686,689.452
688.687,689.452
688.688,689.453
688.692,689.456
688.695,689.458
688.690,689.455
688.691,689.455
688.691,689.455
688.674,689.443
688.668,689.438
688.663,689.434
688.661,689.433
688.659,689.432
688.666,689.436
688.664,689.435
688.659,689.431
688.654,689.428
688.650,689.425
688.647,689.422
688.654,689.428
688.661,689.433
688.668,689.438
688.670,689.440
688.665,689.436
688.668,689.438
688.665,689.436
688.663,689.435
688.669,689.439
688.667,689.437
688.670,689.439
688.672,689.441
688.675,689.443
688.672,689.441
688.669,689.439
688.666,689.437
688.672,689.441
688.669,689.439
688.672,689.441
688.666,689.437
688.661,689.433
688.659,689.432
688.658,689.431
688.648,689.424
688.648,689.423
688.647,689.423
688.655,689.428
688.659,689.431
688.662,689.434
688.666,689.436
688.664,689.435
688.662,689.433
688.660,689.432
688.658,689.431
688.657,689.430
688.660,689.433
688.656,689.429
688.660,689.432
688.663,689.435
688.661,689.433
688.660,689.432
688.658,689.431
688.657,689.430
688.655,689.429
688.651,689.426
688.655,689.429
688.659,689.432
688.658,689.431
688.656,689.430
688.663,689.435
688.661,689.433
688.665,689.436
688.668,689.438
688.662,689.434
688.658,689.430
688.656,689.429
688.655,689.428
688.654,689.428
688.653,689.427
688.652,689.426
688.656,689.429
688.660,689.432
688.663,689.435
688.667,689.437
688.661,689.433
688.660,689.432
688.658,689.431
688.657,689.430
688.655,689.429
688.654,689.428
688.653,689.427
688.657,689.430
688.653,689.427
688.649,689.424
688.648,689.424
688.648,689.423
688.647,689.423
688.647,689.423
688.644,689.420
688.641,689.418
688.646,689.422
688.646,689.422
688.645,689.421
688.653,689.427
688.652,689.426
688.651,689.426
688.650,689.425
688.647,689.422
688.652,689.426
688.648,689.423
688.644,689.421
688.644,689.421
688.644,689.421
688.652,689.426
688.651,689.426
688.656,689.429
688.651,689.426
688.648,689.423
688.644,689.421
688.641,689.418
688.641,689.418
688.650,689.425
688.649,689.424
688.648,689.424
688.653,689.427
688.649,689.424
688.646,689.422
688.642,689.419
688.640,689.417
688.640,689.417
688.640,689.418
688.640,689.418
688.633,689.412
688.634,689.413
688.632,689.411
688.630,689.410
688.628,689.409
688.635,689.413
688.635,689.414
688.636,689.415
688.645,689.421
688.645,689.421
688.644,689.421
688.644,689.421
688.644,689.420
688.649,689.424
688.654,689.427
688.650,689.425
688.654,689.428
688.653,689.427
688.652,689.426
688.651,689.426
688.650,689.425
688.650,689.425
688.654,689.428
688.658,689.431
688.654,689.428
688.658,689.431
688.654,689.427
688.652,689.427
688.652,689.426
688.651,689.425
688.650,689.425
688.649,689.424
688.646,689.422
688.651,689.425
688.647,689.423
688.644,689.420
688.652,689.426
688.651,689.425
688.650,689.425
688.649,689.424
688.649,689.424
688.648,689.423
688.648,689.423
688.647,689.423
688.652,689.426
688.648,689.423
688.645,689.421
688.642,689.419
688.647,689.422
688.643,689.420
688.643,689.420
688.643,689.420
688.643,689.420
688.643,689.420
688.643,689.420
688.635,689.414
688.628,689.408
688.626,689.407
688.633,689.412
688.639,689.417
688.636,689.415
688.645,689.421
688.645,689.421
688.645,689.421
688.645,689.421
688.644,689.421
688.644,689.421
688.641,689.418
688.638,689.416
688.644,689.420
688.641,689.418
688.638,689.416
688.639,689.416
688.639,689.417
688.639,689.417
688.640,689.417
688.640,689.417
688.640,689.418
688.648,689.424
688.656,689.429
688.655,689.428
688.651,689.425
688.647,689.423
688.644,689.420
688.641,689.418
688.638,689.416
688.636,689.414
688.636,689.415
688.637,689.415
688.637,689.416
688.638,689.416
688.638,689.416
688.639,689.417
688.639,689.417
688.640,689.417
688.632,689.411
688.630,689.410
688.628,689.409
688.627,689.408
688.625,689.407
688.624,689.406
688.618,689.401
688.612,689.397
688.615,689.399
688.618,689.401
688.612,689.397
688.615,689.399
688.618,689.401
688.620,689.403
688.622,689.404
688.624,689.406
688.623,689.405
688.622,689.404
688.621,689.403
688.620,689.403
688.619,689.402
688.619,689.402
688.618,689.401
688.618,689.401
688.617,689.400
688.620,689.402
688.622,689.404
688.624,689.405
688.617,689.401
688.612,689.397
688.615,689.399
688.617,689.401
688.620,689.403
688.614,689.398
688.617,689.400
688.619,689.402
688.613,689.398
688.608,689.394
688.603,689.390
688.599,689.387
688.603,689.390
688.607,689.393
688.602,689.390
688.606,689.392
688.610,689.395
688.613,689.397
688.608,689.393
688.611,689.396
688.606,689.392
688.601,689.389
688.605,689.392
688.609,689.394
688.612,689.397
688.615,689.399
688.610,689.395
688.613,689.397
688.616,689.399
688.618,689.401
688.620,689.403
688.620,689.402
688.619,689.402
688.610,689.395
688.610,689.396
688.611,689.396
688.611,689.396
688.611,689.396
688.611,689.396
688.611,689.396
688.611,689.396
688.611,689.396
688.611,689.396
688.612,689.396
688.604,689.391
688.604,689.391
688.605,689.392
688.601,689.388
688.597,689.385
688.601,689.389
688.605,689.392
688.601,689.388
688.605,689.391
688.608,689.394
688.612,689.396
688.615,689.399
688.617,689.401
688.620,689.402
688.622,689.404
688.624,689.405
688.626,689.407
688.624,689.406
688.623,689.405
688.622,689.404
688.621,689.404
688.620,689.403
688.620,689.402
688.619,689.402
688.618,689.401
688.618,689.401
688.617,689.401
688.617,689.400
688.619,689.402
688.621,689.404
688.623,689.405
688.625,689.407
688.627,689.408
688.628,689.409
688.622,689.404
688.624,689.405
688.626,689.407
688.619,689.402
688.621,689.404
688.615,689.399
688.618,689.401
688.620,689.403
688.614,689.399
688.609,689.395
688.609,689.395
688.610,689.395
688.610,689.395
688.610,689.395
688.610,689.395
688.610,689.396
688.603,689.390
688.604,689.390
688.604,689.391
688.605,689.392
688.606,689.392
688.606,689.393
688.607,689.393
688.607,689.393
688.608,689.394
688.608,689.394
688.612,689.396
688.607,689.393
688.602,689.389
688.598,689.386
688.594,689.383
688.599,689.387
688.595,689.384
688.599,689.387
688.604,689.390
688.607,689.393
688.611,689.396
688.606,689.392
688.609,689.395
688.612,689.397
688.615,689.399
688.610,689.395
688.605,689.391
688.608,689.394
688.604,689.391
688.607,689.393
688.603,689.390
688.598,689.387
688.595,689.384
688.591,689.381
688.596,689.385
688.592,689.382
688.589,689.380
688.594,689.384
688.599,689.387
688.603,689.390
688.604,689.391
688.605,689.391
688.597,689.386
688.599,689.387
688.592,689.382
688.594,689.383
688.596,689.385
688.589,689.380
688.591,689.382
688.585,689.377
688.580,689.373
688.583,689.375
688.586,689.377
688.580,689.373
688.575,689.370
688.579,689.372
688.574,689.369
688.578,689.371
688.573,689.368
688.577,689.371
688.585,689.376
688.587,689.378
688.590,689.380
688.592,689.382
688.594,689.383
688.587,689.379
688.590,689.380
688.592,689.382
688.597,689.385
688.601,689.389
688.597,689.386
688.593,689.383
688.590,689.380
688.587,689.378
688.584,689.376
688.582,689.374
688.579,689.373
688.577,689.371
688.576,689.370
688.574,689.369
688.572,689.367
688.571,689.366
688.570,689.366
688.569,689.365
688.568,689.364
688.570,689.366
688.574,689.369
688.578,689.371
688.581,689.374
688.584,689.376
688.579,689.372
688.574,689.369
688.578,689.371
688.584,689.376
688.581,689.374
688.579,689.372
688.577,689.371
688.575,689.370
688.582,689.374
688.579,689.373
688.577,689.371
688.576,689.370
688.571,689.366
688.575,689.369
688.570,689.366
688.566,689.363
688.571,689.366
688.575,689.369
688.578,689.372
688.582,689.374
688.570,689.366
688.569,689.365
688.568,689.364
688.567,689.364
688.566,689.363
688.571,689.366
688.575,689.369
688.578,689.372
688.582,689.374
688.576,689.370
688.572,689.367
688.568,689.364
688.567,689.363
688.566,689.363
688.565,689.362
688.565,689.362
688.564,689.361
688.563,689.361
688.563,689.360
688.554,689.354
688.563,689.360
688.562,689.360
688.567,689.364
688.563,689.361
688.560,689.358
688.557,689.356
688.562,689.360
688.562,689.360
688.562,689.359
688.561,689.359
688.561,689.359
688.561,689.359
688.560,689.359
688.560,689.358
688.560,689.358
688.560,689.358
688.557,689.356
688.554,689.354
688.552,689.352
688.557,689.356
688.563,689.360
688.559,689.358
688.556,689.356
688.556,689.356
688.549,689.350
688.549,689.351
688.550,689.351
688.551,689.352
688.552,689.352
688.552,689.353
688.553,689.353
688.559,689.357
688.556,689.355
688.561,689.359
688.566,689.363
688.570,689.366
688.566,689.363
688.563,689.360
688.567,689.364
688.558,689.357
688.558,689.357
688.558,689.357
688.558,689.357
688.550,689.351
688.551,689.352
688.552,689.352
688.549,689.350
688.547,689.349
688.546,689.348
688.544,689.346
688.545,689.347
688.546,689.348
688.539,689.343
688.533,689.338
688.533,689.338
688.532,689.338
688.532,689.337
688.531,689.337
688.526,689.333
688.529,689.335
688.532,689.337
688.534,689.339
688.536,689.341
688.536,689.340
688.535,689.340
688.526,689.333
688.521,689.330
688.525,689.332
688.528,689.335
688.531,689.337
688.525,689.333
688.534,689.339
688.541,689.344
688.540,689.343
688.542,689.345
688.543,689.346
688.545,689.347
688.538,689.342
688.537,689.341
688.536,689.341
688.535,689.340
688.535,689.339
688.529,689.335
688.532,689.337
688.534,689.339
688.536,689.341
688.536,689.340
688.543,689.346
688.541,689.345
688.540,689.344
688.539,689.343
688.541,689.344
688.542,689.345
688.544,689.346
688.545,689.347
688.547,689.348
688.545,689.347
688.543,689.346
688.550,689.351
688.556,689.355
688.561,689.359
688.558,689.357
688.550,689.351
688.556,689.355
688.556,689.355
688.556,689.355
688.556,689.356
688.557,689.356
688.557,689.356
688.562,689.360
688.567,689.363
688.571,689.366
688.575,689.369
688.570,689.366
688.569,689.365
688.568,689.364
688.567,689.364
688.566,689.363
688.566,689.362
688.565,689.362
688.564,689.361
688.561,689.359
688.558,689.357
688.555,689.354
688.555,689.355
688.547,689.349
688.548,689.350
688.546,689.348
688.545,689.347
688.543,689.346
688.542,689.345
688.540,689.344
688.539,689.343
688.541,689.344
688.543,689.345
688.544,689.346
688.545,689.347
688.547,689.348
688.537,689.341
688.536,689.340
688.535,689.340
688.534,689.339
688.537,689.341
688.531,689.337
688.533,689.339
688.536,689.340
688.543,689.346
688.542,689.345
688.540,689.344
688.542,689.345
688.544,689.346
688.545,689.347
688.546,689.348
688.539,689.343
688.533,689.338
688.535,689.340
688.535,689.340
688.534,689.339
688.533,689.339
688.528,689.334
688.531,689.337
688.533,689.338
688.528,689.334
688.530,689.336
688.530,689.336
688.530,689.336
688.530,689.336
688.530,689.336
688.532,689.338
688.527,689.334
688.522,689.330
688.517,689.327
688.513,689.323
688.514,689.324
688.516,689.325
688.517,689.326
688.521,689.329
688.524,689.332
688.527,689.334
688.522,689.330
688.523,689.331
688.523,689.331
688.524,689.331
688.527,689.334
688.522,689.330
688.525,689.333
688.528,689.335
688.528,689.335
688.528,689.335
688.528,689.335
688.528,689.335
688.528,689.335
688.523,689.331
688.526,689.333
688.521,689.330
688.522,689.330
688.523,689.331
688.523,689.331
688.518,689.327
688.522,689.330
688.517,689.327
688.518,689.328
688.519,689.328
688.520,689.329
688.516,689.326
688.520,689.328
688.523,689.331
688.516,689.326
688.517,689.326
688.518,689.327
688.514,689.324
688.518,689.327
688.514,689.324
688.515,689.325
688.516,689.326
688.517,689.327
688.518,689.327
688.514,689.324
688.518,689.327
688.514,689.324
688.518,689.327
688.519,689.328
688.520,689.329
688.516,689.325
688.520,689.328
688.515,689.325
688.516,689.326
688.509,689.321
688.511,689.322
688.508,689.320
688.512,689.323
688.509,689.320
688.511,689.322
688.504,689.317
688.506,689.319
688.508,689.320
688.510,689.321
688.515,689.325
688.511,689.322
688.507,689.319
688.509,689.321
688.503,689.316
688.505,689.318
688.508,689.320
688.512,689.323
688.509,689.320
688.505,689.318
688.502,689.316
688.505,689.317
688.507,689.319
688.509,689.320
688.514,689.324
688.510,689.321
688.514,689.325
688.516,689.325
688.517,689.326
688.510,689.321
688.511,689.322
688.516,689.326
688.520,689.329
688.521,689.329
688.521,689.330
688.514,689.324
688.518,689.327
688.514,689.324
688.510,689.321
688.512,689.323
688.513,689.324
688.515,689.325
688.511,689.322
688.507,689.319
688.504,689.317
688.501,689.315
688.504,689.317
688.506,689.318
688.508,689.320
688.505,689.317
688.510,689.321
688.514,689.325
688.518,689.328
688.519,689.328
688.520,689.329
688.516,689.326
688.512,689.323
688.516,689.326
688.520,689.329
688.521,689.329
688.521,689.330
688.522,689.330
688.517,689.327
688.513,689.324
688.518,689.327
688.510,689.322
688.512,689.323
688.514,689.324
688.515,689.325
688.511,689.322
688.507,689.319
688.504,689.317
688.506,689.319
688.508,689.320
688.510,689.321
688.507,689.319
688.512,689.323
688.508,689.320
688.510,689.321
688.504,689.317
688.506,689.318
688.511,689.322
688.507,689.319
688.509,689.321
688.511,689.322
688.505,689.317
688.502,689.315
688.499,689.313
688.496,689.311
688.499,689.313
688.502,689.315
688.497,689.311
688.494,689.310
688.492,689.308
688.491,689.307
688.494,689.310
688.489,689.306
688.493,689.309
688.491,689.307
688.489,689.306
688.493,689.309
688.496,689.311
688.499,689.313
688.497,689.312
688.503,689.316
688.500,689.314
688.495,689.310
688.498,689.312
688.495,689.311
688.501,689.315
688.507,689.319
688.509,689.320
688.511,689.322
688.504,689.317
688.509,689.321
688.506,689.318
688.500,689.314
688.503,689.316
688.505,689.318
688.499,689.313
688.497,689.311
688.503,689.316
688.497,689.312
688.500,689.314
688.505,689.318
688.502,689.316
688.500,689.314
688.497,689.312
688.500,689.314
688.503,689.316
688.508,689.320
688.513,689.323
688.509,689.321
688.511,689.322
688.504,689.317
688.499,689.313
688.496,689.311
688.502,689.315
688.507,689.319
688.509,689.321
688.511,689.322
688.513,689.323
688.509,689.321
688.506,689.318
688.511,689.322
688.512,689.323
688.514,689.324
688.510,689.321
688.506,689.319
688.503,689.316
688.500,689.314
688.503,689.316
688.505,689.318
688.506,689.319
688.503,689.316
688.500,689.314
688.498,689.312
688.493,689.308
688.496,689.311
688.499,689.313
688.497,689.311
688.502,689.316
688.500,689.314
688.502,689.316
688.497,689.312
688.495,689.310
688.493,689.308
688.491,689.307
688.489,689.306
688.485,689.303
688.481,689.300
688.480,689.299
688.479,689.299
688.487,689.304
688.483,689.301
688.479,689.298
688.476,689.296
688.475,689.296
688.488,689.305
688.484,689.302
688.480,689.299
688.479,689.298
688.479,689.298
688.483,689.301
688.479,689.299
688.479,689.298
688.478,689.298
688.478,689.298
688.475,689.295
688.480,689.299
688.479,689.298
688.479,689.298
688.475,689.296
688.472,689.293
688.469,689.291
688.470,689.292
688.470,689.292
688.468,689.290
688.473,689.294
688.473,689.294
688.473,689.294
688.470,689.292
688.468,689.290
688.467,689.290
688.473,689.294
688.465,689.288
688.466,689.289
688.464,689.287
688.462,689.286
688.463,689.287
688.464,689.287
688.470,689.292
688.476,689.296
688.475,689.296
688.475,689.296
688.472,689.293
688.469,689.291
688.470,689.292
688.470,689.292
688.476,689.296
688.475,689.296
688.467,689.290
688.465,689.288
688.463,689.286
688.461,689.285
688.462,689.286
688.463,689.287
688.469,689.291
688.457,689.282
688.459,689.283
688.457,689.282
688.464,689.287
688.462,689.286
688.463,689.287
688.461,689.285
688.459,689.284
688.453,689.279
688.455,689.280
688.454,689.280
688.453,689.279
688.455,689.280
688.448,689.276
688.448,689.275
688.456,689.281
688.457,689.282
688.459,689.283
688.457,689.282
688.456,689.281
688.458,689.283
688.459,689.284
688.458,689.283
688.456,689.282
688.450,689.277
688.452,689.278
688.451,689.278
688.451,689.277
688.453,689.279
688.447,689.274
688.446,689.274
688.449,689.276
688.443,689.272
688.451,689.278
688.450,689.277
688.453,689.279
688.455,689.280
688.462,689.285
688.460,689.284
688.461,689.285
688.454,689.280
688.453,689.279
688.447,689.275
688.442,689.271
688.442,689.271
688.445,689.273
688.439,689.269
688.440,689.269
688.440,689.270
688.443,689.272
688.446,689.274
688.438,689.268
688.433,689.265
688.437,689.267
688.438,689.268
688.438,689.268
688.442,689.271
688.442,689.271
688.442,689.271
688.437,689.267
688.440,689.270
688.441,689.270
688.444,689.272
688.447,689.274
688.446,689.274
688.446,689.274
688.449,689.276
688.448,689.275
688.448,689.275
688.450,689.277
688.452,689.279
688.451,689.278
688.451,689.277
688.445,689.273
688.439,689.269
688.440,689.269
688.443,689.272
688.446,689.274
688.446,689.274
688.445,689.274
688.448,689.275
688.442,689.271
688.443,689.271
688.445,689.274
688.448,689.276
688.448,689.275
688.447,689.275
688.442,689.271
688.442,689.271
688.442,689.271
688.437,689.267
688.440,689.270
688.441,689.270
688.449,689.276
688.451,689.278
688.453,689.279
688.452,689.279
688.452,689.278
688.454,689.280
688.456,689.281
688.454,689.280
688.453,689.279
688.447,689.275
688.442,689.271
688.442,689.271
688.442,689.271
688.437,689.267
688.438,689.268
688.446,689.274
688.441,689.270
688.444,689.272
688.444,689.272
688.438,689.268
688.442,689.271
688.442,689.271
688.442,689.271
688.445,689.273
688.445,689.273
688.445,689.273
688.448,689.275
688.450,689.277
688.449,689.276
688.449,689.276
688.451,689.278
688.453,689.279
688.455,689.281
688.454,689.280
688.453,689.279
688.455,689.281
688.462,689.286
688.460,689.284
688.461,689.285
688.463,689.286
688.464,689.287
688.462,689.286
688.455,689.280
688.457,689.282
688.455,689.281
688.454,689.280
688.448,689.275
688.450,689.277
688.450,689.277
688.449,689.276
688.451,689.278
688.453,689.279
688.452,689.279
688.452,689.278
688.446,689.274
688.445,689.274
688.445,689.273
688.448,689.275
688.442,689.271
688.442,689.271
688.445,689.273
688.440,689.269
688.440,689.270
688.441,689.270
688.444,689.272
688.444,689.272
688.444,689.272
688.446,689.274
688.449,689.276
688.448,689.276
688.448,689.275
688.450,689.277
688.450,689.277
688.449,689.276
688.443,689.272
688.443,689.272
688.443,689.272
688.438,689.268
688.442,689.271
688.442,689.271
688.442,689.271
688.445,689.273
688.440,689.269
688.440,689.269
688.443,689.272
688.438,689.268
688.438,689.268
688.439,689.269
688.434,689.265
688.435,689.266
688.428,689.260
688.432,689.264
688.428,689.261
688.429,689.262
688.426,689.259
688.422,689.256
688.424,689.258
688.421,689.255
688.418,689.253
688.420,689.255
688.417,689.253
688.414,689.251
688.417,689.253
688.415,689.251
688.412,689.249
688.415,689.251
688.418,689.253
688.415,689.251
688.418,689.253
688.420,689.255
688.425,689.259
688.427,689.260
688.428,689.261
688.433,689.264
688.434,689.265
688.427,689.260
688.431,689.263
688.427,689.260
688.429,689.261
688.433,689.264
688.437,689.267
688.437,689.268
688.438,689.268
688.441,689.270
688.441,689.271
688.442,689.271
688.445,689.273
688.445,689.273
688.444,689.273
688.439,689.269
688.440,689.269
688.440,689.269
688.435,689.266
688.436,689.266
688.437,689.267
688.440,689.270
688.435,689.266
688.436,689.267
688.432,689.263
688.435,689.266
688.436,689.267
688.440,689.269
688.443,689.272
688.443,689.272
688.446,689.274
688.448,689.276
688.440,689.269
688.432,689.264
688.428,689.261
688.430,689.262
688.423,689.257
688.420,689.254
688.414,689.250
688.409,689.246
688.407,689.245
688.410,689.247
688.416,689.252
688.422,689.256
688.424,689.257
688.428,689.261
688.425,689.258
688.426,689.260
688.431,689.263
688.427,689.260
688.420,689.255
688.417,689.253
688.423,689.257
688.425,689.258
688.429,689.262
688.423,689.257
688.417,689.252
688.422,689.256
688.419,689.254
688.413,689.250
688.411,689.248
688.414,689.250
688.417,689.252
688.414,689.250
688.409,689.247
688.412,689.249
688.410,689.247
688.413,689.250
688.416,689.252
688.422,689.256
688.416,689.251
688.413,689.250
688.411,689.248
688.414,689.250
688.411,689.248
688.414,689.251
688.417,689.253
688.414,689.251
688.409,689.247
688.404,689.243
688.411,689.248
688.414,689.250
688.420,689.255
688.417,689.252
688.411,689.248
688.417,689.253
688.412,689.249
688.415,689.251
688.412,689.249
688.415,689.251
688.410,689.247
688.408,689.246
688.411,689.248
688.406,689.245
688.405,689.243
688.400,689.240
688.399,689.239
688.398,689.239
688.394,689.236
688.391,689.233
688.391,689.233
688.388,689.231
688.385,689.229
688.385,689.229
688.391,689.233
688.396,689.237
688.395,689.236
688.392,689.234
688.397,689.237
688.396,689.237
688.400,689.240
688.396,689.237
688.396,689.237
688.400,689.240
688.396,689.237
688.396,689.237
688.400,689.240
688.404,689.243
688.403,689.242
688.407,689.245
688.402,689.241
688.409,689.247
688.404,689.243
688.400,689.240
688.399,689.239
688.403,689.242
688.407,689.245
688.413,689.250
688.408,689.246
688.406,689.245
688.405,689.243
688.400,689.240
688.404,689.243
688.411,689.248
688.414,689.250
688.420,689.254
688.414,689.250
688.409,689.246
688.407,689.245
688.402,689.242
688.406,689.244
688.404,689.243
688.408,689.246
688.411,689.248
688.417,689.253
688.420,689.255
688.417,689.252
688.414,689.250
688.417,689.253
688.414,689.251
688.409,689.247
688.412,689.249
688.418,689.253
688.412,689.249
688.418,689.253
688.415,689.251
688.410,689.247
688.405,689.244
688.404,689.243
688.399,689.240
688.398,689.239
688.403,689.242
688.399,689.239
688.398,689.238
688.402,689.241
688.406,689.244
688.404,689.243
688.408,689.246
688.398,689.239
688.394,689.236
688.394,689.235
688.391,689.233
688.388,689.231
688.388,689.231
688.385,689.229
688.385,689.229
688.386,689.229
688.383,689.227
688.384,689.228
688.389,689.232
688.394,689.236
688.394,689.235
688.399,689.239
688.395,689.236
688.402,689.242
688.406,689.245
688.405,689.243
688.411,689.248
688.414,689.250
688.412,689.249
688.410,689.247
688.413,689.249
688.411,689.248
688.411,689.248
688.414,689.250
688.411,689.248
688.409,689.247
688.405,689.243
688.403,689.242
688.399,689.239
688.398,689.238
688.397,689.238
688.393,689.235
688.393,689.235
688.390,689.232
688.390,689.232
688.390,689.232
688.387,689.230
688.387,689.230
688.392,689.234
688.389,689.232
688.389,689.232
688.386,689.230
688.386,689.230
688.387,689.230
688.384,689.228
688.385,689.228
688.382,689.227
688.392,689.234
688.391,689.234
688.388,689.231
688.388,689.231
688.386,689.229
688.383,689.227
688.384,689.228
688.389,689.232
688.389,689.232
688.386,689.230
688.392,689.234
688.391,689.234
688.388,689.231
688.388,689.231
688.386,689.229
688.383,689.227
688.384,689.228
688.381,689.226
688.374,689.221
688.373,689.220
688.366,689.215
688.368,689.216
688.367,689.216
688.369,689.217
688.368,689.217
688.363,689.213
688.365,689.214
688.365,689.214
688.367,689.216
688.366,689.215
688.368,689.217
688.367,689.216
688.367,689.215
688.361,689.211
688.361,689.211
688.363,689.213
688.371,689.218
688.365,689.214
688.364,689.213
688.366,689.215
688.366,689.215
688.360,689.210
688.360,689.210
688.360,689.210
688.362,689.212
688.362,689.212
688.357,689.208
688.357,689.208
688.360,689.210
688.352,689.204
688.355,689.207
688.356,689.207
688.356,689.207
688.359,689.210
688.359,689.210
688.362,689.212
688.362,689.212
688.364,689.213
688.364,689.213
688.366,689.215
688.365,689.214
688.365,689.214
688.367,689.216
688.366,689.215
688.360,689.211
688.360,689.211
688.355,689.207
688.355,689.207
688.356,689.207
688.359,689.209
688.359,689.209
688.362,689.212
688.361,689.211
688.356,689.207
688.356,689.208
688.359,689.210
688.362,689.212
688.362,689.212
688.365,689.214
688.364,689.213
688.358,689.209
688.358,689.209
688.361,689.211
688.361,689.211
688.356,689.207
688.359,689.209
688.359,689.209
688.362,689.212
688.361,689.211
688.364,689.213
688.364,689.213
688.358,689.209
688.358,689.209
688.366,689.215
688.368,689.216
688.367,689.216
688.369,689.217
688.368,689.217
688.362,689.212
688.362,689.212
688.365,689.214
688.367,689.215
688.366,689.215
688.368,689.216
688.375,689.222
688.369,689.217
688.368,689.216
688.370,689.218
688.369,689.217
688.363,689.212
688.362,689.212
688.354,689.206
688.354,689.206
688.355,689.206
688.350,689.203
688.351,689.204
688.354,689.206
688.355,689.207
688.358,689.209
688.358,689.209
688.353,689.205
688.354,689.206
688.349,689.202
688.342,689.197
688.338,689.194
688.340,689.196
688.345,689.199
688.338,689.194
688.335,689.192
688.337,689.193
688.342,689.197
688.339,689.194
688.340,689.196
688.345,689.199
688.346,689.200
688.342,689.197
688.344,689.198
688.348,689.202
688.349,689.202
688.353,689.205
688.354,689.206
688.349,689.202
688.350,689.203
688.351,689.203
688.346,689.200
688.339,689.195
688.336,689.193
688.338,689.194
688.335,689.192
688.337,689.194
688.334,689.191
688.337,689.193
688.339,689.195
688.343,689.198
688.345,689.199
688.341,689.196
688.343,689.198
688.347,689.201
688.348,689.202
688.344,689.199
688.345,689.200
688.342,689.197
688.343,689.198
688.348,689.201
688.349,689.202
688.350,689.203
688.345,689.199
688.339,689.195
688.343,689.198
688.345,689.199
688.341,689.196
688.343,689.198
688.339,689.195
688.341,689.196
688.345,689.200
688.347,689.201
688.351,689.204
688.352,689.204
688.355,689.207
688.347,689.201
688.351,689.204
688.344,689.199
688.348,689.202
688.349,689.202
688.345,689.199
688.346,689.200
688.342,689.197
688.344,689.199
688.340,689.196
688.342,689.197
688.344,689.198
688.340,689.195
688.334,689.191
688.339,689.195
688.333,689.190
688.330,689.188
688.333,689.190
688.330,689.188
688.333,689.190
688.330,689.188
688.333,689.190
688.335,689.192
688.338,689.194
688.334,689.191
688.329,689.187
688.332,689.189
688.337,689.193
688.339,689.195
688.344,689.198
688.345,689.199
688.341,689.197
688.343,689.198
688.347,689.201
688.348,689.202
688.344,689.199
688.338,689.194
688.334,689.191
688.332,689.189
688.334,689.191
688.339,689.195
688.341,689.196
688.346,689.200
688.347,689.201
688.348,689.202
688.344,689.199
688.340,689.196
688.342,689.197
688.346,689.200
688.340,689.195
688.336,689.193
688.338,689.194
688.335,689.192
688.337,689.194
688.342,689.197
688.344,689.198
688.340,689.196
688.342,689.197
688.338,689.194
688.340,689.196
688.345,689.199
688.346,689.200
688.342,689.197
688.344,689.198
688.340,689.196
688.342,689.197
688.335,689.192
688.340,689.196
688.334,689.191
688.339,689.195
688.341,689.196
688.338,689.194
688.340,689.195
688.344,689.199
688.346,689.200
688.350,689.203
688.351,689.204
688.354,689.206
688.355,689.207
688.350,689.203
688.351,689.204
688.354,689.206
688.355,689.207
688.358,689.209
688.358,689.209
688.361,689.211
688.361,689.211
688.356,689.207
688.348,689.201
688.352,689.204
688.352,689.205
688.348,689.201
688.341,689.196
688.337,689.194
688.339,689.195
688.336,689.193
688.338,689.194
688.340,689.196
688.337,689.193
688.339,689.195
688.336,689.192
688.330,689.188
688.327,689.186
688.330,689.188
688.328,689.187
688.323,689.183
688.329,689.188
688.332,689.190
688.329,689.188
688.332,689.190
688.329,689.188
688.332,689.190
688.330,689.188
688.324,689.184
688.320,689.180
688.323,689.183
688.327,689.186
688.330,689.188
688.327,689.186
688.322,689.182
688.329,689.187
688.324,689.183
688.322,689.182
688.325,689.185
688.323,689.183
688.327,689.186
688.325,689.184
688.320,689.181
688.318,689.180
688.322,689.182
688.328,689.187
688.323,689.183
688.322,689.182
688.325,689.185
688.328,689.187
688.326,689.185
688.329,689.188
688.327,689.186
688.322,689.182
688.320,689.181
688.316,689.178
688.315,689.177
688.319,689.180
688.318,689.179
688.321,689.182
688.320,689.181
688.324,689.183
688.322,689.182
688.325,689.185
688.323,689.183
688.319,689.180
688.317,689.179
688.321,689.182
688.320,689.180
688.323,689.183
688.321,689.182
688.325,689.184
688.323,689.183
688.326,689.186
688.332,689.190
688.327,689.186
688.325,689.184
688.328,689.187
688.326,689.185
688.329,689.187
688.327,689.186
688.330,689.188
688.327,689.186
688.330,689.188
688.328,689.186
688.331,689.189
688.328,689.187
688.323,689.183
688.321,689.182
688.325,689.184
688.323,689.183
688.326,689.185
688.329,689.188
688.324,689.184
688.330,689.188
688.333,689.190
688.336,689.192
688.333,689.190
688.335,689.192
688.340,689.196
688.342,689.197
688.338,689.194
688.340,689.196
688.345,689.199
688.346,689.200
688.350,689.203
688.343,689.198
688.345,689.199
688.338,689.194
688.335,689.192
688.337,689.193
688.334,689.191
688.336,689.193
688.339,689.194
688.340,689.196
688.337,689.193
688.331,689.189
688.328,689.187
688.323,689.183
688.322,689.182
688.320,689.181
688.324,689.183
688.319,689.180
688.318,689.179
688.313,689.176
688.313,689.175
688.309,689.173
688.309,689.172
688.305,689.170
688.305,689.170
688.310,689.174
688.310,689.173
688.314,689.177
688.313,689.176
688.318,689.179
688.316,689.178
688.312,689.175
688.312,689.175
688.308,689.172
688.305,689.170
688.310,689.173
688.315,689.177
688.314,689.176
688.310,689.173
688.309,689.173
688.306,689.170
688.311,689.174
688.310,689.174
688.315,689.177
688.314,689.176
688.318,689.180
688.322,689.182
688.328,689.187
688.323,689.183
688.330,689.188
688.332,689.190
688.330,689.188
688.324,689.184
688.323,689.183
688.326,689.185
688.324,689.184
688.327,689.186
688.330,689.188
688.333,689.190
688.330,689.188
688.333,689.190
688.338,689.194
688.332,689.190
688.330,689.188
688.332,689.190
688.330,689.188
688.327,689.186
688.322,689.182
688.326,689.185
688.324,689.183
688.319,689.180
688.318,689.179
688.321,689.182
688.325,689.184
688.328,689.187
688.326,689.185
688.321,689.182
688.320,689.180
688.315,689.177
688.314,689.176
688.318,689.180
688.317,689.179
688.321,689.182
688.320,689.180
688.315,689.177
688.314,689.176
688.313,689.176
688.318,689.179
688.324,689.184
688.320,689.180
688.318,689.179
688.314,689.176
688.313,689.176
688.309,689.173
688.309,689.173
688.308,689.172
688.305,689.170
688.305,689.170
688.310,689.174
688.310,689.173
688.314,689.177
688.321,689.182
688.325,689.184
688.323,689.183
688.321,689.182
688.317,689.178
688.316,689.178
688.320,689.181
688.318,689.180
688.314,689.176
688.313,689.176
688.310,689.173
688.314,689.176
688.313,689.176
688.310,689.173
688.309,689.173
688.314,689.176
688.313,689.176
688.317,689.179
688.316,689.178
688.312,689.175
688.309,689.172
688.308,689.172
688.313,689.176
688.312,689.175
688.308,689.172
688.308,689.172
688.305,689.170
688.310,689.173
688.309,689.173
688.306,689.170
688.306,689.170
688.303,689.168
688.303,689.168
688.308,689.172
688.305,689.170
688.305,689.170
688.302,689.168
688.302,689.168
688.300,689.166
688.300,689.166
688.306,689.170
688.306,689.170
688.311,689.174
688.310,689.173
688.315,689.177
688.311,689.174
688.310,689.174
688.307,689.171
688.307,689.171
688.304,689.169
688.304,689.169
688.301,689.167
688.301,689.167
688.299,689.165
688.304,689.169
688.302,689.168
688.300,689.166
688.297,689.164
688.298,689.164
688.304,689.169
688.296,689.163
688.294,689.161
688.295,689.162
688.293,689.161
688.299,689.165
688.300,689.166
688.305,689.170
688.305,689.170
688.302,689.168
688.308,689.172
688.307,689.171
688.304,689.169
688.304,689.169
688.309,689.173
688.309,689.173
688.306,689.170
688.311,689.174
688.307,689.171
688.304,689.169
688.309,689.173
688.301,689.166
688.298,689.165
688.299,689.165
688.296,689.163
688.294,689.162
688.295,689.162
688.293,689.161
688.294,689.162
688.292,689.160
688.291,689.159
688.292,689.160
688.290,689.159
688.284,689.154
688.283,689.153
688.282,689.153
688.284,689.154
688.283,689.154
688.285,689.155
688.284,689.154
688.286,689.156
688.293,689.161
688.299,689.165
688.300,689.166
688.297,689.164
688.298,689.165
688.293,689.161
688.292,689.160
688.285,689.155
688.284,689.154
688.278,689.150
688.277,689.149
688.277,689.149
688.280,689.151
688.279,689.151
688.282,689.152
688.281,689.152
688.275,689.148
688.278,689.150
688.277,689.149
688.280,689.151
688.279,689.151
688.282,689.153
688.281,689.152
688.289,689.157
688.290,689.159
688.289,689.157
688.290,689.159
688.297,689.163
688.289,689.158
688.283,689.153
688.274,689.147
688.269,689.143
688.270,689.144
688.270,689.144
688.273,689.146
688.273,689.146
688.276,689.149
688.279,689.150
688.279,689.150
688.281,689.152
688.288,689.157
688.290,689.159
688.289,689.157
688.287,689.156
688.289,689.158
688.287,689.157
688.289,689.158
688.288,689.157
688.286,689.156
688.288,689.157
688.287,689.156
688.280,689.151
688.280,689.151
688.282,689.153
688.276,689.148
688.276,689.148
688.279,689.150
688.278,689.150
688.281,689.152
688.288,689.157
688.287,689.156
688.289,689.157
688.287,689.156
688.281,689.152
688.288,689.157
688.287,689.156
688.289,689.158
688.279,689.151
688.279,689.150
688.273,689.146
688.265,689.140
688.266,689.141
688.262,689.138
688.263,689.139
688.256,689.133
688.260,689.137
688.254,689.132
688.251,689.129
688.248,689.127
688.250,689.129
688.253,689.131
688.249,689.129
688.244,689.124
688.247,689.127
688.252,689.131
688.254,689.132
688.251,689.130
688.253,689.131
688.255,689.133
688.260,689.136
688.261,689.137
688.257,689.134
688.259,689.136
688.260,689.137
688.257,689.134
688.250,689.129
688.247,689.127
688.245,689.125
688.247,689.127
688.253,689.131
688.255,689.133
688.257,689.134
688.261,689.137
688.263,689.138
688.258,689.135
688.260,689.136
688.261,689.137
688.266,689.140
688.266,689.141
688.267,689.142
688.263,689.138
688.264,689.139
688.268,689.142
688.268,689.143
688.269,689.143
688.272,689.145
688.272,689.146
688.275,689.148
688.275,689.148
688.278,689.150
688.273,689.146
688.273,689.146
688.268,689.142
688.268,689.143
688.269,689.143
688.272,689.145
688.272,689.146
688.267,689.142
688.271,689.144
688.271,689.145
688.274,689.147
688.274,689.147
688.274,689.147
688.269,689.143
688.270,689.144
688.270,689.144
688.265,689.140
688.266,689.141
688.262,689.138
688.266,689.141
688.259,689.135
688.263,689.139
688.256,689.133
688.258,689.135
688.254,689.132
688.248,689.128
688.253,689.131
688.258,689.135
688.260,689.136
688.256,689.133
688.260,689.137
688.262,689.138
688.258,689.135
688.259,689.136
688.261,689.137
688.257,689.134
688.259,689.135
688.255,689.133
688.260,689.136
688.261,689.137
688.257,689.134
688.259,689.135
688.260,689.137
688.256,689.134
688.258,689.135
688.260,689.136
688.264,689.139
688.260,689.136
688.261,689.137
688.257,689.134
688.259,689.135
688.252,689.131
688.249,689.128
688.252,689.130
688.254,689.132
688.250,689.129
688.253,689.131
688.250,689.129
688.247,689.127
688.249,689.129
688.247,689.126
688.249,689.128
688.252,689.130
688.257,689.134
688.258,689.135
688.255,689.132
688.257,689.134
688.258,689.135
688.255,689.132
688.248,689.128
688.243,689.124
688.241,689.122
688.244,689.124
688.247,689.127
688.252,689.131
688.246,689.126
688.241,689.122
688.247,689.127
688.250,689.129
688.252,689.130
688.249,689.128
688.243,689.124
688.238,689.120
688.236,689.119
688.232,689.116
688.236,689.119
688.234,689.117
688.241,689.122
688.244,689.125
688.239,689.121
688.237,689.120
688.241,689.122
688.239,689.121
688.237,689.119
688.232,689.116
688.239,689.121
688.245,689.126
688.248,689.128
688.243,689.124
688.246,689.126
688.248,689.128
688.246,689.126
688.243,689.124
688.246,689.126
688.249,689.128
688.254,689.132
688.256,689.134
688.261,689.137
688.257,689.134
688.258,689.135
688.252,689.130
688.257,689.134
688.259,689.135
688.263,689.139
688.267,689.141
688.268,689.142
688.263,689.139
688.259,689.136
688.252,689.131
688.257,689.134
688.254,689.132
688.256,689.133
688.260,689.137
688.264,689.140
688.265,689.140
688.261,689.137
688.254,689.132
688.256,689.134
688.258,689.135
688.254,689.132
688.256,689.134
688.258,689.135
688.262,689.138
688.255,689.133
688.249,689.128
688.246,689.126
688.241,689.122
688.244,689.125
688.242,689.123
688.245,689.125
688.240,689.121
688.238,689.120
688.241,689.123
688.245,689.125
688.242,689.123
688.240,689.122
688.243,689.124
688.238,689.120
688.245,689.125
688.247,689.127
688.245,689.125
688.242,689.123
688.245,689.126
688.243,689.124
688.241,689.122
688.244,689.125
688.250,689.129
688.244,689.125
688.247,689.127
688.252,689.131
688.249,689.128
688.244,689.124
688.247,689.126
688.244,689.125
688.239,689.121
688.237,689.119
688.243,689.124
688.246,689.126
688.244,689.124
688.241,689.123
688.237,689.119
688.240,689.122
688.246,689.126
688.241,689.122
688.239,689.121
688.245,689.125
688.240,689.122
688.243,689.124
688.249,689.128
688.246,689.126
688.249,689.128
688.251,689.130
688.248,689.128
688.251,689.130
688.253,689.131
688.250,689.129
688.244,689.125
688.247,689.127
688.244,689.125
688.247,689.127
688.250,689.129
688.247,689.127
688.250,689.129
688.244,689.124
688.242,689.123
688.240,689.121
688.243,689.124
688.238,689.120
688.236,689.119
688.240,689.121
688.235,689.118
688.234,689.117
688.229,689.114
688.234,689.117
688.232,689.116
688.228,689.113
688.225,689.110
688.224,689.110
688.224,689.110
688.229,689.113
688.228,689.112
688.235,689.118
688.231,689.115
688.235,689.118
688.233,689.117
688.237,689.120
688.233,689.116
688.232,689.115
688.236,689.118
688.231,689.115
688.238,689.120
688.236,689.119
688.240,689.122
688.235,689.118
688.234,689.117
688.238,689.120
688.236,689.119
688.234,689.117
688.238,689.120
688.242,689.123
688.240,689.121
688.243,689.124
688.238,689.120
688.236,689.119
688.240,689.121
688.243,689.124
688.238,689.120
688.236,689.119
688.232,689.116
688.228,689.113
688.227,689.112
688.224,689.109
688.228,689.113
688.228,689.112
688.227,689.112
688.231,689.115
688.235,689.118
688.234,689.117
688.238,689.120
688.233,689.117
688.240,689.122
688.243,689.124
688.241,689.122
688.239,689.121
688.234,689.117
688.233,689.116
688.232,689.115
688.228,689.112
688.224,689.110
688.232,689.115
688.228,689.113
688.224,689.110
688.224,689.110
688.223,689.109
688.220,689.107
688.220,689.107
688.225,689.111
688.222,689.108
688.222,689.108
688.221,689.108
688.219,689.106
688.224,689.110
688.223,689.109
688.220,689.107
688.225,689.111
688.225,689.110
688.221,689.108
688.219,689.106
688.224,689.110
688.223,689.109
688.228,689.113
688.225,689.110
688.232,689.116
688.236,689.119
688.232,689.116
688.231,689.115
688.230,689.114
688.234,689.117
688.230,689.114
688.237,689.119
688.232,689.116
688.236,689.119
688.235,689.118
688.233,689.117
688.237,689.120
688.241,689.122
688.239,689.121
688.245,689.125
688.240,689.121
688.238,689.120
688.241,689.123
688.236,689.119
688.240,689.122
688.238,689.120
688.242,689.123
688.245,689.125
688.239,689.121
688.238,689.120
688.241,689.122
688.236,689.119
688.243,689.124
688.246,689.126
688.240,689.122
688.246,689.126
688.241,689.122
688.236,689.119
688.235,689.118
688.238,689.120
688.242,689.123
688.237,689.119
688.235,689.118
688.239,689.121
688.242,689.123
688.240,689.122
688.235,689.118
688.231,689.115
688.235,689.118
688.234,689.117
688.238,689.120
688.241,689.122
688.239,689.121
688.237,689.120
688.233,689.116
688.232,689.115
688.230,689.114
688.219,689.106
688.217,689.104
688.217,689.105
688.209,689.099
688.215,689.103
688.213,689.102
688.214,689.102
688.211,689.100
688.209,689.099
688.210,689.100
688.211,689.100
688.209,689.099
688.215,689.103
688.216,689.104
688.221,689.108
688.218,689.106
688.251,689.130
694.262,693.576
702.283,699.508
708.147,703.845
711.642,706.429
713.225,707.600
715.145,709.020
715.242,709.092
716.209,709.808
707.604,703.443
707.513,703.376
707.365,703.267
707.358,703.261
707.335,703.244
707.351,703.256
707.852,703.627
708.719,704.268
708.714,704.264
707.952,703.701
707.818,703.601
707.772,703.568
707.862,703.634
708.719,704.268
707.005,703.000
706.910,702.930
706.235,702.431
705.371,701.791
705.150,701.628
704.331,701.023
703.835,700.656
703.703,700.558
703.145,700.145
703.056,700.079
702.909,699.971
696.152,694.973
696.143,694.967
696.149,694.971
696.183,694.996
696.225,695.028
696.272,695.062
696.313,695.092
696.319,695.097
696.294,695.079
696.251,695.047
695.609,694.572
695.542,694.522
695.505,694.495
695.442,694.448
695.350,694.380
694.755,693.940
694.667,693.875
694.579,693.810
694.502,693.753
694.446,693.712
694.401,693.678
694.354,693.644
694.325,693.622
694.301,693.605
694.283,693.591
694.059,693.425
694.051,693.420
694.049,693.418
694.042,693.413
694.041,693.412
694.035,693.408
694.038,693.410
694.033,693.406
694.036,693.408
694.039,693.410
694.033,693.406
694.033,693.406
694.028,693.402
694.028,693.402
694.023,693.399
694.027,693.402
694.027,693.402
694.023,693.399
694.023,693.399
694.027,693.402
694.023,693.399
694.031,693.405
694.035,693.407
694.038,693.410
694.045,693.415
694.047,693.416
694.049,693.418
694.054,693.422
694.064,693.429
694.064,693.429
694.064,693.429
694.069,693.432
694.068,693.432
694.068,693.432
694.072,693.435
694.080,693.441
694.079,693.440
694.077,693.439
694.081,693.441
694.079,693.440
694.086,693.445
694.084,693.444
694.083,693.443
694.081,693.442
694.088,693.447
694.090,693.448
694.088,693.447
694.086,693.445
694.088,693.447
694.086,693.445
694.084,693.444
694.079,693.440
694.077,693.439
694.073,693.435
694.072,693.435
694.063,693.429
694.068,693.432
694.060,693.426
694.052,693.420
694.045,693.415
694.047,693.417
694.037,693.409
694.032,693.405
694.023,693.399
694.019,693.396
694.020,693.396
694.016,693.394
694.009,693.388
694.006,693.386
694.000,693.382
693.998,693.381
693.993,693.376
693.992,693.376
693.987,693.372
693.986,693.372
693.986,693.371
693.982,693.368
693.973,693.362
693.970,693.360
693.971,693.361
693.964,693.355
693.954,693.348
693.948,693.344
693.948,693.343
693.947,693.342
693.942,693.339
693.938,693.336
693.930,693.330
693.927,693.327
693.920,693.322
693.922,693.324
693.911,693.316
693.910,693.315
693.905,693.311
693.900,693.308
693.891,693.301
693.876,693.290
693.861,693.279
693.853,693.273
693.845,693.267
693.838,693.262
693.823,693.251
693.810,693.241
693.790,693.227
693.776,693.216
693.755,693.200
693.740,693.190
693.723,693.176
693.707,693.165
693.680,693.145
693.660,693.130
693.638,693.114
693.614,693.096
693.589,693.077
693.565,693.060
693.540,693.042
693.509,693.019
693.477,692.995
693.448,692.974
693.422,692.955
693.399,692.937
693.365,692.912
693.331,692.887
693.300,692.864
693.267,692.840
693.234,692.815
693.200,692.790
693.165,692.764
693.126,692.735
693.098,692.714
693.068,692.693
693.038,692.670
693.003,692.644
692.974,692.623
692.945,692.601
692.918,692.581
692.886,692.558
692.857,692.536
692.830,692.517
692.806,692.499
692.777,692.477
692.750,692.457
692.726,692.439
692.695,692.417
692.676,692.403
692.659,692.390
692.635,692.372
692.614,692.356
692.594,692.342
692.577,692.329
692.561,692.317
692.546,692.307
692.533,692.297
692.522,692.288
692.511,692.280
692.493,692.267
692.477,692.255
692.471,692.251
692.457,692.240
692.444,692.231
692.441,692.229
692.430,692.220
692.420,692.213
692.411,692.206
692.394,692.194
692.388,692.189
692.374,692.179
692.361,692.169
692.357,692.167
692.354,692.165
692.351,692.162
692.349,692.160
692.338,692.153
692.337,692.152
692.328,692.145
692.319,692.139
692.320,692.139
692.312,692.133
692.305,692.128
692.299,692.124
692.293,692.119
692.288,692.116
692.283,692.112
692.279,692.109
692.275,692.106
692.272,692.104
692.269,692.101
692.266,692.099
692.264,692.097
692.261,692.096
692.259,692.094
692.257,692.093
692.247,692.086
692.239,692.079
692.239,692.079
692.239,692.079
692.239,692.079
692.231,692.073
692.223,692.068
692.225,692.069
692.226,692.070
692.228,692.071
692.229,692.072
692.230,692.072
692.231,692.073
692.231,692.074
692.224,692.068
692.217,692.063
692.220,692.065
692.221,692.066
692.215,692.062
692.209,692.057
692.204,692.053
692.207,692.056
692.210,692.058
692.205,692.054
692.208,692.057
692.211,692.059
692.206,692.055
692.209,692.057
692.204,692.053
692.199,692.050
692.195,692.047
692.191,692.044
692.187,692.041
692.184,692.039
692.181,692.037
692.179,692.035
692.185,692.039
692.182,692.037
692.179,692.035
692.177,692.033
692.175,692.032
692.173,692.030
692.171,692.029
692.169,692.028
692.168,692.027
692.167,692.026
692.165,692.025
692.164,692.024
692.163,692.023
692.162,692.023
692.162,692.022
692.161,692.022
692.160,692.021
692.160,692.021
692.159,692.020
692.163,692.023
692.162,692.023
692.162,692.022
692.153,692.015
692.153,692.016
692.149,692.013
692.150,692.013
692.142,692.008
692.143,692.009
692.136,692.003
692.130,691.999
692.129,691.998
692.131,692.000
692.125,691.995
692.120,691.991
692.120,691.991
692.115,691.988
692.111,691.984
692.107,691.981
692.103,691.979
692.100,691.976
692.097,691.974
692.086,691.966
692.085,691.965
692.083,691.964
692.082,691.963
692.081,691.962
692.080,691.961
692.070,691.955
692.059,691.946
692.052,691.941
692.045,691.936
692.039,691.932
692.034,691.928
692.029,691.924
692.030,691.924
692.025,691.921
692.021,691.918
692.018,691.916
692.011,691.911
692.009,691.909
692.003,691.905
691.993,691.897
691.992,691.897
691.983,691.890
691.972,691.882
691.965,691.877
691.959,691.872
691.953,691.868
691.948,691.864
691.943,691.861
691.939,691.857
691.932,691.852
691.921,691.844
691.910,691.836
691.898,691.827
691.890,691.821
691.883,691.816
691.881,691.814
691.875,691.810
691.869,691.805
691.864,691.802
691.855,691.796
691.852,691.793
691.848,691.790
691.845,691.788
691.838,691.783
691.836,691.781
691.826,691.774
691.817,691.767
691.808,691.761
691.809,691.761
691.801,691.756
691.799,691.754
691.789,691.746
691.783,691.742
691.778,691.739
691.774,691.735
691.769,691.732
691.774,691.735
691.769,691.732
691.770,691.733
691.766,691.730
691.763,691.727
691.760,691.725
691.757,691.723
691.746,691.715
691.745,691.714
691.735,691.707
691.726,691.700
691.727,691.700
691.719,691.695
691.720,691.695
691.721,691.696
691.718,691.694
691.711,691.689
691.705,691.684
691.699,691.680
691.694,691.676
691.697,691.679
691.700,691.681
691.695,691.677
691.690,691.673
691.686,691.670
691.682,691.667
691.678,691.665
691.675,691.662
691.664,691.654
691.662,691.653
691.657,691.649
691.652,691.645
691.652,691.645
691.651,691.644
691.650,691.644
691.650,691.643
691.649,691.643
691.645,691.640
691.642,691.638
691.642,691.638
691.642,691.638
691.634,691.632
691.627,691.627
691.629,691.628
691.627,691.627
691.625,691.625
691.627,691.627
691.621,691.622
691.615,691.618
691.609,691.614
691.609,691.614
691.609,691.614
691.604,691.610
691.600,691.607
691.596,691.604
691.593,691.601
691.594,691.602
691.591,691.600
691.588,691.598
691.582,691.593
691.572,691.586
691.570,691.585
691.569,691.584
691.565,691.581
691.561,691.578
691.561,691.578
691.557,691.575
691.557,691.575
691.550,691.569
691.542,691.564
691.541,691.563
691.534,691.558
691.529,691.554
691.520,691.548
691.516,691.544
691.512,691.541
691.513,691.542
691.509,691.540
691.506,691.537
691.500,691.532
691.497,691.531
691.503,691.535
691.497,691.530
691.495,691.529
691.493,691.527
691.496,691.530
691.494,691.528
691.484,691.521
691.479,691.518
691.479,691.517
691.475,691.514
691.475,691.514
691.472,691.512
691.472,691.512
691.464,691.506
691.462,691.504
691.463,691.505
691.460,691.503
691.454,691.498
691.452,691.497
691.454,691.499
691.448,691.494
691.447,691.494
691.442,691.490
691.433,691.483
691.437,691.486
691.437,691.486
691.441,691.489
691.441,691.489
691.436,691.485
691.428,691.479
691.424,691.477
691.418,691.472
691.415,691.470
691.409,691.465
691.407,691.464
691.397,691.457
691.393,691.454
691.393,691.454
691.389,691.451
691.381,691.445
691.382,691.445
691.379,691.443
691.380,691.444
691.378,691.442
691.375,691.441
691.377,691.442
691.367,691.434
691.361,691.430
691.355,691.426
691.347,691.420
691.348,691.420
691.344,691.417
691.340,691.414
691.333,691.409
691.322,691.401
691.321,691.400
691.316,691.396
691.319,691.399
691.318,691.398
691.317,691.397
691.312,691.394
691.308,691.391
691.300,691.385
691.292,691.379
691.290,691.377
691.280,691.370
691.274,691.366
691.277,691.368
691.108,691.243
691.103,691.239
691.098,691.235
691.093,691.232
691.094,691.232
691.094,691.233
691.095,691.233
691.090,691.230
691.086,691.227
691.083,691.224
691.076,691.219
691.070,691.215
691.068,691.214
691.067,691.212
691.062,691.209
691.057,691.205
691.056,691.205
691.056,691.204
691.052,691.201
691.048,691.199
691.040,691.193
691.041,691.193
691.039,691.192
691.036,691.190
691.030,691.185
690.955,691.129
690.960,691.134
690.961,691.134
690.961,691.134
690.958,691.132
690.959,691.132
690.956,691.130
690.949,691.125
690.947,691.124
690.949,691.125
690.942,691.120
690.941,691.119
690.943,691.121
690.950,691.126
690.943,691.121
690.942,691.120
690.936,691.116
690.935,691.115
690.935,691.115
690.934,691.114
690.937,691.117
690.928,691.110
690.924,691.107
690.920,691.103
690.921,691.104
690.861,691.060
690.862,691.061
690.861,691.060
690.855,691.055
690.862,691.061
690.863,691.062
690.862,691.061
690.863,691.062
690.862,691.061
690.860,691.059
690.854,691.055
690.853,691.054
690.855,691.056
690.854,691.055
690.857,691.057
690.856,691.056
690.858,691.058
690.865,691.063
690.863,691.062
