# Physical_Baseline=690.48pF, Trigger_Distance=12.3cm, Atten_Ratio=1.51
Raw_Capacitance(pF),Normalized_Capacitance(pF)
690.540,690.573
690.537,690.568
690.537,690.569
690.534,690.564
690.532,690.560
690.537,690.569
690.534,690.564
690.540,690.572
690.532,690.560
690.529,690.557
690.527,690.553
690.525,690.550
690.526,690.552
690.528,690.554
690.526,690.551
690.524,690.548
690.517,690.538
690.516,690.537
690.515,690.535
690.514,690.534
690.509,690.525
690.512,690.530
690.511,690.529
690.511,690.528
690.505,690.520
690.505,690.521
690.505,690.521
690.501,690.513
690.501,690.514
690.502,690.515
690.497,690.508
690.490,690.497
690.492,690.500
690.488,690.494
690.490,690.497
690.483,690.487
690.481,690.483
690.475,690.475
690.470,690.467
690.465,690.460
690.461,690.453
690.465,690.460
690.464,690.458
690.460,690.452
690.456,690.447
690.456,690.446
690.464,690.458
690.460,690.452
690.465,690.459
690.468,690.465
690.464,690.458
690.463,690.457
690.459,690.451
690.456,690.445
690.452,690.440
690.453,690.441
690.450,690.436
690.447,690.432
690.444,690.428
690.450,690.437
690.448,690.433
690.453,690.442
690.450,690.437
690.455,690.445
690.455,690.445
690.452,690.440
690.457,690.448
690.457,690.448
690.454,690.442
690.451,690.438
690.456,690.446
690.461,690.453
690.457,690.447
690.457,690.447
690.453,690.442
690.450,690.437
690.448,690.433
690.453,690.442
690.453,690.442
690.453,690.442
690.450,690.437
690.448,690.433
690.453,690.442
690.450,690.437
690.451,690.438
690.448,690.434
690.445,690.430
690.451,690.438
690.448,690.434
690.446,690.430
690.443,690.427
690.441,690.424
690.443,690.426
690.441,690.423
690.439,690.420
690.437,690.417
690.436,690.415
690.437,690.418
690.436,690.415
690.435,690.413
690.425,690.399
690.425,690.399
690.428,690.403
690.427,690.402
690.427,690.401
690.426,690.401
690.426,690.400
690.417,690.387
690.418,690.388
690.413,690.381
690.406,690.370
690.402,690.365
690.396,690.355
690.390,690.347
690.393,690.351
690.396,690.355
690.390,690.347
690.385,690.339
690.381,690.332
690.376,690.325
690.373,690.320
690.369,690.315
690.377,690.327
690.382,690.333
690.377,690.327
690.373,690.321
690.370,690.316
690.367,690.311
690.372,690.319
690.369,690.314
690.369,690.314
690.366,690.309
690.363,690.305
690.360,690.301
690.366,690.310
690.363,690.306
690.361,690.302
690.359,690.298
690.360,690.300
690.357,690.297
690.355,690.294
690.354,690.291
690.352,690.289
690.346,690.279
690.345,690.278
690.344,690.276
690.343,690.275
690.343,690.274
690.342,690.273
690.341,690.273
690.336,690.264
690.336,690.265
690.336,690.265
690.336,690.265
690.339,690.270
690.339,690.269
690.339,690.269
690.334,690.261
690.334,690.261
690.334,690.262
690.334,690.262
690.327,690.250
690.328,690.252
690.328,690.253
690.332,690.259
690.333,690.259
690.333,690.260
690.329,690.253
690.321,690.242
690.323,690.244
690.319,690.239
690.321,690.241
690.317,690.236
690.311,690.227
690.306,690.218
690.300,690.211
690.296,690.203
690.292,690.197
690.296,690.204
690.292,690.197
690.296,690.204
690.295,690.202
690.291,690.196
690.295,690.203
690.294,690.201
690.290,690.195
690.287,690.190
690.283,690.185
690.280,690.180
690.281,690.181
690.286,690.189
690.283,690.184
690.280,690.179
690.277,690.175
690.275,690.172
690.273,690.168
690.271,690.165
690.269,690.163
690.270,690.165
690.269,690.162
690.267,690.160
690.266,690.158
690.264,690.156
690.271,690.166
690.273,690.168
690.279,690.178
690.276,690.174
690.277,690.175
690.275,690.171
690.272,690.168
690.274,690.170
690.272,690.167
690.270,690.164
690.263,690.154
690.262,690.152
690.261,690.151
690.260,690.150
690.254,690.141
690.254,690.141
690.254,690.140
690.262,690.152
690.261,690.151
690.260,690.149
690.259,690.148
690.262,690.152
690.263,690.154
690.262,690.152
690.261,690.151
690.252,690.137
690.247,690.130
690.248,690.131
690.248,690.131
690.243,690.124
690.244,690.126
690.245,690.127
690.246,690.128
690.246,690.129
690.242,690.122
690.243,690.123
690.239,690.117
690.240,690.119
690.241,690.121
690.234,690.110
690.236,690.113
690.232,690.108
690.234,690.110
690.228,690.101
690.230,690.104
690.227,690.100
690.230,690.103
690.217,690.085
690.220,690.090
690.223,690.094
690.221,690.091
690.219,690.088
690.214,690.080
690.218,690.086
690.213,690.078
690.212,690.077
690.211,690.075
690.207,690.069
690.203,690.063
690.199,690.058
690.196,690.053
690.202,690.061
690.198,690.056
690.195,690.051
690.193,690.047
690.190,690.044
690.188,690.040
690.186,690.037
690.184,690.035
690.182,690.032
690.181,690.030
690.180,690.028
690.114,689.928
690.119,689.935
690.123,689.942
690.127,689.949
690.123,689.942
690.119,689.936
690.116,689.931
690.112,689.926
690.110,689.922
690.115,689.930
690.112,689.925
690.109,689.921
690.107,689.917
690.104,689.914
690.102,689.911
690.108,689.920
690.114,689.928
690.119,689.936
690.115,689.931
690.120,689.938
690.125,689.945
690.121,689.939
690.125,689.945
690.129,689.951
690.125,689.945
690.061,689.848
690.063,689.851
690.068,689.859
690.069,689.861
690.071,689.863
690.064,689.852
690.057,689.843
690.060,689.846
690.054,689.838
690.052,689.834
690.055,689.839
690.052,689.835
690.055,689.840
690.050,689.831
690.053,689.836
690.056,689.840
690.050,689.832
690.053,689.836
690.056,689.841
690.058,689.844
690.053,689.836
690.047,689.828
690.043,689.820
690.046,689.826
690.042,689.819
690.038,689.813
690.042,689.819
690.038,689.813
690.034,689.807
690.030,689.802
690.035,689.809
690.035,689.809
690.031,689.803
690.028,689.798
690.025,689.794
690.031,689.802
690.027,689.798
690.025,689.793
690.030,689.802
690.027,689.797
690.024,689.793
690.022,689.789
690.019,689.785
690.017,689.782
690.015,689.779
690.014,689.777
690.012,689.774
690.011,689.772
690.009,689.770
690.008,689.769
690.007,689.767
689.998,689.753
689.993,689.746
689.994,689.746
689.994,689.747
689.994,689.748
689.995,689.748
689.995,689.748
689.995,689.749
689.995,689.749
689.996,689.749
689.996,689.750
689.996,689.750
689.996,689.750
689.996,689.750
689.996,689.750
689.996,689.751
690.000,689.756
690.000,689.755
689.999,689.755
689.999,689.755
689.999,689.755
689.999,689.754
689.991,689.742
689.991,689.743
689.992,689.744
689.988,689.737
689.989,689.739
689.989,689.740
689.990,689.741
689.991,689.742
689.992,689.743
689.992,689.744
689.993,689.745
689.993,689.746
689.994,689.746
689.989,689.739
689.990,689.741
689.991,689.742
689.986,689.735
689.987,689.737
689.980,689.726
689.982,689.729
689.983,689.731
689.977,689.721
689.979,689.724
689.980,689.726
689.982,689.729
689.976,689.719
689.978,689.722
689.979,689.725
689.973,689.715
689.979,689.724
689.972,689.714
689.967,689.706
689.965,689.703
689.960,689.695
689.955,689.688
689.954,689.687
689.958,689.693
689.962,689.699
689.958,689.692
689.961,689.697
689.957,689.691
689.961,689.696
689.956,689.690
689.952,689.683
689.948,689.678
689.948,689.677
689.945,689.672
689.942,689.668
689.939,689.664
689.936,689.660
689.942,689.669
689.939,689.664
689.932,689.653
689.938,689.662
689.944,689.671
689.941,689.667
689.946,689.675
689.943,689.670
689.940,689.666
689.938,689.662
689.935,689.658
689.933,689.655
689.931,689.652
689.929,689.649
689.928,689.647
689.935,689.657
689.932,689.654
689.931,689.651
689.929,689.648
689.922,689.639
689.922,689.637
689.921,689.636
689.920,689.635
689.919,689.634
689.919,689.633
689.918,689.632
689.918,689.631
689.917,689.631
689.917,689.630
689.916,689.630
689.916,689.629
689.916,689.629
689.916,689.628
689.915,689.628
689.915,689.627
689.915,689.627
689.907,689.615
689.899,689.603
689.900,689.605
689.905,689.612
689.897,689.601
689.899,689.603
689.892,689.593
689.894,689.596
689.896,689.599
689.898,689.601
689.899,689.603
689.900,689.605
689.902,689.607
689.903,689.609
689.904,689.610
689.904,689.611
689.905,689.613
689.898,689.602
689.891,689.592
689.893,689.595
689.895,689.597
689.897,689.600
689.890,689.590
689.893,689.593
689.886,689.584
689.889,689.588
689.883,689.579
689.886,689.583
689.888,689.587
689.891,689.591
689.893,689.594
689.895,689.597
689.896,689.599
689.890,689.590
689.892,689.593
689.886,689.584
689.881,689.575
689.884,689.580
689.878,689.572
689.882,689.577
689.885,689.581
689.879,689.573
689.882,689.578
689.877,689.570
689.876,689.568
689.879,689.573
689.877,689.571
689.881,689.576
689.876,689.568
689.871,689.561
689.870,689.560
689.866,689.554
689.863,689.548
689.859,689.543
689.864,689.551
689.869,689.558
689.865,689.552
689.862,689.547
689.867,689.554
689.863,689.549
689.868,689.556
689.864,689.550
689.868,689.557
689.865,689.551
689.861,689.546
689.858,689.541
689.855,689.537
689.861,689.545
689.866,689.553
689.862,689.547
689.867,689.555
689.871,689.561
689.867,689.555
689.871,689.562
689.867,689.555
689.864,689.550
689.860,689.545
689.857,689.540
689.854,689.536
689.852,689.532
689.850,689.529
689.848,689.525
689.846,689.523
689.844,689.520
689.851,689.530
689.848,689.527
689.846,689.524
689.845,689.521
689.843,689.519
689.842,689.517
689.840,689.515
689.839,689.513
689.838,689.511
689.837,689.510
689.836,689.508
689.836,689.507
689.835,689.506
689.834,689.505
689.834,689.504
689.833,689.503
689.824,689.490
689.825,689.491
689.825,689.491
689.825,689.492
689.826,689.492
689.826,689.493
689.826,689.493
689.829,689.498
689.829,689.498
689.821,689.485
689.822,689.486
689.822,689.487
689.823,689.488
689.823,689.489
689.816,689.477
689.817,689.479
689.818,689.481
689.819,689.482
689.820,689.483
689.821,689.485
689.821,689.486
689.814,689.475
689.815,689.477
689.808,689.466
689.802,689.457
689.805,689.461
689.807,689.464
689.801,689.455
689.795,689.446
689.790,689.439
689.794,689.444
689.797,689.449
689.792,689.442
689.796,689.447
689.791,689.439
689.794,689.445
689.789,689.437
689.785,689.431
689.789,689.437
689.793,689.443
689.788,689.435
689.784,689.429
689.788,689.435
689.792,689.441
689.787,689.434
689.783,689.428
689.779,689.422
689.776,689.417
689.773,689.412
689.770,689.408
689.767,689.404
689.765,689.401
689.763,689.398
689.761,689.395
689.760,689.392
689.758,689.390
689.757,689.388
689.755,689.386
689.754,689.384
689.753,689.382
689.752,689.381
689.743,689.368
689.735,689.355
689.736,689.357
689.737,689.358
689.737,689.359
689.730,689.347
689.731,689.349
689.724,689.339
689.726,689.342
689.728,689.344
689.729,689.346
689.731,689.348
689.724,689.338
689.718,689.329
689.717,689.328
689.719,689.332
689.714,689.323
689.708,689.315
689.704,689.308
689.699,689.301
689.695,689.295
689.692,689.290
689.697,689.297
689.693,689.292
689.690,689.287
689.692,689.290
689.689,689.285
689.694,689.293
689.691,689.288
689.696,689.296
689.692,689.290
689.689,689.285
689.686,689.281
689.683,689.277
689.681,689.273
689.679,689.270
689.677,689.267
689.675,689.265
689.674,689.262
689.672,689.260
689.679,689.270
689.677,689.267
689.675,689.265
689.674,689.262
689.672,689.260
689.671,689.258
689.670,689.256
689.669,689.255
689.668,689.253
689.667,689.252
689.666,689.251
689.673,689.262
689.672,689.260
689.671,689.258
689.670,689.256
689.669,689.255
689.660,689.241
689.659,689.241
689.659,689.241
689.659,689.241
689.659,689.241
689.659,689.240
689.659,689.240
689.659,689.240
689.659,689.240
689.659,689.240
689.659,689.240
689.659,689.240
689.659,689.240
689.659,689.240
689.659,689.240
689.659,689.240
689.659,689.240
689.659,689.240
689.659,689.240
689.659,689.240
689.659,689.240
689.659,689.240
689.659,689.240
689.659,689.240
689.651,689.228
689.652,689.229
689.649,689.225
689.650,689.227
689.651,689.228
689.652,689.229
689.644,689.218
689.638,689.208
689.640,689.211
689.641,689.214
689.643,689.216
689.645,689.218
689.638,689.208
689.640,689.211
689.630,689.197
689.633,689.201
689.636,689.205
689.638,689.208
689.632,689.199
689.631,689.198
689.626,689.190
689.629,689.195
689.632,689.199
689.626,689.191
689.629,689.195
689.632,689.199
689.627,689.191
689.630,689.196
689.624,689.188
689.620,689.180
689.615,689.174
689.619,689.180
689.615,689.174
689.611,689.168
689.608,689.162
689.604,689.158
689.610,689.165
689.603,689.156
689.600,689.151
689.603,689.155
689.597,689.146
689.592,689.138
689.590,689.136
689.597,689.146
689.594,689.142
689.593,689.140
689.591,689.137
689.589,689.134
689.588,689.132
689.586,689.130
689.571,689.107
689.571,689.107
689.571,689.108
689.572,689.108
689.569,689.104
689.569,689.104
689.570,689.105
689.570,689.106
689.570,689.106
689.568,689.102
689.568,689.103
689.569,689.104
689.569,689.105
689.562,689.093
689.563,689.095
689.564,689.096
689.557,689.086
689.550,689.076
689.553,689.079
689.555,689.082
689.557,689.085
689.558,689.088
689.560,689.090
689.561,689.092
689.562,689.094
689.555,689.082
689.557,689.085
689.558,689.088
689.552,689.078
689.554,689.081
689.548,689.072
689.542,689.063
689.537,689.056
689.533,689.049
689.528,689.043
689.522,689.032
689.527,689.040
689.531,689.047
689.527,689.041
689.524,689.035
689.520,689.030
689.525,689.038
689.522,689.033
689.519,689.028
689.516,689.024
689.514,689.020
689.511,689.017
689.514,689.021
689.512,689.017
689.510,689.014
689.488,688.982
689.489,688.982
689.497,688.994
689.496,688.993
689.495,688.992
689.495,688.992
689.494,688.991
689.494,688.990
689.493,688.989
689.493,688.989
689.493,688.988
689.492,688.988
689.484,688.975
689.484,688.976
689.477,688.965
689.475,688.962
689.476,688.964
689.478,688.966
689.479,688.967
689.480,688.969
689.481,688.970
689.478,688.967
689.471,688.956
689.473,688.959
689.467,688.949
689.469,688.952
689.471,688.955
689.469,688.953
689.471,688.956
689.473,688.959
689.466,688.949
689.469,688.952
689.471,688.955
689.472,688.958
689.466,688.948
689.468,688.951
689.470,688.954
689.472,688.957
689.474,688.960
689.475,688.962
689.468,688.952
689.470,688.955
689.472,688.957
689.474,688.960
689.467,688.950
689.469,688.953
689.468,688.951
689.462,688.942
689.457,688.934
689.457,688.934
689.460,688.939
689.463,688.943
689.457,688.935
689.452,688.927
689.456,688.933
689.451,688.925
689.446,688.919
689.448,688.920
689.451,688.926
689.447,688.919
689.443,688.913
689.447,688.920
689.451,688.926
689.455,688.931
689.450,688.924
689.443,688.913
689.439,688.908
689.436,688.903
689.433,688.898
689.430,688.894
689.428,688.890
689.434,688.899
689.428,688.890
689.426,688.887
689.432,688.896
689.429,688.892
689.427,688.889
689.433,688.898
689.430,688.894
689.436,688.902
689.433,688.898
689.430,688.894
689.428,688.890
689.425,688.887
689.424,688.884
689.422,688.881
689.420,688.879
689.416,688.872
689.423,688.882
689.429,688.892
689.427,688.889
689.425,688.885
689.423,688.883
689.421,688.880
689.424,688.885
689.423,688.882
689.429,688.892
689.427,688.888
689.424,688.885
689.423,688.882
689.421,688.880
689.419,688.878
689.426,688.888
689.424,688.885
689.422,688.882
689.421,688.879
689.419,688.877
689.418,688.875
689.416,688.873
689.420,688.879
689.419,688.877
689.418,688.875
689.416,688.873
689.415,688.871
689.414,688.870
689.413,688.868
689.417,688.875
689.416,688.873
689.415,688.871
689.414,688.870
689.413,688.868
689.412,688.867
689.412,688.866
689.416,688.873
689.415,688.871
689.414,688.869
689.413,688.868
689.417,688.875
689.416,688.873
689.415,688.871
689.414,688.870
689.413,688.868
689.409,688.862
689.409,688.862
689.409,688.861
689.408,688.861
689.400,688.848
689.400,688.849
689.401,688.849
689.401,688.850
689.401,688.850
689.402,688.851
689.402,688.851
689.399,688.847
689.400,688.848
689.400,688.849
689.393,688.837
689.394,688.839
689.387,688.828
689.388,688.831
689.390,688.833
689.383,688.823
689.385,688.826
689.387,688.829
689.389,688.831
689.390,688.834
689.392,688.836
689.398,688.845
689.399,688.846
689.396,688.842
689.397,688.844
689.398,688.845
689.398,688.846
689.399,688.847
689.400,688.848
689.400,688.848
689.400,688.849
689.401,688.850
689.401,688.850
689.399,688.846
689.391,688.835
689.384,688.824
689.386,688.827
689.380,688.818
689.382,688.822
689.384,688.825
689.386,688.828
689.385,688.826
689.379,688.816
689.378,688.815
689.373,688.807
689.376,688.812
689.379,688.816
689.373,688.807
689.376,688.812
689.371,688.804
689.371,688.804
689.366,688.797
689.367,688.798
689.370,688.803
689.374,688.808
689.377,688.813
689.371,688.805
689.366,688.797
689.367,688.798
689.370,688.804
689.371,688.804
689.374,688.809
689.366,688.797
689.361,688.790
689.363,688.792
689.367,688.798
689.362,688.791
689.366,688.797
689.362,688.790
689.358,688.784
689.354,688.779
689.351,688.774
689.348,688.770
689.353,688.778
689.350,688.773
689.355,688.781
689.360,688.788
689.364,688.794
689.360,688.788
689.356,688.782
689.353,688.777
689.350,688.772
689.344,688.763
689.342,688.760
689.340,688.757
689.338,688.754
689.336,688.751
689.339,688.757
689.346,688.766
689.348,688.770
689.346,688.766
689.343,688.762
689.341,688.759
689.347,688.768
689.341,688.760
689.339,688.757
689.338,688.754
689.336,688.751
689.331,688.745
689.330,688.743
689.329,688.741
689.333,688.748
689.332,688.746
689.331,688.744
689.330,688.742
689.329,688.741
689.328,688.740
689.335,688.751
689.334,688.748
689.333,688.746
689.331,688.745
689.330,688.743
689.329,688.741
689.325,688.735
689.325,688.735
689.329,688.742
689.329,688.740
689.328,688.739
689.327,688.738
689.326,688.737
689.323,688.731
689.323,688.731
689.322,688.731
689.322,688.730
689.322,688.730
689.322,688.730
689.321,688.729
689.321,688.729
689.321,688.729
689.321,688.729
689.318,688.724
689.318,688.724
689.318,688.725
689.324,688.733
689.323,688.732
689.315,688.719
689.315,688.720
689.316,688.721
689.321,688.729
689.321,688.729
689.321,688.729
689.318,688.724
689.318,688.724
689.315,688.720
689.316,688.721
689.316,688.721
689.316,688.722
689.317,688.722
689.317,688.723
689.317,688.723
689.318,688.724
689.318,688.724
689.318,688.724
689.318,688.724
689.318,688.725
689.318,688.725
689.316,688.721
689.316,688.721
689.316,688.722
689.317,688.722
689.317,688.723
689.317,688.723
689.318,688.724
689.318,688.724
689.323,688.732
689.323,688.731
689.323,688.731
689.319,688.726
689.319,688.726
689.316,688.722
689.317,688.722
689.317,688.723
689.317,688.723
689.318,688.724
689.318,688.724
689.318,688.724
689.318,688.724
689.318,688.725
689.318,688.725
689.319,688.725
689.319,688.725
689.319,688.725
689.319,688.726
689.319,688.726
689.319,688.726
689.319,688.726
689.319,688.726
689.316,688.722
689.317,688.722
689.317,688.723
689.317,688.723
689.318,688.724
689.318,688.724
689.318,688.724
689.318,688.724
689.318,688.725
689.318,688.725
689.316,688.721
689.316,688.721
689.316,688.722
689.317,688.722
689.317,688.723
689.317,688.723
689.318,688.724
689.318,688.724
689.323,688.732
689.323,688.731
689.323,688.731
689.319,688.726
689.319,688.726
689.319,688.726
689.319,688.726
689.320,688.727
689.317,688.722
689.317,688.722
689.317,688.723
689.317,688.723
689.318,688.724
689.318,688.724
689.318,688.724
689.318,688.725
689.318,688.725
689.319,688.725
689.316,688.721
689.316,688.721
689.316,688.722
689.317,688.722
689.317,688.723
689.317,688.723
689.318,688.724
689.318,688.724
689.318,688.724
689.318,688.724
689.318,688.725
689.318,688.725
689.319,688.725
689.316,688.721
689.316,688.721
689.317,688.722
689.317,688.722
689.317,688.723
689.317,688.723
689.318,688.724
689.318,688.724
689.318,688.724
689.318,688.725
689.318,688.725
689.319,688.725
689.319,688.725
689.324,688.733
689.323,688.732
689.323,688.732
689.323,688.731
689.323,688.731
689.319,688.726
689.319,688.726
689.319,688.726
689.320,688.727
689.320,688.727
689.320,688.727
689.320,688.727
689.320,688.727
689.320,688.727
689.320,688.727
689.317,688.722
689.317,688.723
689.317,688.723
689.315,688.719
689.315,688.720
689.315,688.720
689.316,688.721
689.316,688.722
689.317,688.722
689.317,688.723
689.317,688.723
689.315,688.719
689.315,688.720
689.315,688.720
689.316,688.721
689.316,688.722
689.317,688.722
689.317,688.723
689.314,688.718
689.315,688.719
689.315,688.720
689.313,688.716
689.313,688.717
689.314,688.718
689.315,688.719
689.315,688.720
689.315,688.720
689.316,688.721
689.316,688.722
689.317,688.722
689.322,688.730
689.322,688.730
689.322,688.730
689.321,688.729
689.313,688.717
689.314,688.718
689.314,688.719
689.315,688.720
689.312,688.716
689.313,688.717
689.314,688.718
689.314,688.719
689.315,688.720
689.312,688.716
689.310,688.712
689.311,688.714
689.312,688.715
689.313,688.716
689.313,688.717
689.314,688.718
689.315,688.719
689.315,688.720
689.312,688.716
689.313,688.717
689.314,688.718
689.311,688.714
689.312,688.715
689.313,688.717
689.314,688.718
689.314,688.718
689.315,688.719
689.315,688.720
689.316,688.721
689.313,688.717
689.314,688.718
689.306,688.706
689.299,688.696
689.293,688.687
689.288,688.679
689.288,688.679
689.291,688.683
689.286,688.675
689.289,688.680
689.292,688.685
689.286,688.677
689.212,688.563
689.211,688.562
689.213,688.566
689.215,688.569
689.217,688.572
689.219,688.574
689.217,688.572
689.219,688.575
689.221,688.577
689.222,688.579
689.223,688.581
689.225,688.583
689.226,688.584
689.227,688.586
689.227,688.587
689.225,688.584
689.226,688.585
689.227,688.586
689.228,688.588
689.228,688.589
689.226,688.585
689.227,688.587
689.228,688.588
689.220,688.577
689.214,688.567
689.216,688.570
689.215,688.568
689.217,688.571
689.218,688.574
689.220,688.576
689.213,688.566
689.207,688.557
689.207,688.556
689.210,688.560
689.212,688.564
689.206,688.555
689.209,688.559
689.212,688.563
689.214,688.567
689.208,688.558
689.210,688.561
689.213,688.565
689.212,688.564
689.214,688.567
689.216,688.570
689.218,688.573
689.220,688.575
689.221,688.578
689.219,688.575
689.218,688.573
689.205,688.553
689.205,688.553
689.200,688.545
689.203,688.550
689.198,688.543
689.193,688.536
689.189,688.530
689.191,688.532
689.192,688.534
689.196,688.540
689.192,688.533
689.196,688.540
689.192,688.533
689.188,688.527
689.189,688.529
689.191,688.531
689.187,688.526
689.183,688.521
689.188,688.528
689.190,688.530
689.186,688.525
689.188,688.527
689.192,688.534
689.196,688.540
689.192,688.534
689.188,688.528
689.190,688.530
689.186,688.524
689.182,688.519
689.179,688.515
689.177,688.510
689.182,688.519
689.179,688.514
689.177,688.510
689.179,688.514
689.181,688.518
689.187,688.525
689.180,688.516
689.177,688.511
689.175,688.508
689.181,688.516
689.178,688.512
689.175,688.508
689.173,688.505
689.171,688.501
689.169,688.498
689.167,688.496
689.163,688.489
689.161,688.487
689.168,688.498
689.175,688.507
689.172,688.504
689.170,688.501
689.168,688.498
689.167,688.495
689.165,688.493
689.161,688.486
689.160,688.485
689.159,688.484
689.158,688.482
689.157,688.481
689.157,688.480
689.156,688.479
689.156,688.479
689.155,688.478
689.155,688.477
689.151,688.472
689.156,688.480
689.156,688.479
689.155,688.478
689.163,688.490
689.162,688.488
689.161,688.486
689.160,688.485
689.159,688.484
689.166,688.495
689.170,688.500
689.165,688.493
689.161,688.486
689.165,688.492
689.168,688.498
689.175,688.508
689.172,688.504
689.170,688.501
689.169,688.498
689.167,688.495
689.157,688.481
689.157,688.480
689.156,688.479
689.156,688.478
689.155,688.478
689.155,688.477
689.154,688.477
689.154,688.476
689.154,688.476
689.153,688.475
689.153,688.475
689.150,688.470
689.147,688.465
689.144,688.461
689.142,688.458
689.148,688.467
689.148,688.467
689.148,688.467
689.148,688.468
689.149,688.468
689.149,688.468
689.149,688.469
689.149,688.469
689.149,688.469
689.149,688.469
689.150,688.469
689.150,688.470
689.150,688.470
689.150,688.470
689.147,688.465
689.144,688.461
689.142,688.458
689.143,688.459
689.143,688.460
689.136,688.449
689.138,688.451
689.139,688.453
689.140,688.455
689.141,688.456
689.142,688.458
689.143,688.459
689.143,688.460
689.144,688.461
689.145,688.462
689.145,688.463
689.146,688.464
689.151,688.472
689.148,688.467
689.148,688.468
689.149,688.468
689.141,688.456
689.142,688.457
689.143,688.459
689.143,688.460
689.144,688.461
689.145,688.462
689.145,688.463
689.151,688.471
689.148,688.467
689.148,688.467
689.145,688.463
689.143,688.459
689.143,688.460
689.144,688.461
689.145,688.462
689.145,688.463
689.146,688.464
689.146,688.464
689.147,688.465
689.147,688.466
689.147,688.466
689.148,688.467
689.148,688.467
689.148,688.467
689.146,688.463
689.143,688.459
689.141,688.456
689.142,688.457
689.143,688.459
689.143,688.460
689.144,688.461
689.145,688.462
689.137,688.451
689.138,688.452
689.140,688.454
689.141,688.456
689.142,688.457
689.142,688.459
689.143,688.460
689.144,688.461
689.136,688.450
689.138,688.452
689.139,688.453
689.137,688.451
689.135,688.448
689.137,688.450
689.130,688.440
689.132,688.443
689.134,688.446
689.135,688.448
689.137,688.450
689.138,688.452
689.139,688.454
689.132,688.443
689.134,688.446
689.136,688.448
689.137,688.451
689.138,688.452
689.140,688.454
689.141,688.456
689.142,688.457
689.142,688.459
689.143,688.460
689.149,688.468
689.154,688.476
689.151,688.471
689.148,688.467
689.145,688.463
689.146,688.464
689.151,688.472
689.156,688.479
689.153,688.474
689.153,688.474
689.152,688.474
689.152,688.473
689.144,688.461
689.142,688.457
689.139,688.454
689.138,688.451
689.136,688.449
689.134,688.446
689.133,688.444
689.123,688.430
689.118,688.422
689.118,688.422
689.118,688.422
689.118,688.422
689.118,688.422
689.118,688.422
689.119,688.422
689.119,688.423
689.119,688.423
689.119,688.423
689.122,688.427
689.125,688.431
689.124,688.431
689.124,688.430
689.123,688.429
689.123,688.429
689.122,688.428
689.122,688.428
689.117,688.420
689.112,688.412
689.108,688.406
689.104,688.400
689.100,688.394
689.097,688.389
689.102,688.397
689.107,688.404
689.103,688.398
689.107,688.405
689.111,688.412
689.107,688.405
689.103,688.399
689.108,688.406
689.104,688.400
689.097,688.390
689.091,688.381
689.089,688.378
689.092,688.382
689.089,688.378
689.087,688.375
689.093,688.384
689.096,688.388
689.098,688.391
689.100,688.394
689.097,688.389
689.102,688.397
689.106,688.404
689.103,688.398
689.099,688.393
689.096,688.388
689.093,688.384
689.091,688.380
689.096,688.389
689.093,688.384
689.091,688.380
689.088,688.377
689.086,688.374
689.089,688.378
689.084,688.370
689.079,688.363
689.083,688.369
689.087,688.374
689.082,688.367
689.077,688.360
689.073,688.354
689.078,688.361
689.082,688.367
689.085,688.372
689.091,688.381
689.097,688.390
689.102,688.398
689.099,688.392
689.096,688.388
689.101,688.396
689.098,688.391
689.095,688.386
689.092,688.382
689.089,688.378
689.092,688.383
689.095,688.387
689.097,688.390
689.099,688.393
689.101,688.396
689.095,688.387
689.089,688.378
689.087,688.375
689.085,688.372
689.083,688.369
689.081,688.366
689.080,688.364
689.079,688.362
689.077,688.360
689.076,688.359
689.075,688.357
689.071,688.351
689.071,688.350
689.070,688.350
689.070,688.349
689.070,688.348
689.069,688.348
689.069,688.347
689.069,688.347
689.068,688.347
689.068,688.346
689.073,688.354
689.069,688.348
689.074,688.355
689.073,688.354
689.070,688.349
689.069,688.348
689.069,688.348
689.077,688.359
689.076,688.358
689.083,688.369
689.089,688.378
689.087,688.375
689.085,688.372
689.083,688.369
689.090,688.379
689.084,688.371
689.088,688.376
689.083,688.368
689.081,688.366
689.080,688.364
689.078,688.362
689.077,688.360
689.076,688.358
689.075,688.357
689.074,688.355
689.073,688.354
689.073,688.353
689.064,688.340
689.064,688.340
689.061,688.336
689.062,688.337
689.059,688.333
689.060,688.334
689.060,688.335
689.061,688.335
689.061,688.336
689.062,688.337
689.062,688.337
689.063,688.338
689.060,688.334
689.061,688.335
689.061,688.335
689.062,688.336
689.062,688.337
689.062,688.337
689.063,688.338
689.063,688.338
689.063,688.339
689.064,688.339
689.064,688.340
689.064,688.340
689.064,688.340
689.064,688.340
689.064,688.341
689.057,688.329
689.057,688.330
689.058,688.331
689.059,688.332
689.060,688.333
689.060,688.334
689.053,688.323
689.054,688.325
689.055,688.327
689.048,688.316
689.055,688.326
689.048,688.316
689.050,688.318
689.051,688.320
689.053,688.323
689.054,688.325
689.047,688.314
689.046,688.312
689.045,688.311
689.047,688.314
689.049,688.317
689.050,688.319
689.052,688.321
689.053,688.323
689.047,688.314
689.049,688.317
689.047,688.315
689.046,688.313
689.045,688.311
689.047,688.314
689.041,688.305
689.035,688.296
689.038,688.301
689.041,688.305
689.040,688.304
689.040,688.303
689.042,688.307
689.044,688.310
689.046,688.313
689.048,688.316
689.047,688.314
689.046,688.312
689.045,688.311
689.047,688.314
689.049,688.317
689.042,688.307
689.036,688.298
689.039,688.302
689.039,688.302
689.023,688.278
689.019,688.272
689.015,688.266
689.012,688.261
689.014,688.265
689.019,688.272
689.016,688.267
689.012,688.262
689.006,688.253
689.001,688.245
689.007,688.254
689.005,688.250
689.011,688.259
689.008,688.255
689.010,688.259
689.008,688.255
689.005,688.251
689.011,688.260
689.013,688.263
689.018,688.271
689.015,688.265
689.011,688.260
689.009,688.256
689.003,688.248
689.001,688.245
689.007,688.254
689.013,688.263
689.018,688.270
689.023,688.277
689.024,688.279
689.020,688.273
689.016,688.267
689.021,688.275
689.017,688.269
689.019,688.271
689.020,688.274
689.016,688.268
689.013,688.263
689.010,688.258
689.004,688.250
689.002,688.246
689.000,688.243
689.006,688.253
689.009,688.257
689.006,688.253
689.004,688.249
689.002,688.246
689.005,688.251
689.011,688.259
689.008,688.255
689.013,688.264
689.007,688.254
689.010,688.258
689.007,688.254
689.005,688.250
689.011,688.259
689.013,688.263
689.010,688.258
689.007,688.254
689.005,688.250
689.000,688.242
688.998,688.240
688.988,688.225
688.993,688.232
688.992,688.230
688.991,688.229
688.990,688.227
688.986,688.222
688.986,688.221
688.985,688.221
688.985,688.220
688.981,688.215
688.981,688.215
688.981,688.215
688.981,688.215
688.978,688.211
688.971,688.199
688.972,688.200
688.973,688.202
688.970,688.198
688.971,688.200
688.972,688.201
688.970,688.198
688.968,688.195
688.970,688.197
688.979,688.211
688.979,688.211
688.979,688.212
688.979,688.212
688.980,688.212
688.977,688.208
688.985,688.221
688.985,688.220
688.985,688.220
688.981,688.215
688.973,688.203
688.974,688.204
688.972,688.200
688.970,688.197
688.971,688.199
688.964,688.188
688.962,688.186
688.956,688.177
688.951,688.168
688.951,688.168
688.953,688.173
688.948,688.165
688.948,688.165
688.951,688.170
688.954,688.174
688.954,688.173
688.948,688.165
688.952,688.170
688.954,688.174
688.954,688.173
688.957,688.177
688.959,688.181
688.958,688.180
688.960,688.183
688.962,688.186
688.961,688.184
688.968,688.195
688.969,688.197
688.971,688.199
688.969,688.196
688.970,688.197
688.971,688.199
688.972,688.201
688.970,688.197
688.971,688.199
688.972,688.201
688.970,688.197
688.963,688.187
688.965,688.190
688.963,688.188
688.962,688.186
688.964,688.188
688.966,688.191
688.972,688.201
688.973,688.202
688.974,688.203
688.974,688.205
688.980,688.213
688.980,688.213
688.980,688.213
688.978,688.209
688.978,688.210
688.978,688.210
688.970,688.198
688.969,688.196
688.970,688.197
688.971,688.199
688.972,688.201
688.973,688.202
688.974,688.203
688.974,688.204
688.972,688.201
688.973,688.202
688.974,688.203
688.971,688.200
688.969,688.197
688.971,688.199
688.972,688.200
688.978,688.209
688.978,688.210
688.978,688.210
688.976,688.206
688.973,688.203
688.974,688.204
688.975,688.205
688.980,688.213
688.980,688.214
688.981,688.214
688.978,688.209
688.978,688.210
688.978,688.210
688.979,688.211
688.976,688.207
688.968,688.195
688.967,688.193
688.968,688.195
688.969,688.197
688.962,688.186
688.961,688.185
688.963,688.187
688.965,688.190
688.966,688.192
688.968,688.194
688.969,688.196
688.970,688.198
688.976,688.207
688.977,688.208
688.977,688.209
688.975,688.205
688.975,688.206
688.968,688.195
688.966,688.192
688.968,688.194
688.961,688.184
688.968,688.195
688.969,688.196
688.970,688.198
688.963,688.188
688.965,688.190
688.967,688.193
688.960,688.182
688.959,688.181
688.961,688.184
688.963,688.187
688.962,688.185
688.956,688.176
688.958,688.180
688.957,688.179
688.960,688.182
688.962,688.185
688.961,688.183
688.954,688.174
688.957,688.178
688.959,688.182
688.958,688.180
688.961,688.184
688.960,688.182
688.954,688.173
688.956,688.177
688.951,688.168
688.943,688.156
688.946,688.162
688.942,688.155
688.942,688.156
688.938,688.149
688.934,688.143
688.936,688.146
688.940,688.152
688.936,688.146
688.937,688.148
688.941,688.154
688.937,688.148
688.938,688.150
688.942,688.156
688.946,688.162
688.946,688.162
688.942,688.155
688.945,688.161
688.941,688.154
688.945,688.159
688.940,688.153
688.941,688.154
688.945,688.160
688.948,688.165
688.941,688.153
688.941,688.155
688.945,688.160
688.949,688.165
688.944,688.158
688.947,688.163
688.943,688.156
688.943,688.157
688.939,688.150
688.943,688.157
688.944,688.158
688.939,688.151
688.935,688.145
688.931,688.139
688.936,688.147
688.932,688.141
688.934,688.143
688.931,688.138
688.935,688.145
688.940,688.152
688.944,688.158
688.944,688.159
688.948,688.164
688.943,688.157
688.944,688.158
688.947,688.163
688.942,688.156
688.935,688.145
688.940,688.152
688.935,688.145
688.940,688.152
688.936,688.146
688.937,688.148
688.933,688.142
688.938,688.149
688.939,688.151
688.943,688.157
688.939,688.150
688.932,688.140
688.936,688.147
688.938,688.149
688.934,688.143
688.930,688.138
688.924,688.128
688.921,688.124
688.919,688.121
688.917,688.117
688.915,688.114
688.910,688.107
688.909,688.105
688.908,688.104
688.915,688.114
688.913,688.112
688.909,688.105
688.915,688.115
688.914,688.113
688.909,688.106
688.908,688.104
688.904,688.098
688.903,688.097
688.903,688.096
688.907,688.103
688.906,688.101
688.905,688.100
688.904,688.099
688.904,688.097
688.908,688.104
688.907,688.102
688.903,688.097
688.903,688.096
688.902,688.095
688.901,688.094
688.901,688.093
688.898,688.088
688.898,688.088
688.897,688.088
688.902,688.096
688.902,688.095
688.909,688.106
688.908,688.104
688.907,688.103
688.903,688.097
688.903,688.096
688.899,688.090
688.899,688.090
688.899,688.090
688.898,688.090
688.898,688.089
688.903,688.097
688.903,688.096
688.907,688.103
688.906,688.101
688.905,688.100
688.901,688.094
688.901,688.093
688.898,688.088
688.898,688.088
688.897,688.088
688.902,688.096
688.902,688.095
688.901,688.094
688.906,688.101
688.905,688.100
688.909,688.106
688.908,688.104
688.912,688.110
688.911,688.108
688.909,688.106
688.905,688.100
688.904,688.099
688.901,688.093
688.900,688.092
688.900,688.092
688.905,688.099
688.904,688.098
688.895,688.085
688.895,688.085
688.896,688.085
688.901,688.093
688.900,688.092
688.900,688.092
688.900,688.091
688.899,688.091
688.896,688.086
688.896,688.086
688.893,688.082
688.894,688.082
688.894,688.083
688.894,688.083
688.894,688.083
688.900,688.091
688.899,688.091
688.896,688.086
688.896,688.086
688.896,688.086
688.901,688.094
688.901,688.093
688.901,688.093
688.900,688.092
688.900,688.092
688.905,688.099
688.904,688.098
688.908,688.104
688.907,688.103
688.906,688.101
688.902,688.095
688.902,688.095
688.898,688.089
688.898,688.089
688.895,688.084
688.895,688.085
688.887,688.073
688.888,688.074
688.889,688.075
688.895,688.084
688.895,688.084
688.892,688.080
688.893,688.081
688.893,688.081
688.893,688.082
688.902,688.094
688.906,688.101
688.905,688.100
688.905,688.099
688.901,688.093
688.892,688.080
688.890,688.076
688.891,688.077
688.891,688.078
688.892,688.079
688.892,688.080
688.890,688.076
688.890,688.077
688.888,688.074
688.889,688.075
688.887,688.072
688.888,688.073
688.888,688.074
688.886,688.071
688.887,688.073
688.893,688.082
688.894,688.082
688.894,688.083
688.894,688.083
688.894,688.083
688.892,688.079
688.884,688.068
688.882,688.065
688.884,688.067
688.882,688.065
688.883,688.067
688.882,688.064
688.883,688.066
688.884,688.068
688.886,688.070
688.887,688.072
688.885,688.068
688.886,688.070
688.884,688.067
688.885,688.069
688.878,688.059
688.866,688.040
688.861,688.033
688.861,688.033
688.865,688.038
688.865,688.039
688.868,688.043
688.868,688.043
688.862,688.035
688.863,688.035
688.858,688.028
688.859,688.029
688.854,688.022
688.858,688.029
688.862,688.034
688.865,688.039
688.868,688.044
688.871,688.048
688.870,688.047
688.865,688.039
688.865,688.039
688.860,688.031
688.868,688.044
688.871,688.048
688.871,688.047
688.873,688.051
688.855,688.024
688.851,688.018
688.847,688.012
688.844,688.007
688.841,688.003
688.843,688.006
688.848,688.014
688.850,688.016
688.855,688.023
688.856,688.025
688.859,688.031
688.855,688.024
688.859,688.030
688.854,688.023
688.850,688.017
688.844,688.007
688.849,688.014
688.850,688.017
688.847,688.011
688.849,688.014
688.845,688.009
688.847,688.012
688.844,688.007
688.846,688.010
688.843,688.005
688.832,687.989
688.835,687.993
688.833,687.990
688.828,687.983
688.826,687.980
688.822,687.974
688.829,687.985
688.825,687.978
688.823,687.976
688.822,687.974
688.821,687.973
688.820,687.971
688.820,687.970
688.819,687.969
688.823,687.976
688.822,687.974
688.826,687.980
688.825,687.978
688.821,687.972
688.820,687.971
688.824,687.977
688.823,687.976
688.814,687.962
688.819,687.969
688.818,687.968
688.823,687.975
688.822,687.973
688.821,687.972
688.820,687.971
688.811,687.957
688.816,687.965
688.824,687.977
688.820,687.971
688.819,687.970
688.819,687.969
688.815,687.963
688.815,687.963
688.812,687.958
688.812,687.958
688.809,687.954
688.809,687.954
688.814,687.962
688.814,687.962
688.814,687.962
688.819,687.969
688.818,687.968
688.823,687.975
688.822,687.973
688.818,687.968
688.817,687.967
688.817,687.966
688.821,687.973
688.821,687.972
688.817,687.966
688.816,687.965
688.813,687.960
688.813,687.960
688.810,687.955
688.810,687.956
688.810,687.956
688.807,687.952
688.808,687.953
688.813,687.961
688.813,687.961
688.813,687.960
688.818,687.968
688.818,687.967
688.814,687.962
688.814,687.962
688.811,687.957
688.803,687.945
688.804,687.946
688.805,687.947
688.813,687.961
688.810,687.956
688.818,687.968
688.815,687.963
688.815,687.963
688.814,687.962
688.811,687.957
688.811,687.958
688.816,687.965
688.816,687.965
688.816,687.964
688.820,687.971
688.820,687.970
688.816,687.965
688.816,687.964
688.815,687.964
688.807,687.951
688.807,687.952
688.805,687.948
688.806,687.949
688.803,687.945
688.804,687.947
688.805,687.948
688.803,687.944
688.795,687.934
688.789,687.924
688.791,687.927
688.793,687.930
688.792,687.928
688.794,687.931
688.796,687.934
688.794,687.932
688.796,687.934
688.794,687.932
688.796,687.935
688.790,687.925
688.789,687.924
688.791,687.927
688.793,687.930
688.800,687.940
688.801,687.942
688.799,687.939
688.800,687.941
688.802,687.943
688.800,687.940
688.801,687.942
688.799,687.939
688.800,687.941
688.801,687.942
688.799,687.940
688.801,687.941
688.794,687.931
688.792,687.929
688.794,687.932
688.793,687.930
688.795,687.933
688.788,687.923
688.796,687.934
688.789,687.924
688.797,687.935
688.795,687.933
688.797,687.935
688.803,687.945
688.804,687.947
688.805,687.948
688.803,687.944
688.795,687.934
688.794,687.932
688.793,687.930
688.787,687.920
688.794,687.932
688.788,687.922
688.790,687.926
688.792,687.929
688.794,687.932
688.793,687.930
688.795,687.932
688.796,687.935
688.795,687.933
688.797,687.935
688.795,687.933
688.797,687.935
688.798,687.938
688.797,687.935
688.798,687.937
688.799,687.939
688.806,687.949
688.806,687.950
688.804,687.946
688.805,687.948
688.805,687.949
688.803,687.945
688.796,687.934
688.797,687.937
688.799,687.939
688.792,687.928
688.791,687.927
688.793,687.930
688.787,687.920
688.786,687.920
688.789,687.923
688.783,687.914
688.783,687.914
688.777,687.906
688.778,687.907
688.773,687.900
688.777,687.905
688.777,687.906
688.780,687.911
688.783,687.915
688.783,687.915
688.786,687.919
688.788,687.923
688.788,687.922
688.790,687.925
688.789,687.924
688.788,687.923
688.791,687.926
688.793,687.929
688.792,687.928
688.785,687.919
688.777,687.906
688.772,687.899
688.776,687.904
688.777,687.905
688.780,687.910
688.775,687.903
688.776,687.903
688.779,687.909
688.774,687.901
688.775,687.902
688.770,687.895
688.774,687.901
688.775,687.902
688.770,687.896
688.774,687.902
688.770,687.895
688.774,687.901
688.775,687.902
688.778,687.907
688.781,687.912
688.781,687.912
688.776,687.904
688.780,687.910
688.772,687.898
688.768,687.891
688.772,687.898
688.768,687.891
688.772,687.898
688.765,687.887
688.766,687.889
688.762,687.884
688.767,687.891
688.768,687.893
688.773,687.899
688.768,687.893
688.770,687.894
688.766,687.888
688.762,687.883
688.764,687.886
688.768,687.892
688.764,687.887
688.766,687.889
688.762,687.883
688.759,687.878
688.761,687.882
688.758,687.877
688.755,687.872
688.757,687.876
688.755,687.872
688.760,687.880
688.762,687.883
688.759,687.878
688.764,687.886
688.768,687.893
688.764,687.887
688.766,687.889
688.767,687.891
688.772,687.898
688.765,687.887
688.761,687.882
688.766,687.889
688.759,687.879
688.764,687.886
688.761,687.881
688.763,687.884
688.756,687.875
688.762,687.883
688.764,687.885
688.760,687.880
688.765,687.888
688.767,687.890
688.771,687.896
688.767,687.890
688.768,687.892
688.769,687.894
688.773,687.900
688.769,687.894
688.770,687.895
688.774,687.901
688.770,687.895
688.771,687.896
688.775,687.902
688.775,687.903
688.776,687.904
688.771,687.897
688.775,687.903
688.776,687.904
688.771,687.897
688.767,687.890
688.768,687.892
688.761,687.882
688.758,687.877
688.760,687.881
688.762,687.884
688.759,687.879
688.756,687.874
688.758,687.878
688.764,687.885
688.768,687.892
688.769,687.894
688.765,687.888
688.770,687.895
688.771,687.897
688.767,687.890
688.763,687.885
688.765,687.887
688.766,687.890
688.763,687.884
688.767,687.891
688.763,687.885
688.768,687.892
688.761,687.882
688.755,687.873
688.753,687.869
688.758,687.877
688.760,687.881
688.757,687.876
688.754,687.872
688.757,687.875
688.754,687.871
688.752,687.867
688.754,687.872
688.757,687.875
688.762,687.883
688.759,687.878
688.761,687.882
688.758,687.877
688.763,687.884
688.757,687.875
688.759,687.878
688.756,687.874
688.761,687.882
688.763,687.885
688.760,687.880
688.757,687.875
688.751,687.866
688.749,687.863
688.747,687.860
688.742,687.853
688.741,687.851
688.739,687.849
688.743,687.855
688.747,687.860
688.745,687.857
688.751,687.867
688.754,687.871
688.760,687.879
688.757,687.875
688.759,687.878
688.764,687.886
688.760,687.881
688.765,687.888
688.767,687.890
688.763,687.885
688.760,687.880
688.754,687.871
688.751,687.867
688.749,687.863
688.744,687.856
688.740,687.849
688.738,687.847
688.737,687.846
688.741,687.852
688.740,687.850
688.739,687.848
688.735,687.842
688.731,687.837
688.731,687.836
688.731,687.835
688.735,687.843
688.735,687.842
688.734,687.841
688.738,687.847
688.742,687.854
688.741,687.851
688.748,687.862
688.751,687.866
688.757,687.875
688.754,687.871
688.757,687.875
688.762,687.883
688.758,687.878
688.764,687.885
688.757,687.876
688.754,687.871
688.752,687.868
688.755,687.872
688.752,687.868
688.750,687.864
688.747,687.861
688.751,687.866
688.748,687.863
688.746,687.860
688.750,687.865
688.748,687.861
688.746,687.858
688.744,687.856
688.747,687.861
688.746,687.858
688.744,687.856
688.742,687.853
688.738,687.847
688.737,687.845
688.736,687.844
688.732,687.838
688.732,687.837
688.731,687.837
688.731,687.836
688.736,687.843
688.735,687.842
688.734,687.841
688.731,687.836
688.735,687.843
688.735,687.842
688.734,687.841
688.738,687.847
688.737,687.846
688.736,687.844
688.741,687.851
688.737,687.845
688.736,687.843
688.743,687.854
688.747,687.860
688.745,687.857
688.743,687.854
688.747,687.860
688.742,687.853
688.741,687.851
688.739,687.849
688.743,687.855
688.742,687.852
688.728,687.831
688.725,687.827
688.725,687.827
688.725,687.828
688.723,687.823
688.720,687.820
688.721,687.821
688.721,687.822
688.719,687.818
688.717,687.815
688.718,687.816
688.719,687.818
688.720,687.819
688.717,687.816
688.718,687.817
688.719,687.818
688.725,687.827
688.722,687.823
688.723,687.824
688.723,687.825
688.721,687.821
688.719,687.817
688.711,687.806
688.713,687.809
688.711,687.806
688.706,687.799
688.708,687.802
688.715,687.812
688.713,687.810
688.715,687.812
688.716,687.813
688.714,687.811
688.715,687.813
688.717,687.814
688.718,687.816
688.710,687.805
688.709,687.803
688.703,687.794
688.705,687.797
688.707,687.800
688.706,687.799
688.705,687.797
688.707,687.801
688.709,687.803
688.703,687.794
688.702,687.793
688.702,687.792
688.704,687.796
688.698,687.787
688.698,687.787
688.702,687.792
688.704,687.796
688.707,687.799
688.706,687.798
688.713,687.809
688.714,687.811
688.715,687.813
688.717,687.814
688.715,687.811
688.713,687.809
688.706,687.799
688.708,687.802
688.710,687.805
688.709,687.803
688.708,687.801
688.702,687.792
688.704,687.795
688.698,687.786
688.698,687.786
688.698,687.786
688.701,687.790
688.703,687.794
688.706,687.798
688.697,687.784
688.689,687.772
688.689,687.773
688.693,687.779
688.688,687.771
688.684,687.765
688.688,687.771
688.689,687.772
688.690,687.774
688.693,687.779
688.696,687.784
688.699,687.788
688.702,687.792
688.702,687.792
688.701,687.791
688.704,687.795
688.698,687.786
688.693,687.778
688.688,687.771
688.689,687.772
688.689,687.773
688.693,687.779
688.696,687.784
688.691,687.776
688.695,687.781
688.695,687.781
688.690,687.774
688.685,687.767
688.689,687.773
688.685,687.766
688.686,687.768
688.687,687.770
688.683,687.763
688.687,687.770
688.683,687.763
688.679,687.757
688.681,687.760
688.682,687.762
688.687,687.769
688.682,687.763
688.687,687.769
688.688,687.771
688.688,687.772
688.689,687.773
688.685,687.766
688.681,687.760
688.685,687.767
688.678,687.756
688.680,687.759
688.676,687.754
688.681,687.761
688.678,687.755
688.674,687.750
688.676,687.754
688.678,687.757
688.680,687.759
688.685,687.766
688.681,687.760
688.677,687.755
688.679,687.757
688.673,687.748
688.675,687.751
688.680,687.759
688.676,687.754
688.681,687.761
688.675,687.751
688.677,687.754
688.679,687.757
688.683,687.764
688.688,687.770
688.691,687.776
688.687,687.769
688.688,687.771
688.680,687.760
688.677,687.754
688.682,687.762
688.686,687.768
688.690,687.774
688.691,687.775
688.691,687.776
688.692,687.777
688.695,687.782
688.690,687.774
688.686,687.767
688.682,687.761
688.675,687.751
688.677,687.754
688.679,687.757
688.675,687.752
688.672,687.747
688.678,687.755
688.671,687.746
688.674,687.750
688.668,687.741
688.666,687.737
688.671,687.746
688.669,687.742
688.663,687.734
688.667,687.739
688.669,687.743
688.667,687.739
688.673,687.748
688.670,687.743
688.675,687.752
688.672,687.747
688.674,687.751
688.677,687.754
688.678,687.757
688.680,687.759
688.677,687.754
688.681,687.761
688.686,687.768
688.679,687.757
688.680,687.760
688.682,687.762
688.678,687.756
688.683,687.763
688.679,687.758
688.676,687.752
688.678,687.755
688.679,687.758
688.676,687.753
688.673,687.748
688.670,687.744
688.667,687.740
688.662,687.732
688.665,687.737
688.668,687.741
688.674,687.750
688.671,687.745
688.676,687.754
688.678,687.756
688.680,687.759
688.682,687.762
688.683,687.764
688.679,687.758
688.684,687.765
688.680,687.759
688.674,687.749
688.676,687.753
688.678,687.756
688.680,687.758
688.684,687.765
688.680,687.759
688.677,687.754
688.673,687.749
688.676,687.752
688.678,687.755
688.671,687.746
688.677,687.754
688.682,687.761
688.678,687.756
688.674,687.751
688.669,687.742
688.663,687.734
688.666,687.738
688.664,687.735
688.670,687.744
688.667,687.740
688.673,687.749
688.678,687.756
688.672,687.747
688.674,687.750
688.677,687.754
688.670,687.744
688.668,687.740
688.665,687.737
688.671,687.746
688.677,687.754
688.673,687.749
688.668,687.740
688.662,687.732
688.666,687.737
688.663,687.734
688.661,687.731
688.660,687.728
688.658,687.726
688.654,687.719
688.658,687.725
688.662,687.731
688.660,687.728
688.658,687.726
688.657,687.724
688.663,687.734
688.661,687.731
688.657,687.724
688.653,687.717
688.652,687.716
688.659,687.727
688.657,687.725
688.656,687.722
688.660,687.728
688.655,687.722
688.659,687.728
688.666,687.737
688.664,687.734
688.662,687.731
688.660,687.728
688.658,687.726
688.662,687.731
688.665,687.737
688.660,687.729
688.656,687.722
688.654,687.720
688.653,687.719
688.652,687.717
688.651,687.716
688.651,687.714
688.647,687.709
688.644,687.704
688.649,687.712
688.653,687.718
688.652,687.717
688.651,687.716
688.651,687.714
688.650,687.713
688.649,687.712
688.648,687.711
688.645,687.706
688.642,687.701
688.647,687.709
688.652,687.716
688.656,687.723
688.655,687.721
688.654,687.719
688.653,687.718
688.652,687.716
688.651,687.715
688.655,687.721
688.659,687.727
688.655,687.721
688.659,687.727
688.662,687.732
688.658,687.725
688.653,687.719
688.652,687.717
688.651,687.716
688.651,687.714
688.650,687.713
688.649,687.712
688.648,687.711
688.653,687.718
688.649,687.712
688.646,687.707
688.642,687.702
688.640,687.698
688.637,687.694
688.629,687.683
688.631,687.684
688.624,687.674
688.634,687.689
688.626,687.678
688.628,687.680
688.629,687.682
688.628,687.680
688.626,687.678
688.625,687.676
688.632,687.686
688.630,687.683
688.628,687.681
688.630,687.683
688.631,687.685
688.632,687.686
688.633,687.688
688.626,687.677
688.619,687.667
688.622,687.671
688.624,687.674
688.617,687.664
688.620,687.668
688.614,687.659
688.614,687.659
688.614,687.658
688.613,687.658
688.613,687.658
688.613,687.658
688.613,687.658
688.621,687.670
688.620,687.668
688.619,687.667
688.614,687.658
688.616,687.663
688.611,687.654
688.614,687.659
688.617,687.663
688.619,687.667
688.621,687.670
688.623,687.673
688.625,687.676
688.627,687.679
688.628,687.681
688.630,687.683
688.631,687.685
688.632,687.686
688.630,687.684
688.628,687.681
688.627,687.679
688.625,687.677
688.632,687.687
688.630,687.684
688.629,687.681
688.627,687.679
688.626,687.677
688.624,687.675
688.623,687.673
688.622,687.672
688.621,687.670
688.620,687.669
688.620,687.668
688.619,687.667
688.621,687.670
688.623,687.673
688.617,687.664
688.620,687.667
688.614,687.659
688.608,687.651
688.612,687.656
688.615,687.660
688.609,687.652
688.612,687.657
688.615,687.661
688.618,687.665
688.617,687.664
688.617,687.663
688.616,687.663
688.616,687.662
688.616,687.662
688.615,687.661
688.623,687.673
688.622,687.671
688.621,687.670
688.620,687.669
688.614,687.660
688.617,687.664
688.620,687.667
688.614,687.659
688.616,687.663
688.619,687.667
688.613,687.658
688.608,687.650
688.611,687.655
688.614,687.659
688.609,687.651
688.612,687.656
688.612,687.656
688.612,687.656
688.612,687.656
688.612,687.656
688.604,687.644
688.605,687.645
688.606,687.646
688.606,687.647
688.607,687.648
688.607,687.649
688.600,687.638
688.604,687.644
688.599,687.637
688.596,687.631
688.600,687.638
688.604,687.644
688.600,687.637
688.604,687.644
688.607,687.649
688.603,687.642
688.599,687.636
688.603,687.642
688.607,687.648
688.610,687.653
688.605,687.645
688.601,687.639
688.596,687.633
688.593,687.627
688.590,687.622
688.595,687.630
688.599,687.637
688.603,687.643
688.599,687.637
688.603,687.643
688.599,687.636
688.603,687.643
688.607,687.648
688.602,687.641
688.603,687.643
688.604,687.644
688.605,687.645
688.606,687.646
688.601,687.640
688.602,687.641
688.603,687.643
688.604,687.644
688.608,687.649
688.608,687.650
688.608,687.651
688.612,687.656
688.612,687.656
688.612,687.656
688.612,687.656
688.612,687.656
688.612,687.656
688.612,687.656
688.612,687.656
688.604,687.644
688.605,687.645
688.605,687.646
688.606,687.647
688.607,687.648
688.607,687.649
688.608,687.650
688.600,687.638
688.593,687.628
688.595,687.631
688.597,687.633
688.598,687.635
688.591,687.625
688.585,687.616
688.588,687.620
688.590,687.623
688.584,687.614
688.579,687.606
688.582,687.611
688.585,687.615
688.588,687.619
688.590,687.623
688.592,687.626
688.594,687.629
688.596,687.631
688.589,687.622
688.595,687.631
688.592,687.626
688.589,687.621
688.586,687.616
688.583,687.612
688.581,687.609
688.579,687.605
688.577,687.603
688.575,687.600
688.573,687.597
688.580,687.607
688.578,687.604
688.573,687.597
688.569,687.591
688.565,687.585
688.569,687.592
688.565,687.586
688.562,687.580
688.559,687.575
688.559,687.575
688.567,687.587
688.566,687.586
688.565,687.585
688.564,687.584
688.564,687.583
688.564,687.583
688.563,687.582
688.555,687.569
688.555,687.570
688.555,687.570
688.553,687.566
688.558,687.575
688.563,687.583
688.568,687.590
688.564,687.584
688.569,687.591
688.568,687.589
688.567,687.588
688.566,687.586
688.565,687.585
688.565,687.584
688.564,687.583
688.563,687.583
688.555,687.570
688.555,687.570
688.555,687.571
688.561,687.579
688.558,687.574
688.555,687.570
688.560,687.578
688.536,687.541
688.535,687.540
688.534,687.539
688.534,687.538
688.533,687.537
688.528,687.528
688.523,687.521
688.526,687.526
688.526,687.526
688.526,687.526
688.526,687.527
688.527,687.527
688.530,687.531
688.532,687.536
688.535,687.539
688.529,687.530
688.529,687.530
688.537,687.542
688.536,687.541
688.535,687.540
688.534,687.539
688.529,687.530
688.531,687.534
688.526,687.526
688.521,687.518
688.530,687.531
688.524,687.523
688.519,687.516
688.523,687.522
688.524,687.522
688.524,687.523
688.524,687.523
688.525,687.524
688.520,687.517
688.515,687.510
688.519,687.516
688.523,687.522
688.524,687.522
688.524,687.523
688.516,687.511
688.517,687.513
688.518,687.514
688.514,687.508
688.518,687.514
688.522,687.520
688.526,687.525
688.526,687.526
688.526,687.526
688.526,687.526
688.526,687.526
688.529,687.531
688.524,687.523
688.527,687.528
688.519,687.516
688.520,687.517
688.521,687.518
688.521,687.519
688.517,687.512
688.513,687.506
688.517,687.513
688.513,687.506
688.514,687.508
688.516,687.510
688.512,687.504
688.516,687.511
688.512,687.505
688.513,687.507
688.515,687.509
688.516,687.511
688.509,687.501
688.506,687.495
688.511,687.503
688.507,687.498
688.509,687.501
688.511,687.503
688.513,687.506
688.514,687.508
688.510,687.502
688.507,687.497
688.512,687.504
688.516,687.511
688.517,687.513
688.518,687.514
688.519,687.516
688.520,687.517
688.521,687.518
688.516,687.511
688.520,687.517
688.524,687.523
688.519,687.515
688.520,687.517
688.521,687.518
688.521,687.519
688.522,687.520
688.525,687.525
688.520,687.517
688.516,687.511
688.512,687.505
688.505,687.495
688.508,687.498
688.517,687.513
688.518,687.515
688.514,687.508
688.518,687.514
688.522,687.520
688.523,687.521
688.523,687.522
688.524,687.522
688.519,687.515
688.514,687.509
688.519,687.515
688.519,687.516
688.520,687.517
688.521,687.518
688.522,687.519
688.525,687.525
688.520,687.517
688.516,687.510
688.509,687.500
688.511,687.503
688.512,687.505
688.509,687.500
688.505,687.495
688.510,687.502
688.507,687.497
688.509,687.500
688.511,687.503
688.504,687.493
688.509,687.501
688.506,687.496
688.508,687.499
688.502,687.489
688.496,687.481
688.499,687.486
688.497,687.482
688.495,687.479
688.493,687.475
688.488,687.468
688.492,687.474
688.490,687.472
688.496,687.481
688.494,687.478
688.497,687.483
688.500,687.487
688.495,687.479
688.493,687.476
688.499,687.485
688.502,687.489
688.496,687.481
688.499,687.486
688.505,687.494
688.502,687.490
688.499,687.485
688.502,687.490
688.504,687.493
688.499,687.485
688.501,687.489
688.507,687.497
688.504,687.492
688.506,687.496
688.508,687.499
688.510,687.502
688.506,687.496
688.511,687.504
688.516,687.511
688.517,687.512
688.510,687.502
688.506,687.496
688.511,687.504
688.516,687.511
688.517,687.512
688.518,687.514
688.511,687.503
688.507,687.498
688.512,687.505
688.517,687.512
688.518,687.513
688.511,687.503
688.512,687.505
688.509,687.500
688.513,687.507
688.507,687.497
688.509,687.500
688.510,687.503
688.515,687.509
688.519,687.516
688.520,687.517
688.513,687.506
688.514,687.508
688.510,687.502
688.515,687.509
688.511,687.503
688.513,687.506
688.514,687.508
688.510,687.502
688.507,687.497
688.512,687.504
688.516,687.511
688.517,687.513
688.510,687.502
688.507,687.497
688.512,687.504
688.516,687.511
688.512,687.505
688.505,687.495
688.500,687.486
688.494,687.478
688.492,687.475
688.498,687.484
688.496,687.481
688.499,687.485
688.494,687.477
688.500,687.487
688.505,687.495
688.502,687.490
688.497,687.482
688.500,687.486
688.505,687.495
688.502,687.490
688.505,687.494
688.499,687.485
688.494,687.477
688.492,687.474
688.490,687.471
688.494,687.477
688.489,687.470
688.484,687.463
688.483,687.462
688.482,687.460
688.479,687.454
688.483,687.462
688.482,687.460
688.482,687.459
688.478,687.453
688.483,687.460
688.482,687.459
688.481,687.458
688.480,687.457
688.477,687.451
688.482,687.459
688.481,687.458
688.480,687.457
688.479,687.456
688.476,687.450
688.473,687.446
688.473,687.446
688.473,687.446
688.470,687.442
688.468,687.438
688.468,687.439
688.469,687.439
688.469,687.440
688.475,687.449
688.480,687.456
688.487,687.467
688.486,687.465
688.493,687.476
688.496,687.481
688.491,687.473
688.489,687.471
688.488,687.468
688.487,687.466
688.490,687.472
688.486,687.465
688.485,687.464
688.484,687.462
688.488,687.468
688.484,687.462
688.483,687.460
688.482,687.459
688.478,687.454
688.475,687.449
688.475,687.448
688.483,687.460
688.479,687.455
688.484,687.462
688.480,687.456
688.479,687.455
688.479,687.454
688.483,687.461
688.479,687.456
688.479,687.455
688.478,687.454
688.478,687.453
688.483,687.460
688.482,687.459
688.481,687.458
688.480,687.457
688.477,687.451
688.482,687.459
688.473,687.445
688.473,687.446
688.470,687.441
688.467,687.437
688.468,687.438
688.469,687.439
688.474,687.448
688.471,687.443
688.471,687.443
688.472,687.444
688.469,687.440
688.475,687.448
688.474,687.448
688.474,687.448
688.479,687.456
688.476,687.450
688.473,687.446
688.481,687.458
688.480,687.457
688.477,687.451
688.474,687.447
688.474,687.447
688.474,687.447
688.471,687.442
688.468,687.438
688.469,687.439
688.466,687.435
688.472,687.444
688.464,687.432
688.465,687.434
688.471,687.443
688.468,687.439
688.466,687.435
688.467,687.436
688.467,687.437
688.465,687.434
688.471,687.443
688.471,687.443
688.469,687.439
688.466,687.436
688.467,687.437
688.468,687.438
688.468,687.438
688.466,687.435
688.472,687.444
688.469,687.440
688.469,687.440
688.462,687.429
688.460,687.426
688.461,687.428
688.462,687.430
688.461,687.427
688.459,687.425
688.460,687.427
688.462,687.428
688.460,687.426
688.458,687.423
688.460,687.426
688.453,687.416
688.452,687.414
688.459,687.425
688.461,687.427
688.462,687.429
688.468,687.438
688.466,687.435
688.466,687.436
688.467,687.437
688.465,687.434
688.471,687.443
688.468,687.439
688.469,687.439
688.474,687.448
688.471,687.443
688.472,687.444
688.472,687.444
688.472,687.444
688.469,687.440
688.467,687.436
688.467,687.437
688.468,687.438
688.466,687.435
688.464,687.431
688.464,687.433
688.465,687.434
688.471,687.443
688.469,687.439
688.469,687.440
688.470,687.441
688.467,687.437
688.465,687.433
688.466,687.435
688.466,687.436
688.472,687.445
688.469,687.440
688.470,687.441
688.470,687.442
688.468,687.438
688.473,687.446
688.473,687.446
688.473,687.446
688.471,687.442
688.468,687.438
688.469,687.439
688.469,687.440
688.467,687.436
688.464,687.433
688.465,687.434
688.466,687.435
688.464,687.432
688.462,687.429
688.463,687.431
688.461,687.428
688.459,687.425
688.461,687.427
688.454,687.417
688.453,687.415
688.452,687.414
688.454,687.417
688.456,687.420
688.455,687.418
688.453,687.416
688.447,687.407
688.450,687.411
688.457,687.422
688.464,687.432
688.465,687.434
688.455,687.418
688.454,687.417
688.453,687.415
688.455,687.418
688.454,687.416
688.453,687.415
688.447,687.406
688.449,687.410
688.449,687.409
688.440,687.397
688.436,687.389
688.436,687.390
688.437,687.391
688.440,687.397
688.441,687.397
688.441,687.397
688.436,687.390
688.440,687.395
688.440,687.396
688.440,687.396
688.435,687.389
688.436,687.390
688.429,687.379
688.433,687.385
688.437,687.391
688.438,687.392
688.441,687.397
688.444,687.402
688.444,687.402
688.447,687.406
688.449,687.410
688.449,687.409
688.448,687.408
688.443,687.400
688.404,687.342
688.400,687.335
688.399,687.334
688.398,687.332
688.402,687.339
688.401,687.337
688.400,687.335
688.396,687.329
688.395,687.328
688.392,687.323
688.389,687.318
688.389,687.318
688.394,687.326
688.393,687.325
688.393,687.325
688.398,687.332
688.397,687.331
688.393,687.325
688.398,687.332
688.397,687.331
688.393,687.326
688.390,687.321
688.390,687.320
688.387,687.316
688.392,687.324
688.392,687.323
688.397,687.331
688.396,687.330
688.396,687.329
688.400,687.335
688.407,687.346
688.405,687.343
688.409,687.349
688.415,687.358
688.410,687.350
688.405,687.343
688.403,687.340
688.399,687.334
688.395,687.328
688.395,687.327
688.391,687.322
688.391,687.322
688.391,687.322
688.388,687.317
688.388,687.317
688.393,687.325
688.390,687.320
688.390,687.320
688.387,687.316
688.387,687.316
688.387,687.316
688.385,687.312
688.385,687.313
688.391,687.321
688.388,687.317
688.396,687.329
688.392,687.324
688.389,687.319
688.389,687.319
688.394,687.327
688.402,687.338
688.406,687.344
688.401,687.337
688.400,687.335
688.404,687.342
688.408,687.347
688.406,687.345
688.410,687.350
688.408,687.347
688.414,687.356
688.417,687.361
688.422,687.369
688.424,687.372
688.426,687.375
688.422,687.369
688.416,687.360
688.414,687.356
688.411,687.353
688.414,687.357
688.412,687.354
688.407,687.346
688.402,687.339
688.401,687.337
688.397,687.331
688.396,687.330
688.396,687.329
688.400,687.335
688.399,687.334
688.395,687.328
688.392,687.323
688.391,687.322
688.388,687.318
688.386,687.314
688.386,687.314
688.383,687.310
688.384,687.311
688.390,687.320
688.395,687.327
688.394,687.326
688.399,687.334
688.403,687.340
688.410,687.350
688.413,687.355
688.411,687.351
688.406,687.344
688.409,687.349
688.407,687.346
688.411,687.352
688.414,687.356
688.411,687.353
688.406,687.345
688.405,687.343
688.400,687.336
688.405,687.342
688.403,687.340
688.402,687.338
688.406,687.344
688.404,687.342
688.400,687.335
688.399,687.334
688.398,687.332
688.402,687.339
688.409,687.349
688.412,687.354
688.407,687.346
688.413,687.356
688.408,687.348
688.406,687.345
688.410,687.350
688.405,687.343
688.404,687.341
688.399,687.334
688.395,687.328
688.387,687.315
688.392,687.323
688.392,687.323
688.389,687.318
688.386,687.314
688.386,687.315
688.384,687.311
688.389,687.319
688.389,687.319
688.386,687.315
688.387,687.315
688.384,687.311
688.384,687.312
688.382,687.308
688.380,687.305
688.381,687.306
688.387,687.315
688.387,687.315
688.392,687.324
688.389,687.319
688.389,687.319
688.394,687.327
688.402,687.338
688.398,687.332
688.394,687.326
688.393,687.326
688.390,687.321
688.390,687.320
688.387,687.316
688.387,687.316
688.385,687.312
688.382,687.308
688.383,687.309
688.388,687.318
688.389,687.318
688.386,687.314
688.375,687.298
688.376,687.300
688.375,687.297
688.376,687.299
688.383,687.309
688.380,687.306
688.381,687.307
688.379,687.304
688.388,687.317
688.385,687.313
688.391,687.321
688.391,687.321
688.388,687.317
688.388,687.317
688.380,687.305
688.386,687.314
688.386,687.314
688.384,687.310
688.384,687.311
688.385,687.312
688.390,687.320
688.390,687.320
688.390,687.320
688.387,687.316
688.387,687.316
688.384,687.312
688.385,687.313
688.382,687.309
688.380,687.305
688.381,687.307
688.379,687.304
688.380,687.305
688.378,687.302
688.379,687.303
688.380,687.305
688.386,687.314
688.386,687.315
688.384,687.311
688.384,687.311
688.385,687.312
688.382,687.308
688.383,687.309
688.375,687.298
688.382,687.308
688.382,687.309
688.380,687.305
688.378,687.302
688.379,687.304
688.377,687.301
688.378,687.303
688.377,687.300
688.378,687.302
688.376,687.299
688.374,687.297
688.376,687.299
688.382,687.308
688.383,687.309
688.380,687.306
688.381,687.307
688.374,687.296
688.373,687.294
688.374,687.296
688.373,687.294
688.374,687.296
688.376,687.298
688.374,687.296
688.367,687.286
688.367,687.285
688.369,687.288
688.368,687.287
688.367,687.285
688.369,687.288
688.376,687.299
688.377,687.301
688.384,687.310
688.381,687.307
688.382,687.308
688.380,687.305
688.381,687.306
688.381,687.307
688.379,687.304
688.372,687.293
688.371,687.291
688.373,687.294
688.371,687.292
688.370,687.290
688.369,687.289
688.368,687.287
688.370,687.290
688.377,687.301
688.378,687.302
688.384,687.312
688.382,687.308
688.383,687.309
688.380,687.306
688.381,687.307
688.387,687.316
688.387,687.316
688.387,687.316
688.385,687.312
688.385,687.313
688.383,687.309
688.383,687.310
688.381,687.306
688.379,687.303
688.380,687.305
688.378,687.302
688.379,687.303
688.377,687.300
688.375,687.298
688.377,687.300
688.375,687.297
688.376,687.299
688.375,687.297
688.376,687.299
688.374,687.297
688.373,687.294
688.374,687.297
688.373,687.294
688.374,687.297
688.373,687.294
688.366,687.285
688.366,687.284
688.368,687.287
688.367,687.286
688.366,687.284
688.368,687.288
688.367,687.286
688.370,687.289
688.369,687.288
688.370,687.291
688.369,687.289
688.371,687.292
688.370,687.290
688.372,687.293
688.371,687.291
688.370,687.289
688.363,687.280
688.363,687.279
688.357,687.271
688.357,687.271
688.352,687.263
688.353,687.264
688.356,687.269
688.357,687.270
688.365,687.282
688.367,687.286
688.366,687.285
688.360,687.276
688.360,687.275
688.360,687.275
688.363,687.279
688.363,687.279
688.365,687.283
688.365,687.282
688.367,687.285
688.374,687.296
688.373,687.294
688.374,687.296
688.373,687.294
688.374,687.296
688.373,687.294
688.374,687.296
688.373,687.294
688.374,687.297
688.373,687.294
688.372,687.292
688.373,687.295
688.380,687.305
688.381,687.306
688.379,687.303
688.380,687.304
688.378,687.302
688.376,687.299
688.377,687.301
688.375,687.298
688.369,687.288
688.368,687.286
688.370,687.290
688.369,687.288
688.363,687.279
688.362,687.278
688.365,687.282
688.364,687.281
688.364,687.280
688.366,687.284
688.365,687.283
688.368,687.286
688.367,687.285
688.361,687.276
688.361,687.276
688.363,687.280
688.363,687.279
688.365,687.283
688.365,687.282
688.364,687.281
688.358,687.273
688.359,687.273
688.361,687.277
688.361,687.277
688.356,687.268
688.364,687.281
688.366,687.285
688.366,687.284
688.368,687.287
688.367,687.286
688.366,687.284
688.360,687.275
688.360,687.275
688.363,687.279
688.363,687.279
688.365,687.283
688.367,687.286
688.367,687.285
688.369,687.288
688.368,687.287
688.370,687.290
688.369,687.288
688.360,687.275
688.360,687.274
688.352,687.262
688.355,687.268
688.356,687.268
688.351,687.261
688.351,687.262
688.347,687.255
688.348,687.257
688.352,687.263
688.353,687.264
688.353,687.265
688.349,687.258
688.350,687.259
688.345,687.253
688.339,687.242
688.335,687.237
688.338,687.241
688.334,687.236
688.337,687.240
688.334,687.235
688.336,687.239
688.341,687.246
688.343,687.249
688.347,687.255
688.348,687.257
688.349,687.259
688.345,687.252
688.346,687.254
688.350,687.260
688.343,687.249
688.347,687.256
688.341,687.245
688.345,687.252
688.346,687.254
688.342,687.248
688.344,687.251
688.340,687.245
688.342,687.248
688.346,687.254
688.348,687.256
688.352,687.262
688.344,687.251
688.349,687.257
688.349,687.259
688.342,687.248
688.344,687.251
688.348,687.257
688.344,687.251
688.345,687.253
688.341,687.247
688.343,687.249
688.339,687.244
688.341,687.246
688.338,687.241
688.340,687.244
688.344,687.251
688.346,687.253
688.342,687.247
688.344,687.250
688.340,687.244
688.342,687.247
688.346,687.254
688.347,687.255
688.343,687.249
688.336,687.239
688.333,687.235
688.328,687.226
688.326,687.223
688.329,687.228
688.326,687.224
688.330,687.229
688.327,687.225
688.325,687.222
688.320,687.215
688.319,687.212
688.322,687.218
688.329,687.228
688.332,687.232
688.329,687.228
688.324,687.220
688.322,687.217
688.317,687.210
688.316,687.208
688.312,687.202
688.309,687.197
688.308,687.196
688.313,687.204
688.309,687.198
688.314,687.205
688.313,687.204
688.310,687.198
688.309,687.198
688.306,687.193
688.298,687.180
688.303,687.189
688.309,687.197
688.308,687.197
688.305,687.192
688.310,687.199
688.315,687.206
688.314,687.205
688.310,687.199
688.310,687.198
688.314,687.206
688.321,687.216
688.317,687.210
688.316,687.208
688.312,687.202
688.308,687.196
688.308,687.196
688.313,687.203
688.312,687.202
688.308,687.197
688.308,687.196
688.305,687.191
688.305,687.191
688.302,687.187
688.299,687.183
688.300,687.184
688.305,687.192
688.305,687.192
688.310,687.200
688.310,687.199
688.306,687.194
688.306,687.193
688.303,687.189
688.309,687.197
688.308,687.196
688.313,687.204
688.312,687.202
688.308,687.197
688.308,687.196
688.313,687.204
688.312,687.202
688.308,687.197
688.313,687.204
688.312,687.203
688.309,687.197
688.308,687.197
688.313,687.204
688.312,687.203
688.317,687.209
688.316,687.208
688.312,687.202
688.311,687.201
688.315,687.208
688.314,687.206
688.311,687.200
688.310,687.199
688.315,687.206
688.314,687.205
688.310,687.199
688.309,687.198
688.314,687.205
688.310,687.200
688.318,687.211
688.322,687.217
688.320,687.214
688.324,687.220
688.322,687.217
688.317,687.210
688.324,687.221
688.327,687.226
688.325,687.222
688.328,687.227
688.326,687.224
688.321,687.216
688.317,687.209
688.316,687.208
688.312,687.202
688.311,687.201
688.307,687.195
688.307,687.195
688.304,687.190
688.296,687.178
688.302,687.187
688.299,687.183
688.297,687.179
688.295,687.176
688.288,687.165
688.286,687.163
688.288,687.166
688.287,687.164
688.294,687.174
688.287,687.164
688.285,687.162
688.279,687.153
688.279,687.152
688.278,687.151
688.278,687.151
688.278,687.150
688.280,687.154
688.288,687.165
688.289,687.168
688.288,687.166
688.287,687.164
688.285,687.162
688.284,687.160
688.286,687.163
688.285,687.162
688.287,687.164
688.286,687.163
688.279,687.153
688.282,687.157
688.281,687.156
688.283,687.159
688.282,687.158
688.285,687.161
688.292,687.171
688.290,687.169
688.291,687.171
688.290,687.169
688.291,687.171
688.290,687.168
688.291,687.170
688.289,687.168
688.288,687.166
688.289,687.168
688.296,687.178
688.297,687.179
688.295,687.176
688.301,687.185
688.298,687.182
688.299,687.182
688.297,687.179
688.297,687.180
688.295,687.177
688.301,687.186
688.302,687.186
688.299,687.182
688.299,687.183
688.297,687.180
688.295,687.176
688.288,687.166
688.286,687.164
688.280,687.154
688.280,687.153
688.279,687.152
688.281,687.156
688.281,687.155
688.280,687.154
688.282,687.158
688.282,687.156
688.284,687.160
688.283,687.158
688.282,687.157
688.284,687.160
688.283,687.159
688.285,687.162
688.284,687.160
688.283,687.159
688.285,687.162
688.284,687.160
688.283,687.159
688.285,687.162
688.284,687.160
688.278,687.151
688.278,687.150
688.277,687.150
688.280,687.154
688.279,687.153
688.282,687.157
688.281,687.156
688.281,687.155
688.280,687.154
688.287,687.165
688.289,687.168
688.288,687.165
688.286,687.163
688.288,687.166
688.295,687.176
688.296,687.178
688.294,687.175
688.295,687.176
688.293,687.173
688.294,687.175
688.292,687.172
688.298,687.182
688.299,687.182
688.297,687.179
688.297,687.180
688.295,687.177
688.293,687.174
688.294,687.175
688.292,687.173
688.293,687.174
688.292,687.171
688.290,687.169
688.283,687.159
688.282,687.157
688.284,687.161
688.284,687.159
688.285,687.162
688.284,687.161
688.286,687.163
688.280,687.154
688.279,687.153
688.282,687.157
688.281,687.156
688.281,687.155
688.275,687.146
688.275,687.146
688.278,687.150
688.272,687.142
688.272,687.142
688.275,687.147
688.275,687.147
688.278,687.151
688.278,687.150
688.277,687.150
688.272,687.141
688.272,687.142
688.264,687.130
688.260,687.124
688.261,687.126
688.257,687.120
688.259,687.122
688.261,687.124
688.265,687.131
688.258,687.120
688.259,687.122
688.255,687.117
688.257,687.119
688.262,687.126
688.266,687.132
688.267,687.133
688.262,687.127
688.266,687.133
688.259,687.122
688.260,687.124
688.256,687.118
688.250,687.109
688.255,687.116
688.252,687.111
688.254,687.114
688.251,687.109
688.248,687.105
688.250,687.109
688.247,687.104
688.242,687.096
688.245,687.101
688.251,687.109
688.245,687.101
688.248,687.105
688.245,687.101
688.251,687.109
688.253,687.113
688.255,687.116
688.257,687.119
688.250,687.109
688.247,687.105
688.250,687.109
688.252,687.112
688.249,687.107
688.252,687.111
688.246,687.102
688.243,687.098
688.246,687.103
688.241,687.095
688.247,687.104
688.250,687.108
688.244,687.099
688.242,687.096
688.237,687.088
688.235,687.086
688.234,687.083
688.229,687.077
688.226,687.071
688.225,687.071
688.222,687.066
688.219,687.061
688.227,687.073
688.231,687.080
688.230,687.078
688.229,687.077
688.234,687.083
688.232,687.081
688.236,687.088
688.240,687.093
688.246,687.102
688.252,687.111
688.246,687.102
688.243,687.098
688.246,687.103
688.249,687.107
688.254,687.115
688.248,687.105
688.250,687.109
688.256,687.117
688.257,687.120
688.254,687.114
688.259,687.121
688.252,687.112
688.254,687.115
688.259,687.122
688.260,687.124
688.254,687.114
688.250,687.109
688.245,687.100
688.242,687.097
688.245,687.102
688.248,687.106
688.245,687.102
688.243,687.098
688.246,687.102
688.241,687.094
688.247,687.103
688.241,687.095
688.244,687.100
688.242,687.096
688.245,687.101
688.248,687.105
688.245,687.101
688.243,687.098
688.238,687.090
688.244,687.099
688.239,687.092
688.242,687.097
688.240,687.094
688.235,687.086
688.239,687.092
688.245,687.101
688.240,687.093
688.243,687.098
688.241,687.095
688.236,687.088
688.240,687.093
688.238,687.090
688.233,687.083
688.237,687.089
688.236,687.087
688.239,687.092
688.235,687.085
688.241,687.095
688.236,687.088
688.240,687.093
688.238,687.090
688.241,687.096
688.237,687.088
688.240,687.094
688.243,687.098
688.241,687.095
688.239,687.092
688.242,687.097
688.237,687.089
688.236,687.087
688.239,687.092
688.243,687.097
688.241,687.094
688.244,687.099
688.241,687.096
688.245,687.100
688.247,687.105
688.245,687.101
688.248,687.105
688.242,687.097
688.240,687.093
688.238,687.090
688.233,687.083
688.237,687.089
688.236,687.087
688.239,687.092
688.243,687.097
688.238,687.090
688.236,687.087
688.240,687.093
688.235,687.086
688.233,687.083
688.232,687.081
688.236,687.087
688.232,687.081
688.231,687.079
688.230,687.077
688.226,687.072
688.225,687.071
688.225,687.070
688.221,687.065
688.218,687.061
688.218,687.061
688.216,687.057
688.221,687.065
688.229,687.077
688.228,687.076
688.225,687.070
688.224,687.069
688.224,687.069
688.220,687.064
688.218,687.059
688.210,687.047
688.208,687.045
688.206,687.042
688.207,687.044
688.206,687.041
688.204,687.039
688.203,687.037
688.204,687.039
688.211,687.050
688.217,687.059
688.217,687.059
688.215,687.055
688.220,687.064
688.220,687.064
688.220,687.063
688.225,687.071
688.222,687.066
688.222,687.066
688.219,687.061
688.219,687.061
688.219,687.061
688.224,687.069
688.221,687.064
688.221,687.064
688.213,687.052
688.219,687.061
688.224,687.069
688.223,687.068
688.220,687.063
688.217,687.059
688.218,687.059
688.226,687.072
688.222,687.067
688.227,687.074
688.227,687.073
688.223,687.068
688.228,687.075
688.235,687.086
688.234,687.084
688.238,687.090
688.236,687.087
688.234,687.085
688.238,687.091
688.242,687.096
688.240,687.093
688.243,687.098
688.246,687.102
688.243,687.098
688.241,687.095
688.225,687.071
688.225,687.070
688.221,687.065
688.226,687.073
688.218,687.060
688.218,687.060
688.223,687.068
688.223,687.067
688.223,687.067
688.219,687.062
688.225,687.070
688.216,687.057
688.216,687.058
688.214,687.054
688.212,687.050
688.212,687.052
688.210,687.048
688.216,687.058
688.217,687.058
688.217,687.058
688.214,687.055
688.212,687.051
688.213,687.052
688.214,687.053
688.219,687.062
688.203,687.037
688.194,687.023
688.193,687.023
688.188,687.014
688.188,687.015
688.188,687.015
688.180,687.003
688.181,687.004
688.177,686.998
688.181,687.004
688.182,687.005
688.191,687.018
688.193,687.023
688.196,687.026
688.187,687.013
688.187,687.014
688.180,687.002
688.183,687.008
688.184,687.009
688.177,686.997
688.170,686.987
688.167,686.982
688.172,686.990
688.168,686.985
688.170,686.988
688.171,686.989
688.173,686.992
688.167,686.982
688.172,686.990
688.176,686.997
688.177,686.999
688.171,686.988
688.164,686.979
688.167,686.983
688.172,686.990
688.174,686.993
688.167,686.983
688.169,686.986
688.171,686.989
688.168,686.984
688.165,686.979
688.167,686.983
688.169,686.986
688.171,686.989
688.176,686.996
688.172,686.990
688.174,686.993
688.175,686.995
688.177,686.997
688.173,686.991
688.177,686.998
688.178,687.000
688.179,687.001
688.180,687.003
688.181,687.004
688.177,686.998
688.178,687.000
688.171,686.989
688.173,686.992
688.177,686.999
688.173,686.992
688.167,686.983
688.169,686.986
688.163,686.977
688.160,686.973
688.166,686.981
688.168,686.985
688.170,686.988
688.172,686.991
688.169,686.985
688.173,686.993
688.167,686.983
688.169,686.986
688.171,686.989
688.168,686.984
688.173,686.991
688.174,686.994
688.168,686.984
688.170,686.987
688.175,686.994
688.179,687.001
688.183,687.007
688.175,686.996
688.177,686.998
688.178,687.000
688.174,686.993
688.178,687.000
688.182,687.006
688.175,686.995
688.176,686.997
688.170,686.987
688.172,686.990
688.176,686.997
688.177,686.999
688.171,686.988
688.164,686.979
688.159,686.970
688.154,686.963
688.149,686.956
688.148,686.954
688.147,686.952
688.151,686.958
688.154,686.964
688.158,686.969
688.156,686.966
688.154,686.963
688.160,686.972
688.163,686.976
688.165,686.980
688.168,686.984
688.165,686.979
688.162,686.975
688.159,686.971
688.162,686.975
688.165,686.979
688.167,686.983
688.161,686.974
688.167,686.983
688.169,686.986
688.163,686.977
688.166,686.981
688.160,686.972
688.155,686.964
688.153,686.961
688.151,686.959
688.155,686.964
688.158,686.969
688.161,686.974
688.159,686.970
688.156,686.967
688.154,686.964
688.158,686.969
688.153,686.961
688.156,686.967
688.159,686.971
688.157,686.968
688.155,686.965
688.161,686.974
688.164,686.978
688.166,686.982
688.169,686.985
688.165,686.980
688.171,686.988
688.172,686.991
688.174,686.993
688.176,686.996
688.180,687.002
688.184,687.008
688.176,686.997
688.177,686.999
688.179,687.000
688.182,687.006
688.186,687.012
688.189,687.016
688.189,687.017
688.181,687.004
688.182,687.006
688.175,686.995
688.179,687.001
688.175,686.995
688.168,686.985
688.170,686.988
688.172,686.991
688.174,686.993
688.178,687.000
688.182,687.006
688.183,687.007
688.184,687.008
688.184,687.009
688.179,687.002
688.175,686.995
688.169,686.985
688.163,686.976
688.165,686.980
688.168,686.984
688.164,686.979
688.167,686.983
688.169,686.986
688.171,686.989
688.165,686.980
688.162,686.975
688.159,686.971
688.154,686.964
688.158,686.969
688.153,686.961
688.151,686.959
688.149,686.956
688.148,686.954
688.152,686.960
688.156,686.966
688.159,686.971
688.154,686.963
688.152,686.960
688.158,686.970
688.161,686.974
688.164,686.979
688.167,686.982
688.161,686.973
688.158,686.970
688.156,686.966
688.159,686.971
688.162,686.976
688.165,686.980
688.162,686.975
688.159,686.971
688.157,686.968
688.160,686.973
688.163,686.977
688.166,686.981
688.163,686.976
688.168,686.985
688.165,686.980
688.159,686.971
688.162,686.976
688.165,686.980
688.167,686.983
688.164,686.979
688.161,686.974
688.156,686.966
688.159,686.971
688.162,686.976
688.157,686.968
688.155,686.964
688.153,686.962
688.159,686.971
688.162,686.976
688.165,686.980
688.159,686.971
688.165,686.980
688.162,686.975
688.165,686.979
688.167,686.983
688.161,686.974
688.156,686.966
688.154,686.963
688.160,686.972
688.163,686.977
688.165,686.981
688.168,686.984
688.170,686.987
688.172,686.990
688.176,686.997
688.172,686.991
688.174,686.994
688.168,686.984
688.162,686.975
688.164,686.979
688.167,686.982
688.164,686.978
688.169,686.986
688.163,686.977
688.157,686.968
688.161,686.973
688.163,686.977
688.158,686.969
688.156,686.966
688.162,686.975
688.156,686.967
688.152,686.960
688.147,686.953
688.143,686.947
688.142,686.946
688.142,686.945
688.138,686.939
688.135,686.935
688.132,686.930
688.138,686.939
688.138,686.938
688.137,686.938
688.145,686.950
688.144,686.948
688.141,686.943
688.137,686.938
688.142,686.945
688.139,686.940
688.138,686.939
688.138,686.939
688.138,686.939
688.137,686.938
688.134,686.934
688.140,686.941
688.136,686.937
688.133,686.932
688.131,686.928
688.139,686.941
688.144,686.948
688.140,686.943
688.137,686.938
688.142,686.945
688.141,686.944
688.141,686.943
688.140,686.942
688.137,686.937
688.134,686.933
688.139,686.941
688.139,686.940
688.138,686.940
688.138,686.939
688.143,686.947
688.148,686.953
688.144,686.947
688.148,686.954
688.147,686.952
688.146,686.951
688.150,686.957
688.154,686.963
688.157,686.968
688.160,686.973
688.163,686.977
688.160,686.973
688.158,686.969
688.153,686.962
688.156,686.967
688.152,686.960
688.155,686.965
688.159,686.970
688.156,686.967
688.154,686.964
688.158,686.969
688.161,686.973
688.163,686.977
688.158,686.969
688.156,686.966
688.162,686.975
688.159,686.971
688.162,686.976
688.157,686.968
688.160,686.972
688.166,686.981
688.163,686.976
688.157,686.968
688.152,686.961
688.148,686.954
688.152,686.960
688.150,686.958
688.149,686.955
688.147,686.953
688.143,686.947
688.140,686.942
688.145,686.949
688.149,686.956
688.145,686.949
688.144,686.948
688.143,686.947
688.142,686.945
688.142,686.944
688.138,686.939
688.135,686.934
688.140,686.942
688.137,686.937
688.137,686.937
688.137,686.937
688.136,686.937
688.136,686.936
688.133,686.932
688.131,686.928
688.128,686.924
688.126,686.921
688.124,686.918
688.122,686.915
688.124,686.917
688.125,686.919
688.118,686.908
688.119,686.911
688.118,686.909
688.117,686.907
688.116,686.905
688.123,686.916
688.121,686.913
688.122,686.915
688.124,686.917
688.117,686.907
688.118,686.909
688.117,686.907
688.116,686.906
688.115,686.904
688.114,686.903
688.121,686.914
688.120,686.912
688.119,686.910
688.109,686.895
688.112,686.899
688.114,686.903
688.116,686.906
688.115,686.904
688.114,686.903
688.113,686.901
688.104,686.888
688.105,686.888
688.099,686.881
688.103,686.886
688.106,686.890
688.106,686.890
688.114,686.902
688.113,686.901
688.112,686.900
688.112,686.899
688.111,686.898
688.110,686.897
688.110,686.897
688.112,686.900
688.115,686.903
688.116,686.906
688.118,686.909
688.120,686.911
688.121,686.914
688.120,686.911
688.118,686.909
688.117,686.907
688.116,686.906
688.115,686.904
688.114,686.903
688.113,686.902
688.113,686.901
688.112,686.900
688.111,686.899
688.114,686.902
688.108,686.893
688.110,686.897
688.110,686.896
688.109,686.896
688.109,686.895
688.109,686.895
688.108,686.894
688.108,686.894
688.103,686.885
688.106,686.890
688.108,686.894
688.111,686.898
688.113,686.901
688.112,686.900
688.112,686.899
688.111,686.898
688.111,686.898
688.110,686.897
688.110,686.896
688.109,686.896
688.112,686.899
688.114,686.903
688.116,686.906
688.118,686.908
688.111,686.899
688.106,686.890
688.108,686.894
688.111,686.898
688.110,686.897
688.110,686.897
688.118,686.908
688.116,686.906
688.115,686.905
688.117,686.908
688.119,686.910
688.120,686.912
688.122,686.915
688.115,686.904
688.117,686.907
688.116,686.905
688.115,686.904
688.114,686.903
688.113,686.901
688.112,686.900
688.112,686.899
688.114,686.903
688.116,686.906
688.118,686.908
688.119,686.911
688.121,686.913
688.127,686.923
688.125,686.920
688.123,686.917
688.122,686.914
688.120,686.912
688.119,686.910
688.118,686.908
688.108,686.894
688.102,686.885
688.105,686.889
688.100,686.881
688.095,686.874
688.099,686.880
688.100,686.881
688.100,686.882
688.101,686.882
688.101,686.883
688.102,686.884
688.102,686.884
688.102,686.885
688.103,686.885
688.103,686.886
688.098,686.878
688.093,686.871
688.089,686.865
688.086,686.860
688.090,686.867
688.092,686.869
688.085,686.859
688.087,686.862
688.089,686.864
688.090,686.867
688.092,686.869
688.097,686.878
688.093,686.871
688.097,686.877
688.101,686.882
688.101,686.883
688.101,686.884
688.102,686.884
688.102,686.885
688.102,686.885
688.095,686.874
688.088,686.863
688.089,686.865
688.091,686.868
688.084,686.858
688.081,686.853
688.083,686.856
688.086,686.860
688.087,686.862
688.089,686.865
688.091,686.867
688.095,686.874
688.091,686.867
688.095,686.874
688.099,686.879
688.102,686.885
688.099,686.881
688.092,686.869
688.093,686.871
688.086,686.861
688.088,686.864
688.090,686.866
688.091,686.868
688.093,686.870
688.094,686.872
688.087,686.862
688.089,686.864
688.090,686.867
688.095,686.873
688.098,686.879
688.102,686.884
688.105,686.889
688.108,686.893
688.102,686.885
688.097,686.878
688.093,686.871
688.094,686.873
688.095,686.874
688.088,686.864
688.098,686.878
688.099,686.879
688.091,686.868
688.093,686.870
688.094,686.872
688.095,686.874
688.088,686.863
688.090,686.866
688.091,686.868
688.084,686.858
688.086,686.861
688.088,686.864
688.090,686.866
688.083,686.856
688.080,686.852
688.077,686.847
688.075,686.843
688.070,686.836
688.065,686.829
688.061,686.822
688.057,686.817
688.054,686.811
688.053,686.811
688.061,686.823
688.068,686.833
688.066,686.831
688.065,686.828
688.063,686.826
688.062,686.824
688.069,686.835
688.075,686.844
688.078,686.849
688.081,686.853
688.083,686.856
688.085,686.859
688.079,686.850
688.074,686.842
688.077,686.846
688.071,686.838
688.075,686.843
688.070,686.835
688.073,686.841
688.068,686.833
688.072,686.839
688.067,686.831
688.062,686.825
688.067,686.831
688.070,686.836
688.066,686.829
688.069,686.835
688.065,686.828
688.061,686.822
688.065,686.828
688.069,686.834
688.064,686.827
688.068,686.833
688.072,686.839
688.075,686.844
688.070,686.836
688.065,686.829
688.069,686.835
688.064,686.828
688.068,686.834
688.072,686.839
688.075,686.844
688.078,686.848
688.081,686.852
688.083,686.856
688.085,686.859
688.087,686.862
688.081,686.852
688.083,686.856
688.085,686.859
688.087,686.862
688.089,686.865
688.091,686.867
688.092,686.869
688.085,686.859
688.087,686.862
688.089,686.865
688.085,686.859
688.087,686.862
688.089,686.865
688.083,686.855
688.077,686.846
688.071,686.838
688.067,686.831
688.062,686.824
688.066,686.831
688.070,686.836
688.073,686.841
688.076,686.846
688.079,686.850
688.082,686.854
688.084,686.857
688.086,686.860
688.080,686.851
688.082,686.855
688.079,686.850
688.074,686.842
688.071,686.838
688.075,686.843
688.072,686.840
688.076,686.845
688.078,686.849
688.081,686.853
688.078,686.848
688.073,686.840
688.076,686.845
688.073,686.841
688.068,686.834
688.072,686.839
688.067,686.832
688.071,686.837
688.077,686.846
688.074,686.843
688.077,686.847
688.072,686.839
688.067,686.832
688.071,686.837
688.074,686.842
688.077,686.847
688.080,686.851
688.074,686.842
688.077,686.847
688.080,686.851
688.082,686.855
688.076,686.846
688.071,686.838
688.074,686.843
688.077,686.847
688.080,686.851
688.074,686.843
688.077,686.847
688.072,686.839
688.075,686.844
688.078,686.848
688.081,686.852
688.083,686.856
688.077,686.847
688.072,686.839
688.075,686.844
688.078,686.848
688.073,686.840
688.076,686.845
688.070,686.837
688.066,686.830
688.061,686.823
688.058,686.817
688.054,686.812
688.051,686.807
688.048,686.803
688.048,686.803
688.048,686.804
688.049,686.804
688.049,686.804
688.046,686.800
688.047,686.801
688.047,686.801
688.047,686.802
688.048,686.802
688.056,686.815
688.053,686.810
688.052,686.809
688.052,686.809
688.052,686.809
688.049,686.804
688.046,686.800
688.044,686.797
688.050,686.806
688.047,686.801
688.053,686.810
688.050,686.805
688.055,686.813
688.052,686.808
688.049,686.804
688.054,686.812
688.051,686.807
688.056,686.815
688.056,686.814
688.055,686.814
688.060,686.821
688.059,686.819
688.058,686.818
688.057,686.817
688.065,686.828
688.063,686.826
688.062,686.824
688.061,686.823
688.060,686.821
688.067,686.832
688.066,686.829
688.061,686.823
688.066,686.829
688.061,686.823
688.057,686.817
688.054,686.812
688.059,686.819
688.063,686.826
688.059,686.820
688.064,686.827
688.068,686.833
688.071,686.838
688.067,686.831
688.062,686.824
688.066,686.831
688.070,686.836
688.073,686.841
688.068,686.834
688.064,686.827
688.060,686.821
688.056,686.815
688.053,686.810
688.058,686.818
688.062,686.824
688.058,686.819
688.055,686.813
688.052,686.808
688.049,686.804
688.046,686.800
688.052,686.809
688.049,686.804
688.046,686.800
688.052,686.809
688.049,686.804
688.046,686.800
688.055,686.813
688.054,686.812
688.054,686.812
688.054,686.811
688.050,686.806
688.050,686.806
688.048,686.802
688.053,686.811
688.050,686.806
688.047,686.802
688.053,686.810
688.050,686.806
688.050,686.806
688.047,686.801
688.053,686.810
688.052,686.810
688.052,686.809
688.052,686.809
688.052,686.809
688.057,686.816
688.054,686.811
688.050,686.807
688.048,686.802
688.045,686.799
688.043,686.795
688.041,686.792
688.039,686.789
688.045,686.799
688.046,686.799
688.046,686.800
688.047,686.801
688.047,686.801
688.047,686.802
688.047,686.802
688.045,686.798
688.043,686.795
688.041,686.792
688.047,686.801
688.044,686.797
688.050,686.806
688.055,686.814
688.052,686.809
688.049,686.805
688.047,686.801
688.047,686.801
688.047,686.802
688.047,686.802
688.040,686.790
688.041,686.792
688.039,686.789
688.037,686.786
688.036,686.784
688.034,686.782
688.033,686.780
688.032,686.778
688.039,686.789
688.037,686.786
688.036,686.784
688.034,686.782
688.033,686.780
688.035,686.783
688.036,686.785
688.029,686.775
688.031,686.778
688.033,686.780
688.035,686.783
688.036,686.785
688.038,686.787
688.039,686.789
688.048,686.803
688.045,686.799
688.046,686.800
688.044,686.796
688.041,686.793
688.047,686.802
688.045,686.798
688.051,686.807
688.048,686.803
688.053,686.811
688.050,686.806
688.048,686.802
688.045,686.798
688.046,686.799
688.046,686.800
688.046,686.800
688.047,686.801
688.044,686.797
688.042,686.794
688.040,686.791
688.046,686.800
688.044,686.797
688.042,686.793
688.040,686.790
688.038,686.788
688.036,686.785
688.038,686.787
688.036,686.785
688.038,686.787
688.039,686.789
688.040,686.791
688.033,686.780
688.034,686.782
688.033,686.780
688.032,686.779
688.031,686.777
688.030,686.776
688.037,686.787
688.036,686.784
688.034,686.782
688.033,686.780
688.035,686.783
688.036,686.785
688.037,686.787
688.031,686.777
688.033,686.779
688.034,686.782
688.028,686.772
688.027,686.771
688.027,686.770
688.034,686.782
688.033,686.780
688.032,686.778
688.031,686.777
688.030,686.775
688.029,686.774
688.031,686.777
688.033,686.780
688.034,686.782
688.036,686.785
688.035,686.782
688.036,686.785
688.037,686.787
688.036,686.785
688.034,686.782
688.033,686.780
688.040,686.791
688.038,686.788
688.037,686.786
688.035,686.783
688.034,686.781
688.041,686.792
688.039,686.789
688.040,686.791
688.041,686.792
688.042,686.793
688.043,686.795
688.043,686.796
688.044,686.797
688.045,686.798
688.045,686.798
688.043,686.795
688.020,686.760
688.020,686.761
688.023,686.765
688.018,686.757
688.021,686.761
688.023,686.766
688.031,686.777
688.025,686.768
688.025,686.768
688.024,686.767
688.024,686.766
688.024,686.766
688.026,686.770
688.029,686.773
688.031,686.776
688.032,686.779
688.034,686.782
688.036,686.784
688.034,686.782
688.033,686.780
688.032,686.778
688.031,686.777
688.030,686.775
688.029,686.774
688.028,686.773
688.031,686.778
688.030,686.776
688.038,686.787
688.036,686.785
688.035,686.782
688.033,686.781
688.032,686.779
688.034,686.781
688.033,686.780
688.034,686.782
688.036,686.784
688.037,686.787
688.036,686.784
688.034,686.782
688.033,686.780
688.032,686.778
688.039,686.789
688.045,686.799
688.051,686.807
688.048,686.803
688.046,686.799
688.038,686.788
688.039,686.789
688.032,686.779
688.031,686.777
687.992,686.718
687.995,686.722
687.997,686.726
687.999,686.729
687.993,686.720
687.991,686.716
687.988,686.713
687.986,686.709
687.990,686.714
687.993,686.719
687.987,686.711
687.990,686.716
687.988,686.712
687.983,686.705
687.987,686.710
687.982,686.703
687.986,686.709
687.992,686.718
687.989,686.714
687.984,686.707
687.980,686.700
687.984,686.706
687.982,686.703
687.986,686.709
687.984,686.706
687.979,686.699
687.983,686.705
687.979,686.698
687.978,686.696
687.977,686.695
687.973,686.689
687.977,686.696
687.973,686.690
687.978,686.697
687.977,686.695
687.976,686.694
687.980,686.700
687.976,686.694
687.972,686.688
687.972,686.687
687.971,686.686
687.968,686.681
687.965,686.677
687.970,686.685
687.970,686.684
687.969,686.684
687.974,686.691
687.971,686.686
687.967,686.681
687.973,686.689
687.977,686.696
687.981,686.702
687.988,686.712
687.994,686.721
687.988,686.713
687.992,686.717
687.994,686.722
687.997,686.725
687.999,686.729
687.996,686.724
688.001,686.732
687.998,686.727
688.000,686.730
687.994,686.721
687.989,686.713
687.992,686.718
687.986,686.710
687.984,686.707
687.988,686.712
687.983,686.705
687.987,686.710
687.982,686.703
687.980,686.701
687.979,686.698
687.983,686.705
687.979,686.698
687.983,686.704
687.986,686.710
687.984,686.707
687.980,686.700
687.984,686.706
687.987,686.711
687.991,686.716
687.993,686.720
687.991,686.716
687.986,686.709
687.981,686.702
687.977,686.695
687.976,686.694
687.975,686.692
687.982,686.703
687.986,686.709
687.989,686.714
687.992,686.718
687.987,686.710
687.985,686.707
687.988,686.712
687.983,686.705
687.979,686.698
687.983,686.704
687.987,686.710
687.993,686.719
687.987,686.711
687.982,686.704
687.986,686.709
687.989,686.714
687.987,686.711
687.990,686.716
687.988,686.712
687.991,686.717
687.986,686.709
687.981,686.702
687.980,686.700
687.976,686.694
687.972,686.688
687.969,686.683
687.974,686.690
687.978,686.697
687.977,686.695
687.973,686.690
687.978,686.697
687.974,686.691
687.973,686.689
687.978,686.696
687.969,686.683
687.974,686.690
687.970,686.685
687.967,686.680
687.967,686.680
687.964,686.676
687.969,686.684
687.966,686.679
687.963,686.675
687.964,686.675
687.961,686.671
687.959,686.668
687.957,686.665
687.958,686.666
687.958,686.667
687.956,686.664
687.954,686.661
687.953,686.659
687.962,686.673
687.962,686.673
687.960,686.669
687.958,686.666
687.958,686.667
687.959,686.668
687.960,686.669
687.958,686.666
687.964,686.675
687.961,686.671
687.961,686.672
687.962,686.672
687.967,686.681
687.965,686.677
687.973,686.689
687.969,686.684
687.969,686.683
687.969,686.683
687.974,686.690
687.970,686.685
687.962,686.672
687.962,686.673
687.960,686.669
687.965,686.678
687.963,686.674
687.960,686.670
687.961,686.671
687.958,686.667
687.956,686.664
687.954,686.661
687.953,686.659
687.951,686.656
687.953,686.659
687.951,686.656
687.950,686.654
687.948,686.652
687.950,686.655
687.960,686.669
687.966,686.678
687.963,686.674
687.960,686.670
687.958,686.667
687.959,686.668
687.957,686.665
687.955,686.662
687.961,686.671
687.959,686.668
687.959,686.669
687.960,686.670
687.958,686.666
687.956,686.663
687.962,686.673
687.962,686.673
687.968,686.682
687.965,686.677
687.970,686.685
687.975,686.693
687.979,686.699
687.986,686.709
687.982,686.702
687.977,686.696
687.973,686.690
687.973,686.689
687.972,686.688
687.969,686.683
687.966,686.678
687.963,686.674
687.968,686.682
687.968,686.682
687.973,686.690
687.970,686.684
687.975,686.692
687.971,686.686
687.968,686.681
687.968,686.681
687.973,686.689
687.969,686.684
687.966,686.679
687.966,686.679
687.963,686.675
687.961,686.671
687.966,686.680
687.964,686.675
687.956,686.663
687.957,686.665
687.963,686.674
687.960,686.670
687.958,686.667
687.959,686.668
687.957,686.665
687.958,686.666
687.956,686.663
687.954,686.660
687.960,686.670
687.961,686.671
687.966,686.679
687.964,686.675
687.969,686.683
687.966,686.679
687.971,686.687
687.971,686.686
687.967,686.681
687.973,686.689
687.969,686.684
687.966,686.679
687.966,686.679
687.966,686.679
687.971,686.687
687.968,686.682
687.973,686.689
687.972,686.688
687.972,686.688
687.968,686.682
687.965,686.678
687.963,686.674
687.968,686.682
687.965,686.678
687.965,686.678
687.963,686.674
687.960,686.670
687.958,686.666
687.959,686.668
687.959,686.669
687.960,686.669
687.958,686.666
687.964,686.675
687.964,686.676
687.964,686.676
687.961,686.672
687.959,686.668
687.965,686.677
687.970,686.685
687.970,686.685
687.967,686.680
687.964,686.675
687.961,686.672
687.967,686.680
687.967,686.680
687.967,686.680
687.972,686.688
687.977,686.695
687.973,686.689
687.969,686.684
687.966,686.679
687.966,686.679
687.963,686.675
687.969,686.683
687.974,686.691
687.970,686.685
687.970,686.685
687.967,686.680
687.972,686.688
687.969,686.683
687.968,686.682
687.965,686.678
687.963,686.674
687.960,686.670
687.958,686.666
687.964,686.676
687.964,686.676
687.961,686.672
687.959,686.668
687.957,686.665
687.958,686.666
687.956,686.663
687.954,686.660
687.952,686.658
687.951,686.656
687.952,686.658
687.951,686.656
687.957,686.666
687.956,686.663
687.956,686.664
687.957,686.666
687.955,686.663
687.954,686.660
687.947,686.650
687.949,686.652
687.947,686.651
687.946,686.649
687.940,686.640
687.935,686.631
687.935,686.631
687.935,686.632
687.938,686.636
687.938,686.636
687.938,686.636
687.938,686.636
687.932,686.628
687.933,686.628
687.933,686.629
687.941,686.641
687.941,686.641
687.935,686.632
687.935,686.632
687.935,686.633
687.938,686.637
687.938,686.637
687.938,686.636
687.938,686.636
687.940,686.640
687.940,686.640
687.940,686.639
687.940,686.639
687.942,686.642
687.942,686.642
687.941,686.641
687.941,686.640
687.935,686.632
687.935,686.632
687.935,686.632
687.935,686.632
687.930,686.625
687.931,686.625
687.931,686.626
687.924,686.615
687.928,686.621
687.929,686.622
687.929,686.623
687.930,686.624
687.925,686.617
687.927,686.619
687.927,686.621
687.928,686.622
687.932,686.627
687.932,686.628
687.933,686.628
687.928,686.621
687.929,686.622
687.929,686.623
687.930,686.624
687.931,686.625
687.934,686.630
687.934,686.631
687.935,686.631
687.930,686.624
687.930,686.625
687.931,686.625
687.926,686.618
687.927,686.620
687.928,686.621
687.929,686.623
687.932,686.628
687.933,686.629
687.933,686.629
687.936,686.634
687.928,686.622
687.929,686.623
687.930,686.624
687.933,686.629
687.934,686.630
687.934,686.630
687.937,686.635
687.929,686.623
687.932,686.628
687.933,686.629
687.925,686.617
687.926,686.619
687.906,686.587
687.909,686.592
687.911,686.596
687.908,686.592
687.903,686.583
687.898,686.576
687.896,686.574
687.900,686.579
687.904,686.585
687.902,686.581
687.905,686.587
687.900,686.579
687.906,686.588
687.909,686.593
687.912,686.597
687.909,686.592
687.911,686.596
687.906,686.588
687.903,686.584
687.899,686.577
687.894,686.570
687.898,686.576
687.894,686.570
687.893,686.568
687.897,686.574
687.883,686.553
687.883,686.553
687.888,686.561
687.885,686.555
687.889,686.563
687.886,686.558
687.883,686.553
687.883,686.553
687.888,686.560
687.887,686.559
687.892,686.566
687.896,686.573
687.895,686.571
687.893,686.569
687.889,686.563
687.894,686.570
687.890,686.564
687.886,686.558
687.886,686.558
687.883,686.553
687.880,686.548
687.872,686.536
687.873,686.538
687.871,686.535
687.872,686.536
687.877,686.543
687.877,686.544
687.883,686.553
687.883,686.553
687.880,686.548
687.877,686.544
687.877,686.545
687.883,686.553
687.880,686.549
687.877,686.545
687.875,686.541
687.876,686.542
687.881,686.551
687.887,686.559
687.886,686.558
687.891,686.565
687.887,686.560
687.884,686.555
687.881,686.550
687.881,686.550
687.886,686.558
687.886,686.557
687.885,686.557
687.882,686.552
687.882,686.552
687.887,686.560
687.884,686.554
687.884,686.554
687.881,686.550
687.881,686.550
687.878,686.546
687.876,686.542
687.868,686.531
687.867,686.528
687.868,686.530
687.866,686.528
687.865,686.526
687.864,686.524
687.855,686.510
687.857,686.514
687.857,686.513
687.856,686.513
687.856,686.512
687.856,686.512
687.855,686.511
687.863,686.523
687.865,686.525
687.866,686.528
687.865,686.526
687.866,686.528
687.873,686.538
687.871,686.535
687.877,686.545
687.875,686.541
687.873,686.538
687.871,686.535
687.869,686.532
687.867,686.530
687.866,686.528
687.859,686.518
687.859,686.517
687.858,686.516
687.858,686.515
687.857,686.514
687.859,686.517
687.851,686.504
687.851,686.504
687.859,686.517
687.858,686.516
687.860,686.519
687.860,686.518
687.854,686.509
687.854,686.509
687.853,686.508
687.856,686.512
687.856,686.512
687.855,686.511
687.855,686.511
687.863,686.523
687.870,686.533
687.876,686.543
687.882,686.552
687.882,686.551
687.879,686.547
687.879,686.547
687.877,686.544
687.874,686.540
687.872,686.537
687.870,686.534
687.869,686.531
687.867,686.529
687.866,686.527
687.859,686.517
687.858,686.516
687.860,686.519
687.860,686.518
687.862,686.521
687.856,686.512
687.855,686.511
687.858,686.515
687.857,686.514
687.849,686.501
687.841,686.490
687.842,686.491
687.843,686.493
687.844,686.494
687.845,686.495
687.845,686.496
687.846,686.497
687.839,686.486
687.840,686.488
687.836,686.482
687.837,686.484
687.839,686.486
687.840,686.488
687.841,686.490
687.845,686.496
687.846,686.497
687.841,686.490
687.842,686.491
687.838,686.485
687.839,686.487
687.840,686.489
687.844,686.495
687.853,686.508
687.853,686.508
687.853,686.508
687.845,686.495
687.846,686.496
687.846,686.497
687.841,686.490
687.842,686.492
687.838,686.485
687.839,686.487
687.843,686.493
687.844,686.495
687.845,686.496
687.846,686.497
687.846,686.498
687.850,686.503
687.850,686.503
687.850,686.503
687.850,686.504
687.842,686.492
687.843,686.493
687.844,686.494
687.845,686.496
687.846,686.497
687.841,686.490
687.842,686.491
687.843,686.493
687.844,686.494
687.845,686.495
687.845,686.496
687.846,686.497
687.855,686.510
687.854,686.510
687.854,686.510
687.857,686.513
687.856,686.513
687.859,686.516
687.858,686.516
687.858,686.515
687.860,686.518
687.859,686.517
687.861,686.520
687.860,686.519
687.859,686.518
687.859,686.517
687.858,686.516
687.858,686.515
687.857,686.514
687.859,686.517
687.859,686.516
687.861,686.520
687.860,686.518
687.859,686.517
687.851,686.504
687.851,686.504
687.851,686.505
687.851,686.505
687.851,686.505
687.851,686.505
687.851,686.505
687.843,686.493
687.836,686.482
687.830,686.472
687.832,686.476
687.836,686.483
687.830,686.473
687.827,686.468
687.829,686.472
687.823,686.463
687.818,686.455
687.821,686.460
687.824,686.464
687.827,686.468
687.824,686.464
687.827,686.468
687.824,686.464
687.827,686.468
687.832,686.476
687.834,686.479
687.830,686.473
687.832,686.476
687.834,686.479
687.836,686.482
687.837,686.484
687.831,686.474
687.833,686.477
687.835,686.480
687.828,686.470
687.831,686.474
687.833,686.477
687.834,686.480
687.836,686.482
687.832,686.477
687.834,686.480
687.839,686.486
687.840,686.488
687.841,686.490
687.842,686.492
687.843,686.493
687.847,686.498
687.847,686.499
687.851,686.504
687.851,686.504
687.843,686.492
687.844,686.494
687.845,686.495
687.840,686.488
687.841,686.490
687.845,686.496
687.838,686.484
687.834,686.479
687.827,686.469
687.833,686.477
687.834,686.480
687.836,686.482
687.838,686.485
687.842,686.491
687.843,686.492
687.836,686.482
687.837,686.484
687.839,686.486
687.840,686.488
687.841,686.490
687.837,686.483
687.830,686.473
687.827,686.469
687.829,686.472
687.826,686.467
687.821,686.459
687.826,686.468
687.829,686.471
687.831,686.475
687.825,686.466
687.828,686.469
687.830,686.473
687.832,686.476
687.834,686.479
687.836,686.482
687.837,686.484
687.839,686.486
687.843,686.492
687.844,686.494
687.844,686.495
687.837,686.484
687.839,686.486
687.840,686.488
687.841,686.490
687.842,686.491
687.843,686.493
687.836,686.482
687.837,686.484
687.839,686.486
687.840,686.488
687.833,686.478
687.835,686.481
687.837,686.483
687.838,686.485
687.839,686.487
687.841,686.489
687.842,686.491
687.846,686.496
687.838,686.485
687.834,686.479
687.828,686.470
687.830,686.473
687.824,686.464
687.819,686.456
687.822,686.461
687.825,686.465
687.828,686.469
687.830,686.473
687.832,686.476
687.834,686.479
687.830,686.473
687.832,686.477
687.837,686.484
687.830,686.474
687.827,686.469
687.830,686.472
687.826,686.468
687.829,686.471
687.826,686.467
687.828,686.471
687.825,686.466
687.820,686.458
687.818,686.454
687.821,686.459
687.819,686.456
687.814,686.448
687.817,686.454
687.813,686.447
687.808,686.440
687.805,686.435
687.809,686.441
687.805,686.436
687.810,686.442
687.806,686.436
687.810,686.443
687.809,686.441
687.805,686.435
687.801,686.430
687.798,686.425
687.798,686.425
687.795,686.420
687.801,686.429
687.805,686.436
687.805,686.435
687.801,686.429
687.801,686.429
687.806,686.436
687.805,686.435
687.809,686.442
687.813,686.448
687.809,686.441
687.816,686.452
687.819,686.457
687.817,686.454
687.821,686.459
687.818,686.455
687.822,686.460
687.819,686.457
687.814,686.449
687.810,686.443
687.809,686.441
687.813,686.447
687.819,686.457
687.814,686.449
687.813,686.447
687.808,686.440
687.815,686.451
687.811,686.444
687.815,686.450
687.813,686.447
687.817,686.453
687.823,686.462
687.826,686.466
687.823,686.462
687.826,686.466
687.823,686.462
687.818,686.454
687.813,686.447
687.817,686.453
687.820,686.458
687.815,686.450
687.819,686.456
687.814,686.448
687.817,686.454
687.823,686.463
687.826,686.467
687.829,686.471
687.831,686.474
687.833,686.477
687.835,686.480
687.836,686.483
687.833,686.477
687.826,686.468
687.829,686.471
687.831,686.475
687.833,686.478
687.835,686.481
687.837,686.483
687.838,686.485
687.831,686.475
687.836,686.482
687.830,686.472
687.832,686.476
687.826,686.466
687.828,686.470
687.830,686.474
687.832,686.477
687.837,686.484
687.831,686.474
687.833,686.477
687.826,686.468
687.829,686.471
687.831,686.475
687.833,686.478
687.835,686.480
687.828,686.471
687.831,686.474
687.833,686.477
687.829,686.472
687.823,686.463
687.821,686.459
687.824,686.464
687.829,686.472
687.832,686.475
687.828,686.470
687.830,686.474
687.833,686.477
687.826,686.467
687.829,686.471
687.831,686.475
687.825,686.465
687.828,686.469
687.822,686.461
687.825,686.465
687.827,686.469
687.824,686.465
687.827,686.469
687.824,686.464
687.819,686.456
687.825,686.465
687.819,686.457
687.814,686.449
687.818,686.455
687.821,686.460
687.824,686.464
687.827,686.468
687.821,686.460
687.819,686.456
687.814,686.449
687.812,686.446
687.808,686.440
687.804,686.434
687.809,686.441
687.813,686.447
687.817,686.453
687.812,686.446
687.816,686.452
687.811,686.445
687.815,686.451
687.819,686.456
687.814,686.449
687.810,686.442
687.814,686.448
687.809,686.442
687.813,686.448
687.809,686.441
687.813,686.447
687.809,686.441
687.808,686.439
687.804,686.433
687.808,686.440
687.812,686.447
687.808,686.440
687.804,686.434
687.809,686.441
687.813,686.447
687.811,686.445
687.815,686.451
687.811,686.444
687.815,686.450
687.810,686.443
687.814,686.449
687.810,686.442
687.817,686.453
687.812,686.446
687.808,686.439
687.812,686.446
687.808,686.439
687.807,686.438
687.811,686.444
687.807,686.438
687.811,686.445
687.815,686.451
687.819,686.456
687.817,686.453
687.820,686.458
687.826,686.467
687.820,686.458
687.826,686.467
687.820,686.459
687.818,686.455
687.813,686.448
687.817,686.453
687.812,686.446
687.816,686.452
687.820,686.457
687.815,686.450
687.810,686.443
687.809,686.441
687.805,686.435
687.810,686.442
687.806,686.436
687.802,686.431
687.805,686.435
687.801,686.429
687.798,686.425
687.795,686.420
687.792,686.416
687.798,686.425
687.798,686.425
687.803,686.432
687.803,686.431
687.807,686.439
687.806,686.437
687.811,686.444
687.817,686.454
687.813,686.447
687.816,686.452
687.820,686.458
687.826,686.466
687.828,686.470
687.830,686.474
687.833,686.477
687.837,686.484
687.839,686.486
687.832,686.476
687.837,686.483
687.838,686.485
687.834,686.479
687.836,686.482
687.829,686.472
687.823,686.463
687.826,686.467
687.829,686.471
687.826,686.466
687.820,686.458
687.818,686.455
687.813,686.447
687.809,686.441
687.813,686.447
687.817,686.453
687.812,686.446
687.808,686.439
687.804,686.434
687.803,686.433
687.808,686.440
687.807,686.438
687.811,686.445
687.810,686.442
687.814,686.448
687.809,686.442
687.805,686.436
687.813,686.447
687.808,686.440
687.807,686.439
687.812,686.445
687.810,686.443
687.814,686.449
687.810,686.442
687.814,686.448
687.820,686.458
687.815,686.451
687.813,686.448
687.817,686.453
687.815,686.451
687.811,686.444
687.809,686.442
687.805,686.436
687.804,686.434
687.801,686.429
687.801,686.428
687.797,686.424
687.795,686.419
687.792,686.416
687.790,686.412
687.790,686.413
687.788,686.410
687.794,686.419
687.800,686.427
687.797,686.423
687.794,686.419
687.792,686.415
687.789,686.411
687.790,686.412
687.788,686.409
687.786,686.406
687.784,686.404
687.791,686.414
687.789,686.410
687.787,686.407
687.785,686.405
687.786,686.406
687.784,686.404
687.783,686.401
687.781,686.399
687.783,686.401
687.781,686.399
687.783,686.401
687.781,686.399
687.788,686.410
687.786,686.407
687.787,686.408
687.785,686.405
687.784,686.403
687.790,686.413
687.796,686.422
687.796,686.422
687.793,686.418
687.802,686.430
687.799,686.425
687.804,686.433
687.808,686.440
687.807,686.439
687.803,686.433
687.803,686.432
687.799,686.427
687.796,686.422
687.796,686.422
687.794,686.418
687.791,686.414
687.797,686.423
687.797,686.423
687.794,686.419
687.794,686.419
687.800,686.428
687.805,686.435
687.809,686.442
687.808,686.440
687.804,686.434
687.801,686.429
687.798,686.424
687.795,686.420
687.795,686.420
687.792,686.416
687.798,686.425
687.803,686.433
687.808,686.440
687.804,686.434
687.801,686.429
687.797,686.424
687.797,686.424
687.795,686.419
687.795,686.420
687.792,686.416
687.793,686.417
687.790,686.413
687.791,686.414
687.789,686.411
687.789,686.412
687.795,686.421
687.793,686.417
687.790,686.413
687.791,686.414
687.789,686.411
687.787,686.408
687.785,686.405
687.783,686.402
687.782,686.400
687.781,686.398
687.779,686.396
687.778,686.395
687.777,686.393
687.776,686.392
687.778,686.395
687.777,686.393
687.776,686.392
687.776,686.391
687.775,686.390
687.774,686.389
687.774,686.388
687.781,686.399
687.788,686.409
687.789,686.411
687.787,686.407
687.788,686.409
687.786,686.406
687.787,686.408
687.785,686.405
687.783,686.402
687.782,686.400
687.780,686.398
687.782,686.400
687.789,686.410
687.787,686.407
687.785,686.405
687.786,686.406
687.784,686.404
687.783,686.401
687.781,686.399
687.780,686.397
687.782,686.400
687.780,686.398
687.782,686.400
687.780,686.398
687.782,686.400
687.781,686.398
687.779,686.396
687.778,686.395
687.777,686.393
687.776,686.392
687.776,686.391
687.783,686.402
687.789,686.412
687.790,686.413
687.788,686.409
687.786,686.407
687.784,686.404
687.783,686.401
687.784,686.404
687.791,686.413
687.788,686.410
687.786,686.407
687.785,686.404
687.783,686.402
687.784,686.404
687.783,686.402
687.781,686.399
687.780,686.398
687.779,686.396
687.778,686.394
687.777,686.393
687.776,686.391
687.775,686.390
687.777,686.393
687.776,686.392
687.776,686.391
687.775,686.390
687.777,686.393
687.776,686.391
687.775,686.390
687.775,686.389
687.774,686.388
687.776,686.391
687.783,686.402
687.782,686.400
687.780,686.398
687.774,686.388
687.773,686.387
687.773,686.386
687.775,686.390
687.774,686.389
687.776,686.392
687.776,686.391
687.778,686.394
687.777,686.392
687.779,686.395
687.786,686.406
687.784,686.403
687.785,686.405
687.792,686.415
687.792,686.416
687.798,686.424
687.798,686.424
687.795,686.420
687.792,686.416
687.790,686.412
687.788,686.409
687.789,686.410
687.787,686.407
687.780,686.397
687.770,686.383
687.770,686.382
687.770,686.382
687.770,686.382
687.770,686.382
687.769,686.381
687.769,686.381
687.772,686.385
687.771,686.384
687.771,686.384
687.771,686.383
687.773,686.387
687.773,686.386
687.772,686.386
687.772,686.385
687.771,686.384
687.771,686.384
687.771,686.383
687.765,686.375
687.765,686.375
687.766,686.376
687.760,686.368
687.761,686.369
687.762,686.370
687.762,686.371
687.766,686.376
687.766,686.376
687.766,686.376
687.761,686.368
687.761,686.369
687.765,686.374
687.765,686.375
687.765,686.375
687.766,686.376
687.766,686.376
687.774,686.388
687.773,686.387
687.776,686.391
687.775,686.390
687.774,686.389
687.774,686.388
687.773,686.387
687.773,686.386
687.767,686.378
687.767,686.378
687.767,686.378
687.762,686.370
687.763,686.371
687.763,686.372
687.764,686.373
687.764,686.373
687.764,686.374
687.765,686.374
687.765,686.375
687.765,686.375
687.765,686.375
687.768,686.380
687.760,686.368
687.761,686.369
687.770,686.382
687.770,686.382
687.769,686.381
687.769,686.381
687.772,686.385
687.771,686.384
687.771,686.384
687.774,686.388
687.773,686.387
687.773,686.386
687.772,686.385
687.774,686.389
687.774,686.388
687.773,686.387
687.773,686.386
687.772,686.386
687.764,686.373
687.764,686.373
687.767,686.378
687.767,686.378
687.767,686.378
687.762,686.370
687.763,686.371
687.763,686.372
687.764,686.372
687.767,686.377
687.767,686.377
687.767,686.378
687.770,686.382
687.770,686.382
687.769,686.381
687.769,686.381
687.769,686.381
687.764,686.373
687.748,686.349
687.750,686.352
687.752,686.355
687.753,686.357
687.755,686.359
687.756,686.361
687.757,686.363
687.750,686.352
687.744,686.342
687.749,686.350
687.750,686.353
687.755,686.359
687.756,686.361
687.757,686.363
687.761,686.369
687.762,686.370
687.762,686.370
687.763,686.371
687.763,686.372
687.756,686.360
687.757,686.362
687.753,686.356
687.754,686.358
687.755,686.360
687.759,686.366
687.760,686.367
687.761,686.368
687.761,686.369
687.757,686.362
687.758,686.364
687.759,686.365
687.762,686.371
687.763,686.371
687.763,686.372
687.758,686.365
687.751,686.354
687.756,686.360
687.757,686.362
687.758,686.364
687.753,686.357
687.755,686.359
687.756,686.361
687.760,686.367
687.761,686.368
687.761,686.369
687.762,686.370
687.762,686.371
687.763,686.371
687.763,686.372
687.767,686.377
687.767,686.377
687.767,686.377
687.767,686.378
687.767,686.378
687.762,686.370
687.762,686.371
687.755,686.359
687.756,686.361
687.757,686.363
687.761,686.368
687.753,686.357
687.758,686.363
687.759,686.365
687.759,686.366
687.763,686.372
687.763,686.372
687.764,686.373
687.759,686.365
687.760,686.367
687.760,686.368
687.761,686.369
687.762,686.370
687.762,686.371
687.763,686.371
687.763,686.372
687.764,686.373
687.756,686.361
687.752,686.355
687.745,686.345
687.747,686.348
687.741,686.339
687.736,686.331
687.731,686.323
687.726,686.316
687.730,686.322
687.726,686.315
687.730,686.321
687.733,686.327
687.731,686.324
687.727,686.317
687.723,686.311
687.722,686.309
687.726,686.316
687.730,686.322
687.726,686.315
687.721,686.309
687.726,686.316
687.722,686.309
687.718,686.304
687.723,686.311
687.716,686.301
687.716,686.300
687.713,686.296
687.710,686.291
687.707,686.288
687.705,686.284
687.703,686.281
687.709,686.290
687.709,686.291
687.715,686.299
687.723,686.311
687.719,686.305
687.724,686.312
687.723,686.311
687.727,686.317
687.723,686.311
687.722,686.309
687.718,686.304
687.717,686.303
687.714,686.298
687.719,686.306
687.716,686.300
687.716,686.300
687.712,686.295
687.718,686.303
687.724,686.313
687.723,686.311
687.719,686.305
687.724,686.312
687.728,686.319
687.724,686.312
687.720,686.306
687.719,686.305
687.724,686.312
687.720,686.307
687.727,686.318
687.723,686.311
687.722,686.310
687.718,686.304
687.715,686.299
687.720,686.307
687.725,686.313
687.721,686.308
687.728,686.318
687.724,686.312
687.723,686.310
687.727,686.317
687.731,686.323
687.729,686.320
687.733,686.326
687.728,686.319
687.724,686.312
687.723,686.311
687.727,686.317
687.725,686.315
687.729,686.321
687.733,686.326
687.739,686.336
687.742,686.340
687.736,686.331
687.734,686.328
687.729,686.321
687.728,686.318
687.723,686.312
687.728,686.318
687.726,686.316
687.730,686.322
687.726,686.315
687.730,686.321
687.725,686.315
687.721,686.309
687.726,686.315
687.722,686.309
687.721,686.308
687.725,686.314
687.729,686.321
687.736,686.330
687.731,686.323
687.734,686.328
687.732,686.325
687.736,686.330
687.739,686.335
687.733,686.327
687.739,686.336
687.734,686.328
687.732,686.325
687.727,686.318
687.731,686.323
687.729,686.321
687.725,686.314
687.729,686.320
687.735,686.330
687.730,686.322
687.734,686.328
687.737,686.333
687.732,686.325
687.727,686.318
687.726,686.316
687.730,686.322
687.734,686.327
687.738,686.334
687.736,686.330
687.731,686.323
687.726,686.316
687.722,686.310
687.721,686.308
687.726,686.315
687.730,686.321
687.733,686.327
687.737,686.332
687.731,686.324
687.730,686.321
687.725,686.314
687.729,686.321
687.733,686.326
687.728,686.319
687.724,686.313
687.720,686.307
687.717,686.301
687.721,686.309
687.718,686.303
687.717,686.303
687.722,686.310
687.727,686.316
687.722,686.310
687.721,686.309
687.718,686.303
687.717,686.302
687.714,686.298
687.711,686.293
687.716,686.301
687.716,686.301
687.721,686.308
687.717,686.303
687.714,686.298
687.719,686.306
687.724,686.313
687.723,686.311
687.727,686.317
687.723,686.311
687.719,686.305
687.716,686.300
687.721,686.308
687.728,686.318
687.724,686.312
687.720,686.306
687.719,686.305
687.724,686.312
687.720,686.306
687.724,686.313
687.729,686.321
687.725,686.314
687.721,686.308
687.717,686.303
687.722,686.310
687.719,686.304
687.723,686.311
687.719,686.306
687.716,686.301
687.721,686.308
687.717,686.303
687.722,686.310
687.719,686.304
687.718,686.303
687.715,686.298
687.712,686.294
687.709,686.290
687.709,686.290
687.707,686.287
687.713,686.295
687.710,686.291
687.707,686.287
687.713,686.296
687.710,686.292
687.702,686.280
687.701,686.277
687.699,686.275
687.705,686.284
687.711,686.293
687.717,686.302
687.724,686.313
687.728,686.319
687.724,686.313
687.720,686.307
687.719,686.306
687.716,686.301
687.721,686.308
687.720,686.307
687.725,686.314
687.729,686.320
687.727,686.317
687.723,686.311
687.727,686.318
687.734,686.328
687.729,686.320
687.725,686.314
687.729,686.320
687.724,686.313
687.723,686.312
687.719,686.306
687.724,686.313
687.728,686.319
687.732,686.325
687.727,686.318
687.734,686.328
687.729,686.320
687.733,686.326
687.736,686.331
687.731,686.323
687.727,686.317
687.725,686.314
687.729,686.321
687.725,686.314
687.729,686.320
687.733,686.326
687.728,686.319
687.726,686.316
687.722,686.310
687.719,686.304
687.723,686.312
687.722,686.310
687.719,686.304
687.718,686.303
687.715,686.298
687.720,686.306
687.719,686.305
687.716,686.300
687.713,686.295
687.712,686.295
687.718,686.303
687.714,686.298
687.714,686.298
687.711,686.293
687.717,686.301
687.716,686.301
687.713,686.296
687.718,686.304
687.715,686.299
687.712,686.294
687.709,686.290
687.709,686.291
687.707,686.287
687.705,686.283
687.705,686.284
687.703,686.281
687.709,686.291
687.710,686.291
687.715,686.299
687.720,686.307
687.725,686.314
687.724,686.313
687.720,686.307
687.725,686.314
687.729,686.320
687.724,686.313
687.729,686.319
687.732,686.325
687.730,686.322
687.734,686.328
687.740,686.337
687.742,686.341
687.737,686.332
687.740,686.337
687.742,686.341
687.745,686.344
687.739,686.335
687.734,686.327
687.729,686.320
687.727,686.318
687.723,686.311
687.719,686.306
687.716,686.300
687.716,686.300
687.713,686.295
687.712,686.295
687.702,686.279
687.700,686.277
687.699,686.274
687.697,686.272
687.699,686.274
687.705,686.284
687.706,686.285
687.704,686.282
687.710,686.291
687.715,686.300
687.720,686.307
687.717,686.302
687.714,686.297
687.711,686.293
687.708,686.289
687.706,686.285
687.704,686.282
687.704,686.283
687.702,686.280
687.701,686.277
687.699,686.275
687.697,686.272
687.699,686.275
687.705,686.284
687.706,686.285
687.704,686.282
687.702,686.279
687.700,686.277
687.701,686.278
687.708,686.288
687.705,686.284
687.706,686.285
687.704,686.282
687.702,686.279
687.700,686.276
687.693,686.266
687.700,686.277
687.699,686.274
687.697,686.272
687.696,686.270
687.703,686.280
687.709,686.290
687.706,686.286
687.712,686.295
689.723,689.337
699.797,704.578
706.681,714.992
710.517,720.797
710.398,720.617
711.318,722.008
712.453,723.726
713.146,724.773
713.237,724.911
712.297,723.489
712.118,723.218
711.508,722.295
710.291,720.455
710.958,721.463
710.042,720.077
710.796,721.218
709.782,719.684
709.812,719.730
709.734,719.612
709.763,719.655
710.793,721.214
710.885,721.353
711.034,721.579
710.907,721.386
712.437,723.701
710.646,720.992
711.234,721.881
710.635,720.974
709.780,719.681
709.732,719.609
709.834,719.762
697.799,701.555
697.751,701.482
697.690,701.391
697.640,701.315
697.107,700.508
696.976,700.310
696.903,700.199
696.954,700.276
696.985,700.324
697.006,700.356
697.022,700.379
697.021,700.378
697.020,700.377
697.030,700.392
697.070,700.452
697.610,701.269
697.698,701.403
697.745,701.473
697.844,701.623
697.940,701.769
698.552,702.694
698.709,702.931
698.791,703.055
698.854,703.152
698.919,703.249
697.756,701.491
697.759,701.495
697.762,701.499
697.764,701.503
697.767,701.506
697.760,701.496
697.738,701.463
697.710,701.420
697.668,701.357
697.625,701.293
697.107,700.508
697.018,700.374
696.960,700.285
696.886,700.174
696.813,700.064
696.726,699.932
696.121,699.017
696.075,698.947
695.973,698.793
695.900,698.682
695.801,698.532
695.266,697.723
695.221,697.655
695.148,697.545
695.111,697.489
695.089,697.455
695.058,697.409
695.022,697.354
695.007,697.332
694.984,697.296
694.965,697.268
694.960,697.259
694.965,697.267
694.969,697.274
694.973,697.280
694.972,697.278
694.984,697.297
695.004,697.326
695.030,697.366
695.053,697.400
695.082,697.444
695.112,697.490
695.143,697.537
695.180,697.592
695.212,697.642
695.242,697.686
695.276,697.739
695.312,697.792
695.340,697.835
695.365,697.873
695.392,697.913
695.416,697.950
695.442,697.989
695.466,698.025
695.487,698.057
695.506,698.086
695.523,698.112
695.547,698.148
695.573,698.187
695.596,698.222
695.609,698.242
695.625,698.266
695.639,698.287
695.660,698.319
695.671,698.335
695.688,698.362
695.697,698.374
695.712,698.398
695.718,698.407
695.727,698.421
695.744,698.446
695.755,698.463
695.765,698.478
695.774,698.491
695.774,698.491
695.782,698.503
695.781,698.502
695.780,698.501
695.780,698.500
695.779,698.499
695.779,698.498
695.778,698.498
695.769,698.485
695.758,698.467
695.751,698.457
695.745,698.448
695.732,698.427
695.715,698.403
695.705,698.386
695.695,698.372
695.682,698.352
695.658,698.316
695.637,698.284
695.617,698.254
695.608,698.240
695.591,698.215
695.576,698.192
695.562,698.171
695.542,698.140
695.519,698.106
695.499,698.075
695.484,698.053
695.471,698.033
695.451,698.003
695.433,697.976
695.417,697.951
695.394,697.916
695.373,697.885
695.346,697.844
695.322,697.807
695.300,697.774
695.276,697.738
695.258,697.711
695.234,697.675
695.212,697.642
695.193,697.612
695.175,697.585
695.159,697.560
695.144,697.538
695.131,697.518
695.119,697.500
695.108,697.484
695.098,697.469
695.089,697.456
695.081,697.444
695.074,697.433
695.064,697.417
695.050,697.396
695.029,697.365
695.019,697.349
695.009,697.335
695.001,697.322
694.985,697.298
694.979,697.289
694.965,697.268
694.953,697.249
694.941,697.232
694.931,697.217
694.914,697.190
694.906,697.179
694.891,697.156
694.886,697.148
694.873,697.128
694.861,697.110
694.850,697.094
694.841,697.080
694.832,697.066
694.824,697.054
694.809,697.031
694.803,697.023
694.790,697.003
694.778,696.984
694.767,696.968
694.757,696.953
694.748,696.940
694.740,696.928
694.725,696.904
694.711,696.883
694.698,696.864
694.687,696.847
694.677,696.831
694.663,696.811
694.655,696.799
694.640,696.776
694.618,696.742
694.602,696.718
694.583,696.690
694.567,696.665
694.556,696.648
694.538,696.621
694.517,696.590
694.499,696.562
694.482,696.537
694.459,696.501
694.438,696.469
694.418,696.441
694.401,696.415
694.374,696.373
694.344,696.329
694.318,696.289
694.290,696.247
694.261,696.202
694.230,696.156
694.207,696.120
694.181,696.082
694.154,696.041
694.130,696.004
694.112,695.976
694.083,695.933
694.057,695.894
694.026,695.846
694.001,695.810
693.979,695.776
693.959,695.746
693.941,695.719
693.917,695.682
693.895,695.649
693.879,695.624
693.856,695.590
693.836,695.559
693.817,695.531
693.792,695.493
693.774,695.465
693.757,695.440
693.738,695.411
693.721,695.385
693.709,695.368
693.695,695.345
693.681,695.325
693.665,695.301
693.655,695.286
693.642,695.265
693.630,695.247
693.614,695.224
693.597,695.198
693.585,695.179
693.570,695.157
693.557,695.137
693.545,695.119
693.538,695.108
693.531,695.098
693.521,695.084
693.508,695.064
693.501,695.053
693.498,695.048
693.491,695.038
693.489,695.035
693.479,695.020
693.475,695.013
693.466,695.000
693.463,694.995
693.455,694.983
693.457,694.986
693.454,694.982
693.447,694.972
693.446,694.969
693.440,694.960
693.435,694.952
693.434,694.952
693.429,694.944
693.430,694.945
693.421,694.932
693.418,694.927
693.411,694.916
693.408,694.913
693.406,694.909
693.408,694.913
693.406,694.909
693.408,694.913
693.411,694.916
693.408,694.912
693.406,694.909
693.408,694.912
693.398,694.896
693.393,694.889
693.388,694.882
693.388,694.881
693.384,694.875
693.380,694.870
693.380,694.870
693.377,694.865
693.374,694.861
693.367,694.850
693.361,694.840
693.359,694.838
693.358,694.836
693.352,694.828
693.355,694.832
693.346,694.818
693.342,694.812
693.338,694.806
693.338,694.807
693.331,694.795
693.332,694.797
693.329,694.793
693.326,694.788
693.320,694.779
693.314,694.770
693.317,694.775
693.315,694.772
693.314,694.770
693.309,694.762
693.304,694.755
693.300,694.749
693.296,694.743
693.297,694.743
693.297,694.744
693.301,694.751
693.297,694.745
693.294,694.739
693.291,694.734
693.280,694.718
693.270,694.703
693.261,694.689
693.252,694.677
693.245,694.665
693.238,694.655
693.232,694.646
693.227,694.638
693.222,694.630
693.217,694.624
693.213,694.618
693.205,694.605
693.202,694.601
693.195,694.590
693.185,694.575
693.176,694.561
693.168,694.549
693.156,694.531
693.142,694.509
693.121,694.477
693.113,694.466
693.103,694.451
693.086,694.424
693.070,694.400
693.055,694.379
693.043,694.359
693.023,694.329
693.000,694.295
692.985,694.271
692.962,694.238
692.934,694.195
692.908,694.156
692.877,694.109
692.849,694.066
692.823,694.027
692.792,693.980
692.755,693.925
692.723,693.875
692.693,693.830
692.658,693.777
692.626,693.729
692.589,693.673
692.556,693.623
692.526,693.577
692.490,693.524
692.467,693.488
692.445,693.455
692.417,693.413
692.392,693.375
692.370,693.341
692.349,693.310
692.323,693.270
692.298,693.233
692.277,693.200
692.257,693.170
692.231,693.131
692.208,693.096
692.186,693.064
692.172,693.041
692.154,693.015
692.138,692.990
692.123,692.968
692.106,692.943
692.095,692.925
692.076,692.897
692.059,692.872
692.044,692.848
692.030,692.828
692.022,692.816
692.011,692.798
692.000,692.782
691.982,692.755
691.966,692.731
691.952,692.709
691.947,692.702
691.934,692.682
691.927,692.672
691.917,692.656
691.907,692.641
691.898,692.628
691.887,692.610
691.872,692.588
691.858,692.567
691.846,692.549
691.835,692.532
691.825,692.517
691.812,692.498
691.809,692.493
691.806,692.488
691.799,692.477
691.792,692.467
691.786,692.458
691.781,692.450
691.780,692.450
691.772,692.437
691.765,692.426
691.761,692.421
691.758,692.416
691.755,692.412
691.753,692.408
691.743,692.392
691.738,692.385
691.734,692.379
691.733,692.378
691.737,692.385
691.733,692.378
691.729,692.372
691.721,692.360
691.714,692.349
691.707,692.339
691.709,692.342
691.703,692.333
691.702,692.331
691.701,692.330
691.701,692.329
691.695,692.321
691.690,692.313
691.691,692.314
691.686,692.307
691.674,692.289
691.671,692.284
691.669,692.281
691.658,692.265
691.649,692.251
691.640,692.238
691.641,692.238
691.641,692.239
691.641,692.239
691.638,692.235
691.631,692.223
691.624,692.213
691.626,692.216
691.620,692.206
691.614,692.198
691.613,692.197
691.613,692.196
691.608,692.188
691.603,692.181
691.607,692.187
691.603,692.180
691.603,692.181
691.604,692.182
691.599,692.176
691.596,692.170
691.592,692.165
691.594,692.167
691.595,692.169
691.600,692.176
691.596,692.170
691.592,692.165
691.586,692.155
691.583,692.151
691.581,692.148
691.584,692.152
691.578,692.143
691.576,692.141
691.575,692.138
691.565,692.124
691.561,692.118
691.561,692.117
691.561,692.117
691.557,692.112
691.557,692.112
691.558,692.112
691.550,692.100
691.547,692.097
691.548,692.098
691.549,692.100
691.539,692.084
691.533,692.075
691.527,692.066
691.522,692.059
691.518,692.052
691.522,692.058
691.525,692.063
691.525,692.063
691.520,692.056
691.524,692.061
691.519,692.054
691.515,692.048
691.508,692.037
691.504,692.032
691.502,692.028
691.496,692.019
691.494,692.016
691.492,692.013
691.490,692.010
691.489,692.008
691.487,692.006
691.486,692.004
691.477,691.990
691.473,691.985
691.473,691.985
691.470,691.980
691.462,691.968
691.463,691.970
691.464,691.972
691.457,691.961
691.456,691.958
691.457,691.961
691.456,691.958
691.449,691.949
691.452,691.952
691.446,691.943
691.445,691.942
691.440,691.934
691.443,691.939
691.446,691.944
691.441,691.936
691.436,691.928
691.431,691.922
691.427,691.915
691.420,691.905
691.417,691.900
691.411,691.891
691.409,691.888
691.404,691.880
691.403,691.878
691.398,691.871
691.397,691.870
691.401,691.876
691.400,691.874
691.404,691.880
691.402,691.878
691.406,691.883
691.404,691.880
691.399,691.873
691.398,691.872
691.398,691.870
691.393,691.864
691.393,691.863
691.397,691.870
691.397,691.869
691.401,691.875
691.399,691.873
691.403,691.879
691.402,691.877
691.401,691.875
691.396,691.868
691.396,691.867
691.392,691.861
691.388,691.856
691.380,691.844
691.378,691.840
691.371,691.830
691.364,691.820
691.355,691.806
691.350,691.799
691.346,691.792
691.347,691.793
691.351,691.800
691.346,691.793
691.339,691.782
691.340,691.784
691.337,691.779
691.334,691.774
691.328,691.765
691.326,691.761
691.323,691.758
691.318,691.750
691.314,691.743
691.309,691.737
691.301,691.724
691.293,691.712
691.291,691.709
691.289,691.706
691.279,691.691
691.273,691.682
691.268,691.674
691.263,691.667
691.259,691.661
691.252,691.650
691.246,691.640
691.240,691.632
691.238,691.629
691.236,691.626
691.234,691.624
691.233,691.621
691.236,691.627
691.231,691.619
691.227,691.612
691.223,691.606
691.223,691.606
691.222,691.605
691.222,691.605
691.214,691.592
691.214,691.593
691.207,691.582
691.200,691.571
691.194,691.562
691.188,691.553
691.183,691.546
691.178,691.539
691.174,691.532
691.170,691.527
691.164,691.516
691.158,691.507
691.152,691.499
691.155,691.503
691.150,691.495
691.145,691.488
691.141,691.482
691.137,691.476
691.133,691.470
691.133,691.471
691.125,691.458
691.118,691.448
691.112,691.438
691.106,691.429
691.105,691.428
691.104,691.427
691.096,691.414
691.096,691.415
691.100,691.420
691.095,691.413
691.091,691.406
691.083,691.395
691.085,691.398
691.078,691.387
691.084,691.396
691.080,691.391
691.078,691.386
691.080,691.389
691.073,691.380
691.068,691.371
691.066,691.369
691.064,691.366
691.060,691.359
691.055,691.353
691.055,691.352
691.054,691.351
691.051,691.345
691.047,691.340
691.039,691.328
