# Physical_Baseline=690.84pF, Trigger_Distance=8.6cm, Atten_Ratio=0.74
Raw_Capacitance(pF),Normalized_Capacitance(pF)
690.937,690.912
690.929,690.906
690.924,690.903
690.924,690.903
690.928,690.906
690.920,690.900
690.917,690.897
690.918,690.898
690.914,690.895
690.916,690.896
690.912,690.894
690.914,690.895
690.911,690.893
690.904,690.888
690.902,690.886
690.905,690.888
690.902,690.887
690.905,690.888
690.903,690.887
690.905,690.889
690.899,690.884
690.898,690.883
690.901,690.885
690.899,690.884
690.893,690.880
690.884,690.873
690.880,690.870
690.880,690.870
690.877,690.868
690.874,690.866
690.874,690.866
690.872,690.864
690.872,690.864
690.870,690.862
690.863,690.857
690.861,690.856
690.855,690.851
690.854,690.851
690.853,690.850
690.855,690.852
690.846,690.845
690.850,690.848
690.849,690.847
690.849,690.847
690.844,690.843
690.844,690.843
690.844,690.843
690.847,690.846
690.847,690.846
690.842,690.842
690.846,690.845
690.838,690.839
690.830,690.833
690.827,690.831
690.829,690.832
690.822,690.827
690.819,690.825
690.822,690.827
690.816,690.823
690.814,690.821
690.812,690.820
690.815,690.822
690.813,690.821
690.816,690.823
690.811,690.819
690.818,690.824
690.812,690.820
690.815,690.822
690.813,690.821
690.812,690.819
690.815,690.822
690.810,690.818
690.808,690.817
690.812,690.819
690.815,690.822
690.805,690.814
690.804,690.814
690.800,690.811
690.796,690.808
690.796,690.808
690.796,690.808
690.792,690.805
690.793,690.805
690.793,690.806
690.790,690.803
690.787,690.801
690.780,690.796
690.781,690.797
690.779,690.795
690.777,690.794
690.768,690.787
690.762,690.783
690.762,690.783
690.762,690.783
690.762,690.783
690.765,690.785
690.760,690.781
690.760,690.781
690.752,690.775
690.748,690.772
690.744,690.770
690.741,690.767
690.743,690.768
690.744,690.770
690.746,690.771
690.742,690.768
690.739,690.766
690.733,690.761
690.736,690.763
690.730,690.759
690.728,690.758
690.726,690.756
690.725,690.755
690.728,690.758
690.731,690.760
690.726,690.756
690.721,690.753
690.720,690.752
690.719,690.751
690.715,690.748
690.719,690.751
690.715,690.748
690.711,690.745
690.708,690.743
690.700,690.737
690.706,690.741
690.703,690.739
690.700,690.737
690.698,690.735
690.696,690.734
690.694,690.732
690.692,690.731
690.694,690.732
690.695,690.733
690.693,690.732
690.692,690.731
690.690,690.730
690.689,690.729
690.687,690.728
690.686,690.727
690.685,690.726
690.688,690.728
690.690,690.729
690.692,690.731
690.685,690.726
690.680,690.722
690.674,690.718
690.678,690.720
690.681,690.723
690.680,690.722
690.680,690.722
690.679,690.722
690.679,690.721
690.679,690.721
690.670,690.715
690.663,690.709
690.664,690.710
690.657,690.705
690.662,690.709
690.658,690.706
690.663,690.710
690.660,690.707
690.656,690.705
690.653,690.702
690.651,690.700
690.645,690.696
690.643,690.695
690.641,690.694
690.640,690.692
690.638,690.691
690.637,690.690
690.584,690.651
690.576,690.645
690.573,690.643
690.570,690.641
690.567,690.638
690.569,690.640
690.563,690.636
690.566,690.638
690.560,690.633
690.555,690.630
690.554,690.629
690.552,690.628
690.556,690.630
690.559,690.633
690.554,690.629
690.553,690.628
690.544,690.621
690.548,690.625
690.544,690.622
690.540,690.619
690.545,690.622
690.549,690.626
690.549,690.625
690.544,690.622
690.541,690.619
690.456,690.557
690.453,690.554
690.458,690.558
690.463,690.561
690.459,690.559
690.463,690.562
690.462,690.561
690.459,690.558
690.455,690.556
690.455,690.556
690.452,690.553
690.457,690.557
690.462,690.561
690.458,690.558
690.454,690.555
690.454,690.555
690.451,690.553
690.456,690.557
690.453,690.554
690.458,690.558
690.458,690.558
690.457,690.558
690.462,690.561
690.458,690.558
690.455,690.556
690.452,690.553
690.457,690.557
690.453,690.555
690.458,690.558
690.458,690.558
690.458,690.558
690.462,690.561
690.458,690.558
690.458,690.558
690.455,690.555
690.463,690.561
690.459,690.559
690.463,690.562
690.467,690.565
690.466,690.564
690.470,690.567
690.473,690.569
690.476,690.572
690.471,690.568
690.478,690.573
690.472,690.569
690.467,690.565
690.463,690.562
690.462,690.561
690.458,690.558
690.463,690.562
690.462,690.561
690.458,690.558
690.458,690.558
690.455,690.555
690.443,690.547
690.441,690.546
690.439,690.544
690.438,690.543
690.444,690.548
690.442,690.546
690.443,690.547
690.441,690.545
690.439,690.544
690.441,690.545
690.439,690.544
690.432,690.539
690.431,690.538
690.422,690.532
690.422,690.531
690.422,690.531
690.417,690.528
690.418,690.528
690.421,690.531
690.421,690.531
690.421,690.531
690.413,690.525
690.414,690.525
690.415,690.526
690.415,690.526
690.416,690.527
690.416,690.527
690.417,690.528
690.409,690.522
690.410,690.523
690.411,690.524
690.404,690.518
690.398,690.513
690.400,690.515
690.397,690.513
690.400,690.515
690.397,690.513
690.391,690.508
690.389,690.507
690.384,690.503
690.383,690.502
690.378,690.499
690.374,690.496
690.379,690.499
690.383,690.502
690.378,690.499
690.374,690.496
690.371,690.494
690.371,690.493
690.368,690.491
690.373,690.495
690.369,690.492
690.366,690.490
690.363,690.488
690.361,690.486
690.358,690.484
690.360,690.485
690.357,690.484
690.355,690.482
690.354,690.481
690.347,690.476
690.346,690.475
690.348,690.477
690.347,690.476
690.346,690.475
690.345,690.475
690.348,690.476
690.347,690.476
690.346,690.475
690.345,690.474
690.344,690.474
690.343,690.473
690.343,690.473
690.345,690.475
690.344,690.474
690.339,690.470
690.339,690.470
690.338,690.469
690.338,690.469
690.338,690.469
690.338,690.469
690.330,690.463
690.330,690.464
690.331,690.464
690.331,690.464
690.327,690.461
690.328,690.462
690.332,690.465
690.324,690.459
690.318,690.454
690.314,690.452
690.308,690.447
690.311,690.449
690.314,690.451
690.311,690.449
690.313,690.451
690.315,690.453
690.318,690.454
690.319,690.455
690.321,690.457
690.314,690.452
690.308,690.447
690.311,690.449
690.314,690.451
690.319,690.455
690.321,690.456
690.314,690.451
690.319,690.455
690.313,690.451
690.302,690.443
690.297,690.439
690.293,690.436
690.292,690.436
690.289,690.433
690.293,690.436
690.297,690.439
690.293,690.436
690.289,690.433
690.289,690.433
690.285,690.430
690.290,690.434
690.286,690.431
690.286,690.431
690.283,690.429
690.280,690.426
690.277,690.424
690.275,690.423
690.273,690.421
690.271,690.419
690.269,690.418
690.267,690.417
690.269,690.418
690.267,690.417
690.269,690.418
690.267,690.417
690.266,690.416
690.265,690.415
690.267,690.416
690.265,690.415
690.264,690.414
690.263,690.414
690.262,690.413
690.261,690.412
690.263,690.414
690.262,690.413
690.261,690.412
690.260,690.412
690.263,690.413
690.261,690.413
690.261,690.412
690.263,690.414
690.262,690.413
690.261,690.412
690.260,690.412
690.262,690.413
690.261,690.413
690.260,690.412
690.260,690.411
690.259,690.411
690.258,690.410
690.266,690.416
690.268,690.417
690.266,690.416
690.265,690.415
690.263,690.414
690.258,690.410
690.249,690.403
690.244,690.400
690.245,690.400
690.246,690.401
690.246,690.401
690.247,690.402
690.250,690.404
690.251,690.405
690.251,690.405
690.243,690.399
690.239,690.396
690.240,690.397
690.241,690.398
690.242,690.398
690.238,690.395
690.239,690.396
690.241,690.397
690.242,690.398
690.246,690.401
690.246,690.401
690.247,690.402
690.247,690.402
690.243,690.399
690.244,690.400
690.245,690.400
690.245,690.401
690.241,690.397
690.242,690.398
690.243,690.399
690.244,690.400
690.240,690.396
690.241,690.397
690.242,690.398
690.235,690.393
690.231,690.390
690.233,690.392
690.227,690.387
690.221,690.383
690.216,690.379
690.211,690.376
690.210,690.375
690.214,690.378
690.218,690.380
690.221,690.383
690.211,690.375
690.210,690.375
690.206,690.372
690.202,690.369
690.199,690.366
690.196,690.364
690.196,690.364
690.193,690.362
690.191,690.360
690.197,690.365
690.194,690.363
690.191,690.361
690.189,690.359
690.187,690.357
690.185,690.356
690.183,690.355
690.182,690.354
690.180,690.353
690.179,690.352
690.173,690.347
690.172,690.347
690.172,690.346
690.171,690.346
690.171,690.346
690.174,690.348
690.173,690.347
690.172,690.347
690.172,690.346
690.171,690.346
690.171,690.346
690.171,690.345
690.170,690.345
690.170,690.345
690.170,690.345
690.169,690.345
690.161,690.338
690.162,690.339
690.154,690.333
690.163,690.340
690.164,690.340
690.164,690.341
690.156,690.335
690.149,690.330
690.151,690.331
690.152,690.332
690.154,690.333
690.155,690.334
690.156,690.335
690.152,690.332
690.149,690.329
690.151,690.331
690.152,690.332
690.154,690.333
690.155,690.334
690.156,690.335
690.157,690.335
690.161,690.338
690.165,690.341
690.160,690.338
690.161,690.338
690.161,690.339
690.162,690.339
690.162,690.339
690.163,690.340
690.163,690.340
690.167,690.343
690.162,690.339
690.158,690.336
690.154,690.333
690.150,690.330
690.147,690.328
690.144,690.325
690.141,690.324
690.143,690.325
690.146,690.327
690.148,690.328
690.150,690.330
690.143,690.325
690.145,690.327
690.147,690.328
690.149,690.330
690.151,690.331
690.152,690.332
690.154,690.333
690.147,690.328
690.141,690.323
690.143,690.325
690.146,690.327
690.140,690.322
690.134,690.318
690.129,690.315
690.133,690.317
690.136,690.320
690.139,690.322
690.137,690.320
690.135,690.319
690.138,690.321
690.141,690.323
690.143,690.325
690.137,690.321
690.132,690.317
690.135,690.319
690.138,690.322
690.141,690.324
690.143,690.325
690.146,690.327
690.143,690.325
690.140,690.323
690.146,690.327
690.143,690.325
690.137,690.321
690.132,690.317
690.127,690.313
690.123,690.310
690.127,690.313
690.123,690.310
690.119,690.307
690.124,690.311
690.120,690.308
690.116,690.305
690.113,690.303
690.105,690.297
690.098,690.292
690.097,690.291
690.103,690.296
690.101,690.294
690.107,690.299
690.105,690.297
690.106,690.298
690.112,690.302
690.109,690.300
690.107,690.298
690.104,690.296
690.102,690.295
690.100,690.293
690.107,690.298
690.104,690.296
690.105,690.297
690.106,690.298
690.104,690.296
690.102,690.295
690.100,690.293
690.098,690.292
690.097,690.291
690.091,690.286
690.090,690.286
690.089,690.285
690.080,690.279
690.076,690.275
690.071,690.272
690.080,690.279
690.081,690.279
690.089,690.285
690.088,690.285
690.088,690.284
690.087,690.284
690.090,690.286
690.089,690.285
690.089,690.285
690.088,690.284
690.087,690.284
690.087,690.283
690.086,690.283
690.094,690.289
690.093,690.288
690.092,690.287
690.091,690.287
690.090,690.286
690.093,690.288
690.087,690.283
690.086,690.283
690.086,690.283
690.077,690.277
690.078,690.277
690.078,690.277
690.079,690.277
690.079,690.278
690.079,690.278
690.080,690.278
690.080,690.278
690.075,690.275
690.076,690.275
690.076,690.276
690.072,690.273
690.073,690.273
690.074,690.274
690.067,690.269
690.068,690.270
690.070,690.271
690.071,690.272
690.072,690.272
690.065,690.267
690.066,690.268
690.063,690.266
690.057,690.261
690.059,690.263
690.053,690.259
690.056,690.261
690.059,690.263
690.053,690.258
690.048,690.254
690.051,690.257
690.054,690.259
690.052,690.257
690.047,690.254
690.042,690.250
690.041,690.249
690.037,690.246
690.041,690.250
690.045,690.252
690.048,690.254
690.054,690.259
690.057,690.261
690.051,690.257
690.046,690.253
690.049,690.256
690.045,690.252
690.040,690.249
690.044,690.252
690.043,690.251
690.039,690.248
690.043,690.251
690.046,690.254
690.042,690.250
690.046,690.253
690.041,690.250
690.040,690.249
690.044,690.252
690.040,690.249
690.036,690.246
690.040,690.249
690.036,690.246
690.040,690.249
690.036,690.246
690.033,690.243
689.990,690.212
689.991,690.212
689.991,690.213
689.992,690.213
689.993,690.214
689.993,690.214
689.994,690.214
689.997,690.217
689.997,690.217
689.997,690.217
689.989,690.211
689.990,690.212
689.983,690.206
689.984,690.207
689.985,690.208
689.987,690.209
689.983,690.206
689.976,690.201
689.981,690.205
689.983,690.206
689.984,690.207
689.985,690.208
689.987,690.209
689.980,690.204
689.981,690.205
689.928,690.166
689.927,690.165
689.926,690.164
689.924,690.163
689.923,690.163
689.925,690.164
689.924,690.163
689.923,690.162
689.922,690.162
689.921,690.161
689.921,690.160
689.920,690.160
689.919,690.159
689.919,690.159
689.918,690.159
689.917,690.158
689.917,690.158
689.917,690.158
689.908,690.151
689.904,690.148
689.905,690.149
689.905,690.149
689.906,690.150
689.907,690.150
689.907,690.151
689.908,690.151
689.908,690.152
689.912,690.154
689.912,690.154
689.904,690.148
689.905,690.149
689.906,690.149
689.906,690.150
689.899,690.144
689.900,690.145
689.901,690.146
689.903,690.147
689.904,690.148
689.904,690.149
689.897,690.143
689.899,690.144
689.900,690.145
689.901,690.146
689.902,690.147
689.903,690.148
689.896,690.142
689.898,690.144
689.899,690.145
689.901,690.146
689.902,690.147
689.903,690.147
689.904,690.148
689.905,690.149
689.900,690.146
689.902,690.146
689.906,690.150
689.898,690.144
689.892,690.139
689.894,690.141
689.896,690.142
689.897,690.143
689.899,690.144
689.900,690.145
689.896,690.143
689.893,690.140
689.887,690.135
689.884,690.134
689.887,690.136
689.885,690.134
689.879,690.130
689.882,690.132
689.885,690.134
689.888,690.136
689.890,690.138
689.884,690.134
689.887,690.136
689.890,690.138
689.887,690.135
689.889,690.137
689.883,690.133
689.886,690.135
689.881,690.131
689.884,690.133
689.878,690.129
689.874,690.126
689.869,690.123
689.873,690.126
689.869,690.122
689.873,690.126
689.877,690.128
689.872,690.125
689.876,690.128
689.880,690.130
689.875,690.127
689.878,690.129
689.882,690.132
689.885,690.134
689.887,690.136
689.882,690.132
689.877,690.128
689.880,690.131
689.875,690.127
689.879,690.130
689.882,690.132
689.877,690.128
689.875,690.127
689.874,690.126
689.878,690.129
689.873,690.125
689.877,690.128
689.872,690.125
689.876,690.128
689.880,690.130
689.883,690.132
689.886,690.135
689.883,690.133
689.878,690.129
689.873,690.125
689.869,690.122
689.868,690.122
689.864,690.119
689.861,690.116
689.858,690.114
689.855,690.112
689.852,690.110
689.858,690.114
689.858,690.114
689.864,690.118
689.860,690.116
689.857,690.114
689.854,690.112
689.852,690.110
689.858,690.114
689.855,690.112
689.852,690.110
689.850,690.108
689.848,690.107
689.846,690.105
689.844,690.104
689.843,690.103
689.841,690.102
689.840,690.101
689.839,690.100
689.833,690.096
689.832,690.095
689.832,690.095
689.832,690.095
689.831,690.094
689.831,690.094
689.831,690.094
689.830,690.094
689.838,690.100
689.837,690.099
689.836,690.098
689.836,690.098
689.835,690.097
689.842,690.103
689.841,690.102
689.840,690.101
689.839,690.100
689.838,690.099
689.845,690.104
689.838,690.100
689.837,690.099
689.836,690.098
689.836,690.098
689.835,690.097
689.834,690.097
689.842,690.102
689.849,690.107
689.847,690.106
689.845,690.104
689.843,690.103
689.842,690.102
689.840,690.101
689.839,690.100
689.838,690.100
689.837,690.099
689.836,690.098
689.836,690.098
689.835,690.097
689.834,690.097
689.834,690.096
689.825,690.090
689.825,690.090
689.826,690.090
689.826,690.090
689.826,690.091
689.826,690.091
689.826,690.091
689.827,690.091
689.827,690.091
689.819,690.085
689.820,690.086
689.820,690.086
689.821,690.087
689.822,690.087
689.814,690.082
689.816,690.083
689.817,690.084
689.818,690.085
689.814,690.082
689.807,690.077
689.801,690.072
689.804,690.074
689.798,690.070
689.801,690.072
689.795,690.068
689.798,690.070
689.793,690.066
689.797,690.069
689.799,690.071
689.794,690.067
689.797,690.069
689.800,690.072
689.803,690.074
689.805,690.075
689.807,690.077
689.801,690.072
689.796,690.068
689.799,690.071
689.794,690.067
689.789,690.063
689.785,690.060
689.781,690.057
689.785,690.060
689.781,690.057
689.781,690.057
689.785,690.060
689.781,690.057
689.778,690.055
689.782,690.058
689.779,690.056
689.775,690.053
689.772,690.051
689.770,690.049
689.767,690.047
689.765,690.045
689.771,690.050
689.768,690.048
689.766,690.046
689.772,690.050
689.769,690.048
689.775,690.053
689.772,690.050
689.777,690.054
689.782,690.058
689.778,690.055
689.775,690.053
689.780,690.057
689.785,690.060
689.778,690.055
689.774,690.052
689.779,690.056
689.776,690.054
689.781,690.057
689.777,690.055
689.782,690.058
689.779,690.055
689.775,690.053
689.772,690.051
689.777,690.055
689.782,690.058
689.779,690.055
689.775,690.053
689.772,690.051
689.769,690.049
689.767,690.047
689.773,690.051
689.770,690.049
689.767,690.047
689.765,690.046
689.763,690.044
689.769,690.049
689.767,690.047
689.765,690.045
689.763,690.044
689.761,690.042
689.759,690.041
689.758,690.040
689.756,690.039
689.763,690.044
689.761,690.043
689.760,690.041
689.758,690.040
689.757,690.039
689.755,690.038
689.762,690.043
689.760,690.042
689.767,690.047
689.765,690.045
689.763,690.044
689.761,690.042
689.759,690.041
689.758,690.040
689.756,690.039
689.755,690.038
689.754,690.037
689.753,690.037
689.752,690.036
689.751,690.035
689.750,690.035
689.750,690.034
689.749,690.034
689.749,690.033
689.748,690.033
689.748,690.033
689.747,690.032
689.747,690.032
689.747,690.032
689.743,690.029
689.751,690.035
689.759,690.041
689.757,690.040
689.756,690.039
689.755,690.038
689.754,690.037
689.753,690.036
689.752,690.036
689.751,690.035
689.750,690.034
689.758,690.040
689.764,690.045
689.762,690.043
689.760,690.042
689.759,690.041
689.757,690.040
689.756,690.039
689.755,690.038
689.754,690.037
689.753,690.036
689.760,690.042
689.758,690.040
689.757,690.039
689.756,690.038
689.754,690.038
689.753,690.037
689.752,690.036
689.752,690.036
689.751,690.035
689.750,690.034
689.749,690.034
689.749,690.034
689.748,690.033
689.748,690.033
689.747,690.032
689.747,690.032
689.747,690.032
689.746,690.032
689.746,690.031
689.746,690.031
689.746,690.031
689.745,690.031
689.745,690.031
689.745,690.031
689.753,690.036
689.752,690.036
689.751,690.035
689.750,690.035
689.750,690.034
689.749,690.034
689.749,690.033
689.748,690.033
689.748,690.033
689.747,690.032
689.747,690.032
689.747,690.032
689.746,690.032
689.746,690.031
689.746,690.031
689.746,690.031
689.737,690.025
689.738,690.025
689.730,690.020
689.732,690.021
689.725,690.016
689.726,690.017
689.728,690.018
689.729,690.019
689.731,690.020
689.732,690.021
689.733,690.022
689.726,690.017
689.728,690.018
689.729,690.019
689.731,690.020
689.724,690.015
689.726,690.016
689.719,690.012
689.722,690.013
689.716,690.009
689.718,690.011
689.713,690.007
689.715,690.009
689.718,690.011
689.712,690.007
689.715,690.009
689.710,690.005
689.713,690.007
689.716,690.009
689.705,690.001
689.700,689.997
689.696,689.995
689.701,689.998
689.697,689.995
689.701,689.998
689.705,690.001
689.709,690.004
689.704,690.000
689.700,689.997
689.696,689.994
689.700,689.998
689.696,689.995
689.693,689.992
689.698,689.996
689.702,689.999
689.706,690.002
689.701,689.998
689.705,690.001
689.709,690.004
689.712,690.006
689.707,690.003
689.703,689.999
689.703,690.000
689.699,689.997
689.702,689.999
689.698,689.996
689.694,689.993
689.691,689.990
689.688,689.988
689.690,689.990
689.687,689.988
689.692,689.992
689.697,689.995
689.701,689.998
689.697,689.995
689.694,689.993
689.690,689.990
689.687,689.988
689.685,689.986
689.682,689.984
689.680,689.982
689.678,689.981
689.676,689.980
689.682,689.984
689.680,689.983
689.678,689.981
689.676,689.980
689.675,689.979
689.673,689.977
689.639,689.952
689.641,689.954
689.634,689.949
689.637,689.951
689.639,689.952
689.641,689.954
689.634,689.949
689.629,689.945
689.632,689.947
689.634,689.949
689.636,689.950
689.639,689.952
689.640,689.953
689.642,689.955
689.644,689.956
689.645,689.957
689.638,689.952
689.632,689.947
689.635,689.949
689.637,689.951
689.631,689.946
689.626,689.942
689.621,689.939
689.621,689.939
689.617,689.936
689.621,689.939
689.621,689.939
689.625,689.942
689.628,689.944
689.631,689.946
689.634,689.948
689.636,689.950
689.638,689.952
689.640,689.953
689.634,689.948
689.628,689.944
689.631,689.946
689.634,689.948
689.636,689.950
689.630,689.946
689.633,689.948
689.635,689.949
689.629,689.945
689.632,689.947
689.627,689.943
689.630,689.945
689.632,689.947
689.635,689.949
689.637,689.951
689.639,689.952
689.633,689.948
689.635,689.950
689.630,689.945
689.624,689.941
689.620,689.938
689.623,689.941
689.627,689.943
689.630,689.945
689.632,689.947
689.627,689.943
689.622,689.940
689.617,689.936
689.613,689.933
689.617,689.936
689.613,689.933
689.618,689.936
689.618,689.937
689.619,689.938
689.615,689.934
689.619,689.937
689.623,689.940
689.618,689.937
689.614,689.934
689.610,689.931
689.607,689.928
689.612,689.932
689.608,689.929
689.605,689.927
689.610,689.931
689.607,689.928
689.603,689.926
689.601,689.924
689.606,689.928
689.603,689.926
689.608,689.930
689.605,689.927
689.602,689.925
689.599,689.923
689.597,689.921
689.595,689.920
689.593,689.918
689.591,689.917
689.589,689.916
689.588,689.914
689.587,689.913
689.582,689.910
689.582,689.910
689.589,689.915
689.587,689.914
689.586,689.913
689.585,689.912
689.584,689.912
689.583,689.911
689.582,689.910
689.581,689.910
689.581,689.909
689.580,689.909
689.579,689.908
689.579,689.908
689.578,689.907
689.578,689.907
689.578,689.907
689.577,689.907
689.574,689.904
689.582,689.910
689.581,689.910
689.581,689.909
689.580,689.909
689.579,689.908
689.579,689.908
689.578,689.907
689.575,689.905
689.575,689.905
689.575,689.905
689.575,689.905
689.575,689.905
689.575,689.905
689.575,689.905
689.574,689.904
689.574,689.904
689.571,689.902
689.577,689.906
689.576,689.906
689.568,689.900
689.577,689.906
689.576,689.906
689.576,689.906
689.576,689.906
689.576,689.905
689.576,689.905
689.572,689.903
689.573,689.903
689.573,689.903
689.573,689.903
689.573,689.903
689.573,689.903
689.573,689.904
689.573,689.904
689.565,689.898
689.566,689.898
689.567,689.899
689.567,689.899
689.568,689.900
689.569,689.900
689.566,689.898
689.567,689.899
689.567,689.899
689.568,689.900
689.569,689.900
689.569,689.901
689.570,689.901
689.562,689.895
689.560,689.894
689.553,689.889
689.555,689.890
689.557,689.892
689.559,689.893
689.560,689.894
689.561,689.895
689.563,689.896
689.564,689.897
689.573,689.903
689.581,689.909
689.588,689.915
689.587,689.914
689.586,689.913
689.585,689.912
689.584,689.911
689.591,689.917
689.589,689.915
689.585,689.912
689.592,689.917
689.598,689.922
689.596,689.920
689.594,689.919
689.584,689.911
689.583,689.911
689.582,689.910
689.578,689.907
689.578,689.907
689.577,689.907
689.577,689.906
689.577,689.906
689.577,689.906
689.576,689.906
689.576,689.906
689.576,689.906
689.576,689.905
689.576,689.905
689.567,689.899
689.568,689.900
689.568,689.900
689.569,689.900
689.570,689.901
689.570,689.901
689.567,689.899
689.565,689.897
689.566,689.898
689.567,689.899
689.567,689.899
689.568,689.900
689.568,689.900
689.569,689.900
689.570,689.901
689.570,689.901
689.570,689.901
689.571,689.902
689.571,689.902
689.571,689.902
689.572,689.902
689.572,689.903
689.569,689.900
689.569,689.901
689.570,689.901
689.570,689.901
689.571,689.902
689.571,689.902
689.571,689.902
689.571,689.902
689.564,689.896
689.565,689.897
689.565,689.898
689.566,689.898
689.567,689.899
689.565,689.897
689.566,689.898
689.566,689.898
689.567,689.899
689.560,689.894
689.561,689.895
689.554,689.890
689.556,689.891
689.558,689.892
689.559,689.893
689.561,689.894
689.562,689.895
689.563,689.896
689.564,689.897
689.557,689.892
689.551,689.887
689.561,689.894
689.567,689.899
689.568,689.900
689.560,689.894
689.562,689.895
689.563,689.896
689.569,689.900
689.569,689.901
689.570,689.901
689.570,689.901
689.570,689.902
689.571,689.902
689.571,689.902
689.571,689.902
689.572,689.902
689.572,689.903
689.572,689.903
689.564,689.897
689.565,689.898
689.558,689.892
689.559,689.893
689.553,689.888
689.555,689.890
689.557,689.891
689.558,689.892
689.560,689.894
689.561,689.895
689.562,689.896
689.555,689.890
689.549,689.886
689.551,689.887
689.554,689.889
689.556,689.891
689.554,689.890
689.556,689.891
689.550,689.886
689.552,689.888
689.546,689.884
689.554,689.889
689.553,689.888
689.555,689.890
689.557,689.891
689.558,689.892
689.560,689.894
689.561,689.895
689.562,689.895
689.563,689.896
689.556,689.891
689.558,689.892
689.551,689.887
689.554,689.889
689.547,689.885
689.542,689.880
689.537,689.877
689.540,689.879
689.544,689.882
689.547,689.884
689.546,689.884
689.549,689.885
689.551,689.887
689.545,689.883
689.540,689.879
689.543,689.881
689.538,689.878
689.533,689.874
689.529,689.871
689.525,689.868
689.522,689.866
689.519,689.863
689.516,689.861
689.513,689.859
689.519,689.864
689.524,689.867
689.529,689.871
689.533,689.874
689.537,689.877
689.533,689.874
689.526,689.868
689.530,689.872
689.534,689.875
689.530,689.872
689.526,689.869
689.531,689.872
689.527,689.869
689.523,689.867
689.520,689.864
689.517,689.862
689.522,689.866
689.519,689.864
689.516,689.862
689.519,689.863
689.524,689.867
689.521,689.865
689.526,689.869
689.522,689.866
689.524,689.867
689.529,689.871
689.533,689.874
689.529,689.871
689.530,689.872
689.526,689.869
689.531,689.872
689.527,689.869
689.523,689.867
689.520,689.864
689.517,689.862
689.515,689.860
689.512,689.858
689.507,689.855
689.513,689.859
689.511,689.858
689.517,689.862
689.514,689.860
689.512,689.858
689.510,689.857
689.508,689.855
689.506,689.854
689.505,689.853
689.503,689.852
689.502,689.851
689.506,689.854
689.504,689.852
689.503,689.851
689.506,689.854
689.505,689.853
689.503,689.852
689.502,689.851
689.498,689.848
689.505,689.853
689.503,689.852
689.502,689.851
689.509,689.856
689.507,689.855
689.505,689.853
689.504,689.852
689.502,689.851
689.501,689.850
689.508,689.855
689.511,689.858
689.501,689.850
689.500,689.849
689.499,689.849
689.498,689.848
689.497,689.847
689.488,689.841
689.488,689.841
689.489,689.841
689.489,689.841
689.489,689.841
689.494,689.845
689.492,689.843
689.488,689.841
689.488,689.841
689.489,689.841
689.489,689.841
689.489,689.841
689.497,689.847
689.496,689.846
689.495,689.846
689.495,689.846
689.494,689.845
689.494,689.845
689.493,689.844
689.493,689.844
689.493,689.844
689.492,689.844
689.492,689.843
689.492,689.843
689.491,689.843
689.491,689.843
689.491,689.843
689.491,689.843
689.488,689.840
689.488,689.840
689.488,689.841
689.455,689.816
689.450,689.813
689.451,689.813
689.447,689.810
689.443,689.807
689.436,689.802
689.433,689.800
689.438,689.804
689.443,689.807
689.439,689.805
689.436,689.802
689.441,689.806
689.438,689.803
689.435,689.801
689.440,689.805
689.436,689.802
689.433,689.800
689.431,689.798
689.428,689.796
689.426,689.795
689.424,689.793
689.422,689.792
689.420,689.791
689.424,689.793
689.422,689.792
689.428,689.796
689.426,689.794
689.432,689.799
689.429,689.797
689.427,689.795
689.433,689.800
689.430,689.798
689.428,689.796
689.425,689.794
689.424,689.793
689.430,689.797
689.427,689.796
689.425,689.794
689.423,689.793
689.427,689.795
689.424,689.794
689.423,689.792
689.421,689.791
689.419,689.790
689.418,689.789
689.425,689.794
689.423,689.792
689.421,689.791
689.420,689.790
689.418,689.789
689.417,689.788
689.416,689.787
689.415,689.786
689.414,689.786
689.413,689.785
689.412,689.784
689.411,689.784
689.408,689.781
689.407,689.781
689.407,689.781
689.407,689.781
689.407,689.780
689.407,689.780
689.406,689.780
689.406,689.780
689.406,689.780
689.406,689.780
689.414,689.786
689.413,689.785
689.412,689.785
689.411,689.784
689.419,689.789
689.426,689.794
689.432,689.799
689.426,689.795
689.424,689.793
689.422,689.792
689.421,689.791
689.419,689.790
689.418,689.789
689.424,689.794
689.428,689.796
689.425,689.794
689.423,689.793
689.422,689.792
689.428,689.796
689.434,689.801
689.431,689.799
689.434,689.800
689.431,689.798
689.436,689.802
689.433,689.800
689.431,689.798
689.428,689.796
689.426,689.795
689.424,689.793
689.422,689.792
689.412,689.785
689.412,689.784
689.411,689.784
689.410,689.783
689.410,689.783
689.409,689.782
689.406,689.780
689.406,689.780
689.406,689.780
689.406,689.780
689.402,689.777
689.403,689.777
689.403,689.778
689.403,689.778
689.395,689.772
689.396,689.773
689.405,689.779
689.405,689.779
689.405,689.779
689.413,689.785
689.412,689.784
689.411,689.784
689.411,689.783
689.402,689.777
689.402,689.777
689.403,689.777
689.403,689.778
689.403,689.778
689.400,689.776
689.401,689.776
689.401,689.776
689.409,689.782
689.414,689.786
689.413,689.785
689.412,689.785
689.412,689.784
689.411,689.784
689.407,689.781
689.407,689.781
689.407,689.780
689.407,689.780
689.406,689.780
689.406,689.780
689.406,689.780
689.403,689.778
689.403,689.778
689.403,689.778
689.403,689.778
689.395,689.772
689.388,689.767
689.390,689.768
689.391,689.769
689.393,689.770
689.394,689.771
689.395,689.772
689.388,689.766
689.389,689.767
689.391,689.769
689.392,689.770
689.393,689.770
689.394,689.771
689.392,689.770
689.385,689.765
689.392,689.770
689.393,689.771
689.395,689.771
689.396,689.772
689.401,689.776
689.402,689.777
689.402,689.777
689.402,689.777
689.402,689.777
689.400,689.775
689.392,689.770
689.393,689.771
689.394,689.771
689.387,689.766
689.389,689.767
689.391,689.768
689.392,689.769
689.393,689.770
689.394,689.771
689.387,689.766
689.381,689.761
689.383,689.763
689.377,689.758
689.377,689.758
689.371,689.754
689.371,689.754
689.366,689.751
689.362,689.747
689.366,689.750
689.370,689.753
689.373,689.756
689.368,689.752
689.363,689.748
689.367,689.751
689.363,689.748
689.367,689.751
689.367,689.751
689.371,689.754
689.374,689.756
689.377,689.759
689.380,689.760
689.374,689.756
689.377,689.758
689.380,689.760
689.379,689.760
689.373,689.756
689.365,689.750
689.361,689.747
689.362,689.747
689.366,689.750
689.370,689.753
689.373,689.756
689.376,689.758
689.371,689.754
689.374,689.756
689.369,689.752
689.372,689.755
689.367,689.751
689.363,689.748
689.359,689.745
689.355,689.742
689.360,689.746
689.356,689.743
689.353,689.740
689.349,689.738
689.347,689.736
689.352,689.740
689.354,689.742
689.359,689.745
689.355,689.742
689.349,689.738
689.346,689.736
689.349,689.737
689.354,689.741
689.356,689.743
689.360,689.746
689.362,689.747
689.358,689.744
689.354,689.741
689.351,689.739
689.348,689.737
689.345,689.735
689.343,689.733
689.346,689.735
689.343,689.733
689.338,689.730
689.336,689.728
689.335,689.727
689.330,689.724
689.329,689.723
689.328,689.723
689.328,689.722
689.327,689.721
689.323,689.719
689.323,689.718
689.323,689.718
689.327,689.722
689.327,689.721
689.326,689.721
689.325,689.720
689.325,689.720
689.324,689.720
689.324,689.719
689.324,689.719
689.320,689.716
689.320,689.716
689.328,689.722
689.328,689.722
689.327,689.721
689.326,689.721
689.326,689.720
689.325,689.720
689.321,689.717
689.321,689.717
689.326,689.721
689.326,689.720
689.322,689.718
689.322,689.718
689.327,689.721
689.326,689.721
689.325,689.720
689.322,689.718
689.322,689.718
689.322,689.717
689.321,689.717
689.321,689.717
689.321,689.717
689.321,689.717
689.321,689.717
689.321,689.717
689.321,689.717
689.321,689.717
689.321,689.717
689.318,689.714
689.318,689.715
689.318,689.715
689.318,689.715
689.318,689.715
689.318,689.715
689.319,689.715
689.319,689.715
689.316,689.713
689.316,689.714
689.314,689.712
689.314,689.712
689.315,689.712
689.320,689.716
689.320,689.716
689.317,689.714
689.317,689.714
689.318,689.715
689.318,689.715
689.318,689.715
689.318,689.715
689.318,689.715
689.319,689.715
689.316,689.713
689.316,689.713
689.317,689.714
689.317,689.714
689.317,689.714
689.317,689.714
689.318,689.715
689.318,689.715
689.323,689.719
689.323,689.718
689.323,689.718
689.322,689.718
689.322,689.718
689.322,689.718
689.322,689.718
689.322,689.717
689.321,689.717
689.321,689.717
689.321,689.717
689.321,689.717
689.321,689.717
689.313,689.711
689.313,689.711
689.314,689.712
689.312,689.710
689.312,689.711
689.313,689.711
689.314,689.712
689.314,689.712
689.315,689.713
689.315,689.713
689.316,689.713
689.316,689.714
689.317,689.714
689.317,689.714
689.317,689.714
689.318,689.714
689.318,689.715
689.318,689.715
689.318,689.715
689.318,689.715
689.318,689.715
689.316,689.713
689.316,689.713
689.316,689.714
689.317,689.714
689.317,689.714
689.317,689.714
689.318,689.714
689.318,689.715
689.318,689.715
689.318,689.715
689.315,689.713
689.316,689.713
689.316,689.713
689.314,689.712
689.314,689.712
689.315,689.712
689.315,689.713
689.316,689.713
689.321,689.717
689.321,689.717
689.321,689.717
689.321,689.717
689.321,689.717
689.321,689.717
689.321,689.717
689.320,689.717
689.317,689.714
689.318,689.715
689.318,689.715
689.323,689.719
689.323,689.718
689.323,689.718
689.322,689.718
689.322,689.718
689.322,689.718
689.322,689.718
689.322,689.717
689.318,689.715
689.318,689.715
689.319,689.715
689.319,689.715
689.319,689.715
689.319,689.716
689.319,689.716
689.324,689.719
689.324,689.719
689.323,689.719
689.320,689.716
689.320,689.716
689.320,689.716
689.320,689.716
689.320,689.716
689.317,689.714
689.317,689.714
689.318,689.714
689.315,689.712
689.315,689.713
689.316,689.713
689.316,689.713
689.316,689.714
689.317,689.714
689.317,689.714
689.317,689.714
689.318,689.714
689.318,689.715
689.323,689.719
689.323,689.718
689.317,689.714
689.317,689.714
689.317,689.714
689.318,689.714
689.315,689.712
689.315,689.713
689.316,689.713
689.313,689.711
689.314,689.712
689.314,689.712
689.315,689.713
689.315,689.713
689.316,689.713
689.316,689.713
689.317,689.714
689.317,689.714
689.317,689.714
689.314,689.712
689.315,689.713
689.315,689.713
689.316,689.713
689.316,689.714
689.322,689.717
689.321,689.717
689.321,689.717
689.314,689.712
689.315,689.713
689.315,689.713
689.321,689.717
689.321,689.717
689.321,689.717
689.321,689.717
689.321,689.717
689.318,689.714
689.318,689.715
689.318,689.715
689.318,689.715
689.318,689.715
689.318,689.715
689.324,689.719
689.323,689.719
689.315,689.713
689.315,689.713
689.308,689.707
689.309,689.708
689.307,689.707
689.308,689.708
689.301,689.702
689.303,689.704
689.305,689.705
689.279,689.686
689.283,689.689
689.284,689.690
689.287,689.692
689.290,689.694
689.293,689.696
689.293,689.696
689.295,689.698
689.298,689.700
689.297,689.699
689.291,689.695
689.294,689.697
689.296,689.699
689.298,689.700
689.292,689.696
689.287,689.692
689.290,689.694
689.285,689.690
689.280,689.687
689.281,689.687
689.285,689.690
689.280,689.687
689.284,689.690
689.284,689.690
689.288,689.692
689.283,689.689
689.286,689.691
689.289,689.694
689.284,689.690
689.280,689.686
689.275,689.683
689.280,689.686
689.275,689.683
689.272,689.681
689.268,689.678
689.273,689.682
689.270,689.679
689.274,689.683
689.279,689.686
689.275,689.683
689.271,689.680
689.276,689.683
689.272,689.681
689.276,689.684
689.269,689.679
689.274,689.682
689.271,689.680
689.267,689.677
689.269,689.679
689.266,689.676
689.263,689.674
689.268,689.678
689.265,689.676
689.270,689.680
689.272,689.681
689.274,689.682
689.278,689.685
689.282,689.688
689.278,689.685
689.274,689.682
689.270,689.679
689.275,689.683
689.268,689.678
689.265,689.675
689.262,689.673
689.259,689.672
689.262,689.674
689.260,689.672
689.257,689.670
689.252,689.666
689.251,689.665
689.249,689.664
689.248,689.663
689.247,689.662
689.251,689.665
689.249,689.664
689.248,689.663
689.247,689.662
689.246,689.661
689.245,689.661
689.244,689.660
689.243,689.659
689.239,689.657
689.239,689.656
689.239,689.656
689.238,689.656
689.235,689.653
689.227,689.647
689.228,689.648
689.228,689.649
689.229,689.649
689.235,689.653
689.235,689.653
689.235,689.653
689.235,689.653
689.232,689.651
689.232,689.651
689.233,689.652
689.233,689.652
689.233,689.652
689.230,689.650
689.231,689.650
689.231,689.651
689.224,689.645
689.225,689.646
689.226,689.647
689.224,689.645
689.225,689.646
689.226,689.647
689.227,689.647
689.227,689.648
689.228,689.648
689.229,689.649
689.229,689.649
689.230,689.650
689.222,689.644
689.229,689.649
689.229,689.649
689.230,689.650
689.230,689.650
689.236,689.654
689.236,689.654
689.244,689.660
689.243,689.659
689.234,689.653
689.234,689.653
689.231,689.651
689.232,689.651
689.224,689.645
689.217,689.640
689.219,689.641
689.212,689.637
689.212,689.636
689.206,689.632
689.201,689.628
689.204,689.630
689.207,689.633
689.206,689.632
689.201,689.628
689.204,689.631
689.199,689.627
689.203,689.630
689.198,689.626
689.201,689.629
689.202,689.629
689.205,689.631
689.200,689.627
689.203,689.630
689.198,689.626
689.202,689.629
689.205,689.631
689.208,689.633
689.210,689.635
689.213,689.637
689.212,689.636
689.211,689.636
689.205,689.632
689.200,689.628
689.195,689.624
689.191,689.621
689.187,689.618
689.189,689.619
689.185,689.617
689.182,689.614
689.187,689.618
689.192,689.621
689.188,689.618
689.184,689.616
689.186,689.617
689.191,689.621
689.195,689.624
689.199,689.627
689.194,689.623
689.198,689.626
689.199,689.627
689.194,689.623
689.190,689.620
689.194,689.623
689.190,689.620
689.186,689.617
689.183,689.615
689.177,689.610
689.182,689.615
689.179,689.612
689.185,689.616
689.190,689.620
689.183,689.615
689.185,689.616
689.190,689.620
689.186,689.617
689.191,689.621
689.187,689.618
689.183,689.615
689.180,689.613
689.174,689.609
689.180,689.613
689.177,689.611
689.175,689.609
689.173,689.607
689.171,689.606
689.174,689.608
689.172,689.606
689.178,689.611
689.175,689.609
689.181,689.613
689.178,689.611
689.175,689.609
689.181,689.614
689.183,689.615
689.185,689.617
689.182,689.614
689.179,689.612
689.176,689.610
689.182,689.614
689.187,689.618
689.183,689.615
689.180,689.613
689.183,689.615
689.180,689.612
689.177,689.610
689.182,689.614
689.179,689.612
689.177,689.610
689.174,689.608
689.172,689.607
689.170,689.605
689.165,689.602
689.169,689.604
689.167,689.603
689.165,689.602
689.164,689.601
689.163,689.600
689.170,689.605
689.168,689.604
689.166,689.603
689.170,689.605
689.168,689.604
689.174,689.609
689.172,689.607
689.170,689.605
689.168,689.604
689.175,689.609
689.172,689.607
689.170,689.606
689.174,689.608
689.176,689.610
689.174,689.608
689.177,689.610
689.182,689.615
689.179,689.612
689.185,689.616
689.181,689.614
689.179,689.612
689.176,689.610
689.179,689.612
689.184,689.616
689.186,689.617
689.191,689.621
689.187,689.618
689.183,689.615
689.180,689.613
689.185,689.617
689.182,689.614
689.179,689.612
689.176,689.610
689.174,689.608
689.172,689.607
689.175,689.609
689.173,689.607
689.170,689.606
689.169,689.604
689.167,689.603
689.165,689.602
689.164,689.601
689.163,689.600
689.161,689.599
689.169,689.604
689.172,689.607
689.175,689.609
689.173,689.607
689.176,689.609
689.173,689.608
689.179,689.612
689.176,689.610
689.182,689.614
689.179,689.612
689.176,689.610
689.179,689.612
689.181,689.614
689.175,689.609
689.173,689.608
689.171,689.606
689.169,689.605
689.167,689.603
689.174,689.608
689.172,689.606
689.169,689.605
689.176,689.610
689.173,689.608
689.171,689.606
689.174,689.609
689.177,689.611
689.175,689.609
689.172,689.607
689.170,689.606
689.168,689.604
689.167,689.603
689.165,689.602
689.164,689.601
689.163,689.600
689.161,689.599
689.165,689.602
689.161,689.599
689.160,689.598
689.159,689.597
689.158,689.597
689.158,689.596
689.157,689.596
689.156,689.595
689.156,689.595
689.155,689.594
689.152,689.592
689.152,689.592
689.149,689.590
689.146,689.587
689.146,689.588
689.147,689.588
689.147,689.588
689.147,689.589
689.148,689.589
689.156,689.595
689.156,689.595
689.155,689.594
689.155,689.594
689.159,689.597
689.156,689.595
689.152,689.592
689.152,689.592
689.160,689.598
689.159,689.597
689.158,689.597
689.158,689.596
689.157,689.596
689.156,689.595
689.156,689.595
689.155,689.594
689.155,689.594
689.154,689.594
689.154,689.594
689.154,689.593
689.153,689.593
689.153,689.593
689.153,689.593
689.153,689.593
689.150,689.590
689.150,689.590
689.142,689.584
689.140,689.583
689.138,689.581
689.136,689.580
689.134,689.579
689.136,689.580
689.137,689.581
689.130,689.576
689.129,689.575
689.131,689.577
689.133,689.578
689.135,689.579
689.136,689.581
689.138,689.582
689.139,689.582
689.140,689.583
689.133,689.578
689.127,689.573
689.129,689.575
689.131,689.576
689.133,689.578
689.135,689.579
689.128,689.574
689.130,689.576
689.132,689.577
689.134,689.579
689.135,689.580
689.137,689.581
689.138,689.582
689.131,689.577
689.133,689.578
689.127,689.573
689.121,689.569
689.124,689.571
689.126,689.573
689.129,689.575
689.136,689.580
689.134,689.579
689.133,689.578
689.131,689.577
689.130,689.576
689.132,689.577
689.139,689.582
689.137,689.581
689.119,689.568
689.122,689.570
689.125,689.572
689.119,689.568
689.122,689.570
689.117,689.566
689.112,689.563
689.116,689.565
689.119,689.568
689.122,689.570
689.117,689.566
689.112,689.562
689.107,689.559
689.104,689.556
689.100,689.554
689.097,689.551
689.094,689.549
689.088,689.545
689.083,689.541
689.081,689.540
689.080,689.539
689.079,689.538
689.085,689.543
689.084,689.541
689.082,689.540
689.093,689.548
689.098,689.552
689.100,689.554
689.097,689.551
689.099,689.553
689.093,689.548
689.096,689.550
689.098,689.552
689.095,689.550
689.092,689.548
689.089,689.546
689.087,689.544
689.085,689.543
689.083,689.541
689.082,689.540
689.080,689.539
689.079,689.538
689.086,689.543
689.084,689.542
689.079,689.538
689.075,689.535
689.074,689.534
689.073,689.534
689.073,689.533
689.072,689.533
689.071,689.532
689.071,689.532
689.070,689.532
689.075,689.535
689.071,689.532
689.068,689.530
689.068,689.530
689.067,689.529
689.067,689.529
689.067,689.529
689.067,689.529
689.067,689.529
689.067,689.529
689.067,689.529
689.072,689.533
689.076,689.536
689.080,689.539
689.084,689.542
689.082,689.541
689.073,689.533
689.072,689.533
689.071,689.532
689.071,689.532
689.070,689.532
689.067,689.529
689.064,689.527
689.061,689.525
689.062,689.525
689.062,689.526
689.062,689.526
689.055,689.520
689.056,689.521
689.057,689.522
689.055,689.520
689.053,689.519
689.054,689.520
689.055,689.520
689.056,689.521
689.057,689.522
689.058,689.523
689.059,689.523
689.059,689.524
689.065,689.528
689.070,689.532
689.062,689.525
689.062,689.526
689.062,689.526
689.055,689.520
689.056,689.521
689.049,689.516
689.047,689.515
689.046,689.514
689.048,689.515
689.050,689.516
689.051,689.518
689.053,689.519
689.054,689.520
689.052,689.518
689.050,689.517
689.049,689.516
689.051,689.517
689.044,689.512
689.046,689.514
689.045,689.513
689.044,689.512
689.046,689.514
689.040,689.509
689.034,689.505
689.037,689.507
689.040,689.509
689.040,689.509
689.039,689.509
689.039,689.508
689.041,689.510
689.044,689.512
689.046,689.513
689.048,689.515
689.049,689.516
689.056,689.521
689.054,689.520
689.055,689.520
689.056,689.521
689.057,689.522
689.058,689.523
689.059,689.523
689.051,689.518
689.050,689.516
689.048,689.515
689.047,689.514
689.046,689.514
689.048,689.515
689.049,689.516
689.051,689.517
689.052,689.518
689.054,689.519
689.052,689.518
689.050,689.517
689.049,689.516
689.050,689.517
689.052,689.518
689.045,689.513
689.047,689.515
689.041,689.510
689.040,689.509
689.040,689.509
689.039,689.509
689.034,689.505
689.029,689.501
689.032,689.504
689.027,689.500
689.028,689.500
689.024,689.497
689.020,689.494
689.016,689.491
689.021,689.495
689.025,689.498
689.026,689.499
689.030,689.502
689.025,689.498
689.021,689.495
689.017,689.492
689.027,689.499
689.028,689.500
689.028,689.501
689.032,689.503
689.035,689.506
689.030,689.502
689.030,689.502
689.026,689.499
689.022,689.496
689.018,689.493
689.022,689.496
689.023,689.497
689.025,689.498
689.020,689.495
689.017,689.492
689.013,689.490
689.010,689.487
689.013,689.489
689.018,689.493
689.014,689.490
689.019,689.494
689.016,689.491
689.017,689.492
689.019,689.494
689.023,689.497
689.019,689.494
689.024,689.497
689.020,689.494
689.021,689.495
689.014,689.490
689.011,689.488
689.008,689.486
689.014,689.490
689.008,689.485
689.013,689.490
689.010,689.487
689.008,689.485
689.013,689.489
689.015,689.491
689.012,689.488
689.017,689.492
689.014,689.490
689.008,689.485
689.005,689.483
689.003,689.482
689.009,689.486
689.014,689.490
689.016,689.492
689.021,689.495
689.017,689.492
689.014,689.490
689.016,689.491
689.010,689.487
689.007,689.485
689.012,689.489
689.009,689.487
689.004,689.482
689.002,689.481
689.000,689.479
688.998,689.478
689.001,689.481
689.005,689.483
689.002,689.481
689.008,689.486
689.014,689.490
689.008,689.485
689.005,689.484
689.003,689.482
689.001,689.480
688.996,689.477
688.992,689.474
688.999,689.479
688.997,689.478
688.996,689.476
688.999,689.479
688.998,689.478
688.996,689.477
688.995,689.476
689.001,689.481
689.005,689.483
689.010,689.487
689.008,689.485
689.013,689.489
689.007,689.485
689.005,689.483
689.003,689.481
689.009,689.486
689.003,689.482
688.998,689.478
689.004,689.483
689.002,689.481
689.005,689.484
689.000,689.480
688.998,689.478
688.997,689.477
688.995,689.476
688.999,689.479
689.005,689.484
689.003,689.482
689.009,689.486
689.003,689.482
689.006,689.484
689.012,689.489
689.009,689.486
689.007,689.484
689.001,689.480
688.999,689.479
688.998,689.478
689.004,689.483
688.999,689.479
689.005,689.484
689.003,689.482
689.001,689.480
689.004,689.483
689.002,689.481
688.992,689.474
688.988,689.471
688.987,689.470
688.987,689.470
688.986,689.469
688.983,689.467
688.975,689.461
688.975,689.461
688.981,689.465
688.986,689.469
688.986,689.469
688.985,689.469
688.982,689.466
688.982,689.466
688.982,689.466
688.982,689.466
688.979,689.464
688.971,689.458
688.972,689.459
688.973,689.459
688.979,689.464
688.979,689.464
688.979,689.464
688.971,689.458
688.972,689.459
688.973,689.460
688.974,689.460
688.972,689.459
688.973,689.459
688.973,689.460
688.974,689.461
688.972,689.459
688.973,689.460
688.974,689.460
688.971,689.459
688.972,689.459
688.965,689.454
688.967,689.455
688.973,689.460
688.974,689.460
688.975,689.461
688.972,689.459
688.965,689.454
688.967,689.455
688.965,689.454
688.967,689.455
688.968,689.456
688.969,689.457
688.967,689.456
688.969,689.457
688.962,689.451
688.961,689.451
688.955,689.446
688.957,689.448
688.957,689.447
688.951,689.443
688.946,689.439
688.954,689.446
688.954,689.445
688.956,689.447
688.951,689.443
688.959,689.449
688.953,689.445
688.956,689.447
688.958,689.449
688.957,689.448
688.960,689.450
688.962,689.451
688.961,689.450
688.962,689.452
688.964,689.453
688.971,689.458
688.972,689.459
688.973,689.460
688.966,689.454
688.964,689.453
688.966,689.454
688.967,689.455
688.966,689.454
688.967,689.455
688.968,689.456
688.962,689.451
688.964,689.453
688.957,689.448
688.956,689.447
688.959,689.449
688.961,689.451
688.963,689.452
688.962,689.451
688.964,689.453
688.965,689.454
688.964,689.453
688.966,689.454
688.967,689.455
688.965,689.454
688.959,689.449
688.961,689.451
688.963,689.452
688.962,689.451
688.964,689.453
688.965,689.454
688.964,689.453
688.966,689.454
688.967,689.455
688.965,689.454
688.967,689.455
688.968,689.456
688.967,689.455
688.968,689.456
688.969,689.457
688.970,689.458
688.963,689.453
688.965,689.454
688.967,689.455
688.965,689.454
688.964,689.453
688.957,689.448
688.949,689.442
688.944,689.438
688.939,689.435
688.935,689.432
688.937,689.433
688.941,689.436
688.945,689.439
688.945,689.439
688.949,689.442
688.944,689.438
688.944,689.438
688.948,689.441
688.951,689.443
688.954,689.446
688.954,689.445
688.948,689.441
688.948,689.441
688.948,689.442
688.952,689.444
688.954,689.446
688.954,689.446
688.957,689.448
688.955,689.446
688.958,689.448
688.960,689.450
688.967,689.455
688.960,689.450
688.959,689.450
688.961,689.451
688.963,689.452
688.957,689.448
688.956,689.447
688.951,689.443
688.945,689.439
688.946,689.440
688.949,689.442
688.949,689.442
688.952,689.444
688.955,689.446
688.950,689.442
688.950,689.442
688.953,689.445
688.947,689.441
688.948,689.441
688.951,689.443
688.946,689.439
688.946,689.440
688.929,689.427
688.926,689.425
688.923,689.423
688.920,689.421
688.918,689.419
688.921,689.421
688.919,689.420
688.917,689.418
688.915,689.417
688.913,689.415
688.909,689.412
688.908,689.411
688.904,689.408
688.903,689.408
688.902,689.407
688.899,689.405
688.899,689.405
688.898,689.405
688.898,689.404
688.898,689.404
688.898,689.404
688.898,689.404
688.903,689.408
688.910,689.413
688.917,689.418
688.888,689.397
688.886,689.395
688.887,689.396
688.888,689.397
688.897,689.403
688.897,689.403
688.897,689.403
688.897,689.403
688.894,689.401
688.894,689.401
688.899,689.405
688.899,689.405
688.899,689.405
688.899,689.405
688.898,689.405
688.895,689.402
688.896,689.402
688.896,689.402
688.893,689.400
688.893,689.401
688.891,689.399
688.891,689.399
688.889,689.397
688.889,689.398
688.890,689.398
688.888,689.397
688.881,689.391
688.887,689.396
688.896,689.403
688.904,689.409
688.904,689.408
688.903,689.408
688.907,689.411
688.906,689.410
688.905,689.410
688.910,689.413
688.909,689.412
688.907,689.411
688.914,689.416
688.913,689.415
688.908,689.412
688.907,689.411
688.903,689.408
688.903,689.408
688.902,689.407
688.907,689.411
688.906,689.410
688.902,689.407
688.901,689.407
688.906,689.410
688.905,689.409
688.912,689.415
688.908,689.412
688.915,689.417
688.910,689.413
688.909,689.412
688.908,689.411
688.907,689.411
688.906,689.410
688.902,689.407
688.901,689.407
688.906,689.410
688.905,689.409
688.912,689.415
688.911,689.414
688.910,689.413
688.913,689.416
688.912,689.414
688.910,689.413
688.906,689.410
688.905,689.409
688.909,689.413
688.908,689.412
688.907,689.411
688.906,689.410
688.897,689.404
688.894,689.401
688.894,689.402
688.892,689.400
688.892,689.400
688.898,689.404
688.898,689.404
688.895,689.402
688.895,689.402
688.887,689.396
688.885,689.394
688.886,689.395
688.884,689.394
688.885,689.395
688.883,689.393
688.885,689.394
688.886,689.395
688.884,689.394
688.885,689.395
688.891,689.399
688.892,689.400
688.889,689.398
688.890,689.398
688.891,689.399
688.888,689.397
688.889,689.398
688.887,689.396
688.880,689.391
688.878,689.390
688.880,689.391
688.879,689.390
688.880,689.391
688.879,689.390
688.873,689.385
688.872,689.385
688.866,689.381
688.861,689.377
688.864,689.379
688.865,689.379
688.868,689.382
688.870,689.384
688.865,689.380
688.860,689.376
688.855,689.373
688.859,689.375
688.860,689.376
688.863,689.379
688.864,689.379
688.867,689.381
688.867,689.381
688.869,689.383
688.872,689.385
688.874,689.387
688.876,689.388
688.875,689.387
688.877,689.389
688.876,689.388
688.878,689.390
688.877,689.389
688.879,689.390
688.881,689.391
688.879,689.390
688.881,689.392
688.882,689.393
688.884,689.394
688.882,689.392
688.883,689.393
688.882,689.392
688.883,689.393
688.882,689.392
688.883,689.393
688.884,689.394
688.885,689.395
688.878,689.390
688.872,689.385
688.866,689.381
688.861,689.377
688.865,689.379
688.865,689.380
688.868,689.382
688.868,689.382
688.870,689.384
688.870,689.383
688.864,689.379
688.865,689.379
688.868,689.382
688.862,689.378
688.857,689.374
688.858,689.375
688.862,689.378
688.862,689.378
688.866,689.380
688.866,689.380
688.869,689.382
688.863,689.378
688.858,689.375
688.854,689.372
688.858,689.375
688.859,689.375
688.862,689.378
688.855,689.372
688.851,689.369
688.852,689.370
688.848,689.367
688.853,689.371
688.849,689.368
688.851,689.369
688.847,689.366
688.841,689.362
688.846,689.366
688.848,689.367
688.844,689.365
688.846,689.366
688.843,689.364
688.845,689.365
688.850,689.369
688.852,689.370
688.856,689.373
688.852,689.370
688.856,689.373
688.860,689.376
688.855,689.373
688.856,689.373
688.860,689.376
688.861,689.377
688.856,689.373
688.857,689.374
688.861,689.377
688.861,689.377
688.865,689.379
688.865,689.380
688.860,689.376
688.860,689.376
688.856,689.373
688.849,689.368
688.845,689.365
688.839,689.361
688.844,689.365
688.846,689.366
688.843,689.364
688.837,689.359
688.835,689.358
688.841,689.362
688.846,689.366
688.843,689.363
688.840,689.361
688.842,689.363
688.839,689.361
688.845,689.365
688.850,689.369
688.851,689.370
688.856,689.373
688.857,689.374
688.852,689.370
688.849,689.368
688.845,689.365
688.842,689.363
688.844,689.364
688.841,689.362
688.843,689.364
688.840,689.362
688.843,689.363
688.840,689.361
688.834,689.357
688.832,689.355
688.835,689.358
688.833,689.356
688.836,689.359
688.834,689.357
688.837,689.359
688.835,689.357
688.830,689.354
688.828,689.352
688.831,689.355
688.830,689.354
688.833,689.356
688.831,689.355
688.826,689.351
688.833,689.356
688.836,689.358
688.834,689.357
688.832,689.355
688.827,689.352
688.826,689.351
688.829,689.353
688.828,689.352
688.823,689.349
688.822,689.348
688.821,689.347
688.820,689.347
688.820,689.346
688.816,689.343
688.815,689.343
688.820,689.347
688.828,689.352
688.831,689.355
688.837,689.359
688.835,689.358
688.833,689.356
688.831,689.354
688.834,689.357
688.832,689.355
688.827,689.352
688.826,689.351
688.830,689.354
688.825,689.350
688.824,689.349
688.820,689.346
688.819,689.346
688.823,689.349
688.822,689.348
688.821,689.347
688.828,689.353
688.827,689.352
688.831,689.354
688.829,689.353
688.832,689.356
688.830,689.354
688.826,689.351
688.824,689.350
688.823,689.349
688.819,689.346
688.819,689.345
688.815,689.343
688.815,689.343
688.820,689.346
688.819,689.346
688.818,689.345
688.815,689.343
688.814,689.342
688.819,689.346
688.819,689.345
688.818,689.345
688.826,689.351
688.832,689.356
688.830,689.354
688.829,689.353
688.824,689.349
688.823,689.349
688.827,689.352
688.826,689.351
688.824,689.350
688.823,689.349
688.822,689.348
688.826,689.351
688.825,689.350
688.829,689.353
688.827,689.352
688.826,689.351
688.824,689.350
688.823,689.349
688.827,689.352
688.826,689.351
688.830,689.354
688.828,689.352
688.826,689.351
688.822,689.348
688.821,689.347
688.825,689.350
688.824,689.350
688.823,689.349
688.819,689.346
688.818,689.345
688.818,689.345
688.814,689.342
688.814,689.342
688.811,689.340
688.811,689.340
688.811,689.340
688.811,689.340
688.811,689.340
688.808,689.338
688.809,689.338
688.814,689.342
688.814,689.342
688.814,689.342
688.822,689.348
688.821,689.347
688.825,689.350
688.824,689.349
688.823,689.349
688.819,689.346
688.818,689.345
688.823,689.348
688.822,689.348
688.818,689.345
688.817,689.344
688.814,689.342
688.811,689.340
688.811,689.340
688.816,689.344
688.808,689.337
688.808,689.338
688.808,689.338
688.809,689.338
688.806,689.336
688.807,689.337
688.804,689.335
688.805,689.335
688.806,689.336
688.806,689.336
688.799,689.331
688.797,689.330
688.799,689.331
688.797,689.329
688.798,689.330
688.800,689.331
688.798,689.330
688.799,689.331
688.806,689.336
688.806,689.336
688.807,689.337
688.804,689.335
688.797,689.329
688.795,689.328
688.797,689.329
688.798,689.331
688.800,689.331
688.801,689.332
688.799,689.331
688.800,689.332
688.806,689.336
688.804,689.335
688.805,689.335
688.802,689.334
688.803,689.334
688.804,689.335
688.802,689.333
688.803,689.334
688.801,689.332
688.807,689.337
688.799,689.331
688.798,689.330
688.799,689.331
688.800,689.332
688.798,689.331
688.800,689.332
688.801,689.332
688.807,689.337
688.808,689.337
688.808,689.338
688.805,689.336
688.798,689.330
688.796,689.329
688.798,689.330
688.799,689.331
688.800,689.332
688.802,689.333
688.800,689.331
688.801,689.332
688.802,689.333
688.803,689.334
688.796,689.328
688.794,689.327
688.796,689.329
688.789,689.324
688.781,689.317
688.776,689.314
688.779,689.316
688.779,689.316
688.782,689.319
688.782,689.319
688.785,689.321
688.788,689.323
688.795,689.328
688.797,689.329
688.798,689.330
688.799,689.331
688.793,689.326
688.792,689.325
688.793,689.327
688.795,689.328
688.802,689.333
688.803,689.334
688.809,689.338
688.809,689.339
688.809,689.339
688.815,689.343
688.815,689.342
688.819,689.346
688.811,689.340
688.811,689.340
688.808,689.338
688.808,689.338
688.806,689.336
688.806,689.336
688.807,689.337
688.805,689.335
688.805,689.336
688.798,689.330
688.796,689.329
688.798,689.330
688.799,689.331
688.797,689.330
688.791,689.325
688.793,689.326
688.800,689.332
688.793,689.326
688.795,689.328
688.793,689.327
688.767,689.308
688.761,689.303
688.765,689.306
688.762,689.303
688.756,689.299
688.761,689.303
688.766,689.306
688.767,689.308
688.764,689.305
688.768,689.308
688.769,689.309
688.773,689.312
688.777,689.315
688.777,689.315
688.781,689.317
688.776,689.314
688.771,689.310
688.772,689.311
688.776,689.314
688.771,689.310
688.772,689.311
688.768,689.308
688.772,689.311
688.765,689.306
688.761,689.303
688.777,689.315
688.773,689.311
688.776,689.314
688.769,689.309
688.765,689.306
688.761,689.303
688.758,689.301
688.760,689.302
688.757,689.300
688.762,689.304
688.756,689.299
688.753,689.297
688.751,689.295
688.746,689.292
688.749,689.294
688.747,689.293
688.742,689.289
688.738,689.286
688.737,689.285
688.736,689.284
688.740,689.288
688.739,689.287
688.738,689.286
688.737,689.285
688.741,689.288
688.754,689.298
688.752,689.296
688.749,689.294
688.744,689.290
688.743,689.289
688.741,689.288
688.737,689.285
688.733,689.282
688.733,689.282
688.732,689.282
688.737,689.285
688.736,689.284
688.735,689.284
688.734,689.283
688.731,689.280
688.730,689.280
688.730,689.280
688.735,689.284
688.731,689.281
688.731,689.281
688.731,689.280
688.727,689.278
688.724,689.276
688.725,689.276
688.725,689.276
688.738,689.286
688.734,689.283
688.738,689.286
688.737,689.285
688.745,689.291
688.740,689.287
688.739,689.286
688.738,689.286
688.729,689.279
688.726,689.277
688.723,689.275
688.723,689.275
688.724,689.275
688.724,689.275
688.721,689.274
688.722,689.274
688.722,689.274
688.723,689.275
688.720,689.273
688.726,689.277
688.726,689.277
688.726,689.277
688.724,689.275
688.729,689.279
688.729,689.279
688.721,689.273
688.721,689.274
688.719,689.272
688.717,689.270
688.718,689.271
688.719,689.272
688.717,689.270
688.715,689.269
688.716,689.270
688.717,689.270
688.715,689.269
688.716,689.270
688.717,689.271
688.723,689.275
688.732,689.281
688.731,689.281
688.731,689.281
688.728,689.278
688.728,689.278
688.728,689.278
688.725,689.276
688.725,689.276
688.725,689.276
688.717,689.271
688.715,689.269
688.717,689.270
688.718,689.271
688.719,689.271
688.716,689.270
688.723,689.274
688.723,689.275
688.723,689.275
688.721,689.273
688.719,689.271
688.719,689.272
688.720,689.273
688.713,689.267
688.711,689.266
688.713,689.267
688.714,689.268
688.707,689.263
688.706,689.262
688.705,689.262
688.708,689.263
688.709,689.265
688.711,689.266
688.710,689.265
688.709,689.264
688.710,689.265
688.712,689.267
688.713,689.268
688.704,689.261
688.703,689.260
688.705,689.262
688.707,689.263
688.701,689.259
688.701,689.258
688.701,689.258
688.695,689.254
688.690,689.250
688.685,689.247
688.689,689.250
688.690,689.250
688.694,689.253
688.689,689.249
688.684,689.246
688.686,689.247
688.687,689.248
688.690,689.251
688.694,689.253
688.697,689.256
688.697,689.256
688.697,689.256
688.692,689.252
688.695,689.254
688.695,689.254
688.695,689.254
688.696,689.255
688.699,689.257
688.701,689.259
688.696,689.255
688.696,689.255
688.696,689.255
688.699,689.257
688.702,689.259
688.696,689.255
688.696,689.255
688.696,689.255
688.691,689.251
688.687,689.248
688.682,689.245
688.687,689.248
688.688,689.249
688.688,689.249
688.684,689.246
688.688,689.249
688.684,689.246
688.685,689.247
688.686,689.248
688.690,689.250
688.686,689.247
688.690,689.250
688.693,689.253
688.694,689.253
688.694,689.253
688.697,689.256
688.692,689.252
688.684,689.246
688.685,689.247
688.681,689.244
688.686,689.247
688.690,689.250
688.690,689.251
688.691,689.251
688.695,689.254
688.690,689.250
688.693,689.253
688.688,689.249
688.689,689.250
688.690,689.250
688.691,689.251
688.686,689.247
688.682,689.244
688.678,689.242
688.672,689.237
688.674,689.239
688.676,689.240
688.673,689.238
688.670,689.236
688.668,689.234
688.670,689.236
688.673,689.238
688.670,689.236
688.675,689.240
688.680,689.243
688.682,689.244
688.683,689.245
688.680,689.243
688.684,689.246
688.680,689.243
688.685,689.246
688.686,689.247
688.690,689.250
688.693,689.253
688.697,689.255
688.689,689.249
688.689,689.250
688.690,689.250
688.686,689.247
688.682,689.244
688.686,689.247
688.687,689.248
688.688,689.249
688.689,689.249
688.684,689.246
688.680,689.243
688.682,689.244
688.683,689.245
688.688,689.249
688.683,689.245
688.687,689.248
688.683,689.245
688.684,689.246
688.686,689.247
688.690,689.250
688.685,689.247
688.681,689.244
688.685,689.247
688.687,689.248
688.688,689.249
688.680,689.243
688.685,689.247
688.689,689.250
688.693,689.252
688.693,689.253
688.693,689.253
688.689,689.249
688.692,689.252
688.696,689.254
688.691,689.251
688.683,689.245
688.684,689.246
688.680,689.243
688.677,689.241
688.674,689.238
688.671,689.236
688.673,689.238
688.675,689.240
688.672,689.237
688.678,689.241
688.682,689.245
688.679,689.242
688.680,689.243
688.682,689.244
688.683,689.245
688.687,689.248
688.683,689.245
688.687,689.248
688.688,689.249
688.692,689.252
688.687,689.248
688.691,689.251
688.692,689.252
688.684,689.246
688.677,689.241
688.682,689.244
688.678,689.242
688.683,689.245
688.684,689.246
688.685,689.247
688.681,689.244
688.686,689.247
688.682,689.244
688.686,689.247
688.687,689.248
688.688,689.249
688.689,689.249
688.684,689.246
688.689,689.249
688.692,689.252
688.693,689.252
688.693,689.253
688.696,689.255
688.699,689.257
688.702,689.259
688.704,689.261
688.704,689.260
688.703,689.260
688.694,689.254
688.697,689.256
688.692,689.252
688.696,689.254
688.699,689.257
688.698,689.257
688.698,689.256
688.690,689.250
688.694,689.253
688.689,689.249
688.692,689.252
688.688,689.249
688.691,689.251
688.684,689.246
688.685,689.247
688.678,689.242
688.675,689.239
688.680,689.243
688.676,689.240
688.673,689.238
688.675,689.240
688.669,689.235
688.672,689.237
688.674,689.239
688.671,689.237
688.669,689.235
688.666,689.233
688.661,689.229
688.656,689.226
688.652,689.222
688.659,689.228
688.658,689.227
688.656,689.225
688.655,689.225
688.659,689.227
688.663,689.230
688.658,689.227
688.654,689.223
688.652,689.223
688.652,689.222
688.651,689.221
688.658,689.227
688.662,689.229
688.665,689.232
688.660,689.228
688.658,689.227
688.665,689.232
688.671,689.236
688.668,689.234
688.671,689.236
688.665,689.232
688.668,689.234
688.674,689.238
688.679,689.242
688.675,689.240
688.669,689.235
688.672,689.237
688.674,689.239
688.671,689.237
688.669,689.235
688.666,689.233
688.664,689.231
688.662,689.230
688.665,689.232
688.668,689.234
688.671,689.236
688.668,689.234
688.674,689.238
688.679,689.242
688.681,689.243
688.682,689.245
688.684,689.246
688.680,689.243
688.684,689.246
688.680,689.243
688.685,689.246
688.686,689.247
688.687,689.248
688.680,689.243
688.684,689.246
688.680,689.243
688.685,689.247
688.681,689.244
688.682,689.245
688.684,689.246
688.677,689.241
688.674,689.238
688.679,689.242
688.683,689.246
688.680,689.243
688.681,689.244
688.683,689.245
688.679,689.242
688.675,689.240
688.672,689.237
688.667,689.233
688.669,689.235
688.672,689.237
688.669,689.235
688.675,689.239
688.680,689.243
688.681,689.244
688.683,689.245
688.679,689.242
688.676,689.240
688.672,689.237
688.670,689.235
688.672,689.237
688.674,689.239
688.671,689.237
688.677,689.241
688.674,689.238
688.679,689.242
688.680,689.243
688.674,689.238
688.676,689.240
688.681,689.244
688.685,689.247
688.689,689.250
688.685,689.247
688.681,689.244
688.682,689.245
688.684,689.246
688.677,689.241
688.674,689.238
688.679,689.242
688.683,689.246
688.680,689.243
688.676,689.240
688.670,689.236
688.673,689.237
688.667,689.233
688.670,689.235
688.667,689.233
688.665,689.232
688.663,689.230
688.661,689.229
688.664,689.231
688.659,689.228
688.663,689.230
688.661,689.229
688.659,689.228
688.658,689.226
688.656,689.225
688.660,689.228
688.656,689.225
688.651,689.222
688.648,689.219
688.647,689.219
688.647,689.218
688.646,689.218
688.646,689.218
688.651,689.221
688.655,689.225
688.654,689.224
688.653,689.223
688.652,689.222
688.651,689.222
688.650,689.221
688.650,689.220
688.649,689.220
688.654,689.223
688.650,689.220
688.646,689.218
688.651,689.221
688.650,689.221
688.649,689.220
688.649,689.220
688.648,689.219
688.648,689.219
688.644,689.217
688.649,689.220
688.635,689.210
688.636,689.210
688.637,689.211
688.629,689.205
688.628,689.204
688.634,689.209
688.632,689.208
688.638,689.212
688.639,689.212
688.639,689.213
688.639,689.213
688.640,689.213
688.640,689.213
688.640,689.214
688.638,689.212
688.635,689.210
688.641,689.214
688.646,689.218
688.646,689.218
688.654,689.224
688.653,689.223
688.652,689.222
688.651,689.221
688.650,689.221
688.646,689.218
688.620,689.198
688.619,689.198
688.618,689.197
688.621,689.199
688.615,689.195
688.617,689.197
688.620,689.198
688.622,689.200
688.624,689.202
688.626,689.203
688.627,689.204
688.629,689.205
688.635,689.210
688.633,689.208
688.631,689.207
688.629,689.205
688.631,689.206
688.632,689.207
688.633,689.208
688.634,689.209
688.635,689.209
688.627,689.204
688.629,689.205
688.630,689.206
688.631,689.207
688.621,689.199
688.615,689.195
688.609,689.191
688.613,689.193
688.615,689.195
688.618,689.197
688.617,689.197
688.617,689.196
688.617,689.196
688.616,689.196
688.616,689.195
688.615,689.195
688.615,689.195
688.615,689.195
688.609,689.191
688.613,689.193
688.616,689.195
688.618,689.197
688.612,689.193
688.607,689.189
688.611,689.192
688.614,689.194
688.608,689.190
688.604,689.186
688.607,689.189
688.605,689.187
688.600,689.184
688.604,689.187
688.608,689.190
688.611,689.192
688.606,689.189
688.610,689.191
688.613,689.193
688.616,689.195
688.610,689.191
688.613,689.194
688.608,689.190
688.603,689.186
688.599,689.183
688.603,689.186
688.604,689.187
688.605,689.187
688.606,689.188
688.606,689.188
688.607,689.189
688.607,689.189
688.608,689.190
688.608,689.190
688.609,689.190
688.609,689.190
688.609,689.191
688.610,689.191
688.610,689.191
688.610,689.191
688.602,689.185
688.603,689.186
688.604,689.187
688.605,689.187
688.606,689.188
688.606,689.188
688.602,689.185
688.603,689.186
688.598,689.183
688.595,689.180
688.591,689.177
688.596,689.181
688.600,689.184
688.596,689.181
688.593,689.178
688.589,689.176
688.586,689.174
688.592,689.178
688.597,689.181
688.593,689.179
688.590,689.176
688.587,689.174
688.584,689.172
688.590,689.176
688.587,689.174
688.584,689.172
688.581,689.170
688.579,689.168
688.585,689.173
688.591,689.177
688.596,689.181
688.592,689.178
688.589,689.176
688.594,689.179
688.599,689.183
688.603,689.186
688.607,689.189
688.610,689.191
688.613,689.194
688.608,689.190
688.603,689.186
688.599,689.183
688.600,689.184
688.596,689.181
688.598,689.182
688.591,689.177
688.588,689.175
688.590,689.177
688.587,689.174
688.592,689.178
688.589,689.176
688.594,689.180
688.596,689.181
688.592,689.178
688.594,689.180
688.588,689.175
688.582,689.171
688.580,689.169
688.586,689.173
688.591,689.177
688.588,689.175
688.585,689.173
688.591,689.177
688.588,689.175
688.593,689.179
688.590,689.176
688.587,689.174
688.584,689.172
688.581,689.170
688.579,689.168
688.577,689.167
688.575,689.166
688.582,689.170
688.588,689.175
688.593,689.179
688.590,689.176
688.587,689.174
688.592,689.178
688.597,689.181
688.593,689.179
688.590,689.176
688.587,689.174
688.584,689.172
688.582,689.170
688.579,689.168
688.577,689.167
688.575,689.166
688.574,689.164
688.572,689.163
688.571,689.162
688.570,689.161
688.569,689.161
688.568,689.160
688.567,689.159
688.566,689.159
688.565,689.158
688.565,689.158
688.564,689.157
688.571,689.163
688.578,689.168
688.576,689.166
688.583,689.171
688.588,689.175
688.585,689.173
688.583,689.171
688.580,689.169
688.575,689.166
688.579,689.168
688.582,689.171
688.585,689.173
688.588,689.175
688.582,689.170
688.577,689.167
688.583,689.171
688.589,689.175
688.586,689.173
688.583,689.171
688.581,689.170
688.587,689.174
688.584,689.172
688.590,689.176
688.587,689.174
688.584,689.172
688.581,689.170
688.587,689.174
688.585,689.172
688.582,689.170
688.585,689.173
688.579,689.169
688.583,689.171
688.585,689.173
688.580,689.169
688.575,689.165
688.578,689.168
688.574,689.164
688.569,689.161
688.573,689.164
688.577,689.167
688.572,689.163
688.576,689.166
688.572,689.163
688.575,689.166
688.571,689.162
688.578,689.167
688.576,689.166
688.582,689.171
688.588,689.175
688.585,689.173
688.583,689.171
688.588,689.175
688.585,689.173
688.591,689.177
688.588,689.175
688.585,689.173
688.582,689.171
688.580,689.169
688.586,689.173
688.591,689.177
688.588,689.175
688.582,689.171
688.580,689.169
688.583,689.171
688.578,689.167
688.573,689.164
688.577,689.167
688.572,689.163
688.576,689.166
688.579,689.169
688.583,689.171
688.585,689.173
688.588,689.175
688.590,689.177
688.592,689.178
688.594,689.180
688.588,689.175
688.590,689.177
688.592,689.178
688.586,689.174
688.589,689.175
688.586,689.173
688.583,689.171
688.581,689.170
688.587,689.174
688.584,689.172
688.581,689.170
688.579,689.168
688.577,689.167
688.575,689.166
688.574,689.164
688.569,689.161
688.565,689.158
688.562,689.156
688.559,689.153
688.564,689.157
688.560,689.154
688.557,689.152
688.554,689.150
688.555,689.150
688.555,689.151
688.555,689.151
688.556,689.151
688.556,689.151
688.556,689.151
688.564,689.157
688.564,689.157
688.563,689.157
688.563,689.156
688.562,689.156
688.562,689.156
688.562,689.155
688.561,689.155
688.561,689.155
688.561,689.155
688.568,689.160
688.568,689.160
688.572,689.163
688.576,689.166
688.571,689.162
688.567,689.159
688.571,689.163
688.567,689.159
688.574,689.165
688.573,689.164
688.571,689.163
688.570,689.162
688.569,689.161
688.568,689.160
688.567,689.159
688.566,689.159
688.562,689.156
688.559,689.154
688.556,689.151
688.562,689.155
688.558,689.153
688.563,689.157
688.568,689.160
688.564,689.157
688.561,689.155
688.561,689.155
688.560,689.154
688.560,689.154
688.560,689.154
688.560,689.154
688.560,689.154
688.559,689.154
688.559,689.154
688.556,689.151
688.554,689.150
688.559,689.154
688.556,689.151
688.554,689.149
688.551,689.148
688.549,689.146
688.550,689.147
688.551,689.147
688.551,689.148
688.552,689.148
688.553,689.149
688.553,689.149
688.554,689.149
688.554,689.150
688.560,689.154
688.557,689.152
688.554,689.150
688.559,689.154
688.556,689.152
688.554,689.150
688.559,689.154
688.559,689.154
688.559,689.153
688.559,689.153
688.559,689.153
688.567,689.159
688.566,689.159
688.573,689.164
688.577,689.167
688.580,689.169
688.575,689.166
688.571,689.162
688.567,689.159
688.571,689.162
688.567,689.159
688.571,689.163
688.567,689.159
688.571,689.163
688.570,689.162
688.561,689.155
688.561,689.155
688.560,689.155
688.560,689.154
688.560,689.154
688.560,689.154
688.557,689.152
688.562,689.156
688.567,689.159
688.563,689.156
688.560,689.154
688.549,689.146
688.550,689.146
688.550,689.147
688.551,689.148
688.552,689.148
688.552,689.149
688.545,689.143
688.546,689.144
688.547,689.145
688.553,689.149
688.551,689.148
688.549,689.146
688.555,689.150
688.552,689.149
688.550,689.147
688.551,689.147
688.551,689.148
688.552,689.148
688.553,689.149
688.553,689.149
688.554,689.150
688.551,689.148
688.549,689.146
688.547,689.145
688.553,689.149
688.551,689.147
688.543,689.142
688.545,689.143
688.538,689.138
688.540,689.139
688.542,689.141
688.543,689.142
688.542,689.141
688.540,689.140
688.539,689.139
688.541,689.140
688.535,689.135
688.537,689.137
688.539,689.139
688.541,689.140
688.542,689.141
688.533,689.134
688.532,689.134
688.532,689.134
688.532,689.133
688.531,689.133
688.531,689.133
688.534,689.135
688.536,689.136
688.538,689.138
688.540,689.139
688.542,689.141
688.535,689.136
688.534,689.135
688.534,689.135
688.533,689.134
688.533,689.134
688.535,689.136
688.537,689.137
688.539,689.139
688.541,689.140
688.540,689.139
688.539,689.138
688.538,689.138
688.537,689.137
688.536,689.136
688.530,689.132
688.533,689.134
688.535,689.136
688.537,689.137
688.539,689.139
688.541,689.140
688.548,689.145
688.554,689.150
688.551,689.148
688.549,689.146
688.542,689.141
688.543,689.142
688.545,689.143
688.546,689.144
688.547,689.145
688.548,689.146
688.546,689.144
688.545,689.143
688.543,689.142
688.542,689.141
688.540,689.140
688.539,689.139
688.538,689.138
688.540,689.139
688.542,689.141
688.535,689.136
688.537,689.137
688.536,689.137
688.536,689.136
688.535,689.136
688.537,689.137
688.531,689.133
688.526,689.129
688.531,689.133
688.531,689.133
688.531,689.132
688.533,689.134
688.528,689.130
688.522,689.126
688.526,689.129
688.526,689.129
688.526,689.129
688.526,689.129
688.521,689.126
688.525,689.128
688.520,689.125
688.521,689.125
688.521,689.126
688.522,689.126
688.525,689.129
688.520,689.125
688.524,689.128
688.527,689.130
688.527,689.130
688.527,689.130
688.535,689.136
688.535,689.136
688.537,689.137
688.517,689.122
688.518,689.123
688.511,689.118
688.515,689.121
688.511,689.118
688.508,689.115
688.510,689.117
688.511,689.118
688.513,689.119
688.509,689.117
688.514,689.120
688.510,689.117
688.506,689.115
688.503,689.112
688.506,689.114
688.508,689.116
688.510,689.117
688.503,689.112
688.509,689.116
688.505,689.114
688.502,689.111
688.505,689.113
688.499,689.109
688.504,689.113
688.510,689.117
688.515,689.121
688.516,689.122
688.517,689.122
688.521,689.125
688.516,689.122
688.512,689.119
688.517,689.122
688.518,689.123
688.519,689.124
688.514,689.120
688.510,689.118
688.507,689.115
688.501,689.111
688.503,689.112
688.506,689.114
688.503,689.112
688.500,689.110
688.497,689.108
688.500,689.110
688.503,689.112
688.497,689.108
688.503,689.112
688.500,689.110
688.495,689.106
688.498,689.108
688.501,689.110
688.503,689.112
688.509,689.116
688.505,689.114
688.510,689.117
688.512,689.119
688.513,689.120
688.510,689.117
688.514,689.120
688.510,689.118
688.504,689.113
688.506,689.114
688.508,689.116
688.505,689.114
688.502,689.111
688.499,689.109
688.502,689.111
688.504,689.113
688.499,689.109
688.504,689.113
688.501,689.111
688.499,689.109
688.501,689.111
688.504,689.113
688.506,689.114
688.511,689.118
688.516,689.121
688.520,689.124
688.520,689.125
688.521,689.125
688.522,689.126
688.517,689.123
688.513,689.119
688.514,689.121
688.508,689.116
688.502,689.111
688.507,689.115
688.504,689.113
688.498,689.108
688.501,689.111
688.495,689.106
688.501,689.111
688.507,689.115
688.509,689.116
688.511,689.118
688.507,689.115
688.504,689.113
688.501,689.111
688.504,689.112
688.498,689.108
688.496,689.107
688.502,689.111
688.499,689.109
688.494,689.105
688.497,689.107
688.500,689.110
688.497,689.108
688.495,689.106
688.498,689.108
688.501,689.111
688.503,689.112
688.501,689.110
688.498,689.108
688.493,689.105
688.488,689.101
688.492,689.104
688.490,689.103
688.489,689.101
688.492,689.104
688.488,689.101
688.486,689.100
688.485,689.099
688.481,689.096
688.478,689.093
688.482,689.097
688.481,689.096
688.481,689.096
688.485,689.099
688.489,689.102
688.485,689.099
688.484,689.098
688.483,689.097
688.487,689.100
688.483,689.097
688.482,689.097
688.481,689.096
688.478,689.093
688.474,689.091
688.471,689.089
688.472,689.089
688.472,689.089
688.477,689.093
688.474,689.091
688.474,689.090
688.482,689.096
688.481,689.096
688.477,689.093
688.482,689.097
688.489,689.102
688.496,689.107
688.494,689.105
688.489,689.102
688.493,689.104
688.488,689.101
688.487,689.100
688.485,689.099
688.484,689.098
688.488,689.101
688.484,689.098
688.483,689.097
688.482,689.097
688.478,689.094
688.483,689.097
688.487,689.101
688.486,689.100
688.485,689.099
688.489,689.102
688.493,689.104
688.491,689.103
688.489,689.102
688.488,689.101
688.483,689.098
688.480,689.095
688.479,689.094
688.478,689.094
688.483,689.097
688.487,689.101
688.491,689.103
688.490,689.102
688.488,689.101
688.484,689.098
688.480,689.095
688.484,689.098
688.483,689.098
688.491,689.103
688.489,689.102
688.485,689.098
688.481,689.096
688.480,689.095
688.479,689.095
688.476,689.092
688.481,689.096
688.480,689.095
688.488,689.101
688.483,689.098
688.488,689.101
688.483,689.098
688.482,689.097
688.482,689.096
688.478,689.093
688.475,689.091
688.474,689.091
688.474,689.091
688.479,689.095
688.476,689.092
688.468,689.086
688.468,689.086
688.474,689.091
688.471,689.088
688.471,689.089
688.471,689.089
688.469,689.087
688.474,689.091
688.474,689.091
688.474,689.091
688.471,689.089
688.477,689.093
688.476,689.092
688.476,689.092
688.481,689.096
688.485,689.099
688.481,689.096
688.481,689.096
688.480,689.095
688.477,689.092
688.476,689.092
688.468,689.086
688.469,689.087
688.466,689.085
688.464,689.083
688.465,689.084
688.474,689.090
688.474,689.090
688.471,689.088
688.468,689.086
688.469,689.087
688.477,689.093
688.477,689.093
688.482,689.096
688.486,689.100
688.485,689.099
688.484,689.098
688.480,689.095
688.479,689.095
688.479,689.094
688.483,689.098
688.480,689.095
688.476,689.092
688.476,689.092
688.484,689.098
688.480,689.095
688.476,689.092
688.476,689.092
688.476,689.092
688.473,689.090
688.470,689.088
688.470,689.088
688.471,689.088
688.468,689.086
688.466,689.084
688.466,689.085
688.467,689.085
688.465,689.084
688.463,689.082
688.469,689.087
688.469,689.087
688.470,689.087
688.470,689.088
688.468,689.086
688.465,689.084
688.466,689.085
688.467,689.085
688.464,689.084
688.465,689.084
688.466,689.085
688.464,689.083
688.470,689.088
688.470,689.088
688.471,689.088
688.463,689.082
688.461,689.081
688.459,689.080
688.461,689.081
688.459,689.079
688.458,689.078
688.456,689.077
688.458,689.079
688.451,689.074
688.451,689.073
688.450,689.073
688.452,689.074
688.454,689.076
688.453,689.075
688.452,689.074
688.454,689.076
688.453,689.075
688.452,689.075
688.446,689.070
688.449,689.072
688.451,689.074
688.450,689.073
688.453,689.075
688.455,689.076
688.462,689.081
688.460,689.080
688.461,689.081
688.454,689.076
688.453,689.075
688.452,689.075
688.454,689.076
688.453,689.075
688.452,689.075
688.454,689.076
688.448,689.071
688.448,689.071
688.450,689.073
688.444,689.069
688.444,689.069
688.452,689.074
688.454,689.076
688.456,689.077
688.455,689.076
688.454,689.076
688.456,689.077
688.457,689.078
688.456,689.077
688.455,689.076
688.448,689.072
688.451,689.073
688.450,689.073
688.449,689.072
688.449,689.072
688.451,689.074
688.445,689.069
688.445,689.069
688.448,689.071
688.450,689.073
688.452,689.075
688.451,689.074
688.451,689.073
688.453,689.075
688.460,689.080
688.458,689.079
688.460,689.080
688.461,689.081
688.462,689.082
688.460,689.081
688.462,689.081
688.463,689.082
688.461,689.081
688.459,689.080
688.461,689.081
688.454,689.076
688.453,689.075
688.455,689.076
688.448,689.072
688.448,689.071
688.448,689.071
688.442,689.067
688.442,689.067
688.442,689.067
688.445,689.069
688.448,689.071
688.447,689.071
688.447,689.071
688.450,689.073
688.452,689.074
688.451,689.074
688.450,689.073
688.444,689.069
688.444,689.069
688.444,689.069
688.447,689.071
688.447,689.070
688.446,689.070
688.446,689.070
688.449,689.072
688.448,689.072
688.448,689.071
688.450,689.073
688.452,689.075
688.460,689.080
688.458,689.079
688.451,689.074
688.451,689.073
688.450,689.073
688.452,689.074
688.446,689.070
688.446,689.070
688.446,689.070
688.448,689.072
688.451,689.073
688.450,689.073
688.449,689.072
688.452,689.074
688.454,689.076
688.453,689.075
688.452,689.074
688.454,689.076
688.456,689.077
688.455,689.076
688.456,689.078
688.458,689.079
688.457,689.078
688.455,689.077
688.449,689.072
688.451,689.074
688.451,689.073
688.450,689.073
688.444,689.068
688.439,689.065
688.439,689.065
688.440,689.065
688.443,689.068
688.443,689.068
688.443,689.068
688.438,689.064
688.433,689.060
688.434,689.061
688.438,689.064
688.441,689.066
688.441,689.067
688.442,689.067
688.445,689.069
688.439,689.065
688.432,689.059
688.436,689.062
688.431,689.059
688.432,689.060
688.433,689.061
688.437,689.063
688.438,689.064
688.438,689.064
688.442,689.067
688.445,689.069
688.445,689.069
688.439,689.065
688.434,689.061
688.435,689.062
688.436,689.063
688.432,689.059
688.435,689.062
688.436,689.063
688.440,689.065
688.443,689.068
688.443,689.068
688.435,689.062
688.439,689.064
688.439,689.065
688.442,689.067
688.445,689.069
688.445,689.069
688.448,689.071
688.442,689.067
688.442,689.067
688.442,689.067
688.437,689.063
688.438,689.064
688.430,689.058
688.426,689.055
688.428,689.057
688.424,689.054
688.421,689.051
688.423,689.053
688.425,689.054
688.422,689.052
688.424,689.053
688.420,689.051
688.417,689.049
688.412,689.045
688.410,689.043
688.416,689.047
688.418,689.049
688.424,689.053
688.428,689.057
688.430,689.058
688.426,689.055
688.430,689.058
688.432,689.059
688.427,689.056
688.421,689.051
688.423,689.053
688.420,689.051
688.422,689.052
688.424,689.054
688.421,689.051
688.423,689.053
688.425,689.054
688.430,689.058
688.431,689.059
688.432,689.060
688.436,689.062
688.437,689.063
688.432,689.060
688.428,689.057
688.421,689.052
688.424,689.053
688.420,689.051
688.422,689.052
688.427,689.056
688.430,689.058
688.431,689.059
688.435,689.062
688.428,689.057
688.422,689.052
688.427,689.055
688.428,689.057
688.422,689.052
688.418,689.049
688.413,689.045
688.416,689.047
688.413,689.046
688.416,689.048
688.421,689.052
688.418,689.049
688.421,689.051
688.423,689.053
688.420,689.050
688.422,689.052
688.424,689.054
688.421,689.051
688.423,689.053
688.425,689.054
688.421,689.052
688.415,689.047
688.382,689.022
688.383,689.023
688.388,689.027
688.388,689.027
688.386,689.025
688.391,689.029
688.388,689.027
688.385,689.025
688.386,689.025
688.383,689.023
688.376,689.018
688.374,689.017
688.375,689.018
688.374,689.016
688.375,689.018
688.374,689.016
688.367,689.012
688.369,689.013
688.368,689.012
688.362,689.008
688.362,689.008
688.364,689.009
688.364,689.009
688.366,689.011
688.366,689.010
688.357,689.004
688.352,689.000
688.353,689.001
688.348,688.997
688.341,688.992
688.337,688.990
688.339,688.991
688.344,688.995
688.338,688.990
688.340,688.991
688.341,688.993
688.343,688.994
688.347,688.997
688.348,688.998
688.352,689.001
688.345,688.995
688.341,688.992
688.343,688.994
688.347,688.997
688.348,688.998
688.352,689.000
688.345,688.995
688.349,688.998
688.350,688.999
688.354,689.002
688.354,689.002
688.357,689.004
688.358,689.004
688.361,689.007
688.360,689.007
688.363,689.009
688.363,689.008
688.365,689.010
688.365,689.010
688.359,689.005
688.359,689.005
688.359,689.005
688.362,689.008
688.362,689.007
688.364,689.009
688.364,689.009
688.366,689.011
688.373,689.016
688.375,689.017
688.373,689.016
688.375,689.017
688.373,689.016
688.372,689.015
688.365,689.010
688.365,689.010
688.367,689.012
688.366,689.011
688.360,689.007
688.360,689.006
688.355,689.003
688.355,689.003
688.359,689.005
688.359,689.005
688.361,689.007
688.361,689.007
688.356,689.003
688.348,688.997
688.352,689.000
688.353,689.001
688.356,689.003
688.356,689.004
688.359,689.006
688.351,689.000
688.355,689.003
688.355,689.003
688.356,689.003
688.359,689.005
688.359,689.005
688.362,689.008
688.361,689.007
688.364,689.009
688.364,689.009
688.363,689.009
688.366,689.010
688.365,689.010
688.359,689.006
688.359,689.006
688.362,689.008
688.354,689.002
688.349,688.998
688.350,688.999
688.351,689.000
688.354,689.002
688.355,689.002
688.358,689.005
688.358,689.005
688.353,689.001
688.354,689.002
688.349,688.998
688.350,688.999
688.354,689.002
688.354,689.002
688.357,689.004
688.357,689.004
688.352,689.001
688.353,689.001
688.354,689.002
688.354,689.002
688.355,689.002
688.358,689.005
688.358,689.005
688.353,689.001
688.353,689.001
688.357,689.004
688.349,688.998
688.345,688.995
688.346,688.996
688.342,688.993
688.344,688.994
688.345,688.995
688.349,688.998
688.350,688.999
688.346,688.996
688.347,688.997
688.343,688.994
688.344,688.995
688.341,688.992
688.342,688.993
688.339,688.991
688.341,688.992
688.337,688.989
688.339,688.991
688.336,688.988
688.338,688.990
688.335,688.988
688.337,688.989
688.339,688.991
688.333,688.986
688.338,688.990
688.335,688.988
688.329,688.984
688.327,688.982
688.330,688.984
688.328,688.982
688.331,688.985
688.336,688.989
688.330,688.984
688.336,688.988
688.338,688.990
688.335,688.988
688.337,688.989
688.342,688.993
688.344,688.994
688.348,688.997
688.341,688.992
688.337,688.990
688.339,688.991
688.341,688.992
688.343,688.994
688.347,688.997
688.348,688.998
688.352,689.001
688.353,689.001
688.348,688.998
688.341,688.992
688.343,688.994
688.336,688.989
688.331,688.984
688.328,688.983
688.323,688.979
688.326,688.981
688.324,688.980
688.322,688.978
688.321,688.977
688.316,688.974
688.315,688.973
688.311,688.970
688.319,688.976
688.322,688.979
688.321,688.977
688.324,688.980
688.328,688.982
688.331,688.985
688.336,688.989
688.338,688.990
688.343,688.994
688.345,688.995
688.341,688.992
688.343,688.993
688.347,688.997
688.348,688.998
688.352,689.000
688.353,689.001
688.348,688.997
688.349,688.998
688.345,688.995
688.346,688.996
688.350,688.999
688.343,688.994
688.339,688.991
688.341,688.992
688.343,688.994
688.339,688.991
688.333,688.986
688.336,688.988
688.338,688.990
688.343,688.993
688.336,688.989
688.333,688.986
688.336,688.988
688.341,688.992
688.334,688.987
688.331,688.985
688.334,688.987
688.331,688.985
688.326,688.981
688.324,688.980
688.327,688.982
688.325,688.980
688.328,688.983
688.326,688.981
688.321,688.977
688.319,688.976
688.315,688.973
688.322,688.978
688.318,688.975
688.324,688.980
688.328,688.982
688.334,688.987
688.328,688.983
688.326,688.981
688.329,688.983
688.335,688.987
688.337,688.989
688.342,688.993
688.344,688.994
688.340,688.991
688.334,688.987
688.331,688.985
688.333,688.987
688.331,688.985
688.325,688.981
688.328,688.983
688.331,688.985
688.337,688.989
688.339,688.991
688.336,688.988
688.330,688.984
688.327,688.982
688.330,688.984
688.328,688.983
688.331,688.985
688.336,688.989
688.338,688.990
688.335,688.988
688.332,688.986
688.335,688.988
688.332,688.986
688.326,688.981
688.324,688.980
688.328,688.982
688.325,688.981
688.321,688.977
688.319,688.976
688.315,688.973
688.314,688.972
688.310,688.969
688.310,688.969
688.314,688.972
688.313,688.972
688.318,688.975
688.321,688.978
688.325,688.980
688.320,688.977
688.327,688.982
688.322,688.978
688.320,688.977
688.316,688.974
688.315,688.973
688.319,688.976
688.326,688.981
688.321,688.977
688.319,688.976
688.315,688.973
688.322,688.978
688.325,688.981
688.331,688.985
688.326,688.981
688.332,688.986
688.326,688.981
688.324,688.980
688.328,688.982
688.325,688.981
688.329,688.983
688.326,688.981
688.321,688.978
688.325,688.980
688.320,688.977
688.324,688.980
688.322,688.978
688.317,688.975
688.324,688.980
688.327,688.982
688.325,688.981
688.320,688.977
688.319,688.976
688.315,688.973
688.314,688.972
688.310,688.969
688.318,688.975
688.321,688.978
688.320,688.977
688.315,688.973
688.312,688.970
688.308,688.968
688.305,688.966
688.305,688.965
688.302,688.963
688.302,688.964
688.300,688.962
688.308,688.968
688.305,688.966
688.297,688.960
688.303,688.964
688.303,688.964
688.300,688.962
688.298,688.960
688.298,688.961
688.296,688.959
688.297,688.960
688.303,688.964
688.303,688.964
688.300,688.962
688.301,688.962
688.301,688.963
688.306,688.967
688.306,688.967
688.311,688.970
688.311,688.970
688.307,688.967
688.307,688.967
688.312,688.971
688.311,688.970
688.316,688.973
688.315,688.973
688.311,688.970
688.315,688.973
688.311,688.970
688.316,688.974
688.315,688.973
688.319,688.976
688.318,688.975
688.314,688.972
688.313,688.971
688.309,688.969
688.309,688.968
688.305,688.966
688.310,688.970
688.310,688.969
688.306,688.967
688.298,688.961
688.296,688.959
688.297,688.960
688.295,688.958
688.296,688.959
688.294,688.957
688.295,688.958
688.295,688.959
688.302,688.963
688.302,688.963
688.299,688.961
688.300,688.962
688.297,688.960
688.295,688.958
688.296,688.959
688.302,688.963
688.302,688.964
688.300,688.962
688.300,688.962
688.306,688.966
688.311,688.970
688.307,688.967
688.307,688.967
688.307,688.967
688.304,688.965
688.304,688.965
688.304,688.965
688.309,688.969
688.306,688.966
688.303,688.964
688.300,688.962
688.306,688.966
688.311,688.970
688.310,688.969
688.307,688.967
688.306,688.967
688.311,688.970
688.311,688.970
688.307,688.967
688.304,688.965
688.304,688.965
688.301,688.963
688.302,688.963
688.307,688.967
688.304,688.965
688.304,688.965
688.309,688.969
688.309,688.968
688.313,688.972
688.313,688.971
688.309,688.969
688.309,688.968
688.313,688.972
688.312,688.971
688.309,688.968
688.308,688.968
688.305,688.966
688.305,688.966
688.302,688.964
688.300,688.962
688.300,688.962
688.298,688.960
688.298,688.961
688.296,688.959
688.297,688.959
688.297,688.960
688.295,688.958
688.296,688.959
688.294,688.957
688.295,688.958
688.301,688.963
688.299,688.961
688.297,688.959
688.297,688.960
688.303,688.964
688.295,688.958
688.293,688.957
688.294,688.958
688.295,688.958
688.293,688.957
688.294,688.958
688.300,688.962
688.298,688.960
688.291,688.955
688.289,688.954
688.290,688.955
688.289,688.954
688.288,688.953
688.289,688.954
688.288,688.953
688.289,688.954
688.288,688.953
688.279,688.946
688.273,688.942
688.273,688.942
688.275,688.943
688.275,688.943
688.270,688.939
688.270,688.940
688.265,688.936
688.266,688.937
688.267,688.937
688.270,688.940
688.271,688.940
688.271,688.941
688.274,688.943
688.274,688.943
688.277,688.945
688.272,688.941
688.272,688.941
688.275,688.943
688.275,688.943
688.275,688.943
688.278,688.945
688.277,688.945
688.272,688.941
688.272,688.941
688.267,688.938
688.263,688.934
688.272,688.941
688.245,688.921
688.248,688.924
688.251,688.925
688.256,688.929
688.258,688.930
688.259,688.932
688.263,688.935
688.264,688.936
688.268,688.938
688.269,688.939
688.269,688.939
688.265,688.936
688.266,688.936
688.266,688.937
688.262,688.934
688.263,688.935
688.264,688.935
688.260,688.932
688.261,688.933
688.263,688.934
688.258,688.931
688.252,688.926
688.257,688.930
688.259,688.931
688.260,688.932
688.264,688.935
688.265,688.936
688.266,688.937
688.270,688.940
688.270,688.940
688.273,688.942
688.265,688.936
688.266,688.937
688.262,688.934
688.263,688.935
688.256,688.929
688.253,688.927
688.255,688.928
688.257,688.930
688.261,688.933
688.254,688.928
688.251,688.926
688.253,688.927
688.255,688.929
688.260,688.932
688.261,688.933
688.263,688.934
688.258,688.931
688.252,688.926
688.249,688.924
688.251,688.926
688.254,688.928
688.250,688.925
688.253,688.927
688.255,688.928
688.259,688.932
688.261,688.933
688.257,688.930
688.251,688.925
688.245,688.921
688.250,688.925
688.247,688.923
688.250,688.925
688.252,688.927
688.246,688.922
688.249,688.924
688.246,688.922
688.249,688.924
688.251,688.926
688.256,688.930
688.253,688.927
688.255,688.929
688.260,688.932
688.256,688.929
688.250,688.925
688.247,688.923
688.249,688.924
688.252,688.926
688.249,688.924
688.251,688.926
688.253,688.927
688.250,688.925
688.244,688.921
688.247,688.923
688.245,688.921
688.239,688.917
688.235,688.914
688.233,688.913
688.232,688.912
688.236,688.915
688.234,688.913
688.230,688.910
688.226,688.907
688.234,688.913
688.240,688.918
688.244,688.920
688.241,688.919
688.245,688.921
688.247,688.923
688.245,688.921
688.248,688.923
688.250,688.925
688.247,688.923
688.242,688.919
688.245,688.921
688.251,688.925
688.253,688.927
688.255,688.929
688.252,688.926
688.246,688.922
688.248,688.924
688.246,688.922
688.248,688.924
688.251,688.926
688.248,688.923
688.250,688.925
688.253,688.927
688.258,688.931
688.259,688.932
688.261,688.933
688.257,688.930
688.250,688.925
688.247,688.923
688.242,688.919
688.245,688.921
688.248,688.923
688.245,688.921
688.248,688.923
688.242,688.919
688.240,688.918
688.238,688.916
688.242,688.919
688.240,688.917
688.238,688.916
688.241,688.918
688.236,688.915
688.235,688.914
688.230,688.910
688.229,688.910
688.234,688.913
688.238,688.916
688.236,688.914
688.234,688.913
688.238,688.916
688.242,688.919
688.248,688.923
688.242,688.919
688.237,688.915
688.236,688.914
688.239,688.917
688.243,688.919
688.240,688.918
688.244,688.920
688.247,688.922
688.244,688.921
688.242,688.919
688.245,688.921
688.242,688.919
688.237,688.916
688.241,688.918
688.239,688.917
688.237,688.915
688.241,688.918
688.247,688.922
688.241,688.918
688.244,688.921
688.242,688.919
688.245,688.921
688.240,688.917
688.238,688.916
688.233,688.913
688.229,688.910
688.228,688.909
688.225,688.906
688.221,688.904
688.221,688.904
688.221,688.904
688.226,688.907
688.231,688.911
688.230,688.910
688.226,688.907
688.231,688.911
688.229,688.910
688.234,688.913
688.238,688.916
688.236,688.914
688.242,688.919
688.237,688.916
688.244,688.920
688.247,688.922
688.249,688.924
688.246,688.922
688.249,688.924
688.244,688.920
688.241,688.918
688.236,688.915
688.240,688.918
688.238,688.916
688.242,688.919
688.237,688.915
688.235,688.914
688.231,688.911
688.227,688.908
688.231,688.911
688.230,688.910
688.234,688.913
688.233,688.912
688.229,688.909
688.233,688.913
688.232,688.912
688.231,688.911
688.227,688.908
688.223,688.905
688.231,688.911
688.227,688.908
688.224,688.905
688.223,688.905
688.220,688.903
688.225,688.907
688.225,688.906
688.224,688.906
688.229,688.909
688.228,688.909
688.224,688.906
688.229,688.910
688.228,688.909
688.227,688.908
688.224,688.906
688.229,688.909
688.236,688.914
688.240,688.917
688.238,688.916
688.236,688.914
688.240,688.917
688.243,688.920
688.249,688.924
688.254,688.928
688.248,688.923
688.242,688.919
688.237,688.916
688.241,688.918
688.239,688.917
688.237,688.915
688.233,688.912
688.229,688.909
688.236,688.914
688.239,688.917
688.235,688.914
688.233,688.913
688.229,688.909
688.225,688.907
688.225,688.906
688.224,688.906
688.229,688.909
688.233,688.913
688.232,688.912
688.228,688.909
688.224,688.906
688.224,688.906
688.224,688.905
688.220,688.903
688.217,688.901
688.218,688.901
688.215,688.899
688.213,688.897
688.213,688.898
688.211,688.896
688.209,688.895
688.210,688.895
688.211,688.896
688.217,688.901
688.214,688.899
688.215,688.899
688.213,688.897
688.218,688.902
688.219,688.902
688.219,688.902
688.216,688.900
688.221,688.904
688.219,688.902
688.216,688.900
688.213,688.898
688.211,688.896
688.212,688.897
688.210,688.895
688.208,688.894
688.209,688.895
688.210,688.895
688.216,688.900
688.214,688.898
688.222,688.904
688.219,688.902
688.216,688.900
688.225,688.906
688.221,688.904
688.218,688.902
688.216,688.900
688.216,688.900
688.214,688.898
688.211,688.896
688.212,688.897
688.213,688.897
688.219,688.902
688.224,688.906
688.224,688.905
688.228,688.909
688.225,688.906
688.224,688.906
688.224,688.906
688.221,688.903
688.226,688.907
688.225,688.907
688.233,688.912
688.237,688.915
688.240,688.918
688.238,688.916
688.242,688.919
688.245,688.921
688.240,688.917
688.246,688.922
688.240,688.918
688.244,688.920
688.241,688.919
688.237,688.915
688.232,688.912
688.239,688.917
688.237,688.915
688.233,688.912
688.229,688.909
688.228,688.908
688.232,688.912
688.228,688.909
688.227,688.908
688.219,688.902
688.216,688.900
688.221,688.904
688.221,688.904
688.218,688.901
688.216,688.899
688.221,688.904
688.221,688.903
688.218,688.901
688.215,688.899
688.213,688.897
688.214,688.898
688.211,688.896
688.209,688.895
688.210,688.895
688.211,688.896
688.209,688.895
688.207,688.893
688.206,688.892
688.207,688.893
688.208,688.894
688.206,688.893
688.205,688.892
688.206,688.893
688.205,688.891
688.211,688.896
688.209,688.895
688.202,688.890
688.196,688.885
688.187,688.879
688.188,688.879
688.191,688.881
688.193,688.883
688.193,688.883
688.193,688.883
688.195,688.884
688.190,688.880
688.190,688.880
688.190,688.880
688.192,688.882
688.195,688.884
688.195,688.884
688.202,688.890
688.204,688.891
688.205,688.892
688.204,688.891
688.203,688.890
688.204,688.891
688.198,688.886
688.197,688.886
688.196,688.885
688.198,688.887
688.200,688.888
688.199,688.888
688.199,688.887
688.193,688.882
688.192,688.882
688.192,688.882
688.192,688.882
688.194,688.884
688.194,688.884
688.202,688.889
688.201,688.888
688.194,688.884
688.194,688.883
688.194,688.883
688.193,688.883
688.188,688.879
688.191,688.881
688.191,688.881
688.191,688.881
688.190,688.881
688.193,688.883
688.193,688.883
688.193,688.882
688.195,688.884
688.198,688.886
688.197,688.886
688.199,688.887
688.201,688.889
688.200,688.888
688.202,688.889
688.203,688.891
688.202,688.890
688.201,688.889
688.200,688.888
688.202,688.889
688.204,688.891
688.202,688.890
688.201,688.889
688.203,688.890
688.202,688.889
688.201,688.888
688.208,688.894
688.201,688.888
688.203,688.890
688.201,688.889
688.200,688.888
688.194,688.883
688.202,688.889
688.201,688.888
688.199,688.888
688.193,688.883
688.196,688.885
688.195,688.884
688.195,688.884
688.197,688.886
688.199,688.887
688.190,688.881
688.190,688.881
688.190,688.881
688.193,688.883
688.196,688.885
688.195,688.884
688.203,688.890
688.204,688.891
688.203,688.890
688.183,688.875
688.183,688.876
688.179,688.872
688.183,688.875
688.183,688.876
688.184,688.876
688.187,688.879
688.190,688.881
688.190,688.881
688.190,688.881
688.185,688.877
688.188,688.879
688.183,688.876
688.176,688.870
688.177,688.871
688.178,688.872
688.182,688.875
688.178,688.872
688.179,688.872
688.180,688.873
688.184,688.876
688.187,688.878
688.187,688.879
688.188,688.879
688.188,688.879
688.187,688.878
688.187,688.878
688.190,688.881
688.193,688.883
688.193,688.883
688.193,688.882
688.192,688.882
688.187,688.878
688.190,688.881
688.190,688.881
688.190,688.881
688.193,688.883
688.187,688.879
688.196,688.885
688.195,688.884
688.195,688.884
688.197,688.886
688.196,688.885
688.196,688.885
688.195,688.884
688.197,688.886
688.191,688.882
688.191,688.882
688.191,688.881
688.183,688.875
688.172,688.868
688.174,688.869
688.176,688.870
688.169,688.865
688.166,688.863
688.160,688.858
688.163,688.860
688.165,688.862
688.160,688.858
688.163,688.860
688.160,688.858
688.158,688.857
688.161,688.859
688.155,688.855
688.151,688.851
688.146,688.848
688.145,688.847
688.144,688.847
688.149,688.850
688.144,688.847
688.149,688.850
688.153,688.853
688.151,688.852
688.155,688.854
688.150,688.851
688.158,688.857
688.161,688.859
688.164,688.861
688.166,688.863
688.169,688.865
688.173,688.868
688.170,688.866
688.164,688.861
688.166,688.863
688.168,688.865
688.170,688.866
688.167,688.864
688.164,688.861
688.166,688.863
688.161,688.859
688.166,688.863
688.163,688.861
688.166,688.863
688.168,688.864
688.162,688.860
688.165,688.862
688.167,688.864
688.164,688.861
688.161,688.859
688.164,688.861
688.167,688.863
688.169,688.865
688.165,688.862
688.163,688.860
688.168,688.864
688.170,688.866
688.172,688.867
688.168,688.865
688.165,688.862
688.162,688.860
688.165,688.862
688.167,688.864
688.169,688.865
688.163,688.861
688.169,688.865
688.166,688.862
688.160,688.858
688.155,688.854
688.158,688.857
688.161,688.859
688.156,688.855
688.154,688.854
688.152,688.852
688.150,688.851
688.146,688.848
688.150,688.851
688.146,688.848
688.145,688.847
688.144,688.847
688.148,688.850
688.152,688.853
688.156,688.855
688.162,688.860
688.159,688.858
688.157,688.856
688.152,688.853
688.156,688.855
688.151,688.852
688.155,688.854
688.161,688.859
688.167,688.863
688.169,688.865
688.163,688.860
688.165,688.862
688.168,688.864
688.170,688.866
688.166,688.863
688.163,688.861
688.166,688.863
688.168,688.864
688.170,688.866
688.167,688.863
688.172,688.867
688.168,688.865
688.162,688.860
688.165,688.862
688.167,688.864
688.170,688.865
688.166,688.863
688.163,688.861
688.166,688.863
688.168,688.864
688.162,688.860
688.165,688.862
688.159,688.858
688.157,688.856
688.155,688.854
688.153,688.853
688.156,688.856
688.152,688.852
688.147,688.849
688.151,688.852
688.147,688.849
688.146,688.848
688.145,688.847
688.141,688.844
688.138,688.842
688.143,688.845
688.147,688.849
688.143,688.846
688.140,688.843
688.139,688.843
688.136,688.841
688.133,688.838
688.138,688.842
688.135,688.840
688.141,688.844
688.137,688.842
688.137,688.841
688.137,688.841
688.137,688.841
688.134,688.839
688.139,688.843
688.136,688.841
688.133,688.838
688.130,688.836
688.128,688.835
688.126,688.833
688.124,688.832
688.125,688.832
688.131,688.837
688.129,688.835
688.126,688.834
688.124,688.832
688.123,688.831
688.121,688.830
688.122,688.831
688.124,688.831
688.130,688.836
688.136,688.840
688.133,688.838
688.130,688.836
688.128,688.835
688.129,688.835
688.129,688.836
688.130,688.836
688.127,688.834
688.125,688.833
688.123,688.831
688.122,688.830
688.120,688.829
688.119,688.828
688.117,688.827
688.116,688.826
688.118,688.827
688.120,688.829
688.118,688.828
688.117,688.827
688.116,688.826
688.115,688.825
688.114,688.824
688.113,688.824
688.115,688.825
688.117,688.827
688.119,688.828
688.118,688.827
688.117,688.826
688.115,688.825
688.115,688.825
688.114,688.824
688.116,688.826
688.117,688.827
688.119,688.828
688.126,688.833
688.132,688.838
688.137,688.842
688.134,688.839
688.132,688.837
688.129,688.836
688.138,688.842
688.138,688.842
688.137,688.842
688.137,688.841
688.134,688.839
688.139,688.843
688.136,688.841
688.133,688.839
688.131,688.837
688.136,688.841
688.141,688.845
688.133,688.838
688.133,688.838
688.133,688.838
688.125,688.833
688.126,688.833
688.124,688.832
688.122,688.831
688.121,688.829
688.119,688.828
688.118,688.827
688.120,688.829
688.113,688.824
688.115,688.825
688.117,688.827
688.116,688.826
688.115,688.825
688.114,688.824
688.113,688.824
688.112,688.823
688.120,688.829
688.110,688.822
688.118,688.827
688.120,688.829
688.121,688.830
688.120,688.829
688.118,688.828
688.117,688.827
688.116,688.826
688.115,688.825
688.114,688.824
688.116,688.826
688.118,688.827
688.120,688.828
688.121,688.829
688.122,688.830
688.121,688.829
688.119,688.828
688.118,688.827
688.117,688.826
688.110,688.822
688.113,688.823
688.115,688.825
688.117,688.826
688.119,688.828
688.117,688.827
688.116,688.826
688.123,688.831
688.122,688.830
688.123,688.831
688.124,688.832
688.125,688.832
688.126,688.833
688.124,688.832
688.122,688.830
688.121,688.829
688.119,688.828
688.118,688.827
688.120,688.828
688.113,688.824
688.115,688.825
688.117,688.827
688.116,688.826
688.115,688.825
688.122,688.830
688.128,688.835
688.134,688.839
688.134,688.839
688.134,688.839
688.135,688.840
688.135,688.840
688.132,688.838
688.129,688.836
688.127,688.834
688.133,688.838
688.130,688.836
688.128,688.835
688.126,688.833
688.124,688.832
688.125,688.832
688.126,688.833
688.132,688.838
688.138,688.842
688.135,688.840
688.132,688.837
688.129,688.836
688.127,688.834
688.128,688.835
688.128,688.835
688.129,688.835
688.130,688.836
688.130,688.836
688.128,688.835
688.134,688.839
688.131,688.837
688.129,688.835
688.126,688.833
688.124,688.832
688.117,688.827
688.119,688.828
688.118,688.827
688.117,688.826
688.124,688.831
688.122,688.830
688.120,688.829
688.127,688.834
688.128,688.834
688.136,688.841
688.133,688.839
688.131,688.837
688.128,688.835
688.126,688.833
688.116,688.826
688.115,688.825
688.114,688.825
688.116,688.826
688.118,688.827
688.120,688.828
688.121,688.830
688.120,688.828
688.118,688.827
688.117,688.827
688.116,688.826
688.123,688.831
688.121,688.830
688.120,688.829
688.126,688.834
688.124,688.832
688.123,688.831
688.124,688.832
688.125,688.832
688.118,688.827
688.119,688.828
688.118,688.827
688.117,688.826
688.116,688.826
688.115,688.825
688.114,688.824
688.113,688.824
688.112,688.823
688.112,688.823
688.119,688.828
688.118,688.827
688.120,688.828
688.121,688.829
688.122,688.830
688.124,688.831
688.125,688.832
688.123,688.831
688.121,688.830
688.128,688.834
688.126,688.833
688.124,688.831
688.122,688.830
688.120,688.829
688.119,688.828
688.112,688.823
688.115,688.825
688.117,688.826
688.115,688.825
688.123,688.831
688.121,688.829
688.119,688.828
688.118,688.827
688.125,688.832
688.126,688.833
688.127,688.834
688.128,688.834
688.128,688.835
688.129,688.835
688.127,688.834
688.133,688.838
688.130,688.836
688.136,688.840
688.133,688.838
688.130,688.836
688.128,688.835
688.129,688.835
688.129,688.836
688.130,688.836
688.130,688.836
688.128,688.835
688.126,688.833
688.124,688.832
688.122,688.830
688.120,688.829
688.119,688.828
688.118,688.827
688.117,688.826
688.116,688.826
688.115,688.825
688.114,688.824
688.116,688.826
688.118,688.827
688.119,688.828
688.121,688.829
688.114,688.824
688.113,688.824
688.112,688.823
688.112,688.823
688.111,688.822
688.111,688.822
688.110,688.822
688.110,688.821
688.109,688.821
688.117,688.827
688.119,688.828
688.120,688.829
688.122,688.830
688.120,688.829
688.119,688.828
688.117,688.827
688.124,688.832
688.123,688.831
688.129,688.835
688.130,688.836
688.121,688.829
688.119,688.828
688.118,688.827
688.117,688.826
688.116,688.826
688.117,688.827
688.111,688.822
688.113,688.824
688.115,688.825
688.117,688.827
688.116,688.826
688.115,688.825
688.114,688.824
688.113,688.824
688.113,688.823
688.112,688.823
688.111,688.822
688.106,688.818
688.108,688.820
688.111,688.822
688.110,688.822
688.110,688.821
688.109,688.821
688.117,688.827
688.116,688.826
688.085,688.803
688.090,688.806
688.086,688.804
688.091,688.807
688.095,688.810
688.099,688.813
688.094,688.810
688.098,688.812
688.099,688.813
688.099,688.813
688.103,688.816
688.103,688.816
688.098,688.812
688.102,688.815
688.102,688.815
688.102,688.816
688.103,688.816
688.103,688.816
688.103,688.816
688.103,688.816
688.096,688.811
688.096,688.811
688.089,688.806
688.091,688.807
688.092,688.808
688.092,688.808
688.086,688.803
688.088,688.805
688.084,688.802
688.081,688.800
688.086,688.804
688.091,688.807
688.087,688.804
688.091,688.808
688.095,688.811
688.099,688.813
688.095,688.810
688.096,688.811
688.097,688.811
688.097,688.812
688.098,688.813
688.099,688.813
688.091,688.808
688.093,688.809
688.094,688.810
688.095,688.810
688.096,688.811
688.097,688.812
688.090,688.806
688.091,688.808
688.085,688.803
688.087,688.804
688.088,688.805
688.085,688.803
688.082,688.800
688.087,688.804
688.088,688.805
688.090,688.807
688.091,688.808
688.085,688.803
688.090,688.806
688.091,688.807
688.092,688.808
688.094,688.809
688.095,688.810
688.088,688.805
688.081,688.800
688.084,688.802
688.086,688.803
688.088,688.805
688.089,688.806
688.091,688.807
688.092,688.808
688.094,688.809
688.095,688.810
688.096,688.811
688.097,688.812
688.098,688.812
688.098,688.813
688.099,688.813
688.100,688.814
688.092,688.808
688.093,688.809
688.095,688.810
688.096,688.811
688.089,688.806
688.090,688.807
688.092,688.808
688.093,688.809
688.094,688.810
688.095,688.810
688.088,688.805
688.090,688.806
688.091,688.808
688.093,688.809
688.089,688.806
688.090,688.807
688.084,688.802
688.078,688.797
688.080,688.799
688.083,688.801
688.077,688.797
688.071,688.793
688.069,688.791
688.068,688.790
688.066,688.789
688.065,688.788
688.060,688.785
688.065,688.788
688.060,688.785
688.057,688.782
688.061,688.785
688.060,688.785
688.057,688.782
688.061,688.785
688.065,688.788
688.061,688.785
688.065,688.788
688.069,688.791
688.065,688.788
688.069,688.791
688.072,688.793
688.075,688.796
688.078,688.798
688.081,688.800
688.083,688.802
688.077,688.797
688.072,688.793
688.075,688.796
688.070,688.792
688.065,688.788
688.069,688.791
688.073,688.794
688.076,688.796
688.079,688.798
688.081,688.800
688.083,688.802
688.078,688.797
688.080,688.799
688.083,688.801
688.085,688.803
688.087,688.804
688.081,688.800
688.075,688.795
688.070,688.792
688.065,688.788
688.061,688.785
688.065,688.788
688.061,688.785
688.057,688.782
688.062,688.786
688.058,688.783
688.062,688.786
688.058,688.783
688.055,688.781
688.060,688.784
688.064,688.787
688.068,688.790
688.072,688.793
688.067,688.789
688.070,688.792
688.066,688.789
688.070,688.791
688.073,688.794
688.068,688.790
688.064,688.787
688.060,688.784
688.056,688.781
688.061,688.785
688.057,688.782
688.053,688.779
688.058,688.783
688.055,688.781
688.060,688.784
688.056,688.781
688.053,688.779
688.058,688.783
688.062,688.786
688.066,688.789
688.070,688.792
688.065,688.788
688.061,688.785
688.068,688.790
688.058,688.783
688.058,688.783
688.057,688.782
688.054,688.780
688.053,688.779
688.050,688.777
688.055,688.781
688.060,688.785
688.056,688.782
688.061,688.785
688.065,688.788
688.061,688.785
688.057,688.782
688.054,688.780
688.059,688.783
688.055,688.781
688.060,688.784
688.064,688.788
688.060,688.785
688.059,688.784
688.064,688.787
688.060,688.784
688.056,688.781
688.053,688.779
688.052,688.779
688.052,688.779
688.060,688.784
688.059,688.784
688.056,688.781
688.052,688.779
688.057,688.782
688.062,688.786
688.058,688.783
688.065,688.788
688.064,688.787
688.063,688.786
688.062,688.786
688.068,688.791
688.067,688.789
688.065,688.788
688.072,688.793
688.070,688.792
688.076,688.796
688.071,688.792
688.074,688.795
688.072,688.793
688.075,688.796
688.070,688.792
688.073,688.794
688.068,688.791
688.072,688.793
688.067,688.790
688.071,688.792
688.074,688.795
688.077,688.797
688.080,688.799
688.074,688.795
688.077,688.797
688.072,688.793
688.075,688.796
688.078,688.798
688.073,688.794
688.068,688.790
688.063,688.787
688.059,688.784
688.064,688.787
688.068,688.790
688.071,688.793
688.069,688.791
688.067,688.790
688.071,688.793
688.069,688.791
688.067,688.790
688.066,688.789
688.064,688.788
688.063,688.787
688.070,688.792
688.068,688.790
688.066,688.789
688.065,688.788
688.063,688.787
688.062,688.786
688.069,688.791
688.067,688.790
688.066,688.789
688.064,688.788
688.071,688.792
688.066,688.789
688.062,688.786
688.058,688.783
688.057,688.782
688.057,688.782
688.056,688.781
688.063,688.787
688.062,688.786
688.061,688.785
688.060,688.784
688.067,688.790
688.066,688.789
688.069,688.791
688.073,688.794
688.068,688.790
688.071,688.793
688.075,688.795
688.078,688.797
688.072,688.793
688.075,688.796
688.070,688.792
688.065,688.788
688.061,688.785
688.060,688.785
688.057,688.782
688.053,688.779
688.050,688.777
688.055,688.781
688.052,688.779
688.052,688.778
688.052,688.778
688.052,688.778
688.052,688.778
688.049,688.776
688.049,688.776
688.054,688.780
688.054,688.780
688.053,688.780
688.053,688.779
688.053,688.779
688.053,688.779
688.052,688.779
688.052,688.779
688.052,688.779
688.052,688.778
688.049,688.776
688.054,688.780
688.051,688.778
688.048,688.776
688.046,688.774
688.043,688.772
688.041,688.771
688.039,688.769
688.038,688.768
688.044,688.773
688.042,688.771
688.043,688.772
688.043,688.772
688.044,688.773
688.037,688.767
688.038,688.768
688.036,688.767
688.035,688.766
688.034,688.765
688.032,688.764
688.031,688.763
688.030,688.762
688.029,688.762
688.037,688.767
688.035,688.766
688.034,688.765
688.035,688.766
688.037,688.767
688.038,688.768
688.039,688.769
688.040,688.770
688.041,688.771
688.042,688.771
688.040,688.770
688.038,688.768
688.037,688.767
688.035,688.766
688.034,688.765
688.033,688.764
688.032,688.763
688.031,688.763
688.032,688.764
688.034,688.765
688.033,688.764
688.032,688.764
688.031,688.763
688.038,688.768
688.036,688.767
688.035,688.766
688.034,688.765
688.024,688.758
688.024,688.758
688.024,688.758
688.018,688.754
688.021,688.756
688.024,688.758
688.027,688.760
688.026,688.759
688.026,688.759
688.025,688.759
688.025,688.758
688.027,688.760
688.029,688.762
688.031,688.763
688.033,688.765
688.032,688.764
688.031,688.763
688.030,688.762
688.037,688.768
688.036,688.766
688.034,688.765
688.033,688.764
688.032,688.764
688.023,688.757
688.025,688.759
688.028,688.761
688.022,688.756
688.025,688.758
688.024,688.758
688.024,688.758
688.024,688.758
688.031,688.763
688.039,688.769
688.045,688.773
688.043,688.772
688.041,688.770
688.033,688.765
688.035,688.766
688.028,688.761
688.022,688.757
688.014,688.751
688.015,688.751
688.016,688.751
688.016,688.752
688.017,688.752
688.020,688.755
688.023,688.757
688.017,688.753
688.010,688.747
688.011,688.748
688.004,688.743
688.005,688.744
688.007,688.745
688.003,688.742
687.999,688.740
687.996,688.737
687.993,688.735
687.996,688.737
687.998,688.739
687.992,688.734
687.997,688.738
687.995,688.736
688.000,688.740
687.997,688.737
688.007,688.745
688.016,688.752
688.025,688.758
688.024,688.758
688.024,688.758
688.027,688.760
688.029,688.761
688.031,688.763
688.025,688.758
688.024,688.758
688.024,688.758
688.024,688.758
688.023,688.757
688.026,688.759
688.018,688.753
688.013,688.749
688.016,688.752
688.019,688.754
688.014,688.751
688.015,688.751
688.016,688.752
688.010,688.748
688.011,688.748
688.012,688.749
688.016,688.752
688.019,688.754
688.011,688.748
688.012,688.749
688.013,688.750
688.022,688.756
688.022,688.756
688.022,688.756
688.022,688.756
688.016,688.752
688.011,688.749
688.012,688.749
688.008,688.746
688.009,688.747
688.010,688.748
688.011,688.748
688.012,688.749
688.016,688.752
688.019,688.754
688.011,688.748
688.007,688.745
688.008,688.746
688.017,688.753
688.017,688.753
688.020,688.755
688.023,688.757
688.023,688.757
688.023,688.757
688.023,688.757
688.023,688.757
688.022,688.757
688.022,688.757
688.022,688.756
688.022,688.756
688.025,688.758
688.027,688.760
688.027,688.760
688.018,688.753
688.018,688.754
688.019,688.754
688.019,688.754
688.019,688.754
688.019,688.754
688.019,688.754
688.022,688.757
688.025,688.759
688.025,688.758
688.010,688.747
688.011,688.748
688.012,688.749
688.013,688.749
688.013,688.750
688.006,688.744
687.999,688.740
687.996,688.737
688.001,688.741
687.998,688.739
688.000,688.740
688.002,688.742
688.004,688.743
688.006,688.744
688.007,688.745
688.008,688.746
688.012,688.749
688.008,688.746
688.004,688.743
688.006,688.744
688.007,688.745
688.008,688.746
688.010,688.747
688.011,688.748
688.012,688.749
688.013,688.749
688.016,688.752
688.019,688.754
688.022,688.757
688.025,688.759
688.019,688.754
688.020,688.755
688.023,688.757
688.030,688.763
688.038,688.768
688.044,688.773
688.042,688.771
688.035,688.766
688.033,688.765
688.027,688.760
688.029,688.762
688.023,688.757
688.023,688.757
688.015,688.751
688.015,688.751
688.016,688.752
688.019,688.754
688.019,688.754
688.020,688.754
688.022,688.757
688.017,688.753
688.017,688.753
688.010,688.747
688.011,688.748
688.012,688.749
688.013,688.749
688.013,688.750
688.017,688.753
688.020,688.755
688.020,688.755
688.012,688.749
688.005,688.744
688.007,688.745
688.008,688.746
688.004,688.743
688.000,688.740
687.994,688.736
687.997,688.738
687.999,688.739
688.001,688.741
688.003,688.742
688.005,688.744
688.006,688.745
688.008,688.746
688.012,688.749
688.015,688.751
688.016,688.752
688.016,688.752
688.017,688.753
688.009,688.747
688.010,688.748
688.003,688.743
688.008,688.746
688.004,688.743
688.005,688.744
688.007,688.745
688.008,688.746
688.009,688.747
688.011,688.748
688.012,688.749
688.015,688.751
688.019,688.754
688.019,688.754
688.011,688.748
688.012,688.749
688.013,688.750
688.016,688.752
688.017,688.752
688.012,688.749
688.008,688.746
688.009,688.747
688.010,688.747
688.003,688.742
688.005,688.744
688.001,688.741
688.003,688.742
688.007,688.745
688.003,688.743
688.005,688.744
688.007,688.745
688.008,688.746
688.009,688.747
688.010,688.748
688.011,688.748
688.012,688.749
688.013,688.750
688.009,688.746
688.013,688.749
688.008,688.746
688.009,688.747
688.010,688.748
688.011,688.749
688.012,688.749
688.005,688.744
688.007,688.745
688.011,688.748
688.007,688.745
688.008,688.746
688.001,688.741
688.003,688.742
688.005,688.744
688.006,688.745
688.008,688.746
688.012,688.749
688.007,688.745
688.011,688.749
688.012,688.749
688.013,688.750
688.014,688.750
688.007,688.745
688.011,688.748
688.015,688.751
688.018,688.753
688.010,688.748
688.011,688.748
688.012,688.749
688.013,688.750
688.014,688.750
688.009,688.747
688.013,688.750
688.014,688.750
688.015,688.751
688.015,688.751
688.016,688.752
688.019,688.754
688.014,688.750
688.009,688.747
688.002,688.742
688.004,688.743
687.998,688.738
688.000,688.740
687.997,688.738
687.994,688.735
687.991,688.733
687.986,688.730
687.989,688.732
687.992,688.734
687.990,688.732
687.988,688.731
687.991,688.733
687.994,688.735
687.988,688.731
687.991,688.734
687.994,688.736
687.997,688.738
688.002,688.741
688.006,688.745
688.008,688.746
688.001,688.741
688.003,688.742
688.005,688.743
688.006,688.745
688.008,688.746
688.004,688.743
687.997,688.738
688.000,688.740
688.002,688.741
688.003,688.743
687.997,688.738
687.994,688.736
687.999,688.740
688.002,688.741
688.003,688.743
688.005,688.744
688.001,688.741
687.998,688.739
687.995,688.736
687.997,688.738
687.992,688.734
687.994,688.736
688.000,688.740
687.997,688.737
687.999,688.739
688.001,688.741
688.003,688.742
688.005,688.743
688.001,688.741
687.995,688.736
687.997,688.738
688.000,688.740
687.996,688.737
687.993,688.735
687.988,688.731
687.991,688.733
687.994,688.736
687.989,688.732
687.992,688.734
687.989,688.732
687.987,688.730
687.982,688.727
687.986,688.730
687.981,688.726
687.977,688.723
687.976,688.722
687.980,688.725
687.976,688.722
687.972,688.720
687.972,688.719
687.971,688.719
687.976,688.722
687.972,688.719
687.969,688.717
687.966,688.715
687.966,688.715
687.963,688.713
687.961,688.711
687.958,688.709
687.964,688.714
687.970,688.718
687.977,688.723
687.982,688.726
687.977,688.723
687.973,688.720
687.973,688.720
687.972,688.719
687.969,688.717
687.966,688.715
687.971,688.718
687.968,688.716
687.967,688.716
687.973,688.720
687.969,688.717
687.974,688.721
687.973,688.720
687.970,688.718
687.967,688.715
687.972,688.719
687.977,688.723
687.975,688.722
687.975,688.721
687.971,688.719
687.976,688.722
687.975,688.721
687.974,688.721
687.973,688.720
687.970,688.718
687.966,688.715
687.972,688.719
687.968,688.717
687.968,688.716
687.965,688.714
687.962,688.712
687.960,688.710
687.958,688.709
687.958,688.709
687.959,688.710
687.957,688.708
687.955,688.707
687.953,688.705
687.954,688.706
687.961,688.711
687.961,688.711
687.959,688.710
687.957,688.708
687.955,688.707
687.961,688.711
687.962,688.712
687.959,688.710
687.957,688.708
687.955,688.707
687.953,688.706
687.955,688.706
687.961,688.711
687.959,688.709
687.957,688.708
687.957,688.709
687.958,688.709
687.959,688.710
687.957,688.708
687.955,688.707
687.956,688.707
687.954,688.706
687.952,688.705
687.959,688.710
687.960,688.710
687.960,688.711
687.958,688.709
687.956,688.707
687.954,688.706
687.955,688.707
687.953,688.706
687.952,688.704
687.950,688.703
687.957,688.708
687.958,688.709
687.964,688.713
687.961,688.711
687.959,688.710
687.960,688.710
687.960,688.711
687.958,688.709
687.956,688.707
687.962,688.712
687.968,688.716
687.968,688.716
687.973,688.720
687.969,688.717
687.966,688.715
687.963,688.713
687.972,688.719
687.971,688.719
687.968,688.716
687.965,688.714
687.970,688.718
687.970,688.718
687.975,688.721
687.979,688.724
687.975,688.722
687.971,688.719
687.968,688.716
687.976,688.722
687.980,688.725
687.976,688.722
687.972,688.719
687.972,688.719
687.971,688.719
687.963,688.712
687.968,688.716
687.965,688.714
687.965,688.714
687.970,688.718
687.967,688.716
687.964,688.714
687.964,688.714
687.970,688.718
687.975,688.721
687.979,688.725
687.975,688.722
687.974,688.721
687.971,688.718
687.967,688.716
687.972,688.720
687.969,688.717
687.966,688.715
687.966,688.715
687.963,688.713
687.961,688.711
687.961,688.711
687.959,688.710
687.957,688.708
687.963,688.712
687.960,688.711
687.961,688.711
687.958,688.709
687.956,688.708
687.957,688.708
687.958,688.709
687.956,688.708
687.954,688.706
687.955,688.707
687.956,688.708
687.957,688.708
687.955,688.707
687.954,688.706
687.955,688.707
687.945,688.699
687.944,688.699
687.943,688.698
687.943,688.698
687.945,688.699
687.944,688.699
687.943,688.698
687.938,688.694
687.937,688.694
687.945,688.700
687.945,688.699
687.944,688.698
687.946,688.700
687.953,688.705
687.951,688.704
687.950,688.703
687.952,688.704
687.950,688.703
687.949,688.702
687.948,688.701
687.947,688.701
687.948,688.702
687.947,688.701
687.946,688.700
687.945,688.700
687.947,688.701
687.938,688.694
687.938,688.694
687.938,688.694
687.941,688.696
687.943,688.698
687.942,688.697
687.942,688.697
687.944,688.699
687.943,688.698
687.943,688.698
687.942,688.697
687.942,688.697
687.936,688.693
687.936,688.693
687.944,688.699
687.944,688.698
687.943,688.698
687.934,688.691
687.929,688.688
687.930,688.688
687.931,688.689
687.931,688.689
687.934,688.692
687.937,688.694
687.929,688.688
687.930,688.688
687.925,688.685
687.926,688.686
687.919,688.680
687.921,688.682
687.925,688.685
687.918,688.680
687.912,688.675
687.914,688.677
687.919,688.680
687.921,688.682
687.922,688.683
687.924,688.684
687.925,688.685
687.929,688.687
687.924,688.684
687.926,688.685
687.927,688.686
687.930,688.688
687.931,688.689
687.931,688.689
687.932,688.690
687.932,688.690
687.933,688.690
687.933,688.691
687.925,688.685
687.929,688.688
687.930,688.688
687.931,688.689
687.931,688.689
687.932,688.690
687.935,688.692
687.935,688.692
687.935,688.692
687.935,688.692
687.930,688.688
687.931,688.689
687.923,688.683
687.925,688.684
687.934,688.691
696.795,695.245
706.651,702.534
713.262,707.424
715.580,709.138
715.081,708.769
714.039,707.999
715.245,708.890
715.160,708.828
716.208,709.603
714.658,708.456
713.003,707.232
712.468,706.836
711.338,706.001
710.549,705.417
710.327,705.253
714.159,708.087
717.854,710.820
719.726,712.205
719.647,712.146
719.650,712.148
719.583,712.099
719.487,712.028
721.411,713.451
721.598,713.589
711.930,706.439
712.047,706.525
711.075,705.806
710.546,705.415
710.333,705.258
709.416,704.579
708.803,704.126
708.756,704.091
708.688,704.041
708.038,703.560
707.861,703.429
706.395,702.345
706.442,702.379
706.370,702.326
706.333,702.299
705.457,701.651
704.958,701.282
704.857,701.208
704.744,701.124
704.747,701.126
704.675,701.073
704.095,700.644
703.405,700.134
703.531,700.227
703.448,700.165
703.449,700.166
703.489,700.196
703.513,700.214
703.529,700.225
703.521,700.220
703.497,700.202
703.452,700.169
702.630,699.560
702.582,699.525
702.450,699.427
702.338,699.345
701.794,698.942
701.706,698.877
701.618,698.812
701.529,698.746
701.486,698.714
701.447,698.686
701.414,698.661
701.406,698.655
701.396,698.647
701.391,698.644
701.387,698.641
701.370,698.629
701.359,698.621
701.347,698.611
701.339,698.605
701.323,698.594
701.300,698.577
701.268,698.553
701.231,698.526
701.198,698.502
701.163,698.476
701.124,698.446
701.077,698.411
701.037,698.382
700.504,697.988
700.415,697.922
700.356,697.879
700.304,697.840
700.254,697.803
700.174,697.744
700.102,697.690
699.558,697.288
699.573,697.299
699.537,697.273
699.506,697.250
699.479,697.230
699.446,697.205
699.408,697.177
699.384,697.160
699.360,697.142
699.352,697.136
699.335,697.123
699.320,697.113
699.302,697.099
699.283,697.085
699.270,697.075
699.255,697.064
699.241,697.054
699.224,697.041
699.206,697.028
699.189,697.015
699.174,697.004
699.156,696.991
699.139,696.979
699.125,696.968
699.108,696.955
699.084,696.938
699.067,696.925
699.043,696.907
699.021,696.891
699.001,696.877
698.980,696.861
698.961,696.847
698.939,696.830
698.924,696.819
698.905,696.805
698.888,696.793
698.870,696.779
698.840,696.757
698.818,696.741
698.790,696.720
698.768,696.704
698.740,696.683
698.719,696.668
698.692,696.648
698.659,696.624
698.630,696.602
698.607,696.585
698.582,696.567
698.552,696.544
698.533,696.530
698.511,696.514
698.483,696.493
698.457,696.474
698.431,696.455
698.402,696.433
698.384,696.420
698.365,696.406
698.342,696.389
698.319,696.372
698.292,696.352
698.277,696.341
698.255,696.324
698.235,696.310
698.216,696.296
698.200,696.284
698.177,696.267
698.148,696.246
698.126,696.230
698.099,696.209
698.074,696.191
698.046,696.170
698.022,696.152
697.999,696.136
697.979,696.121
697.961,696.107
697.936,696.089
697.910,696.070
697.882,696.049
697.857,696.030
697.826,696.007
697.797,695.986
697.772,695.967
697.749,695.950
697.728,695.935
697.709,695.921
697.684,695.902
697.661,695.885
697.641,695.870
697.622,695.856
697.597,695.838
697.574,695.821
697.545,695.800
697.520,695.781
697.496,695.763
697.470,695.744
697.452,695.730
697.435,695.718
697.419,695.706
697.405,695.696
697.384,695.681
697.374,695.673
697.356,695.660
697.340,695.648
697.326,695.637
697.312,695.627
697.292,695.613
697.282,695.605
697.265,695.592
697.258,695.587
697.243,695.576
697.233,695.569
697.221,695.560
697.209,695.551
697.207,695.550
697.201,695.545
697.191,695.538
697.183,695.532
697.175,695.526
697.168,695.521
697.162,695.516
697.156,695.512
697.151,695.508
697.146,695.504
697.142,695.501
697.130,695.492
697.127,695.491
697.125,695.489
697.114,695.481
697.117,695.483
697.107,695.476
697.099,695.469
697.099,695.470
697.091,695.464
697.084,695.458
697.086,695.460
697.087,695.461
697.084,695.459
697.078,695.454
697.080,695.455
697.074,695.451
697.068,695.447
697.067,695.446
697.070,695.448
697.077,695.453
697.079,695.455
697.077,695.453
697.071,695.449
697.074,695.451
697.068,695.447
697.072,695.449
697.066,695.445
697.070,695.448
697.073,695.450
697.067,695.446
697.062,695.443
697.066,695.445
697.069,695.448
697.073,695.450
697.067,695.446
697.062,695.442
697.066,695.445
697.061,695.442
697.057,695.438
697.061,695.442
697.057,695.438
697.053,695.436
697.049,695.433
697.042,695.427
697.039,695.425
697.037,695.424
697.031,695.419
697.029,695.418
697.020,695.411
697.011,695.405
697.007,695.402
697.000,695.396
696.993,695.392
696.979,695.381
696.966,695.372
696.963,695.369
696.944,695.355
696.926,695.342
696.910,695.330
696.896,695.319
696.886,695.312
696.874,695.303
696.863,695.295
696.845,695.282
696.821,695.264
696.799,695.247
696.779,695.233
696.760,695.219
696.752,695.213
696.732,695.198
696.718,695.188
696.702,695.176
696.691,695.168
696.677,695.157
696.668,695.151
696.656,695.142
696.642,695.131
696.632,695.124
696.628,695.121
696.616,695.112
696.601,695.101
696.591,695.094
696.583,695.088
696.571,695.079
696.556,695.068
696.551,695.064
696.542,695.058
696.534,695.052
696.531,695.050
696.520,695.042
696.514,695.037
696.500,695.027
696.492,695.021
696.485,695.016
696.471,695.005
696.469,695.004
696.468,695.003
696.459,694.996
696.447,694.987
696.444,694.985
696.433,694.977
696.423,694.970
696.423,694.969
696.414,694.963
696.406,694.957
696.391,694.946
696.385,694.942
696.380,694.938
696.367,694.928
696.364,694.926
696.353,694.918
696.350,694.916
696.344,694.911
696.339,694.907
696.334,694.904
696.329,694.900
696.325,694.897
696.317,694.892
696.311,694.887
696.304,694.882
696.294,694.875
696.286,694.868
696.274,694.859
696.263,694.851
696.261,694.850
696.247,694.840
696.239,694.834
696.231,694.828
696.220,694.820
696.215,694.816
696.209,694.812
696.200,694.805
696.192,694.799
696.181,694.791
696.175,694.786
696.165,694.779
696.160,694.776
696.152,694.769
696.149,694.767
696.137,694.758
696.127,694.751
696.122,694.747
696.113,694.741
696.110,694.738
696.102,694.732
696.091,694.724
696.077,694.714
696.065,694.705
696.049,694.693
696.039,694.686
696.030,694.679
696.018,694.670
696.011,694.665
695.997,694.654
695.983,694.645
695.968,694.633
695.962,694.628
695.952,694.621
695.943,694.615
695.927,694.603
695.920,694.598
695.906,694.588
695.894,694.578
695.882,694.570
695.872,694.562
695.862,694.555
695.854,694.549
695.846,694.543
695.831,694.532
695.814,694.519
695.798,694.507
695.787,694.500
695.778,694.493
695.769,694.486
695.762,694.480
695.751,694.472
695.737,694.462
695.732,694.459
695.724,694.453
695.712,694.444
695.702,694.436
695.697,694.432
695.688,694.426
695.671,694.414
695.657,694.403
695.644,694.393
695.632,694.384
695.629,694.382
695.618,694.374
695.609,694.367
695.596,694.358
695.588,694.352
695.582,694.347
695.567,694.337
695.563,694.333
695.554,694.327
695.551,694.325
695.535,694.313
695.526,694.306
695.517,694.299
695.505,694.290
695.490,694.279
695.476,694.269
695.464,694.260
695.457,694.255
695.446,694.247
695.445,694.246
695.431,694.236
695.423,694.230
695.416,694.225
695.401,694.214
695.396,694.210
695.391,694.207
695.383,694.200
695.380,694.198
695.376,694.196
695.373,694.193
695.371,694.192
695.365,694.187
695.359,694.183
695.354,694.179
695.349,694.175
695.349,694.175
695.340,694.169
695.333,694.163
695.326,694.158
695.320,694.154
695.314,694.150
695.309,694.146
695.296,694.136
695.285,694.128
695.283,694.126
695.272,694.119
695.271,694.118
695.262,694.111
695.262,694.111
695.254,694.105
695.255,694.106
695.247,694.100
695.240,694.095
695.234,694.090
695.233,694.089
695.223,694.082
695.219,694.079
695.206,694.070
695.204,694.068
695.201,694.066
695.199,694.064
695.196,694.062
695.194,694.061
695.193,694.060
695.191,694.059
695.190,694.057
695.180,694.050
695.172,694.044
695.164,694.038
695.157,694.033
695.151,694.029
695.153,694.030
695.020,693.932
695.019,693.931
695.017,693.930
695.016,693.929
695.015,693.928
695.014,693.928
695.013,693.927
695.013,693.927
695.008,693.923
695.008,693.923
695.007,693.923
695.007,693.923
695.007,693.922
695.007,693.922
695.007,693.922
695.006,693.922
695.006,693.922
695.006,693.922
694.998,693.916
694.991,693.910
694.984,693.905
694.978,693.901
694.972,693.897
694.975,693.899
694.970,693.895
694.831,693.792
694.823,693.786
694.816,693.781
694.810,693.777
694.812,693.778
694.814,693.780
694.808,693.775
694.802,693.771
694.805,693.773
694.800,693.769
694.795,693.766
694.791,693.763
694.787,693.760
694.783,693.757
694.780,693.755
694.777,693.752
694.774,693.750
694.772,693.749
694.762,693.741
694.752,693.734
694.752,693.734
694.752,693.734
694.747,693.730
694.748,693.731
694.740,693.725
694.437,693.501
694.430,693.496
694.428,693.494
694.418,693.487
694.409,693.480
694.401,693.474
694.385,693.463
694.379,693.458
694.374,693.454
694.361,693.445
694.357,693.442
694.346,693.433
694.335,693.426
694.326,693.419
694.318,693.413
694.310,693.407
694.303,693.402
694.289,693.391
694.272,693.379
694.264,693.373
694.254,693.365
694.244,693.358
694.227,693.346
694.208,693.331
694.195,693.321
694.118,693.265
694.105,693.256
694.094,693.247
694.087,693.242
694.069,693.229
694.052,693.216
694.042,693.209
694.036,693.204
694.023,693.195
694.015,693.189
694.004,693.180
693.993,693.173
693.972,693.157
693.953,693.143
693.936,693.130
693.920,693.118
693.898,693.102
693.886,693.093
693.867,693.079
693.849,693.066
693.834,693.055
693.820,693.044
693.802,693.032
693.787,693.020
693.769,693.007
693.753,692.995
693.726,692.975
693.706,692.960
693.684,692.944
693.660,692.926
693.641,692.912
693.621,692.898
693.591,692.875
693.571,692.860
693.550,692.844
693.522,692.824
693.501,692.808
693.474,692.788
693.449,692.770
693.423,692.751
693.399,692.733
693.370,692.712
693.339,692.689
693.307,692.665
693.270,692.638
693.240,692.616
693.210,692.593
693.174,692.567
693.142,692.543
693.105,692.515
693.071,692.490
693.032,692.462
692.997,692.436
692.957,692.407
