# Physical_Baseline=690.22pF, Trigger_Distance=9.3cm, Atten_Ratio=0.86
Raw_Capacitance(pF),Normalized_Capacitance(pF)
690.286,690.277
690.286,690.277
690.283,690.274
690.280,690.272
690.277,690.269
690.278,690.270
690.267,690.261
690.266,690.260
690.268,690.261
690.266,690.260
690.257,690.252
690.256,690.251
690.256,690.251
690.251,690.246
690.243,690.240
690.235,690.233
690.237,690.235
690.234,690.232
690.235,690.233
690.229,690.227
690.223,690.222
690.226,690.225
690.228,690.227
690.222,690.222
690.225,690.224
690.223,690.222
690.226,690.225
690.228,690.227
690.230,690.229
690.236,690.233
690.229,690.228
690.223,690.223
690.221,690.221
690.216,690.216
690.219,690.219
690.214,690.215
690.210,690.211
690.209,690.210
690.213,690.214
690.217,690.217
690.220,690.220
690.215,690.216
690.218,690.219
690.222,690.221
690.224,690.224
690.219,690.219
690.222,690.222
690.217,690.217
690.212,690.213
690.208,690.209
690.204,690.206
690.208,690.210
690.208,690.209
690.204,690.206
690.200,690.203
690.197,690.200
690.202,690.205
690.202,690.204
690.199,690.202
690.204,690.206
690.200,690.203
690.197,690.200
690.194,690.198
690.195,690.198
690.200,690.203
690.205,690.207
690.210,690.211
690.209,690.210
690.205,690.207
690.209,690.211
690.205,690.207
690.202,690.204
690.201,690.204
690.198,690.201
690.195,690.198
690.193,690.196
690.190,690.194
690.196,690.199
690.196,690.199
690.202,690.204
690.206,690.208
690.203,690.205
690.199,690.202
690.207,690.209
690.204,690.206
690.200,690.203
690.197,690.200
690.194,690.197
690.200,690.202
690.196,690.199
690.202,690.204
690.206,690.208
690.203,690.205
690.202,690.205
690.207,690.209
690.211,690.212
690.215,690.216
690.211,690.212
690.215,690.215
690.210,690.211
690.214,690.215
690.210,690.211
690.209,690.210
690.208,690.209
690.212,690.213
690.216,690.216
690.214,690.215
690.210,690.211
690.206,690.208
690.210,690.211
690.209,690.211
690.208,690.210
690.204,690.206
690.201,690.203
690.201,690.203
690.198,690.200
690.203,690.205
690.199,690.202
690.204,690.206
690.209,690.210
690.205,690.207
690.204,690.206
690.201,690.203
690.206,690.208
690.202,690.204
690.202,690.204
690.199,690.201
690.196,690.199
690.193,690.196
690.198,690.201
690.195,690.199
690.193,690.196
690.190,690.194
690.196,690.199
690.201,690.204
690.198,690.201
690.203,690.205
690.200,690.202
690.200,690.203
690.197,690.200
690.194,690.197
690.191,690.195
690.181,690.186
690.180,690.185
690.178,690.184
690.177,690.183
690.176,690.182
690.175,690.181
690.175,690.181
690.174,690.180
690.173,690.179
690.173,690.179
690.180,690.185
690.182,690.187
690.176,690.182
690.175,690.181
690.174,690.180
690.173,690.180
690.173,690.179
690.175,690.181
690.170,690.176
690.170,690.176
690.169,690.176
690.169,690.176
690.169,690.176
690.169,690.176
690.169,690.175
690.163,690.171
690.159,690.167
690.155,690.163
690.156,690.164
690.157,690.165
690.166,690.173
690.158,690.166
690.159,690.167
690.160,690.168
690.160,690.168
690.161,690.169
690.153,690.162
690.155,690.163
690.159,690.167
690.168,690.175
690.168,690.175
690.168,690.175
690.168,690.175
690.168,690.175
690.163,690.170
690.166,690.173
690.166,690.173
690.166,690.174
690.166,690.174
690.175,690.181
690.174,690.180
690.176,690.182
690.171,690.177
690.165,690.173
690.169,690.175
690.160,690.168
690.153,690.162
690.146,690.156
690.148,690.158
690.150,690.159
690.144,690.154
690.146,690.156
690.148,690.157
690.150,690.159
690.151,690.160
690.153,690.162
690.154,690.163
690.155,690.164
690.148,690.158
690.150,690.159
690.152,690.161
690.161,690.169
690.170,690.176
690.173,690.179
690.175,690.181
690.175,690.181
690.174,690.180
690.181,690.186
690.180,690.185
690.179,690.184
690.186,690.190
690.184,690.189
690.182,690.187
690.181,690.186
690.180,690.185
690.186,690.191
690.185,690.189
690.183,690.188
690.181,690.187
690.180,690.185
690.179,690.184
690.178,690.183
690.177,690.182
690.176,690.182
690.175,690.181
690.174,690.180
690.173,690.180
690.173,690.179
690.172,690.179
690.172,690.178
690.171,690.178
690.171,690.177
690.171,690.177
690.170,690.177
690.170,690.177
690.173,690.179
690.172,690.179
690.172,690.178
690.171,690.178
690.171,690.177
690.170,690.177
690.170,690.177
690.170,690.176
690.170,690.176
690.169,690.176
690.169,690.176
690.169,690.176
690.169,690.176
690.160,690.168
690.161,690.169
690.162,690.169
690.165,690.173
690.165,690.173
690.166,690.173
690.158,690.166
690.159,690.167
690.159,690.167
690.160,690.168
690.161,690.169
690.096,690.113
690.095,690.112
690.094,690.111
690.088,690.105
690.087,690.105
690.087,690.105
690.086,690.104
690.086,690.104
690.077,690.097
690.070,690.090
690.071,690.091
690.072,690.092
690.073,690.093
690.074,690.094
690.075,690.094
690.079,690.098
690.071,690.091
690.072,690.092
690.076,690.096
690.069,690.089
690.070,690.090
690.071,690.091
690.064,690.085
690.066,690.087
690.067,690.088
690.031,690.057
690.028,690.054
690.025,690.051
690.023,690.049
690.020,690.047
690.018,690.045
690.016,690.044
690.014,690.042
690.013,690.041
690.011,690.039
690.010,690.038
690.009,690.037
690.008,690.036
690.007,690.035
690.006,690.035
690.005,690.034
690.000,690.029
689.999,690.029
690.002,690.032
690.002,690.031
690.001,690.031
690.001,690.031
689.996,690.026
689.996,690.026
689.988,690.019
689.989,690.020
689.990,690.021
689.986,690.017
689.987,690.018
689.988,690.019
689.989,690.020
689.990,690.021
689.990,690.021
689.991,690.022
689.992,690.022
689.984,690.016
689.980,690.013
689.982,690.014
689.984,690.015
689.985,690.017
689.986,690.018
689.979,690.012
689.981,690.013
689.974,690.008
689.964,689.998
689.959,689.994
689.954,689.990
689.959,689.994
689.962,689.997
689.966,690.000
689.961,689.996
689.964,689.999
689.967,690.001
689.962,689.997
689.966,690.000
689.961,689.995
689.956,689.992
689.955,689.991
689.951,689.987
689.947,689.984
689.944,689.981
689.936,689.974
689.934,689.973
689.932,689.971
689.938,689.976
689.944,689.981
689.949,689.985
689.946,689.983
689.942,689.980
689.940,689.977
689.937,689.975
689.935,689.973
689.933,689.971
689.931,689.970
689.929,689.968
689.919,689.960
689.919,689.959
689.918,689.959
689.918,689.959
689.917,689.958
689.917,689.958
689.917,689.957
689.908,689.950
689.909,689.951
689.909,689.951
689.909,689.951
689.910,689.952
689.910,689.952
689.910,689.952
689.911,689.952
689.911,689.952
689.903,689.946
689.904,689.946
689.905,689.947
689.901,689.944
689.902,689.945
689.895,689.939
689.888,689.933
689.894,689.938
689.888,689.932
689.890,689.934
689.884,689.929
689.879,689.925
689.877,689.923
689.880,689.926
689.875,689.922
689.871,689.918
689.867,689.914
689.863,689.911
689.860,689.908
689.857,689.906
689.854,689.903
689.852,689.901
689.849,689.899
689.847,689.898
689.845,689.896
689.844,689.895
689.842,689.893
689.841,689.892
689.840,689.891
689.839,689.890
689.838,689.889
689.837,689.888
689.836,689.888
689.835,689.887
689.834,689.886
689.834,689.886
689.833,689.885
689.833,689.885
689.832,689.885
689.832,689.884
689.832,689.884
689.831,689.884
689.831,689.883
689.831,689.883
689.830,689.883
689.822,689.876
689.823,689.876
689.823,689.877
689.824,689.877
689.816,689.871
689.809,689.865
689.811,689.866
689.813,689.868
689.814,689.869
689.810,689.866
689.812,689.867
689.814,689.868
689.815,689.870
689.816,689.871
689.809,689.865
689.811,689.866
689.813,689.868
689.814,689.869
689.815,689.870
689.809,689.864
689.810,689.866
689.804,689.860
689.806,689.862
689.800,689.857
689.795,689.852
689.798,689.855
689.793,689.851
689.796,689.853
689.799,689.856
689.802,689.858
689.797,689.854
689.791,689.849
689.787,689.845
689.783,689.842
689.787,689.845
689.783,689.842
689.779,689.839
689.776,689.836
689.773,689.833
689.770,689.831
689.767,689.828
689.765,689.826
689.763,689.825
689.761,689.823
689.759,689.822
689.758,689.820
689.756,689.819
689.755,689.818
689.762,689.824
689.760,689.822
689.759,689.821
689.757,689.820
689.756,689.819
689.755,689.818
689.754,689.817
689.753,689.816
689.752,689.815
689.751,689.814
689.742,689.807
689.742,689.807
689.742,689.807
689.743,689.807
689.743,689.807
689.743,689.807
689.743,689.807
689.735,689.800
689.736,689.801
689.728,689.795
689.730,689.796
689.723,689.790
689.722,689.789
689.724,689.791
689.718,689.785
689.720,689.788
689.714,689.782
689.717,689.785
689.719,689.787
689.714,689.782
689.716,689.784
689.711,689.780
689.706,689.775
689.701,689.771
689.697,689.768
689.702,689.772
689.706,689.775
689.701,689.771
689.705,689.775
689.701,689.771
689.697,689.767
689.701,689.771
689.697,689.768
689.694,689.765
689.698,689.769
689.695,689.765
689.691,689.763
689.688,689.760
689.685,689.757
689.683,689.755
689.680,689.753
689.686,689.758
689.684,689.756
689.681,689.754
689.679,689.752
689.677,689.751
689.676,689.749
689.674,689.748
689.672,689.746
689.671,689.745
689.670,689.744
689.669,689.743
689.668,689.742
689.667,689.742
689.666,689.741
689.665,689.740
689.665,689.740
689.656,689.732
689.656,689.732
689.665,689.740
689.664,689.739
689.664,689.739
689.663,689.738
689.663,689.738
689.662,689.738
689.662,689.737
689.662,689.737
689.653,689.730
689.654,689.730
689.646,689.724
689.647,689.725
689.648,689.726
689.649,689.726
689.642,689.720
689.636,689.715
689.638,689.716
689.632,689.711
689.626,689.706
689.629,689.709
689.632,689.712
689.635,689.714
689.637,689.716
689.631,689.710
689.626,689.706
689.629,689.709
689.632,689.711
689.634,689.713
689.628,689.708
689.631,689.711
689.626,689.706
689.629,689.709
689.624,689.704
689.619,689.700
689.615,689.696
689.619,689.700
689.615,689.696
689.611,689.693
689.612,689.694
689.606,689.688
689.603,689.686
689.600,689.683
689.597,689.681
689.595,689.679
689.601,689.685
689.607,689.689
689.604,689.687
689.601,689.684
689.598,689.682
689.604,689.687
689.601,689.685
689.599,689.682
689.596,689.680
689.602,689.685
689.599,689.683
689.597,689.681
689.595,689.679
689.590,689.675
689.580,689.667
689.580,689.666
689.571,689.659
689.571,689.659
689.572,689.659
689.580,689.666
689.579,689.666
689.579,689.665
689.578,689.665
689.578,689.665
689.578,689.664
689.577,689.664
689.577,689.664
689.577,689.663
689.576,689.663
689.576,689.663
689.576,689.663
689.568,689.656
689.568,689.656
689.569,689.657
689.569,689.657
689.570,689.658
689.570,689.658
689.571,689.658
689.571,689.658
689.563,689.652
689.556,689.646
689.550,689.640
689.552,689.642
689.546,689.637
689.541,689.632
689.536,689.628
689.539,689.631
689.543,689.634
689.546,689.637
689.545,689.636
689.548,689.639
689.551,689.641
689.553,689.643
689.555,689.645
689.554,689.644
689.556,689.645
689.557,689.647
689.559,689.648
689.560,689.649
689.562,689.650
689.563,689.651
689.553,689.643
689.555,689.645
689.549,689.639
689.551,689.641
689.542,689.634
689.545,689.636
689.548,689.639
689.542,689.634
689.537,689.629
689.533,689.625
689.537,689.629
689.540,689.632
689.535,689.628
689.539,689.631
689.539,689.631
689.543,689.634
689.537,689.630
689.533,689.626
689.529,689.622
689.525,689.619
689.522,689.616
689.527,689.620
689.523,689.617
689.528,689.621
689.524,689.618
689.521,689.615
689.523,689.617
689.520,689.614
689.517,689.612
689.514,689.609
689.512,689.607
689.515,689.610
689.512,689.608
689.510,689.606
689.508,689.604
689.506,689.603
689.505,689.601
689.503,689.600
689.502,689.599
689.501,689.598
689.500,689.597
689.499,689.596
689.462,689.564
689.462,689.564
689.464,689.566
689.459,689.561
689.450,689.554
689.454,689.557
689.449,689.553
689.445,689.550
689.441,689.546
689.446,689.550
689.450,689.554
689.446,689.550
689.442,689.547
689.438,689.544
689.432,689.538
689.429,689.536
689.427,689.534
689.425,689.532
689.423,689.531
689.421,689.529
689.428,689.535
689.431,689.537
689.428,689.535
689.434,689.540
689.431,689.538
689.404,689.514
689.404,689.514
689.404,689.514
689.404,689.514
689.401,689.512
689.402,689.512
689.402,689.512
689.402,689.512
689.399,689.510
689.392,689.504
689.393,689.505
689.394,689.506
689.387,689.499
689.389,689.501
689.382,689.495
689.376,689.490
689.379,689.492
689.373,689.488
689.376,689.490
689.379,689.493
689.381,689.495
689.384,689.497
689.383,689.496
689.385,689.497
689.387,689.499
689.388,689.501
689.390,689.502
689.391,689.503
689.393,689.504
689.386,689.498
689.388,689.500
689.381,689.494
689.375,689.489
689.378,689.492
689.381,689.494
689.380,689.493
689.374,689.488
689.382,689.495
689.376,689.490
689.379,689.492
689.381,689.495
689.384,689.496
689.378,689.491
689.372,689.486
689.375,689.489
689.378,689.492
689.372,689.487
689.367,689.483
689.363,689.479
689.367,689.482
689.370,689.485
689.366,689.481
689.369,689.484
689.373,689.487
689.376,689.490
689.379,689.492
689.373,689.487
689.368,689.483
689.363,689.479
689.359,689.475
689.355,689.472
689.352,689.469
689.346,689.464
689.344,689.462
689.341,689.460
689.339,689.458
689.337,689.457
689.336,689.455
689.334,689.454
689.333,689.453
689.332,689.452
689.331,689.451
689.335,689.454
689.333,689.453
689.332,689.452
689.339,689.458
689.337,689.456
689.335,689.455
689.334,689.454
689.341,689.459
689.339,689.458
689.337,689.456
689.332,689.452
689.331,689.451
689.330,689.450
689.326,689.447
689.326,689.446
689.325,689.446
689.324,689.445
689.324,689.445
689.324,689.445
689.323,689.444
689.323,689.444
689.323,689.444
689.322,689.444
689.327,689.448
689.327,689.447
689.323,689.444
689.323,689.444
689.322,689.444
689.322,689.443
689.322,689.443
689.322,689.443
689.322,689.443
689.321,689.443
689.318,689.440
689.318,689.440
689.319,689.440
689.316,689.438
689.316,689.438
689.316,689.438
689.317,689.439
689.317,689.439
689.317,689.439
689.318,689.439
689.315,689.437
689.315,689.437
689.316,689.438
689.321,689.442
689.321,689.442
689.321,689.442
689.321,689.442
689.321,689.442
689.321,689.442
689.321,689.442
689.321,689.442
689.318,689.439
689.318,689.440
689.315,689.437
689.315,689.438
689.316,689.438
689.316,689.438
689.317,689.439
689.317,689.439
689.317,689.439
689.317,689.439
689.318,689.439
689.318,689.440
689.315,689.437
689.316,689.438
689.316,689.438
689.316,689.438
689.325,689.446
689.324,689.445
689.324,689.445
689.324,689.445
689.328,689.449
689.327,689.448
689.327,689.447
689.326,689.447
689.325,689.446
689.325,689.446
689.324,689.445
689.324,689.445
689.324,689.445
689.323,689.444
689.323,689.444
689.323,689.444
689.322,689.444
689.322,689.443
689.319,689.441
689.319,689.441
689.319,689.441
689.319,689.441
689.319,689.441
689.316,689.438
689.317,689.439
689.317,689.439
689.322,689.443
689.322,689.443
689.327,689.447
689.326,689.447
689.326,689.446
689.325,689.446
689.325,689.445
689.324,689.445
689.324,689.445
689.323,689.444
689.320,689.441
689.320,689.441
689.320,689.441
689.320,689.441
689.320,689.441
689.320,689.441
689.320,689.441
689.320,689.441
689.320,689.441
689.320,689.441
689.317,689.439
689.317,689.439
689.318,689.439
689.323,689.444
689.323,689.444
689.322,689.444
689.322,689.443
689.322,689.443
689.322,689.443
689.322,689.443
689.326,689.447
689.326,689.447
689.325,689.446
689.330,689.450
689.329,689.449
689.328,689.448
689.327,689.448
689.327,689.447
689.331,689.451
689.330,689.450
689.329,689.449
689.325,689.446
689.325,689.445
689.324,689.445
689.324,689.445
689.323,689.444
689.320,689.441
689.320,689.441
689.320,689.441
689.317,689.439
689.317,689.439
689.318,689.439
689.318,689.440
689.318,689.440
689.315,689.437
689.316,689.438
689.316,689.438
689.313,689.436
689.306,689.429
689.307,689.431
689.309,689.432
689.310,689.433
689.316,689.438
689.308,689.431
689.309,689.432
689.310,689.433
689.303,689.427
689.297,689.421
689.304,689.428
689.297,689.422
689.299,689.424
689.298,689.423
689.300,689.425
689.302,689.426
689.304,689.428
689.297,689.422
689.300,689.424
689.298,689.423
689.300,689.425
689.302,689.426
689.301,689.425
689.303,689.427
689.304,689.428
689.311,689.434
689.312,689.434
689.313,689.435
689.310,689.433
689.303,689.427
689.297,689.421
689.299,689.423
689.301,689.425
689.303,689.427
689.296,689.421
689.299,689.423
689.298,689.422
689.292,689.417
689.294,689.419
689.289,689.414
689.292,689.417
689.294,689.419
689.297,689.421
689.291,689.416
689.286,689.412
689.281,689.408
689.277,689.404
689.273,689.401
689.277,689.404
689.281,689.408
689.282,689.409
689.286,689.412
689.289,689.415
689.289,689.414
689.284,689.410
689.279,689.406
689.280,689.407
689.276,689.403
689.272,689.400
689.268,689.397
689.265,689.394
689.267,689.396
689.264,689.393
689.262,689.391
689.264,689.393
689.261,689.391
689.259,689.389
689.257,689.387
689.255,689.385
689.253,689.383
689.248,689.379
689.239,689.371
689.239,689.371
689.230,689.364
689.231,689.364
689.228,689.362
689.221,689.356
689.222,689.357
689.215,689.351
689.214,689.350
689.216,689.352
689.218,689.353
689.220,689.355
689.221,689.356
689.228,689.362
689.228,689.362
689.229,689.363
689.230,689.363
689.230,689.364
689.231,689.364
689.231,689.365
689.232,689.365
689.237,689.370
689.237,689.370
689.237,689.369
689.229,689.362
689.229,689.363
689.230,689.363
689.230,689.364
689.231,689.364
689.231,689.365
689.229,689.362
689.229,689.363
689.230,689.364
689.230,689.364
689.236,689.369
689.236,689.369
689.236,689.369
689.236,689.369
689.236,689.369
689.233,689.366
689.233,689.366
689.233,689.366
689.233,689.367
689.234,689.367
689.226,689.360
689.224,689.358
689.217,689.352
689.218,689.354
689.212,689.348
689.214,689.350
689.213,689.349
689.207,689.344
689.210,689.346
689.212,689.348
689.215,689.350
689.214,689.349
689.216,689.351
689.217,689.353
689.219,689.354
689.218,689.353
689.211,689.347
689.211,689.347
689.205,689.342
689.208,689.344
689.210,689.347
689.205,689.342
689.205,689.342
689.205,689.342
689.199,689.337
689.203,689.340
689.206,689.343
689.209,689.345
689.203,689.341
689.203,689.341
689.203,689.341
689.198,689.336
689.202,689.339
689.197,689.335
689.178,689.318
689.183,689.323
689.188,689.327
689.185,689.324
689.181,689.322
689.183,689.323
689.185,689.325
689.182,689.322
689.179,689.320
689.176,689.317
689.171,689.313
689.166,689.308
689.162,689.304
689.169,689.311
689.167,689.309
689.165,689.308
689.172,689.313
689.178,689.319
689.175,689.316
689.181,689.321
689.175,689.316
689.178,689.319
689.175,689.316
689.173,689.314
689.171,689.312
689.169,689.311
689.167,689.309
689.166,689.308
689.164,689.307
689.163,689.306
689.159,689.302
689.163,689.306
689.162,689.305
689.161,689.304
689.160,689.303
689.159,689.302
689.158,689.301
689.157,689.301
689.157,689.300
689.156,689.300
689.153,689.297
689.158,689.301
689.154,689.298
689.154,689.298
689.150,689.295
689.147,689.292
689.148,689.292
689.148,689.293
689.148,689.293
689.148,689.293
689.129,689.276
689.131,689.278
689.125,689.273
689.127,689.275
689.129,689.277
689.131,689.278
689.133,689.280
689.135,689.281
689.136,689.283
689.135,689.281
689.141,689.287
689.139,689.285
689.137,689.284
689.136,689.282
689.137,689.283
689.135,689.282
689.126,689.274
689.125,689.273
689.125,689.273
689.124,689.272
689.124,689.272
689.123,689.271
689.126,689.274
689.128,689.276
689.122,689.271
689.108,689.258
689.109,689.259
689.105,689.256
689.101,689.252
689.106,689.256
689.102,689.253
689.107,689.257
689.111,689.261
689.115,689.264
689.110,689.260
689.114,689.263
689.117,689.266
689.113,689.262
689.116,689.265
689.111,689.261
689.107,689.257
689.111,689.261
689.107,689.257
689.103,689.254
689.104,689.255
689.106,689.256
689.107,689.257
689.103,689.254
689.100,689.251
689.105,689.255
689.101,689.252
689.098,689.249
689.095,689.246
689.092,689.244
689.089,689.242
689.087,689.240
689.085,689.238
689.083,689.237
689.079,689.233
689.082,689.236
689.078,689.232
689.077,689.231
689.076,689.230
689.083,689.236
689.081,689.235
689.080,689.234
689.087,689.240
689.085,689.238
689.083,689.236
689.081,689.235
689.080,689.234
689.078,689.233
689.074,689.229
689.079,689.233
689.082,689.236
689.081,689.235
689.076,689.231
689.075,689.230
689.075,689.229
689.074,689.228
689.073,689.228
689.072,689.227
689.072,689.227
689.071,689.226
689.079,689.233
689.075,689.229
689.074,689.228
689.073,689.228
689.072,689.227
689.072,689.227
689.071,689.226
689.071,689.226
689.070,689.225
689.070,689.225
689.069,689.225
689.074,689.229
689.073,689.228
689.078,689.232
689.074,689.228
689.070,689.225
689.075,689.229
689.071,689.226
689.070,689.226
689.070,689.225
689.070,689.225
689.069,689.225
689.069,689.224
689.069,689.224
689.068,689.224
689.065,689.221
689.070,689.226
689.075,689.230
689.074,689.229
689.073,689.228
689.073,689.227
689.072,689.227
689.071,689.226
689.071,689.226
689.067,689.223
689.067,689.223
689.067,689.223
689.067,689.223
689.067,689.223
689.059,689.216
689.057,689.214
689.054,689.212
689.056,689.213
689.048,689.207
689.050,689.208
689.044,689.202
689.046,689.204
689.045,689.203
689.044,689.203
689.046,689.204
689.048,689.206
689.049,689.208
689.043,689.202
689.045,689.204
689.044,689.203
689.043,689.202
689.037,689.197
689.040,689.199
689.043,689.202
689.045,689.203
689.052,689.210
689.050,689.208
689.049,689.207
689.050,689.208
689.052,689.210
689.045,689.204
689.039,689.198
689.031,689.191
689.034,689.194
689.037,689.197
689.032,689.192
689.035,689.195
689.038,689.197
689.041,689.200
689.043,689.202
689.042,689.201
689.041,689.201
689.044,689.203
689.046,689.204
689.040,689.199
689.042,689.201
689.044,689.203
689.044,689.202
689.043,689.202
689.045,689.204
689.047,689.205
689.049,689.207
689.047,689.206
689.054,689.212
689.047,689.206
689.049,689.207
689.051,689.209
689.052,689.210
689.050,689.208
689.049,689.207
689.043,689.202
689.037,689.196
689.031,689.192
689.035,689.195
689.030,689.190
689.025,689.186
689.021,689.183
689.017,689.180
689.022,689.184
689.018,689.180
689.023,689.184
689.019,689.181
689.023,689.185
689.024,689.186
689.028,689.189
689.024,689.185
689.028,689.189
689.031,689.192
689.032,689.192
689.032,689.192
689.027,689.188
689.031,689.191
689.026,689.187
689.022,689.184
689.015,689.178
689.020,689.182
689.024,689.186
689.028,689.189
689.032,689.192
689.032,689.192
689.032,689.193
689.036,689.195
689.030,689.191
689.031,689.191
689.026,689.187
689.022,689.184
689.018,689.180
689.014,689.177
689.016,689.179
689.018,689.180
689.015,689.177
689.011,689.175
689.014,689.177
689.019,689.181
689.015,689.178
689.020,689.182
689.016,689.179
689.010,689.173
689.015,689.178
689.012,689.175
689.017,689.180
689.011,689.174
689.008,689.172
689.013,689.176
689.010,689.174
689.013,689.176
689.010,689.173
689.007,689.171
689.010,689.173
689.007,689.171
689.005,689.169
689.002,689.167
689.000,689.165
688.996,689.161
688.994,689.160
688.993,689.159
688.992,689.158
688.996,689.161
688.992,689.158
688.991,689.157
688.990,689.156
688.989,689.155
688.993,689.159
688.992,689.158
688.991,689.157
688.990,689.156
688.994,689.160
688.993,689.159
688.992,689.158
688.991,689.157
688.987,689.154
688.984,689.151
688.983,689.150
688.983,689.150
688.980,689.148
688.980,689.148
688.980,689.148
688.972,689.141
688.970,689.139
688.971,689.140
688.972,689.141
688.978,689.146
688.979,689.146
688.979,689.146
688.971,689.140
688.972,689.140
688.978,689.146
688.978,689.146
688.979,689.146
688.976,689.144
688.976,689.144
688.985,689.152
688.984,689.151
688.989,689.155
688.986,689.152
688.985,689.152
688.985,689.152
688.990,689.156
688.989,689.155
688.988,689.154
688.987,689.154
688.984,689.151
688.984,689.151
688.983,689.150
688.983,689.150
688.988,689.154
688.987,689.154
688.987,689.153
688.986,689.153
688.983,689.150
688.975,689.143
688.975,689.143
688.976,689.144
688.976,689.144
688.977,689.145
688.977,689.145
688.975,689.143
688.975,689.143
688.976,689.144
688.976,689.144
688.974,689.142
688.975,689.143
688.975,689.143
688.973,689.141
688.971,689.139
688.972,689.140
688.973,689.141
688.979,689.146
688.979,689.146
688.979,689.147
688.984,689.151
688.981,689.148
688.981,689.148
688.973,689.141
688.971,689.140
688.964,689.133
688.965,689.135
688.964,689.134
688.966,689.135
688.967,689.136
688.960,689.130
688.959,689.130
688.961,689.131
688.963,689.133
688.962,689.132
688.964,689.134
688.966,689.135
688.967,689.136
688.974,689.142
688.974,689.142
688.975,689.143
688.973,689.141
688.965,689.135
688.967,689.136
688.960,689.130
688.962,689.132
688.956,689.127
688.958,689.129
688.958,689.128
688.960,689.130
688.962,689.132
688.961,689.131
688.963,689.133
688.965,689.134
688.963,689.133
688.957,689.127
688.959,689.129
688.958,689.129
688.961,689.131
688.954,689.125
688.957,689.128
688.964,689.134
688.958,689.128
688.952,689.123
688.952,689.123
688.955,689.126
688.957,689.128
688.957,689.127
688.959,689.129
688.953,689.124
688.953,689.124
688.955,689.126
688.958,689.128
688.957,689.128
688.959,689.130
688.962,689.131
688.960,689.131
688.962,689.132
688.956,689.127
688.948,689.119
688.943,689.115
688.946,689.118
688.947,689.119
688.942,689.115
688.938,689.111
688.939,689.112
688.943,689.115
688.947,689.119
688.939,689.112
688.935,689.108
688.939,689.112
688.940,689.113
688.936,689.110
688.932,689.106
688.934,689.108
688.939,689.112
688.940,689.113
688.944,689.116
688.947,689.119
688.948,689.119
688.943,689.115
688.941,689.113
688.941,689.114
688.937,689.110
688.933,689.107
688.935,689.108
688.931,689.105
688.933,689.107
688.930,689.104
688.932,689.106
688.928,689.103
688.925,689.100
688.920,689.095
688.917,689.093
688.924,689.099
688.918,689.094
688.916,689.092
688.911,689.088
688.910,689.087
688.909,689.086
688.913,689.089
688.911,689.088
688.910,689.087
688.906,689.083
688.905,689.082
688.901,689.079
688.875,689.057
688.869,689.052
688.872,689.054
688.871,689.053
688.874,689.056
688.873,689.055
688.867,689.050
688.867,689.050
688.870,689.052
688.872,689.054
688.875,689.056
688.877,689.058
688.876,689.057
688.878,689.059
688.877,689.058
688.870,689.053
688.873,689.055
688.875,689.057
688.874,689.056
688.868,689.051
688.868,689.051
688.871,689.053
688.862,689.046
688.866,689.048
688.866,689.048
688.869,689.051
688.868,689.051
688.871,689.053
688.873,689.055
688.876,689.057
688.878,689.059
688.879,689.060
688.878,689.059
688.872,689.054
688.866,689.049
688.869,689.051
688.864,689.047
688.859,689.043
688.862,689.046
688.871,689.053
688.865,689.048
688.860,689.044
688.864,689.047
688.872,689.054
688.866,689.049
688.866,689.049
688.869,689.051
688.869,689.051
688.871,689.053
688.874,689.055
688.876,689.057
688.878,689.059
688.877,689.058
688.879,689.060
688.877,689.059
688.871,689.053
688.871,689.053
688.873,689.055
688.872,689.054
688.875,689.056
688.869,689.051
688.871,689.053
688.874,689.056
688.876,689.057
688.878,689.059
688.880,689.061
688.881,689.062
688.883,689.063
688.884,689.064
688.882,689.063
688.876,689.057
688.875,689.056
688.877,689.058
688.884,689.064
688.885,689.065
688.883,689.064
688.884,689.065
688.883,689.063
688.876,689.057
688.875,689.057
688.877,689.058
688.876,689.057
688.870,689.052
688.870,689.052
688.864,689.047
688.864,689.047
688.867,689.050
688.867,689.050
688.870,689.052
688.870,689.052
688.864,689.047
688.856,689.040
688.852,689.037
688.853,689.038
688.857,689.041
688.853,689.038
688.857,689.041
688.866,689.049
688.869,689.051
688.869,689.051
688.863,689.047
688.856,689.040
688.851,689.036
688.853,689.037
688.857,689.041
688.858,689.042
688.861,689.045
688.862,689.045
688.857,689.041
688.858,689.042
688.862,689.045
688.862,689.045
688.865,689.048
688.868,689.051
688.868,689.051
688.863,689.046
688.863,689.046
688.866,689.049
688.866,689.049
688.869,689.051
688.869,689.051
688.871,689.053
688.871,689.053
688.865,689.048
688.865,689.048
688.860,689.044
688.853,689.037
688.849,689.034
688.850,689.035
688.855,689.039
688.856,689.040
688.852,689.036
688.856,689.040
688.852,689.037
688.848,689.033
688.845,689.030
688.850,689.035
688.846,689.031
688.843,689.029
688.840,689.026
688.837,689.024
688.840,689.026
688.837,689.024
688.832,689.019
688.838,689.025
688.841,689.027
688.838,689.025
688.841,689.027
688.838,689.024
688.835,689.022
688.833,689.020
688.839,689.026
688.834,689.021
688.832,689.019
688.835,689.022
688.833,689.020
688.831,689.018
688.834,689.021
688.832,689.019
688.827,689.015
688.826,689.014
688.821,689.010
688.821,689.010
688.820,689.009
688.827,689.015
688.826,689.014
688.821,689.010
688.821,689.010
688.820,689.009
688.819,689.008
688.818,689.008
688.818,689.007
688.817,689.007
688.822,689.011
688.821,689.010
688.817,689.007
688.817,689.006
688.813,689.003
688.813,689.003
688.813,689.003
688.810,689.000
688.810,689.001
688.815,689.005
688.815,689.005
688.807,688.998
688.804,688.996
688.805,688.996
688.803,688.994
688.804,688.995
688.805,688.996
688.802,688.994
688.803,688.995
688.796,688.988
688.795,688.987
688.796,688.989
688.795,688.987
688.788,688.982
688.791,688.984
688.793,688.985
688.794,688.987
688.801,688.993
688.794,688.987
688.796,688.988
688.795,688.987
688.796,688.988
688.790,688.983
688.792,688.985
688.794,688.986
688.792,688.985
688.794,688.987
688.796,688.988
688.795,688.987
688.796,688.989
688.798,688.990
688.804,688.995
688.805,688.996
688.803,688.994
688.804,688.995
688.796,688.989
688.795,688.987
688.797,688.989
688.795,688.987
688.789,688.982
688.796,688.988
688.797,688.990
688.799,688.991
688.797,688.989
688.799,688.990
688.797,688.989
688.798,688.990
688.800,688.991
688.801,688.992
688.802,688.993
688.800,688.992
688.801,688.993
688.794,688.987
688.785,688.979
688.787,688.981
688.787,688.980
688.781,688.975
688.776,688.971
688.776,688.971
688.772,688.967
688.768,688.964
688.769,688.965
688.773,688.968
688.774,688.969
688.777,688.972
688.781,688.975
688.789,688.982
688.783,688.977
688.783,688.977
688.786,688.979
688.788,688.981
688.787,688.981
688.790,688.983
688.789,688.982
688.788,688.981
688.790,688.983
688.790,688.983
688.784,688.978
688.786,688.980
688.786,688.979
688.788,688.982
688.796,688.988
688.797,688.989
688.791,688.984
688.790,688.983
688.784,688.978
688.786,688.980
688.786,688.980
688.788,688.982
688.791,688.984
688.790,688.983
688.792,688.985
688.794,688.986
688.793,688.985
688.794,688.987
688.796,688.988
688.798,688.990
688.791,688.984
688.790,688.983
688.792,688.985
688.794,688.987
688.793,688.985
688.795,688.987
688.788,688.981
688.787,688.981
688.790,688.983
688.789,688.982
688.780,688.975
688.775,688.970
688.779,688.973
688.779,688.973
688.782,688.976
688.782,688.976
688.785,688.979
688.779,688.974
688.780,688.974
688.775,688.970
688.770,688.966
688.771,688.967
688.775,688.970
688.771,688.966
688.772,688.967
688.775,688.970
688.779,688.973
688.779,688.974
688.774,688.969
688.770,688.966
688.771,688.966
688.767,688.963
688.771,688.967
688.772,688.967
688.768,688.964
688.764,688.960
688.766,688.962
688.770,688.966
688.766,688.962
688.767,688.963
688.772,688.967
688.775,688.971
688.779,688.974
688.771,688.967
688.767,688.963
688.763,688.960
688.757,688.954
688.762,688.959
688.759,688.956
688.761,688.958
688.758,688.955
688.763,688.960
688.768,688.964
688.769,688.965
688.765,688.961
688.761,688.958
688.763,688.960
688.760,688.957
688.765,688.961
688.766,688.963
688.763,688.959
688.759,688.956
688.761,688.958
688.763,688.960
688.768,688.964
688.772,688.968
688.773,688.968
688.769,688.965
688.770,688.966
688.763,688.960
688.768,688.964
688.764,688.960
688.757,688.955
688.754,688.952
688.760,688.957
688.757,688.954
688.751,688.949
688.749,688.947
688.747,688.946
688.742,688.942
688.746,688.945
688.744,688.943
688.742,688.942
688.746,688.945
688.744,688.944
688.743,688.942
688.738,688.938
688.742,688.942
688.741,688.941
688.740,688.940
688.744,688.943
688.742,688.942
688.741,688.940
688.737,688.937
688.741,688.941
688.740,688.939
688.746,688.945
688.742,688.941
688.745,688.945
688.744,688.943
688.742,688.942
688.746,688.945
688.741,688.941
688.740,688.940
688.739,688.939
688.743,688.942
688.738,688.938
688.737,688.937
688.736,688.937
688.732,688.933
688.729,688.930
688.729,688.930
688.729,688.930
688.729,688.930
688.726,688.927
688.726,688.928
688.726,688.928
688.726,688.928
688.723,688.925
688.724,688.926
688.724,688.926
688.721,688.924
688.727,688.929
688.727,688.929
688.727,688.929
688.727,688.929
688.732,688.933
688.729,688.930
688.729,688.930
688.729,688.930
688.726,688.927
688.723,688.925
688.723,688.925
688.724,688.926
688.721,688.923
688.719,688.921
688.719,688.922
688.720,688.923
688.721,688.923
688.719,688.921
688.719,688.922
688.720,688.923
688.721,688.923
688.727,688.928
688.724,688.926
688.724,688.926
688.724,688.926
688.730,688.931
688.727,688.928
688.727,688.928
688.727,688.928
688.732,688.933
688.729,688.930
688.729,688.930
688.728,688.930
688.725,688.927
688.731,688.932
688.730,688.932
688.730,688.931
688.727,688.929
688.727,688.929
688.727,688.929
688.727,688.929
688.724,688.926
688.724,688.926
688.717,688.920
688.710,688.914
688.708,688.913
688.707,688.912
688.717,688.920
688.727,688.929
688.724,688.926
688.730,688.931
688.729,688.931
688.729,688.930
688.729,688.930
688.726,688.928
688.734,688.935
688.733,688.934
688.733,688.934
688.729,688.931
688.726,688.928
688.726,688.928
688.726,688.928
688.724,688.926
688.721,688.923
688.719,688.921
688.720,688.922
688.712,688.916
688.706,688.910
688.705,688.909
688.704,688.909
688.698,688.904
688.701,688.906
688.703,688.908
688.694,688.900
688.689,688.896
688.693,688.899
688.696,688.902
688.696,688.902
688.696,688.902
688.688,688.895
688.684,688.891
688.680,688.888
688.676,688.885
688.673,688.882
688.675,688.884
688.677,688.886
688.679,688.887
688.676,688.884
688.673,688.882
688.670,688.879
688.667,688.877
688.665,688.875
688.663,688.873
688.666,688.876
688.661,688.871
688.664,688.874
688.662,688.873
688.660,688.871
688.667,688.876
688.670,688.879
688.664,688.874
688.662,688.872
688.668,688.878
688.666,688.876
688.664,688.874
688.662,688.872
688.657,688.868
688.653,688.864
688.652,688.864
688.659,688.870
688.657,688.868
688.656,688.867
688.660,688.871
688.663,688.874
688.667,688.876
688.664,688.874
688.670,688.880
688.668,688.877
688.665,688.875
688.671,688.880
688.666,688.875
688.669,688.878
688.671,688.880
688.669,688.878
688.674,688.883
688.671,688.880
688.668,688.878
688.671,688.880
688.674,688.882
688.676,688.884
688.670,688.879
688.675,688.884
688.680,688.888
688.677,688.885
688.673,688.882
688.668,688.877
688.662,688.873
688.666,688.876
688.672,688.881
688.677,688.885
688.674,688.882
688.676,688.884
688.678,688.886
688.680,688.888
688.681,688.889
688.678,688.886
688.674,688.883
688.671,688.880
688.669,688.878
688.671,688.880
688.666,688.876
688.669,688.878
688.663,688.873
688.661,688.872
688.660,688.870
688.658,688.869
688.656,688.868
688.655,688.867
688.659,688.870
688.663,688.873
688.658,688.869
688.654,688.865
688.653,688.864
688.652,688.863
688.651,688.863
688.650,688.862
688.649,688.861
688.649,688.861
688.648,688.860
688.648,688.860
688.652,688.864
688.649,688.861
688.645,688.858
688.642,688.855
688.639,688.853
688.637,688.850
688.637,688.851
688.638,688.851
688.638,688.852
688.631,688.845
688.624,688.839
688.626,688.841
688.627,688.842
688.629,688.844
688.630,688.845
688.628,688.843
688.635,688.849
688.633,688.847
688.631,688.845
688.637,688.851
688.635,688.849
688.635,688.849
688.636,688.850
688.637,688.851
688.637,688.851
688.638,688.851
688.638,688.852
688.636,688.850
688.633,688.848
688.640,688.853
688.637,688.851
688.637,688.851
688.638,688.852
688.638,688.852
688.639,688.852
688.636,688.850
688.642,688.855
688.639,688.853
688.645,688.857
688.645,688.857
688.644,688.857
688.644,688.857
688.644,688.857
688.644,688.857
688.649,688.861
688.645,688.858
688.650,688.862
688.650,688.862
688.649,688.861
688.648,688.861
688.648,688.860
688.647,688.860
688.647,688.859
688.646,688.859
688.651,688.863
688.656,688.867
688.659,688.870
688.663,688.873
688.661,688.872
688.659,688.870
688.658,688.869
688.656,688.867
688.655,688.866
688.659,688.870
688.663,688.873
688.666,688.876
688.661,688.871
688.659,688.870
688.657,688.868
688.656,688.867
688.655,688.866
688.654,688.865
688.653,688.864
688.657,688.868
688.661,688.871
688.664,688.874
688.662,688.872
688.660,688.871
688.659,688.869
688.657,688.868
688.656,688.867
688.654,688.866
688.653,688.865
688.649,688.861
688.646,688.858
688.651,688.863
688.655,688.866
688.659,688.870
688.658,688.869
688.656,688.867
688.655,688.866
688.654,688.865
688.653,688.864
688.644,688.857
688.644,688.856
688.643,688.856
688.643,688.856
688.640,688.854
688.638,688.851
688.635,688.849
688.633,688.847
688.631,688.846
688.629,688.844
688.628,688.843
688.626,688.841
688.620,688.836
688.614,688.831
688.617,688.833
688.619,688.835
688.621,688.837
688.623,688.839
688.625,688.841
688.627,688.842
688.628,688.843
688.630,688.844
688.623,688.839
688.617,688.833
688.619,688.835
688.619,688.835
688.618,688.834
688.617,688.834
688.617,688.833
688.616,688.833
688.619,688.835
688.613,688.830
688.616,688.833
688.619,688.835
688.621,688.837
688.623,688.839
688.625,688.840
688.627,688.842
688.620,688.836
688.614,688.831
688.617,688.833
688.619,688.835
688.614,688.830
688.616,688.833
688.619,688.835
688.621,688.837
688.615,688.832
688.618,688.834
688.612,688.829
688.612,688.829
688.612,688.829
688.620,688.836
688.619,688.835
688.619,688.835
688.618,688.834
688.617,688.834
688.617,688.833
688.617,688.833
688.611,688.828
688.614,688.831
688.617,688.833
688.619,688.835
688.621,688.837
688.623,688.839
688.617,688.834
688.620,688.836
688.619,688.835
688.626,688.842
688.625,688.840
688.624,688.839
688.623,688.838
688.622,688.838
688.621,688.837
688.620,688.836
688.622,688.838
688.616,688.833
688.619,688.835
688.621,688.837
688.623,688.839
688.625,688.840
688.619,688.835
688.621,688.837
688.623,688.839
688.617,688.833
688.611,688.828
688.614,688.831
688.617,688.833
688.616,688.833
688.616,688.833
688.616,688.832
688.615,688.832
688.615,688.832
688.615,688.832
688.615,688.831
688.614,688.831
688.617,688.833
688.611,688.829
688.614,688.831
688.617,688.834
688.620,688.836
688.614,688.831
688.616,688.833
688.619,688.835
688.621,688.837
688.623,688.839
688.625,688.840
688.619,688.835
688.621,688.837
688.623,688.839
688.617,688.833
688.611,688.829
688.611,688.829
688.611,688.829
688.612,688.829
688.612,688.829
688.612,688.829
688.612,688.829
688.612,688.829
688.612,688.829
688.612,688.829
688.612,688.829
688.612,688.829
688.612,688.829
688.612,688.829
688.612,688.829
688.612,688.829
688.612,688.829
688.612,688.829
688.612,688.829
688.615,688.832
688.617,688.834
688.620,688.836
688.614,688.831
688.617,688.833
688.619,688.835
688.621,688.837
688.623,688.839
688.625,688.841
688.619,688.835
688.621,688.837
688.623,688.839
688.625,688.840
688.627,688.842
688.620,688.836
688.622,688.838
688.616,688.833
688.611,688.828
688.606,688.824
688.601,688.820
688.597,688.816
688.593,688.813
688.590,688.810
688.595,688.814
688.599,688.818
688.604,688.822
688.599,688.818
688.595,688.815
688.592,688.812
688.589,688.809
688.586,688.806
688.583,688.804
688.589,688.809
688.594,688.813
688.590,688.811
688.595,688.815
688.600,688.819
688.604,688.822
688.608,688.825
688.603,688.821
688.607,688.825
688.602,688.821
688.606,688.824
688.601,688.820
688.597,688.816
688.591,688.811
688.593,688.813
688.587,688.807
688.581,688.802
688.584,688.805
688.587,688.807
688.589,688.809
688.591,688.811
688.593,688.813
688.595,688.815
688.597,688.816
688.590,688.810
688.584,688.805
688.587,688.807
688.589,688.810
688.592,688.811
688.586,688.806
688.580,688.801
688.583,688.804
688.578,688.800
688.581,688.802
688.584,688.805
688.579,688.800
688.582,688.803
688.585,688.806
688.587,688.808
688.590,688.810
688.592,688.812
688.594,688.813
688.596,688.815
688.597,688.816
688.599,688.818
688.592,688.812
688.594,688.813
688.596,688.815
688.589,688.809
688.591,688.811
688.585,688.806
688.588,688.808
688.582,688.803
688.580,688.801
688.583,688.804
688.586,688.806
688.580,688.802
688.583,688.804
688.586,688.807
688.591,688.811
688.588,688.809
688.585,688.806
688.591,688.811
688.588,688.808
688.593,688.813
688.590,688.810
688.587,688.807
688.584,688.805
688.581,688.803
688.579,688.801
688.577,688.799
688.583,688.804
688.581,688.802
688.587,688.807
688.552,688.777
688.558,688.782
688.558,688.782
688.558,688.782
688.550,688.775
688.551,688.776
688.551,688.777
688.552,688.777
688.553,688.778
688.550,688.776
688.548,688.774
688.546,688.772
688.544,688.771
688.546,688.772
688.547,688.773
688.548,688.774
688.549,688.775
688.550,688.775
688.551,688.776
688.551,688.777
688.549,688.775
688.555,688.780
688.560,688.785
688.565,688.789
688.570,688.793
688.549,688.775
688.542,688.769
688.544,688.770
688.545,688.771
688.546,688.772
688.544,688.771
688.543,688.769
688.549,688.775
688.555,688.780
688.548,688.773
688.549,688.774
688.550,688.775
688.547,688.773
688.546,688.772
688.552,688.777
688.550,688.775
688.548,688.773
688.541,688.767
688.534,688.762
688.536,688.764
688.538,688.766
688.537,688.765
688.537,688.764
688.536,688.763
688.538,688.765
688.500,688.732
688.494,688.727
688.492,688.726
688.499,688.731
688.496,688.729
688.499,688.732
688.502,688.734
688.504,688.736
688.510,688.741
688.506,688.738
688.503,688.735
688.505,688.737
688.508,688.739
688.501,688.733
688.499,688.731
688.504,688.736
688.501,688.734
688.504,688.736
688.506,688.738
688.500,688.732
688.506,688.737
688.503,688.735
688.508,688.739
688.505,688.736
688.507,688.738
688.509,688.740
688.511,688.742
688.507,688.738
688.512,688.743
688.516,688.746
688.517,688.747
688.518,688.748
688.511,688.742
688.516,688.746
688.512,688.742
688.516,688.746
688.517,688.747
688.518,688.748
688.519,688.749
688.520,688.750
688.516,688.746
688.512,688.742
688.516,688.746
688.517,688.747
688.510,688.741
688.512,688.743
688.508,688.739
688.505,688.736
688.510,688.741
688.512,688.742
688.513,688.744
688.515,688.745
688.511,688.742
688.515,688.745
688.519,688.749
688.512,688.743
688.514,688.744
688.515,688.745
688.519,688.749
688.515,688.745
688.511,688.742
688.507,688.739
688.509,688.740
688.511,688.742
688.513,688.743
688.517,688.747
688.513,688.743
688.517,688.747
688.510,688.741
688.512,688.742
688.513,688.744
688.515,688.745
688.519,688.749
688.515,688.745
688.519,688.748
688.520,688.749
688.520,688.750
688.521,688.750
688.514,688.744
688.515,688.745
688.519,688.749
688.523,688.752
688.526,688.755
688.518,688.748
688.519,688.749
688.520,688.750
688.521,688.750
688.516,688.746
688.512,688.743
688.517,688.747
688.513,688.743
688.514,688.744
688.515,688.746
688.517,688.747
688.521,688.750
688.516,688.746
688.512,688.743
688.508,688.740
688.510,688.741
688.512,688.743
688.505,688.737
688.508,688.739
688.504,688.736
688.509,688.740
688.506,688.737
688.508,688.739
688.502,688.734
688.504,688.736
688.510,688.741
688.506,688.738
688.508,688.739
688.502,688.734
688.504,688.736
688.502,688.734
688.499,688.731
688.494,688.727
688.497,688.730
688.495,688.728
688.493,688.726
688.491,688.724
688.486,688.720
688.490,688.724
688.489,688.722
688.487,688.721
688.486,688.720
688.482,688.717
688.478,688.713
688.483,688.717
688.490,688.724
688.488,688.722
688.487,688.721
688.491,688.724
688.486,688.721
688.485,688.719
688.484,688.719
688.483,688.718
688.487,688.721
688.491,688.725
688.490,688.723
688.488,688.722
688.487,688.721
688.482,688.717
688.479,688.714
688.478,688.713
688.478,688.713
688.477,688.713
688.482,688.717
688.478,688.714
688.475,688.711
688.475,688.711
688.475,688.710
688.472,688.708
688.477,688.712
688.482,688.717
688.481,688.716
688.480,688.715
688.485,688.719
688.489,688.723
688.493,688.726
688.491,688.724
688.489,688.723
688.493,688.726
688.488,688.722
688.492,688.725
688.490,688.724
688.489,688.722
688.495,688.728
688.498,688.731
688.501,688.733
688.504,688.735
688.501,688.733
688.506,688.738
688.503,688.735
688.497,688.730
688.492,688.726
688.491,688.724
688.489,688.723
688.487,688.721
688.491,688.725
688.487,688.721
688.491,688.724
688.489,688.723
688.488,688.722
688.483,688.718
688.488,688.722
688.486,688.720
688.493,688.726
688.491,688.725
688.495,688.728
688.498,688.730
688.495,688.728
688.501,688.734
688.496,688.729
688.491,688.724
688.486,688.720
688.485,688.719
688.484,688.718
688.488,688.722
688.492,688.725
688.490,688.724
688.489,688.722
688.484,688.719
688.480,688.715
688.480,688.715
688.487,688.721
688.483,688.718
688.479,688.714
688.484,688.718
688.488,688.722
688.492,688.725
688.498,688.731
688.504,688.736
688.501,688.733
688.504,688.735
688.506,688.737
688.511,688.742
688.507,688.739
688.504,688.736
688.506,688.738
688.500,688.733
688.503,688.735
688.500,688.732
688.498,688.730
688.492,688.726
688.496,688.729
688.502,688.734
688.499,688.731
688.497,688.729
688.491,688.725
688.495,688.728
688.493,688.726
688.491,688.725
688.487,688.721
688.490,688.724
688.494,688.727
688.492,688.725
688.490,688.724
688.486,688.720
688.490,688.724
688.493,688.727
688.492,688.725
688.490,688.724
688.485,688.720
688.481,688.716
688.489,688.723
688.487,688.721
688.483,688.718
688.487,688.721
688.486,688.720
688.485,688.719
688.481,688.716
688.477,688.713
688.482,688.717
688.481,688.716
688.481,688.715
688.485,688.719
688.481,688.716
688.480,688.715
688.480,688.715
688.484,688.719
688.480,688.715
688.472,688.708
688.472,688.708
688.469,688.706
688.470,688.706
688.462,688.699
688.460,688.698
688.458,688.696
688.460,688.698
688.461,688.699
688.462,688.700
688.469,688.705
688.469,688.706
688.461,688.699
688.468,688.704
688.465,688.702
688.466,688.703
688.467,688.704
688.465,688.702
688.471,688.707
688.471,688.707
688.471,688.707
688.477,688.712
688.473,688.709
688.473,688.709
688.473,688.709
688.479,688.714
688.475,688.711
688.475,688.711
688.475,688.711
688.472,688.708
688.469,688.706
688.470,688.706
688.470,688.706
688.475,688.711
688.472,688.708
688.472,688.708
688.465,688.702
688.465,688.702
688.471,688.707
688.469,688.705
688.477,688.712
688.469,688.705
688.466,688.703
688.472,688.708
688.472,688.708
688.472,688.708
688.472,688.708
688.470,688.706
688.475,688.711
688.475,688.711
688.475,688.711
688.475,688.710
688.480,688.715
688.476,688.712
688.476,688.712
688.476,688.711
688.481,688.716
688.485,688.719
688.484,688.719
688.483,688.718
688.482,688.717
688.487,688.721
688.482,688.717
688.490,688.723
688.488,688.722
688.487,688.721
688.491,688.724
688.486,688.720
688.485,688.719
688.484,688.718
688.483,688.717
688.479,688.714
688.476,688.711
688.475,688.711
688.475,688.711
688.475,688.711
688.480,688.715
688.477,688.712
688.476,688.712
688.476,688.712
688.476,688.711
688.473,688.709
688.478,688.713
688.477,688.713
688.469,688.706
688.475,688.710
688.472,688.708
688.472,688.708
688.472,688.708
688.469,688.706
688.475,688.710
688.475,688.710
688.475,688.710
688.474,688.710
688.479,688.715
688.479,688.714
688.478,688.714
688.483,688.718
688.479,688.714
688.479,688.714
688.478,688.713
688.475,688.711
688.472,688.708
688.472,688.708
688.472,688.708
688.477,688.713
688.482,688.717
688.481,688.716
688.481,688.716
688.477,688.713
688.482,688.717
688.481,688.716
688.480,688.715
688.477,688.712
688.473,688.709
688.478,688.714
688.478,688.713
688.475,688.710
688.472,688.708
688.472,688.708
688.464,688.701
688.462,688.699
688.460,688.698
688.462,688.699
688.463,688.700
688.461,688.698
688.462,688.699
688.463,688.700
688.461,688.699
688.460,688.697
688.461,688.698
688.462,688.700
688.460,688.698
688.462,688.699
688.455,688.693
688.454,688.692
688.453,688.691
688.455,688.693
688.453,688.692
688.453,688.691
688.455,688.693
688.448,688.688
688.448,688.687
688.450,688.689
688.452,688.691
688.454,688.693
688.453,688.692
688.455,688.694
688.457,688.695
688.456,688.694
688.455,688.693
688.448,688.688
688.451,688.690
688.450,688.689
688.444,688.684
688.447,688.686
688.447,688.686
688.438,688.679
688.442,688.682
688.442,688.682
688.442,688.682
688.437,688.678
688.432,688.674
688.433,688.675
688.429,688.671
688.433,688.674
688.434,688.675
688.435,688.676
688.438,688.679
688.442,688.682
688.442,688.682
688.442,688.682
688.445,688.685
688.445,688.685
688.445,688.684
688.447,688.687
688.447,688.687
688.447,688.686
688.441,688.681
688.441,688.682
688.434,688.675
688.437,688.678
688.438,688.679
688.438,688.679
688.442,688.682
688.442,688.682
688.442,688.682
688.445,688.685
688.445,688.684
688.409,688.653
688.404,688.649
688.408,688.653
688.414,688.658
688.409,688.653
688.404,688.649
688.403,688.648
688.406,688.651
688.402,688.647
688.401,688.646
688.397,688.643
688.393,688.640
688.401,688.646
688.397,688.643
688.401,688.647
688.400,688.646
688.396,688.642
688.401,688.646
688.400,688.645
688.398,688.644
688.395,688.641
688.394,688.641
688.394,688.640
688.398,688.644
688.397,688.644
688.405,688.650
688.400,688.646
688.407,688.652
688.406,688.651
688.409,688.654
688.415,688.659
688.418,688.661
688.412,688.656
688.410,688.654
688.405,688.650
688.409,688.653
688.407,688.652
688.410,688.655
688.413,688.657
688.411,688.655
688.414,688.658
688.409,688.654
688.407,688.652
688.411,688.655
688.414,688.658
688.411,688.656
688.409,688.654
688.412,688.656
688.410,688.655
688.416,688.660
688.419,688.662
688.424,688.666
688.429,688.671
688.422,688.665
688.419,688.662
688.421,688.664
688.415,688.659
688.413,688.657
688.416,688.659
688.418,688.662
688.415,688.659
688.410,688.654
688.413,688.657
688.419,688.662
688.421,688.664
688.418,688.661
688.415,688.659
688.418,688.661
688.423,688.666
688.428,688.670
688.430,688.671
688.434,688.675
688.429,688.671
688.431,688.672
688.435,688.676
688.428,688.670
688.429,688.671
688.433,688.675
688.426,688.668
688.420,688.663
688.425,688.667
688.427,688.669
688.423,688.666
688.420,688.663
688.414,688.658
688.417,688.660
688.422,688.665
688.416,688.660
688.414,688.658
688.411,688.655
688.414,688.658
688.412,688.656
688.407,688.652
688.410,688.655
688.408,688.653
688.404,688.649
688.407,688.652
688.414,688.658
688.408,688.653
688.412,688.656
688.410,688.654
688.405,688.650
688.403,688.649
688.402,688.647
688.398,688.644
688.397,688.643
688.396,688.642
688.401,688.646
688.400,688.645
688.398,688.644
688.395,688.641
688.394,688.641
688.391,688.638
688.399,688.645
688.398,688.644
688.402,688.648
688.401,688.646
688.397,688.643
688.393,688.640
688.393,688.640
688.398,688.644
688.394,688.641
688.402,688.647
688.398,688.644
688.397,688.643
688.396,688.642
688.400,688.646
688.399,688.645
688.404,688.649
688.407,688.652
688.406,688.651
688.401,688.647
688.400,688.646
688.396,688.642
688.392,688.639
688.400,688.646
688.396,688.643
688.393,688.639
688.392,688.639
688.397,688.643
688.396,688.643
688.404,688.649
688.399,688.645
688.406,688.651
688.410,688.654
688.405,688.650
688.404,688.649
688.399,688.645
688.398,688.644
688.397,688.644
688.402,688.647
688.401,688.646
688.399,688.645
688.396,688.642
688.395,688.641
688.392,688.638
688.391,688.638
688.388,688.636
688.385,688.633
688.386,688.633
688.391,688.638
688.391,688.638
688.391,688.638
688.388,688.635
688.388,688.635
688.385,688.633
688.385,688.633
688.378,688.627
688.384,688.632
688.384,688.632
688.382,688.630
688.383,688.631
688.391,688.638
688.388,688.636
688.388,688.636
688.394,688.640
688.393,688.640
688.393,688.639
688.389,688.637
688.389,688.637
688.395,688.641
688.394,688.641
688.393,688.640
688.390,688.637
688.390,688.637
688.395,688.642
688.395,688.641
688.394,688.641
688.391,688.638
688.390,688.638
688.395,688.642
688.395,688.641
688.391,688.638
688.388,688.636
688.388,688.636
688.386,688.633
688.383,688.631
688.384,688.632
688.389,688.637
688.381,688.629
688.379,688.628
688.380,688.628
688.381,688.629
688.379,688.627
688.380,688.628
688.378,688.627
688.371,688.620
688.370,688.620
688.371,688.621
688.370,688.620
688.369,688.619
688.371,688.621
688.370,688.620
688.372,688.621
688.379,688.627
688.377,688.626
688.370,688.620
688.369,688.619
688.371,688.620
688.370,688.619
688.371,688.621
688.373,688.622
688.372,688.621
688.373,688.623
688.372,688.622
688.374,688.623
688.372,688.622
688.371,688.621
688.370,688.620
688.369,688.619
688.371,688.620
688.369,688.619
688.363,688.614
688.363,688.614
688.365,688.616
688.365,688.615
688.364,688.615
688.367,688.617
688.366,688.616
688.368,688.618
688.367,688.617
688.369,688.619
688.368,688.618
688.370,688.620
688.372,688.622
688.371,688.620
688.372,688.622
688.371,688.621
688.373,688.622
688.372,688.621
688.373,688.623
688.372,688.621
688.371,688.620
688.370,688.619
688.360,688.612
688.363,688.614
688.363,688.614
688.365,688.616
688.365,688.615
688.367,688.617
688.369,688.619
688.368,688.618
688.370,688.620
688.369,688.619
688.363,688.614
688.370,688.620
688.372,688.622
688.371,688.621
688.362,688.613
688.364,688.615
688.364,688.614
688.366,688.617
688.366,688.616
688.368,688.618
688.375,688.624
688.376,688.625
688.375,688.624
688.373,688.623
688.375,688.624
688.373,688.623
688.367,688.617
688.366,688.616
688.368,688.618
688.367,688.617
688.375,688.624
688.376,688.625
688.374,688.624
688.368,688.618
688.367,688.617
688.369,688.619
688.368,688.618
688.370,688.620
688.369,688.619
688.368,688.618
688.370,688.620
688.369,688.619
688.363,688.614
688.362,688.613
688.365,688.615
688.364,688.615
688.359,688.610
688.359,688.610
688.353,688.606
688.346,688.599
688.350,688.603
688.351,688.603
688.352,688.604
688.347,688.600
688.340,688.594
688.345,688.598
688.346,688.599
688.350,688.603
688.351,688.604
688.347,688.600
688.348,688.601
688.352,688.604
688.352,688.605
688.356,688.608
688.348,688.601
688.352,688.604
688.353,688.605
688.348,688.601
688.349,688.602
688.345,688.598
688.346,688.599
688.342,688.596
688.344,688.597
688.340,688.594
688.342,688.595
688.338,688.592
688.340,688.594
688.337,688.591
688.339,688.593
688.336,688.590
688.338,688.592
688.340,688.594
688.342,688.595
688.343,688.597
688.345,688.598
688.349,688.602
688.350,688.602
688.346,688.599
688.347,688.600
688.348,688.601
688.344,688.597
688.345,688.598
688.341,688.595
688.343,688.596
688.347,688.600
688.340,688.594
688.334,688.589
688.328,688.584
688.326,688.582
688.321,688.578
688.320,688.576
688.323,688.579
688.319,688.575
688.317,688.574
688.321,688.578
688.320,688.576
688.315,688.573
688.314,688.572
688.319,688.575
688.325,688.581
688.320,688.577
688.324,688.580
688.322,688.578
688.326,688.582
688.324,688.580
688.327,688.583
688.333,688.588
688.335,688.590
688.332,688.587
688.327,688.583
688.325,688.581
688.320,688.577
688.318,688.575
688.314,688.572
688.321,688.578
688.317,688.574
688.313,688.570
688.312,688.570
688.316,688.574
688.315,688.573
688.311,688.569
688.308,688.566
688.313,688.570
688.312,688.570
688.316,688.573
688.315,688.572
688.319,688.576
688.326,688.582
688.329,688.584
688.335,688.589
688.329,688.584
688.335,688.589
688.337,688.591
688.342,688.596
688.336,688.590
688.330,688.585
688.325,688.581
688.331,688.586
688.333,688.588
688.331,688.586
688.333,688.588
688.331,688.586
688.325,688.581
688.331,688.586
688.326,688.582
688.321,688.577
688.317,688.574
688.315,688.573
688.312,688.569
688.308,688.566
688.316,688.573
688.312,688.569
688.311,688.569
688.308,688.566
688.307,688.566
688.312,688.570
688.319,688.576
688.323,688.579
688.329,688.585
688.332,688.587
688.330,688.585
688.324,688.580
688.322,688.578
688.318,688.575
688.324,688.580
688.328,688.583
688.334,688.588
688.336,688.590
688.333,688.588
688.327,688.583
688.333,688.588
688.328,688.583
688.333,688.588
688.336,688.590
688.333,688.588
688.327,688.583
688.333,688.588
688.336,688.590
688.333,688.588
688.335,688.590
688.332,688.587
688.343,688.596
688.344,688.598
688.349,688.601
688.349,688.602
688.345,688.598
688.327,688.583
688.330,688.586
688.325,688.581
688.320,688.577
688.316,688.573
688.315,688.572
688.311,688.569
688.310,688.568
688.315,688.572
688.314,688.571
688.310,688.568
688.310,688.568
688.306,688.565
688.306,688.565
688.311,688.569
688.310,688.568
688.307,688.565
688.307,688.565
688.312,688.569
688.316,688.573
688.315,688.572
688.311,688.569
688.311,688.568
688.307,688.565
688.307,688.565
688.312,688.569
688.311,688.569
688.308,688.566
688.312,688.570
688.312,688.569
688.308,688.566
688.308,688.566
688.305,688.563
688.305,688.563
688.302,688.561
688.302,688.561
688.299,688.559
688.300,688.559
688.297,688.557
688.295,688.555
688.296,688.556
688.302,688.561
688.302,688.561
688.308,688.566
688.307,688.566
688.304,688.563
688.312,688.570
688.311,688.569
688.316,688.573
688.315,688.572
688.314,688.571
688.313,688.570
688.309,688.567
688.309,688.567
688.306,688.564
688.305,688.564
688.302,688.561
688.300,688.559
688.297,688.557
688.295,688.555
688.296,688.556
688.294,688.554
688.295,688.555
688.293,688.553
688.294,688.554
688.292,688.553
688.293,688.554
688.292,688.552
688.290,688.551
688.291,688.552
688.290,688.550
688.291,688.552
688.289,688.550
688.291,688.551
688.292,688.553
688.299,688.558
688.299,688.558
688.297,688.556
688.306,688.564
688.311,688.568
688.310,688.568
688.307,688.565
688.312,688.569
688.308,688.566
688.305,688.564
688.302,688.561
688.302,688.561
688.308,688.566
688.304,688.563
688.304,688.563
688.302,688.561
688.302,688.561
688.307,688.566
688.315,688.572
688.319,688.576
688.318,688.575
688.314,688.571
688.318,688.575
688.317,688.574
688.313,688.570
688.312,688.570
688.316,688.573
688.315,688.572
688.311,688.569
688.308,688.566
688.313,688.570
688.309,688.567
688.309,688.567
688.305,688.564
688.305,688.564
688.302,688.561
688.294,688.554
688.293,688.553
688.291,688.551
688.284,688.546
688.283,688.545
688.285,688.546
688.284,688.546
688.286,688.547
688.293,688.553
688.291,688.552
688.292,688.553
688.299,688.558
688.299,688.559
688.297,688.557
688.298,688.557
688.295,688.555
688.293,688.554
688.294,688.554
688.292,688.553
688.286,688.547
688.284,688.546
688.284,688.545
688.285,688.547
688.284,688.546
688.286,688.547
688.285,688.547
688.284,688.546
688.278,688.540
688.278,688.540
688.272,688.535
688.272,688.535
688.267,688.531
688.276,688.539
688.276,688.538
688.279,688.541
688.278,688.540
688.273,688.536
688.276,688.538
688.276,688.538
688.278,688.541
688.278,688.540
688.280,688.542
688.280,688.542
688.282,688.544
688.281,688.543
688.281,688.543
688.283,688.545
688.282,688.544
688.281,688.543
688.284,688.545
688.283,688.544
688.285,688.546
688.284,688.545
688.286,688.547
688.285,688.546
688.286,688.548
688.288,688.549
688.287,688.548
688.289,688.549
688.287,688.548
688.289,688.550
688.287,688.548
688.289,688.550
688.288,688.549
688.289,688.550
688.288,688.549
688.287,688.548
688.288,688.549
688.295,688.555
688.296,688.556
688.294,688.554
688.295,688.555
688.293,688.553
688.291,688.552
688.292,688.553
688.291,688.551
688.292,688.552
688.290,688.551
688.292,688.552
688.290,688.551
688.288,688.549
688.290,688.551
688.289,688.549
688.282,688.544
688.281,688.543
688.275,688.538
688.278,688.540
688.278,688.540
688.280,688.542
688.288,688.549
688.289,688.550
688.296,688.556
688.297,688.556
688.295,688.555
688.293,688.553
688.286,688.547
688.293,688.553
688.294,688.554
688.292,688.552
688.285,688.546
688.284,688.546
688.291,688.552
688.292,688.553
688.291,688.551
688.292,688.552
688.290,688.551
688.292,688.552
688.285,688.546
688.284,688.545
688.286,688.547
688.285,688.546
688.287,688.548
688.285,688.547
688.287,688.548
688.294,688.554
688.295,688.555
688.301,688.560
688.299,688.558
688.291,688.552
688.289,688.550
688.291,688.551
688.289,688.550
688.291,688.551
688.289,688.550
688.296,688.556
688.297,688.556
688.294,688.555
688.295,688.555
688.301,688.561
688.299,688.558
688.299,688.559
688.297,688.557
688.298,688.557
688.295,688.555
688.293,688.554
688.294,688.555
688.293,688.553
688.294,688.554
688.292,688.552
688.293,688.553
688.299,688.559
688.297,688.557
688.298,688.557
688.295,688.555
688.293,688.554
688.286,688.548
688.285,688.547
688.287,688.548
688.286,688.547
688.285,688.546
688.287,688.548
688.285,688.547
688.279,688.541
688.281,688.543
688.281,688.543
688.283,688.545
688.290,688.551
688.292,688.552
688.290,688.551
688.291,688.552
688.292,688.553
688.291,688.551
688.292,688.552
688.290,688.551
688.292,688.552
688.285,688.546
688.284,688.545
688.286,688.547
688.280,688.542
688.279,688.541
688.281,688.543
688.281,688.543
688.280,688.542
688.282,688.544
688.282,688.543
688.284,688.545
688.283,688.544
688.282,688.544
688.284,688.546
688.291,688.552
688.293,688.553
688.291,688.551
688.289,688.550
688.291,688.551
688.289,688.550
688.291,688.551
688.284,688.545
688.283,688.544
688.277,688.539
688.277,688.539
688.279,688.541
688.282,688.543
688.281,688.543
688.275,688.538
688.275,688.538
688.275,688.538
688.278,688.540
688.277,688.540
688.280,688.542
688.279,688.542
688.279,688.541
688.281,688.543
688.281,688.543
688.283,688.545
688.277,688.539
688.277,688.539
688.279,688.541
688.279,688.541
688.278,688.541
688.273,688.536
688.273,688.536
688.273,688.536
688.268,688.532
688.261,688.525
688.262,688.526
688.258,688.523
688.251,688.517
688.254,688.519
688.250,688.516
688.253,688.518
688.247,688.513
688.252,688.518
688.254,688.520
688.259,688.524
688.255,688.521
688.249,688.515
688.246,688.513
688.252,688.518
688.246,688.513
688.243,688.510
688.246,688.513
688.249,688.515
688.246,688.513
688.249,688.515
688.243,688.510
688.241,688.508
688.239,688.507
688.242,688.509
688.248,688.515
688.251,688.517
688.253,688.519
688.258,688.523
688.251,688.517
688.254,688.519
688.258,688.523
688.260,688.525
688.256,688.521
688.258,688.523
688.259,688.524
688.256,688.521
688.249,688.516
688.252,688.518
688.249,688.515
688.251,688.517
688.245,688.512
688.243,688.510
688.246,688.512
688.249,688.515
688.254,688.519
688.248,688.514
688.250,688.516
688.247,688.514
688.245,688.512
688.248,688.514
688.253,688.519
688.255,688.520
688.257,688.522
688.253,688.519
688.258,688.523
688.260,688.524
688.253,688.519
688.250,688.516
688.252,688.518
688.249,688.515
688.251,688.517
688.254,688.519
688.250,688.516
688.247,688.514
688.250,688.516
688.255,688.521
688.257,688.522
688.251,688.517
688.256,688.521
688.260,688.525
688.262,688.526
688.263,688.527
688.259,688.524
688.255,688.520
688.257,688.522
688.253,688.519
688.255,688.521
688.257,688.522
688.262,688.526
688.258,688.523
688.259,688.524
688.255,688.521
688.257,688.522
688.251,688.517
688.248,688.514
688.242,688.509
688.245,688.512
688.251,688.517
688.253,688.519
688.258,688.523
688.254,688.520
688.256,688.522
688.253,688.519
688.255,688.520
688.249,688.515
688.246,688.513
688.252,688.517
688.246,688.512
688.248,688.515
688.246,688.512
688.224,688.493
688.220,688.490
688.220,688.490
688.225,688.495
688.222,688.492
688.222,688.492
688.219,688.489
688.219,688.489
688.219,688.489
688.216,688.487
688.222,688.492
688.230,688.498
688.226,688.495
688.222,688.492
688.222,688.492
688.219,688.489
688.224,688.494
688.224,688.493
688.221,688.491
688.218,688.488
688.218,688.488
688.215,688.486
688.213,688.484
688.214,688.484
688.214,688.485
688.224,688.494
688.229,688.498
688.225,688.495
688.222,688.492
688.222,688.491
688.219,688.489
688.216,688.486
688.216,688.487
688.216,688.487
688.214,688.485
688.215,688.485
688.212,688.483
688.210,688.482
688.216,688.487
688.216,688.487
688.214,688.485
688.212,688.483
688.212,688.484
688.210,688.482
688.208,688.480
688.209,688.481
688.210,688.482
688.208,688.480
688.207,688.479
688.208,688.480
688.217,688.487
688.225,688.494
688.224,688.494
688.221,688.491
688.226,688.496
688.226,688.495
688.222,688.492
688.219,688.489
688.216,688.487
688.217,688.487
688.217,688.487
688.222,688.492
688.219,688.490
688.219,688.490
688.225,688.494
688.221,688.491
688.221,688.491
688.213,688.484
688.211,688.482
688.217,688.487
688.209,688.481
688.207,688.479
688.214,688.485
688.211,688.483
688.212,688.483
688.218,688.488
688.223,688.493
688.220,688.490
688.220,688.490
688.225,688.495
688.222,688.492
688.230,688.499
688.226,688.495
688.231,688.499
688.238,688.505
688.241,688.508
688.244,688.511
688.242,688.509
688.237,688.505
688.233,688.501
688.229,688.497
688.228,688.497
688.224,688.494
688.229,688.498
688.220,688.490
688.220,688.490
688.217,688.488
688.214,688.485
688.223,688.493
688.220,688.490
688.217,688.487
688.214,688.485
688.215,688.486
688.213,688.484
688.218,688.489
688.219,688.489
688.224,688.493
688.221,688.491
688.221,688.491
688.220,688.490
688.218,688.488
688.215,688.486
688.213,688.484
688.205,688.477
688.212,688.483
688.210,688.481
688.211,688.482
688.211,688.483
688.209,688.481
688.216,688.486
688.216,688.487
688.213,688.484
688.211,688.482
688.209,688.481
688.210,688.482
688.208,688.480
688.206,688.478
688.205,688.477
688.206,688.478
688.208,688.479
688.206,688.478
688.204,688.477
688.206,688.478
688.207,688.479
688.205,688.478
688.204,688.476
688.195,688.468
688.197,688.470
688.196,688.470
688.196,688.469
688.195,688.469
688.198,688.471
688.200,688.472
688.199,688.472
688.190,688.464
688.190,688.464
688.185,688.459
688.177,688.453
688.178,688.454
688.179,688.455
688.180,688.456
688.184,688.459
688.179,688.455
688.180,688.456
688.173,688.450
688.178,688.453
688.174,688.450
688.178,688.454
688.179,688.455
688.180,688.456
688.181,688.456
688.185,688.460
688.188,688.462
688.188,688.463
688.188,688.463
688.191,688.465
688.186,688.461
688.178,688.454
688.180,688.455
688.180,688.456
688.176,688.452
688.177,688.453
688.179,688.454
688.180,688.455
688.183,688.459
688.179,688.454
688.175,688.451
688.176,688.452
688.185,688.460
688.189,688.463
688.189,688.463
688.189,688.463
688.189,688.463
688.192,688.466
688.187,688.461
688.187,688.461
688.179,688.455
688.180,688.456
688.176,688.452
688.177,688.453
688.178,688.454
688.174,688.451
688.179,688.454
688.180,688.455
688.181,688.456
688.174,688.450
688.170,688.447
688.172,688.448
688.173,688.450
688.175,688.451
688.168,688.446
688.173,688.450
688.175,688.451
688.176,688.452
688.178,688.453
688.182,688.457
688.185,688.460
688.186,688.460
688.186,688.461
688.186,688.461
688.182,688.457
688.185,688.460
688.186,688.460
688.186,688.461
688.186,688.461
688.190,688.464
688.184,688.459
688.185,688.460
688.185,688.460
688.189,688.463
688.192,688.465
688.191,688.465
688.191,688.465
688.191,688.465
688.186,688.460
688.189,688.463
688.181,688.456
688.182,688.457
688.183,688.458
688.178,688.454
688.179,688.455
688.180,688.456
688.181,688.456
688.185,688.460
688.180,688.456
688.181,688.456
688.182,688.457
688.183,688.458
688.178,688.454
688.174,688.450
688.176,688.452
688.177,688.453
688.178,688.454
688.182,688.457
688.186,688.460
688.186,688.461
688.178,688.454
688.174,688.451
688.179,688.454
688.180,688.455
688.181,688.456
688.182,688.457
688.185,688.460
688.188,688.463
688.189,688.463
688.189,688.463
688.184,688.459
688.179,688.455
688.175,688.451
688.168,688.445
688.170,688.447
688.172,688.449
688.166,688.443
688.163,688.441
688.165,688.443
688.168,688.445
688.162,688.440
688.164,688.442
688.162,688.440
688.159,688.437
688.162,688.440
688.165,688.442
688.167,688.444
688.164,688.442
688.161,688.439
688.164,688.442
688.166,688.444
688.169,688.446
688.171,688.447
688.167,688.445
688.169,688.446
688.171,688.448
688.173,688.450
688.169,688.446
688.166,688.444
688.168,688.446
688.170,688.447
688.172,688.449
688.177,688.453
688.178,688.454
688.179,688.455
688.180,688.456
688.181,688.456
688.185,688.460
688.180,688.455
688.181,688.456
688.182,688.457
688.185,688.460
688.189,688.463
688.181,688.456
688.174,688.450
688.167,688.444
688.169,688.446
688.174,688.450
688.167,688.445
688.162,688.440
688.164,688.442
688.167,688.444
688.164,688.441
688.161,688.439
688.164,688.441
688.166,688.444
688.168,688.446
688.173,688.450
688.175,688.451
688.176,688.452
688.178,688.453
688.179,688.454
688.183,688.458
688.178,688.454
688.179,688.455
688.180,688.456
688.181,688.457
688.185,688.460
688.188,688.463
688.188,688.463
688.188,688.463
688.189,688.463
688.189,688.463
688.184,688.459
688.187,688.462
688.182,688.457
688.175,688.451
688.168,688.445
688.170,688.447
688.172,688.449
688.169,688.446
688.165,688.443
688.168,688.445
688.170,688.447
688.172,688.448
688.168,688.445
688.173,688.450
688.175,688.451
688.168,688.445
688.170,688.447
688.175,688.451
688.171,688.448
688.173,688.449
688.174,688.451
688.168,688.445
688.170,688.447
688.167,688.444
688.172,688.448
688.165,688.443
688.168,688.445
688.165,688.442
688.170,688.447
688.172,688.448
688.173,688.450
688.175,688.451
688.168,688.446
688.165,688.443
688.170,688.447
688.172,688.449
688.174,688.450
688.175,688.452
688.172,688.448
688.168,688.445
688.165,688.443
688.167,688.445
688.169,688.446
688.171,688.448
688.176,688.452
688.180,688.456
688.176,688.452
688.177,688.453
688.178,688.454
688.172,688.448
688.168,688.445
688.173,688.449
688.169,688.446
688.163,688.441
688.166,688.443
688.160,688.438
688.155,688.434
688.153,688.432
688.159,688.438
688.162,688.440
688.165,688.442
688.159,688.438
688.165,688.443
688.170,688.447
688.172,688.449
688.174,688.450
688.175,688.451
688.171,688.448
688.168,688.445
688.165,688.442
688.167,688.444
688.169,688.446
688.171,688.448
688.173,688.450
688.169,688.446
688.171,688.448
688.165,688.443
688.168,688.445
688.164,688.442
688.162,688.440
688.159,688.437
688.162,688.440
688.157,688.435
688.160,688.438
688.157,688.436
688.161,688.439
688.163,688.441
688.166,688.443
688.168,688.445
688.165,688.442
688.167,688.445
688.161,688.439
688.156,688.435
688.154,688.433
688.152,688.432
688.151,688.430
688.146,688.426
688.142,688.423
688.147,688.427
688.151,688.430
688.150,688.429
688.145,688.426
688.142,688.422
688.146,688.426
688.150,688.430
688.146,688.426
688.153,688.432
688.151,688.431
688.147,688.427
688.151,688.430
688.155,688.434
688.158,688.437
688.156,688.435
688.162,688.440
688.159,688.438
688.154,688.433
688.158,688.436
688.164,688.441
688.169,688.446
688.174,688.450
688.175,688.451
688.169,688.446
688.171,688.447
688.172,688.449
688.166,688.443
688.163,688.441
688.166,688.443
688.168,688.445
688.170,688.447
688.172,688.449
688.176,688.452
688.181,688.456
688.184,688.459
688.177,688.453
688.170,688.447
688.172,688.448
688.174,688.450
688.178,688.454
688.174,688.450
688.175,688.452
688.169,688.446
688.171,688.448
688.175,688.452
688.172,688.448
688.165,688.443
688.160,688.438
688.162,688.440
688.165,688.443
688.167,688.445
688.162,688.440
688.164,688.442
688.159,688.437
688.156,688.435
688.154,688.433
688.153,688.432
688.148,688.428
688.152,688.431
688.150,688.430
688.149,688.429
688.148,688.427
688.152,688.431
688.155,688.434
688.159,688.437
688.154,688.433
688.160,688.438
688.157,688.436
688.161,688.439
688.155,688.434
688.159,688.437
688.164,688.442
688.159,688.437
688.142,688.423
688.141,688.422
688.141,688.421
688.148,688.428
688.152,688.431
688.156,688.434
688.159,688.437
688.154,688.433
688.152,688.431
688.150,688.430
688.149,688.429
688.145,688.425
688.141,688.422
688.146,688.426
688.150,688.429
688.148,688.428
688.147,688.427
688.151,688.431
688.155,688.434
688.158,688.437
688.161,688.439
688.159,688.437
688.165,688.442
688.162,688.440
688.156,688.435
688.138,688.419
688.138,688.419
688.143,688.423
688.147,688.427
688.143,688.424
688.140,688.421
688.139,688.420
688.139,688.420
688.138,688.420
688.135,688.417
688.133,688.414
688.138,688.419
688.135,688.416
688.135,688.416
688.135,688.416
688.135,688.416
688.140,688.421
688.137,688.418
688.134,688.416
688.139,688.420
688.136,688.417
688.136,688.417
688.144,688.424
688.148,688.428
688.144,688.425
688.148,688.428
688.144,688.425
688.141,688.421
688.140,688.421
688.140,688.421
688.139,688.420
688.144,688.424
688.140,688.421
688.145,688.425
688.141,688.422
688.138,688.419
688.135,688.416
688.135,688.416
688.135,688.416
688.135,688.416
688.127,688.409
688.125,688.408
688.123,688.406
688.121,688.405
688.120,688.403
688.118,688.402
688.117,688.401
688.119,688.403
688.112,688.397
688.115,688.399
688.116,688.401
688.123,688.407
688.122,688.405
688.120,688.404
688.119,688.403
688.117,688.401
688.116,688.400
688.118,688.402
688.120,688.403
688.121,688.405
688.114,688.399
688.114,688.398
688.113,688.397
688.112,688.397
688.112,688.396
688.111,688.396
688.110,688.395
688.110,688.395
688.110,688.395
688.112,688.397
688.114,688.399
688.116,688.400
688.118,688.402
688.120,688.403
688.118,688.402
688.117,688.401
688.108,688.393
688.108,688.393
688.107,688.393
688.107,688.393
688.107,688.392
688.107,688.392
688.115,688.399
688.114,688.398
688.108,688.393
688.110,688.395
688.113,688.397
688.115,688.399
688.114,688.398
688.113,688.398
688.112,688.397
688.112,688.397
688.111,688.396
688.119,688.402
688.117,688.401
688.116,688.400
688.115,688.399
688.109,688.394
688.112,688.396
688.114,688.398
688.113,688.398
688.112,688.397
688.112,688.396
688.111,688.396
688.110,688.395
688.118,688.402
688.117,688.401
688.116,688.400
688.118,688.401
688.119,688.403
688.121,688.404
688.122,688.405
688.123,688.406
688.122,688.405
688.120,688.404
688.119,688.402
688.117,688.401
688.116,688.400
688.115,688.399
688.114,688.399
688.113,688.398
688.121,688.404
688.122,688.405
688.115,688.399
688.117,688.401
688.119,688.403
688.120,688.404
688.122,688.405
688.120,688.404
688.119,688.403
688.118,688.401
688.116,688.400
688.115,688.400
688.114,688.399
688.114,688.398
688.113,688.397
688.115,688.399
688.109,688.394
688.111,688.396
688.114,688.398
688.107,688.393
688.110,688.395
688.110,688.395
688.109,688.394
688.117,688.401
688.116,688.400
688.115,688.399
688.114,688.398
688.121,688.405
688.120,688.403
688.118,688.402
688.117,688.401
688.116,688.400
688.118,688.402
688.120,688.403
688.121,688.404
688.111,688.396
688.111,688.396
688.110,688.395
688.110,688.395
688.109,688.395
688.109,688.394
688.109,688.394
688.108,688.394
688.108,688.393
688.103,688.389
688.098,688.384
688.101,688.387
688.096,688.383
688.097,688.384
688.098,688.385
688.099,688.385
688.099,688.386
688.100,688.386
688.101,688.387
688.093,688.380
688.094,688.381
688.095,688.382
688.096,688.383
688.097,688.384
688.101,688.387
688.104,688.390
688.107,688.392
688.110,688.395
688.112,688.397
688.106,688.392
688.101,688.387
688.096,688.383
688.092,688.379
688.093,688.380
688.094,688.381
688.095,688.382
688.096,688.383
688.097,688.384
688.090,688.378
688.091,688.379
688.093,688.380
688.102,688.388
688.102,688.388
688.111,688.396
688.105,688.391
688.108,688.393
688.110,688.395
688.113,688.397
688.107,688.392
688.107,688.392
688.107,688.392
688.106,688.392
688.106,688.392
688.106,688.392
688.106,688.392
688.106,688.392
688.106,688.392
688.098,688.385
688.099,688.385
688.099,688.386
688.100,688.386
688.101,688.387
688.104,688.390
688.099,688.385
688.102,688.388
688.105,688.391
688.105,688.391
688.105,688.391
688.097,688.384
688.093,688.380
688.094,688.381
688.095,688.382
688.088,688.376
688.090,688.377
688.091,688.379
688.093,688.380
688.094,688.381
688.095,688.382
688.088,688.376
688.098,688.384
688.098,688.385
688.099,688.385
688.092,688.379
688.093,688.380
688.094,688.381
688.095,688.382
688.096,688.383
688.097,688.384
688.101,688.387
688.096,688.383
688.092,688.379
688.096,688.383
688.097,688.383
688.097,688.384
688.098,688.385
688.099,688.385
688.100,688.386
688.100,688.386
688.101,688.387
688.101,688.387
688.102,688.388
688.102,688.388
688.102,688.388
688.103,688.389
688.103,688.389
688.095,688.382
688.099,688.385
688.102,688.388
688.097,688.384
688.101,688.387
688.104,688.390
688.107,688.392
688.107,688.392
688.107,688.392
688.107,688.392
688.107,688.392
688.107,688.392
688.106,688.392
688.106,688.392
688.098,688.385
688.099,688.385
688.099,688.386
688.100,688.386
688.101,688.387
688.093,688.380
688.094,688.381
688.095,688.382
688.096,688.383
688.097,688.384
688.098,688.385
688.093,688.381
688.089,688.377
688.086,688.374
688.082,688.371
688.087,688.375
688.092,688.379
688.088,688.376
688.092,688.380
688.094,688.381
688.095,688.382
688.096,688.383
688.097,688.383
688.098,688.384
688.098,688.385
688.099,688.385
688.100,688.386
688.100,688.386
688.101,688.387
688.101,688.387
688.096,688.383
688.100,688.386
688.095,688.382
688.091,688.378
688.087,688.375
688.084,688.372
688.080,688.369
688.078,688.367
688.075,688.365
688.073,688.363
688.079,688.368
688.084,688.372
688.089,688.377
688.085,688.373
688.087,688.375
688.089,688.377
688.090,688.378
688.092,688.379
688.093,688.380
688.094,688.381
688.095,688.382
688.096,688.383
688.097,688.384
688.098,688.385
688.091,688.378
688.092,688.379
688.093,688.381
688.095,688.382
688.096,688.382
688.097,688.383
688.097,688.384
688.093,688.380
688.089,688.377
688.093,688.381
688.097,688.384
688.093,688.380
688.089,688.377
688.085,688.373
688.082,688.371
688.084,688.373
688.086,688.374
688.080,688.369
688.082,688.371
688.077,688.366
688.079,688.368
688.082,688.371
688.084,688.373
688.086,688.374
688.088,688.376
688.090,688.377
688.091,688.379
688.092,688.380
688.094,688.381
688.095,688.382
688.088,688.376
688.089,688.377
688.091,688.379
688.087,688.375
688.084,688.372
688.081,688.369
688.078,688.367
688.072,688.362
688.067,688.358
688.071,688.361
688.077,688.366
688.075,688.364
688.072,688.362
688.070,688.360
688.068,688.359
688.067,688.357
688.065,688.356
688.064,688.355
688.070,688.361
688.068,688.359
688.067,688.358
688.065,688.356
688.064,688.355
688.062,688.354
688.069,688.360
688.068,688.358
688.066,688.357
688.064,688.356
688.071,688.361
688.069,688.360
688.075,688.365
688.073,688.363
688.079,688.368
688.073,688.363
688.076,688.366
688.074,688.364
688.072,688.362
688.067,688.358
688.071,688.361
688.066,688.357
688.070,688.360
688.073,688.363
688.068,688.359
688.074,688.364
688.072,688.362
688.070,688.360
688.068,688.359
688.066,688.357
688.073,688.363
688.079,688.368
688.084,688.373
688.081,688.370
688.078,688.367
688.075,688.365
688.073,688.363
688.071,688.361
688.077,688.366
688.083,688.371
688.079,688.369
688.077,688.366
688.082,688.371
688.087,688.375
688.092,688.379
688.096,688.383
688.100,688.386
688.095,688.382
688.064,688.355
688.063,688.354
688.067,688.357
688.065,688.356
688.064,688.355
688.062,688.354
688.061,688.353
688.068,688.359
688.072,688.362
688.075,688.365
688.073,688.363
688.068,688.358
688.071,688.362
688.067,688.357
688.065,688.356
688.072,688.362
688.067,688.358
688.065,688.356
688.061,688.353
688.065,688.356
688.069,688.360
688.065,688.356
688.069,688.359
688.064,688.355
688.060,688.352
688.052,688.345
688.057,688.349
688.054,688.346
688.059,688.351
688.055,688.347
688.060,688.352
688.056,688.348
688.061,688.353
688.057,688.349
688.054,688.346
688.051,688.344
688.056,688.348
688.053,688.345
688.058,688.350
688.062,688.354
688.066,688.357
688.062,688.353
688.066,688.357
688.070,688.360
688.073,688.363
688.068,688.359
688.072,688.362
688.075,688.365
688.070,688.360
688.065,688.356
688.069,688.360
688.065,688.356
688.060,688.352
688.065,688.356
688.061,688.352
688.057,688.349
688.061,688.353
688.066,688.357
688.061,688.353
688.066,688.357
688.061,688.353
688.066,688.357
688.069,688.360
688.073,688.363
688.068,688.359
688.063,688.355
688.067,688.358
688.063,688.354
688.067,688.358
688.063,688.354
688.067,688.358
688.062,688.354
688.067,688.357
688.062,688.354
688.058,688.350
688.055,688.347
688.060,688.351
688.056,688.348
688.053,688.345
688.050,688.343
688.047,688.340
688.052,688.345
688.049,688.343
688.055,688.347
688.054,688.347
688.054,688.346
688.054,688.346
688.050,688.343
688.050,688.343
688.050,688.343
688.050,688.343
688.050,688.343
688.050,688.343
688.048,688.341
688.045,688.339
688.051,688.344
688.051,688.344
688.048,688.341
688.054,688.346
688.058,688.350
688.055,688.347
688.060,688.352
688.056,688.348
688.061,688.352
688.060,688.352
688.064,688.355
688.071,688.361
688.066,688.357
688.070,688.360
688.065,688.356
688.061,688.353
688.065,688.356
688.061,688.353
688.060,688.352
688.059,688.351
688.058,688.350
688.065,688.356
688.072,688.362
688.070,688.360
688.068,688.359
688.074,688.364
688.072,688.362
688.070,688.360
688.068,688.359
688.066,688.357
688.065,688.356
688.064,688.355
688.062,688.354
688.066,688.357
688.065,688.356
688.063,688.355
688.062,688.354
688.061,688.353
688.060,688.352
688.059,688.351
688.066,688.357
688.065,688.356
688.069,688.359
688.072,688.362
688.070,688.360
688.068,688.359
688.066,688.357
688.065,688.356
688.064,688.355
688.070,688.361
688.068,688.359
688.064,688.355
688.068,688.359
688.071,688.362
688.069,688.360
688.076,688.365
688.073,688.363
688.071,688.361
688.069,688.360
688.067,688.358
688.066,688.357
688.064,688.355
688.063,688.354
688.062,688.353
688.061,688.352
688.065,688.356
688.069,688.359
688.067,688.358
688.071,688.361
688.066,688.357
688.070,688.360
688.065,688.356
688.061,688.352
688.065,688.356
688.061,688.353
688.065,688.356
688.069,688.360
688.064,688.356
688.060,688.352
688.057,688.349
688.053,688.346
688.050,688.343
688.047,688.341
688.045,688.339
688.051,688.344
688.048,688.341
688.053,688.346
688.058,688.350
688.055,688.347
688.054,688.347
688.054,688.346
688.054,688.346
688.050,688.343
688.048,688.341
688.048,688.341
688.048,688.341
688.048,688.342
688.049,688.342
688.046,688.340
688.044,688.337
688.049,688.343
688.055,688.347
688.052,688.344
688.057,688.349
688.053,688.346
688.050,688.343
688.047,688.341
688.045,688.339
688.051,688.344
688.048,688.341
688.045,688.339
688.051,688.344
688.048,688.342
688.054,688.346
688.059,688.350
688.055,688.347
688.052,688.345
688.057,688.349
688.053,688.346
688.050,688.343
688.048,688.341
688.053,688.346
688.050,688.343
688.050,688.343
688.050,688.343
688.050,688.343
688.047,688.341
688.048,688.341
688.048,688.341
688.040,688.334
688.041,688.335
688.039,688.334
688.037,688.332
688.036,688.331
688.034,688.330
688.033,688.328
688.040,688.334
688.038,688.333
688.045,688.338
688.042,688.336
688.048,688.342
688.049,688.342
688.054,688.346
688.059,688.351
688.055,688.348
688.063,688.354
688.067,688.358
688.065,688.356
688.064,688.355
688.063,688.354
688.061,688.353
688.060,688.352
688.059,688.351
688.059,688.350
688.055,688.347
688.060,688.352
688.056,688.348
688.053,688.345
688.050,688.343
688.055,688.347
688.052,688.345
688.049,688.342
688.054,688.347
688.059,688.351
688.056,688.348
688.060,688.352
688.057,688.349
688.053,688.346
688.050,688.343
688.055,688.348
688.052,688.345
688.052,688.345
688.052,688.345
688.052,688.345
688.052,688.344
688.051,688.344
688.043,688.337
688.044,688.338
688.045,688.338
688.045,688.339
688.046,688.339
688.043,688.337
688.041,688.335
688.039,688.334
688.038,688.332
688.036,688.331
688.043,688.337
688.049,688.342
688.054,688.346
688.059,688.351
688.055,688.348
688.052,688.345
688.049,688.342
688.046,688.340
688.044,688.338
688.045,688.338
688.045,688.339
688.046,688.339
688.043,688.337
688.044,688.338
688.042,688.336
688.043,688.337
688.043,688.337
688.041,688.335
688.039,688.334
688.038,688.332
688.036,688.331
688.035,688.330
688.028,688.324
688.027,688.324
688.030,688.325
688.023,688.320
688.018,688.315
688.018,688.316
688.027,688.323
688.026,688.322
688.026,688.322
688.025,688.322
688.025,688.321
688.024,688.321
688.024,688.321
688.024,688.320
688.026,688.323
688.029,688.325
688.039,688.333
688.040,688.334
688.041,688.335
688.042,688.336
688.042,688.337
688.043,688.337
688.041,688.335
688.039,688.334
688.037,688.332
688.036,688.331
688.034,688.330
688.041,688.336
688.039,688.334
688.038,688.332
688.036,688.331
688.037,688.332
688.039,688.333
688.040,688.334
688.041,688.335
688.042,688.336
688.034,688.330
688.036,688.331
688.035,688.330
688.033,688.329
688.032,688.328
688.031,688.327
688.030,688.326
688.029,688.325
688.036,688.331
688.035,688.330
688.042,688.336
688.040,688.334
688.041,688.335
688.042,688.336
688.042,688.337
688.043,688.337
688.044,688.338
688.050,688.343
688.047,688.340
688.045,688.338
688.042,688.336
688.040,688.335
688.038,688.333
688.037,688.332
688.035,688.330
688.037,688.332
688.038,688.333
688.039,688.334
688.040,688.335
688.041,688.335
688.042,688.336
688.040,688.334
688.041,688.335
688.039,688.334
688.045,688.339
688.043,688.337
688.041,688.335
688.039,688.334
688.037,688.332
688.044,688.338
688.042,688.336
688.048,688.341
688.045,688.339
688.038,688.332
688.039,688.333
688.037,688.332
688.036,688.331
688.034,688.329
688.033,688.328
688.032,688.327
688.031,688.326
688.030,688.326
688.029,688.325
688.028,688.324
688.030,688.326
688.032,688.328
688.031,688.327
688.033,688.328
688.032,688.327
688.031,688.326
688.030,688.326
688.021,688.318
688.021,688.318
688.021,688.318
688.021,688.318
688.024,688.321
688.027,688.323
688.026,688.322
688.020,688.317
688.020,688.317
688.020,688.318
688.021,688.318
688.021,688.318
688.015,688.313
688.011,688.309
688.004,688.303
688.005,688.304
687.999,688.299
688.001,688.301
688.003,688.302
688.013,688.311
688.016,688.314
688.019,688.317
688.022,688.319
688.017,688.314
688.012,688.310
688.018,688.315
688.018,688.315
688.026,688.323
688.026,688.322
688.033,688.329
688.032,688.328
688.034,688.329
688.033,688.328
688.026,688.323
688.029,688.325
688.020,688.317
688.020,688.317
688.020,688.317
688.020,688.317
688.020,688.317
688.012,688.310
688.013,688.311
688.014,688.312
688.009,688.308
688.013,688.311
688.017,688.314
688.009,688.308
688.010,688.309
688.003,688.303
688.005,688.304
688.012,688.310
688.008,688.307
688.004,688.303
688.008,688.307
688.004,688.303
688.006,688.305
688.007,688.306
688.009,688.307
688.002,688.301
688.004,688.303
688.000,688.300
687.997,688.297
688.002,688.301
688.004,688.303
688.005,688.304
687.999,688.299
688.001,688.301
688.003,688.302
688.005,688.304
688.006,688.305
688.002,688.302
687.999,688.299
688.001,688.301
688.003,688.302
688.005,688.304
687.998,688.298
688.000,688.300
688.005,688.304
688.001,688.301
688.006,688.305
688.007,688.306
688.001,688.300
688.003,688.302
687.996,688.297
687.991,688.292
687.986,688.287
687.984,688.286
687.979,688.282
687.975,688.278
687.980,688.282
687.984,688.286
687.987,688.289
687.985,688.287
687.989,688.290
687.992,688.293
687.994,688.295
687.997,688.297
687.991,688.292
687.997,688.297
687.994,688.295
687.991,688.292
687.994,688.295
687.997,688.297
687.991,688.292
687.989,688.290
687.986,688.288
687.990,688.291
687.993,688.293
687.995,688.296
687.990,688.291
687.993,688.294
687.990,688.291
687.996,688.296
687.998,688.298
688.000,688.300
687.994,688.295
687.989,688.290
687.984,688.286
687.982,688.284
687.981,688.283
687.984,688.286
687.988,688.289
687.991,688.292
687.994,688.295
687.989,688.290
687.986,688.288
687.992,688.293
687.990,688.291
687.993,688.294
687.988,688.289
687.991,688.292
687.988,688.290
687.994,688.295
687.992,688.293
687.986,688.288
687.982,688.284
687.985,688.287
687.983,688.286
687.982,688.284
687.988,688.290
687.983,688.285
687.987,688.289
687.990,688.291
687.993,688.294
687.996,688.296
687.993,688.294
687.998,688.298
687.992,688.293
687.987,688.289
687.990,688.292
687.985,688.287
687.991,688.292
687.986,688.288
687.990,688.291
687.993,688.293
687.995,688.296
687.992,688.293
687.990,688.291
687.988,688.289
687.983,688.285
687.986,688.288
687.982,688.284
687.980,688.283
687.979,688.281
687.983,688.285
687.986,688.288
687.982,688.284
687.977,688.280
687.976,688.279
687.975,688.278
687.980,688.282
687.984,688.286
687.987,688.289
687.990,688.291
687.993,688.294
687.991,688.292
687.988,688.290
687.991,688.292
687.986,688.288
687.982,688.284
687.977,688.280
687.976,688.279
687.975,688.278
687.980,688.282
687.975,688.279
687.972,688.275
687.971,688.275
687.979,688.281
687.983,688.285
687.978,688.281
687.974,688.278
687.971,688.275
687.970,688.274
687.970,688.274
687.975,688.278
687.971,688.275
687.976,688.279
687.975,688.278
687.982,688.284
687.981,688.283
687.976,688.279
687.973,688.276
687.977,688.280
687.984,688.286
687.990,688.292
687.993,688.294
687.988,688.289
687.991,688.292
687.994,688.295
687.991,688.292
687.989,688.290
687.987,688.288
687.990,688.291
687.985,688.287
687.980,688.283
687.979,688.282
687.978,688.280
687.977,688.279
687.981,688.283
687.985,688.286
687.988,688.289
687.994,688.295
687.999,688.299
688.001,688.301
688.003,688.303
688.005,688.304
688.007,688.305
688.000,688.300
687.997,688.297
688.002,688.301
688.004,688.303
688.005,688.304
688.007,688.306
688.008,688.307
688.004,688.303
688.000,688.300
687.994,688.295
687.997,688.297
687.994,688.295
687.991,688.292
687.989,688.290
687.984,688.286
687.979,688.282
687.975,688.278
687.980,688.282
687.978,688.281
687.977,688.280
687.981,688.284
687.985,688.287
687.988,688.290
687.992,688.293
687.989,688.290
687.987,688.289
687.990,688.291
687.985,688.287
687.980,688.283
687.979,688.282
687.983,688.285
687.981,688.284
687.985,688.287
687.989,688.290
687.992,688.293
687.989,688.291
687.987,688.289
687.982,688.284
687.978,688.281
687.974,688.277
687.970,688.274
687.970,688.274
687.970,688.274
687.974,688.278
687.971,688.275
687.968,688.272
687.967,688.272
687.973,688.276
687.972,688.276
687.971,688.275
687.976,688.279
687.972,688.276
687.977,688.280
687.976,688.279
687.975,688.278
687.974,688.277
687.971,688.274
687.975,688.278
687.980,688.282
687.978,688.281
687.977,688.280
687.973,688.277
687.978,688.281
687.974,688.277
687.978,688.281
687.974,688.278
687.974,688.277
687.978,688.281
687.982,688.284
687.986,688.288
687.981,688.284
687.980,688.282
687.978,688.281
687.974,688.278
687.971,688.275
687.968,688.272
687.967,688.272
687.964,688.269
687.970,688.274
687.967,688.271
687.964,688.269
687.964,688.269
687.964,688.269
687.962,688.267
687.967,688.271
687.964,688.269
687.964,688.269
687.962,688.267
687.959,688.265
687.957,688.263
687.963,688.268
687.961,688.266
687.961,688.266
687.959,688.264
687.957,688.262
687.955,688.261
687.956,688.262
687.965,688.269
687.962,688.267
687.968,688.272
687.965,688.269
687.965,688.269
687.965,688.270
687.962,688.267
687.960,688.265
687.958,688.263
687.956,688.261
687.954,688.260
687.955,688.261
687.953,688.259
687.952,688.258
687.953,688.259
687.954,688.260
687.955,688.261
687.953,688.260
687.952,688.258
687.950,688.257
687.952,688.258
687.950,688.257
687.949,688.256
687.956,688.262
687.957,688.263
687.958,688.263
687.964,688.269
687.961,688.266
687.959,688.264
687.960,688.265
687.960,688.265
687.966,688.270
687.963,688.268
687.961,688.266
687.958,688.264
687.959,688.264
687.957,688.263
687.963,688.268
687.961,688.266
687.961,688.266
687.959,688.264
687.965,688.269
687.962,688.267
687.954,688.260
687.955,688.261
687.956,688.262
687.954,688.260
687.953,688.259
687.951,688.258
687.953,688.259
687.946,688.253
687.945,688.252
687.944,688.252
687.946,688.253
687.945,688.253
687.945,688.252
687.944,688.251
687.946,688.253
687.948,688.255
687.947,688.254
687.946,688.253
687.945,688.252
687.947,688.254
687.946,688.253
687.945,688.252
687.944,688.252
687.944,688.251
687.954,688.260
687.960,688.265
687.958,688.263
687.964,688.269
687.956,688.262
687.962,688.267
687.960,688.265
687.958,688.263
687.958,688.264
687.959,688.264
687.957,688.263
687.955,688.261
687.956,688.262
687.962,688.267
687.968,688.272
687.965,688.269
687.962,688.267
687.962,688.267
687.955,688.261
687.953,688.259
687.951,688.258
687.950,688.257
687.952,688.258
687.950,688.257
687.957,688.263
687.963,688.268
687.961,688.266
687.961,688.266
687.959,688.264
687.957,688.262
687.955,688.261
687.948,688.255
687.947,688.254
687.946,688.253
687.945,688.252
687.944,688.251
687.946,688.253
687.945,688.252
687.944,688.252
687.938,688.247
687.938,688.246
687.938,688.246
687.938,688.246
687.938,688.246
687.940,688.248
687.940,688.248
687.940,688.248
687.940,688.248
687.942,688.250
687.944,688.252
687.944,688.251
687.943,688.250
687.945,688.252
687.939,688.247
687.939,688.247
687.939,688.247
687.941,688.249
687.941,688.249
687.940,688.248
687.956,688.262
687.954,688.260
687.952,688.259
687.959,688.264
687.952,688.258
687.950,688.257
687.949,688.256
687.951,688.257
687.952,688.258
687.951,688.257
687.949,688.256
687.948,688.255
687.942,688.249
687.941,688.249
687.941,688.249
687.943,688.251
687.942,688.250
687.942,688.250
687.941,688.249
687.936,688.244
687.936,688.244
687.936,688.244
687.936,688.244
687.931,688.240
687.931,688.240
687.917,688.228
687.919,688.230
687.913,688.224
687.918,688.229
687.914,688.226
687.917,688.228
687.918,688.229
687.915,688.226
687.917,688.228
687.919,688.230
687.921,688.231
687.917,688.228
687.913,688.225
687.908,688.220
687.910,688.222
687.905,688.217
687.900,688.213
687.903,688.216
687.909,688.221
687.912,688.224
687.914,688.226
687.916,688.227
687.913,688.225
687.915,688.226
687.917,688.228
687.928,688.238
687.929,688.238
687.930,688.239
687.930,688.240
687.931,688.240
687.926,688.236
687.927,688.237
687.928,688.238
687.929,688.238
687.932,688.241
687.933,688.242
687.933,688.242
687.934,688.242
687.937,688.245
687.937,688.245
687.937,688.245
687.939,688.247
687.939,688.247
687.939,688.247
687.941,688.249
687.936,688.244
687.936,688.244
687.936,688.244
687.931,688.240
687.931,688.240
687.920,688.231
687.916,688.228
687.918,688.229
687.920,688.231
687.916,688.227
687.910,688.222
687.905,688.217
687.908,688.220
687.905,688.218
687.908,688.220
687.911,688.223
687.913,688.225
687.908,688.220
687.913,688.225
687.907,688.220
687.902,688.215
687.905,688.218
687.903,688.216
687.906,688.219
687.909,688.221
687.914,688.226
687.917,688.228
687.910,688.222
687.908,688.220
687.913,688.225
687.915,688.227
687.909,688.221
687.907,688.219
687.902,688.215
687.905,688.218
687.911,688.223
687.905,688.218
687.908,688.220
687.911,688.223
687.916,688.227
687.918,688.229
687.912,688.223
687.909,688.221
687.911,688.223
687.914,688.225
687.916,688.227
687.921,688.231
687.914,688.226
687.916,688.227
687.921,688.232
687.923,688.233
687.924,688.234
687.920,688.230
687.913,688.225
687.908,688.220
687.913,688.225
687.915,688.227
687.917,688.228
687.914,688.225
687.916,688.227
687.918,688.229
687.914,688.226
687.919,688.230
687.921,688.232
687.914,688.226
687.911,688.223
687.914,688.225
687.911,688.222
687.913,688.225
687.915,688.227
687.909,688.221
687.912,688.224
687.917,688.228
687.919,688.230
687.921,688.231
687.917,688.228
687.919,688.230
687.920,688.231
687.917,688.228
687.913,688.225
687.908,688.220
687.910,688.222
687.913,688.224
687.915,688.226
687.920,688.231
687.913,688.225
687.916,688.227
687.918,688.229
687.914,688.226
687.916,688.227
687.918,688.229
687.915,688.226
687.909,688.221
687.903,688.216
687.901,688.214
687.897,688.210
687.900,688.214
687.899,688.212
687.894,688.208
687.890,688.205
687.897,688.211
687.893,688.207
687.900,688.213
687.904,688.216
687.907,688.219
687.901,688.215
687.900,688.213
687.895,688.209
687.899,688.212
687.905,688.218
687.908,688.221
687.911,688.223
687.913,688.225
687.918,688.229
687.920,688.231
687.922,688.232
687.926,688.236
687.927,688.237
687.928,688.237
687.932,688.241
687.927,688.236
687.928,688.237
687.920,688.231
687.917,688.228
687.919,688.229
687.920,688.231
687.917,688.228
687.919,688.229
687.920,688.231
687.922,688.232
687.926,688.236
687.927,688.237
687.928,688.237
687.923,688.234
687.925,688.235
687.926,688.236
687.922,688.232
687.926,688.236
687.919,688.230
687.921,688.231
687.925,688.235
687.926,688.236
687.919,688.230
687.915,688.227
687.909,688.221
687.904,688.217
687.907,688.219
687.905,688.217
687.908,688.220
687.910,688.222
687.913,688.224
687.915,688.226
687.917,688.228
687.922,688.232
687.923,688.233
687.916,688.228
687.913,688.225
687.907,688.220
687.910,688.222
687.907,688.220
687.910,688.222
687.913,688.224
687.907,688.219
687.910,688.222
687.904,688.217
687.902,688.215
687.905,688.218
687.908,688.221
687.906,688.218
687.909,688.221
687.911,688.223
687.914,688.225
687.908,688.220
687.905,688.218
687.908,688.221
687.911,688.223
687.908,688.220
687.903,688.216
687.906,688.219
687.904,688.217
687.907,688.219
687.910,688.222
687.907,688.219
687.910,688.222
687.912,688.224
687.909,688.221
687.912,688.224
687.914,688.226
687.908,688.221
687.911,688.223
687.905,688.218
687.903,688.216
687.906,688.219
687.909,688.221
687.912,688.224
687.914,688.226
687.919,688.230
687.921,688.231
687.922,688.233
687.918,688.229
687.920,688.231
687.922,688.232
687.926,688.236
687.927,688.237
687.920,688.230
687.921,688.232
687.923,688.233
687.924,688.234
687.920,688.231
687.914,688.225
687.916,688.227
687.912,688.224
687.918,688.229
687.919,688.230
687.921,688.232
687.925,688.235
687.918,688.229
687.912,688.224
687.909,688.221
687.912,688.223
687.914,688.226
687.916,688.227
687.910,688.222
687.913,688.224
687.910,688.222
687.912,688.224
687.906,688.219
687.909,688.221
687.912,688.224
687.914,688.226
687.916,688.228
687.913,688.225
687.907,688.220
687.905,688.217
687.908,688.220
687.903,688.216
687.901,688.214
687.896,688.210
687.892,688.206
687.899,688.212
687.902,688.215
687.898,688.211
687.904,688.217
687.899,688.213
687.895,688.209
687.899,688.212
687.894,688.208
687.898,688.212
687.897,688.210
687.900,688.214
687.896,688.210
687.894,688.209
687.898,688.212
687.902,688.215
687.905,688.218
687.908,688.221
687.911,688.223
687.908,688.220
687.911,688.223
687.913,688.225
687.910,688.222
687.913,688.224
687.915,688.226
687.917,688.228
687.922,688.232
687.923,688.233
687.924,688.234
687.918,688.229
687.911,688.223
687.917,688.228
687.913,688.225
687.915,688.227
687.917,688.228
687.914,688.225
687.916,688.227
687.918,688.229
687.914,688.226
687.917,688.228
687.919,688.229
687.923,688.233
687.924,688.234
687.925,688.235
687.921,688.232
687.915,688.226
687.917,688.228
687.919,688.229
687.920,688.231
687.922,688.232
687.923,688.233
687.919,688.230
687.921,688.231
687.914,688.226
687.911,688.223
687.906,688.218
687.909,688.221
687.911,688.223
687.908,688.221
687.903,688.216
687.901,688.214
687.904,688.217
687.907,688.220
687.913,688.224
687.915,688.226
687.909,688.221
687.912,688.224
687.909,688.221
687.904,688.216
687.907,688.219
687.912,688.224
687.915,688.226
687.917,688.228
687.913,688.225
687.916,688.227
687.918,688.229
687.914,688.225
687.916,688.227
687.910,688.222
687.907,688.220
687.902,688.215
687.900,688.213
687.898,688.212
687.902,688.215
687.905,688.218
687.900,688.213
687.896,688.209
687.902,688.215
687.897,688.211
687.901,688.214
687.899,688.213
687.898,688.211
687.901,688.214
687.897,688.210
687.892,688.207
687.897,688.210
687.903,688.216
687.906,688.219
687.909,688.221
687.912,688.224
687.917,688.228
687.919,688.230
687.913,688.224
687.910,688.222
687.912,688.224
687.914,688.226
687.919,688.230
687.921,688.231
687.922,688.233
687.919,688.229
687.920,688.231
687.922,688.232
687.918,688.229
687.920,688.230
687.921,688.232
687.915,688.226
687.912,688.223
687.906,688.218
687.909,688.221
687.906,688.219
687.901,688.214
687.904,688.217
687.902,688.215
687.906,688.218
687.900,688.214
687.899,688.212
687.894,688.208
687.890,688.205
687.895,688.209
687.899,688.212
687.902,688.215
687.906,688.218
687.903,688.216
687.898,688.212
687.902,688.215
687.900,688.213
687.895,688.209
687.899,688.213
687.903,688.216
687.906,688.219
687.904,688.217
687.910,688.222
687.912,688.224
687.915,688.226
687.911,688.223
687.906,688.218
687.909,688.221
687.911,688.223
687.914,688.225
687.908,688.220
687.905,688.218
687.908,688.221
687.903,688.216
687.901,688.214
687.904,688.217
687.899,688.213
687.898,688.211
687.893,688.208
687.889,688.204
687.889,688.203
687.885,688.200
687.890,688.205
687.889,688.204
687.886,688.201
687.891,688.205
687.890,688.204
687.894,688.208
687.898,688.212
687.904,688.217
687.908,688.220
687.910,688.222
687.908,688.220
687.910,688.222
687.905,688.217
687.902,688.215
687.906,688.218
687.901,688.214
687.899,688.212
687.902,688.215
687.898,688.211
687.901,688.215
687.897,688.210
687.892,688.207
687.897,688.210
687.900,688.214
687.899,688.212
687.902,688.215
687.897,688.211
687.901,688.214
687.897,688.210
687.895,688.209
687.894,688.208
687.890,688.204
687.894,688.208
687.890,688.205
687.895,688.209
687.891,688.205
687.895,688.209
687.899,688.212
687.903,688.216
687.901,688.214
687.896,688.210
687.900,688.213
687.898,688.212
687.902,688.215
687.897,688.211
687.901,688.214
687.904,688.217
687.899,688.213
687.898,688.211
687.893,688.207
687.892,688.206
687.896,688.210
687.900,688.213
687.898,688.212
687.902,688.215
687.897,688.211
687.884,688.200
687.889,688.204
687.889,688.203
687.885,688.200
687.890,688.205
687.889,688.204
687.886,688.201
687.882,688.198
687.882,688.198
687.887,688.202
687.884,688.200
687.881,688.197
687.886,688.202
687.886,688.201
687.885,688.201
687.882,688.198
687.879,688.196
687.885,688.200
687.882,688.198
687.882,688.197
687.887,688.202
687.892,688.206
687.891,688.205
687.895,688.209
687.894,688.208
687.878,688.194
687.878,688.194
687.876,688.192
687.873,688.190
687.871,688.189
687.870,688.187
687.868,688.186
687.869,688.187
687.876,688.192
687.876,688.193
687.874,688.191
687.872,688.189
687.870,688.187
687.868,688.186
687.867,688.184
687.868,688.186
687.867,688.184
687.865,688.183
687.872,688.189
687.870,688.187
687.868,688.186
687.867,688.185
687.873,688.190
687.879,688.196
687.885,688.200
687.868,688.185
687.866,688.184
687.868,688.185
687.866,688.184
687.873,688.190
687.871,688.188
687.869,688.187
687.870,688.188
687.869,688.186
687.867,688.185
687.868,688.186
687.867,688.185
687.865,688.183
687.864,688.182
687.871,688.188
687.864,688.182
687.863,688.181
687.862,688.180
687.861,688.180
687.860,688.179
687.859,688.178
687.859,688.178
687.861,688.179
687.860,688.179
687.862,688.180
687.861,688.180
687.860,688.179
687.867,688.185
687.866,688.184
687.865,688.183
687.863,688.182
687.865,688.183
687.864,688.182
687.863,688.181
687.862,688.180
687.861,688.179
687.860,688.179
687.859,688.178
687.853,688.173
687.853,688.173
687.856,688.175
687.855,688.175
687.855,688.175
687.850,688.170
687.850,688.170
687.853,688.173
687.853,688.172
687.855,688.175
687.855,688.175
687.855,688.174
687.857,688.176
687.849,688.169
687.849,688.169
687.849,688.170
687.850,688.170
687.850,688.170
687.850,688.170
687.850,688.170
687.851,688.171
687.851,688.171
687.851,688.171
687.851,688.171
687.854,688.173
687.854,688.173
687.856,688.176
687.856,688.175
687.858,688.177
687.860,688.179
687.860,688.178
687.862,688.180
687.861,688.179
687.863,688.181
687.862,688.180
687.861,688.179
687.860,688.179
687.859,688.178
687.859,688.178
687.858,688.177
687.857,688.177
687.857,688.176
687.857,688.176
687.856,688.175
687.848,688.168
687.851,688.171
687.851,688.171
687.854,688.173
687.854,688.173
687.854,688.173
687.853,688.173
687.845,688.166
687.846,688.167
687.847,688.167
687.842,688.163
687.835,688.157
687.831,688.154
687.833,688.155
687.835,688.157
687.837,688.159
687.838,688.160
687.839,688.161
687.841,688.162
687.836,688.158
687.838,688.160
687.839,688.161
687.841,688.162
687.842,688.163
687.843,688.164
687.844,688.164
687.844,688.165
687.845,688.166
687.846,688.166
687.846,688.167
687.855,688.174
687.849,688.170
687.850,688.170
687.845,688.165
687.845,688.166
687.838,688.160
687.839,688.161
687.841,688.162
687.836,688.158
687.838,688.160
687.834,688.156
687.836,688.158
687.840,688.161
687.841,688.162
687.842,688.163
687.846,688.167
687.839,688.160
687.843,688.164
687.843,688.164
687.847,688.168
687.848,688.168
687.848,688.168
687.848,688.169
687.841,688.162
687.842,688.163
687.843,688.164
687.836,688.158
687.837,688.159
687.841,688.163
687.842,688.164
687.843,688.164
687.844,688.165
687.837,688.159
687.838,688.160
687.840,688.161
687.841,688.162
687.842,688.163
687.838,688.159
687.839,688.161
687.840,688.162
687.841,688.163
687.842,688.164
687.835,688.157
687.837,688.159
687.838,688.160
687.840,688.161
687.841,688.162
687.842,688.163
687.835,688.157
687.837,688.158
687.838,688.160
687.839,688.161
687.841,688.162
687.842,688.163
687.843,688.164
687.844,688.165
687.844,688.165
687.845,688.166
687.849,688.169
687.849,688.169
687.852,688.172
687.844,688.165
687.839,688.161
687.833,688.155
687.834,688.157
687.836,688.158
687.838,688.159
687.834,688.156
687.836,688.158
687.832,688.154
687.834,688.156
687.836,688.158
687.840,688.161
687.841,688.162
687.845,688.166
687.846,688.166
687.849,688.169
687.849,688.169
687.849,688.170
687.850,688.170
687.850,688.170
687.850,688.170
687.842,688.163
687.843,688.164
687.844,688.165
687.837,688.159
687.841,688.162
687.842,688.163
687.843,688.164
687.847,688.167
687.847,688.168
687.842,688.164
687.843,688.164
687.847,688.167
687.847,688.168
687.856,688.175
687.850,688.170
687.850,688.170
687.853,688.173
687.853,688.173
687.856,688.175
687.848,688.168
687.851,688.171
687.851,688.171
687.851,688.171
687.854,688.173
687.854,688.173
687.854,688.173
687.853,688.173
687.853,688.173
687.853,688.173
687.845,688.166
687.846,688.166
687.846,688.167
687.842,688.163
687.843,688.164
687.846,688.167
687.847,688.167
687.850,688.170
687.850,688.170
687.845,688.166
687.849,688.169
687.849,688.169
687.852,688.172
687.852,688.172
687.852,688.172
687.852,688.172
687.852,688.172
687.852,688.172
687.852,688.172
687.855,688.174
687.854,688.174
687.857,688.176
687.849,688.169
687.849,688.169
687.852,688.172
687.860,688.179
687.854,688.173
687.849,688.169
687.841,688.162
687.837,688.159
687.838,688.160
687.834,688.156
687.836,688.158
687.832,688.155
687.834,688.156
687.836,688.158
687.837,688.159
687.831,688.153
687.836,688.158
687.837,688.159
687.841,688.163
687.842,688.163
687.838,688.160
687.831,688.154
687.833,688.156
687.835,688.157
687.837,688.159
687.838,688.160
687.840,688.161
687.841,688.162
687.842,688.163
687.843,688.164
687.844,688.165
687.847,688.168
687.848,688.168
687.851,688.171
687.851,688.171
687.854,688.173
687.846,688.166
687.838,688.160
687.840,688.161
687.833,688.155
687.835,688.157
687.828,688.151
687.831,688.153
687.827,688.150
687.830,688.153
687.835,688.157
687.836,688.158
687.830,688.153
687.835,688.157
687.828,688.151
687.825,688.149
687.820,688.144
687.826,688.149
687.828,688.151
687.833,688.156
687.827,688.150
687.829,688.152
687.832,688.154
687.826,688.149
687.828,688.151
687.830,688.153
687.832,688.155
687.834,688.157
687.839,688.160
687.832,688.155
687.837,688.159
687.838,688.160
687.842,688.163
687.843,688.164
687.839,688.160
687.840,688.161
687.836,688.158
687.832,688.155
687.834,688.156
687.831,688.153
687.833,688.155
687.834,688.157
687.836,688.158
687.838,688.159
687.839,688.161
687.840,688.162
687.836,688.158
687.838,688.159
687.839,688.161
687.840,688.162
687.833,688.156
687.835,688.157
687.837,688.159
687.841,688.162
687.842,688.163
687.838,688.159
687.831,688.154
687.828,688.151
687.830,688.153
687.832,688.155
687.834,688.156
687.836,688.158
687.840,688.162
687.841,688.163
687.842,688.163
687.843,688.164
687.844,688.165
687.845,688.166
687.846,688.166
687.846,688.167
687.839,688.160
687.840,688.161
687.841,688.162
687.845,688.166
687.846,688.166
687.841,688.162
687.842,688.163
687.846,688.166
687.838,688.160
687.840,688.161
687.841,688.162
687.842,688.163
687.843,688.164
687.844,688.165
687.845,688.165
687.845,688.166
687.841,688.162
687.834,688.156
687.827,688.151
687.822,688.146
687.825,688.148
687.819,688.143
687.822,688.146
687.817,688.142
687.820,688.145
687.818,688.143
687.813,688.138
687.820,688.144
687.815,688.140
687.813,688.138
687.809,688.134
687.816,688.140
687.811,688.136
687.815,688.140
687.810,688.136
687.806,688.132
687.811,688.136
687.809,688.135
687.813,688.138
687.812,688.137
687.816,688.140
687.822,688.146
687.828,688.151
687.830,688.153
687.832,688.155
687.834,688.156
687.828,688.151
687.830,688.153
687.832,688.155
687.826,688.149
687.823,688.147
687.826,688.149
687.828,688.151
687.831,688.153
687.825,688.148
687.827,688.150
687.830,688.153
687.832,688.154
687.828,688.151
687.831,688.153
687.825,688.148
687.827,688.151
687.830,688.153
687.832,688.154
687.834,688.156
687.836,688.158
687.829,688.152
687.831,688.154
687.828,688.151
687.822,688.146
687.820,688.144
687.823,688.147
687.820,688.145
687.823,688.147
687.821,688.145
687.824,688.147
687.819,688.143
687.822,688.146
687.819,688.144
687.822,688.146
687.820,688.144
687.815,688.140
687.819,688.143
687.822,688.146
687.819,688.144
687.815,688.139
687.821,688.145
687.824,688.147
687.819,688.143
687.822,688.146
687.825,688.148
687.827,688.150
687.824,688.148
687.819,688.143
687.814,688.139
687.818,688.142
687.813,688.138
687.809,688.134
687.813,688.138
687.816,688.141
687.804,688.130
687.809,688.134
687.816,688.140
687.814,688.139
687.817,688.142
687.823,688.147
687.818,688.143
687.821,688.145
687.816,688.141
687.812,688.137
687.818,688.143
687.821,688.145
687.824,688.148
687.819,688.143
687.814,688.139
687.810,688.135
687.808,688.134
687.813,688.138
687.811,688.136
687.807,688.133
687.803,688.130
687.808,688.134
687.807,688.133
687.811,688.136
687.810,688.135
687.797,688.124
687.794,688.122
687.800,688.127
687.799,688.126
687.796,688.124
687.796,688.124
687.794,688.121
687.786,688.115
687.784,688.113
687.785,688.114
687.784,688.113
687.782,688.111
687.781,688.110
687.788,688.116
687.786,688.114
687.784,688.113
687.790,688.119
687.788,688.117
687.786,688.115
687.785,688.113
687.786,688.114
687.792,688.120
687.792,688.120
687.790,688.118
687.788,688.116
687.794,688.122
687.794,688.122
687.800,688.127
687.797,688.124
687.794,688.122
687.800,688.126
687.797,688.124
687.797,688.124
687.802,688.128
687.799,688.126
687.804,688.130
687.800,688.127
687.797,688.124
687.802,688.129
687.802,688.128
687.799,688.126
687.798,688.126
687.796,688.123
687.796,688.123
687.793,688.121
687.791,688.119
687.788,688.117
687.786,688.115
687.785,688.114
687.783,688.112
687.782,688.111
687.788,688.117
687.786,688.115
687.785,688.114
687.786,688.115
687.784,688.113
687.785,688.114
687.792,688.120
687.792,688.120
687.798,688.125
687.798,688.125
687.795,688.122
687.792,688.120
687.790,688.118
687.788,688.116
687.786,688.115
687.784,688.113
687.783,688.112
687.781,688.111
687.783,688.112
687.781,688.111
687.780,688.110
687.787,688.115
687.788,688.116
687.786,688.115
687.784,688.113
687.783,688.112
687.789,688.117
687.787,688.116
687.785,688.114
687.786,688.115
687.785,688.114
687.791,688.119
687.797,688.124
687.797,688.124
687.794,688.122
687.794,688.122
687.792,688.120
687.790,688.118
687.790,688.118
687.796,688.124
687.793,688.121
687.791,688.119
687.792,688.120
687.789,688.118
687.795,688.123
687.793,688.120
687.790,688.118
687.788,688.117
687.786,688.115
687.784,688.113
687.783,688.112
687.784,688.113
687.783,688.112
687.781,688.111
687.780,688.109
687.779,688.108
687.778,688.108
687.777,688.107
687.776,688.106
687.775,688.105
687.777,688.107
687.776,688.106
687.775,688.106
687.777,688.107
687.776,688.107
687.776,688.106
687.775,688.105
687.777,688.107
687.776,688.106
687.775,688.106
687.775,688.105
687.774,688.104
687.773,688.104
687.773,688.103
687.775,688.105
687.774,688.105
687.776,688.107
687.776,688.106
687.775,688.105
687.782,688.111
687.781,688.110
687.780,688.109
687.779,688.108
687.777,688.107
687.785,688.113
687.786,688.114
687.784,688.113
687.782,688.112
687.781,688.110
687.780,688.109
687.779,688.108
687.770,688.101
687.772,688.103
687.772,688.102
687.779,688.109
687.778,688.108
687.777,688.107
687.776,688.106
687.776,688.106
687.775,688.105
687.774,688.104
687.776,688.106
687.776,688.106
687.769,688.100
687.769,688.100
687.777,688.107
687.776,688.106
687.775,688.106
687.775,688.105
687.774,688.104
687.768,688.099
687.768,688.099
687.776,688.106
687.775,688.105
687.775,688.105
687.774,688.104
687.781,688.111
687.783,688.112
687.781,688.111
687.780,688.110
687.779,688.109
687.778,688.108
687.785,688.114
687.783,688.112
687.782,688.111
687.781,688.110
687.779,688.109
687.778,688.108
687.777,688.107
687.776,688.106
687.776,688.106
687.767,688.098
687.759,688.091
687.760,688.092
687.760,688.093
687.761,688.093
687.764,688.096
687.765,688.096
687.765,688.097
687.765,688.097
687.766,688.097
687.766,688.097
687.766,688.097
687.761,688.093
687.761,688.094
687.770,688.101
687.765,688.096
687.765,688.096
687.765,688.097
687.757,688.090
687.753,688.086
687.746,688.080
687.748,688.082
687.753,688.086
687.754,688.087
687.750,688.084
687.752,688.085
687.754,688.087
687.755,688.088
687.748,688.082
687.750,688.084
687.752,688.085
687.753,688.086
687.749,688.083
687.751,688.085
687.753,688.086
687.754,688.087
687.755,688.088
687.757,688.089
687.758,688.090
687.761,688.093
687.762,688.094
687.771,688.101
687.770,688.101
687.773,688.103
687.772,688.103
687.772,688.103
687.772,688.102
687.771,688.102
687.771,688.102
687.771,688.101
687.773,688.104
687.773,688.103
687.780,688.110
687.782,688.111
687.780,688.110
687.779,688.109
687.778,688.108
687.769,688.100
687.761,688.093
687.762,688.094
687.765,688.096
687.765,688.097
687.765,688.097
687.766,688.097
687.766,688.097
687.769,688.100
687.769,688.100
687.771,688.102
687.771,688.102
687.771,688.101
687.770,688.101
687.770,688.101
687.770,688.101
687.770,688.101
687.770,688.100
687.769,688.100
687.777,688.107
687.779,688.109
687.778,688.108
687.777,688.107
687.779,688.109
687.778,688.108
687.777,688.107
687.776,688.106
687.775,688.105
687.774,688.105
687.774,688.104
687.773,688.104
687.773,688.103
687.772,688.103
687.772,688.102
687.771,688.102
687.771,688.102
687.771,688.102
687.770,688.101
687.773,688.103
687.772,688.103
687.772,688.103
687.774,688.105
687.774,688.104
687.776,688.106
687.775,688.105
687.782,688.112
687.784,688.113
687.782,688.112
687.781,688.110
687.780,688.109
687.779,688.108
687.777,688.107
687.777,688.107
687.778,688.108
687.777,688.107
687.776,688.107
687.778,688.108
687.777,688.107
687.776,688.106
687.776,688.106
687.775,688.105
687.774,688.104
687.774,688.104
687.773,688.103
687.773,688.103
687.772,688.103
687.772,688.102
687.771,688.102
687.774,688.104
687.773,688.104
687.773,688.103
687.775,688.105
687.774,688.105
687.774,688.104
687.773,688.104
687.773,688.103
687.764,688.096
687.756,688.089
687.758,688.090
687.761,688.093
687.754,688.087
687.755,688.088
687.759,688.091
687.760,688.092
687.763,688.095
687.764,688.096
687.764,688.096
687.765,688.096
687.765,688.096
687.760,688.092
687.761,688.093
687.761,688.093
687.762,688.094
687.762,688.094
687.766,688.097
687.758,688.090
687.759,688.091
687.760,688.092
687.760,688.093
687.761,688.093
687.762,688.094
687.757,688.090
687.758,688.091
687.759,688.091
687.763,688.094
687.763,688.095
687.763,688.095
687.759,688.091
687.751,688.085
687.756,688.089
687.757,688.090
687.758,688.090
687.753,688.087
687.747,688.081
687.749,688.083
687.745,688.080
687.739,688.074
687.737,688.072
687.740,688.075
687.742,688.077
687.745,688.079
687.747,688.081
687.749,688.083
687.751,688.084
687.752,688.086
687.754,688.087
687.755,688.088
687.756,688.089
687.760,688.092
687.761,688.093
687.762,688.094
687.765,688.097
687.765,688.097
687.765,688.097
687.766,688.097
687.766,688.097
687.766,688.097
687.766,688.098
687.769,688.100
687.761,688.093
687.762,688.094
687.765,688.097
687.765,688.097
687.765,688.097
687.766,688.097
687.766,688.097
687.766,688.097
687.766,688.098
687.766,688.098
687.766,688.098
687.767,688.098
687.767,688.098
687.767,688.098
687.762,688.094
687.762,688.094
687.763,688.095
687.763,688.095
687.764,688.095
687.764,688.096
687.764,688.096
687.757,688.089
687.766,688.097
687.766,688.097
687.766,688.097
687.774,688.104
687.773,688.104
687.773,688.103
687.767,688.098
687.759,688.092
687.752,688.085
687.756,688.089
687.757,688.090
687.753,688.086
687.754,688.087
687.756,688.089
687.752,688.085
687.753,688.086
687.754,688.087
687.750,688.084
687.752,688.085
687.754,688.087
687.755,688.088
687.748,688.082
687.750,688.084
687.744,688.078
687.741,688.076
687.743,688.078
687.746,688.080
687.742,688.077
687.745,688.079
687.750,688.083
687.751,688.085
687.753,688.086
687.757,688.090
687.750,688.084
687.744,688.078
687.749,688.083
687.751,688.084
687.744,688.079
687.749,688.083
687.751,688.084
687.753,688.086
687.749,688.082
687.751,688.084
687.752,688.085
687.754,688.087
687.747,688.081
687.749,688.083
687.751,688.084
687.744,688.079
687.747,688.081
687.728,688.065
687.732,688.068
687.727,688.064
687.731,688.067
687.727,688.063
687.725,688.062
687.729,688.066
687.725,688.062
687.729,688.065
687.725,688.062
687.729,688.065
687.732,688.068
687.728,688.064
687.724,688.061
687.731,688.067
687.734,688.070
687.729,688.066
687.736,688.071
687.731,688.067
687.726,688.063
687.722,688.059
687.718,688.056
687.715,688.053
687.715,688.053
687.720,688.057
687.709,688.048
687.715,688.053
687.715,688.053
687.720,688.057
687.724,688.061
687.728,688.065
687.732,688.068
687.736,688.071
687.741,688.076
687.744,688.078
687.741,688.076
687.735,688.071
687.738,688.074
687.733,688.069
687.736,688.072
687.731,688.067
687.727,688.064
687.723,688.060
687.727,688.064
687.731,688.067
687.734,688.070
687.738,688.073
687.743,688.078
687.745,688.080
687.748,688.082
687.744,688.079
687.738,688.074
687.744,688.078
687.746,688.080
687.748,688.082
687.753,688.086
687.754,688.087
687.747,688.081
687.752,688.085
687.754,688.087
687.758,688.090
687.759,688.091
687.760,688.092
687.752,688.086
687.746,688.080
687.748,688.082
687.744,688.079
687.747,688.081
687.743,688.078
687.738,688.073
687.740,688.075
687.746,688.080
687.740,688.075
687.742,688.077
687.740,688.075
687.734,688.070
687.732,688.068
687.735,688.071
687.731,688.067
687.729,688.065
687.732,688.068
687.736,688.071
687.739,688.074
687.742,688.076
687.744,688.079
687.741,688.076
687.736,688.071
687.739,688.074
687.744,688.079
687.738,688.074
687.741,688.076
687.738,688.074
687.741,688.076
687.738,688.074
687.733,688.069
687.736,688.072
687.731,688.067
687.735,688.070
687.738,688.073
687.741,688.076
687.743,688.078
687.748,688.082
687.750,688.084
687.744,688.078
687.749,688.083
687.743,688.077
687.745,688.079
687.747,688.081
687.741,688.076
687.744,688.078
687.749,688.082
687.750,688.084
687.752,688.085
687.746,688.080
687.748,688.082
687.750,688.083
687.743,688.078
687.738,688.073
687.732,688.068
687.736,688.071
687.731,688.067
687.734,688.070
687.729,688.066
687.733,688.069
687.731,688.067
687.735,688.070
687.732,688.068
687.736,688.071
687.731,688.067
687.737,688.072
687.740,688.075
687.743,688.077
687.740,688.075
687.742,688.077
687.745,688.079
687.739,688.074
687.734,688.069
687.732,688.068
687.727,688.064
687.731,688.067
687.734,688.070
687.738,688.073
687.740,688.075
687.743,688.078
687.745,688.080
687.748,688.081
687.741,688.076
687.744,688.078
687.746,688.080
687.743,688.078
687.745,688.080
687.750,688.084
687.752,688.085
687.753,688.087
687.749,688.083
687.743,688.078
687.737,688.073
687.732,688.068
687.730,688.067
687.734,688.070
687.732,688.068
687.735,688.071
687.730,688.067
687.734,688.070
687.737,688.072
687.740,688.075
687.743,688.077
687.745,688.079
687.747,688.081
687.752,688.085
687.753,688.087
687.747,688.081
687.752,688.085
687.753,688.086
687.746,688.080
687.748,688.082
687.742,688.077
687.745,688.079
687.747,688.081
687.749,688.083
687.743,688.077
687.745,688.079
687.747,688.081
687.749,688.083
687.754,688.087
687.747,688.081
687.741,688.076
687.746,688.080
687.748,688.082
687.750,688.084
687.744,688.078
687.738,688.073
687.741,688.076
687.743,688.078
687.738,688.073
687.735,688.071
687.730,688.067
687.734,688.070
687.737,688.072
687.735,688.070
687.738,688.073
687.735,688.071
687.730,688.067
687.726,688.063
687.722,688.059
687.721,688.059
687.725,688.062
687.721,688.059
687.721,688.058
687.717,688.055
687.714,688.052
687.714,688.052
687.711,688.050
687.708,688.047
687.708,688.048
687.706,688.046
687.704,688.044
687.702,688.042
687.700,688.041
687.707,688.046
687.707,688.047
687.713,688.051
687.710,688.049
687.716,688.054
687.715,688.054
687.720,688.058
687.719,688.057
687.724,688.061
687.720,688.058
687.725,688.062
687.723,688.061
687.728,688.064
687.723,688.061
687.720,688.057
687.727,688.064
687.723,688.060
687.722,688.059
687.718,688.056
687.715,688.053
687.712,688.051
687.712,688.051
687.709,688.048
687.707,688.046
687.705,688.044
687.711,688.049
687.716,688.054
687.724,688.061
687.720,688.058
687.716,688.055
687.713,688.052
687.718,688.056
687.715,688.053
687.715,688.053
687.720,688.058
687.716,688.055
687.716,688.054
687.713,688.051
690.646,690.588
692.897,692.536
694.352,693.794
694.999,694.353
696.911,696.007
698.676,697.534
699.204,697.990
699.378,698.141
700.402,699.027
702.514,700.853
702.697,701.011
703.279,701.514
705.942,703.818
706.042,703.904
706.186,704.029
706.258,704.091
706.192,704.034
706.179,704.023
705.456,703.397
705.366,703.319
705.364,703.318
705.274,703.240
705.201,703.177
703.989,702.129
703.463,701.674
702.944,701.225
702.696,701.011
702.195,700.577
701.977,700.388
701.845,700.274
701.108,699.637
700.419,699.041
699.902,698.594
699.727,698.443
698.909,697.735
698.356,697.256
698.267,697.180
697.707,696.695
697.490,696.507
697.330,696.369
696.550,695.695
696.440,695.600
696.346,695.518
695.738,694.992
695.649,694.916
695.547,694.827
695.010,694.363
694.965,694.324
694.863,694.236
694.768,694.153
694.158,693.626
694.112,693.586
694.025,693.511
693.982,693.473
693.919,693.419
693.846,693.356
693.785,693.304
693.734,693.259
693.670,693.204
693.623,693.163
693.095,692.706
693.007,692.631
692.991,692.616
692.950,692.581
692.890,692.529
692.834,692.481
692.766,692.422
692.244,691.971
692.199,691.932
692.184,691.919
692.154,691.893
692.100,691.846
692.033,691.788
691.984,691.746
691.972,691.735
691.951,691.717
691.923,691.693
691.900,691.673
691.860,691.639
691.818,691.602
691.309,691.162
691.416,691.255
691.567,691.385
692.064,691.815
692.067,691.817
692.010,691.768
691.938,691.706
691.858,691.636
691.804,691.590
691.764,691.556
691.747,691.541
691.733,691.529
691.733,691.528
691.732,691.528
691.712,691.511
691.672,691.476
691.629,691.438
691.577,691.393
691.540,691.361
691.498,691.326
691.470,691.301
691.437,691.272
691.403,691.243
691.374,691.218
691.347,691.194
691.323,691.174
691.301,691.155
691.273,691.131
691.260,691.120
691.240,691.102
691.222,691.086
691.202,691.069
691.192,691.061
691.178,691.049
691.158,691.031
691.136,691.012
691.120,690.998
691.110,690.989
691.096,690.978
691.083,690.967
691.069,690.954
691.059,690.945
691.047,690.935
691.031,690.921
691.013,690.906
691.000,690.895
690.986,690.882
690.976,690.873
690.963,690.863
690.955,690.856
690.937,690.840
690.928,690.832
690.915,690.821
690.900,690.808
690.887,690.797
690.878,690.789
690.875,690.787
690.872,690.784
690.873,690.785
690.862,690.775
690.861,690.774
690.854,690.769
690.853,690.768
690.848,690.763
690.839,690.756
690.832,690.749
690.825,690.743
690.814,690.734
690.796,690.718
690.780,690.704
690.762,690.689
690.746,690.674
690.731,690.662
690.717,690.650
690.705,690.640
690.686,690.623
690.677,690.615
690.669,690.608
690.657,690.598
690.654,690.595
690.651,690.593
690.648,690.591
690.646,690.589
690.644,690.587
690.655,690.596
690.657,690.598
690.659,690.599
690.660,690.601
690.612,690.559
690.597,690.546
690.588,690.539
690.573,690.525
690.561,690.515
690.548,690.504
690.544,690.500
690.536,690.493
690.528,690.486
690.518,690.477
690.504,690.465
690.488,690.452
690.473,690.439
690.460,690.428
690.449,690.418
690.438,690.408
690.428,690.400
690.428,690.399
690.419,690.392
690.403,690.378
690.397,690.373
690.386,690.364
690.381,690.360
690.369,690.349
690.358,690.339
690.089,690.107
690.080,690.099
690.072,690.092
690.060,690.082
690.054,690.077
690.049,690.072
690.044,690.068
690.040,690.064
690.039,690.063
690.035,690.060
690.031,690.057
690.028,690.054
690.025,690.051
690.023,690.049
690.020,690.047
690.010,690.038
690.001,690.030
690.000,690.030
689.992,690.023
689.993,690.023
689.993,690.024
689.989,690.020
689.989,690.020
689.982,690.014
689.976,690.009
689.952,689.988
689.948,689.985
689.945,689.982
689.950,689.986
689.949,689.986
689.946,689.983
689.943,689.980
689.940,689.978
689.937,689.975
689.935,689.973
689.933,689.972
689.931,689.970
689.924,689.964
689.923,689.963
689.922,689.962
689.921,689.962
689.921,689.961
689.920,689.960
689.919,689.960
689.910,689.952
689.903,689.945
689.904,689.946
689.896,689.940
689.890,689.934
689.892,689.936
689.894,689.938
689.896,689.940
689.897,689.941
689.899,689.942
689.895,689.939
689.897,689.941
689.890,689.935
689.893,689.937
689.895,689.938
689.896,689.940
689.898,689.941
689.899,689.943
689.901,689.944
689.902,689.945
689.895,689.939
689.896,689.940
689.898,689.941
689.899,689.943
689.893,689.937
689.886,689.931
689.881,689.927
689.884,689.929
689.879,689.925
689.874,689.921
689.870,689.917
689.866,689.913
689.870,689.917
689.866,689.914
689.862,689.911
689.859,689.908
689.856,689.905
689.854,689.903
689.859,689.908
689.856,689.905
689.854,689.903
689.851,689.901
689.849,689.899
689.850,689.900
689.848,689.898
689.846,689.896
689.844,689.895
689.843,689.894
689.833,689.886
689.833,689.885
689.832,689.885
689.832,689.884
689.832,689.884
689.831,689.884
689.823,689.876
689.823,689.877
689.824,689.877
689.816,689.871
689.817,689.872
689.810,689.866
689.812,689.867
689.814,689.868
689.815,689.870
689.816,689.871
689.809,689.865
689.811,689.866
689.813,689.868
689.806,689.862
689.800,689.857
689.795,689.852
689.790,689.848
689.785,689.844
689.781,689.841
689.770,689.830
689.767,689.828
689.765,689.826
689.763,689.825
689.753,689.816
689.752,689.815
689.743,689.807
689.743,689.807
689.743,689.807
689.743,689.807
689.743,689.807
689.743,689.807
689.735,689.801
689.728,689.794
689.721,689.789
689.715,689.783
689.710,689.779
689.705,689.774
689.701,689.771
689.697,689.767
689.701,689.771
689.697,689.768
689.693,689.764
689.690,689.762
689.687,689.759
689.676,689.750
689.675,689.748
689.673,689.747
689.672,689.746
689.671,689.745
689.669,689.744
689.660,689.736
689.660,689.736
689.660,689.736
689.660,689.735
689.652,689.728
689.644,689.722
689.646,689.723
689.647,689.724
689.640,689.718
689.634,689.713
689.636,689.715
689.638,689.717
689.632,689.711
689.627,689.707
689.622,689.702
689.625,689.705
689.628,689.708
689.631,689.711
689.626,689.706
689.621,689.702
689.616,689.698
689.612,689.694
689.609,689.691
689.602,689.686
689.600,689.683
689.597,689.681
689.603,689.686
689.608,689.691
689.605,689.688
689.602,689.685
689.599,689.683
689.597,689.681
689.595,689.679
689.593,689.677
689.583,689.669
689.582,689.668
689.581,689.668
689.581,689.667
689.577,689.664
689.577,689.663
689.568,689.656
689.569,689.657
689.569,689.657
689.570,689.658
689.562,689.651
689.552,689.642
689.546,689.637
689.549,689.639
689.543,689.634
689.538,689.630
689.533,689.626
689.529,689.622
689.525,689.619
689.530,689.623
689.526,689.620
689.523,689.617
689.519,689.614
689.517,689.612
689.514,689.609
689.512,689.607
689.509,689.605
689.508,689.604
689.506,689.602
689.504,689.601
689.503,689.600
689.502,689.598
689.500,689.597
689.499,689.597
689.498,689.596
689.489,689.588
689.481,689.581
689.474,689.575
689.476,689.576
689.469,689.570
689.471,689.572
689.470,689.571
689.463,689.565
689.466,689.568
689.460,689.563
689.460,689.562
689.463,689.565
689.457,689.560
689.460,689.563
689.455,689.558
689.450,689.554
689.446,689.550
689.450,689.554
689.451,689.554
689.454,689.558
689.455,689.558
689.458,689.561
689.453,689.556
689.448,689.552
689.444,689.549
689.440,689.546
689.437,689.543
689.442,689.547
689.446,689.551
689.451,689.554
689.446,689.551
689.442,689.547
689.447,689.551
689.448,689.552
689.452,689.555
689.447,689.552
689.451,689.555
689.447,689.551
689.443,689.548
689.439,689.545
689.433,689.539
689.430,689.537
689.425,689.532
689.423,689.530
689.421,689.529
689.420,689.528
689.415,689.524
689.414,689.523
689.405,689.515
689.397,689.508
689.390,689.502
689.383,689.496
689.382,689.495
689.384,689.497
689.386,689.499
689.380,689.493
689.382,689.495
689.376,689.490
689.379,689.493
689.373,689.488
689.368,689.483
689.364,689.479
689.360,689.476
689.356,689.472
689.352,689.470
689.349,689.467
689.346,689.464
689.349,689.467
689.346,689.464
689.344,689.462
689.339,689.457
689.337,689.456
689.332,689.452
689.331,689.451
689.330,689.450
689.329,689.449
689.328,689.449
689.327,689.448
689.327,689.447
689.326,689.447
689.325,689.446
689.325,689.446
689.324,689.445
689.324,689.445
689.324,689.445
689.323,689.444
689.323,689.444
689.323,689.444
689.322,689.444
689.322,689.443
689.322,689.443
689.330,689.450
689.329,689.449
689.325,689.446
689.325,689.445
689.324,689.445
689.324,689.445
689.323,689.444
689.323,689.444
689.323,689.444
689.323,689.444
689.319,689.441
689.319,689.441
689.319,689.441
689.324,689.445
689.324,689.445
689.324,689.445
689.323,689.444
689.323,689.444
689.320,689.441
689.320,689.441
689.320,689.441
689.317,689.439
689.317,689.439
689.317,689.439
689.318,689.439
689.318,689.440
689.323,689.444
689.323,689.444
689.323,689.444
689.319,689.441
689.319,689.441
689.319,689.441
689.319,689.441
689.320,689.441
689.320,689.441
689.320,689.441
689.320,689.441
689.320,689.441
689.320,689.441
689.320,689.441
689.320,689.441
689.320,689.441
689.320,689.441
689.320,689.441
689.317,689.439
689.317,689.439
689.317,689.439
689.315,689.437
689.315,689.437
689.315,689.438
689.316,689.438
689.316,689.438
689.317,689.439
689.317,689.439
689.317,689.439
689.318,689.439
689.310,689.433
689.303,689.426
689.304,689.428
689.306,689.429
689.299,689.423
689.301,689.425
689.303,689.427
689.309,689.432
689.310,689.433
689.311,689.434
689.312,689.435
689.313,689.435
689.311,689.433
689.311,689.434
689.312,689.435
689.318,689.440
689.318,689.440
689.318,689.440
689.315,689.438
689.316,689.438
689.316,689.438
689.317,689.439
689.309,689.432
689.302,689.426
689.301,689.425
689.302,689.426
689.304,689.428
689.306,689.429
689.307,689.430
689.305,689.429
689.299,689.423
689.301,689.425
689.294,689.419
689.289,689.414
689.284,689.410
689.287,689.413
689.201,689.338
689.204,689.341
689.199,689.337
689.194,689.333
