# Physical_Baseline=693.42pF, Trigger_Distance=11.3cm, Atten_Ratio=1.28
Raw_Capacitance(pF),Normalized_Capacitance(pF)
693.410,693.408
693.412,693.410
693.414,693.413
693.419,693.419
693.420,693.421
693.425,693.427
693.425,693.427
693.430,693.433
693.430,693.433
693.433,693.438
693.433,693.437
693.428,693.431
693.429,693.431
693.424,693.426
693.433,693.437
693.428,693.431
693.428,693.431
693.424,693.426
693.425,693.427
693.429,693.432
693.425,693.427
693.425,693.427
693.422,693.423
693.423,693.424
693.424,693.425
693.420,693.420
693.421,693.421
693.425,693.427
693.426,693.428
693.426,693.428
693.427,693.429
693.427,693.429
693.431,693.434
693.431,693.434
693.426,693.429
693.427,693.429
693.427,693.430
693.423,693.424
693.424,693.425
693.420,693.420
693.421,693.422
693.426,693.428
693.426,693.428
693.426,693.429
693.422,693.424
693.423,693.425
693.419,693.420
693.409,693.407
693.415,693.414
693.417,693.416
693.414,693.412
693.415,693.414
693.417,693.416
693.413,693.412
693.415,693.414
693.420,693.421
693.425,693.427
693.425,693.427
693.430,693.433
693.430,693.433
693.430,693.433
693.425,693.427
693.426,693.428
693.422,693.423
693.423,693.424
693.419,693.419
693.420,693.421
693.421,693.422
693.418,693.417
693.419,693.419
693.420,693.420
693.416,693.416
693.408,693.405
693.410,693.407
693.407,693.404
693.409,693.407
693.407,693.404
693.409,693.407
693.407,693.404
693.401,693.396
693.404,693.400
693.402,693.397
693.405,693.401
693.403,693.398
693.405,693.402
693.408,693.405
693.405,693.402
693.408,693.405
693.414,693.412
693.411,693.409
693.413,693.411
693.410,693.408
693.404,693.400
693.402,693.397
693.400,693.395
693.403,693.399
693.401,693.397
693.400,693.395
693.403,693.398
693.401,693.396
693.404,693.400
693.406,693.403
693.404,693.400
693.407,693.403
693.409,693.406
693.406,693.403
693.401,693.396
693.399,693.394
693.398,693.392
693.393,693.386
693.392,693.385
693.396,693.389
693.394,693.388
693.398,693.392
693.393,693.386
693.392,693.385
693.396,693.389
693.395,693.388
693.398,693.392
693.393,693.386
693.392,693.385
693.388,693.379
693.392,693.384
693.391,693.383
693.395,693.388
693.402,693.397
693.404,693.401
693.399,693.393
693.397,693.392
693.401,693.396
693.395,693.389
693.394,693.388
693.390,693.382
693.385,693.376
693.390,693.382
693.393,693.386
693.393,693.385
693.388,693.380
693.384,693.374
693.384,693.374
693.380,693.370
693.377,693.365
693.378,693.366
693.383,693.373
693.383,693.373
693.383,693.373
693.379,693.369
693.388,693.380
693.392,693.385
693.388,693.379
693.387,693.379
693.391,693.384
693.387,693.378
693.387,693.378
693.391,693.383
693.390,693.382
693.386,693.377
693.390,693.382
693.390,693.382
693.385,693.376
693.390,693.382
693.389,693.381
693.393,693.386
693.396,693.390
693.395,693.389
693.391,693.383
693.394,693.388
693.398,693.392
693.393,693.386
693.392,693.385
693.396,693.389
693.399,693.393
693.397,693.392
693.392,693.385
693.388,693.380
693.384,693.374
693.380,693.370
693.381,693.370
693.377,693.366
693.374,693.362
693.367,693.353
693.365,693.350
693.371,693.358
693.372,693.360
693.370,693.356
693.375,693.364
693.376,693.365
693.369,693.355
693.375,693.363
693.376,693.364
693.373,693.360
693.378,693.367
693.379,693.368
693.376,693.364
693.381,693.370
693.381,693.371
693.386,693.377
693.390,693.382
693.389,693.381
693.385,693.376
693.385,693.376
693.377,693.366
693.374,693.362
693.375,693.363
693.376,693.364
693.373,693.360
693.370,693.357
693.372,693.359
693.369,693.355
693.370,693.357
693.368,693.354
693.366,693.351
693.368,693.354
693.365,693.351
693.364,693.348
693.366,693.351
693.364,693.348
693.362,693.346
693.364,693.349
693.370,693.357
693.368,693.354
693.369,693.356
693.367,693.353
693.373,693.361
693.374,693.362
693.371,693.358
693.369,693.355
693.370,693.357
693.368,693.354
693.374,693.362
693.375,693.363
693.376,693.364
693.373,693.360
693.370,693.357
693.372,693.359
693.369,693.355
693.370,693.357
693.372,693.359
693.369,693.356
693.371,693.358
693.368,693.354
693.374,693.362
693.375,693.363
693.376,693.364
693.373,693.361
693.378,693.367
693.379,693.368
693.376,693.364
693.373,693.360
693.366,693.351
693.364,693.349
693.366,693.351
693.368,693.354
693.365,693.351
693.363,693.348
693.357,693.341
693.352,693.333
693.351,693.333
693.359,693.342
693.357,693.341
693.356,693.339
693.359,693.342
693.353,693.335
693.352,693.334
693.352,693.333
693.355,693.337
693.349,693.330
693.349,693.330
693.349,693.329
693.344,693.323
693.344,693.324
693.344,693.324
693.348,693.329
693.343,693.323
693.343,693.323
693.347,693.328
693.351,693.332
693.358,693.342
693.357,693.340
693.352,693.333
693.351,693.332
693.350,693.332
693.354,693.336
693.353,693.335
693.352,693.334
693.347,693.327
693.347,693.327
693.347,693.327
693.350,693.331
693.354,693.336
693.353,693.335
693.360,693.344
693.359,693.342
693.357,693.340
693.360,693.344
693.354,693.336
693.361,693.346
693.364,693.348
693.357,693.341
693.356,693.339
693.359,693.342
693.353,693.335
693.352,693.334
693.352,693.333
693.347,693.327
693.350,693.331
693.350,693.331
693.353,693.335
693.356,693.339
693.355,693.338
693.358,693.341
693.352,693.334
693.352,693.333
693.351,693.332
693.354,693.336
693.353,693.335
693.352,693.334
693.347,693.328
693.347,693.327
693.347,693.327
693.350,693.332
693.350,693.331
693.358,693.341
693.352,693.334
693.351,693.333
693.346,693.326
693.346,693.326
693.346,693.326
693.350,693.331
693.349,693.330
693.357,693.340
693.360,693.343
693.358,693.342
693.357,693.340
693.351,693.333
693.351,693.332
693.350,693.331
693.345,693.325
693.345,693.325
693.345,693.325
693.349,693.330
693.352,693.334
693.360,693.344
693.362,693.347
693.364,693.349
693.362,693.347
693.364,693.350
693.366,693.352
693.364,693.349
693.362,693.347
693.365,693.350
693.363,693.347
693.361,693.345
693.363,693.348
693.361,693.346
693.360,693.344
693.362,693.347
693.364,693.349
693.362,693.347
693.356,693.339
693.359,693.343
693.358,693.341
693.357,693.339
693.359,693.343
693.362,693.346
693.360,693.344
693.367,693.352
693.365,693.350
693.363,693.347
693.361,693.345
693.363,693.348
693.361,693.346
693.360,693.344
693.362,693.347
693.361,693.345
693.363,693.347
693.357,693.340
693.356,693.338
693.355,693.337
693.349,693.330
693.353,693.335
693.352,693.334
693.359,693.343
693.354,693.336
693.353,693.335
693.352,693.334
693.347,693.327
693.351,693.332
693.350,693.331
693.350,693.331
693.345,693.325
693.345,693.325
693.345,693.325
693.341,693.319
693.333,693.309
693.326,693.300
693.328,693.303
693.333,693.309
693.338,693.316
693.347,693.327
693.342,693.321
693.338,693.316
693.339,693.317
693.339,693.318
693.344,693.323
693.344,693.323
693.344,693.323
693.348,693.328
693.347,693.328
693.347,693.328
693.347,693.327
693.342,693.321
693.335,693.311
693.336,693.313
693.340,693.319
693.336,693.314
693.337,693.315
693.338,693.316
693.342,693.321
693.343,693.322
693.343,693.322
693.343,693.322
693.347,693.327
693.347,693.327
693.339,693.316
693.335,693.312
693.339,693.318
693.340,693.318
693.332,693.309
693.334,693.310
693.330,693.306
693.324,693.297
693.326,693.300
693.323,693.297
693.325,693.299
693.327,693.302
693.329,693.304
693.326,693.300
693.323,693.297
693.325,693.300
693.327,693.302
693.325,693.299
693.327,693.301
693.328,693.303
693.334,693.310
693.338,693.316
693.339,693.317
693.332,693.308
693.337,693.314
693.341,693.320
693.341,693.320
693.342,693.321
693.346,693.326
693.346,693.326
693.346,693.326
693.346,693.326
693.349,693.330
693.349,693.330
693.349,693.329
693.344,693.323
693.348,693.328
693.347,693.328
693.347,693.327
693.343,693.322
693.347,693.327
693.346,693.326
693.338,693.316
693.343,693.322
693.346,693.327
693.346,693.326
693.346,693.326
693.342,693.321
693.336,693.314
693.333,693.309
693.334,693.311
693.335,693.312
693.340,693.318
693.340,693.319
693.341,693.319
693.345,693.324
693.345,693.324
693.337,693.314
693.341,693.320
693.337,693.315
693.338,693.316
693.339,693.317
693.335,693.312
693.344,693.323
693.344,693.324
693.340,693.318
693.336,693.313
693.337,693.314
693.338,693.315
693.334,693.311
693.335,693.312
693.336,693.313
693.337,693.314
693.311,693.281
693.314,693.285
693.317,693.289
693.315,693.287
693.318,693.290
693.313,693.283
693.308,693.277
693.303,693.271
693.303,693.271
693.302,693.270
693.306,693.275
693.302,693.270
693.306,693.275
693.314,693.285
693.312,693.283
693.315,693.287
693.310,693.280
693.305,693.274
693.305,693.273
693.300,693.268
693.305,693.273
693.300,693.268
693.300,693.268
693.300,693.267
693.296,693.263
693.318,693.290
693.316,693.288
693.315,693.286
693.310,693.279
693.305,693.273
693.301,693.268
693.309,693.278
693.308,693.277
693.311,693.282
693.306,693.275
693.306,693.274
693.305,693.274
693.309,693.279
693.312,693.283
693.311,693.281
693.310,693.280
693.305,693.274
693.301,693.268
693.305,693.274
693.305,693.273
693.308,693.278
693.304,693.272
693.308,693.277
693.307,693.276
693.306,693.275
693.300,693.267
693.304,693.272
693.308,693.277
693.311,693.282
693.310,693.280
693.309,693.279
693.313,693.283
693.316,693.287
693.310,693.280
693.309,693.279
693.308,693.278
693.304,693.272
693.308,693.277
693.311,693.282
693.306,693.275
693.306,693.274
693.301,693.269
693.297,693.264
693.302,693.270
693.298,693.265
693.298,693.265
693.298,693.265
693.294,693.260
693.291,693.256
693.288,693.252
693.289,693.254
693.290,693.255
693.295,693.261
693.292,693.257
693.289,693.253
693.290,693.254
693.291,693.256
693.288,693.252
693.293,693.259
693.298,693.265
693.303,693.271
693.310,693.281
693.306,693.274
693.301,693.269
693.297,693.264
693.289,693.254
693.282,693.245
693.280,693.242
693.286,693.250
693.284,693.247
693.281,693.244
693.283,693.246
693.285,693.248
693.290,693.255
693.288,693.251
693.289,693.253
693.290,693.254
693.295,693.261
693.292,693.256
693.289,693.253
693.294,693.260
693.294,693.260
693.299,693.266
693.304,693.272
693.307,693.277
693.311,693.281
693.310,693.280
693.309,693.279
693.312,693.283
693.307,693.277
693.311,693.281
693.310,693.280
693.309,693.279
693.312,693.283
693.307,693.277
693.311,693.281
693.310,693.280
693.309,693.278
693.304,693.273
693.300,693.267
693.304,693.273
693.296,693.262
693.292,693.257
693.289,693.253
693.286,693.250
693.292,693.257
693.293,693.258
693.285,693.248
693.283,693.245
693.281,693.242
693.279,693.240
693.277,693.238
693.279,693.240
693.273,693.233
693.275,693.236
693.282,693.244
693.280,693.242
693.282,693.244
693.283,693.246
693.281,693.243
693.279,693.241
693.277,693.238
693.284,693.246
693.285,693.248
693.286,693.250
693.284,693.247
693.282,693.244
693.280,693.241
693.278,693.239
693.280,693.241
693.286,693.249
693.283,693.246
693.281,693.243
693.287,693.251
693.288,693.252
693.289,693.254
693.295,693.260
693.291,693.256
693.288,693.252
693.289,693.254
693.290,693.255
693.287,693.251
693.293,693.258
693.290,693.254
693.287,693.251
693.288,693.252
693.289,693.253
693.290,693.255
693.287,693.251
693.293,693.258
693.290,693.254
693.295,693.261
693.295,693.261
693.296,693.262
693.300,693.268
693.297,693.263
693.293,693.258
693.294,693.259
693.294,693.260
693.291,693.256
693.288,693.252
693.285,693.249
693.287,693.250
693.288,693.252
693.289,693.253
693.286,693.250
693.284,693.247
693.282,693.244
693.288,693.251
693.289,693.253
693.290,693.254
693.291,693.255
693.296,693.262
693.300,693.268
693.297,693.263
693.297,693.263
693.297,693.264
693.297,693.264
693.302,693.270
693.298,693.265
693.294,693.260
693.295,693.261
693.295,693.261
693.292,693.257
693.289,693.253
693.294,693.260
693.299,693.266
693.295,693.261
693.296,693.262
693.296,693.262
693.293,693.258
693.289,693.254
693.295,693.260
693.295,693.261
693.295,693.261
693.292,693.257
693.289,693.253
693.286,693.250
693.279,693.241
693.281,693.243
693.283,693.246
693.289,693.253
693.286,693.250
693.292,693.257
693.292,693.258
693.293,693.259
693.298,693.265
693.303,693.271
693.299,693.265
693.299,693.265
693.299,693.266
693.299,693.266
693.303,693.271
693.299,693.266
693.303,693.272
693.303,693.271
693.303,693.271
693.299,693.265
693.295,693.261
693.292,693.256
693.292,693.257
693.293,693.258
693.290,693.254
693.287,693.251
693.284,693.247
693.286,693.249
693.287,693.251
693.288,693.252
693.294,693.259
693.299,693.265
693.295,693.261
693.295,693.261
693.300,693.267
693.304,693.273
693.308,693.278
693.304,693.272
693.303,693.271
693.303,693.271
693.302,693.270
693.298,693.265
693.295,693.261
693.291,693.256
693.284,693.247
693.286,693.249
693.279,693.240
693.281,693.243
693.287,693.250
693.284,693.247
693.282,693.244
693.275,693.236
693.278,693.239
693.280,693.241
693.286,693.249
693.283,693.246
693.281,693.243
693.279,693.241
693.281,693.243
693.283,693.245
693.281,693.242
693.279,693.240
693.285,693.248
693.283,693.245
693.284,693.247
693.294,693.259
693.299,693.265
693.299,693.265
693.299,693.266
693.295,693.261
693.300,693.267
693.296,693.262
693.293,693.258
693.293,693.259
693.286,693.249
693.283,693.246
693.289,693.253
693.294,693.260
693.295,693.261
693.295,693.261
693.300,693.267
693.304,693.273
693.308,693.278
693.307,693.277
693.311,693.281
693.314,693.285
693.309,693.279
693.308,693.278
693.307,693.276
693.303,693.271
693.299,693.265
693.295,693.261
693.295,693.261
693.292,693.257
693.289,693.253
693.294,693.260
693.295,693.261
693.295,693.261
693.300,693.267
693.296,693.262
693.293,693.258
693.293,693.259
693.294,693.259
693.294,693.260
693.291,693.256
693.288,693.252
693.294,693.259
693.290,693.255
693.291,693.256
693.296,693.263
693.301,693.268
693.297,693.264
693.302,693.269
693.301,693.269
693.301,693.269
693.297,693.264
693.302,693.270
693.302,693.269
693.301,693.269
693.301,693.269
693.297,693.264
693.294,693.259
693.290,693.255
693.291,693.256
693.292,693.257
693.289,693.253
693.286,693.250
693.284,693.247
693.281,693.244
693.275,693.235
693.277,693.238
693.271,693.231
693.274,693.234
693.273,693.232
693.271,693.231
693.274,693.234
693.268,693.227
693.268,693.226
693.267,693.225
693.266,693.224
693.266,693.223
693.269,693.227
693.268,693.226
693.267,693.225
693.266,693.224
693.266,693.224
693.269,693.228
693.264,693.221
693.267,693.225
693.275,693.235
693.281,693.243
693.279,693.241
693.273,693.233
693.276,693.236
693.278,693.239
693.280,693.241
693.278,693.239
693.284,693.247
693.282,693.244
693.284,693.246
693.285,693.248
693.286,693.250
693.284,693.247
693.282,693.244
693.280,693.241
693.278,693.239
693.276,693.237
693.278,693.239
693.276,693.237
693.275,693.235
693.273,693.233
693.272,693.232
693.275,693.235
693.277,693.238
693.271,693.230
693.270,693.229
693.277,693.238
693.276,693.236
693.278,693.239
693.272,693.231
693.274,693.234
693.273,693.233
693.272,693.231
693.271,693.230
693.278,693.239
693.280,693.241
693.273,693.233
693.272,693.232
693.271,693.230
693.270,693.229
693.277,693.238
693.279,693.241
693.281,693.243
693.279,693.241
693.277,693.238
693.276,693.236
693.274,693.234
693.277,693.237
693.279,693.240
693.285,693.248
693.283,693.245
693.280,693.242
693.279,693.240
693.272,693.232
693.275,693.235
693.273,693.233
693.272,693.232
693.279,693.241
693.285,693.249
693.287,693.250
693.288,693.252
693.285,693.248
693.283,693.245
693.289,693.253
693.286,693.249
693.279,693.241
693.281,693.243
693.287,693.251
693.293,693.258
693.290,693.254
693.287,693.250
693.280,693.242
693.274,693.233
693.268,693.226
693.263,693.220
693.263,693.219
693.262,693.219
693.262,693.219
693.265,693.223
693.269,693.227
693.268,693.226
693.275,693.235
693.277,693.238
693.279,693.241
693.273,693.233
693.272,693.231
693.279,693.240
693.285,693.248
693.287,693.250
693.288,693.252
693.289,693.253
693.286,693.250
693.284,693.246
693.281,693.243
693.287,693.251
693.289,693.253
693.290,693.254
693.287,693.250
693.284,693.247
693.282,693.244
693.275,693.236
693.270,693.228
693.257,693.213
693.258,693.213
693.258,693.213
693.266,693.224
693.269,693.228
693.264,693.221
693.272,693.231
693.271,693.230
693.270,693.228
693.269,693.227
693.268,693.226
693.271,693.230
693.265,693.223
693.260,693.217
693.260,693.217
693.260,693.217
693.260,693.217
693.260,693.217
693.264,693.221
693.259,693.215
693.255,693.210
693.255,693.210
693.256,693.211
693.256,693.211
693.257,693.212
693.257,693.212
693.253,693.207
693.257,693.213
693.253,693.207
693.257,693.213
693.258,693.213
693.258,693.214
693.258,693.214
693.254,693.208
693.250,693.204
693.247,693.199
693.252,693.206
693.253,693.207
693.261,693.218
693.261,693.218
693.261,693.218
693.265,693.222
693.260,693.216
693.255,693.210
693.256,693.211
693.256,693.211
693.257,693.212
693.257,693.212
693.257,693.213
693.261,693.218
693.255,693.209
693.255,693.210
693.256,693.211
693.256,693.211
693.256,693.212
693.257,693.212
693.257,693.212
693.257,693.213
693.253,693.207
693.258,693.213
693.253,693.208
693.254,693.209
693.255,693.209
693.255,693.210
693.256,693.211
693.252,693.205
693.248,693.201
693.253,693.207
693.257,693.213
693.253,693.207
693.254,693.208
693.254,693.209
693.255,693.210
693.255,693.210
693.256,693.211
693.268,693.226
693.271,693.230
693.265,693.223
693.260,693.217
693.260,693.217
693.260,693.217
693.260,693.217
693.260,693.217
693.260,693.217
693.256,693.211
693.252,693.206
693.248,693.201
693.253,693.207
693.254,693.208
693.254,693.209
693.255,693.210
693.247,693.200
693.249,693.202
693.245,693.197
693.250,693.204
693.251,693.205
693.252,693.206
693.253,693.207
693.257,693.213
693.261,693.218
693.261,693.218
693.269,693.228
693.268,693.227
693.267,693.226
693.259,693.214
693.259,693.215
693.255,693.209
693.259,693.215
693.263,693.220
693.258,693.214
693.258,693.214
693.258,693.214
693.250,693.204
693.251,693.205
693.252,693.206
693.253,693.207
693.249,693.202
693.246,693.198
693.243,693.194
693.244,693.196
693.246,693.198
693.247,693.200
693.248,693.201
693.250,693.203
693.250,693.204
693.255,693.210
693.259,693.215
693.267,693.226
693.275,693.235
693.273,693.233
693.272,693.232
693.275,693.235
693.269,693.228
693.276,693.237
693.275,693.235
693.273,693.233
693.264,693.221
693.263,693.221
693.263,693.220
693.267,693.225
693.262,693.218
693.261,693.218
693.261,693.218
693.261,693.218
693.261,693.218
693.261,693.217
693.261,693.217
693.261,693.217
693.256,693.211
693.252,693.206
693.257,693.212
693.257,693.212
693.257,693.213
693.258,693.213
693.258,693.213
693.258,693.214
693.262,693.219
693.265,693.223
693.265,693.222
693.273,693.232
693.271,693.231
693.270,693.229
693.269,693.228
693.268,693.227
693.271,693.231
693.266,693.224
693.261,693.217
693.256,693.212
693.252,693.207
693.253,693.207
693.254,693.208
693.254,693.209
693.255,693.210
693.255,693.210
693.256,693.211
693.252,693.206
693.256,693.212
693.252,693.207
693.257,693.212
693.257,693.213
693.257,693.213
693.261,693.218
693.265,693.223
693.260,693.216
693.256,693.211
693.252,693.206
693.253,693.207
693.253,693.208
693.254,693.208
693.254,693.209
693.251,693.204
693.255,693.210
693.259,693.215
693.260,693.216
693.260,693.216
693.260,693.216
693.260,693.216
693.260,693.216
693.263,693.221
693.259,693.215
693.263,693.219
693.262,693.219
693.254,693.209
693.255,693.209
693.255,693.210
693.251,693.205
693.248,693.200
693.249,693.202
693.250,693.203
693.251,693.204
693.252,693.206
693.252,693.207
693.253,693.207
693.246,693.198
693.251,693.204
693.255,693.210
693.251,693.205
693.252,693.206
693.253,693.207
693.254,693.208
693.254,693.209
693.255,693.210
693.255,693.210
693.259,693.215
693.263,693.220
693.259,693.214
693.259,693.214
693.259,693.215
693.259,693.215
693.259,693.215
693.259,693.215
693.259,693.215
693.259,693.215
693.259,693.215
693.255,693.210
693.259,693.215
693.255,693.210
693.255,693.210
693.256,693.211
693.256,693.211
693.257,693.212
693.257,693.212
693.249,693.202
693.250,693.203
693.255,693.209
693.251,693.205
693.255,693.210
693.251,693.205
693.252,693.206
693.253,693.207
693.246,693.198
693.247,693.199
693.248,693.201
693.249,693.202
693.250,693.204
693.251,693.205
693.248,693.200
693.244,693.196
693.250,693.203
693.251,693.204
693.252,693.205
693.252,693.206
693.253,693.207
693.254,693.208
693.254,693.209
693.259,693.214
693.254,693.209
693.259,693.214
693.254,693.209
693.255,693.210
693.247,693.200
693.248,693.201
693.250,693.203
693.251,693.204
693.251,693.205
693.252,693.206
693.257,693.212
693.261,693.217
693.264,693.222
693.260,693.216
693.263,693.220
693.263,693.220
693.263,693.220
693.263,693.219
693.262,693.219
693.262,693.219
693.262,693.219
693.257,693.213
693.261,693.218
693.253,693.207
693.246,693.198
693.247,693.199
693.248,693.201
693.249,693.202
693.250,693.204
693.243,693.195
693.248,693.201
693.245,693.197
693.242,693.193
693.252,693.206
693.245,693.196
693.246,693.198
693.247,693.200
693.249,693.202
693.242,693.193
693.243,693.195
693.241,693.191
693.238,693.188
693.244,693.196
693.237,693.187
693.239,693.190
693.241,693.192
693.243,693.195
693.245,693.197
693.242,693.193
693.247,693.200
693.252,693.206
693.249,693.202
693.245,693.197
693.242,693.194
693.248,693.200
693.253,693.207
693.249,693.202
693.250,693.203
693.251,693.205
693.252,693.206
693.244,693.196
693.242,693.193
693.247,693.200
693.252,693.206
693.248,693.201
693.241,693.192
693.243,693.195
693.245,693.197
693.246,693.199
693.247,693.200
693.249,693.202
693.242,693.193
693.243,693.195
693.241,693.191
693.246,693.199
693.247,693.200
693.241,693.191
693.242,693.194
693.244,693.196
693.254,693.208
693.250,693.203
693.255,693.209
693.251,693.204
693.252,693.205
693.252,693.206
693.253,693.207
693.254,693.208
693.254,693.209
693.255,693.210
693.255,693.210
693.251,693.205
693.244,693.196
693.246,693.198
693.247,693.200
693.248,693.201
693.249,693.203
693.250,693.204
693.251,693.205
693.248,693.201
693.253,693.207
693.257,693.212
693.253,693.207
693.254,693.208
693.254,693.209
693.255,693.210
693.247,693.200
693.248,693.201
693.250,693.203
693.246,693.199
693.243,693.195
693.248,693.201
693.245,693.197
693.242,693.193
693.248,693.200
693.249,693.202
693.250,693.203
693.251,693.204
693.244,693.195
693.237,693.187
693.231,693.179
693.234,693.183
693.228,693.176
693.223,693.169
693.222,693.168
693.222,693.167
693.221,693.166
693.220,693.165
693.224,693.170
693.227,693.174
693.222,693.168
693.218,693.162
693.222,693.167
693.225,693.172
693.221,693.166
693.220,693.165
693.219,693.164
693.219,693.164
693.218,693.163
693.218,693.162
693.226,693.172
693.229,693.177
693.232,693.180
693.235,693.184
693.237,693.187
693.239,693.190
693.241,693.192
693.243,693.194
693.236,693.186
693.242,693.194
693.240,693.190
693.237,693.187
693.243,693.195
693.240,693.191
693.242,693.194
693.244,693.196
693.245,693.198
693.239,693.189
693.241,693.192
693.234,693.184
693.237,693.187
693.243,693.194
693.248,693.201
693.245,693.197
693.242,693.193
693.247,693.200
693.249,693.202
693.250,693.203
693.243,693.194
693.244,693.196
693.246,693.198
693.239,693.189
693.241,693.192
693.243,693.194
693.248,693.201
693.245,693.197
693.242,693.193
693.239,693.190
693.237,693.187
693.235,693.184
693.233,693.181
693.235,693.185
693.238,693.188
693.240,693.190
693.242,693.193
693.243,693.195
693.245,693.197
693.238,693.189
693.236,693.186
693.234,693.183
693.232,693.181
693.238,693.189
693.240,693.191
693.242,693.194
693.236,693.185
693.238,693.188
693.240,693.191
693.242,693.193
693.244,693.196
693.241,693.192
693.247,693.199
693.252,693.205
693.256,693.211
693.256,693.212
693.249,693.202
693.250,693.203
693.251,693.204
693.252,693.205
693.248,693.201
693.245,693.197
693.244,693.195
693.237,693.187
693.231,693.180
693.230,693.177
693.228,693.176
693.227,693.174
693.226,693.172
693.224,693.171
693.224,693.170
693.227,693.174
693.230,693.178
693.225,693.171
693.228,693.176
693.231,693.179
693.234,693.183
693.236,693.186
693.239,693.189
693.236,693.186
693.234,693.183
693.229,693.176
693.232,693.180
693.234,693.183
693.237,693.186
693.239,693.189
693.241,693.192
693.243,693.194
693.236,693.186
693.238,693.189
693.232,693.181
693.227,693.174
693.230,693.178
693.225,693.171
693.220,693.165
693.224,693.170
693.223,693.169
693.222,693.168
693.221,693.167
693.221,693.166
693.220,693.165
693.219,693.164
693.219,693.164
693.218,693.163
693.218,693.162
693.214,693.157
693.218,693.163
693.222,693.168
693.226,693.173
693.229,693.177
693.232,693.180
693.235,693.184
693.237,693.187
693.239,693.190
693.233,693.182
693.228,693.175
693.223,693.168
693.218,693.163
693.214,693.157
693.218,693.163
693.222,693.168
693.222,693.167
693.221,693.166
693.220,693.165
693.220,693.165
693.219,693.164
693.219,693.163
693.218,693.163
693.226,693.173
693.221,693.166
693.225,693.171
693.228,693.175
693.231,693.179
693.226,693.172
693.229,693.177
693.224,693.170
693.219,693.164
693.223,693.169
693.222,693.168
693.221,693.167
693.221,693.166
693.220,693.165
693.219,693.164
693.219,693.164
693.218,693.163
693.218,693.162
693.218,693.162
693.217,693.162
693.217,693.161
693.217,693.161
693.216,693.160
693.221,693.166
693.216,693.160
693.212,693.155
693.209,693.151
693.214,693.157
693.210,693.152
693.207,693.148
693.204,693.144
693.201,693.141
693.198,693.137
693.204,693.145
693.227,693.174
693.222,693.168
693.218,693.162
693.222,693.167
693.225,693.172
693.224,693.171
693.223,693.169
693.222,693.168
693.222,693.167
693.221,693.166
693.220,693.165
693.220,693.165
693.215,693.159
693.220,693.165
693.223,693.170
693.219,693.164
693.223,693.169
693.226,693.173
693.221,693.167
693.217,693.161
693.213,693.156
693.217,693.162
693.213,693.157
693.210,693.152
693.214,693.158
693.197,693.136
693.203,693.144
693.201,693.140
693.202,693.142
693.195,693.133
693.197,693.135
693.198,693.138
693.200,693.139
693.201,693.141
693.202,693.143
693.204,693.144
693.201,693.141
693.198,693.137
693.196,693.135
693.194,693.132
693.192,693.130
693.191,693.128
693.197,693.136
693.195,693.133
693.201,693.141
693.207,693.148
693.212,693.155
693.216,693.161
693.221,693.166
693.224,693.171
693.220,693.165
693.215,693.159
693.211,693.154
693.212,693.155
693.220,693.165
693.228,693.175
693.226,693.173
693.225,693.172
693.232,693.181
693.230,693.178
693.229,693.176
693.232,693.180
693.226,693.173
693.230,693.177
693.232,693.181
693.235,693.184
693.229,693.177
693.232,693.181
693.227,693.174
693.230,693.178
693.233,693.181
693.235,693.185
693.238,693.188
693.240,693.190
693.234,693.183
693.228,693.175
693.223,693.169
693.218,693.163
693.214,693.158
693.211,693.153
693.215,693.159
693.215,693.159
693.215,693.159
693.215,693.159
693.215,693.158
693.207,693.148
693.207,693.149
693.208,693.150
693.208,693.150
693.205,693.146
693.202,693.143
693.200,693.139
693.197,693.136
693.195,693.134
693.193,693.131
693.192,693.129
693.198,693.137
693.204,693.145
693.201,693.141
693.199,693.138
693.205,693.145
693.210,693.152
693.206,693.148
693.207,693.149
693.208,693.150
693.208,693.150
693.209,693.151
693.206,693.147
693.203,693.143
693.200,693.140
693.198,693.137
693.196,693.134
693.194,693.131
693.192,693.129
693.190,693.127
693.197,693.136
693.195,693.133
693.193,693.130
693.199,693.139
693.205,693.146
693.202,693.142
693.208,693.149
693.213,693.156
693.209,693.151
693.206,693.147
693.211,693.154
693.216,693.159
693.212,693.154
693.216,693.160
693.220,693.166
693.220,693.165
693.219,693.164
693.219,693.164
693.218,693.163
693.214,693.158
693.210,693.153
693.211,693.153
693.211,693.154
693.211,693.154
693.208,693.150
693.205,693.146
693.210,693.152
693.210,693.153
693.207,693.148
693.208,693.149
693.208,693.150
693.209,693.151
693.201,693.141
693.202,693.143
693.203,693.144
693.204,693.145
693.205,693.146
693.206,693.147
693.207,693.148
693.208,693.149
693.204,693.145
693.210,693.152
693.206,693.148
693.211,693.154
693.216,693.160
693.212,693.155
693.209,693.151
693.214,693.157
693.210,693.152
693.207,693.148
693.204,693.144
693.209,693.151
693.214,693.157
693.210,693.152
693.207,693.148
693.212,693.155
693.212,693.155
693.212,693.155
693.212,693.155
693.212,693.155
693.213,693.156
693.213,693.156
693.213,693.156
693.209,693.151
693.210,693.152
693.210,693.152
693.207,693.148
693.204,693.144
693.209,693.151
693.214,693.157
693.218,693.163
693.222,693.168
693.218,693.162
693.222,693.167
693.217,693.162
693.221,693.167
693.217,693.161
693.213,693.156
693.209,693.151
693.206,693.147
693.211,693.154
693.208,693.149
693.205,693.145
693.202,693.142
693.207,693.149
693.204,693.145
693.201,693.141
693.207,693.148
693.208,693.149
693.208,693.150
693.209,693.151
693.206,693.147
693.203,693.143
693.208,693.150
693.205,693.146
693.202,693.142
693.203,693.144
693.204,693.145
693.213,693.156
693.213,693.156
693.213,693.157
693.213,693.157
693.213,693.157
693.214,693.157
693.218,693.162
693.218,693.162
693.217,693.161
693.217,693.161
693.208,693.150
693.209,693.151
693.209,693.152
693.206,693.147
693.207,693.148
693.208,693.149
693.208,693.150
693.205,693.146
693.206,693.147
693.207,693.148
693.207,693.149
693.200,693.139
693.201,693.141
693.194,693.132
693.196,693.135
693.202,693.142
693.200,693.139
693.197,693.136
693.191,693.128
693.197,693.136
693.195,693.133
693.193,693.131
693.191,693.129
693.190,693.127
693.188,693.125
693.187,693.123
693.186,693.122
693.185,693.120
693.184,693.119
693.183,693.118
693.190,693.127
693.197,693.136
693.203,693.143
693.200,693.140
693.198,693.137
693.196,693.134
693.202,693.142
693.199,693.139
693.197,693.136
693.195,693.133
693.201,693.141
693.198,693.138
693.204,693.145
693.202,693.142
693.199,693.138
693.205,693.146
693.206,693.147
693.206,693.148
693.199,693.138
693.205,693.146
693.202,693.142
693.199,693.139
693.197,693.136
693.195,693.133
693.193,693.131
693.195,693.133
693.197,693.136
693.198,693.138
693.200,693.140
693.201,693.141
693.203,693.143
693.204,693.144
693.209,693.151
693.206,693.147
693.211,693.153
693.207,693.149
693.212,693.155
693.209,693.151
693.206,693.147
693.211,693.153
693.207,693.149
693.212,693.155
693.209,693.151
693.214,693.157
693.222,693.167
693.221,693.166
693.220,693.166
693.228,693.175
693.227,693.173
693.225,693.172
693.229,693.176
693.224,693.170
693.227,693.174
693.230,693.178
693.233,693.182
693.227,693.175
693.222,693.168
693.226,693.173
693.221,693.167
693.225,693.171
693.220,693.165
693.216,693.160
693.220,693.165
693.224,693.170
693.227,693.174
693.222,693.168
693.218,693.162
693.222,693.167
693.217,693.162
693.217,693.161
693.217,693.161
693.216,693.160
693.216,693.160
693.216,693.160
693.216,693.160
693.216,693.159
693.215,693.159
693.215,693.159
693.215,693.159
693.215,693.159
693.215,693.159
693.215,693.158
693.215,693.158
693.219,693.164
693.223,693.169
693.226,693.173
693.230,693.177
693.224,693.171
693.228,693.175
693.223,693.169
693.218,693.163
693.226,693.173
693.225,693.171
693.220,693.165
693.216,693.160
693.212,693.155
693.216,693.160
693.220,693.166
693.216,693.160
693.220,693.165
693.216,693.160
693.220,693.165
693.224,693.170
693.219,693.164
693.215,693.159
693.211,693.154
693.208,693.149
693.213,693.156
693.209,693.151
693.206,693.147
693.211,693.154
693.216,693.159
693.220,693.165
693.216,693.159
693.220,693.165
693.224,693.170
693.223,693.168
693.214,693.157
693.214,693.157
693.214,693.157
693.214,693.157
693.214,693.157
693.214,693.157
693.214,693.157
693.214,693.157
693.214,693.157
693.214,693.157
693.214,693.157
693.214,693.157
693.222,693.167
693.225,693.172
693.229,693.176
693.232,693.180
693.234,693.184
693.237,693.187
693.239,693.189
693.241,693.192
693.243,693.194
693.245,693.196
693.242,693.193
693.239,693.189
693.233,693.182
693.235,693.185
693.238,693.188
693.240,693.190
693.242,693.193
693.235,693.185
693.238,693.188
693.240,693.190
693.237,693.187
693.235,693.184
693.233,693.182
693.231,693.180
693.230,693.177
693.228,693.176
693.227,693.174
693.234,693.183
693.232,693.180
693.234,693.184
693.229,693.176
693.232,693.180
693.234,693.184
693.237,693.187
693.239,693.190
693.233,693.182
693.236,693.185
693.234,693.182
693.232,693.180
693.230,693.178
693.228,693.176
693.235,693.184
693.233,693.182
693.231,693.179
693.230,693.177
693.232,693.181
693.227,693.174
693.230,693.178
693.233,693.182
693.236,693.185
693.238,693.188
693.232,693.180
693.235,693.184
693.233,693.181
693.231,693.179
693.229,693.177
693.228,693.175
693.223,693.169
693.218,693.163
693.222,693.168
693.218,693.162
693.222,693.167
693.221,693.166
693.220,693.165
693.220,693.165
693.219,693.164
693.219,693.163
693.218,693.163
693.218,693.162
693.214,693.157
693.218,693.163
693.214,693.157
693.210,693.153
693.215,693.159
693.215,693.159
693.215,693.158
693.215,693.158
693.215,693.158
693.215,693.158
693.219,693.164
693.218,693.163
693.218,693.163
693.214,693.157
693.214,693.157
693.210,693.153
693.207,693.148
693.212,693.155
693.216,693.161
693.221,693.166
693.224,693.171
693.220,693.165
693.224,693.170
693.227,693.174
693.238,693.188
693.235,693.185
693.230,693.177
693.228,693.176
693.235,693.184
693.233,693.182
693.231,693.179
693.234,693.183
693.236,693.186
693.239,693.189
693.241,693.191
693.234,693.183
693.237,693.187
693.231,693.179
693.234,693.182
693.236,693.186
693.238,693.189
693.236,693.186
693.234,693.183
693.232,693.181
693.230,693.178
693.233,693.182
693.228,693.175
693.223,693.168
693.226,693.173
693.217,693.162
693.217,693.161
693.221,693.166
693.217,693.161
693.213,693.156
693.209,693.151
693.206,693.147
693.203,693.143
693.200,693.140
693.206,693.147
693.203,693.143
693.200,693.140
693.198,693.137
693.204,693.144
693.201,693.141
693.207,693.148
693.207,693.149
693.208,693.150
693.208,693.150
693.205,693.146
693.202,693.143
693.208,693.150
693.205,693.146
693.202,693.142
693.199,693.139
693.205,693.146
693.206,693.147
693.207,693.148
693.215,693.159
693.223,693.170
693.223,693.168
693.226,693.173
693.229,693.177
693.232,693.181
693.235,693.184
693.229,693.177
693.232,693.181
693.227,693.174
693.234,693.182
693.232,693.180
693.230,693.178
693.228,693.176
693.223,693.169
693.227,693.174
693.222,693.167
693.225,693.172
693.229,693.176
693.227,693.174
693.226,693.173
693.233,693.182
693.212,693.155
693.208,693.150
693.205,693.146
693.202,693.142
693.200,693.139
693.205,693.146
693.202,693.143
693.208,693.150
693.213,693.156
693.209,693.151
693.214,693.158
693.222,693.168
693.229,693.177
693.228,693.175
693.235,693.184
693.229,693.177
693.232,693.180
693.227,693.173
693.222,693.167
693.225,693.172
693.232,693.181
693.231,693.179
693.237,693.187
693.235,693.184
693.237,693.187
693.231,693.180
693.234,693.183
693.237,693.186
693.239,693.189
693.241,693.192
693.243,693.194
693.236,693.186
693.230,693.178
693.225,693.172
693.228,693.176
693.231,693.180
693.234,693.183
693.237,693.186
693.239,693.189
693.245,693.196
693.242,693.193
693.239,693.189
693.237,693.186
693.243,693.194
693.244,693.196
693.246,693.198
693.239,693.189
693.233,693.182
693.227,693.174
693.222,693.168
693.226,693.173
693.229,693.177
693.232,693.181
693.230,693.178
693.229,693.176
693.236,693.185
693.233,693.182
693.236,693.185
693.234,693.183
693.232,693.180
693.235,693.184
693.237,693.187
693.239,693.190
693.241,693.192
693.243,693.194
693.245,693.196
693.250,693.203
693.246,693.199
693.243,693.195
693.240,693.191
693.242,693.194
693.236,693.185
693.238,693.188
693.240,693.191
693.242,693.193
693.244,693.196
693.237,693.187
693.239,693.190
693.241,693.192
693.235,693.184
693.229,693.177
693.232,693.181
693.230,693.178
693.229,693.176
693.227,693.175
693.226,693.173
693.225,693.172
693.224,693.170
693.223,693.169
693.222,693.168
693.221,693.167
693.217,693.161
693.213,693.156
693.209,693.151
693.214,693.158
693.218,693.163
693.222,693.168
693.218,693.162
693.222,693.168
693.229,693.177
693.236,693.185
693.234,693.183
693.232,693.180
693.230,693.178
693.229,693.176
693.227,693.174
693.226,693.173
693.229,693.177
693.232,693.181
693.235,693.184
693.237,693.187
693.231,693.180
693.234,693.183
693.237,693.186
693.242,693.194
693.240,693.190
693.237,693.187
693.231,693.180
693.226,693.173
693.221,693.167
693.225,693.171
693.228,693.176
693.223,693.169
693.219,693.163
693.222,693.168
693.226,693.173
693.229,693.177
693.224,693.170
693.219,693.164
693.215,693.159
693.219,693.164
693.215,693.159
693.219,693.164
693.223,693.169
693.227,693.174
693.222,693.167
693.217,693.162
693.221,693.167
693.225,693.172
693.228,693.176
693.223,693.169
693.222,693.168
693.222,693.167
693.221,693.166
693.220,693.165
693.220,693.165
693.219,693.164
693.219,693.163
693.218,693.163
693.222,693.168
693.226,693.172
693.229,693.176
693.224,693.170
693.227,693.174
693.222,693.168
693.218,693.162
693.214,693.157
693.214,693.157
693.222,693.167
693.221,693.166
693.228,693.176
693.227,693.174
693.226,693.173
693.225,693.171
693.228,693.175
693.223,693.169
693.227,693.173
693.222,693.167
693.225,693.172
693.229,693.176
693.232,693.180
693.234,693.183
693.237,693.186
693.239,693.189
693.236,693.186
693.234,693.183
693.232,693.181
693.231,693.179
693.233,693.182
693.236,693.185
693.238,693.188
693.232,693.181
693.235,693.184
693.237,693.187
693.231,693.179
693.234,693.183
693.240,693.191
693.238,693.188
693.235,693.185
693.233,693.182
693.240,693.190
693.234,693.182
693.228,693.175
693.231,693.179
693.234,693.183
693.236,693.186
693.238,693.189
693.240,693.191
693.242,693.194
693.248,693.201
693.245,693.196
693.242,693.193
693.239,693.189
693.237,693.186
693.243,693.194
693.240,693.190
693.242,693.193
693.243,693.195
693.245,693.197
693.246,693.199
693.248,693.200
693.249,693.202
693.250,693.203
693.251,693.205
693.244,693.195
693.249,693.202
693.246,693.198
693.243,693.194
693.240,693.190
693.237,693.187
693.235,693.184
693.233,693.182
693.239,693.190
693.237,693.187
693.239,693.190
693.241,693.192
693.243,693.194
693.245,693.196
693.246,693.198
693.239,693.190
693.233,693.182
693.236,693.185
693.238,693.188
693.236,693.185
693.234,693.183
693.232,693.180
693.230,693.178
693.229,693.176
693.227,693.174
693.226,693.173
693.225,693.171
693.228,693.175
693.231,693.179
693.234,693.183
693.228,693.176
693.231,693.179
693.234,693.183
693.236,693.186
693.239,693.189
693.233,693.181
693.227,693.174
693.222,693.168
693.226,693.172
693.225,693.171
693.224,693.170
693.223,693.168
693.222,693.167
693.225,693.172
693.229,693.176
693.232,693.180
693.226,693.173
693.221,693.167
693.225,693.172
693.228,693.176
693.223,693.169
693.227,693.174
693.226,693.172
693.224,693.171
693.223,693.170
693.227,693.174
693.230,693.178
693.233,693.182
693.235,693.185
693.238,693.188
693.240,693.191
693.234,693.183
693.236,693.186
693.239,693.189
693.232,693.181
693.227,693.174
693.222,693.168
693.218,693.162
693.217,693.161
693.217,693.161
693.217,693.161
693.224,693.171
693.223,693.170
693.223,693.168
693.222,693.167
693.221,693.166
693.225,693.171
693.228,693.175
693.223,693.169
693.227,693.173
693.222,693.167
693.225,693.172
693.229,693.176
693.223,693.170
693.227,693.174
693.230,693.178
693.233,693.182
693.235,693.185
693.238,693.188
693.232,693.180
693.234,693.184
693.237,693.187
693.239,693.190
693.237,693.187
693.235,693.184
693.233,693.181
693.231,693.179
693.229,693.177
693.228,693.175
693.226,693.173
693.225,693.172
693.232,693.181
693.235,693.184
693.229,693.177
693.224,693.170
693.227,693.174
693.222,693.168
693.218,693.162
693.214,693.157
693.210,693.152
693.215,693.158
693.219,693.164
693.215,693.159
693.215,693.158
693.215,693.158
693.215,693.158
693.223,693.169
693.218,693.163
693.222,693.168
693.226,693.172
693.229,693.177
693.224,693.170
693.227,693.174
693.222,693.168
693.226,693.173
693.229,693.177
693.224,693.170
693.223,693.169
693.222,693.168
693.221,693.167
693.221,693.166
693.220,693.165
693.228,693.175
693.226,693.173
693.225,693.172
693.228,693.176
693.231,693.180
693.234,693.183
693.229,693.176
693.232,693.180
693.226,693.173
693.229,693.177
693.232,693.181
693.231,693.179
693.229,693.177
693.228,693.175
693.231,693.179
693.233,693.182
693.228,693.175
693.223,693.169
693.226,693.173
693.230,693.177
693.232,693.181
693.235,693.184
693.237,693.187
693.240,693.190
693.233,693.182
693.236,693.185
693.238,693.188
693.240,693.191
693.238,693.188
693.235,693.185
693.233,693.182
693.232,693.180
693.230,693.178
693.228,693.176
693.235,693.184
693.233,693.182
693.236,693.185
693.238,693.188
693.240,693.191
693.234,693.183
693.236,693.186
693.239,693.189
693.241,693.191
693.242,693.194
693.244,693.196
693.246,693.198
693.239,693.189
693.241,693.192
693.243,693.194
693.244,693.196
693.246,693.198
693.247,693.200
693.240,693.191
693.238,693.188
693.244,693.195
693.241,693.192
693.238,693.188
693.236,693.185
693.234,693.183
693.232,693.180
693.230,693.178
693.225,693.172
693.220,693.165
693.216,693.160
693.212,693.155
693.208,693.150
693.213,693.157
693.218,693.162
693.214,693.157
693.210,693.152
693.215,693.158
693.219,693.164
693.215,693.159
693.211,693.154
693.216,693.160
693.220,693.165
693.224,693.170
693.219,693.164
693.219,693.163
693.218,693.163
693.226,693.173
693.225,693.171
693.224,693.170
693.223,693.169
693.222,693.167
693.221,693.167
693.217,693.161
693.216,693.161
693.208,693.150
693.209,693.151
693.209,693.151
693.210,693.152
693.206,693.148
693.207,693.149
693.212,693.155
693.208,693.150
693.205,693.146
693.202,693.143
693.200,693.139
693.206,693.147
693.203,693.143
693.200,693.140
693.198,693.136
693.195,693.134
693.202,693.142
693.207,693.149
693.204,693.145
693.201,693.141
693.207,693.148
693.204,693.144
693.201,693.141
693.207,693.148
693.207,693.149
693.200,693.139
693.201,693.141
693.202,693.143
693.203,693.144
693.204,693.145
693.197,693.136
693.195,693.133
693.197,693.136
693.199,693.138
693.200,693.140
693.201,693.141
693.203,693.143
693.204,693.144
693.205,693.146
693.214,693.157
693.214,693.157
693.210,693.152
693.207,693.148
693.212,693.154
693.216,693.160
693.212,693.155
693.217,693.161
693.213,693.156
693.217,693.162
693.221,693.167
693.225,693.171
693.228,693.176
693.231,693.180
693.226,693.173
693.221,693.166
693.225,693.171
693.228,693.176
693.227,693.174
693.226,693.172
693.224,693.171
693.228,693.175
693.231,693.179
693.226,693.172
693.221,693.166
693.224,693.171
693.228,693.175
693.207,693.149
693.208,693.150
693.208,693.150
693.209,693.151
693.209,693.152
693.210,693.152
693.210,693.153
693.215,693.159
693.219,693.164
693.223,693.169
693.219,693.163
693.222,693.168
693.226,693.173
693.229,693.177
693.232,693.181
693.227,693.174
693.222,693.167
693.225,693.172
693.229,693.176
693.232,693.180
693.234,693.183
693.229,693.176
693.224,693.170
693.227,693.174
693.222,693.168
693.210,693.152
693.207,693.148
693.207,693.149
693.212,693.155
693.217,693.161
693.213,693.156
693.213,693.156
693.213,693.156
693.218,693.162
693.217,693.161
693.213,693.156
693.218,693.162
693.222,693.167
693.217,693.161
693.213,693.156
693.218,693.162
693.222,693.167
693.217,693.161
693.221,693.167
693.217,693.161
693.221,693.166
693.225,693.171
693.220,693.165
693.224,693.170
693.219,693.164
693.193,693.131
693.191,693.129
693.185,693.121
693.184,693.120
693.183,693.118
693.178,693.112
693.178,693.111
693.178,693.111
693.177,693.111
693.177,693.110
693.177,693.110
693.177,693.110
693.177,693.110
693.176,693.109
693.176,693.109
693.176,693.109
693.176,693.109
693.176,693.109
693.176,693.109
693.176,693.108
693.176,693.108
693.176,693.108
693.175,693.108
693.184,693.119
693.183,693.117
693.182,693.117
693.189,693.126
693.188,693.124
693.187,693.123
693.186,693.121
693.185,693.120
693.184,693.119
693.183,693.118
693.190,693.127
693.189,693.125
693.187,693.123
693.186,693.122
693.185,693.120
693.184,693.119
693.183,693.118
693.182,693.117
693.182,693.116
693.189,693.126
693.188,693.124
693.187,693.122
693.185,693.121
693.184,693.120
693.183,693.118
693.191,693.128
693.189,693.126
693.188,693.124
693.187,693.123
693.186,693.121
693.185,693.120
693.184,693.119
693.183,693.118
693.190,693.127
693.197,693.135
693.203,693.143
693.200,693.140
693.198,693.137
693.204,693.144
693.201,693.141
693.206,693.148
693.203,693.144
693.201,693.141
693.198,693.137
693.196,693.135
693.202,693.142
693.200,693.139
693.197,693.136
693.195,693.133
693.193,693.131
693.191,693.129
693.190,693.126
693.188,693.125
693.195,693.133
693.193,693.131
693.200,693.139
693.197,693.136
693.195,693.133
693.193,693.131
693.191,693.129
693.190,693.126
693.188,693.125
693.187,693.123
693.194,693.132
693.200,693.140
693.206,693.147
693.203,693.143
693.208,693.150
693.205,693.146
693.202,693.143
693.208,693.150
693.213,693.156
693.209,693.151
693.214,693.158
693.210,693.153
693.207,693.148
693.204,693.145
693.201,693.141
693.207,693.148
693.204,693.144
693.201,693.141
693.198,693.138
693.196,693.135
693.194,693.132
693.192,693.130
693.199,693.138
693.197,693.135
693.194,693.132
693.201,693.140
693.206,693.148
693.203,693.144
693.204,693.145
693.197,693.136
693.199,693.138
693.196,693.135
693.194,693.132
693.193,693.130
693.191,693.128
693.197,693.136
693.199,693.138
693.200,693.140
693.202,693.142
693.203,693.143
693.204,693.144
693.205,693.146
693.206,693.147
693.206,693.148
693.203,693.144
693.201,693.141
693.198,693.137
693.204,693.145
693.201,693.141
693.199,693.138
693.197,693.135
693.195,693.133
693.193,693.130
693.191,693.128
693.198,693.136
693.195,693.134
693.193,693.131
693.192,693.129
693.194,693.132
693.196,693.134
693.197,693.136
693.195,693.134
693.193,693.131
693.192,693.129
693.190,693.127
693.197,693.135
693.195,693.133
693.193,693.130
693.191,693.128
693.198,693.136
693.195,693.134
693.193,693.131
693.192,693.129
693.190,693.127
693.189,693.125
693.187,693.123
693.186,693.122
693.185,693.120
693.192,693.130
693.190,693.127
693.189,693.126
693.188,693.124
693.186,693.122
693.185,693.121
693.184,693.120
693.183,693.118
693.183,693.117
693.190,693.127
693.197,693.135
693.195,693.133
693.193,693.130
693.191,693.128
693.189,693.126
693.196,693.135
693.194,693.132
693.192,693.130
693.191,693.128
693.189,693.126
693.188,693.124
693.187,693.122
693.185,693.121
693.184,693.120
693.184,693.119
693.191,693.128
693.197,693.136
693.203,693.144
693.201,693.140
693.206,693.148
693.203,693.144
693.209,693.151
693.205,693.146
693.202,693.143
693.200,693.139
693.197,693.136
693.195,693.134
693.193,693.131
693.192,693.129
693.198,693.137
693.204,693.145
693.201,693.141
693.199,693.138
693.196,693.135
693.194,693.132
693.193,693.130
693.191,693.128
693.189,693.126
693.196,693.134
693.202,693.142
693.203,693.144
693.204,693.145
693.205,693.146
693.210,693.153
693.215,693.159
693.219,693.164
693.215,693.159
693.211,693.154
693.211,693.154
693.204,693.144
693.205,693.145
693.210,693.152
693.206,693.148
693.207,693.149
693.204,693.145
693.201,693.141
693.203,693.143
693.204,693.144
693.205,693.145
693.202,693.142
693.199,693.139
693.197,693.136
693.203,693.143
693.200,693.140
693.206,693.147
693.211,693.154
693.208,693.149
693.204,693.145
693.202,693.142
693.199,693.138
693.197,693.135
693.195,693.133
693.193,693.130
693.191,693.128
693.190,693.126
693.188,693.124
693.187,693.123
693.186,693.121
693.185,693.120
693.184,693.119
693.183,693.118
693.182,693.117
693.181,693.116
693.181,693.115
693.180,693.114
693.180,693.114
693.179,693.113
693.179,693.113
693.178,693.112
693.178,693.112
693.178,693.111
693.177,693.111
693.177,693.111
693.177,693.110
693.177,693.110
693.185,693.120
693.184,693.119
693.183,693.118
693.182,693.117
693.181,693.116
693.189,693.125
693.188,693.124
693.186,693.122
693.185,693.121
693.184,693.119
693.191,693.129
693.190,693.127
693.188,693.125
693.195,693.134
693.193,693.131
693.187,693.123
693.186,693.122
693.193,693.131
693.191,693.128
693.190,693.126
693.188,693.125
693.187,693.123
693.194,693.132
693.192,693.130
693.190,693.127
693.189,693.126
693.188,693.124
693.186,693.122
693.185,693.121
693.184,693.120
693.183,693.118
693.183,693.117
693.182,693.116
693.181,693.116
693.181,693.115
693.180,693.114
693.180,693.113
693.179,693.113
693.179,693.112
693.178,693.112
693.178,693.111
693.181,693.116
693.176,693.109
693.180,693.114
693.183,693.118
693.182,693.117
693.182,693.116
693.189,693.126
693.188,693.124
693.182,693.117
693.177,693.110
693.172,693.104
693.176,693.110
693.180,693.114
693.183,693.118
693.186,693.122
693.181,693.115
693.180,693.114
693.180,693.114
693.179,693.113
693.179,693.112
693.178,693.112
693.178,693.111
693.178,693.111
693.177,693.111
693.185,693.121
693.184,693.120
693.175,693.108
693.175,693.108
693.175,693.108
693.175,693.108
693.175,693.108
693.175,693.108
693.175,693.108
693.167,693.097
693.168,693.098
693.172,693.104
693.168,693.099
693.169,693.100
693.165,693.095
693.161,693.090
693.158,693.086
693.164,693.093
693.160,693.089
693.157,693.085
693.159,693.087
693.164,693.094
693.169,693.100
693.169,693.101
693.170,693.101
693.179,693.112
693.178,693.112
693.178,693.111
693.178,693.111
693.177,693.111
693.177,693.110
693.177,693.110
693.169,693.099
693.169,693.100
693.170,693.101
693.170,693.101
693.171,693.102
693.171,693.103
693.171,693.103
693.172,693.103
693.172,693.104
693.172,693.104
693.172,693.104
693.173,693.105
693.173,693.105
693.173,693.105
693.165,693.095
693.166,693.096
693.167,693.097
693.168,693.098
693.172,693.104
693.176,693.109
693.172,693.103
693.167,693.098
693.172,693.104
693.176,693.109
693.171,693.103
693.167,693.098
693.176,693.109
693.176,693.109
693.176,693.109
693.176,693.109
693.176,693.108
693.176,693.108
693.176,693.108
693.167,693.098
693.168,693.099
693.169,693.100
693.169,693.100
693.165,693.095
693.170,693.101
693.171,693.102
693.175,693.107
693.170,693.102
693.166,693.097
693.167,693.098
693.168,693.099
693.169,693.099
693.169,693.100
693.170,693.101
693.170,693.101
693.171,693.102
693.171,693.103
693.171,693.103
693.172,693.103
693.172,693.104
693.164,693.094
693.169,693.100
693.169,693.101
693.166,693.096
693.162,693.091
693.159,693.088
693.161,693.089
693.154,693.081
693.156,693.083
693.158,693.086
693.159,693.088
693.161,693.090
693.162,693.091
693.163,693.093
693.164,693.094
693.165,693.095
693.166,693.097
693.163,693.092
693.160,693.088
693.161,693.090
693.158,693.086
693.155,693.082
693.161,693.089
693.162,693.091
693.163,693.093
693.156,693.084
693.158,693.086
693.152,693.078
693.154,693.081
693.151,693.077
693.150,693.075
693.144,693.068
693.139,693.061
693.138,693.060
693.137,693.059
693.136,693.058
693.135,693.057
693.135,693.056
693.139,693.061
693.142,693.066
693.145,693.070
693.148,693.073
693.151,693.076
693.153,693.079
693.147,693.072
693.150,693.075
693.156,693.083
693.161,693.090
693.158,693.086
693.163,693.093
693.160,693.089
693.153,693.080
693.151,693.077
693.145,693.070
693.148,693.073
693.138,693.060
693.141,693.065
693.136,693.058
693.136,693.057
693.135,693.057
693.134,693.056
693.134,693.055
693.138,693.060
693.141,693.065
693.136,693.058
693.132,693.053
693.128,693.048
693.128,693.048
693.128,693.048
693.128,693.048
693.128,693.048
693.128,693.048
693.133,693.054
693.129,693.048
693.133,693.054
693.137,693.059
693.141,693.064
693.136,693.058
693.139,693.062
693.143,693.067
693.150,693.075
693.148,693.073
693.142,693.066
693.137,693.059
693.141,693.064
693.144,693.068
693.147,693.072
693.141,693.065
693.145,693.069
693.147,693.072
693.146,693.070
693.144,693.068
693.147,693.072
693.142,693.065
693.145,693.069
693.148,693.073
693.150,693.076
693.144,693.069
693.147,693.072
693.146,693.070
693.144,693.068
693.147,693.072
693.141,693.065
693.145,693.069
693.147,693.072
693.150,693.076
693.152,693.079
693.150,693.076
693.148,693.073
693.143,693.066
693.141,693.065
693.136,693.058
693.132,693.053
693.128,693.047
693.132,693.053
693.132,693.053
693.128,693.048
693.132,693.053
693.128,693.048
693.120,693.038
693.117,693.034
693.123,693.041
693.128,693.047
693.124,693.043
693.117,693.033
693.118,693.034
693.123,693.041
693.128,693.048
693.133,693.053
693.128,693.048
693.133,693.054
693.137,693.059
693.140,693.063
693.136,693.057
693.139,693.062
693.143,693.066
693.141,693.065
693.140,693.063
693.139,693.062
693.138,693.060
693.133,693.055
693.129,693.049
693.125,693.044
693.130,693.050
693.126,693.046
693.123,693.041
693.123,693.042
693.124,693.042
693.121,693.038
693.118,693.035
693.115,693.031
693.113,693.028
693.119,693.036
693.124,693.042
693.124,693.043
693.125,693.044
693.125,693.044
693.130,693.050
693.126,693.045
693.131,693.051
693.127,693.046
693.123,693.042
693.120,693.037
693.121,693.039
693.122,693.039
693.119,693.036
693.116,693.032
693.113,693.029
693.119,693.036
693.124,693.043
693.125,693.044
693.125,693.044
693.126,693.045
693.122,693.040
693.127,693.047
693.132,693.052
693.128,693.047
693.124,693.043
693.129,693.049
693.133,693.054
693.133,693.054
693.132,693.053
693.136,693.058
693.140,693.063
693.143,693.067
693.138,693.061
693.134,693.055
693.125,693.044
693.125,693.044
693.126,693.045
693.122,693.040
693.127,693.047
693.124,693.042
693.120,693.038
693.118,693.034
693.123,693.041
693.124,693.042
693.124,693.043
693.129,693.049
693.133,693.054
693.129,693.049
693.133,693.055
693.137,693.060
693.133,693.054
693.132,693.053
693.132,693.053
693.128,693.048
693.124,693.043
693.121,693.039
693.118,693.035
693.115,693.032
693.121,693.039
693.126,693.045
693.126,693.046
693.123,693.041
693.120,693.037
693.125,693.044
693.122,693.040
693.119,693.036
693.116,693.032
693.117,693.034
693.118,693.035
693.124,693.042
693.120,693.038
693.126,693.045
693.122,693.040
693.123,693.041
693.123,693.042
693.116,693.032
693.113,693.029
693.111,693.026
693.109,693.023
693.111,693.026
693.113,693.028
693.118,693.035
693.124,693.042
693.121,693.038
693.118,693.034
693.115,693.031
693.113,693.028
693.114,693.030
693.116,693.032
693.121,693.039
693.118,693.035
693.124,693.042
693.120,693.038
693.117,693.034
693.118,693.035
693.119,693.037
693.117,693.033
693.122,693.040
693.119,693.036
693.116,693.033
693.117,693.034
693.119,693.036
693.116,693.032
693.113,693.029
693.111,693.026
693.113,693.028
693.114,693.030
693.116,693.032
693.121,693.039
693.118,693.035
693.116,693.032
693.109,693.023
693.102,693.015
693.101,693.013
693.100,693.012
693.099,693.011
693.098,693.010
693.106,693.019
693.108,693.022
693.106,693.020
693.104,693.018
693.103,693.016
693.102,693.014
693.101,693.013
693.100,693.011
693.102,693.015
693.105,693.018
693.103,693.016
693.102,693.015
693.101,693.013
693.100,693.012
693.103,693.015
693.097,693.008
693.100,693.012
693.099,693.011
693.098,693.010
693.097,693.008
693.092,693.002
693.092,693.002
693.092,693.001
693.092,693.001
693.099,693.011
693.099,693.010
693.101,693.014
693.104,693.017
693.103,693.015
693.101,693.014
693.100,693.012
693.103,693.016
693.105,693.019
693.104,693.017
693.103,693.015
693.101,693.014
693.100,693.012
693.103,693.016
693.102,693.014
693.101,693.013
693.099,693.011
693.107,693.020
693.109,693.023
693.107,693.021
693.105,693.019
693.112,693.027
693.110,693.024
693.108,693.022
693.110,693.024
693.104,693.016
693.102,693.015
693.101,693.013
693.100,693.012
693.095,693.005
693.094,693.004
693.094,693.004
693.093,693.003
693.093,693.003
693.096,693.007
693.096,693.006
693.095,693.006
693.095,693.005
693.094,693.004
693.097,693.009
693.097,693.008
693.096,693.007
693.095,693.006
693.103,693.016
693.105,693.019
693.108,693.022
693.106,693.019
693.104,693.018
693.103,693.016
693.102,693.014
693.101,693.013
693.103,693.016
693.102,693.014
693.101,693.013
693.100,693.012
693.094,693.005
693.094,693.004
693.094,693.004
693.093,693.003
693.093,693.003
693.093,693.002
693.096,693.007
693.104,693.016
693.102,693.015
693.101,693.013
693.100,693.012
693.107,693.021
693.109,693.024
693.099,693.011
693.098,693.010
693.097,693.009
693.105,693.018
693.099,693.011
693.102,693.014
693.101,693.013
693.100,693.011
693.099,693.010
693.098,693.009
693.097,693.008
693.100,693.012
693.103,693.015
693.102,693.014
693.100,693.012
693.108,693.022
693.106,693.019
693.108,693.022
693.106,693.020
693.105,693.018
693.103,693.016
693.106,693.019
693.108,693.022
693.110,693.024
693.108,693.022
693.106,693.020
693.105,693.018
693.107,693.021
693.105,693.019
693.104,693.017
693.102,693.015
693.105,693.018
693.107,693.021
693.101,693.013
693.100,693.012
693.099,693.011
693.098,693.010
693.101,693.013
693.100,693.012
693.099,693.011
693.098,693.010
693.097,693.008
693.092,693.002
693.092,693.002
693.092,693.001
693.092,693.001
693.091,693.001
693.087,692.995
693.083,692.990
693.075,692.980
693.077,692.982
693.078,692.984
693.075,692.979
693.076,692.981
693.077,692.983
693.078,692.984
693.075,692.980
693.072,692.976
693.074,692.978
693.075,692.980
693.077,692.982
693.082,692.988
693.074,692.979
693.076,692.981
693.077,692.983
693.078,692.984
693.083,692.990
693.084,692.991
693.076,692.981
693.069,692.973
693.067,692.970
693.069,692.972
693.071,692.975
693.073,692.977
693.074,692.979
693.080,692.986
693.081,692.987
693.073,692.978
693.075,692.980
693.080,692.986
693.081,692.988
693.082,692.989
693.083,692.990
693.087,692.995
693.083,692.990
693.083,692.991
693.084,692.992
693.085,692.992
693.089,692.998
693.089,692.998
693.089,692.998
693.081,692.988
693.077,692.983
693.078,692.984
693.080,692.986
693.081,692.987
693.085,692.993
693.078,692.983
693.074,692.979
693.076,692.981
693.077,692.983
693.078,692.984
693.075,692.980
693.076,692.982
693.078,692.983
693.079,692.985
693.080,692.986
693.076,692.982
693.078,692.983
693.079,692.985
693.080,692.986
693.081,692.987
693.085,692.993
693.094,693.004
693.094,693.004
693.085,692.993
693.085,692.993
693.090,692.999
693.081,692.988
693.082,692.989
693.083,692.990
693.087,692.996
693.091,693.001
693.095,693.005
693.094,693.005
693.094,693.004
693.094,693.004
693.097,693.008
693.096,693.007
693.096,693.006
693.095,693.006
693.095,693.005
693.090,692.999
693.090,692.999
693.090,692.999
693.082,692.988
693.074,692.979
693.076,692.981
693.077,692.983
693.082,692.989
693.078,692.984
693.079,692.986
693.080,692.987
693.081,692.988
693.078,692.983
693.079,692.985
693.080,692.986
693.073,692.977
693.074,692.979
693.071,692.975
693.073,692.978
693.075,692.980
693.072,692.976
693.077,692.983
693.086,692.995
693.087,692.995
693.087,692.995
693.087,692.996
693.083,692.990
693.084,692.991
693.084,692.992
693.080,692.987
693.073,692.978
693.075,692.980
693.072,692.976
693.069,692.972
693.071,692.975
693.065,692.967
693.047,692.944
693.043,692.939
693.043,692.939
693.048,692.945
693.052,692.950
693.051,692.949
693.046,692.943
693.042,692.938
693.047,692.944
693.047,692.944
693.043,692.939
693.039,692.934
693.048,692.945
693.043,692.940
693.040,692.935
693.040,692.935
693.049,692.946
693.056,692.956
693.051,692.950
693.055,692.954
693.054,692.953
693.057,692.957
693.052,692.951
693.051,692.950
693.051,692.949
693.048,692.945
693.047,692.944
693.051,692.950
693.047,692.944
693.038,692.933
693.039,692.934
693.044,692.940
693.048,692.946
693.048,692.945
693.044,692.940
693.040,692.935
693.036,692.931
693.033,692.927
693.031,692.923
693.028,692.920
693.030,692.922
693.035,692.929
693.041,692.936
693.041,692.936
693.037,692.932
693.034,692.928
693.035,692.929
693.032,692.925
693.030,692.922
693.031,692.924
693.036,692.930
693.037,692.931
693.029,692.922
693.027,692.919
693.025,692.916
693.027,692.918
693.033,692.926
693.038,692.933
693.030,692.923
693.028,692.920
693.026,692.917
693.024,692.915
693.022,692.912
693.020,692.910
693.023,692.913
693.021,692.911
693.027,692.919
693.029,692.921
693.027,692.918
693.024,692.915
693.018,692.907
693.017,692.906
693.016,692.904
693.018,692.908
693.017,692.906
693.016,692.905
693.015,692.903
693.014,692.902
693.013,692.901
693.016,692.904
693.023,692.913
693.029,692.922
693.031,692.923
693.028,692.920
693.026,692.917
693.019,692.909
693.018,692.907
693.017,692.906
693.011,692.899
693.011,692.898
693.010,692.897
693.013,692.901
693.012,692.900
693.020,692.909
693.026,692.918
693.028,692.920
693.034,692.927
693.039,692.934
693.040,692.935
693.044,692.941
693.049,692.946
693.040,692.935
693.037,692.931
693.042,692.938
693.046,692.943
693.046,692.943
693.050,692.948
693.046,692.943
693.046,692.942
693.042,692.937
693.046,692.943
693.050,692.949
693.046,692.943
693.042,692.938
693.039,692.933
693.035,692.929
693.041,692.936
693.041,692.936
693.041,692.937
693.038,692.932
693.042,692.938
693.043,692.939
693.039,692.934
693.036,692.930
693.036,692.931
693.033,692.927
693.031,692.923
693.032,692.925
693.029,692.922
693.035,692.929
693.036,692.930
693.033,692.926
693.038,692.933
693.039,692.934
693.036,692.930
693.033,692.926
693.038,692.933
693.039,692.933
693.043,692.940
693.035,692.929
693.032,692.925
693.038,692.932
693.038,692.933
693.039,692.934
693.044,692.940
693.040,692.935
693.037,692.931
693.042,692.937
693.042,692.938
693.038,692.933
693.035,692.929
693.032,692.925
693.030,692.922
693.027,692.919
693.029,692.921
693.026,692.918
693.028,692.920
693.034,692.927
693.031,692.924
693.024,692.915
693.026,692.917
693.024,692.915
693.022,692.912
693.024,692.915
693.022,692.913
693.021,692.911
693.019,692.909
693.010,692.897
693.009,692.896
693.004,692.890
693.004,692.890
693.004,692.890
693.000,692.884
693.000,692.885
693.004,692.890
693.004,692.890
693.004,692.890
693.008,692.895
693.000,692.884
693.000,692.885
693.001,692.885
693.001,692.886
693.005,692.891
693.005,692.891
693.005,692.891
693.005,692.891
693.005,692.891
693.005,692.891
693.000,692.885
693.001,692.885
692.993,692.875
692.994,692.877
692.995,692.878
692.988,692.869
692.990,692.871
692.999,692.883
693.003,692.888
693.003,692.889
693.004,692.889
693.004,692.889
693.004,692.889
692.999,692.883
693.000,692.884
693.000,692.885
693.004,692.890
692.996,692.880
692.997,692.881
692.998,692.882
692.999,692.882
693.003,692.888
693.003,692.888
693.003,692.888
692.999,692.883
692.999,692.883
693.004,692.889
693.004,692.889
693.004,692.889
693.004,692.889
693.004,692.889
693.004,692.889
693.000,692.884
692.992,692.874
692.993,692.876
692.994,692.877
692.995,692.878
692.992,692.874
692.993,692.875
692.994,692.877
692.991,692.872
692.992,692.874
692.993,692.876
692.994,692.877
692.987,692.868
692.989,692.870
692.990,692.872
692.992,692.874
692.993,692.875
692.986,692.866
692.980,692.858
692.982,692.861
692.980,692.858
692.982,692.862
692.976,692.854
692.975,692.852
692.977,692.855
692.972,692.848
692.975,692.852
692.970,692.846
692.977,692.855
692.979,692.858
692.977,692.855
692.972,692.848
692.975,692.852
692.973,692.850
692.976,692.854
692.979,692.858
692.982,692.861
692.976,692.853
692.974,692.851
692.969,692.844
692.972,692.849
692.971,692.847
692.974,692.851
692.973,692.849
692.968,692.843
692.967,692.842
692.970,692.846
692.977,692.855
692.984,692.863
692.986,692.866
692.983,692.862
692.985,692.865
692.979,692.857
692.981,692.860
692.983,692.863
692.989,692.870
692.991,692.872
692.992,692.874
692.997,692.880
692.998,692.881
692.994,692.876
692.995,692.878
692.996,692.879
692.997,692.880
692.997,692.881
692.998,692.882
692.994,692.877
692.987,692.868
692.984,692.864
692.986,692.867
692.984,692.863
692.986,692.866
692.987,692.868
692.989,692.870
692.983,692.862
692.985,692.865
692.990,692.872
692.992,692.873
692.997,692.880
692.997,692.881
692.994,692.876
692.995,692.877
692.996,692.879
692.992,692.874
692.993,692.876
692.990,692.871
692.991,692.873
692.993,692.875
692.994,692.876
692.995,692.878
692.996,692.879
693.000,692.885
692.993,692.875
692.997,692.881
692.998,692.882
692.999,692.882
692.999,692.883
692.992,692.874
692.988,692.869
692.990,692.871
692.991,692.873
692.985,692.864
692.986,692.867
692.984,692.863
692.986,692.866
692.988,692.868
692.981,692.860
692.983,692.863
692.981,692.860
692.983,692.863
692.981,692.860
692.983,692.863
692.985,692.865
692.987,692.868
692.989,692.870
692.986,692.866
692.988,692.868
692.981,692.860
692.983,692.863
692.985,692.865
692.979,692.858
692.982,692.861
692.979,692.858
692.982,692.861
692.976,692.853
692.979,692.857
692.981,692.860
692.979,692.857
692.981,692.860
692.987,692.868
692.989,692.870
692.990,692.872
692.987,692.868
692.989,692.870
692.986,692.866
692.988,692.869
692.989,692.871
692.991,692.873
692.984,692.864
692.978,692.856
692.981,692.859
692.975,692.852
692.978,692.856
692.972,692.849
692.975,692.853
692.970,692.846
692.973,692.850
692.976,692.854
692.971,692.847
692.966,692.841
692.970,692.845
692.969,692.844
692.972,692.848
692.971,692.847
692.966,692.840
692.965,692.840
692.961,692.834
692.957,692.829
692.957,692.829
692.953,692.825
692.954,692.825
692.951,692.821
692.951,692.822
692.956,692.829
692.953,692.824
692.953,692.825
692.958,692.831
692.958,692.831
692.963,692.837
692.962,692.836
692.966,692.841
692.970,692.846
692.973,692.850
692.968,692.844
692.967,692.842
692.971,692.847
692.974,692.851
692.969,692.844
692.964,692.838
692.960,692.833
692.956,692.828
692.953,692.824
692.958,692.830
692.962,692.836
692.958,692.830
692.962,692.836
692.958,692.831
692.963,692.837
692.959,692.831
692.963,692.837
692.959,692.832
692.963,692.837
692.967,692.842
692.963,692.836
692.967,692.842
692.970,692.846
692.965,692.840
692.965,692.839
692.960,692.834
692.957,692.829
692.961,692.835
692.965,692.840
692.961,692.834
692.965,692.840
692.969,692.844
692.972,692.849
692.971,692.847
692.974,692.851
692.969,692.845
692.964,692.839
692.960,692.833
692.964,692.839
692.968,692.844
692.967,692.842
692.963,692.837
692.959,692.831
692.955,692.827
692.952,692.822
692.957,692.829
692.953,692.824
692.958,692.830
692.962,692.836
692.958,692.831
692.955,692.826
692.955,692.827
692.960,692.833
692.960,692.833
692.964,692.838
692.960,692.833
692.956,692.828
692.952,692.823
692.949,692.819
692.955,692.826
692.959,692.832
692.964,692.838
692.959,692.832
692.956,692.828
692.960,692.833
692.960,692.833
692.964,692.839
692.960,692.833
692.964,692.839
692.960,692.833
692.960,692.833
692.956,692.828
692.956,692.828
692.953,692.824
692.953,692.825
692.958,692.831
692.955,692.826
692.959,692.832
692.956,692.827
692.952,692.823
692.949,692.819
692.946,692.815
692.942,692.810
692.940,692.807
692.942,692.810
692.939,692.807
692.938,692.804
692.936,692.802
692.942,692.811
692.940,692.808
692.938,692.805
692.937,692.803
692.943,692.811
692.944,692.813
692.942,692.810
692.948,692.818
692.945,692.814
692.951,692.822
692.952,692.822
692.949,692.819
692.950,692.820
692.955,692.826
692.951,692.822
692.948,692.818
692.946,692.815
692.943,692.812
692.941,692.809
692.954,692.826
692.955,692.826
692.951,692.822
692.956,692.828
692.961,692.834
692.957,692.829
692.953,692.825
692.950,692.821
692.947,692.817
692.945,692.814
692.942,692.811
692.940,692.808
692.942,692.810
692.948,692.818
692.949,692.819
692.946,692.815
692.939,692.806
692.937,692.804
692.939,692.807
692.937,692.804
692.944,692.812
692.941,692.809
692.939,692.807
692.938,692.804
692.936,692.802
692.953,692.824
692.958,692.830
692.954,692.826
692.959,692.832
692.959,692.832
692.955,692.827
692.947,692.817
692.945,692.814
692.946,692.815
692.944,692.812
692.945,692.814
692.951,692.821
692.956,692.828
692.952,692.823
692.949,692.819
692.950,692.821
692.947,692.817
692.953,692.824
692.950,692.820
692.950,692.821
692.956,692.827
692.952,692.823
692.949,692.819
692.946,692.816
692.944,692.812
692.934,692.800
692.933,692.798
692.931,692.797
692.934,692.800
692.933,692.798
692.927,692.791
692.926,692.790
692.926,692.789
692.925,692.789
692.925,692.788
692.928,692.792
692.927,692.791
692.926,692.790
692.926,692.789
692.925,692.789
692.917,692.778
692.912,692.772
692.913,692.773
692.914,692.774
692.914,692.775
692.910,692.770
692.911,692.771
692.912,692.772
692.913,692.773
692.913,692.774
692.906,692.765
692.908,692.766
692.909,692.768
692.910,692.769
692.914,692.775
692.915,692.776
692.915,692.776
692.916,692.777
692.920,692.782
692.920,692.782
692.923,692.786
692.923,692.786
692.923,692.786
692.931,692.796
692.930,692.794
692.929,692.793
692.931,692.797
692.930,692.795
692.925,692.788
692.924,692.788
692.924,692.787
692.924,692.787
692.923,692.786
692.923,692.786
692.922,692.785
692.922,692.785
692.922,692.785
692.917,692.779
692.909,692.769
692.902,692.759
692.904,692.762
692.901,692.758
692.903,692.760
692.896,692.752
692.891,692.744
692.893,692.748
692.891,692.745
692.894,692.749
692.892,692.746
692.895,692.750
692.897,692.753
692.899,692.755
692.893,692.747
692.896,692.751
692.901,692.758
692.903,692.761
692.905,692.763
692.906,692.764
692.911,692.771
692.904,692.761
692.905,692.763
692.907,692.765
692.908,692.767
692.905,692.762
692.898,692.754
692.900,692.757
692.902,692.759
692.907,692.766
692.908,692.767
692.913,692.773
692.914,692.774
692.910,692.769
692.911,692.770
692.912,692.771
692.912,692.772
692.917,692.778
692.917,692.778
692.909,692.768
692.910,692.769
692.911,692.771
692.907,692.766
692.900,692.757
692.894,692.749
692.897,692.752
692.902,692.760
692.896,692.751
692.890,692.744
692.888,692.742
692.891,692.746
692.890,692.743
692.884,692.737
692.891,692.746
692.894,692.749
692.892,692.746
692.895,692.750
692.889,692.743
692.888,692.741
692.891,692.744
692.893,692.748
692.896,692.751
692.894,692.748
692.896,692.752
692.898,692.754
692.900,692.757
692.894,692.749
692.900,692.757
692.902,692.759
692.904,692.761
692.905,692.763
692.902,692.759
692.896,692.751
692.898,692.754
692.896,692.751
692.898,692.754
692.900,692.756
692.902,692.759
692.899,692.755
692.901,692.758
692.903,692.760
692.904,692.762
692.898,692.754
692.895,692.751
692.890,692.743
692.884,692.737
692.883,692.735
692.887,692.740
692.890,692.744
692.893,692.747
692.891,692.745
692.885,692.738
692.881,692.732
692.884,692.736
692.888,692.741
692.891,692.745
692.893,692.748
692.900,692.756
692.901,692.758
692.899,692.755
692.901,692.757
692.903,692.760
692.904,692.762
692.901,692.758
692.903,692.760
692.905,692.762
692.898,692.754
692.892,692.746
692.890,692.744
692.893,692.747
692.895,692.751
692.890,692.743
692.888,692.741
692.891,692.745
692.886,692.738
692.884,692.737
692.888,692.741
692.886,692.739
692.890,692.743
692.884,692.737
692.880,692.730
692.875,692.725
692.880,692.730
692.883,692.735
692.887,692.740
692.882,692.733
692.881,692.732
692.885,692.737
692.884,692.735
692.879,692.730
692.878,692.729
692.882,692.734
692.886,692.738
692.889,692.743
692.892,692.746
692.895,692.750
692.897,692.753
692.899,692.755
692.901,692.758
692.898,692.754
692.900,692.757
692.902,692.759
692.904,692.761
692.905,692.763
692.910,692.770
692.903,692.761
692.900,692.757
692.902,692.759
692.904,692.761
692.905,692.763
692.899,692.755
692.896,692.752
692.898,692.755
692.900,692.757
692.902,692.759
692.899,692.756
692.901,692.758
692.903,692.760
692.905,692.762
692.906,692.764
692.911,692.771
692.912,692.772
692.913,692.773
692.913,692.773
692.917,692.779
692.918,692.779
692.918,692.779
692.918,692.780
692.918,692.780
692.914,692.774
692.914,692.775
692.915,692.776
692.915,692.776
692.919,692.781
692.919,692.781
692.919,692.781
692.919,692.781
692.919,692.781
692.919,692.781
692.919,692.781
692.919,692.781
692.919,692.781
692.915,692.776
692.915,692.776
692.911,692.771
692.912,692.772
692.909,692.767
692.910,692.769
692.914,692.775
692.915,692.775
692.911,692.770
692.912,692.771
692.912,692.772
692.913,692.773
692.914,692.774
692.914,692.775
692.907,692.765
692.908,692.767
692.901,692.758
692.906,692.765
692.899,692.756
692.893,692.748
692.888,692.741
692.886,692.739
692.881,692.733
692.885,692.737
692.888,692.742
692.891,692.745
692.890,692.743
692.884,692.736
692.880,692.730
692.883,692.735
692.887,692.740
692.882,692.733
692.877,692.728
692.873,692.722
692.870,692.718
692.874,692.724
692.874,692.724
692.879,692.729
692.878,692.728
692.882,692.733
692.886,692.738
692.884,692.737
692.888,692.741
692.883,692.734
692.882,692.733
692.877,692.727
692.877,692.727
692.873,692.722
692.877,692.727
692.881,692.733
692.885,692.737
692.884,692.736
692.887,692.740
692.882,692.734
692.881,692.733
692.885,692.737
692.884,692.736
692.887,692.740
692.882,692.734
692.886,692.738
692.889,692.742
692.887,692.740
692.891,692.744
692.889,692.742
692.884,692.736
692.887,692.740
692.890,692.744
692.893,692.748
692.891,692.745
692.886,692.738
692.881,692.732
692.876,692.726
692.876,692.726
692.880,692.731
692.884,692.736
692.883,692.735
692.878,692.729
692.882,692.734
692.881,692.733
692.885,692.737
692.884,692.736
692.879,692.730
692.883,692.735
692.878,692.729
692.874,692.724
692.870,692.719
692.875,692.725
692.871,692.720
692.868,692.715
692.865,692.711
692.865,692.712
692.863,692.709
692.860,692.705
692.857,692.702
692.855,692.699
692.853,692.697
692.852,692.695
692.854,692.697
692.852,692.695
692.850,692.693
692.852,692.696
692.851,692.693
692.849,692.691
692.856,692.700
692.862,692.708
692.867,692.715
692.864,692.711
692.865,692.712
692.870,692.719
692.867,692.714
692.872,692.721
692.868,692.716
692.865,692.712
692.862,692.708
692.863,692.710
692.860,692.706
692.858,692.703
692.859,692.705
692.857,692.702
692.863,692.709
692.860,692.706
692.858,692.703
692.859,692.705
692.865,692.712
692.862,692.708
692.863,692.709
692.860,692.706
692.866,692.713
692.867,692.714
692.864,692.710
692.865,692.711
692.862,692.708
692.859,692.704
692.860,692.706
692.858,692.703
692.864,692.710
692.865,692.711
692.870,692.718
692.870,692.719
692.867,692.714
692.872,692.721
692.868,692.716
692.865,692.712
692.862,692.708
692.863,692.710
692.860,692.706
692.862,692.708
692.867,692.715
692.864,692.711
692.865,692.712
692.870,692.718
692.867,692.714
692.867,692.715
692.864,692.711
692.870,692.718
692.874,692.724
692.870,692.719
692.871,692.719
692.875,692.725
692.871,692.720
692.872,692.720
692.876,692.726
692.872,692.721
692.869,692.716
692.869,692.717
692.866,692.713
692.863,692.709
692.856,692.700
692.854,692.697
692.852,692.695
692.854,692.697
692.852,692.695
692.854,692.698
692.852,692.695
692.850,692.693
692.844,692.686
692.844,692.684
692.843,692.683
692.842,692.682
692.841,692.681
692.849,692.691
692.855,692.700
692.862,692.707
692.859,692.704
692.857,692.701
692.863,692.709
692.860,692.705
692.866,692.713
692.871,692.719
692.871,692.719
692.867,692.715
692.864,692.711
692.865,692.712
692.862,692.708
692.860,692.705
692.865,692.712
692.862,692.709
692.868,692.715
692.873,692.722
692.877,692.727
692.877,692.727
692.881,692.732
692.877,692.727
692.873,692.721
692.869,692.717
692.874,692.723
692.870,692.718
692.870,692.719
692.867,692.714
692.872,692.721
692.872,692.721
692.877,692.727
692.873,692.721
692.869,692.717
692.874,692.723
692.870,692.718
692.875,692.724
692.871,692.719
692.867,692.715
692.868,692.716
692.865,692.712
692.866,692.713
692.871,692.719
692.867,692.715
692.868,692.715
692.865,692.711
692.862,692.708
692.863,692.709
692.860,692.706
692.858,692.703
692.864,692.710
692.869,692.717
692.869,692.717
692.874,692.723
692.870,692.718
692.867,692.714
692.864,692.710
692.861,692.707
692.858,692.703
692.856,692.701
692.862,692.708
692.860,692.705
692.865,692.712
692.862,692.709
692.863,692.710
692.861,692.706
692.854,692.697
692.852,692.695
692.850,692.693
692.852,692.696
692.851,692.694
692.849,692.692
692.840,692.680
692.843,692.684
692.842,692.683
692.845,692.686
692.852,692.695
692.850,692.693
692.844,692.686
692.844,692.684
692.843,692.683
692.842,692.682
692.845,692.686
692.844,692.685
692.843,692.684
692.844,692.684
692.843,692.683
692.846,692.687
692.844,692.686
692.844,692.684
692.835,692.673
692.830,692.667
692.839,692.678
692.834,692.672
692.826,692.662
692.827,692.663
692.819,692.653
692.821,692.655
692.822,692.657
692.823,692.658
692.828,692.665
692.829,692.665
692.829,692.666
692.830,692.667
692.838,692.678
692.846,692.687
692.840,692.680
692.840,692.680
692.839,692.679
692.843,692.683
692.833,692.671
692.833,692.671
692.825,692.661
692.826,692.662
692.827,692.663
692.828,692.664
692.832,692.670
692.832,692.670
692.832,692.670
692.833,692.670
692.836,692.675
692.836,692.675
692.836,692.675
692.836,692.675
692.840,692.679
692.839,692.679
692.834,692.672
692.834,692.673
692.834,692.673
692.834,692.673
692.830,692.667
692.830,692.667
692.831,692.668
692.835,692.673
692.835,692.673
692.814,692.647
692.816,692.649
692.818,692.651
692.811,692.643
692.817,692.651
692.819,692.653
692.812,692.644
692.818,692.652
692.820,692.654
692.813,692.645
692.815,692.648
692.812,692.645
692.815,692.647
692.808,692.639
692.806,692.637
692.809,692.640
692.812,692.644
692.814,692.646
692.816,692.649
692.809,692.641
692.812,692.644
692.814,692.647
692.816,692.649
692.818,692.651
692.823,692.658
692.831,692.669
692.823,692.659
692.824,692.660
692.825,692.661
692.826,692.662
692.827,692.663
692.828,692.664
692.820,692.655
692.822,692.656
692.823,692.658
692.824,692.659
692.829,692.665
692.821,692.656
692.814,692.647
692.808,692.639
692.814,692.647
692.816,692.650
692.814,692.646
692.816,692.649
692.817,692.651
692.811,692.643
692.809,692.640
692.811,692.643
692.805,692.636
692.800,692.629
692.803,692.633
692.806,692.637
692.809,692.640
692.815,692.648
692.817,692.650
692.819,692.652
692.812,692.644
692.810,692.641
692.804,692.634
692.810,692.642
692.813,692.645
692.807,692.637
692.801,692.630
692.796,692.624
692.804,692.633
692.807,692.637
692.805,692.635
692.808,692.638
692.810,692.642
692.812,692.645
692.818,692.652
692.820,692.654
692.821,692.656
692.822,692.657
692.827,692.664
692.828,692.664
692.828,692.665
692.825,692.660
692.826,692.661
692.826,692.663
692.819,692.653
692.816,692.649
692.810,692.641
692.812,692.644
692.810,692.641
692.804,692.634
692.807,692.638
692.810,692.641
692.812,692.644
692.810,692.641
692.812,692.644
692.814,692.647
692.820,692.654
692.813,692.646
692.815,692.648
692.817,692.650
692.822,692.657
692.815,692.648
692.817,692.651
692.819,692.653
692.812,692.644
692.814,692.647
692.816,692.650
692.818,692.652
692.815,692.648
692.817,692.650
692.819,692.653
692.820,692.655
692.821,692.656
692.823,692.658
692.816,692.649
692.813,692.646
692.807,692.638
692.802,692.631
692.805,692.635
692.808,692.638
692.810,692.642
692.812,692.645
692.810,692.642
692.812,692.645
692.806,692.637
692.809,692.640
692.807,692.638
692.810,692.641
692.812,692.644
692.806,692.637
692.801,692.630
692.804,692.634
692.802,692.632
692.806,692.636
692.808,692.639
692.811,692.643
692.809,692.640
692.811,692.643
692.805,692.635
692.804,692.633
692.806,692.637
692.809,692.640
692.803,692.633
692.806,692.637
692.805,692.635
692.799,692.628
692.795,692.622
692.798,692.627
692.794,692.621
692.798,692.626
692.801,692.630
692.800,692.629
692.803,692.633
692.798,692.626
692.797,692.625
692.793,692.619
692.797,692.624
692.800,692.629
692.799,692.627
692.794,692.621
692.798,692.626
692.793,692.620
692.797,692.625
692.801,692.630
692.804,692.634
692.799,692.627
692.802,692.632
692.805,692.636
692.800,692.629
692.803,692.633
692.806,692.637
692.801,692.630
692.800,692.628
692.795,692.622
692.791,692.617
692.795,692.622
692.799,692.627
692.797,692.626
692.793,692.620
692.792,692.619
692.796,692.624
692.800,692.629
692.803,692.633
692.810,692.642
692.812,692.645
692.806,692.637
692.801,692.630
692.804,692.634
692.807,692.638
692.810,692.641
692.807,692.638
692.802,692.631
692.805,692.635
692.808,692.639
692.806,692.637
692.809,692.640
692.803,692.633
692.806,692.637
692.812,692.645
692.815,692.647
692.816,692.650
692.810,692.642
692.812,692.645
692.815,692.647
692.808,692.639
692.815,692.647
692.808,692.639
692.803,692.632
692.806,692.636
692.800,692.629
692.799,692.628
692.803,692.632
692.806,692.636
692.804,692.634
692.799,692.627
692.802,692.632
692.805,692.635
692.800,692.629
692.799,692.627
692.798,692.626
692.793,692.620
692.789,692.615
692.789,692.615
692.793,692.620
692.797,692.625
692.801,692.630
692.799,692.628
692.795,692.622
692.790,692.617
692.798,692.627
692.794,692.621
692.798,692.626
692.793,692.620
692.789,692.615
692.789,692.614
692.793,692.620
692.797,692.625
692.796,692.624
692.792,692.618
692.796,692.623
692.791,692.618
692.795,692.623
692.803,692.632
692.806,692.636
692.809,692.640
692.807,692.637
692.801,692.630
692.804,692.634
692.807,692.638
692.802,692.631
692.800,692.629
692.799,692.628
692.794,692.622
692.798,692.627
692.797,692.625
692.793,692.620
692.789,692.614
692.793,692.620
692.797,692.625
692.796,692.624
692.792,692.618
692.788,692.613
692.788,692.613
692.792,692.619
692.788,692.614
692.792,692.619
692.788,692.614
692.793,692.620
692.792,692.619
692.792,692.618
692.796,692.624
692.792,692.618
692.788,692.613
692.788,692.613
692.784,692.608
692.781,692.604
692.778,692.600
692.775,692.597
692.773,692.594
692.770,692.591
692.768,692.588
692.767,692.586
692.773,692.594
692.771,692.592
692.772,692.594
692.770,692.591
692.768,692.588
692.770,692.591
692.768,692.588
692.766,692.586
692.765,692.584
692.763,692.582
692.762,692.580
692.764,692.583
692.771,692.592
692.773,692.594
692.779,692.601
692.776,692.598
692.773,692.595
692.771,692.592
692.769,692.589
692.771,692.591
692.769,692.589
692.775,692.597
692.776,692.598
692.777,692.600
692.775,692.597
692.772,692.593
692.778,692.601
692.776,692.598
692.773,692.594
692.774,692.596
692.772,692.593
692.770,692.590
692.768,692.588
692.762,692.580
692.769,692.589
692.775,692.597
692.781,692.604
692.778,692.600
692.775,692.597
692.781,692.604
692.778,692.600
692.775,692.597
692.773,692.594
692.770,692.591
692.772,692.593
692.770,692.590
692.776,692.598
692.782,692.605
692.782,692.606
692.779,692.602
692.776,692.598
692.774,692.595
692.779,692.603
692.785,692.609
692.781,692.605
692.778,692.601
692.776,692.598
692.773,692.594
692.771,692.592
692.772,692.594
692.770,692.591
692.768,692.588
692.767,692.586
692.765,692.584
692.767,692.587
692.773,692.595
692.771,692.592
692.769,692.589
692.767,692.587
692.766,692.585
692.768,692.588
692.766,692.585
692.773,692.594
692.770,692.591
692.772,692.593
692.773,692.595
692.771,692.592
692.777,692.600
692.783,692.607
692.780,692.603
692.777,692.599
692.774,692.596
692.772,692.593
692.778,692.600
692.775,692.597
692.773,692.594
692.770,692.591
692.764,692.583
692.763,692.581
692.769,692.590
692.768,692.587
692.761,692.579
692.764,692.583
692.771,692.591
692.769,692.589
692.767,692.586
692.773,692.595
692.779,692.602
692.776,692.598
692.774,692.595
692.771,692.592
692.765,692.584
692.763,692.582
692.762,692.580
692.761,692.579
692.755,692.572
692.750,692.565
692.750,692.565
692.750,692.565
692.742,692.555
692.743,692.556
692.743,692.557
692.744,692.557
692.745,692.558
692.753,692.569
692.753,692.568
692.752,692.568
692.752,692.568
692.752,692.567
692.747,692.561
692.743,692.556
692.752,692.567
692.752,692.567
692.751,692.567
692.751,692.566
692.755,692.571
692.758,692.575
692.757,692.574
692.756,692.573
692.756,692.572
692.759,692.576
692.758,692.575
692.757,692.574
692.756,692.573
692.756,692.572
692.755,692.571
692.754,692.571
692.758,692.575
692.757,692.574
692.764,692.583
692.763,692.581
692.762,692.580
692.760,692.578
692.755,692.571
692.758,692.575
692.765,692.584
692.764,692.582
692.762,692.581
692.765,692.584
692.767,692.587
692.761,692.579
692.768,692.588
692.766,692.586
692.765,692.584
692.771,692.592
692.769,692.589
692.767,692.587
692.766,692.585
692.764,692.583
692.763,692.581
692.761,692.580
692.756,692.572
692.759,692.576
692.766,692.585
692.764,692.583
692.771,692.592
692.773,692.594
692.771,692.591
692.768,692.589
692.767,692.586
692.765,692.584
692.764,692.582
692.762,692.581
692.761,692.579
692.760,692.578
692.759,692.576
692.758,692.575
692.761,692.579
692.760,692.577
692.759,692.576
692.753,692.569
692.757,692.574
692.756,692.573
692.755,692.572
692.755,692.571
692.762,692.581
692.769,692.590
692.767,692.587
692.766,692.585
692.764,692.583
692.763,692.581
692.761,692.580
692.764,692.583
692.766,692.586
692.765,692.584
692.763,692.582
692.762,692.580
692.759,692.576
692.758,692.575
692.765,692.584
692.764,692.582
692.766,692.585
692.764,692.583
692.763,692.582
692.762,692.580
692.761,692.579
692.760,692.577
692.762,692.581
692.765,692.584
692.763,692.582
692.762,692.580
692.761,692.579
692.755,692.572
692.755,692.571
692.754,692.570
692.754,692.570
692.753,692.569
692.753,692.569
692.753,692.568
692.752,692.568
692.752,692.568
692.752,692.567
692.755,692.571
692.750,692.565
692.750,692.565
692.750,692.565
692.750,692.565
692.750,692.565
692.750,692.565
692.758,692.575
692.757,692.574
692.756,692.573
692.756,692.572
692.755,692.571
692.758,692.575
692.761,692.579
692.760,692.578
692.759,692.576
692.766,692.586
692.768,692.588
692.766,692.586
692.765,692.584
692.763,692.582
692.762,692.580
692.761,692.579
692.760,692.577
692.759,692.576
692.748,692.563
692.748,692.563
692.752,692.568
692.752,692.567
692.752,692.567
692.751,692.567
692.751,692.567
692.751,692.566
692.751,692.566
692.751,692.566
692.746,692.560
692.747,692.561
692.747,692.561
692.747,692.561
692.747,692.562
692.751,692.567
692.747,692.561
692.747,692.561
692.747,692.561
692.747,692.562
692.756,692.572
692.751,692.566
692.754,692.570
692.754,692.570
692.753,692.569
692.751,692.566
692.754,692.571
692.749,692.564
692.741,692.554
692.742,692.555
692.743,692.556
692.735,692.546
692.737,692.548
692.730,692.539
692.732,692.542
692.729,692.538
692.731,692.541
692.733,692.543
692.734,692.545
692.736,692.547
692.737,692.548
692.738,692.550
692.739,692.551
692.736,692.547
692.737,692.549
692.730,692.540
692.732,692.542
692.734,692.544
692.735,692.546
692.737,692.548
692.754,692.571
692.754,692.570
692.745,692.559
692.746,692.560
692.746,692.560
692.747,692.561
692.742,692.555
692.739,692.550
692.735,692.546
692.737,692.548
692.738,692.549
692.731,692.540
692.724,692.532
692.727,692.535
692.725,692.532
692.727,692.536
692.721,692.528
692.724,692.531
692.726,692.534
692.728,692.537
692.730,692.540
692.728,692.537
692.730,692.539
692.724,692.531
692.726,692.534
692.728,692.537
692.730,692.540
692.732,692.542
692.734,692.544
692.735,692.546
692.737,692.548
692.730,692.539
692.732,692.542
692.733,692.544
692.735,692.546
692.736,692.548
692.738,692.549
692.731,692.540
692.724,692.532
692.727,692.535
692.729,692.538
692.731,692.540
692.733,692.543
692.734,692.545
692.728,692.536
692.730,692.539
692.732,692.541
692.733,692.544
692.735,692.545
692.736,692.547
692.737,692.549
692.739,692.550
692.732,692.541
692.733,692.544
692.735,692.546
692.736,692.547
692.729,692.539
692.731,692.541
692.733,692.543
692.735,692.545
692.736,692.547
692.737,692.549
692.734,692.544
692.735,692.546
692.737,692.548
692.738,692.550
692.739,692.551
692.740,692.552
692.733,692.543
692.734,692.545
692.731,692.541
692.725,692.533
692.727,692.536
692.729,692.539
692.731,692.541
692.733,692.543
692.738,692.550
692.739,692.551
692.740,692.553
692.741,692.554
692.742,692.555
692.743,692.556
692.739,692.551
692.740,692.552
692.733,692.543
692.734,692.545
692.728,692.536
692.730,692.539
692.732,692.542
692.733,692.544
692.735,692.546
692.740,692.552
692.741,692.553
692.734,692.544
692.735,692.546
692.736,692.548
692.738,692.549
692.739,692.551
692.735,692.546
692.732,692.542
692.738,692.549
692.739,692.551
692.740,692.552
692.741,692.553
692.733,692.544
692.735,692.546
692.736,692.548
692.738,692.549
692.734,692.545
692.731,692.541
692.733,692.543
692.735,692.545
692.736,692.547
692.737,692.549
692.738,692.550
692.735,692.546
692.736,692.548
692.738,692.549
692.739,692.551
692.740,692.552
692.741,692.553
692.745,692.559
692.746,692.559
692.746,692.560
692.746,692.560
692.747,692.561
692.747,692.561
692.747,692.561
692.747,692.562
692.748,692.562
692.748,692.562
692.748,692.562
692.740,692.552
692.741,692.553
692.742,692.554
692.734,692.545
692.736,692.547
692.729,692.538
692.731,692.541
692.733,692.543
692.734,692.545
692.736,692.547
692.737,692.549
692.746,692.560
692.739,692.550
692.740,692.552
692.732,692.543
692.734,692.545
692.736,692.547
692.729,692.538
692.731,692.540
692.733,692.543
692.734,692.545
692.727,692.536
692.730,692.539
692.731,692.541
692.733,692.543
692.735,692.545
692.736,692.547
692.733,692.543
692.738,692.550
692.735,692.546
692.728,692.537
692.730,692.540
692.732,692.542
692.734,692.544
692.735,692.546
692.736,692.548
692.733,692.544
692.738,692.550
692.739,692.551
692.740,692.553
692.741,692.554
692.742,692.555
692.743,692.556
692.743,692.557
692.740,692.552
692.736,692.547
692.741,692.553
692.734,692.544
692.735,692.546
692.729,692.538
692.731,692.540
692.732,692.542
692.738,692.549
692.742,692.555
692.743,692.556
692.744,692.557
692.736,692.547
692.737,692.549
692.742,692.555
692.738,692.550
692.740,692.552
692.732,692.542
692.734,692.545
692.735,692.546
692.737,692.548
692.730,692.539
692.724,692.531
692.730,692.539
692.732,692.542
692.725,692.533
692.719,692.526
692.722,692.530
692.725,692.533
692.727,692.536
692.729,692.539
692.723,692.531
692.721,692.528
692.719,692.526
692.714,692.519
692.709,692.513
692.705,692.508
692.709,692.513
692.705,692.508
692.705,692.507
692.705,692.507
692.713,692.517
692.716,692.522
692.719,692.526
692.722,692.529
692.717,692.522
692.720,692.526
692.723,692.530
692.717,692.523
692.724,692.531
692.722,692.529
692.724,692.532
692.727,692.535
692.729,692.538
692.723,692.530
692.717,692.523
692.712,692.517
692.711,692.516
692.710,692.514
692.714,692.519
692.718,692.524
692.712,692.517
692.708,692.511
692.712,692.516
692.715,692.521
692.719,692.525
692.717,692.523
692.716,692.521
692.719,692.525
692.722,692.529
692.725,692.532
692.727,692.536
692.725,692.533
692.723,692.530
692.721,692.527
692.727,692.536
692.729,692.538
692.731,692.541
692.725,692.533
692.727,692.536
692.729,692.539
692.731,692.541
692.728,692.537
692.730,692.540
692.732,692.542
692.726,692.534
692.720,692.527
692.723,692.530
692.717,692.523
692.720,692.527
692.719,692.525
692.725,692.533
692.731,692.541
692.737,692.548
692.730,692.539
692.732,692.542
692.733,692.544
692.735,692.546
692.736,692.547
692.733,692.543
692.730,692.540
692.732,692.542
692.734,692.544
692.727,692.536
692.729,692.538
692.731,692.541
692.725,692.533
692.731,692.540
692.728,692.537
692.726,692.534
692.728,692.537
692.730,692.539
692.732,692.542
692.734,692.544
692.731,692.540
692.736,692.547
692.733,692.543
692.730,692.539
692.724,692.531
692.726,692.535
692.728,692.537
692.730,692.540
692.732,692.542
692.734,692.544
692.731,692.541
692.736,692.548
692.738,692.549
692.739,692.551
692.732,692.542
692.733,692.544
692.735,692.546
692.736,692.548
692.741,692.554
692.738,692.549
692.739,692.551
692.732,692.542
692.733,692.544
692.735,692.546
692.728,692.537
692.730,692.540
692.732,692.542
692.734,692.544
692.731,692.540
692.728,692.537
692.734,692.544
692.727,692.536
692.729,692.538
692.731,692.541
692.733,692.543
692.735,692.545
692.728,692.537
692.730,692.539
692.732,692.542
692.734,692.544
692.735,692.546
692.728,692.537
692.730,692.540
692.732,692.542
692.734,692.544
692.727,692.536
692.729,692.539
692.731,692.541
692.729,692.538
692.734,692.545
692.731,692.541
692.728,692.537
692.730,692.540
692.724,692.532
692.727,692.535
692.729,692.538
692.731,692.540
692.732,692.543
692.734,692.545
692.727,692.536
692.725,692.533
692.723,692.530
692.721,692.528
692.727,692.536
692.729,692.539
692.723,692.531
692.718,692.524
692.713,692.517
692.708,692.511
692.704,692.506
692.708,692.512
692.712,692.517
692.716,692.521
692.711,692.515
692.714,692.520
692.718,692.524
692.713,692.517
692.708,692.512
692.704,692.506
692.708,692.512
692.712,692.517
692.716,692.521
692.711,692.515
692.707,692.509
692.711,692.515
692.714,692.519
692.718,692.524
692.713,692.517
692.716,692.522
692.719,692.526
692.714,692.519
692.717,692.523
692.712,692.517
692.708,692.511
692.712,692.516
692.715,692.521
692.711,692.515
692.706,692.509
692.706,692.509
692.714,692.519
692.709,692.513
692.713,692.517
692.716,692.522
692.719,692.526
692.714,692.519
692.718,692.524
692.721,692.527
692.715,692.521
692.710,692.514
692.706,692.509
692.702,692.504
692.698,692.499
692.703,692.505
692.703,692.505
692.700,692.501
692.704,692.507
692.709,692.512
692.713,692.517
692.716,692.522
692.719,692.526
692.714,692.519
692.717,692.523
692.721,692.527
692.715,692.521
692.710,692.514
692.714,692.519
692.717,692.523
692.712,692.517
692.716,692.521
692.711,692.515
692.715,692.520
692.710,692.514
692.709,692.513
692.709,692.512
692.713,692.517
692.703,692.506
692.703,692.505
692.703,692.505
692.708,692.511
692.704,692.506
692.700,692.501
692.697,692.497
692.702,692.503
692.706,692.509
692.702,692.504
692.707,692.510
692.706,692.509
692.702,692.504
692.707,692.510
692.711,692.515
692.706,692.509
692.711,692.515
692.706,692.509
692.710,692.514
692.710,692.513
692.709,692.513
692.713,692.517
692.708,692.512
692.712,692.517
692.716,692.521
692.716,692.521
692.711,692.515
692.706,692.509
692.702,692.504
692.699,692.499
692.703,692.506
692.708,692.511
692.712,692.516
692.707,692.510
692.711,692.516
692.707,692.510
692.703,692.505
692.699,692.500
692.696,692.496
692.693,692.492
692.698,692.499
692.703,692.505
692.700,692.501
692.704,692.507
692.709,692.512
692.704,692.507
692.709,692.512
692.713,692.517
692.716,692.522
692.719,692.526
692.721,692.528
692.724,692.531
692.718,692.524
692.721,692.528
692.724,692.531
692.718,692.524
692.713,692.518
692.708,692.512
692.704,692.507
692.700,692.502
692.697,692.497
692.694,692.493
692.699,692.500
692.696,692.496
692.697,692.497
692.697,692.497
692.698,692.498
692.698,692.499
692.690,692.489
692.684,692.480
692.685,692.482
692.683,692.480
692.682,692.478
692.688,692.486
692.694,692.493
692.699,692.500
692.704,692.506
692.708,692.512
692.704,692.506
692.700,692.502
692.705,692.508
692.705,692.507
692.701,692.502
692.698,692.498
692.694,692.494
692.695,692.495
692.696,692.496
692.688,692.486
692.682,692.478
692.688,692.486
692.686,692.483
692.684,692.481
692.690,692.489
692.688,692.485
692.694,692.493
692.691,692.489
692.696,692.497
692.701,692.503
692.698,692.498
692.703,692.505
692.699,692.500
692.696,692.496
692.693,692.492
692.698,692.499
692.695,692.495
692.692,692.491
692.698,692.498
692.703,692.504
692.707,692.510
692.703,692.505
692.699,692.500
692.704,692.506
692.700,692.501
692.705,692.507
692.701,692.503
692.698,692.498
692.703,692.504
692.699,692.500
692.696,692.496
692.701,692.502
692.697,692.498
692.694,692.494
692.691,692.490
692.689,692.487
692.695,692.494
692.700,692.501
692.697,692.497
692.702,692.503
692.706,692.509
692.710,692.514
692.710,692.513
692.713,692.518
692.709,692.512
692.713,692.517
692.716,692.522
692.719,692.526
692.722,692.529
692.725,692.533
692.719,692.525
692.717,692.523
692.716,692.522
692.715,692.520
692.710,692.514
692.714,692.519
692.709,692.513
692.705,692.507
692.705,692.507
692.704,692.507
692.701,692.502
692.705,692.508
692.710,692.513
692.705,692.508
692.709,692.513
692.705,692.508
692.701,692.503
692.698,692.498
692.698,692.499
692.699,692.499
692.699,692.500
692.699,692.500
692.704,692.507
692.696,692.496
692.697,692.497
692.697,692.497
692.702,692.504
692.699,692.499
692.703,692.505
692.708,692.511
692.712,692.516
692.707,692.510
692.711,692.515
692.707,692.510
692.711,692.515
692.715,692.520
692.718,692.524
692.713,692.518
692.708,692.512
692.704,692.506
692.700,692.502
692.697,692.497
692.702,692.504
692.698,692.499
692.699,692.500
692.707,692.510
692.707,692.510
692.706,692.509
692.711,692.515
692.706,692.509
692.710,692.514
692.706,692.509
692.702,692.504
692.706,692.509
692.703,692.504
692.707,692.510
692.711,692.515
692.715,692.520
692.718,692.524
692.721,692.528
692.716,692.521
692.711,692.515
692.706,692.509
692.710,692.514
692.714,692.519
692.709,692.513
692.705,692.508
692.701,692.503
692.701,692.503
692.702,692.503
692.702,692.503
692.702,692.503
692.702,692.503
692.702,692.504
692.706,692.509
692.702,692.504
692.699,692.500
692.704,692.506
692.700,692.501
692.697,692.497
692.694,692.493
692.699,692.500
692.696,692.495
692.693,692.492
692.698,692.499
692.695,692.495
692.692,692.491
692.689,692.488
692.695,692.495
692.700,692.502
692.697,692.497
692.702,692.504
692.698,692.499
692.695,692.495
692.700,692.502
692.705,692.508
692.701,692.503
692.706,692.508
692.702,692.503
692.698,692.499
692.695,692.495
692.692,692.491
692.698,692.498
692.694,692.494
692.692,692.490
692.689,692.487
692.695,692.494
692.700,692.501
692.705,692.507
692.701,692.502
692.697,692.498
692.694,692.494
692.691,692.490
692.689,692.487
692.695,692.494
692.692,692.491
692.689,692.487
692.695,692.495
692.692,692.491
692.693,692.492
692.694,692.493
692.695,692.495
692.696,692.495
692.696,692.496
692.693,692.492
692.694,692.494
692.691,692.490
692.689,692.487
692.695,692.494
692.692,692.491
692.689,692.487
692.687,692.484
692.685,692.482
692.683,692.479
692.681,692.477
692.679,692.475
692.678,692.473
692.685,692.482
692.691,692.490
692.688,692.486
692.686,692.484
692.684,692.481
692.682,692.478
692.684,692.481
692.690,692.489
692.688,692.486
692.686,692.483
692.692,692.491
692.689,692.487
692.687,692.484
692.685,692.482
692.691,692.489
692.696,692.497
692.693,692.493
692.686,692.483
692.688,692.485
692.689,692.487
692.682,692.479
692.684,692.481
692.682,692.479
692.689,692.487
692.695,692.494
692.700,692.501
692.705,692.507
692.701,692.502
692.697,692.498
692.702,692.504
692.699,692.499
692.703,692.505
692.700,692.501
692.696,692.496
692.693,692.493
692.699,692.499
692.703,692.506
692.700,692.501
692.705,692.507
692.709,692.512
692.705,692.507
692.701,692.502
692.697,692.498
692.694,692.494
692.691,692.490
692.689,692.487
692.687,692.484
692.684,692.481
692.683,692.479
692.681,692.477
692.679,692.475
692.678,692.473
692.677,692.471
692.675,692.470
692.674,692.468
692.673,692.467
692.673,692.466
692.680,692.475
692.687,692.484
692.684,692.481
692.683,692.479
692.681,692.477
692.679,692.475
692.678,692.473
692.685,692.482
692.691,692.490
692.692,692.491
692.693,692.492
692.694,692.493
692.695,692.495
692.696,692.495
692.696,692.496
692.693,692.492
692.690,692.489
692.688,692.486
692.686,692.483
692.684,692.480
692.682,692.478
692.680,692.476
692.679,692.474
692.685,692.483
692.683,692.480
692.682,692.478
692.680,692.476
692.679,692.474
692.685,692.482
692.691,692.490
692.689,692.487
692.687,692.484
692.684,692.481
692.683,692.479
692.681,692.477
692.679,692.475
692.678,692.473
692.677,692.471
692.675,692.470
692.682,692.479
692.681,692.477
692.683,692.479
692.677,692.471
692.679,692.474
692.673,692.467
692.681,692.476
692.687,692.485
692.685,692.482
692.683,692.479
692.681,692.477
692.680,692.475
692.678,692.473
692.677,692.472
692.676,692.470
692.675,692.469
692.674,692.467
692.673,692.466
692.672,692.465
692.671,692.464
692.671,692.464
692.670,692.463
692.669,692.462
692.677,692.472
692.676,692.470
692.675,692.469
692.674,692.468
692.673,692.467
692.680,692.476
692.679,692.474
692.685,692.483
692.683,692.480
692.690,692.488
692.695,692.495
692.692,692.491
692.698,692.498
692.703,692.505
692.707,692.510
692.711,692.515
692.715,692.520
692.710,692.514
692.706,692.508
692.702,692.503
692.706,692.509
692.702,692.504
692.699,692.500
692.696,692.495
692.693,692.492
692.690,692.488
692.688,692.485
692.685,692.482
692.687,692.484
692.688,692.486
692.690,692.488
692.691,692.490
692.684,692.481
692.686,692.483
692.687,692.485
692.693,692.492
692.694,692.494
692.691,692.490
692.689,692.487
692.686,692.484
692.684,692.481
692.682,692.479
692.681,692.477
692.679,692.475
692.686,692.483
692.684,692.481
692.682,692.478
692.688,692.486
692.686,692.484
692.684,692.481
692.690,692.489
692.688,692.486
692.686,692.483
692.687,692.485
692.693,692.492
692.694,692.494
692.691,692.490
692.692,692.491
692.693,692.493
692.694,692.494
692.687,692.484
692.680,692.476
692.679,692.474
692.677,692.472
692.676,692.471
692.675,692.469
692.674,692.468
692.673,692.467
692.672,692.466
692.675,692.469
692.674,692.468
692.673,692.467
692.672,692.466
692.680,692.475
692.678,692.473
692.677,692.472
692.676,692.470
692.683,692.479
692.689,692.487
692.695,692.495
692.700,692.501
692.697,692.497
692.702,692.503
692.698,692.499
692.703,692.505
692.707,692.511
692.711,692.516
692.703,692.504
692.703,692.504
692.703,692.504
692.694,692.494
692.695,692.495
692.696,692.496
692.693,692.492
692.690,692.489
692.696,692.496
692.693,692.492
692.698,692.499
692.695,692.495
692.692,692.491
692.693,692.492
692.694,692.493
692.695,692.495
692.700,692.501
692.705,692.507
692.709,692.513
692.704,692.506
692.700,692.501
692.697,692.497
692.694,692.493
692.699,692.500
692.696,692.496
692.693,692.492
692.690,692.489
692.688,692.485
692.685,692.483
692.692,692.490
692.697,692.497
692.694,692.493
692.691,692.490
692.689,692.487
692.686,692.484
692.692,692.491
692.693,692.493
692.694,692.494
692.695,692.495
692.696,692.496
692.696,692.497
692.689,692.487
692.690,692.489
692.691,692.490
692.684,692.481
692.682,692.479
692.681,692.477
692.679,692.475
692.678,692.473
692.677,692.471
692.679,692.474
692.678,692.473
692.680,692.476
692.682,692.478
692.676,692.470
692.670,692.463
692.670,692.463
692.673,692.467
692.672,692.466
692.671,692.465
692.671,692.464
692.670,692.463
692.678,692.473
692.676,692.471
692.683,692.480
692.682,692.478
692.688,692.486
692.694,692.493
692.691,692.490
692.703,692.505
692.708,692.511
692.704,692.506
692.700,692.501
692.697,692.497
692.694,692.493
692.691,692.489
692.688,692.486
692.694,692.494
692.691,692.490
692.689,692.487
692.686,692.484
692.680,692.475
692.674,692.468
692.669,692.461
692.664,692.455
692.667,692.460
692.671,692.464
692.670,692.463
692.673,692.467
692.676,692.471
692.675,692.469
692.674,692.468
692.673,692.467
692.672,692.466
692.672,692.465
692.671,692.464
692.670,692.463
692.670,692.462
692.669,692.462
692.669,692.461
692.668,692.461
692.668,692.460
692.668,692.460
692.667,692.459
692.675,692.469
692.674,692.468
692.673,692.467
692.672,692.466
692.672,692.465
692.671,692.464
692.670,692.463
692.670,692.463
692.669,692.462
692.669,692.461
692.668,692.461
692.668,692.460
692.668,692.460
692.667,692.459
692.675,692.469
692.682,692.478
692.681,692.476
692.679,692.474
692.678,692.473
692.684,692.481
692.683,692.479
692.689,692.487
692.687,692.484
692.693,692.492
692.698,692.499
692.695,692.495
692.692,692.491
692.693,692.492
692.686,692.483
692.684,692.480
692.682,692.478
692.680,692.476
692.682,692.479
692.684,692.481
692.691,692.489
692.688,692.486
692.686,692.483
692.684,692.480
692.682,692.478
692.680,692.476
692.679,692.474
692.677,692.472
692.676,692.471
692.675,692.469
692.674,692.468
692.673,692.467
692.672,692.466
692.672,692.465
692.671,692.464
692.670,692.463
692.670,692.462
692.669,692.462
692.669,692.461
692.668,692.461
692.668,692.460
692.676,692.470
692.675,692.469
692.674,692.468
692.673,692.466
692.672,692.465
692.671,692.465
692.671,692.464
692.674,692.468
692.676,692.471
692.683,692.480
692.690,692.488
692.691,692.490
692.692,692.491
692.685,692.482
692.683,692.479
692.689,692.487
692.687,692.484
692.693,692.492
692.690,692.489
692.688,692.486
692.694,692.493
692.691,692.490
692.684,692.481
692.682,692.478
692.680,692.476
692.679,692.474
692.678,692.472
692.676,692.471
692.683,692.480
692.690,692.488
692.687,692.485
692.685,692.482
692.691,692.490
692.684,692.481
692.678,692.473
692.680,692.476
692.682,692.479
692.684,692.481
692.686,692.483
692.684,692.481
692.682,692.478
692.680,692.476
692.687,692.485
692.693,692.492
692.690,692.489
692.688,692.486
692.686,692.483
692.684,692.480
692.682,692.478
692.684,692.480
692.686,692.483
692.687,692.485
692.689,692.487
692.690,692.488
692.683,692.480
692.685,692.482
692.683,692.479
692.681,692.477
692.680,692.475
692.678,692.473
692.677,692.472
692.676,692.470
692.683,692.479
692.681,692.477
692.688,692.485
692.685,692.482
692.683,692.480
692.682,692.478
692.680,692.475
692.678,692.474
692.677,692.472
692.676,692.470
692.675,692.469
692.674,692.468
692.673,692.467
692.672,692.466
692.680,692.475
692.686,692.483
692.684,692.481
692.682,692.478
692.680,692.476
692.683,692.479
692.676,692.471
692.683,692.480
692.685,692.482
692.687,692.484
692.685,692.482
692.691,692.490
692.688,692.486
692.686,692.483
692.692,692.491
692.690,692.488
692.687,692.485
692.685,692.482
692.683,692.480
692.681,692.477
692.680,692.475
692.678,692.473
692.677,692.472
692.676,692.470
692.675,692.469
692.674,692.468
692.681,692.477
692.687,692.485
692.693,692.493
692.691,692.489
692.692,692.491
692.693,692.492
692.694,692.493
692.695,692.494
692.687,692.485
692.693,692.492
692.699,692.499
692.695,692.495
692.700,692.502
692.705,692.508
692.701,692.503
692.706,692.509
692.702,692.504
692.698,692.499
692.695,692.495
692.700,692.502
692.705,692.508
692.701,692.503
692.698,692.498
692.703,692.504
692.707,692.510
692.703,692.505
692.707,692.511
692.703,692.505
692.708,692.511
692.704,692.506
692.708,692.511
692.704,692.506
692.700,692.501
692.697,692.497
692.694,692.493
692.691,692.490
692.696,692.497
692.693,692.493
692.691,692.489
692.688,692.486
692.694,692.493
692.691,692.490
692.689,692.487
692.686,692.484
692.684,692.481
692.682,692.479
692.681,692.476
692.679,692.474
692.678,692.473
692.676,692.471
692.675,692.470
692.682,692.479
692.681,692.476
692.687,692.485
692.685,692.482
692.683,692.480
692.689,692.488
692.695,692.495
692.692,692.491
692.690,692.488
692.687,692.485
692.685,692.482
692.687,692.484
692.688,692.486
692.690,692.488
692.691,692.489
692.696,692.497
692.693,692.493
692.694,692.494
692.687,692.484
692.685,692.482
692.683,692.479
692.681,692.477
692.688,692.485
692.685,692.482
692.683,692.480
692.682,692.478
692.680,692.475
692.678,692.474
692.677,692.472
692.676,692.470
692.675,692.469
692.674,692.468
692.673,692.467
692.672,692.466
692.671,692.465
692.671,692.464
692.674,692.468
692.681,692.477
692.683,692.479
692.681,692.477
692.688,692.485
692.694,692.493
692.691,692.489
692.696,692.497
692.701,692.503
692.706,692.509
692.702,692.504
692.698,692.499
692.695,692.495
692.700,692.502
692.705,692.508
692.701,692.503
692.698,692.498
692.695,692.494
692.692,692.491
692.689,692.487
692.687,692.484
692.693,692.492
692.698,692.499
692.695,692.495
692.692,692.491
692.689,692.488
692.687,692.485
692.693,692.492
692.690,692.489
692.688,692.486
692.694,692.493
692.691,692.490
692.688,692.486
692.694,692.494
692.699,692.500
692.696,692.496
692.701,692.503
692.706,692.508
692.710,692.514
692.706,692.508
692.702,692.503
692.706,692.509
692.702,692.504
692.699,692.499
692.703,692.506
692.700,692.501
692.700,692.501
692.700,692.501
692.701,692.502
692.701,692.502
692.697,692.498
692.694,692.494
692.699,692.500
692.704,692.506
692.700,692.502
692.697,692.497
692.694,692.493
692.691,692.490
692.689,692.486
692.686,692.484
692.684,692.481
692.690,692.489
692.688,692.486
692.694,692.493
692.691,692.490
692.697,692.497
692.694,692.493
692.694,692.494
692.695,692.495
692.700,692.502
692.705,692.508
692.701,692.503
692.698,692.498
692.703,692.505
692.699,692.500
692.696,692.496
692.693,692.492
692.690,692.488
692.688,692.485
692.685,692.483
692.692,692.490
692.689,692.487
692.695,692.494
692.692,692.491
692.689,692.487
692.695,692.495
692.692,692.491
692.698,692.498
692.694,692.494
692.692,692.490
692.689,692.487
692.687,692.484
692.685,692.481
692.683,692.479
692.681,692.477
692.679,692.475
692.678,692.473
692.677,692.471
692.675,692.470
692.682,692.479
692.689,692.487
692.687,692.484
692.693,692.492
692.698,692.498
692.695,692.494
692.692,692.491
692.689,692.487
692.687,692.484
692.685,692.482
692.683,692.479
692.689,692.487
692.690,692.489
692.692,692.490
692.693,692.492
692.690,692.488
692.688,692.485
692.685,692.482
692.683,692.480
692.690,692.488
692.687,692.485
692.693,692.492
692.699,692.499
692.695,692.495
692.692,692.491
692.690,692.488
692.687,692.485
692.693,692.493
692.691,692.489
692.696,692.496
692.693,692.492
692.690,692.489
692.696,692.496
692.693,692.492
692.698,692.499
692.703,692.505
692.700,692.501
692.704,692.507
692.709,692.512
692.704,692.507
692.701,692.502
692.697,692.498
692.702,692.504
692.707,692.510
692.711,692.515
692.706,692.509
692.711,692.515
692.714,692.519
692.718,692.524
692.713,692.517
692.716,692.522
692.711,692.515
692.707,692.510
692.703,692.505
692.707,692.510
692.703,692.505
692.708,692.511
692.711,692.516
692.715,692.520
692.718,692.525
692.713,692.518
692.709,692.512
692.704,692.507
692.709,692.512
692.704,692.507
692.701,692.502
692.705,692.508
692.705,692.508
692.701,692.503
692.698,692.498
692.695,692.494
692.692,692.491
692.689,692.487
692.687,692.484
692.693,692.492
692.698,692.499
692.695,692.495
692.692,692.491
692.689,692.488
692.687,692.485
692.693,692.492
692.690,692.489
692.696,692.496
692.693,692.492
692.698,692.499
692.695,692.495
692.700,692.501
692.697,692.497
692.702,692.503
692.698,692.499
692.703,692.505
692.700,692.501
692.696,692.496
692.693,692.492
692.690,692.489
692.688,692.486
692.686,692.483
692.684,692.480
692.682,692.478
692.680,692.476
692.679,692.474
692.681,692.477
692.675,692.469
692.678,692.472
692.680,692.475
692.678,692.474
692.677,692.472
692.680,692.475
692.682,692.478
692.680,692.476
692.687,692.484
692.693,692.492
692.690,692.488
692.688,692.485
692.685,692.482
692.683,692.480
692.690,692.488
692.695,692.495
692.700,692.502
692.697,692.497
692.694,692.493
692.699,692.500
692.704,692.506
692.700,692.501
692.697,692.497
692.694,692.493
692.691,692.490
692.696,692.497
692.702,692.503
692.706,692.509
692.702,692.504
692.707,692.510
692.703,692.504
692.707,692.510
692.711,692.515
692.715,692.520
692.710,692.514
692.706,692.508
692.702,692.503
692.698,692.499
692.695,692.495
692.692,692.491
692.693,692.492
692.690,692.489
692.688,692.486
692.686,692.483
692.684,692.480
692.690,692.488
692.688,692.485
692.685,692.482
692.683,692.480
692.685,692.482
692.687,692.484
692.696,692.497
692.697,692.497
692.698,692.498
692.698,692.499
692.698,692.499
692.699,692.500
692.704,692.506
692.700,692.501
692.705,692.507
692.709,692.513
692.713,692.517
692.716,692.522
692.711,692.516
692.715,692.520
692.718,692.524
692.713,692.518
692.717,692.522
692.712,692.516
692.707,692.510
692.711,692.515
692.707,692.510
692.703,692.505
692.707,692.510
692.703,692.505
692.699,692.500
692.696,692.496
692.693,692.492
692.690,692.489
692.696,692.496
692.693,692.492
692.690,692.489
692.696,692.496
692.701,692.502
692.698,692.498
692.694,692.494
692.692,692.490
692.689,692.487
692.695,692.494
692.692,692.491
692.697,692.498
692.702,692.504
692.699,692.499
692.699,692.500
692.699,692.500
692.699,692.500
692.696,692.496
692.693,692.492
692.698,692.499
692.695,692.495
692.700,692.501
692.705,692.507
692.701,692.502
692.706,692.508
692.702,692.503
692.706,692.509
692.702,692.504
692.699,692.499
692.695,692.495
692.693,692.492
692.690,692.488
692.687,692.485
692.693,692.493
692.691,692.489
692.688,692.486
692.694,692.493
692.691,692.490
692.689,692.487
692.686,692.484
692.684,692.481
692.702,692.503
692.698,692.499
692.695,692.495
692.700,692.501
692.697,692.497
692.694,692.493
692.691,692.490
692.688,692.486
692.686,692.483
692.684,692.481
692.690,692.489
692.688,692.486
692.686,692.483
692.684,692.480
692.690,692.488
692.696,692.496
692.701,692.502
692.697,692.498
692.694,692.494
692.699,692.500
692.696,692.496
692.701,692.503
692.698,692.498
692.695,692.494
692.692,692.490
692.694,692.494
692.691,692.490
692.689,692.487
692.695,692.494
692.700,692.501
692.700,692.501
692.697,692.497
692.697,692.498
692.698,692.498
692.695,692.494
692.692,692.490
692.689,692.487
692.695,692.495
692.700,692.501
692.697,692.497
692.694,692.493
692.691,692.489
692.688,692.486
692.686,692.483
692.692,692.491
692.690,692.488
692.695,692.495
692.700,692.502
692.705,692.508
692.709,692.513
692.689,692.487
692.687,692.484
692.685,692.481
692.683,692.479
692.685,692.481
692.686,692.484
692.680,692.475
692.682,692.478
692.676,692.470
692.678,692.473
692.681,692.476
692.679,692.474
692.678,692.473
692.676,692.471
692.675,692.470
692.674,692.468
692.673,692.467
692.681,692.476
692.679,692.474
692.678,692.473
692.676,692.471
692.675,692.469
692.674,692.468
692.673,692.467
692.672,692.466
692.672,692.465
692.671,692.464
692.670,692.463
692.670,692.463
692.669,692.462
692.669,692.461
692.668,692.461
692.668,692.460
692.663,692.454
692.659,692.449
692.663,692.454
692.667,692.459
692.667,692.459
692.666,692.458
692.666,692.458
692.666,692.458
692.666,692.458
692.666,692.457
692.661,692.452
692.657,692.446
692.658,692.447
692.658,692.448
692.659,692.449
692.660,692.449
692.660,692.450
692.664,692.455
692.672,692.466
692.675,692.469
692.682,692.478
692.680,692.476
692.679,692.474
692.678,692.472
692.676,692.471
692.667,692.459
692.667,692.459
692.667,692.459
692.662,692.453
692.662,692.453
692.662,692.453
692.663,692.453
692.663,692.454
692.663,692.454
692.663,692.454
692.663,692.454
692.663,692.454
692.663,692.454
692.664,692.455
692.664,692.455
692.664,692.455
692.664,692.455
692.664,692.455
692.664,692.455
692.656,692.445
692.665,692.456
692.673,692.466
692.672,692.465
692.679,692.475
692.678,692.473
692.677,692.471
692.676,692.470
692.674,692.469
692.674,692.467
692.668,692.461
692.668,692.460
692.668,692.460
692.667,692.459
692.667,692.459
692.667,692.459
692.667,692.458
692.666,692.458
692.658,692.448
692.659,692.448
692.659,692.449
692.660,692.450
692.660,692.450
692.661,692.451
692.661,692.451
692.661,692.452
692.670,692.462
692.669,692.462
692.669,692.461
692.676,692.471
692.675,692.470
692.674,692.468
692.673,692.467
692.672,692.466
692.672,692.465
692.663,692.454
692.663,692.454
692.663,692.454
692.663,692.454
692.663,692.454
692.664,692.455
692.664,692.455
692.664,692.455
692.664,692.455
692.664,692.455
692.664,692.455
692.664,692.455
692.664,692.455
692.672,692.466
692.671,692.465
692.671,692.464
692.670,692.463
692.661,692.452
692.662,692.452
692.662,692.453
692.662,692.453
692.671,692.464
692.670,692.463
692.669,692.462
692.669,692.461
692.669,692.461
692.668,692.460
692.668,692.460
692.667,692.460
692.667,692.459
692.675,692.469
692.674,692.468
692.673,692.467
692.672,692.466
692.672,692.465
692.671,692.464
692.670,692.463
692.670,692.462
692.669,692.462
692.672,692.466
692.675,692.470
692.682,692.479
692.689,692.487
692.686,692.484
692.684,692.481
692.682,692.479
692.681,692.477
692.679,692.475
692.678,692.473
692.677,692.471
692.675,692.470
692.674,692.468
692.673,692.467
692.673,692.466
692.672,692.465
692.679,692.475
692.678,692.473
692.685,692.481
692.683,692.479
692.681,692.477
692.679,692.475
692.678,692.473
692.685,692.482
692.691,692.490
692.688,692.486
692.686,692.484
692.684,692.481
692.682,692.478
692.676,692.471
692.679,692.474
692.681,692.477
692.683,692.479
692.685,692.482
692.687,692.484
692.688,692.486
692.686,692.483
692.692,692.491
692.689,692.487
692.687,692.484
692.685,692.482
692.683,692.479
692.689,692.487
692.687,692.484
692.685,692.482
692.683,692.479
692.681,692.477
692.679,692.475
692.678,692.473
692.677,692.471
692.676,692.470
692.675,692.469
692.674,692.467
692.673,692.466
692.672,692.465
692.671,692.464
692.671,692.464
692.670,692.463
692.669,692.462
692.669,692.461
692.669,692.461
692.668,692.460
692.668,692.460
692.676,692.470
692.674,692.469
692.674,692.467
692.673,692.466
692.672,692.465
692.671,692.464
692.662,692.453
692.663,692.453
692.663,692.454
692.663,692.454
692.663,692.454
692.663,692.454
692.663,692.454
692.663,692.454
692.664,692.455
692.664,692.455
692.664,692.455
692.664,692.455
692.664,692.455
692.664,692.455
692.664,692.455
692.664,692.455
692.664,692.455
692.664,692.455
692.664,692.455
692.664,692.455
692.664,692.455
692.664,692.455
692.664,692.455
692.668,692.460
692.668,692.460
692.667,692.459
692.667,692.459
692.667,692.459
692.667,692.458
692.662,692.452
692.666,692.457
692.666,692.457
692.666,692.457
692.665,692.457
692.665,692.457
692.661,692.451
692.665,692.456
692.668,692.461
692.668,692.460
692.668,692.460
692.659,692.449
692.660,692.450
692.660,692.450
692.661,692.451
692.661,692.451
692.661,692.452
692.662,692.452
692.662,692.452
692.662,692.453
692.670,692.463
692.670,692.463
692.669,692.462
692.669,692.461
692.668,692.461
692.668,692.460
692.668,692.460
692.667,692.460
692.667,692.459
692.659,692.448
692.651,692.439
692.652,692.440
692.646,692.432
692.647,692.434
692.649,692.436
692.650,692.438
692.652,692.440
692.645,692.431
692.647,692.433
692.648,692.435
692.650,692.437
692.651,692.439
692.645,692.430
692.642,692.427
692.640,692.424
692.642,692.427
692.644,692.430
692.646,692.432
692.648,692.435
692.645,692.431
692.647,692.433
692.641,692.425
692.643,692.428
692.645,692.431
692.639,692.423
692.645,692.431
692.647,692.433
692.640,692.425
692.643,692.428
692.645,692.430
692.646,692.433
692.648,692.435
692.650,692.437
692.651,692.439
692.652,692.440
692.654,692.442
692.655,692.443
692.656,692.444
692.656,692.445
692.657,692.446
692.658,692.447
692.658,692.448
692.659,692.449
692.660,692.449
692.660,692.450
692.660,692.451
692.653,692.441
692.646,692.432
692.648,692.434
692.649,692.436
692.651,692.438
692.644,692.429
692.646,692.432
692.648,692.434
692.641,692.426
692.647,692.433
692.644,692.430
692.646,692.432
692.648,692.435
692.649,692.437
692.646,692.433
692.648,692.435
692.650,692.437
692.643,692.428
692.645,692.431
692.647,692.433
692.648,692.435
692.646,692.432
692.647,692.434
692.649,692.436
692.650,692.438
692.652,692.440
692.653,692.441
692.654,692.443
692.655,692.444
692.656,692.445
692.657,692.446
692.658,692.447
692.658,692.448
692.659,692.449
692.659,692.449
692.660,692.450
692.660,692.450
692.653,692.441
692.654,692.442
692.655,692.443
692.656,692.445
692.657,692.446
692.661,692.451
692.661,692.452
692.662,692.452
692.662,692.452
692.662,692.453
692.666,692.458
692.661,692.452
692.662,692.452
692.654,692.442
692.655,692.443
692.656,692.445
692.657,692.446
692.661,692.451
692.665,692.456
692.673,692.467
692.672,692.466
692.672,692.465
692.671,692.464
692.670,692.463
692.670,692.462
692.665,692.456
692.665,692.456
692.657,692.446
692.649,692.436
692.651,692.438
692.652,692.440
692.653,692.441
692.654,692.443
692.655,692.444
692.648,692.435
692.650,692.437
692.651,692.439
692.652,692.440
692.654,692.442
692.646,692.433
692.648,692.435
692.642,692.427
692.644,692.429
692.646,692.432
692.640,692.424
692.642,692.427
692.644,692.430
692.638,692.422
692.640,692.425
692.646,692.433
692.648,692.435
692.658,692.447
692.650,692.438
692.652,692.439
692.653,692.441
692.649,692.437
692.651,692.438
692.652,692.440
692.653,692.441
692.650,692.437
692.647,692.433
692.640,692.425
692.635,692.418
692.650,692.438
692.647,692.434
692.641,692.425
692.643,692.428
692.645,692.431
692.647,692.433
692.652,692.440
692.653,692.442
692.654,692.443
692.655,692.444
692.648,692.435
692.642,692.427
692.644,692.429
692.638,692.422
692.632,692.414
692.635,692.418
692.638,692.422
692.641,692.425
692.643,692.428
692.645,692.431
692.639,692.423
692.637,692.420
692.639,692.424
692.634,692.416
692.632,692.414
692.627,692.408
692.631,692.412
692.626,692.406
692.621,692.401
692.625,692.406
692.621,692.400
692.617,692.395
692.622,692.401
692.617,692.396
692.622,692.401
692.626,692.407
692.630,692.411
692.633,692.415
692.636,692.419
692.639,692.423
692.641,692.426
692.635,692.418
692.630,692.412
692.625,692.406
692.621,692.400
692.625,692.405
692.629,692.410
692.624,692.404
692.628,692.409
692.631,692.413
692.639,692.424
692.634,692.416
692.637,692.420
692.639,692.424
692.642,692.427
692.636,692.419
692.638,692.422
692.641,692.426
692.643,692.429
692.645,692.431
692.647,692.433
692.649,692.436
692.654,692.442
692.658,692.448
692.659,692.449
692.660,692.449
692.660,692.450
692.660,692.451
692.656,692.445
692.649,692.436
692.651,692.438
692.644,692.429
692.641,692.426
692.635,692.419
692.630,692.412
711.972,717.110
711.902,717.020
711.863,716.970
711.332,716.293
710.290,714.961
709.761,714.287
708.479,712.649
707.433,711.314
706.390,709.982
705.778,709.201
704.680,707.798
703.924,706.833
702.976,705.623
702.142,704.557
701.592,703.855
701.460,703.686
700.732,702.757
699.990,701.809
699.771,701.530
699.129,700.711
699.040,700.597
698.981,700.522
698.907,700.427
698.851,700.356
698.901,700.419
699.546,701.243
700.404,702.338
700.365,702.289
700.439,702.383
701.063,703.180
701.211,703.369
701.261,703.432
701.286,703.465
701.320,703.507
701.384,703.589
702.524,705.045
702.314,704.777
702.243,704.686
702.229,704.669
702.257,704.705
702.292,704.749
702.253,704.699
702.235,704.677
702.210,704.645
702.168,704.591
702.170,704.594
702.212,704.648
702.258,704.706
703.017,705.675
703.078,705.753
703.625,706.451
703.671,706.510
703.812,706.690
703.884,706.782
703.867,706.760
703.844,706.732
703.852,706.741
703.886,706.785
703.945,706.860
703.996,706.925
703.997,706.926
703.995,706.923
703.957,706.875
703.404,706.169
703.301,706.037
703.188,705.893
703.168,705.868
703.120,705.806
703.076,705.751
703.003,705.657
702.948,705.586
702.283,704.738
702.237,704.678
702.250,704.695
702.212,704.647
702.135,704.548
701.421,703.637
701.218,703.377
700.505,702.468
699.988,701.807
699.856,701.639
699.783,701.545
699.723,701.469
699.669,701.400
699.601,701.313
699.530,701.223
698.872,700.382
698.715,700.182
698.604,700.040
698.482,699.884
697.963,699.222
697.875,699.109
697.803,699.018
697.733,698.928
697.654,698.826
697.600,698.758
697.534,698.673
697.471,698.593
696.936,697.910
696.933,697.906
696.903,697.868
696.888,697.849
696.861,697.814
696.827,697.771
696.809,697.747
696.789,697.722
696.750,697.673
696.730,697.647
696.702,697.612
696.669,697.570
696.641,697.534
696.612,697.497
696.587,697.464
696.547,697.413
696.507,697.363
696.472,697.318
696.437,697.272
696.405,697.232
696.372,697.190
696.347,697.158
696.321,697.124
696.292,697.088
696.271,697.061
696.248,697.032
696.223,697.000
696.205,696.976
696.184,696.950
696.169,696.931
696.148,696.904
696.124,696.874
696.107,696.852
696.083,696.822
696.074,696.810
696.062,696.794
696.051,696.780
696.037,696.762
696.024,696.746
696.008,696.725
695.994,696.707
695.981,696.691
695.966,696.671
695.951,696.653
695.939,696.637
695.927,696.622
695.917,696.609
695.899,696.586
695.887,696.571
695.876,696.557
695.867,696.544
695.850,696.523
695.834,696.503
695.828,696.496
695.823,696.489
695.814,696.478
695.807,696.468
695.787,696.443
695.778,696.431
695.769,696.420
695.761,696.410
695.754,696.401
695.744,696.388
695.731,696.371
695.719,696.356
695.712,696.347
695.701,696.334
695.692,696.322
695.683,696.311
695.684,696.311
695.676,696.301
695.669,696.292
695.671,696.295
695.660,696.281
695.663,696.285
695.657,696.277
695.652,696.271
695.652,696.270
695.647,696.264
695.643,696.259
695.635,696.249
695.632,696.245
695.629,696.241
695.627,696.238
695.624,696.235
695.622,696.233
695.625,696.236
695.623,696.233
695.621,696.231
695.615,696.223
695.614,696.222
695.613,696.220
695.612,696.219
695.611,696.218
695.610,696.217
695.605,696.211
695.605,696.211
695.605,696.210
695.605,696.210
695.596,696.200
695.593,696.195
695.586,696.186
695.579,696.178
695.573,696.170
695.576,696.174
695.571,696.167
695.566,696.160
695.569,696.165
695.572,696.169
695.571,696.167
695.574,696.171
695.565,696.159
695.560,696.153
695.560,696.153
695.564,696.159
695.560,696.153
695.556,696.148
695.552,696.143
695.553,696.144
695.550,696.140
695.551,696.141
695.548,696.137
695.545,696.133
695.538,696.125
695.544,696.133
695.550,696.140
695.547,696.136
695.552,696.143
695.553,696.144
695.549,696.140
695.555,696.146
695.559,696.152
695.555,696.147
695.556,696.148
695.560,696.153
695.564,696.158
695.564,696.158
695.568,696.163
695.567,696.162
695.570,696.166
695.573,696.170
695.580,696.179
695.574,696.171
695.569,696.165
695.572,696.169
695.567,696.162
695.566,696.161
695.570,696.166
695.573,696.170
695.576,696.173
695.570,696.166
695.573,696.170
695.576,696.174
695.579,696.177
695.577,696.175
695.579,696.178
695.578,696.176
695.580,696.179
695.582,696.181
695.584,696.184
695.586,696.186
695.596,696.198
695.600,696.205
695.601,696.205
695.593,696.195
695.594,696.196
695.595,696.197
695.595,696.198
695.600,696.204
695.600,696.205
695.593,696.195
695.598,696.201
695.598,696.202
695.599,696.202
695.603,696.208
695.603,696.208
695.603,696.208
695.607,696.213
695.607,696.213
695.615,696.223
695.613,696.221
695.617,696.225
695.615,696.224
695.614,696.222
695.613,696.221
695.612,696.219
695.611,696.218
695.614,696.223
695.613,696.221
695.612,696.220
695.616,696.224
695.614,696.222
695.613,696.221
695.612,696.220
695.619,696.229
695.618,696.227
695.612,696.220
695.612,696.219
695.611,696.218
695.614,696.222
695.613,696.221
695.612,696.219
695.611,696.218
695.606,696.212
695.598,696.201
695.594,696.197
695.595,696.198
695.596,696.199
695.597,696.200
695.597,696.201
695.598,696.201
695.590,696.191
695.591,696.193
695.592,696.194
695.593,696.196
695.586,696.186
695.580,696.178
695.582,696.181
695.576,696.173
695.570,696.166
695.565,696.160
695.561,696.154
695.556,696.149
695.553,696.144
695.549,696.139
695.546,696.136
695.535,696.122
695.530,696.114
695.520,696.103
695.516,696.097
695.508,696.087
695.501,696.078
695.502,696.080
695.496,696.071
695.490,696.063
695.484,696.056
695.483,696.055
695.478,696.049
695.474,696.043
695.466,696.033
695.463,696.029
695.452,696.015
695.450,696.012
695.440,696.000
695.439,695.999
695.435,695.993
695.426,695.982
695.427,695.983
695.419,695.973
695.420,695.975
695.421,695.976
695.422,695.977
695.415,695.968
695.409,695.960
695.403,695.952
695.397,695.945
695.393,695.939
695.388,695.934
695.384,695.929
695.381,695.924
695.377,695.920
695.366,695.906
695.364,695.903
695.363,695.901
695.361,695.899
695.352,695.887
695.343,695.876
695.343,695.876
695.336,695.866
695.328,695.857
695.322,695.849
695.316,695.842
695.319,695.845
695.314,695.838
695.309,695.832
695.304,695.826
695.308,695.831
695.304,695.826
695.292,695.810
695.289,695.807
695.286,695.803
695.284,695.800
695.281,695.797
695.280,695.795
695.274,695.788
695.273,695.786
695.263,695.774
695.255,695.764
695.256,695.764
695.256,695.765
695.248,695.755
695.250,695.757
695.251,695.758
695.244,695.749
695.245,695.751
695.247,695.753
695.248,695.755
695.241,695.746
695.231,695.733
695.226,695.726
695.229,695.731
695.228,695.729
695.223,695.723
695.219,695.717
695.215,695.712
695.211,695.707
695.208,695.703
695.205,695.699
695.202,695.696
695.199,695.692
695.201,695.695
695.199,695.692
695.197,695.689
695.195,695.686
695.193,695.684
695.191,695.682
695.194,695.685
695.192,695.683
695.199,695.692
695.196,695.689
695.194,695.686
695.193,695.684
695.191,695.682
695.190,695.680
695.188,695.678
695.187,695.677
695.186,695.675
695.181,695.669
695.180,695.668
695.180,695.668
695.180,695.667
695.179,695.667
695.179,695.666
695.179,695.666
695.178,695.666
695.178,695.665
695.178,695.665
695.178,695.665
695.178,695.665
695.177,695.664
695.177,695.664
695.177,695.664
695.177,695.664
695.177,695.664
695.169,695.653
695.169,695.654
695.170,695.655
695.162,695.645
695.156,695.637
695.149,695.629
695.144,695.622
695.147,695.625
695.150,695.629
695.144,695.622
695.139,695.615
695.134,695.609
695.130,695.604
695.130,695.604
695.127,695.600
695.123,695.595
695.120,695.591
695.117,695.588
695.119,695.590
695.116,695.586
695.114,695.583
695.111,695.580
695.109,695.578
695.108,695.575
695.114,695.584
695.112,695.581
695.110,695.578
695.108,695.576
695.106,695.574
695.105,695.572
695.103,695.570
695.110,695.579
695.108,695.576
695.107,695.574
695.105,695.572
695.104,695.571
695.103,695.569
695.101,695.567
695.108,695.576
695.107,695.574
695.097,695.562
695.096,695.561
695.096,695.560
695.095,695.560
695.095,695.559
695.094,695.559
695.094,695.558
695.094,695.558
695.093,695.557
695.093,695.557
695.093,695.557
695.097,695.561
695.096,695.561
695.096,695.560
695.095,695.559
695.095,695.559
695.094,695.558
695.094,695.558
695.082,695.543
695.075,695.534
695.068,695.525
695.070,695.528
695.064,695.520
695.067,695.523
695.061,695.516
695.060,695.514
695.054,695.507
695.058,695.512
695.053,695.505
695.048,695.500
695.056,695.510
695.060,695.514
695.063,695.518
695.065,695.521
695.068,695.524
695.070,695.527
695.072,695.530
695.065,695.521
695.060,695.514
695.054,695.508
695.058,695.512
695.061,695.516
695.064,695.519
695.018,695.461
695.017,695.460
695.016,695.458
695.015,695.457
695.014,695.456
695.013,695.455
695.012,695.454
695.012,695.453
695.011,695.452
695.010,695.451
695.010,695.451
695.009,695.450
695.009,695.450
695.009,695.449
695.008,695.449
695.008,695.448
695.008,695.448
695.008,695.448
695.007,695.447
695.007,695.447
695.007,695.447
695.007,695.447
695.007,695.446
695.006,695.446
695.006,695.446
695.014,695.456
695.013,695.455
695.013,695.454
695.012,695.453
695.011,695.452
695.011,695.452
695.010,695.451
695.010,695.450
695.009,695.450
695.009,695.449
695.008,695.449
695.008,695.448
695.008,695.448
695.008,695.448
695.003,695.442
695.003,695.442
695.004,695.443
695.004,695.443
695.004,695.443
695.004,695.443
695.004,695.443
695.004,695.443
695.004,695.444
695.004,695.444
695.004,695.444
695.005,695.444
695.005,695.444
695.009,695.449
695.009,695.449
695.004,695.443
695.004,695.443
695.004,695.444
695.004,695.444
695.004,695.444
695.005,695.444
695.005,695.444
695.005,695.444
695.005,695.444
695.005,695.444
695.005,695.444
695.005,695.444
695.005,695.444
695.005,695.444
695.005,695.444
695.005,695.444
695.005,695.444
695.005,695.444
695.005,695.444
695.005,695.444
695.005,695.444
695.002,695.441
695.003,695.441
695.003,695.441
