# Physical_Baseline=694.40pF, Trigger_Distance=11.5cm, Atten_Ratio=1.32
Raw_Capacitance(pF),Normalized_Capacitance(pF)
694.414,694.418
694.417,694.423
694.416,694.422
694.416,694.421
694.415,694.420
694.410,694.414
694.410,694.413
694.410,694.413
694.414,694.418
694.413,694.418
694.413,694.417
694.408,694.411
694.408,694.411
694.408,694.411
694.408,694.411
694.412,694.416
694.412,694.416
694.411,694.415
694.407,694.410
694.407,694.410
694.407,694.410
694.407,694.410
694.403,694.405
694.404,694.405
694.404,694.406
694.405,694.406
694.405,694.407
694.405,694.407
694.405,694.407
694.406,694.408
694.406,694.408
694.406,694.408
694.406,694.408
694.406,694.409
694.406,694.409
694.407,694.409
694.411,694.415
694.415,694.420
694.406,694.408
694.406,694.408
694.406,694.408
694.406,694.409
694.406,694.409
694.407,694.409
694.407,694.409
694.407,694.409
694.407,694.409
694.411,694.415
694.411,694.415
694.411,694.414
694.410,694.414
694.410,694.413
694.410,694.413
694.406,694.408
694.410,694.413
694.402,694.402
694.402,694.403
694.399,694.399
694.400,694.400
694.401,694.401
694.401,694.402
694.402,694.403
694.402,694.403
694.403,694.404
694.403,694.405
694.396,694.394
694.397,694.396
694.390,694.387
694.391,694.389
694.393,694.391
694.394,694.393
694.396,694.394
694.397,694.396
694.398,694.397
694.391,694.388
694.392,694.390
694.386,694.381
694.384,694.379
694.378,694.371
694.373,694.364
694.376,694.369
694.371,694.362
694.370,694.361
694.374,694.366
694.377,694.370
694.380,694.374
694.383,694.377
694.385,694.381
694.387,694.383
694.389,694.386
694.383,694.378
694.377,694.370
694.372,694.363
694.380,694.373
694.382,694.377
694.377,694.369
694.380,694.373
694.382,694.377
694.385,694.380
694.379,694.372
694.373,694.365
694.373,694.364
694.368,694.358
694.372,694.363
694.375,694.367
694.370,694.361
694.366,694.355
694.370,694.360
694.365,694.354
694.365,694.354
694.361,694.349
694.366,694.355
694.370,694.360
694.365,694.354
694.365,694.354
694.361,694.349
694.358,694.344
694.362,694.350
694.363,694.351
694.367,694.356
694.363,694.351
694.367,694.357
694.363,694.351
694.359,694.346
694.360,694.347
694.364,694.353
694.368,694.358
694.364,694.353
694.364,694.353
694.356,694.342
694.353,694.338
694.358,694.345
694.355,694.340
694.352,694.336
694.345,694.327
694.343,694.325
694.341,694.322
694.347,694.330
694.345,694.327
694.343,694.325
694.345,694.327
694.351,694.335
694.348,694.332
694.346,694.329
694.348,694.331
694.350,694.333
694.355,694.341
694.352,694.337
694.349,694.333
694.351,694.335
694.348,694.332
694.346,694.328
694.344,694.325
694.341,694.323
694.340,694.320
694.342,694.324
694.340,694.321
694.347,694.330
694.344,694.327
694.346,694.329
694.352,694.337
694.349,694.333
694.347,694.330
694.345,694.327
694.342,694.324
694.349,694.332
694.342,694.324
694.349,694.332
694.354,694.340
694.359,694.346
694.364,694.352
694.364,694.353
694.360,694.348
694.357,694.343
694.361,694.349
694.358,694.344
694.359,694.345
694.359,694.346
694.364,694.352
694.360,694.347
694.356,694.343
694.353,694.338
694.350,694.334
694.352,694.336
694.349,694.333
694.346,694.329
694.344,694.326
694.350,694.334
694.348,694.331
694.345,694.328
694.343,694.325
694.345,694.328
694.339,694.320
694.338,694.318
694.328,694.305
694.327,694.304
694.327,694.304
694.327,694.303
694.326,694.303
694.326,694.302
694.330,694.307
694.329,694.306
694.328,694.305
694.328,694.305
694.327,694.304
694.327,694.303
694.326,694.303
694.322,694.297
694.322,694.297
694.322,694.297
694.330,694.308
694.330,694.307
694.337,694.317
694.340,694.321
694.338,694.318
694.337,694.316
694.335,694.315
694.334,694.313
694.337,694.317
694.336,694.315
694.339,694.319
694.337,694.317
694.336,694.315
694.334,694.314
694.341,694.323
694.344,694.326
694.342,694.323
694.340,694.321
694.338,694.319
694.337,694.317
694.335,694.315
694.330,694.308
694.334,694.312
694.333,694.311
694.332,694.310
694.331,694.309
694.338,694.318
694.337,694.316
694.335,694.315
694.334,694.313
694.333,694.312
694.332,694.310
694.331,694.309
694.330,694.308
694.326,694.302
694.321,694.296
694.326,694.302
694.325,694.301
694.325,694.301
694.325,694.301
694.325,694.300
694.320,694.295
694.325,694.301
694.325,694.300
694.324,694.300
694.324,694.300
694.324,694.300
694.324,694.299
694.324,694.299
694.328,694.305
694.331,694.309
694.331,694.308
694.334,694.313
694.333,694.311
694.332,694.310
694.331,694.309
694.330,694.308
694.329,694.307
694.325,694.301
694.325,694.301
694.324,694.300
694.324,694.300
694.324,694.300
694.324,694.300
694.324,694.299
694.328,694.305
694.331,694.310
694.331,694.308
694.330,694.307
694.329,694.306
694.328,694.306
694.328,694.305
694.327,694.304
694.331,694.309
694.330,694.308
694.330,694.307
694.329,694.306
694.328,694.305
694.328,694.305
694.327,694.304
694.327,694.303
694.322,694.298
694.319,694.292
694.319,694.293
694.319,694.293
694.320,694.294
694.320,694.294
694.320,694.294
694.320,694.295
694.312,694.284
694.318,694.291
694.318,694.292
694.318,694.292
694.319,694.293
694.319,694.293
694.319,694.294
694.320,694.294
694.320,694.294
694.324,694.300
694.320,694.295
694.320,694.295
694.321,694.295
694.321,694.296
694.313,694.285
694.306,694.275
694.307,694.278
694.313,694.285
694.310,694.281
694.311,694.283
694.312,694.284
694.313,694.285
694.314,694.286
694.307,694.277
694.308,694.279
694.301,694.270
694.299,694.267
694.302,694.270
694.304,694.273
694.305,694.275
694.307,694.277
694.309,694.279
694.310,694.281
694.311,694.283
694.308,694.279
694.306,694.275
694.307,694.278
694.309,694.279
694.310,694.281
694.311,694.283
694.312,694.284
694.313,694.285
694.310,694.281
694.307,694.278
694.309,694.280
694.310,694.281
694.311,694.283
694.312,694.284
694.313,694.286
694.306,694.276
694.312,694.284
694.313,694.285
694.314,694.286
694.315,694.287
694.315,694.288
694.316,694.289
694.317,694.290
694.309,694.280
694.310,694.282
694.308,694.278
694.313,694.285
694.314,694.286
694.315,694.288
694.316,694.289
694.316,694.289
694.317,694.290
694.313,694.286
694.318,694.292
694.319,694.293
694.319,694.293
694.319,694.294
694.320,694.294
694.320,694.294
694.320,694.295
694.320,694.295
694.321,694.295
694.321,694.295
694.325,694.301
694.325,694.301
694.325,694.301
694.316,694.289
694.317,694.290
694.317,694.291
694.318,694.292
694.318,694.292
694.315,694.288
694.320,694.294
694.320,694.294
694.320,694.295
694.320,694.295
694.321,694.295
694.321,694.295
694.321,694.296
694.313,694.285
694.318,694.292
694.315,694.287
694.315,694.288
694.312,694.284
694.317,694.291
694.318,694.291
694.310,694.281
694.303,694.272
694.305,694.274
694.307,694.277
694.308,694.279
694.309,694.280
694.311,694.282
694.312,694.283
694.309,694.280
694.314,694.287
694.315,694.288
694.316,694.289
694.308,694.279
694.302,694.270
694.304,694.273
694.305,694.275
694.307,694.277
694.313,694.285
694.310,694.281
694.307,694.277
694.308,694.279
694.310,694.281
694.311,694.282
694.304,694.273
694.306,694.275
694.307,694.278
694.309,694.279
694.306,694.276
694.304,694.273
694.305,694.275
694.307,694.277
694.300,694.268
694.302,694.271
694.304,694.274
694.306,694.276
694.308,694.278
694.309,694.280
694.306,694.276
694.312,694.284
694.313,694.285
694.314,694.286
694.315,694.287
694.315,694.288
694.316,694.289
694.317,694.290
694.313,694.286
694.314,694.287
694.315,694.288
694.312,694.284
694.317,694.290
694.318,694.291
694.318,694.292
694.318,694.292
694.319,694.293
694.319,694.293
694.319,694.294
694.320,694.294
694.320,694.294
694.324,694.300
694.320,694.295
694.320,694.295
694.321,694.295
694.313,694.285
694.314,694.286
694.315,694.287
694.315,694.288
694.316,694.289
694.317,694.290
694.313,694.285
694.310,694.281
694.311,694.283
694.317,694.290
694.317,694.291
694.318,694.291
694.318,694.292
694.318,694.292
694.311,694.282
694.312,694.284
694.317,694.290
694.309,694.280
694.307,694.277
694.304,694.274
694.306,694.276
694.308,694.278
694.309,694.280
694.310,694.281
694.303,694.272
694.305,694.275
694.299,694.266
694.301,694.269
694.299,694.267
694.305,694.275
694.307,694.277
694.309,694.279
694.310,694.281
694.311,694.283
694.312,694.284
694.313,694.285
694.314,694.286
694.315,694.288
694.316,694.289
694.312,694.284
694.313,694.285
694.314,694.287
694.315,694.288
694.316,694.289
694.316,694.289
694.317,694.290
694.317,694.291
694.310,694.281
694.307,694.277
694.300,694.268
694.302,694.271
694.296,694.263
694.291,694.256
694.286,694.249
694.289,694.253
694.292,694.258
694.291,694.256
694.290,694.255
694.293,694.259
694.296,694.263
694.299,694.266
694.301,694.269
694.303,694.272
694.305,694.274
694.306,694.276
694.308,694.279
694.305,694.275
694.299,694.266
694.293,694.259
694.296,694.262
694.298,694.266
694.292,694.258
694.295,694.262
694.298,694.265
694.300,694.268
694.302,694.271
694.308,694.279
694.306,694.276
694.307,694.278
694.309,694.280
694.310,694.281
694.311,694.283
694.312,694.284
694.309,694.280
694.311,694.282
694.316,694.289
694.316,694.290
694.309,694.280
694.302,694.271
694.304,694.273
694.298,694.265
694.300,694.268
694.302,694.271
694.304,694.273
694.306,694.276
694.307,694.278
694.305,694.275
694.311,694.282
694.312,694.284
694.313,694.285
694.306,694.276
694.307,694.278
694.309,694.280
694.310,694.281
694.307,694.278
694.305,694.274
694.298,694.266
694.301,694.269
694.303,694.272
694.297,694.263
694.299,694.267
694.301,694.270
694.295,694.261
694.290,694.254
694.289,694.253
694.288,694.252
694.296,694.262
694.298,694.265
694.300,694.268
694.294,694.261
694.297,694.264
694.299,694.267
694.294,694.259
694.292,694.258
694.291,694.256
694.294,694.260
694.293,694.259
694.296,694.262
694.298,694.266
694.292,694.258
694.287,694.251
694.291,694.255
694.286,694.249
694.285,694.248
694.289,694.253
694.288,694.252
694.295,694.262
694.298,694.265
694.292,694.258
694.295,694.261
694.298,694.265
694.300,694.268
694.294,694.260
694.297,694.264
694.299,694.267
694.297,694.265
694.296,694.263
694.298,694.266
694.301,694.269
694.303,694.272
694.297,694.263
694.291,694.256
694.286,694.249
694.289,694.254
694.292,694.258
694.291,694.256
694.286,694.250
694.281,694.243
694.285,694.249
694.289,694.253
694.292,694.258
694.287,694.251
694.290,694.255
694.293,694.259
694.288,694.252
694.283,694.246
694.283,694.245
694.291,694.256
694.290,694.255
694.289,694.253
694.292,694.258
694.295,694.261
694.290,694.254
694.293,694.258
694.296,694.262
694.298,694.265
694.300,694.268
694.302,694.271
694.300,694.269
694.307,694.277
694.308,694.279
694.310,694.281
694.311,694.282
694.312,694.284
694.313,694.285
694.306,694.275
694.299,694.267
694.301,694.270
694.299,694.267
694.298,694.265
694.300,694.268
694.302,694.271
694.296,694.263
694.290,694.255
694.293,694.259
694.296,694.263
694.299,694.266
694.293,694.258
694.296,694.262
694.290,694.255
694.297,694.264
694.300,694.268
694.298,694.265
694.296,694.263
694.299,694.266
694.301,694.269
694.295,694.261
694.290,694.254
694.293,694.258
694.295,694.262
694.298,694.265
694.300,694.268
694.307,694.277
694.308,694.279
694.301,694.270
694.303,694.272
694.297,694.264
694.299,694.267
694.294,694.259
694.296,694.263
694.299,694.266
694.301,694.269
694.295,694.261
694.289,694.254
694.284,694.247
694.280,694.241
694.276,694.236
694.280,694.242
694.284,694.247
694.288,694.252
694.287,694.251
694.287,694.250
694.282,694.244
694.286,694.249
694.289,694.254
694.292,694.258
694.295,694.262
694.290,694.254
694.285,694.248
694.288,694.253
694.288,694.252
694.291,694.256
694.298,694.266
694.300,694.269
694.303,694.271
694.304,694.274
694.306,694.276
694.308,694.278
694.305,694.275
694.303,694.272
694.305,694.274
694.306,694.276
694.308,694.279
694.309,694.280
694.311,694.282
694.304,694.273
694.301,694.270
694.308,694.278
694.309,694.280
694.306,694.276
694.308,694.278
694.309,694.280
694.311,694.282
694.304,694.273
694.305,694.275
694.307,694.277
694.308,694.279
694.310,694.281
694.303,694.272
694.297,694.263
694.295,694.261
694.290,694.254
694.293,694.258
694.296,694.262
694.290,694.255
694.285,694.248
694.280,694.242
694.284,694.247
694.288,694.252
694.291,694.256
694.290,694.255
694.289,694.254
694.293,694.258
694.295,694.262
694.298,694.265
694.300,694.268
694.302,694.271
694.300,694.268
694.302,694.271
694.312,694.284
694.313,694.286
694.314,694.287
694.315,694.288
694.312,694.284
694.309,694.280
694.310,694.281
694.311,694.283
694.312,694.284
694.313,694.286
694.318,694.292
694.319,694.293
694.319,694.293
694.319,694.294
694.312,694.283
694.313,694.285
694.314,694.286
694.319,694.293
694.319,694.293
694.327,694.304
694.327,694.304
694.326,694.303
694.326,694.302
694.326,694.302
694.330,694.307
694.329,694.306
694.328,694.305
694.328,694.305
694.327,694.304
694.327,694.303
694.326,694.303
694.322,694.297
694.318,694.292
694.319,694.293
694.327,694.304
694.327,694.303
694.322,694.297
694.326,694.303
694.326,694.302
694.326,694.302
694.325,694.302
694.325,694.301
694.325,694.301
694.329,694.306
694.328,694.305
694.332,694.310
694.331,694.309
694.330,694.308
694.329,694.307
694.329,694.306
694.332,694.311
694.336,694.315
694.334,694.313
694.337,694.317
694.336,694.315
694.335,694.314
694.333,694.312
694.332,694.311
694.331,694.310
694.331,694.308
694.334,694.313
694.337,694.317
694.340,694.321
694.338,694.318
694.337,694.316
694.335,694.315
694.334,694.313
694.337,694.317
694.336,694.315
694.334,694.314
694.341,694.323
694.340,694.320
694.334,694.313
694.341,694.322
694.339,694.320
694.338,694.318
694.336,694.316
694.331,694.309
694.330,694.308
694.326,694.302
694.321,694.296
694.313,694.286
694.314,694.287
694.315,694.288
694.316,694.289
694.316,694.290
694.317,694.290
694.318,694.291
694.318,694.292
694.315,694.287
694.315,694.288
694.308,694.278
694.309,694.280
694.310,694.282
694.312,694.283
694.313,694.285
694.314,694.286
694.314,694.287
694.319,694.294
694.320,694.294
694.320,694.294
694.320,694.295
694.312,694.284
694.313,694.285
694.314,694.287
694.315,694.288
694.320,694.294
694.320,694.294
694.320,694.295
694.320,694.295
694.321,694.295
694.321,694.295
694.313,694.285
694.306,694.275
694.307,694.277
694.305,694.274
694.306,694.276
694.300,694.268
694.302,694.271
694.304,694.273
694.306,694.275
694.307,694.278
694.313,694.285
694.314,694.286
694.315,694.287
694.315,694.288
694.316,694.289
694.317,694.290
694.317,694.291
694.310,694.281
694.311,694.282
694.308,694.279
694.314,694.286
694.310,694.282
694.312,694.283
694.313,694.285
694.305,694.275
694.307,694.277
694.309,694.279
694.306,694.276
694.307,694.278
694.309,694.280
694.310,694.281
694.311,694.283
694.308,694.279
694.310,694.281
694.315,694.288
694.316,694.289
694.316,694.290
694.317,694.290
694.326,694.302
694.325,694.301
694.321,694.296
694.325,694.302
694.325,694.301
694.325,694.301
694.325,694.300
694.324,694.300
694.324,694.300
694.328,694.305
694.336,694.315
694.335,694.314
694.333,694.312
694.332,694.311
694.331,694.309
694.331,694.308
694.330,694.307
694.325,694.301
694.325,694.301
694.325,694.301
694.324,694.300
694.324,694.300
694.324,694.300
694.320,694.294
694.320,694.295
694.320,694.295
694.321,694.295
694.321,694.295
694.321,694.296
694.317,694.291
694.322,694.297
694.322,694.297
694.322,694.297
694.322,694.297
694.326,694.303
694.330,694.308
694.329,694.307
694.329,694.306
694.328,694.305
694.336,694.315
694.334,694.313
694.329,694.307
694.329,694.306
694.328,694.305
694.327,694.304
694.327,694.304
694.327,694.303
694.326,694.303
694.322,694.297
694.322,694.297
694.322,694.297
694.330,694.308
694.329,694.307
694.329,694.306
694.336,694.316
694.335,694.314
694.330,694.307
694.329,694.306
694.328,694.306
694.328,694.305
694.327,694.304
694.323,694.298
694.319,694.293
694.319,694.294
694.320,694.294
694.328,694.305
694.327,694.304
694.335,694.314
694.334,694.313
694.325,694.301
694.316,694.289
694.317,694.290
694.317,694.291
694.318,694.292
694.323,694.298
694.323,694.298
694.323,694.298
694.323,694.298
694.323,694.298
694.331,694.308
694.334,694.313
694.333,694.312
694.340,694.321
694.338,694.319
694.337,694.317
694.336,694.315
694.334,694.313
694.341,694.323
694.344,694.326
694.346,694.329
694.344,694.326
694.342,694.323
694.340,694.321
694.338,694.318
694.337,694.316
694.335,694.315
694.334,694.313
694.337,694.317
694.336,694.315
694.334,694.314
694.333,694.312
694.332,694.311
694.331,694.309
694.331,694.308
694.330,694.307
694.325,694.301
694.325,694.301
694.325,694.300
694.324,694.300
694.324,694.300
694.328,694.305
694.336,694.315
694.343,694.324
694.349,694.333
694.346,694.329
694.344,694.326
694.346,694.329
694.344,694.326
694.342,694.323
694.348,694.332
694.346,694.328
694.344,694.326
694.342,694.323
694.344,694.326
694.350,694.334
694.356,694.341
694.352,694.337
694.349,694.333
694.343,694.325
694.341,694.322
694.339,694.320
694.338,694.318
694.344,694.327
694.346,694.329
694.344,694.326
694.342,694.324
694.340,694.321
694.338,694.319
694.337,694.317
694.340,694.320
694.338,694.318
694.337,694.316
694.335,694.315
694.342,694.324
694.344,694.327
694.338,694.319
694.337,694.317
694.336,694.315
694.334,694.313
694.337,694.317
694.332,694.310
694.339,694.320
694.346,694.328
694.352,694.336
694.357,694.343
694.358,694.344
694.354,694.340
694.351,694.336
694.349,694.332
694.346,694.329
694.348,694.332
694.346,694.328
694.343,694.325
694.341,694.323
694.340,694.320
694.338,694.318
694.333,694.311
694.332,694.310
694.339,694.319
694.337,694.317
694.344,694.326
694.342,694.323
694.336,694.316
694.343,694.325
694.341,694.322
694.339,694.320
694.334,694.312
694.329,694.306
694.332,694.311
694.339,694.320
694.346,694.329
694.344,694.326
694.342,694.323
694.344,694.326
694.342,694.323
694.340,694.321
694.338,694.319
694.337,694.317
694.340,694.320
694.338,694.318
694.345,694.327
694.343,694.324
694.345,694.327
694.351,694.335
694.356,694.342
694.353,694.338
694.358,694.345
694.351,694.335
694.356,694.342
694.361,694.349
694.358,694.344
694.354,694.340
694.355,694.341
694.356,694.343
694.353,694.338
694.350,694.334
694.348,694.331
694.345,694.328
694.347,694.330
694.345,694.327
694.351,694.335
694.348,694.332
694.354,694.339
694.351,694.335
694.356,694.342
694.361,694.349
694.357,694.344
694.362,694.350
694.358,694.345
694.355,694.341
694.352,694.337
694.357,694.344
694.358,694.345
694.363,694.351
694.367,694.357
694.363,694.351
694.363,694.351
694.367,694.357
694.371,694.362
694.367,694.356
694.370,694.361
694.370,694.361
694.374,694.365
694.369,694.359
694.364,694.353
694.365,694.353
694.369,694.359
694.372,694.364
694.376,694.368
694.371,694.361
694.370,694.361
694.374,694.366
694.369,694.359
694.373,694.364
694.376,694.368
694.375,694.367
694.378,694.371
694.373,694.364
694.376,694.369
694.375,694.367
694.378,694.372
694.373,694.365
694.368,694.358
694.372,694.363
694.371,694.362
694.367,694.356
694.363,694.351
694.367,694.356
694.367,694.356
694.371,694.361
694.374,694.366
694.377,694.370
694.380,694.374
694.379,694.372
694.382,694.376
694.376,694.369
694.371,694.362
694.374,694.366
694.378,694.371
694.380,694.374
694.383,694.378
694.385,694.381
694.379,694.373
694.382,694.377
694.385,694.380
694.387,694.383
694.389,694.385
694.391,694.388
694.392,694.390
694.390,694.387
694.391,694.389
694.385,694.380
694.387,694.383
694.393,694.391
694.386,694.382
694.388,694.385
694.390,694.387
694.384,694.379
694.378,694.371
694.369,694.359
694.372,694.364
694.376,694.368
694.371,694.362
694.366,694.356
694.366,694.356
694.366,694.356
694.370,694.361
694.374,694.366
694.369,694.359
694.365,694.353
694.360,694.348
694.365,694.354
694.369,694.359
694.373,694.364
694.376,694.369
694.379,694.373
694.378,694.371
694.381,694.375
694.375,694.367
694.370,694.361
694.374,694.366
694.377,694.370
694.380,694.374
694.374,694.366
694.374,694.365
694.377,694.370
694.380,694.374
694.374,694.366
694.374,694.365
694.377,694.370
694.380,694.373
694.374,694.366
694.378,694.370
694.376,694.369
694.371,694.362
694.367,694.356
694.371,694.361
694.370,694.361
694.370,694.360
694.365,694.354
694.369,694.360
694.365,694.354
694.365,694.354
694.369,694.359
694.365,694.353
694.361,694.348
694.361,694.349
694.362,694.349
694.358,694.344
694.354,694.340
694.360,694.347
694.360,694.348
694.365,694.353
694.361,694.348
694.357,694.343
694.362,694.350
694.366,694.356
694.366,694.356
694.370,694.361
694.374,694.366
694.377,694.370
694.380,694.374
694.379,694.372
694.369,694.360
694.365,694.354
694.361,694.348
694.365,694.354
694.369,694.360
694.373,694.365
694.368,694.358
694.364,694.352
694.360,694.347
694.365,694.353
694.365,694.353
694.369,694.359
694.364,694.353
694.369,694.359
694.364,694.353
694.360,694.348
694.357,694.343
694.353,694.338
694.350,694.335
694.348,694.331
694.349,694.333
694.351,694.335
694.348,694.332
694.346,694.329
694.344,694.326
694.342,694.323
694.348,694.331
694.354,694.339
694.351,694.335
694.348,694.331
694.354,694.339
694.355,694.340
694.352,694.336
694.357,694.343
694.362,694.350
694.366,694.356
694.370,694.361
694.366,694.355
694.370,694.360
694.373,694.365
694.377,694.369
694.372,694.363
694.375,694.367
694.374,694.366
694.377,694.370
694.372,694.363
694.375,694.368
694.379,694.372
694.381,694.376
694.376,694.368
694.379,694.372
694.373,694.365
694.369,694.359
694.364,694.353
694.368,694.358
694.372,694.363
694.372,694.363
694.367,694.356
694.371,694.362
694.374,694.366
694.378,694.370
694.372,694.363
694.376,694.368
694.379,694.372
694.381,694.376
694.376,694.368
694.371,694.361
694.374,694.366
694.382,694.376
694.384,694.379
694.378,694.371
694.381,694.375
694.384,694.379
694.378,694.371
694.373,694.364
694.376,694.368
694.375,694.367
694.378,694.371
694.373,694.364
694.368,694.358
694.360,694.347
694.356,694.342
694.353,694.338
694.350,694.334
694.347,694.331
694.345,694.328
694.347,694.330
694.345,694.327
694.343,694.324
694.341,694.322
694.343,694.325
694.349,694.333
694.347,694.330
694.344,694.327
694.351,694.335
694.348,694.331
694.350,694.334
694.347,694.330
694.345,694.327
694.351,694.335
694.348,694.331
694.350,694.334
694.347,694.330
694.345,694.327
694.343,694.324
694.349,694.333
694.350,694.335
694.348,694.331
694.345,694.328
694.343,694.325
694.349,694.333
694.351,694.335
694.348,694.332
694.354,694.339
694.359,694.346
694.360,694.347
694.364,694.353
694.368,694.358
694.372,694.363
694.372,694.363
694.375,694.367
694.378,694.371
694.381,694.375
694.384,694.378
694.386,694.381
694.380,694.374
694.383,694.377
694.389,694.386
694.391,694.388
694.384,694.379
694.383,694.377
694.385,694.380
694.387,694.383
694.389,694.386
694.391,694.388
694.389,694.385
694.390,694.387
694.392,694.390
694.394,694.392
694.391,694.388
694.393,694.390
694.394,694.392
694.387,694.383
694.385,694.381
694.387,694.383
694.381,694.375
694.384,694.379
694.382,694.376
694.384,694.380
694.387,694.383
694.381,694.374
694.379,694.373
694.382,694.376
694.376,694.369
694.375,694.368
694.378,694.372
694.373,694.365
694.376,694.369
694.379,694.373
694.374,694.366
694.377,694.370
694.384,694.379
694.378,694.372
694.373,694.365
694.376,694.369
694.375,694.368
694.378,694.372
694.373,694.365
694.368,694.358
694.372,694.363
694.380,694.373
694.374,694.366
694.377,694.370
694.372,694.363
694.372,694.363
694.371,694.362
694.366,694.356
694.370,694.361
694.366,694.355
694.366,694.355
694.362,694.350
694.366,694.355
694.370,694.361
694.366,694.355
694.370,694.360
694.373,694.365
694.368,694.358
694.372,694.363
694.376,694.368
694.379,694.372
694.381,694.376
694.388,694.384
694.386,694.382
694.388,694.384
694.390,694.387
694.392,694.389
694.393,694.391
694.395,694.393
694.396,694.395
694.397,694.396
694.398,694.398
694.399,694.399
694.400,694.400
694.405,694.406
694.405,694.407
694.405,694.407
694.401,694.402
694.402,694.403
694.403,694.404
694.403,694.404
694.408,694.410
694.408,694.410
694.408,694.410
694.404,694.405
694.396,694.395
694.389,694.386
694.391,694.388
694.392,694.390
694.386,694.381
694.388,694.384
694.382,694.376
694.380,694.374
694.383,694.377
694.385,694.381
694.387,694.383
694.389,694.386
694.383,694.378
694.385,694.381
694.387,694.384
694.385,694.381
694.379,694.373
694.382,694.376
694.385,694.380
694.383,694.377
694.381,694.375
694.376,694.368
694.371,694.361
694.370,694.361
694.366,694.355
694.370,694.360
694.365,694.354
694.365,694.354
694.365,694.354
694.361,694.349
694.358,694.344
694.354,694.340
694.355,694.341
694.360,694.348
694.365,694.354
694.369,694.359
694.365,694.353
694.365,694.354
694.361,694.348
694.357,694.343
694.354,694.339
694.355,694.341
694.352,694.337
694.349,694.333
694.347,694.330
694.352,694.337
694.349,694.333
694.351,694.335
694.356,694.343
694.361,694.349
694.358,694.344
694.358,694.345
694.363,694.351
694.367,694.357
694.371,694.362
694.375,694.367
694.374,694.366
694.377,694.370
694.372,694.363
694.375,694.368
694.378,694.372
694.381,694.375
694.380,694.374
694.383,694.377
694.385,694.380
694.387,694.383
694.385,694.381
694.387,694.383
694.389,694.386
694.383,694.378
694.377,694.370
694.376,694.369
694.371,694.362
694.374,694.366
694.370,694.360
694.369,694.359
694.365,694.354
694.361,694.348
694.365,694.354
694.361,694.349
694.366,694.355
694.370,694.360
694.373,694.365
694.377,694.369
694.371,694.362
694.367,694.356
694.371,694.361
694.374,694.366
694.377,694.370
694.380,694.374
694.379,694.372
694.382,694.376
694.376,694.369
694.375,694.367
694.378,694.371
694.381,694.375
694.384,694.379
694.386,694.382
694.388,694.384
694.390,694.387
694.383,694.378
694.382,694.376
694.384,694.379
694.378,694.372
694.381,694.375
694.388,694.384
694.390,694.387
694.383,694.378
694.378,694.371
694.372,694.364
694.376,694.368
694.379,694.372
694.381,694.376
694.380,694.374
694.375,694.366
694.370,694.360
694.373,694.365
694.373,694.364
694.376,694.368
694.371,694.362
694.366,694.356
694.370,694.361
694.370,694.360
694.373,694.365
694.369,694.359
694.368,694.358
694.372,694.363
694.375,694.368
694.379,694.372
694.381,694.376
694.384,694.379
694.386,694.382
694.388,694.385
694.386,694.382
694.388,694.385
694.390,694.387
694.384,694.379
694.386,694.382
694.384,694.379
694.386,694.382
694.388,694.385
694.382,694.376
694.381,694.374
694.383,694.378
694.377,694.370
694.380,694.374
694.383,694.377
694.389,694.386
694.391,694.388
694.385,694.380
694.383,694.377
694.385,694.381
694.387,694.383
694.389,694.386
694.383,694.378
694.381,694.376
694.376,694.368
694.379,694.372
694.382,694.376
694.380,694.374
694.383,694.377
694.385,694.380
694.387,694.383
694.381,694.375
694.384,694.379
694.382,694.376
694.384,694.380
694.387,694.382
694.380,694.374
694.375,694.367
694.374,694.366
694.377,694.370
694.372,694.363
694.367,694.357
694.367,694.357
694.371,694.362
694.375,694.367
694.378,694.371
694.381,694.375
694.375,694.367
694.378,694.371
694.381,694.375
694.388,694.384
694.390,694.386
694.383,694.378
694.390,694.387
694.387,694.384
694.389,694.386
694.383,694.378
694.377,694.370
694.376,694.369
694.379,694.373
694.382,694.376
694.376,694.369
694.379,694.373
694.386,694.382
694.380,694.374
694.383,694.377
694.377,694.370
694.380,694.374
694.383,694.377
694.385,694.380
694.383,694.378
694.390,694.386
694.391,694.389
694.385,694.380
694.391,694.388
694.385,694.380
694.387,694.383
694.389,694.385
694.387,694.383
694.385,694.380
694.387,694.383
694.389,694.386
694.391,694.388
694.392,694.390
694.386,694.381
694.388,694.384
694.386,694.381
694.388,694.384
694.390,694.387
694.383,694.378
694.382,694.376
694.384,694.379
694.386,694.382
694.380,694.374
694.371,694.362
694.374,694.366
694.378,694.371
694.372,694.364
694.376,694.368
694.379,694.372
694.373,694.365
694.369,694.359
694.372,694.363
694.372,694.363
694.371,694.362
694.375,694.367
694.378,694.371
694.381,694.375
694.379,694.373
694.382,694.376
694.376,694.369
694.379,694.373
694.374,694.366
694.377,694.370
694.380,694.374
694.383,694.377
694.381,694.375
694.384,694.379
694.386,694.382
694.384,694.379
694.386,694.382
694.388,694.385
694.390,694.387
694.396,694.395
694.389,694.386
694.391,694.388
694.397,694.396
694.390,694.386
694.391,694.389
694.385,694.380
694.387,694.383
694.385,694.380
694.379,694.372
694.374,694.365
694.377,694.370
694.384,694.379
694.386,694.382
694.388,694.385
694.390,694.387
694.392,694.389
694.389,694.386
694.391,694.388
694.393,694.391
694.390,694.387
694.392,694.389
694.393,694.391
694.395,694.393
694.388,694.384
694.382,694.376
694.384,694.379
694.378,694.371
694.377,694.370
694.380,694.374
694.375,694.366
694.370,694.360
694.373,694.365
694.373,694.364
694.376,694.368
694.379,694.372
694.382,694.376
694.384,694.379
694.386,694.382
694.388,694.385
694.390,694.387
694.392,694.390
694.393,694.392
694.395,694.393
694.396,694.395
694.397,694.396
694.398,694.398
694.391,694.388
694.384,694.380
694.383,694.377
694.385,694.381
694.387,694.383
694.393,694.391
694.395,694.393
694.396,694.395
694.393,694.391
694.391,694.388
694.392,694.390
694.394,694.392
694.395,694.394
694.392,694.390
694.394,694.392
694.395,694.394
694.400,694.401
694.397,694.397
694.398,694.398
694.399,694.399
694.396,694.395
694.397,694.396
694.390,694.387
694.388,694.384
694.390,694.387
694.391,694.389
694.393,694.391
694.386,694.382
694.388,694.385
694.390,694.387
694.392,694.389
694.397,694.397
694.390,694.387
694.392,694.390
694.393,694.392
694.391,694.388
694.393,694.390
694.394,694.392
694.395,694.394
694.396,694.396
694.398,694.397
694.399,694.398
694.391,694.389
694.393,694.391
694.394,694.393
694.392,694.389
694.393,694.391
694.395,694.393
694.392,694.389
694.393,694.391
694.395,694.393
694.396,694.395
694.393,694.391
694.386,694.382
694.388,694.385
694.390,694.387
694.388,694.384
694.382,694.376
694.384,694.379
694.378,694.372
694.373,694.365
694.376,694.369
694.379,694.373
694.382,694.376
694.389,694.385
694.391,694.388
694.392,694.390
694.394,694.392
694.399,694.399
694.400,694.400
694.401,694.401
694.406,694.407
694.406,694.408
694.406,694.408
694.406,694.408
694.406,694.409
694.406,694.409
694.403,694.404
694.403,694.404
694.404,694.405
694.400,694.400
694.401,694.401
694.401,694.402
694.402,694.403
694.407,694.409
694.407,694.409
694.399,694.399
694.400,694.400
694.392,694.390
694.394,694.392
694.395,694.394
694.396,694.395
694.397,694.397
694.398,694.398
694.395,694.394
694.397,694.396
694.398,694.397
694.391,694.388
694.392,694.390
694.385,694.381
694.388,694.384
694.386,694.381
694.388,694.384
694.390,694.387
694.391,694.389
694.393,694.391
694.394,694.393
694.396,694.394
694.401,694.401
694.402,694.402
694.402,694.403
694.403,694.404
694.403,694.405
694.404,694.405
694.396,694.395
694.401,694.402
694.402,694.403
694.402,694.403
694.395,694.393
694.392,694.390
694.394,694.392
694.387,694.383
694.393,694.391
694.394,694.393
694.396,694.394
694.401,694.401
694.406,694.408
694.406,694.408
694.406,694.408
694.406,694.409
694.406,694.409
694.398,694.398
694.395,694.394
694.397,694.396
694.398,694.397
694.399,694.398
694.404,694.405
694.404,694.405
694.404,694.406
694.405,694.406
694.405,694.407
694.405,694.407
694.405,694.407
694.406,694.408
694.406,694.408
694.406,694.408
694.406,694.408
694.406,694.409
694.406,694.409
694.407,694.409
694.407,694.409
694.407,694.409
694.407,694.409
694.415,694.420
694.410,694.414
694.402,694.403
694.395,694.393
694.392,694.389
694.393,694.391
694.387,694.382
694.389,694.385
694.382,694.377
694.381,694.375
694.375,694.367
694.378,694.372
694.385,694.381
694.379,694.373
694.382,694.376
694.384,694.380
694.387,694.383
694.389,694.385
694.391,694.388
694.392,694.390
694.394,694.392
694.395,694.394
694.396,694.395
694.397,694.397
694.394,694.393
694.396,694.394
694.389,694.385
694.387,694.382
694.389,694.385
694.390,694.387
694.388,694.384
694.394,694.392
694.395,694.394
694.397,694.396
694.402,694.403
694.402,694.403
694.403,694.404
694.399,694.399
694.400,694.400
694.401,694.401
694.402,694.402
694.394,694.392
694.395,694.394
694.396,694.396
694.398,694.397
694.399,694.398
694.399,694.399
694.400,694.400
694.401,694.401
694.402,694.402
694.402,694.403
694.403,694.404
694.403,694.405
694.404,694.405
694.404,694.406
694.400,694.401
694.397,694.397
694.398,694.398
694.399,694.399
694.396,694.395
694.397,694.396
694.398,694.398
694.395,694.394
694.396,694.395
694.397,694.397
694.398,694.398
694.391,694.389
694.393,694.391
694.394,694.392
694.387,694.383
694.381,694.375
694.384,694.379
694.386,694.382
694.380,694.374
694.383,694.377
694.385,694.380
694.383,694.378
694.385,694.381
694.388,694.384
694.390,694.386
694.391,694.389
694.393,694.391
694.394,694.393
694.396,694.394
694.397,694.396
694.398,694.397
694.399,694.398
694.400,694.400
694.400,694.401
694.393,694.391
694.394,694.393
694.392,694.389
694.393,694.391
694.395,694.393
694.396,694.395
694.389,694.386
694.387,694.383
694.389,694.385
694.391,694.388
694.392,694.390
694.398,694.397
694.399,694.399
694.400,694.400
694.405,694.406
694.405,694.407
694.405,694.407
694.405,694.407
694.402,694.402
694.394,694.392
694.395,694.394
694.393,694.391
694.394,694.392
694.387,694.383
694.381,694.375
694.384,694.379
694.382,694.376
694.384,694.380
694.387,694.383
694.389,694.385
694.391,694.388
694.392,694.390
694.394,694.392
694.395,694.394
694.396,694.395
694.389,694.386
694.391,694.388
694.393,694.390
694.394,694.392
694.395,694.394
694.393,694.390
694.394,694.392
694.387,694.383
694.389,694.386
694.395,694.394
694.396,694.395
694.397,694.397
694.403,694.404
694.403,694.404
694.403,694.405
694.404,694.405
694.400,694.401
694.401,694.402
694.402,694.402
694.398,694.398
694.399,694.399
694.400,694.400
694.397,694.396
694.390,694.387
694.391,694.389
694.393,694.391
694.386,694.382
694.384,694.379
694.387,694.382
694.389,694.385
694.386,694.382
694.388,694.385
694.390,694.387
694.392,694.390
694.390,694.386
694.391,694.389
694.393,694.391
694.394,694.393
694.392,694.389
694.393,694.391
694.394,694.393
694.388,694.384
694.386,694.381
694.388,694.384
694.390,694.387
694.396,694.394
694.397,694.396
694.398,694.397
694.395,694.393
694.392,694.390
694.402,694.402
694.402,694.403
694.407,694.409
694.407,694.410
694.407,694.410
694.407,694.410
694.407,694.410
694.407,694.410
694.407,694.410
694.407,694.410
694.407,694.410
694.407,694.410
694.412,694.416
694.411,694.415
694.411,694.415
694.411,694.414
694.415,694.419
694.414,694.419
694.413,694.418
694.417,694.423
694.416,694.421
694.415,694.420
694.414,694.419
694.406,694.408
694.406,694.408
694.406,694.408
694.402,694.403
694.403,694.404
694.403,694.405
694.404,694.405
694.404,694.406
694.404,694.406
694.405,694.407
694.401,694.402
694.402,694.402
694.394,694.392
694.395,694.394
694.397,694.396
694.398,694.397
694.399,694.398
694.399,694.399
694.400,694.401
694.401,694.402
694.398,694.397
694.399,694.398
694.400,694.400
694.404,694.406
694.405,694.407
694.405,694.407
694.397,694.397
694.394,694.393
694.396,694.394
694.397,694.396
694.402,694.403
694.402,694.403
694.403,694.404
694.395,694.394
694.393,694.390
694.394,694.392
694.395,694.394
694.388,694.385
694.386,694.382
694.388,694.385
694.390,694.387
694.384,694.379
694.382,694.376
694.385,694.380
694.387,694.383
694.389,694.385
694.391,694.388
694.392,694.390
694.394,694.392
694.399,694.399
694.400,694.400
694.401,694.401
694.401,694.402
694.406,694.408
694.406,694.409
694.406,694.409
694.403,694.404
694.403,694.404
694.412,694.416
694.411,694.415
694.415,694.420
694.414,694.419
694.414,694.418
694.409,694.412
694.409,694.412
694.401,694.401
694.402,694.402
694.406,694.409
694.406,694.409
694.407,694.409
694.407,694.409
694.403,694.404
694.403,694.405
694.412,694.416
694.416,694.421
694.415,694.420
694.414,694.419
694.414,694.418
694.413,694.418
694.413,694.417
694.412,694.416
694.420,694.426
694.419,694.425
694.418,694.424
694.417,694.422
694.416,694.421
694.423,694.431
694.426,694.434
694.424,694.432
694.423,694.430
694.417,694.423
694.416,694.422
694.416,694.421
694.415,694.420
694.418,694.424
694.417,694.423
694.416,694.422
694.416,694.421
694.415,694.420
694.414,694.419
694.414,694.418
694.413,694.417
694.413,694.417
694.420,694.427
694.419,694.425
694.418,694.424
694.413,694.417
694.421,694.428
694.428,694.437
694.426,694.434
694.428,694.437
694.426,694.435
694.432,694.443
694.422,694.429
694.421,694.428
694.419,694.426
694.422,694.430
694.417,694.423
694.416,694.422
694.415,694.421
694.419,694.425
694.418,694.424
694.417,694.422
694.416,694.421
694.415,694.420
694.414,694.419
694.414,694.418
694.413,694.418
694.413,694.417
694.412,694.416
694.412,694.416
694.411,694.415
694.411,694.415
694.411,694.414
694.410,694.414
694.402,694.403
694.407,694.409
694.407,694.409
694.407,694.409
694.407,694.410
694.407,694.410
694.407,694.410
694.399,694.399
694.392,694.389
694.398,694.397
694.390,694.387
694.392,694.390
694.394,694.392
694.399,694.399
694.400,694.400
694.401,694.401
694.401,694.402
694.406,694.408
694.406,694.408
694.398,694.398
694.403,694.405
694.404,694.405
694.412,694.416
694.408,694.411
694.412,694.416
694.412,694.415
694.411,694.415
694.411,694.415
694.411,694.414
694.410,694.414
694.402,694.403
694.394,694.393
694.396,694.394
694.397,694.396
694.398,694.397
694.391,694.388
694.392,694.390
694.398,694.397
694.399,694.399
694.400,694.400
694.405,694.406
694.409,694.412
694.409,694.412
694.409,694.412
694.413,694.417
694.412,694.417
694.412,694.416
694.403,694.405
694.396,694.395
694.397,694.396
694.398,694.397
694.399,694.399
694.400,694.400
694.401,694.401
694.401,694.402
694.402,694.403
694.402,694.403
694.403,694.404
694.407,694.410
694.407,694.410
694.407,694.410
694.399,694.399
694.400,694.400
694.393,694.391
694.394,694.392
694.395,694.394
694.397,694.396
694.398,694.397
694.399,694.398
694.396,694.394
694.397,694.396
694.390,694.387
694.396,694.394
694.389,694.385
694.390,694.387
694.392,694.390
694.394,694.392
694.387,694.383
694.389,694.385
694.391,694.388
694.388,694.385
694.390,694.387
694.384,694.379
694.378,694.371
694.373,694.364
694.372,694.363
694.375,694.368
694.370,694.361
694.366,694.355
694.366,694.355
694.362,694.350
694.358,694.345
694.355,694.340
694.352,694.336
694.349,694.333
694.342,694.324
694.341,694.322
694.347,694.330
694.345,694.327
694.342,694.324
694.345,694.327
694.343,694.324
694.349,694.333
694.346,694.329
694.352,694.337
694.357,694.344
694.362,694.350
694.371,694.361
694.374,694.366
694.369,694.360
694.373,694.364
694.380,694.374
694.383,694.378
694.385,694.381
694.392,694.389
694.393,694.391
694.387,694.382
694.380,694.374
694.383,694.378
694.381,694.376
694.384,694.379
694.378,694.371
694.373,694.364
694.368,694.358
694.372,694.363
694.363,694.352
694.367,694.357
694.371,694.362
694.375,694.367
694.374,694.366
694.369,694.359
694.373,694.364
694.368,694.358
694.364,694.352
694.364,694.352
694.368,694.358
694.364,694.352
694.368,694.358
694.376,694.368
694.379,694.372
694.382,694.376
694.384,694.379
694.382,694.377
694.377,694.369
694.380,694.373
694.374,694.366
694.373,694.365
694.377,694.369
694.380,694.373
694.374,694.366
694.369,694.360
694.365,694.354
694.365,694.354
694.361,694.348
694.365,694.354
694.361,694.349
694.366,694.355
694.366,694.355
694.370,694.360
694.365,694.354
694.361,694.349
694.357,694.344
694.358,694.345
694.355,694.341
694.360,694.347
694.365,694.353
694.360,694.348
694.361,694.349
694.365,694.355
694.370,694.360
694.365,694.354
694.365,694.354
694.361,694.349
694.357,694.344
694.354,694.339
694.351,694.335
694.348,694.332
694.354,694.339
694.351,694.335
694.356,694.343
694.353,694.338
694.346,694.329
694.348,694.332
694.350,694.334
694.347,694.330
694.345,694.327
694.343,694.325
694.345,694.327
694.351,694.335
694.348,694.332
694.346,694.329
694.344,694.326
694.342,694.323
694.344,694.326
694.342,694.323
694.340,694.321
694.338,694.319
694.333,694.312
694.336,694.316
694.339,694.320
694.337,694.317
694.336,694.316
694.343,694.325
694.341,694.322
694.339,694.320
694.334,694.312
694.333,694.311
694.328,694.305
694.327,694.304
694.327,694.303
694.326,694.303
694.326,694.302
694.326,694.302
694.333,694.312
694.337,694.316
694.335,694.315
694.334,694.313
694.333,694.311
694.332,694.310
694.331,694.309
694.330,694.308
694.334,694.312
694.333,694.311
694.332,694.310
694.339,694.319
694.337,694.317
694.336,694.315
694.335,694.314
694.338,694.318
694.336,694.316
694.335,694.314
694.334,694.312
694.324,694.300
694.324,694.300
694.324,694.300
694.320,694.294
694.324,694.300
694.324,694.300
694.324,694.300
694.324,694.300
694.324,694.299
694.324,694.299
694.324,694.299
694.323,694.299
694.328,694.304
694.327,694.304
694.335,694.314
694.334,694.312
694.333,694.311
694.332,694.310
694.331,694.309
694.326,694.302
694.326,694.302
694.325,694.301
694.325,694.301
694.325,694.301
694.316,694.290
694.317,694.290
694.318,694.291
694.322,694.297
694.322,694.297
694.314,694.286
694.315,694.288
694.307,694.278
694.301,694.269
694.303,694.272
694.305,694.274
694.306,694.276
694.304,694.273
694.298,694.265
694.300,694.268
694.302,694.271
694.296,694.263
694.299,694.266
694.309,694.280
694.310,694.281
694.315,694.288
694.320,694.295
694.320,694.295
694.321,694.295
694.321,694.296
694.313,694.285
694.314,694.286
694.306,694.276
694.308,694.279
694.314,694.286
694.310,694.282
694.312,694.283
694.313,694.285
694.314,694.286
694.306,694.276
694.308,694.278
694.301,694.269
694.303,694.272
694.309,694.280
694.310,694.282
694.312,694.283
694.313,694.285
694.313,694.286
694.314,694.287
694.315,694.288
694.316,694.289
694.316,694.290
694.321,694.296
694.321,694.296
694.321,694.296
694.322,694.296
694.322,694.297
694.322,694.297
694.314,694.286
694.314,694.287
694.315,694.288
694.320,694.294
694.316,694.290
694.313,694.285
694.314,694.286
694.319,694.293
694.319,694.293
694.320,694.294
694.312,694.283
694.313,694.285
694.314,694.286
694.311,694.282
694.304,694.273
694.301,694.270
694.303,694.272
694.305,694.275
694.307,694.277
694.308,694.279
694.310,694.281
694.303,694.272
694.305,694.274
694.306,694.276
694.308,694.278
694.313,694.286
694.306,694.276
694.308,694.278
694.309,694.280
694.310,694.282
694.312,694.283
694.313,694.285
694.314,694.286
694.314,694.287
694.315,694.288
694.316,694.289
694.308,694.279
694.310,694.281
694.303,694.272
694.305,694.274
694.298,694.266
694.301,694.269
694.299,694.266
694.297,694.264
694.299,694.267
694.294,694.259
694.288,694.252
694.283,694.246
694.287,694.251
694.290,694.255
694.285,694.249
694.281,694.243
694.277,694.237
694.273,694.232
694.269,694.227
694.279,694.240
694.279,694.240
694.275,694.235
694.276,694.236
694.284,694.247
694.284,694.247
694.287,694.251
694.283,694.245
694.286,694.250
694.290,694.255
694.293,694.259
694.288,694.252
694.291,694.256
694.294,694.260
694.297,694.263
694.299,694.267
694.301,694.270
694.303,694.272
694.305,694.275
694.307,694.277
694.300,694.268
694.298,694.266
694.297,694.263
694.295,694.262
694.290,694.254
694.285,694.248
694.280,694.242
694.284,694.247
694.288,694.252
694.283,694.245
694.287,694.250
694.290,694.255
694.293,694.259
694.288,694.252
694.295,694.262
694.294,694.260
694.293,694.258
694.292,694.257
694.295,694.261
694.289,694.253
694.292,694.258
694.287,694.251
694.282,694.244
694.286,694.250
694.290,694.254
694.293,694.258
694.287,694.251
694.291,694.256
694.286,694.249
694.281,694.243
694.277,694.237
694.273,694.232
694.278,694.238
694.278,694.239
694.278,694.239
694.279,694.240
694.271,694.229
694.272,694.230
694.276,694.237
694.273,694.232
694.274,694.233
694.278,694.239
694.274,694.234
694.279,694.240
694.275,694.235
694.279,694.241
694.284,694.246
694.279,694.240
694.275,694.235
694.271,694.230
694.268,694.226
694.273,694.233
694.270,694.228
694.271,694.230
694.264,694.220
694.261,694.217
694.263,694.219
694.265,694.222
694.266,694.224
694.268,694.225
694.269,694.227
694.266,694.223
694.263,694.219
694.261,694.216
694.259,694.213
694.253,694.205
694.247,694.198
694.250,694.202
694.253,694.206
694.256,694.210
694.250,694.202
694.245,694.195
694.249,694.200
694.247,694.198
694.243,694.192
694.246,694.197
694.250,694.201
694.253,694.205
694.255,694.209
694.258,694.212
694.260,694.215
694.254,694.207
694.256,694.210
694.251,694.203
694.246,694.196
694.241,694.190
694.245,694.195
694.248,694.199
694.251,694.204
694.246,694.197
694.249,694.201
694.252,694.205
694.255,694.209
694.253,694.206
694.252,694.204
694.250,694.202
694.249,694.201
694.256,694.210
694.262,694.218
694.260,694.215
694.266,694.223
694.263,694.219
694.261,694.216
694.258,694.213
694.256,694.210
694.255,694.208
694.253,694.206
694.251,694.204
694.258,694.213
694.256,694.210
694.262,694.218
694.260,694.215
694.258,694.212
694.256,694.210
694.258,694.213
694.264,694.221
694.262,694.217
694.264,694.220
694.265,694.222
694.267,694.224
694.268,694.226
694.265,694.222
694.262,694.218
694.264,694.221
694.266,694.223
694.267,694.225
694.264,694.221
694.262,694.217
694.268,694.225
694.265,694.221
694.262,694.218
694.260,694.215
694.266,694.222
694.271,694.230
694.276,694.236
694.272,694.231
694.269,694.227
694.274,694.234
694.275,694.234
694.275,694.235
694.280,694.241
694.280,694.241
694.280,694.242
694.284,694.247
694.280,694.241
694.284,694.246
694.287,694.251
694.283,694.245
694.286,694.250
694.290,694.254
694.285,694.248
694.280,694.242
694.284,694.247
694.280,694.241
694.280,694.241
694.280,694.242
694.284,694.247
694.288,694.252
694.287,694.251
694.287,694.250
694.286,694.250
694.290,694.254
694.285,694.248
694.288,694.252
694.283,694.246
694.279,694.240
694.275,694.235
694.279,694.241
694.284,694.246
694.279,694.240
694.283,694.246
694.279,694.240
694.283,694.245
694.287,694.250
694.282,694.244
694.278,694.239
694.274,694.233
694.275,694.234
694.275,694.235
694.276,694.236
694.276,694.237
694.277,694.237
694.277,694.238
694.269,694.228
694.266,694.223
694.272,694.230
694.268,694.226
694.265,694.222
694.263,694.219
694.260,694.215
694.258,694.212
694.256,694.210
694.254,694.207
694.253,694.205
694.251,694.203
694.258,694.212
694.256,694.210
694.262,694.218
694.268,694.226
694.265,694.222
694.271,694.229
694.267,694.225
694.269,694.226
694.270,694.228
694.275,694.235
694.279,694.241
694.275,694.235
694.280,694.241
694.276,694.236
694.280,694.242
694.276,694.236
694.280,694.242
694.276,694.237
694.273,694.232
694.269,694.227
694.266,694.223
694.272,694.230
694.276,694.237
694.281,694.243
694.277,694.237
694.273,694.232
694.269,694.227
694.271,694.229
694.275,694.235
694.276,694.236
694.276,694.237
694.277,694.237
694.277,694.238
694.273,694.233
694.270,694.228
694.267,694.224
694.268,694.226
694.265,694.222
694.271,694.229
694.276,694.236
694.280,694.242
694.276,694.236
694.280,694.242
694.284,694.247
694.280,694.241
694.276,694.236
694.272,694.231
694.269,694.227
694.266,694.223
694.263,694.219
694.261,694.216
694.266,694.224
694.264,694.220
694.261,694.217
694.259,694.214
694.265,694.222
694.262,694.218
694.268,694.226
694.265,694.222
694.262,694.218
694.260,694.215
694.258,694.212
694.256,694.210
694.254,694.207
694.252,694.205
694.251,694.203
694.258,694.212
694.264,694.220
694.261,694.217
694.259,694.214
694.257,694.211
694.255,694.209
694.253,694.206
694.252,694.204
694.250,694.202
694.249,694.201
694.248,694.199
694.247,694.198
694.246,694.197
694.245,694.195
694.244,694.194
694.244,694.194
694.251,694.203
694.250,694.202
694.245,694.195
694.248,694.199
694.243,694.193
694.247,694.198
694.242,694.191
694.246,694.196
694.241,694.190
694.245,694.195
694.248,694.200
694.251,694.204
694.246,694.197
694.241,694.190
694.237,694.185
694.237,694.185
694.233,694.180
694.238,694.186
694.242,694.191
694.238,694.185
694.242,694.191
694.249,694.201
694.248,694.199
694.247,694.198
694.246,694.197
694.245,694.196
694.249,694.200
694.252,694.204
694.247,694.197
694.246,694.196
694.249,694.200
694.252,694.204
694.255,694.208
694.257,694.211
694.260,694.214
694.257,694.212
694.255,694.209
694.254,694.207
694.260,694.215
694.258,694.212
694.264,694.220
694.262,694.217
694.259,694.214
694.257,694.211
694.263,694.219
694.261,694.216
694.259,694.213
694.257,694.210
694.255,694.208
694.253,694.206
694.252,694.204
694.250,694.202
694.249,694.200
694.248,694.199
694.255,694.208
694.261,694.217
694.259,694.214
694.257,694.211
694.263,694.219
694.269,694.227
694.274,694.233
694.279,694.240
694.275,694.234
694.271,694.230
694.268,694.225
694.265,694.221
694.262,694.218
694.260,694.215
694.258,694.212
694.264,694.220
694.269,694.227
694.266,694.223
694.264,694.220
694.261,694.216
694.267,694.224
694.264,694.220
694.261,694.217
694.259,694.214
694.261,694.217
694.267,694.224
694.272,694.231
694.269,694.227
694.270,694.228
694.271,694.230
694.268,694.225
694.265,694.222
694.262,694.218
694.260,694.215
694.266,694.223
694.263,694.219
694.261,694.216
694.266,694.224
694.264,694.220
694.261,694.217
694.259,694.214
694.257,694.211
694.263,694.219
694.269,694.227
694.266,694.223
694.263,694.219
694.260,694.216
694.258,694.213
694.264,694.221
694.262,694.217
694.259,694.214
694.257,694.211
694.255,694.209
694.254,694.207
694.252,694.204
694.255,694.208
694.261,694.217
694.259,694.214
694.265,694.222
694.262,694.218
694.268,694.226
694.265,694.222
694.262,694.218
694.268,694.226
694.265,694.222
694.263,694.218
694.260,694.215
694.258,694.212
694.256,694.210
694.254,694.207
694.253,694.205
694.251,694.203
694.250,694.201
694.257,694.211
694.263,694.219
694.269,694.226
694.266,694.222
694.263,694.219
694.260,694.216
694.258,694.213
694.256,694.210
694.254,694.208
694.261,694.216
694.255,694.208
694.253,694.206
694.252,694.204
694.250,694.202
694.257,694.211
694.263,694.219
694.269,694.227
694.266,694.223
694.267,694.225
694.264,694.221
694.270,694.228
694.267,694.224
694.264,694.220
694.261,694.217
694.259,694.214
694.261,694.217
694.263,694.219
694.261,694.216
694.258,694.213
694.256,694.210
694.254,694.208
694.253,694.206
694.251,694.204
694.250,694.202
694.249,694.200
694.248,694.199
694.247,694.197
694.246,694.196
694.245,694.195
694.244,694.194
694.252,694.204
694.250,694.202
694.249,694.200
694.248,694.199
694.247,694.198
694.246,694.196
694.245,694.195
694.244,694.194
694.252,694.204
694.250,694.202
694.257,694.211
694.255,694.209
694.254,694.207
694.244,694.194
694.243,694.193
694.243,694.192
694.242,694.191
694.242,694.191
694.241,694.190
694.249,694.200
694.256,694.210
694.254,694.207
694.252,694.205
694.259,694.214
694.257,694.211
694.255,694.209
694.253,694.206
694.260,694.215
694.258,694.212
694.256,694.210
694.254,694.207
694.261,694.216
694.258,694.213
694.264,694.221
694.262,694.217
694.259,694.214
694.257,694.212
694.255,694.209
694.254,694.207
694.252,694.204
694.251,694.203
694.249,694.201
694.248,694.199
694.247,694.198
694.246,694.197
694.245,694.196
694.253,694.205
694.251,694.203
694.250,694.202
694.249,694.200
694.247,694.199
694.247,694.197
694.246,694.196
694.245,694.195
694.252,694.205
694.251,694.203
694.249,694.201
694.248,694.200
694.247,694.198
694.246,694.197
694.245,694.196
694.245,694.195
694.248,694.199
694.251,694.203
694.246,694.196
694.241,694.190
694.249,694.200
694.248,694.199
694.247,694.198
694.246,694.196
694.245,694.195
694.248,694.200
694.247,694.198
694.254,694.208
694.253,694.206
694.251,694.204
694.250,694.202
694.249,694.200
694.256,694.209
694.254,694.207
694.252,694.205
694.251,694.203
694.258,694.212
694.256,694.209
694.254,694.207
694.252,694.205
694.251,694.203
694.250,694.201
694.248,694.200
694.247,694.198
694.246,694.197
694.254,694.207
694.252,694.204
694.251,694.203
694.257,694.212
694.255,694.209
694.254,694.207
694.252,694.205
694.251,694.203
694.249,694.201
694.248,694.199
694.247,694.198
694.246,694.197
694.245,694.196
694.245,694.195
694.244,694.194
694.243,694.193
694.243,694.192
694.242,694.191
694.250,694.201
694.248,694.200
694.247,694.198
694.246,694.197
694.245,694.196
694.245,694.195
694.244,694.194
694.243,694.193
694.251,694.203
694.250,694.201
694.248,694.200
694.247,694.198
694.246,694.197
694.245,694.196
694.245,694.195
694.244,694.194
694.243,694.193
694.243,694.192
694.242,694.191
694.242,694.191
694.241,694.190
694.241,694.190
694.240,694.189
694.240,694.189
694.240,694.188
694.240,694.188
694.239,694.188
694.247,694.198
694.246,694.197
694.245,694.196
694.253,694.205
694.259,694.214
694.257,694.211
694.255,694.209
694.254,694.207
694.252,694.204
694.251,694.203
694.249,694.201
694.248,694.199
694.247,694.198
694.246,694.197
694.253,694.206
694.252,694.204
694.250,694.202
694.249,694.201
694.248,694.199
694.243,694.193
694.243,694.192
694.242,694.191
694.250,694.201
694.257,694.210
694.255,694.208
694.253,694.206
694.252,694.204
694.250,694.202
694.257,694.211
694.255,694.209
694.253,694.206
694.252,694.204
694.250,694.202
694.249,694.201
694.248,694.199
694.243,694.193
694.243,694.192
694.242,694.191
694.242,694.191
694.249,694.201
694.256,694.210
694.254,694.208
694.253,694.205
694.259,694.214
694.257,694.211
694.255,694.209
694.254,694.207
694.252,694.204
694.251,694.203
694.249,694.201
694.256,694.210
694.254,694.208
694.253,694.206
694.251,694.204
694.258,694.212
694.256,694.210
694.254,694.207
694.253,694.205
694.251,694.203
694.250,694.201
694.249,694.200
694.247,694.198
694.246,694.197
694.246,694.196
694.245,694.195
694.244,694.194
694.243,694.193
694.243,694.192
694.242,694.191
694.242,694.191
694.241,694.190
694.241,694.190
694.240,694.189
694.240,694.189
694.240,694.188
694.248,694.199
694.247,694.197
694.254,694.207
694.252,694.205
694.251,694.203
694.250,694.201
694.248,694.200
694.247,694.198
694.246,694.197
694.254,694.207
694.252,694.204
694.251,694.203
694.249,694.201
694.248,694.199
694.247,694.198
694.246,694.197
694.245,694.196
694.244,694.194
694.240,694.188
694.236,694.183
694.232,694.178
694.232,694.179
694.233,694.179
694.237,694.185
694.242,694.191
694.245,694.196
694.245,694.195
694.244,694.194
694.243,694.193
694.243,694.192
694.242,694.191
694.242,694.191
694.249,694.201
694.248,694.199
694.247,694.198
694.246,694.197
694.245,694.195
694.244,694.194
694.252,694.204
694.250,694.202
694.245,694.196
694.249,694.200
694.252,694.204
694.250,694.202
694.249,694.201
694.248,694.199
694.247,694.198
694.246,694.196
694.245,694.195
694.244,694.194
694.244,694.193
694.243,694.193
694.242,694.192
694.242,694.191
694.242,694.191
694.241,694.190
694.241,694.190
694.248,694.200
694.247,694.198
694.246,694.197
694.245,694.196
694.245,694.195
694.244,694.194
694.243,694.193
694.251,694.203
694.250,694.201
694.248,694.200
694.247,694.198
694.246,694.197
694.245,694.196
694.253,694.205
694.251,694.204
694.250,694.202
694.249,694.200
694.248,694.199
694.247,694.197
694.246,694.196
694.245,694.195
694.244,694.194
694.243,694.193
694.243,694.192
694.242,694.192
694.242,694.191
694.241,694.190
694.241,694.190
694.237,694.184
694.241,694.190
694.245,694.195
694.240,694.189
694.236,694.183
694.232,694.178
694.237,694.184
694.241,694.190
694.237,694.184
694.241,694.190
694.245,694.195
694.240,694.189
694.244,694.194
694.248,694.199
694.251,694.203
694.254,694.207
694.252,694.204
694.259,694.213
694.265,694.221
694.262,694.218
694.264,694.220
694.258,694.212
694.256,694.209
694.258,694.212
694.252,694.205
694.251,694.203
694.241,694.190
694.241,694.190
694.240,694.189
694.240,694.189
694.240,694.188
694.240,694.188
694.235,694.183
694.236,694.183
694.228,694.172
694.229,694.173
694.229,694.174
694.230,694.175
694.231,694.176
694.231,694.177
694.232,694.178
694.232,694.178
694.233,694.179
694.233,694.180
694.234,694.180
694.234,694.181
694.234,694.181
694.234,694.181
694.235,694.182
694.235,694.182
694.231,694.177
694.232,694.178
694.232,694.178
694.225,694.168
694.218,694.159
694.219,694.161
694.221,694.164
694.223,694.166
694.224,694.167
694.225,694.169
694.218,694.160
694.212,694.151
694.214,694.155
694.216,694.157
694.218,694.160
694.220,694.162
694.218,694.159
694.224,694.167
694.229,694.174
694.234,694.181
694.239,694.187
694.243,694.192
694.238,694.186
694.234,694.181
694.239,694.187
694.239,694.187
694.238,694.186
694.238,694.186
694.238,694.186
694.238,694.186
694.238,694.186
694.238,694.186
694.234,694.181
694.234,694.181
694.234,694.181
694.235,694.182
694.235,694.182
694.243,694.193
694.243,694.192
694.242,694.191
694.242,694.191
694.249,694.201
694.248,694.199
694.255,694.209
694.253,694.206
694.252,694.204
694.250,694.202
694.249,694.201
694.248,694.199
694.247,694.198
694.246,694.197
694.253,694.206
694.252,694.204
694.250,694.202
694.249,694.201
694.248,694.199
694.247,694.198
694.246,694.196
694.245,694.195
694.244,694.194
694.244,694.193
694.243,694.193
694.242,694.192
694.242,694.191
694.242,694.191
694.241,694.190
694.241,694.190
694.248,694.200
694.247,694.198
694.246,694.197
694.245,694.196
694.245,694.195
694.244,694.194
694.243,694.193
694.243,694.192
694.238,694.186
694.242,694.192
694.246,694.196
694.245,694.195
694.244,694.194
694.244,694.193
694.243,694.193
694.242,694.192
694.246,694.197
694.250,694.201
694.253,694.205
694.251,694.203
694.250,694.201
694.248,694.200
694.247,694.198
694.246,694.197
694.242,694.191
694.245,694.196
694.241,694.190
694.245,694.195
694.240,694.189
694.240,694.188
694.239,694.188
694.239,694.188
694.239,694.187
694.243,694.193
694.239,694.187
694.238,694.187
694.238,694.186
694.238,694.186
694.238,694.186
694.238,694.186
694.238,694.186
694.238,694.186
694.238,694.186
694.238,694.186
694.238,694.186
694.246,694.196
694.253,694.206
694.252,694.204
694.250,694.202
694.249,694.200
694.248,694.199
694.247,694.198
694.246,694.196
694.245,694.195
694.244,694.194
694.244,694.193
694.243,694.193
694.251,694.203
694.249,694.201
694.248,694.199
694.247,694.198
694.246,694.197
694.245,694.196
694.244,694.194
694.244,694.194
694.243,694.193
694.251,694.203
694.249,694.201
694.248,694.199
694.247,694.198
694.246,694.197
694.253,694.206
694.252,694.204
694.250,694.202
694.249,694.201
694.248,694.199
694.247,694.198
694.246,694.197
694.245,694.195
694.244,694.194
694.244,694.194
694.243,694.193
694.243,694.192
694.242,694.191
694.233,694.180
694.234,694.180
694.234,694.181
694.234,694.181
694.235,694.181
694.235,694.182
694.235,694.182
694.239,694.188
694.243,694.193
694.247,694.198
694.250,694.202
694.253,694.206
694.256,694.210
694.250,694.202
694.253,694.206
694.252,694.204
694.250,694.202
694.249,694.200
694.248,694.199
694.247,694.198
694.246,694.196
694.253,694.206
694.252,694.204
694.250,694.202
694.249,694.200
694.248,694.199
694.247,694.198
694.238,694.186
694.238,694.186
694.238,694.185
694.238,694.185
694.237,694.185
694.237,694.185
694.237,694.185
694.237,694.185
694.237,694.185
694.237,694.185
694.229,694.174
694.230,694.175
694.231,694.176
694.227,694.172
694.224,694.168
694.222,694.164
694.219,694.161
694.217,694.158
694.215,694.156
694.213,694.153
694.212,694.151
694.210,694.149
694.209,694.147
694.211,694.151
694.214,694.154
694.216,694.157
694.218,694.160
694.220,694.162
694.230,694.175
694.230,694.176
694.231,694.177
694.232,694.177
694.240,694.189
694.240,694.189
694.240,694.188
694.239,694.188
694.239,694.188
694.231,694.177
694.232,694.177
694.232,694.178
694.224,694.168
694.226,694.170
694.227,694.171
694.228,694.172
694.221,694.163
694.222,694.165
694.224,694.167
694.225,694.168
694.234,694.181
694.234,694.181
694.235,694.181
694.235,694.182
694.235,694.182
694.235,694.182
694.235,694.183
694.232,694.178
694.236,694.184
694.241,694.189
694.245,694.195
694.248,694.199
694.243,694.193
694.239,694.187
694.235,694.181
694.235,694.182
694.235,694.182
694.243,694.193
694.243,694.192
694.242,694.191
694.242,694.191
694.241,694.190
694.241,694.190
694.240,694.189
694.240,694.189
694.240,694.188
694.240,694.188
694.239,694.188
694.239,694.187
694.239,694.187
694.239,694.187
694.239,694.187
694.238,694.187
694.238,694.186
694.238,694.186
694.238,694.186
694.238,694.186
694.238,694.186
694.238,694.186
694.246,694.196
694.245,694.195
694.244,694.194
694.236,694.183
694.236,694.183
694.236,694.183
694.236,694.183
694.236,694.183
694.236,694.183
694.236,694.184
694.236,694.184
694.236,694.184
694.236,694.184
694.236,694.184
694.237,694.184
694.237,694.184
694.233,694.179
694.229,694.174
694.234,694.181
694.234,694.181
694.235,694.182
694.235,694.182
694.235,694.182
694.235,694.182
694.235,694.183
694.236,694.183
694.236,694.183
694.244,694.194
694.243,694.193
694.243,694.192
694.242,694.191
694.242,694.191
694.241,694.190
694.241,694.190
694.240,694.189
694.236,694.184
694.232,694.179
694.229,694.174
694.234,694.181
694.230,694.176
694.235,694.182
694.231,694.177
694.236,694.183
694.236,694.184
694.236,694.184
694.236,694.184
694.236,694.184
694.236,694.184
694.228,694.173
694.229,694.174
694.230,694.175
694.231,694.176
694.231,694.177
694.232,694.178
694.237,694.184
694.241,694.190
694.237,694.184
694.241,694.190
694.245,694.195
694.240,694.189
694.240,694.188
694.236,694.183
694.232,694.178
694.228,694.173
694.221,694.164
694.223,694.166
694.224,694.167
694.225,694.169
694.226,694.171
694.227,694.172
694.228,694.173
694.229,694.174
694.222,694.164
694.223,694.166
694.225,694.168
694.226,694.170
694.227,694.171
694.220,694.162
694.221,694.164
694.219,694.161
694.225,694.169
694.222,694.165
694.228,694.172
694.225,694.168
694.222,694.165
694.223,694.167
694.225,694.168
694.226,694.170
694.227,694.171
694.228,694.173
694.229,694.174
694.230,694.175
694.230,694.176
694.231,694.177
694.232,694.177
694.232,694.178
694.233,694.179
694.237,694.185
694.233,694.180
694.230,694.175
694.227,694.171
694.228,694.172
694.228,694.173
694.229,694.174
694.222,694.165
694.223,694.167
694.225,694.168
694.226,694.170
694.227,694.171
694.228,694.173
694.229,694.174
694.229,694.175
694.230,694.176
694.223,694.166
694.224,694.168
694.217,694.158
694.219,694.161
694.217,694.158
694.219,694.161
694.221,694.163
694.222,694.165
694.224,694.167
694.225,694.168
694.226,694.170
694.219,694.161
694.221,694.163
694.214,694.154
694.216,694.157
694.218,694.160
694.216,694.157
694.214,694.154
694.212,694.152
694.215,694.155
694.217,694.158
694.211,694.150
694.205,694.142
694.208,694.146
694.211,694.150
694.205,694.143
694.200,694.136
694.204,694.141
694.207,694.145
694.210,694.149
694.208,694.147
694.207,694.145
694.206,694.144
694.205,694.143
694.212,694.152
694.215,694.155
694.209,694.147
694.211,694.151
694.206,694.143
694.209,694.147
694.211,694.151
694.214,694.154
694.216,694.157
694.218,694.160
694.220,694.162
694.222,694.164
694.223,694.166
694.224,694.168
694.226,694.170
694.227,694.171
694.224,694.167
694.229,694.174
694.226,694.170
694.223,694.166
694.221,694.163
694.222,694.165
694.215,694.156
694.218,694.159
694.219,694.161
694.221,694.164
694.223,694.166
694.224,694.167
694.225,694.169
694.226,694.171
694.227,694.172
694.228,694.173
694.229,694.174
694.230,694.175
694.231,694.176
694.231,694.177
694.232,694.178
694.236,694.184
694.241,694.189
694.236,694.184
694.233,694.179
694.229,694.174
694.226,694.170
694.227,694.171
694.232,694.178
694.233,694.179
694.233,694.179
694.233,694.180
694.234,694.180
694.226,694.170
694.219,694.161
694.212,694.152
694.215,694.155
694.217,694.158
694.219,694.161
694.221,694.163
694.222,694.165
694.224,694.167
694.225,694.168
694.226,694.170
694.231,694.177
694.236,694.183
694.236,694.183
694.232,694.178
694.233,694.179
694.233,694.180
694.234,694.180
694.234,694.181
694.234,694.181
694.234,694.181
694.235,694.182
694.235,694.182
694.227,694.171
694.228,694.173
694.221,694.163
694.218,694.160
694.216,694.157
694.222,694.165
694.228,694.173
694.229,694.174
694.230,694.175
694.222,694.165
694.216,694.156
694.218,694.159
694.211,694.151
694.214,694.154
694.216,694.157
694.218,694.159
694.216,694.157
694.222,694.165
694.220,694.162
694.217,694.159
694.211,694.150
694.214,694.154
694.208,694.146
694.211,694.150
694.213,694.153
694.215,694.156
694.217,694.159
694.219,694.161
694.213,694.153
694.215,694.156
694.209,694.148
694.212,694.151
694.210,694.149
694.209,694.147
694.208,694.146
694.215,694.155
694.213,694.153
694.211,694.151
694.210,694.149
694.209,694.147
694.211,694.151
694.214,694.154
694.216,694.157
694.218,694.159
694.212,694.151
694.214,694.154
694.216,694.157
694.218,694.160
694.220,694.162
694.214,694.154
694.208,694.146
694.215,694.155
694.213,694.153
694.211,694.151
694.210,694.149
694.209,694.147
694.215,694.156
694.218,694.159
694.219,694.161
694.221,694.164
694.214,694.155
694.217,694.158
694.210,694.150
694.213,694.153
694.215,694.156
694.222,694.164
694.219,694.161
694.217,694.158
694.223,694.166
694.229,694.173
694.225,694.169
694.227,694.171
694.219,694.161
694.221,694.164
694.223,694.166
694.224,694.167
694.225,694.169
694.218,694.160
694.212,694.151
694.206,694.144
694.205,694.142
694.204,694.141
694.203,694.140
694.207,694.145
694.201,694.138
694.197,694.131
694.192,694.126
694.189,694.121
694.185,694.116
694.190,694.123
694.186,694.118
694.187,694.119
694.188,694.120
694.189,694.121
694.198,694.133
694.198,694.132
694.193,694.127
694.197,694.132
694.201,694.137
694.205,694.142
694.208,694.146
694.210,694.150
694.205,694.142
694.208,694.146
694.203,694.139
694.206,694.143
694.205,694.142
694.204,694.141
694.207,694.145
694.210,694.149
694.204,694.142
694.199,694.135
694.203,694.140
694.198,694.133
694.202,694.138
694.205,694.143
694.208,694.147
694.215,694.156
694.213,694.153
694.212,694.151
694.210,694.149
694.213,694.153
694.207,694.145
694.210,694.149
694.212,694.152
694.207,694.145
694.210,694.148
694.212,694.152
694.215,694.155
694.213,694.153
694.211,694.150
694.210,694.149
694.204,694.141
694.199,694.135
694.203,694.139
694.206,694.144
694.209,694.148
694.212,694.151
694.214,694.154
694.208,694.147
694.211,694.150
694.210,694.148
694.208,694.147
694.207,694.145
694.206,694.144
694.201,694.137
694.204,694.141
694.207,694.145
694.210,694.149
694.213,694.153
694.207,694.145
694.202,694.138
694.201,694.137
694.201,694.137
694.204,694.141
694.199,694.135
694.203,694.139
694.198,694.133
694.193,694.127
694.198,694.133
694.193,694.127
694.193,694.127
694.194,694.127
694.194,694.128
694.190,694.122
694.194,694.128
694.198,694.134
694.202,694.138
694.197,694.132
694.193,694.126
694.189,694.121
694.186,694.117
694.182,694.112
694.192,694.125
694.196,694.130
694.192,694.125
694.188,694.120
694.193,694.126
694.197,694.132
694.193,694.126
694.189,694.121
694.193,694.127
694.197,694.132
694.197,694.132
694.197,694.132
694.197,694.132
694.197,694.132
694.201,694.137
694.204,694.141
694.199,694.135
694.203,694.139
694.198,694.133
694.202,694.138
694.205,694.142
694.208,694.146
694.211,694.150
694.209,694.148
694.208,694.146
694.207,694.145
694.210,694.149
694.212,694.152
694.215,694.155
694.217,694.158
694.219,694.160
694.212,694.152
694.215,694.155
694.217,694.158
694.219,694.160
694.217,694.158
694.223,694.166
694.220,694.162
694.226,694.170
694.219,694.161
694.213,694.152
694.207,694.145
694.210,694.148
694.212,694.152
694.211,694.150
694.205,694.142
694.204,694.141
694.203,694.140
694.203,694.139
694.198,694.133
694.193,694.127
694.190,694.122
694.186,694.117
694.183,694.113
694.188,694.120
694.189,694.121
694.189,694.122
694.186,694.117
694.183,694.113
694.180,694.109
694.185,694.116
694.190,694.123
694.195,694.128
694.190,694.123
694.183,694.113
694.184,694.115
694.189,694.121
694.186,694.117
694.182,694.112
694.188,694.119
694.192,694.125
694.197,694.131
694.192,694.125
694.197,694.131
694.200,694.136
694.204,694.141
694.211,694.150
694.210,694.149
694.212,694.152
694.211,694.150
694.213,694.153
694.216,694.156
694.218,694.159
694.211,694.151
694.214,694.154
694.208,694.146
694.203,694.139
694.206,694.143
694.201,694.137
694.204,694.141
694.199,694.135
694.203,694.139
694.210,694.149
694.209,694.147
694.212,694.151
694.214,694.154
694.216,694.157
694.218,694.160
694.220,694.162
694.222,694.164
694.215,694.155
694.217,694.158
694.219,694.161
694.221,694.163
694.222,694.165
694.224,694.167
694.225,694.169
694.222,694.165
694.220,694.162
694.221,694.164
694.223,694.166
694.224,694.168
694.225,694.169
694.227,694.171
694.227,694.172
694.228,694.173
694.229,694.174
694.222,694.165
694.223,694.167
694.225,694.168
694.230,694.175
694.227,694.171
694.224,694.167
694.221,694.164
694.215,694.155
694.217,694.158
694.219,694.160
694.220,694.163
694.222,694.165
694.223,694.167
694.225,694.168
694.226,694.170
694.219,694.161
694.221,694.163
694.222,694.165
694.224,694.167
694.225,694.168
694.222,694.165
694.220,694.162
694.217,694.159
694.215,694.156
694.209,694.148
694.212,694.151
694.206,694.144
694.201,694.137
694.196,694.131
694.200,694.136
694.196,694.130
694.200,694.135
694.195,694.129
694.191,694.124
694.191,694.124
694.192,694.125
694.196,694.131
694.200,694.136
694.204,694.140
694.207,694.145
694.210,694.148
694.204,694.141
694.207,694.145
694.210,694.149
694.205,694.142
694.200,694.135
694.199,694.135
694.199,694.134
694.199,694.134
694.202,694.139
694.198,694.132
694.201,694.137
694.205,694.142
694.208,694.146
694.211,694.150
694.213,694.153
694.207,694.145
694.206,694.144
694.205,694.143
694.204,694.141
694.199,694.135
694.203,694.140
694.206,694.144
694.201,694.137
694.196,694.131
694.200,694.136
694.196,694.130
694.191,694.124
694.196,694.130
694.196,694.130
694.196,694.130
694.196,694.130
694.196,694.130
694.200,694.135
694.195,694.129
694.199,694.134
694.195,694.128
694.199,694.134
694.194,694.128
694.190,694.123
694.195,694.128
694.190,694.123
694.187,694.118
694.183,694.114
694.180,694.110
694.186,694.117
694.191,694.123
694.195,694.129
694.191,694.124
694.195,694.129
694.199,694.135
694.203,694.140
694.202,694.139
694.202,694.138
694.201,694.137
694.201,694.136
694.204,694.141
694.207,694.145
694.202,694.138
694.197,694.132
694.201,694.137
694.204,694.141
694.207,694.146
694.202,694.139
694.202,694.138
694.201,694.137
694.201,694.136
694.196,694.130
694.200,694.135
694.195,694.129
694.191,694.124
694.195,694.130
694.199,694.135
694.203,694.140
694.202,694.139
694.202,694.138
694.201,694.137
694.196,694.131
694.192,694.125
694.196,694.131
694.192,694.125
694.188,694.120
694.193,694.126
694.189,694.121
694.194,694.127
694.198,694.133
694.193,694.127
694.198,694.132
694.201,694.137
694.197,694.131
694.201,694.136
694.204,694.141
694.207,694.145
694.202,694.138
694.201,694.137
694.205,694.142
694.200,694.135
694.203,694.140
694.198,694.134
694.202,694.138
694.197,694.132
694.193,694.126
694.185,694.116
694.182,694.112
694.179,694.108
694.185,694.115
694.181,694.111
694.179,694.107
694.176,694.104
694.170,694.096
694.168,694.094
694.167,694.091
694.165,694.090
694.164,694.088
694.171,694.097
694.169,694.095
694.167,694.093
694.170,694.096
694.173,694.099
694.179,694.108
694.184,694.115
694.181,694.111
694.186,694.118
694.191,694.124
694.188,694.119
694.188,694.120
694.189,694.121
694.185,694.116
694.182,694.112
694.187,694.119
694.192,694.125
694.184,694.115
694.185,694.116
694.178,694.107
694.176,694.104
694.182,694.111
694.179,694.108
694.180,694.110
694.178,694.106
694.175,694.103
694.173,694.100
694.171,694.097
694.177,694.106
694.179,694.108
694.176,694.104
694.174,694.101
694.172,694.099
694.170,694.096
694.168,694.094
694.163,694.086
694.166,694.091
694.165,694.089
694.163,694.087
694.162,694.086
694.157,694.079
694.161,694.084
694.164,694.089
694.163,694.087
694.170,694.096
694.168,694.094
694.167,694.092
694.170,694.096
694.168,694.093
694.166,694.091
694.165,694.089
694.164,694.088
694.159,694.081
694.162,694.086
694.161,694.084
694.160,694.083
694.160,694.082
694.159,694.081
694.162,694.086
694.166,694.090
694.172,694.099
694.179,694.107
694.176,694.104
694.182,694.112
694.187,694.119
694.192,694.125
694.192,694.125
694.188,694.120
694.185,694.116
694.182,694.111
694.179,694.108
694.180,694.110
694.182,694.112
694.179,694.108
694.176,694.105
694.182,694.112
694.187,694.119
694.184,694.115
694.185,694.116
694.178,694.107
694.176,694.103
694.173,694.100
694.171,694.098
694.169,694.095
694.172,694.099
694.166,694.091
694.173,694.100
694.171,694.097
694.169,694.095
694.172,694.098
694.170,694.096
694.168,694.093
694.167,694.091
694.165,694.090
694.164,694.088
694.159,694.081
694.158,694.080
694.157,694.079
694.157,694.079
694.156,694.078
694.152,694.072
694.156,694.078
694.148,694.067
694.148,694.067
694.140,694.057
694.146,694.064
694.146,694.065
694.147,694.065
694.147,694.066
694.156,694.077
694.155,694.077
694.159,694.082
694.163,694.086
694.162,694.085
694.161,694.084
694.160,694.083
694.155,694.077
694.159,694.082
694.167,694.091
694.165,694.090
694.156,694.077
694.151,694.072
694.151,694.072
694.151,694.072
694.151,694.072
694.151,694.072
694.151,694.072
694.156,694.077
694.160,694.082
694.159,694.081
694.166,694.091
694.165,694.089
694.168,694.093
694.162,694.086
694.161,694.085
694.160,694.083
694.160,694.082
694.159,694.081
694.162,694.086
694.161,694.085
694.169,694.094
694.167,694.092
694.166,694.090
694.164,694.088
694.159,694.082
694.158,694.081
694.158,694.080
694.157,694.079
694.157,694.078
694.152,694.073
694.156,694.078
694.156,694.078
694.156,694.077
694.155,694.077
694.147,694.065
694.143,694.061
694.144,694.062
694.145,694.063
694.146,694.064
694.146,694.065
694.147,694.065
694.151,694.072
694.148,694.066
694.148,694.067
694.148,694.067
694.149,694.068
694.145,694.063
694.146,694.064
694.146,694.065
694.147,694.065
694.139,694.055
694.145,694.062
694.145,694.063
694.138,694.053
694.139,694.055
694.140,694.057
694.146,694.064
694.150,694.070
694.151,694.070
694.151,694.070
694.151,694.071
694.147,694.066
694.144,694.061
694.149,694.068
694.157,694.079
694.157,694.078
694.156,694.078
694.156,694.077
694.159,694.082
694.159,694.081
694.166,694.091
694.165,694.089
694.164,694.088
694.167,694.092
694.161,694.085
694.160,694.083
694.152,694.072
694.152,694.072
694.152,694.072
694.148,694.067
694.148,694.067
694.148,694.068
694.149,694.068
694.149,694.068
694.145,694.063
694.146,694.064
694.147,694.065
694.147,694.066
694.144,694.061
694.141,694.057
694.142,694.058
694.143,694.060
694.143,694.061
694.144,694.062
694.141,694.058
694.142,694.059
694.143,694.060
694.144,694.061
694.153,694.073
694.157,694.079
694.152,694.073
694.152,694.073
694.160,694.083
694.160,694.082
694.159,694.081
694.154,694.075
694.154,694.075
694.154,694.075
694.154,694.074
694.162,694.085
694.157,694.078
694.152,694.073
694.152,694.073
694.152,694.073
694.144,694.062
694.145,694.063
694.142,694.058
694.143,694.060
694.143,694.061
694.144,694.062
694.141,694.058
694.146,694.065
694.147,694.065
694.147,694.066
694.148,694.067
694.148,694.067
694.145,694.062
694.149,694.069
694.150,694.069
694.150,694.069
694.150,694.070
694.150,694.070
694.146,694.065
694.147,694.066
694.147,694.066
694.148,694.067
694.148,694.067
694.145,694.062
694.145,694.063
694.154,694.075
694.154,694.075
694.146,694.064
694.146,694.064
694.147,694.065
694.147,694.066
694.148,694.066
694.148,694.067
694.153,694.073
694.152,694.073
694.152,694.073
694.152,694.073
694.152,694.073
694.156,694.078
694.156,694.078
694.156,694.077
694.155,694.076
694.155,694.076
694.159,694.081
694.154,694.075
694.154,694.075
694.146,694.064
694.146,694.065
694.143,694.060
694.144,694.061
694.144,694.062
694.145,694.063
694.142,694.059
694.139,694.055
694.140,694.057
694.141,694.058
694.142,694.059
694.147,694.066
694.152,694.072
694.152,694.072
694.152,694.072
694.152,694.072
694.156,694.078
694.160,694.083
694.159,694.082
694.159,694.081
694.150,694.069
694.150,694.070
694.146,694.065
694.147,694.065
694.147,694.066
694.148,694.067
694.152,694.073
694.152,694.073
694.152,694.072
694.152,694.072
694.152,694.072
694.148,694.067
694.153,694.073
694.161,694.084
694.160,694.083
694.159,694.082
694.163,694.086
694.153,694.074
694.153,694.074
694.153,694.074
694.153,694.074
694.153,694.073
694.153,694.073
694.153,694.073
694.153,694.073
694.149,694.068
694.149,694.068
694.141,694.058
694.142,694.059
694.143,694.060
694.140,694.056
694.141,694.058
694.142,694.059
694.143,694.060
694.148,694.067
694.145,694.062
694.145,694.063
694.138,694.053
694.139,694.055
694.136,694.052
694.134,694.048
694.128,694.040
694.130,694.043
694.132,694.046
694.138,694.054
694.144,694.061
694.144,694.062
694.137,694.052
694.138,694.054
694.132,694.045
694.130,694.043
694.132,694.045
694.134,694.048
694.135,694.050
694.137,694.052
694.143,694.060
694.143,694.061
694.144,694.062
694.145,694.063
694.146,694.064
694.150,694.070
694.151,694.070
694.143,694.060
694.143,694.061
694.140,694.057
694.146,694.064
694.146,694.065
694.147,694.065
694.147,694.066
694.148,694.066
694.148,694.067
694.148,694.067
694.149,694.068
694.149,694.068
694.149,694.069
694.146,694.064
694.142,694.059
694.143,694.061
694.144,694.062
694.145,694.063
694.145,694.063
694.146,694.064
694.138,694.054
694.140,694.056
694.137,694.052
694.143,694.060
694.143,694.061
694.144,694.062
694.137,694.052
694.142,694.060
694.143,694.061
694.144,694.062
694.137,694.052
694.138,694.054
694.139,694.056
694.141,694.057
694.142,694.058
694.143,694.060
694.143,694.061
694.144,694.062
694.141,694.058
694.138,694.054
694.139,694.056
694.141,694.057
694.142,694.059
694.147,694.065
694.139,694.055
694.140,694.057
694.142,694.058
694.139,694.055
694.144,694.062
694.145,694.063
694.146,694.064
694.146,694.064
694.139,694.054
694.144,694.062
694.145,694.063
694.145,694.064
694.146,694.064
694.143,694.060
694.140,694.056
694.141,694.057
694.142,694.059
694.143,694.060
694.148,694.067
694.144,694.062
694.145,694.063
694.146,694.064
694.146,694.065
694.143,694.060
694.136,694.051
694.137,694.053
694.139,694.054
694.140,694.056
694.145,694.063
694.150,694.070
694.150,694.070
694.142,694.059
694.139,694.055
694.145,694.062
694.145,694.063
694.146,694.064
694.146,694.065
694.143,694.060
694.144,694.062
694.145,694.062
694.145,694.063
694.142,694.059
694.143,694.060
694.144,694.061
694.145,694.062
694.137,694.052
694.135,694.049
694.132,694.046
694.134,694.049
694.128,694.040
694.126,694.038
694.120,694.031
694.123,694.034
694.126,694.038
694.129,694.041
694.127,694.039
694.129,694.042
694.131,694.045
694.133,694.048
694.131,694.045
694.137,694.053
694.131,694.044
694.133,694.047
694.135,694.049
694.132,694.046
694.134,694.049
694.136,694.051
694.129,694.042
694.127,694.040
694.126,694.038
694.128,694.041
694.130,694.044
694.133,694.046
694.130,694.044
694.132,694.046
694.134,694.049
694.136,694.051
694.137,694.053
694.139,694.055
694.144,694.062
694.145,694.063
694.146,694.064
694.146,694.065
694.151,694.071
694.147,694.066
694.148,694.066
694.148,694.067
694.148,694.067
694.145,694.063
694.145,694.064
694.146,694.064
694.147,694.065
694.143,694.061
694.144,694.062
694.137,694.052
694.138,694.054
694.139,694.055
694.132,694.046
694.130,694.044
694.132,694.046
694.134,694.049
694.136,694.051
694.133,694.048
694.139,694.056
694.141,694.057
694.142,694.059
694.143,694.060
694.148,694.067
694.148,694.067
694.148,694.068
694.149,694.068
694.145,694.063
694.150,694.070
694.142,694.059
694.143,694.060
694.140,694.056
694.133,694.047
694.127,694.039
694.129,694.042
694.127,694.040
694.126,694.037
694.128,694.041
694.130,694.044
694.133,694.046
694.130,694.044
694.124,694.036
694.127,694.039
694.129,694.042
694.128,694.040
694.130,694.043
694.124,694.035
694.126,694.038
694.125,694.037
694.128,694.040
694.138,694.054
694.139,694.055
694.137,694.052
694.134,694.049
694.136,694.051
694.137,694.053
694.135,694.050
694.136,694.052
694.130,694.043
694.132,694.046
694.130,694.043
694.132,694.046
694.126,694.037
694.128,694.041
694.127,694.039
694.129,694.042
694.131,694.045
694.133,694.047
694.135,694.050
694.133,694.047
694.126,694.038
694.129,694.041
694.131,694.044
694.129,694.042
694.131,694.045
694.125,694.037
694.119,694.029
694.119,694.028
694.114,694.022
694.117,694.026
694.121,694.031
694.120,694.029
694.123,694.034
694.125,694.037
694.124,694.035
694.131,694.044
694.133,694.047
694.135,694.049
694.128,694.041
694.130,694.044
694.124,694.036
694.127,694.039
694.125,694.037
694.124,694.035
694.127,694.039
694.121,694.031
694.124,694.035
694.123,694.033
694.125,694.037
694.128,694.040
694.126,694.038
694.121,694.031
694.124,694.035
694.126,694.038
694.125,694.036
694.119,694.029
694.114,694.022
694.114,694.022
694.109,694.016
694.105,694.010
694.102,694.006
694.102,694.007
694.099,694.002
694.104,694.009
694.100,694.004
694.101,694.005
694.098,694.001
694.103,694.008
694.100,694.003
694.101,694.005
694.106,694.011
694.110,694.017
694.106,694.011
694.106,694.012
694.111,694.018
694.115,694.023
694.118,694.027
694.117,694.027
694.125,694.036
694.119,694.029
694.122,694.033
694.121,694.032
694.124,694.035
694.119,694.028
694.114,694.022
694.113,694.021
694.109,694.015
694.113,694.021
694.117,694.026
694.116,694.025
694.120,694.029
694.123,694.033
694.117,694.026
694.125,694.036
694.127,694.040
694.130,694.043
694.124,694.035
694.122,694.033
694.117,694.026
694.120,694.031
694.120,694.029
694.115,694.023
694.110,694.017
694.106,694.011
694.106,694.012
694.111,694.017
694.106,694.012
694.107,694.012
694.107,694.013
694.111,694.019
694.107,694.013
694.107,694.013
694.104,694.008
694.100,694.003
694.109,694.016
694.109,694.016
694.113,694.021
694.117,694.026
694.116,694.025
694.116,694.024
694.119,694.029
694.122,694.033
694.117,694.026
694.117,694.025
694.112,694.019
694.116,694.024
694.111,694.018
694.111,694.018
694.115,694.023
694.110,694.017
694.106,694.011
694.115,694.023
694.110,694.017
694.114,694.022
694.118,694.027
694.117,694.026
694.120,694.030
694.115,694.023
694.110,694.017
694.111,694.017
694.114,694.023
694.110,694.016
694.110,694.017
694.114,694.022
694.109,694.016
694.105,694.011
694.106,694.011
694.106,694.012
694.111,694.018
694.115,694.023
694.114,694.022
694.118,694.027
694.113,694.021
694.117,694.025
694.124,694.035
694.119,694.028
694.114,694.022
694.117,694.026
694.117,694.026
694.120,694.030
694.115,694.023
694.110,694.017
694.110,694.017
694.114,694.022
694.110,694.016
694.114,694.022
694.113,694.021
694.117,694.026
694.112,694.020
694.108,694.014
694.112,694.019
694.112,694.019
694.108,694.014
694.112,694.019
694.112,694.019
694.116,694.024
694.119,694.029
694.122,694.033
694.121,694.031
694.124,694.035
694.127,694.039
694.129,694.042
694.135,694.050
694.137,694.052
694.138,694.054
694.131,694.045
694.138,694.053
694.131,694.044
694.133,694.047
694.131,694.044
694.129,694.042
694.131,694.045
694.125,694.036
694.124,694.035
694.118,694.027
694.121,694.032
694.116,694.025
694.116,694.024
694.119,694.029
694.122,694.033
694.121,694.031
694.116,694.024
694.111,694.018
694.107,694.013
694.107,694.013
694.103,694.008
694.108,694.014
694.108,694.014
694.104,694.009
694.109,694.015
694.113,694.020
694.113,694.020
694.112,694.020
694.108,694.014
694.104,694.009
694.109,694.015
694.117,694.026
694.112,694.019
694.108,694.014
694.112,694.019
694.112,694.019
694.107,694.013
694.112,694.019
694.107,694.013
694.108,694.014
694.112,694.019
694.108,694.014
694.108,694.014
694.108,694.014
694.112,694.020
694.108,694.014
694.108,694.014
694.112,694.020
694.116,694.025
694.108,694.013
694.104,694.008
694.100,694.004
694.105,694.010
694.106,694.011
694.102,694.006
694.098,694.001
694.104,694.008
694.104,694.009
694.101,694.004
694.105,694.011
694.110,694.016
694.110,694.017
694.114,694.022
694.118,694.027
694.113,694.020
694.121,694.031
694.124,694.035
694.126,694.038
694.121,694.031
694.120,694.029
694.115,694.023
694.118,694.027
694.117,694.027
694.121,694.031
694.124,694.035
694.126,694.038
694.125,694.036
694.119,694.029
694.122,694.033
694.125,694.037
694.124,694.035
694.118,694.028
694.122,694.032
694.125,694.036
694.123,694.034
694.126,694.038
694.120,694.030
694.115,694.023
694.110,694.017
694.106,694.012
694.111,694.018
694.111,694.018
694.111,694.018
694.106,694.012
694.103,694.007
694.107,694.013
694.103,694.008
694.100,694.003
694.105,694.010
694.101,694.005
694.102,694.006
694.099,694.002
694.096,693.998
694.101,694.005
694.098,694.000
694.103,694.007
694.099,694.003
694.100,694.004
694.105,694.011
694.102,694.006
694.098,694.001
694.100,694.003
694.096,693.999
694.094,693.995
694.095,693.997
694.092,693.993
694.098,694.001
694.095,693.997
694.097,693.999
694.102,694.006
694.107,694.012
694.107,694.013
694.111,694.018
694.115,694.024
694.115,694.023
694.114,694.022
694.118,694.027
694.121,694.031
694.120,694.030
694.115,694.023
694.119,694.028
694.122,694.032
694.121,694.031
694.124,694.035
694.126,694.038
694.129,694.041
694.127,694.039
694.121,694.032
694.124,694.035
694.123,694.034
694.117,694.027
694.113,694.020
694.108,694.014
694.109,694.015
694.113,694.020
694.108,694.014
694.108,694.015
694.113,694.020
694.116,694.025
694.112,694.019
694.111,694.019
694.115,694.024
694.111,694.018
694.115,694.023
694.110,694.017
694.114,694.022
694.109,694.016
694.110,694.016
694.114,694.021
694.109,694.016
694.105,694.010
694.106,694.011
694.110,694.017
694.106,694.011
694.098,694.001
694.095,693.997
694.101,694.004
694.102,694.006
694.106,694.012
694.103,694.007
694.099,694.002
694.100,694.004
694.105,694.010
694.110,694.016
694.114,694.021
694.113,694.021
694.117,694.026
694.120,694.030
694.123,694.034
694.126,694.038
694.120,694.030
694.115,694.024
694.123,694.034
694.118,694.027
694.113,694.020
694.108,694.014
694.109,694.015
694.105,694.009
694.109,694.015
694.101,694.005
694.098,694.001
694.103,694.007
694.108,694.014
694.108,694.014
694.108,694.014
694.112,694.020
694.112,694.020
694.116,694.025
694.111,694.018
694.115,694.024
694.115,694.023
694.118,694.028
694.121,694.032
694.116,694.025
694.112,694.019
694.107,694.013
694.103,694.008
694.104,694.009
694.101,694.004
694.097,694.000
694.094,693.996
694.096,693.998
694.101,694.005
694.098,694.001
694.091,693.992
694.089,693.989
694.087,693.986
694.089,693.989
694.087,693.986
694.085,693.983
694.083,693.981
694.086,693.985
694.084,693.982
694.082,693.980
694.081,693.978
694.084,693.982
694.082,693.980
694.089,693.988
694.091,693.991
694.088,693.988
694.086,693.985
694.089,693.988
694.087,693.986
694.085,693.983
694.091,693.992
694.093,693.994
694.090,693.991
694.096,693.999
694.090,693.990
694.096,693.998
694.101,694.005
694.102,694.006
694.103,694.007
694.099,694.003
694.104,694.009
694.105,694.010
694.101,694.005
694.098,694.001
694.095,693.997
694.096,693.999
694.094,693.995
694.099,694.002
694.092,693.993
694.090,693.990
694.088,693.987
694.090,693.990
694.088,693.987
694.086,693.984
694.088,693.987
694.090,693.990
694.088,693.987
694.094,693.995
694.087,693.987
694.085,693.984
694.084,693.982
694.086,693.985
694.084,693.983
694.083,693.980
694.081,693.978
694.088,693.987
694.086,693.985
694.084,693.982
694.087,693.986
694.085,693.983
694.091,693.992
694.093,693.994
694.099,694.002
694.096,693.998
694.097,693.999
694.094,693.996
694.091,693.992
694.093,693.995
694.091,693.991
694.088,693.988
694.086,693.985
694.081,693.978
694.087,693.987
694.093,693.995
694.095,693.997
694.100,694.004
694.105,694.011
694.106,694.011
694.106,694.012
694.103,694.007
694.099,694.002
694.092,693.993
694.098,694.001
694.095,693.997
694.096,693.999
694.098,694.001
694.095,693.997
694.092,693.993
694.094,693.995
694.091,693.992
694.097,693.999
694.098,694.001
694.103,694.008
694.100,694.003
694.101,694.005
694.102,694.006
694.107,694.012
694.111,694.018
694.115,694.023
694.110,694.017
694.106,694.011
694.110,694.017
694.110,694.017
694.114,694.022
694.118,694.027
694.113,694.021
694.113,694.020
694.108,694.015
694.113,694.020
694.112,694.020
694.116,694.025
694.111,694.019
694.107,694.013
694.107,694.013
694.112,694.019
694.107,694.013
694.100,694.003
694.096,693.999
694.094,693.995
694.095,693.997
694.101,694.004
694.097,694.000
694.091,693.991
694.088,693.988
694.094,693.996
694.096,693.998
694.093,693.994
694.091,693.991
694.088,693.988
694.090,693.991
694.088,693.988
694.094,693.996
694.096,693.998
694.093,693.994
694.091,693.991
694.088,693.988
694.099,694.001
694.104,694.008
694.108,694.014
694.100,694.004
694.097,694.000
694.102,694.006
694.099,694.002
694.096,693.998
694.093,693.994
694.090,693.991
694.092,693.993
694.090,693.990
694.088,693.987
694.090,693.990
694.088,693.987
694.086,693.985
694.088,693.988
694.086,693.985
694.084,693.983
694.091,693.991
694.093,693.994
694.090,693.990
694.088,693.987
694.090,693.990
694.088,693.987
694.094,693.995
694.095,693.997
694.093,693.994
694.098,694.001
694.100,694.003
694.096,693.999
694.094,693.995
694.087,693.986
694.085,693.984
694.083,693.981
694.090,693.990
694.092,693.993
694.089,693.990
694.087,693.987
694.081,693.979
694.088,693.988
694.094,693.996
694.092,693.992
694.093,693.995
694.091,693.991
694.089,693.988
694.083,693.980
694.081,693.978
694.080,693.976
694.083,693.980
694.081,693.978
694.080,693.977
694.078,693.975
694.073,693.968
694.081,693.978
694.080,693.976
694.074,693.970
694.074,693.969
694.073,693.968
694.081,693.978
694.075,693.971
694.083,693.980
694.081,693.978
694.084,693.982
694.082,693.980
694.081,693.978
694.088,693.987
694.090,693.990
694.096,693.998
694.101,694.005
694.102,694.006
694.107,694.012
694.111,694.018
694.111,694.018
694.115,694.023
694.118,694.028
694.118,694.027
694.113,694.020
694.108,694.014
694.109,694.015
694.113,694.020
694.108,694.014
694.109,694.015
694.105,694.009
694.101,694.005
694.102,694.006
694.107,694.012
694.103,694.007
694.104,694.008
694.100,694.003
694.097,693.999
694.090,693.990
694.088,693.987
694.086,693.985
694.088,693.988
694.086,693.985
694.084,693.983
694.087,693.986
694.085,693.983
694.091,693.992
694.085,693.984
694.083,693.981
694.082,693.979
694.080,693.977
694.079,693.976
694.078,693.974
694.081,693.978
694.080,693.976
694.078,693.975
694.081,693.979
694.080,693.977
694.079,693.975
694.078,693.974
694.077,693.972
694.076,693.971
694.075,693.970
694.078,693.975
694.077,693.973
694.076,693.972
694.071,693.965
694.079,693.976
694.078,693.974
694.081,693.978
694.088,693.987
694.086,693.984
694.092,693.993
694.094,693.995
694.091,693.992
694.089,693.989
694.091,693.991
694.089,693.988
694.086,693.986
694.089,693.989
694.087,693.986
694.093,693.994
694.095,693.996
694.100,694.003
694.097,693.999
694.098,694.001
694.103,694.008
694.100,694.003
694.097,693.999
694.098,694.001
694.095,693.997
694.100,694.004
694.097,694.000
694.094,693.996
694.092,693.992
694.089,693.989
694.091,693.992
694.089,693.989
694.087,693.986
694.081,693.978
694.080,693.976
694.078,693.975
694.081,693.979
694.076,693.972
694.075,693.971
694.083,693.980
694.085,693.984
694.083,693.982
694.082,693.979
694.085,693.983
694.083,693.981
694.081,693.979
694.080,693.977
694.083,693.981
694.089,693.989
694.095,693.997
694.097,693.999
694.102,694.006
694.099,694.002
694.092,693.993
694.097,694.000
694.095,693.996
694.096,693.998
694.093,693.995
694.091,693.991
694.093,693.994
694.090,693.990
694.096,693.998
694.097,694.000
694.094,693.996
694.092,693.993
694.094,693.995
694.087,693.986
694.085,693.984
694.083,693.982
694.086,693.985
694.084,693.983
694.083,693.980
694.085,693.984
694.083,693.982
694.082,693.979
694.089,693.988
694.091,693.991
694.088,693.988
694.094,693.996
694.096,693.998
694.093,693.994
694.091,693.991
694.093,693.994
694.090,693.990
694.088,693.987
694.090,693.990
694.088,693.987
694.086,693.985
694.084,693.982
694.078,693.975
694.077,693.973
694.076,693.972
694.071,693.966
694.071,693.965
694.075,693.970
694.074,693.969
694.073,693.968
694.077,693.973
694.080,693.977
694.087,693.986
694.093,693.994
694.087,693.986
694.085,693.983
694.083,693.981
694.086,693.984
694.084,693.982
694.082,693.980
694.077,693.973
694.076,693.971
694.075,693.970
694.078,693.975
694.077,693.973
694.076,693.972
694.080,693.976
694.078,693.975
694.077,693.973
694.076,693.972
694.075,693.971
694.074,693.970
694.070,693.963
694.069,693.963
694.069,693.963
694.077,693.973
694.072,693.967
694.072,693.966
694.071,693.965
694.075,693.970
694.074,693.969
694.073,693.968
694.069,693.962
694.077,693.973
694.076,693.971
694.083,693.981
694.086,693.984
694.092,693.993
694.098,694.000
694.099,694.002
694.096,693.998
694.093,693.994
694.087,693.986
694.085,693.983
694.083,693.981
694.086,693.984
694.092,693.993
694.089,693.990
694.087,693.987
694.085,693.984
694.092,693.992
694.093,693.995
694.091,693.991
694.089,693.988
694.083,693.980
694.081,693.978
694.080,693.977
694.083,693.980
694.081,693.978
694.080,693.977
694.083,693.981
694.081,693.979
694.080,693.977
694.078,693.975
694.077,693.973
694.076,693.972
694.080,693.976
694.078,693.975
694.085,693.984
694.080,693.977
694.078,693.975
694.077,693.973
694.080,693.978
694.079,693.976
694.086,693.985
694.080,693.977
694.079,693.976
694.078,693.974
694.073,693.968
694.072,693.967
694.072,693.966
694.075,693.971
694.083,693.981
694.081,693.979
694.076,693.972
694.075,693.970
694.074,693.969
694.078,693.974
694.077,693.973
694.076,693.971
694.071,693.965
694.070,693.964
694.070,693.964
694.066,693.958
694.066,693.958
694.066,693.959
694.062,693.953
694.063,693.954
694.071,693.965
694.067,693.960
694.067,693.960
694.067,693.960
694.063,693.954
694.071,693.966
694.071,693.965
694.075,693.970
694.074,693.969
694.073,693.968
694.077,693.973
694.076,693.971
694.075,693.970
694.070,693.964
694.070,693.964
694.070,693.963
694.065,693.958
694.066,693.958
694.066,693.958
694.070,693.964
694.070,693.963
694.069,693.963
694.073,693.968
694.069,693.962
694.069,693.962
694.073,693.967
694.072,693.966
694.071,693.966
694.075,693.971
694.082,693.980
694.081,693.978
694.080,693.976
694.078,693.975
694.077,693.973
694.072,693.967
694.072,693.966
694.071,693.966
694.067,693.960
694.067,693.960
694.075,693.970
694.070,693.964
694.070,693.964
694.070,693.963
694.074,693.968
694.073,693.968
694.072,693.967
694.068,693.961
694.068,693.961
694.068,693.961
694.067,693.960
694.067,693.960
694.067,693.960
694.063,693.955
694.064,693.955
694.064,693.956
694.068,693.962
694.068,693.961
694.068,693.961
694.064,693.956
694.064,693.956
694.064,693.956
694.069,693.962
694.069,693.962
694.068,693.962
694.072,693.967
694.072,693.966
694.068,693.960
694.067,693.960
694.067,693.960
694.067,693.960
694.067,693.960
694.067,693.960
694.071,693.965
694.071,693.965
694.070,693.964
694.066,693.959
694.066,693.959
694.074,693.970
694.078,693.974
694.085,693.983
694.083,693.981
694.086,693.985
694.084,693.982
694.086,693.985
694.085,693.983
694.083,693.981
694.077,693.974
694.076,693.972
694.075,693.971
694.075,693.970
694.082,693.980
694.080,693.978
694.079,693.976
694.082,693.980
694.081,693.978
694.079,693.976
694.082,693.980
694.081,693.978
694.084,693.982
694.082,693.980
694.081,693.978
694.075,693.971
694.074,693.970
694.082,693.979
694.076,693.972
694.076,693.971
694.079,693.975
694.078,693.974
694.077,693.973
694.080,693.977
694.079,693.975
694.077,693.974
694.073,693.967
694.080,693.977
694.071,693.965
694.066,693.959
694.066,693.959
694.066,693.959
694.071,693.965
694.070,693.964
694.070,693.964
694.074,693.969
694.073,693.968
694.077,693.973
694.076,693.971
694.075,693.970
694.070,693.964
694.070,693.963
694.069,693.963
694.069,693.963
694.073,693.968
694.073,693.967
694.076,693.972
694.075,693.971
694.074,693.970
694.078,693.974
694.077,693.973
694.076,693.971
694.071,693.965
694.071,693.965
694.070,693.964
694.066,693.959
694.066,693.959
694.074,693.969
694.070,693.963
694.069,693.963
694.077,693.973
694.080,693.978
694.079,693.976
694.078,693.974
694.073,693.968
694.080,693.978
694.079,693.976
694.082,693.980
694.081,693.978
694.079,693.976
694.074,693.969
694.082,693.979
694.080,693.977
694.079,693.975
694.078,693.974
694.073,693.967
694.072,693.967
694.072,693.966
694.071,693.965
694.071,693.965
694.070,693.964
694.074,693.969
694.073,693.968
694.065,693.957
694.061,693.952
694.061,693.952
694.054,693.942
694.055,693.944
694.056,693.945
694.057,693.947
694.054,693.943
694.055,693.944
694.056,693.946
694.053,693.942
694.055,693.944
694.056,693.945
694.057,693.946
694.058,693.948
694.063,693.954
694.063,693.955
694.055,693.944
694.053,693.941
694.054,693.942
694.051,693.939
694.045,693.930
694.047,693.933
694.045,693.930
694.047,693.933
694.045,693.930
694.047,693.933
694.049,693.936
694.046,693.933
694.048,693.935
694.046,693.932
694.048,693.935
694.050,693.937
694.056,693.945
694.057,693.946
694.058,693.947
694.055,693.943
694.048,693.934
694.046,693.931
694.048,693.934
694.049,693.936
694.047,693.934
694.057,693.947
694.058,693.948
694.063,693.954
694.063,693.955
694.064,693.955
694.068,693.961
694.068,693.961
694.072,693.967
694.072,693.966
694.071,693.965
694.067,693.959
694.067,693.959
694.067,693.959
694.067,693.959
694.067,693.959
694.067,693.959
694.063,693.954
694.055,693.944
694.056,693.945
694.061,693.952
694.062,693.953
694.062,693.954
694.059,693.949
694.060,693.950
694.060,693.951
694.053,693.941
694.054,693.943
694.051,693.939
694.053,693.941
694.054,693.943
694.051,693.939
694.053,693.941
694.054,693.943
694.051,693.939
694.053,693.941
694.054,693.943
694.051,693.939
694.045,693.930
694.051,693.939
694.053,693.941
694.054,693.942
694.059,693.950
694.060,693.951
694.061,693.951
694.057,693.947
694.058,693.948
694.055,693.944
694.056,693.945
694.057,693.947
694.054,693.943
694.055,693.944
694.056,693.946
694.053,693.942
694.055,693.944
694.056,693.945
694.061,693.952
694.062,693.953
694.062,693.953
694.059,693.949
694.067,693.960
694.067,693.960
694.063,693.955
694.064,693.955
694.060,693.951
694.061,693.952
694.061,693.952
694.058,693.948
694.051,693.938
694.052,693.940
694.058,693.948
694.059,693.949
694.059,693.950
694.064,693.956
694.064,693.956
694.065,693.957
694.069,693.962
694.077,693.973
694.076,693.972
694.079,693.976
694.078,693.974
694.077,693.973
694.072,693.966
694.071,693.966
694.071,693.965
694.075,693.970
694.074,693.969
694.073,693.968
694.077,693.973
694.076,693.972
694.083,693.981
694.086,693.985
694.084,693.982
694.082,693.980
694.077,693.973
694.076,693.972
694.075,693.970
694.074,693.969
694.073,693.968
694.069,693.962
694.061,693.951
694.061,693.952
694.066,693.958
694.058,693.948
694.059,693.949
694.051,693.939
694.053,693.941
694.058,693.948
694.059,693.949
694.060,693.950
694.065,693.957
694.057,693.946
694.058,693.947
694.059,693.949
694.059,693.950
694.056,693.945
694.053,693.942
694.055,693.943
694.056,693.945
694.061,693.952
694.061,693.952
694.058,693.948
694.059,693.949
694.060,693.950
694.056,693.946
694.057,693.947
694.058,693.948
694.055,693.944
694.056,693.945
694.057,693.947
694.058,693.948
694.059,693.949
694.064,693.956
694.060,693.951
694.069,693.962
694.065,693.957
694.061,693.952
694.062,693.953
694.066,693.959
694.070,693.964
694.070,693.964
694.070,693.963
694.061,693.952
694.062,693.953
694.058,693.948
694.059,693.949
694.068,693.961
694.072,693.967
694.072,693.966
694.071,693.965
694.075,693.970
694.074,693.969
694.065,693.957
694.065,693.958
694.065,693.958
694.062,693.953
694.062,693.953
694.063,693.954
694.067,693.960
694.067,693.960
694.067,693.960
694.071,693.965
694.071,693.965
694.075,693.970
694.074,693.969
694.073,693.968
694.077,693.973
694.076,693.971
694.075,693.970
694.074,693.969
694.073,693.968
694.073,693.967
694.076,693.972
694.075,693.971
694.075,693.970
694.074,693.969
694.069,693.963
694.069,693.962
694.069,693.962
694.073,693.967
694.072,693.967
694.076,693.971
694.075,693.970
694.074,693.969
694.078,693.974
694.077,693.972
694.076,693.971
694.071,693.965
694.070,693.964
694.070,693.964
694.074,693.969
694.073,693.968
694.065,693.957
694.061,693.952
694.061,693.952
694.062,693.953
694.062,693.954
694.063,693.954
694.067,693.960
694.067,693.960
694.067,693.960
694.063,693.955
694.064,693.955
694.060,693.950
694.061,693.951
694.061,693.952
694.062,693.953
694.062,693.953
694.059,693.949
694.059,693.950
694.060,693.951
694.057,693.946
694.066,693.958
694.066,693.958
694.066,693.958
694.066,693.958
694.070,693.964
694.070,693.964
694.070,693.963
694.065,693.958
694.066,693.958
694.066,693.958
694.066,693.958
694.066,693.958
694.066,693.958
694.066,693.958
694.066,693.958
694.062,693.953
694.054,693.943
694.056,693.945
694.053,693.941
694.054,693.943
694.055,693.944
694.056,693.946
694.057,693.947
694.062,693.954
694.059,693.949
694.060,693.950
694.056,693.946
694.057,693.947
694.050,693.937
694.056,693.945
694.057,693.947
694.058,693.948
694.051,693.938
694.052,693.940
694.050,693.937
694.051,693.939
694.053,693.941
694.050,693.937
694.052,693.940
694.049,693.936
694.043,693.928
694.037,693.920
694.036,693.919
694.039,693.922
694.038,693.921
694.040,693.924
694.043,693.928
694.037,693.920
694.040,693.924
694.038,693.922
694.033,693.915
694.040,693.925
694.043,693.928
694.037,693.920
694.036,693.919
694.039,693.923
694.038,693.921
694.032,693.914
694.023,693.902
694.028,693.908
694.036,693.918
694.030,693.911
694.034,693.916
694.041,693.926
694.044,693.929
694.046,693.932
694.048,693.934
694.041,693.926
694.040,693.924
694.042,693.927
694.037,693.920
694.039,693.923
694.034,693.916
694.033,693.915
694.036,693.919
694.039,693.923
694.042,693.926
694.044,693.930
694.038,693.922
694.041,693.925
694.039,693.923
694.034,693.916
694.033,693.915
694.036,693.919
694.039,693.923
694.034,693.916
694.037,693.920
694.036,693.918
694.039,693.922
694.041,693.926
694.040,693.924
694.034,693.916
694.025,693.905
694.029,693.910
694.025,693.904
694.029,693.909
694.032,693.914
694.032,693.913
694.027,693.907
694.031,693.912
694.026,693.905
694.030,693.911
694.033,693.915
694.036,693.919
694.035,693.918
694.030,693.911
694.030,693.911
694.033,693.915
694.033,693.914
694.028,693.908
694.028,693.908
694.031,693.913
694.035,693.917
694.034,693.916
694.037,693.920
694.036,693.919
694.031,693.912
694.030,693.911
694.026,693.905
694.026,693.905
694.021,693.899
694.018,693.894
694.022,693.900
694.018,693.895
694.019,693.896
694.023,693.902
694.024,693.903
694.020,693.897
694.020,693.898
694.025,693.904
694.025,693.904
694.029,693.909
694.032,693.914
694.032,693.913
694.035,693.917
694.026,693.906
694.022,693.900
694.022,693.900
694.018,693.895
694.015,693.891
694.012,693.886
694.017,693.893
694.018,693.895
694.022,693.901
694.023,693.901
694.019,693.896
694.023,693.902
694.027,693.907
694.023,693.902
694.023,693.902
694.027,693.907
694.027,693.907
694.031,693.912
694.034,693.917
694.029,693.910
694.025,693.904
694.021,693.898
694.025,693.904
694.025,693.904
694.021,693.899
694.013,693.889
694.018,693.895
694.019,693.896
694.015,693.892
694.020,693.898
694.021,693.899
694.025,693.904
694.017,693.894
694.014,693.889
694.019,693.896
694.015,693.891
694.012,693.887
694.013,693.889
694.010,693.885
694.012,693.887
694.017,693.893
694.018,693.895
694.014,693.890
694.011,693.886
694.013,693.888
694.010,693.884
694.011,693.886
694.008,693.882
694.018,693.895
694.023,693.901
694.027,693.907
694.022,693.901
694.027,693.906
694.027,693.906
694.030,693.911
694.022,693.900
694.026,693.906
694.018,693.895
694.014,693.890
694.016,693.892
694.012,693.887
694.014,693.889
694.011,693.885
694.012,693.887
694.009,693.883
694.003,693.875
694.001,693.872
693.999,693.869
694.005,693.878
694.003,693.875
694.005,693.878
694.003,693.875
694.005,693.878
694.011,693.886
694.008,693.882
694.005,693.878
694.007,693.881
694.005,693.878
694.003,693.875
694.005,693.878
694.011,693.885
694.004,693.877
694.010,693.884
694.011,693.886
694.017,693.893
694.009,693.884
694.007,693.880
694.012,693.888
694.014,693.889
694.019,693.896
694.019,693.897
694.024,693.903
694.024,693.903
694.028,693.908
694.020,693.897
694.024,693.903
694.020,693.898
694.021,693.899
694.025,693.904
694.025,693.904
694.029,693.910
694.021,693.898
694.025,693.904
694.025,693.904
694.021,693.899
694.017,693.894
694.014,693.889
694.011,693.885
694.016,693.892
694.013,693.888
694.010,693.884
694.007,693.880
694.009,693.883
694.006,693.879
694.016,693.892
694.021,693.899
694.021,693.899
694.018,693.894
694.026,693.906
694.022,693.900
694.026,693.906
694.022,693.900
694.018,693.895
694.011,693.885
694.008,693.882
694.010,693.884
694.007,693.880
694.001,693.872
693.999,693.870
694.001,693.873
694.000,693.871
694.002,693.874
694.008,693.882
694.010,693.884
694.007,693.881
694.013,693.888
694.010,693.884
694.007,693.881
694.009,693.883
694.014,693.890
694.016,693.892
694.012,693.887
694.014,693.889
694.019,693.896
694.019,693.897
694.016,693.892
694.021,693.898
694.021,693.899
694.017,693.894
694.018,693.895
694.023,693.901
694.023,693.902
694.027,693.907
694.027,693.907
694.023,693.901
694.027,693.907
694.027,693.906
694.030,693.911
694.030,693.911
694.034,693.916
694.033,693.915
694.036,693.919
694.035,693.918
694.038,693.921
694.041,693.925
694.035,693.918
694.038,693.921
694.041,693.925
694.043,693.928
694.042,693.926
694.044,693.929
694.042,693.927
694.044,693.930
694.043,693.928
694.045,693.931
694.047,693.933
694.049,693.936
694.051,693.938
694.048,693.935
694.042,693.926
694.032,693.914
694.027,693.907
694.023,693.902
694.019,693.896
694.015,693.892
694.016,693.893
694.021,693.899
694.022,693.900
694.018,693.895
694.018,693.896
694.015,693.891
694.016,693.892
694.013,693.888
694.010,693.884
694.007,693.880
694.005,693.877
694.002,693.874
694.000,693.872
693.995,693.864
693.993,693.862
693.996,693.866
693.995,693.865
693.998,693.868
693.996,693.866
693.991,693.859
693.998,693.869
694.001,693.872
693.999,693.870
694.002,693.873
694.000,693.871
693.994,693.863
693.993,693.862
693.988,693.855
693.987,693.854
693.983,693.848
693.983,693.848
693.987,693.854
693.986,693.853
693.990,693.858
693.989,693.857
693.988,693.856
693.988,693.855
693.987,693.854
693.987,693.853
693.994,693.864
693.993,693.862
693.996,693.866
693.995,693.864
693.998,693.868
693.996,693.866
693.995,693.864
693.993,693.862
694.000,693.872
694.007,693.880
694.000,693.872
693.999,693.869
693.997,693.867
693.995,693.865
693.994,693.863
693.989,693.857
693.988,693.856
693.992,693.860
693.991,693.859
693.994,693.863
693.993,693.862
693.996,693.866
693.995,693.864
693.993,693.862
693.992,693.861
693.991,693.859
693.990,693.858
693.989,693.857
693.993,693.862
693.992,693.860
693.995,693.865
693.994,693.863
693.993,693.861
693.991,693.860
693.987,693.854
693.986,693.853
693.986,693.852
693.985,693.852
693.985,693.851
693.984,693.851
693.984,693.850
693.992,693.861
693.999,693.870
694.002,693.873
694.000,693.871
694.002,693.874
694.000,693.871
694.003,693.875
694.001,693.872
694.007,693.880
694.009,693.883
694.006,693.879
694.008,693.882
694.005,693.878
693.999,693.870
693.998,693.868
694.000,693.872
693.998,693.869
693.997,693.867
693.995,693.865
693.990,693.858
693.989,693.857
693.985,693.851
693.984,693.851
693.976,693.839
693.976,693.840
693.973,693.836
693.966,693.826
693.971,693.833
693.972,693.835
693.977,693.841
693.978,693.842
693.982,693.848
693.990,693.858
693.986,693.852
693.985,693.852
693.989,693.857
693.988,693.856
693.992,693.860
693.991,693.859
693.990,693.858
693.989,693.857
693.993,693.861
693.992,693.860
693.995,693.864
693.993,693.863
693.997,693.867
693.987,693.854
693.986,693.853
693.986,693.853
693.985,693.852
693.985,693.851
693.989,693.857
693.988,693.856
693.988,693.855
693.995,693.865
693.994,693.863
693.993,693.861
693.992,693.860
693.991,693.859
693.990,693.858
693.989,693.857
693.988,693.856
693.987,693.855
693.987,693.854
693.986,693.853
693.986,693.852
693.985,693.852
693.985,693.851
693.977,693.840
693.981,693.846
693.981,693.846
693.977,693.841
693.978,693.842
693.974,693.837
693.975,693.838
693.984,693.850
693.992,693.860
693.995,693.864
693.993,693.863
693.992,693.861
693.991,693.860
693.990,693.858
693.989,693.857
693.989,693.856
693.988,693.855
693.995,693.865
693.998,693.869
694.005,693.877
694.007,693.880
694.004,693.877
693.998,693.869
694.005,693.877
694.007,693.880
694.004,693.877
693.998,693.869
693.997,693.867
693.999,693.870
693.998,693.868
693.992,693.861
693.991,693.860
693.990,693.858
693.989,693.857
693.993,693.862
693.992,693.860
693.995,693.865
693.994,693.863
693.989,693.856
693.980,693.845
693.976,693.840
693.977,693.840
693.981,693.846
693.981,693.846
693.977,693.841
693.978,693.842
693.974,693.837
693.975,693.838
693.980,693.844
693.972,693.834
693.973,693.835
693.974,693.836
693.974,693.837
693.975,693.838
693.976,693.839
693.972,693.834
693.973,693.836
693.978,693.842
693.978,693.843
693.975,693.838
693.975,693.839
693.972,693.834
693.973,693.835
693.970,693.831
693.971,693.833
693.972,693.834
693.973,693.835
693.974,693.836
693.983,693.848
693.974,693.837
693.975,693.838
693.984,693.850
693.975,693.839
693.976,693.839
693.976,693.840
693.977,693.841
693.982,693.847
693.982,693.847
693.978,693.842
693.978,693.842
693.974,693.837
693.975,693.838
693.980,693.845
693.980,693.845
693.976,693.840
693.977,693.841
693.973,693.836
693.974,693.837
693.979,693.843
693.979,693.844
693.976,693.839
693.976,693.840
693.981,693.846
693.981,693.846
693.977,693.841
693.977,693.841
693.974,693.837
693.975,693.838
693.971,693.833
693.980,693.845
693.977,693.840
693.977,693.841
693.978,693.841
693.978,693.842
693.978,693.842
693.979,693.843
693.979,693.843
693.979,693.843
693.979,693.844
693.984,693.850
693.975,693.839
693.972,693.834
693.973,693.835
693.970,693.831
693.971,693.833
693.976,693.840
693.985,693.851
693.984,693.851
693.984,693.850
693.984,693.850
693.984,693.850
693.983,693.849
693.983,693.849
693.975,693.838
693.976,693.839
693.976,693.840
693.973,693.835
693.982,693.847
693.986,693.852
693.985,693.852
693.989,693.857
693.997,693.867
693.991,693.860
693.990,693.858
693.994,693.863
693.992,693.861
693.988,693.855
693.987,693.854
693.983,693.848
693.982,693.848
693.982,693.848
693.978,693.843
693.979,693.843
693.975,693.838
693.976,693.839
693.972,693.835
693.973,693.836
693.970,693.832
693.971,693.833
693.968,693.829
693.969,693.831
693.962,693.822
693.960,693.819
693.954,693.811
693.953,693.809
693.956,693.813
693.954,693.811
693.957,693.814
693.955,693.812
693.958,693.815
693.956,693.813
693.959,693.816
693.965,693.825
693.966,693.827
693.964,693.824
693.958,693.815
693.956,693.813
693.958,693.816
693.952,693.808
693.955,693.812
693.958,693.815
693.956,693.813
693.958,693.816
693.957,693.814
693.959,693.817
693.965,693.825
693.967,693.827
693.973,693.835
693.973,693.836
693.978,693.843
693.987,693.854
693.990,693.859
693.990,693.857
693.985,693.851
693.985,693.851
693.989,693.856
693.980,693.844
693.984,693.850
693.984,693.850
693.980,693.844
693.980,693.845
693.980,693.845
693.980,693.845
693.980,693.845
693.980,693.845
693.985,693.851
693.984,693.851
693.984,693.850
693.984,693.850
693.980,693.844
693.980,693.845
693.980,693.845
693.980,693.845
693.980,693.845
693.980,693.845
693.980,693.845
693.977,693.840
693.977,693.841
693.974,693.836
693.974,693.837
693.971,693.833
693.964,693.824
693.962,693.821
693.964,693.823
693.961,693.820
693.955,693.812
693.950,693.805
693.949,693.803
693.952,693.808
693.951,693.806
693.946,693.799
693.945,693.799
693.940,693.792
693.944,693.798
693.944,693.797
693.948,693.802
693.939,693.790
693.935,693.785
693.939,693.791
693.939,693.791
693.935,693.785
693.928,693.775
693.925,693.772
693.930,693.779
693.931,693.780
693.928,693.776
693.929,693.777
693.934,693.784
693.938,693.790
693.931,693.779
693.927,693.775
693.929,693.777
693.934,693.783
693.938,693.789
693.938,693.790
693.934,693.784
693.935,693.785
693.939,693.791
693.935,693.785
693.936,693.786
693.932,693.781
693.928,693.777
693.930,693.778
693.935,693.785
693.935,693.785
693.931,693.780
693.928,693.776
693.929,693.778
693.926,693.773
693.931,693.780
693.932,693.782
693.929,693.777
693.934,693.784
693.934,693.785
693.931,693.780
693.936,693.786
693.944,693.797
693.948,693.802
693.947,693.801
693.942,693.795
693.934,693.784
693.930,693.779
693.927,693.775
693.928,693.776
693.933,693.783
693.930,693.778
693.935,693.785
693.939,693.791
693.939,693.791
693.935,693.785
693.936,693.786
693.932,693.781
693.937,693.787
693.937,693.788
693.933,693.783
693.930,693.778
693.931,693.779
693.927,693.775
693.920,693.766
693.922,693.768
693.920,693.765
693.914,693.757
693.920,693.766
693.922,693.768
693.928,693.776
693.925,693.772
693.926,693.774
693.923,693.770
693.925,693.772
693.930,693.779
693.927,693.775
693.928,693.776
693.925,693.772
693.922,693.769
693.924,693.771
693.930,693.778
693.923,693.769
693.920,693.765
693.918,693.762
693.916,693.760
693.914,693.757
693.908,693.750
693.915,693.759
693.913,693.757
693.916,693.760
693.914,693.758
693.912,693.755
693.907,693.748
693.906,693.747
693.905,693.746
693.908,693.750
693.907,693.749
693.906,693.747
693.901,693.741
693.909,693.751
693.908,693.749
693.911,693.753
693.909,693.751
693.912,693.755
693.919,693.764
693.925,693.772
693.926,693.774
693.932,693.781
693.941,693.793
693.944,693.798
693.944,693.797
693.940,693.791
693.935,693.786
693.944,693.797
693.939,693.791
693.940,693.791
693.935,693.786
693.932,693.781
693.941,693.793
693.944,693.798
693.944,693.797
693.940,693.791
693.943,693.796
693.943,693.796
693.939,693.790
693.939,693.790
693.943,693.796
693.947,693.801
693.946,693.800
693.941,693.794
693.941,693.793
693.945,693.798
693.940,693.792
693.932,693.782
693.937,693.788
693.933,693.783
693.926,693.773
693.923,693.769
693.925,693.771
693.922,693.768
693.927,693.775
693.929,693.777
693.934,693.784
693.930,693.779
693.931,693.780
693.928,693.776
693.921,693.767
693.918,693.763
693.924,693.771
693.926,693.773
693.931,693.780
693.932,693.781
693.937,693.788
693.941,693.793
693.945,693.798
693.948,693.803
693.948,693.802
693.951,693.806
693.954,693.810
693.953,693.808
693.947,693.801
693.947,693.800
693.942,693.794
693.937,693.788
693.930,693.778
693.926,693.774
693.928,693.776
693.925,693.772
693.922,693.768
693.924,693.770
693.929,693.778
693.930,693.779
693.935,693.785
693.940,693.791
693.944,693.797
693.939,693.791
693.939,693.791
693.935,693.785
693.931,693.780
693.932,693.782
693.929,693.777
693.930,693.778
693.927,693.774
693.924,693.770
693.925,693.772
693.922,693.769
693.924,693.771
693.930,693.778
693.926,693.774
693.924,693.770
693.929,693.777
693.930,693.779
693.927,693.775
693.924,693.771
693.926,693.773
693.923,693.769
693.916,693.761
693.914,693.758
693.913,693.756
693.907,693.749
693.914,693.758
693.913,693.756
693.915,693.759
693.922,693.767
693.923,693.770
693.929,693.777
693.926,693.773
693.927,693.775
693.924,693.771
693.921,693.767
693.919,693.764
693.917,693.761
693.919,693.764
693.925,693.772
693.922,693.768
693.928,693.776
693.925,693.772
693.926,693.774
693.923,693.770
693.929,693.777
693.930,693.779
693.927,693.774
693.928,693.776
693.925,693.772
693.922,693.768
693.924,693.771
693.921,693.767
693.919,693.764
693.913,693.756
693.911,693.754
693.910,693.752
693.905,693.745
693.904,693.744
693.903,693.743
693.899,693.737
693.906,693.747
693.910,693.752
693.917,693.761
693.915,693.758
693.917,693.761
693.915,693.759
693.913,693.756
693.920,693.765
693.917,693.762
693.920,693.765
693.917,693.762
693.911,693.754
693.910,693.752
693.909,693.750
693.904,693.744
693.903,693.743
693.902,693.742
693.898,693.736
693.898,693.736
693.897,693.736
693.893,693.730
693.894,693.731
693.898,693.737
693.906,693.747
693.905,693.746
693.909,693.750
693.915,693.759
693.914,693.757
693.916,693.760
693.922,693.769
693.920,693.765
693.930,693.779
693.927,693.774
693.928,693.776
693.925,693.772
693.922,693.768
693.920,693.765
693.917,693.762
693.920,693.765
693.917,693.762
693.920,693.765
693.914,693.757
693.912,693.755
693.915,693.758
693.913,693.756
693.911,693.754
693.914,693.758
693.912,693.755
693.919,693.764
693.921,693.767
693.919,693.764
693.916,693.761
693.919,693.764
693.917,693.761
693.919,693.764
693.917,693.761
693.923,693.769
693.925,693.771
693.930,693.779
693.931,693.780
693.928,693.775
693.929,693.777
693.926,693.773
693.931,693.780
693.932,693.781
693.937,693.787
693.937,693.788
693.933,693.783
693.938,693.789
693.938,693.789
693.934,693.784
693.939,693.790
693.939,693.790
693.943,693.795
693.934,693.785
693.931,693.780
693.927,693.775
693.921,693.766
693.918,693.763
693.916,693.760
693.910,693.753
693.917,693.762
693.915,693.759
693.918,693.762
693.916,693.759
693.918,693.763
693.916,693.760
693.914,693.757
693.917,693.761
693.923,693.769
693.920,693.766
693.922,693.768
693.928,693.776
693.929,693.777
693.926,693.773
693.927,693.775
693.924,693.771
693.930,693.778
693.931,693.779
693.935,693.786
693.944,693.797
693.948,693.802
693.943,693.795
693.943,693.795
693.938,693.789
693.934,693.784
693.935,693.785
693.939,693.791
693.939,693.791
693.935,693.785
693.940,693.791
693.940,693.791
693.936,693.786
693.936,693.787
693.940,693.792
693.944,693.797
693.944,693.797
693.939,693.791
693.943,693.796
693.943,693.796
693.939,693.790
693.931,693.779
693.927,693.775
693.932,693.782
693.933,693.783
693.930,693.778
693.935,693.785
693.927,693.775
693.924,693.771
693.926,693.773
693.931,693.780
693.928,693.776
693.929,693.777
693.934,693.784
693.930,693.779
693.931,693.780
693.936,693.787
693.936,693.787
693.933,693.782
693.937,693.788
693.938,693.789
693.934,693.783
693.930,693.779
693.931,693.780
693.928,693.776
693.929,693.777
693.926,693.773
693.923,693.769
693.917,693.761
693.915,693.758
693.917,693.762
693.915,693.759
693.913,693.756
693.916,693.760
693.914,693.757
693.908,693.750
693.911,693.754
693.918,693.763
693.920,693.766
693.926,693.773
693.927,693.775
693.933,693.782
693.937,693.788
693.938,693.789
693.942,693.794
693.945,693.799
693.941,693.793
693.937,693.787
693.933,693.782
693.929,693.778
693.930,693.779
693.927,693.775
693.928,693.776
693.925,693.772
693.931,693.779
693.932,693.781
693.928,693.776
693.933,693.783
693.934,693.784
693.930,693.779
693.931,693.780
693.932,693.782
693.937,693.788
693.929,693.777
693.934,693.784
693.930,693.779
693.931,693.781
693.928,693.776
693.929,693.778
693.926,693.774
693.923,693.770
693.925,693.772
693.922,693.768
693.924,693.771
693.921,693.767
693.927,693.775
693.920,693.766
693.918,693.763
693.920,693.765
693.918,693.762
693.916,693.760
693.918,693.763
693.924,693.771
693.918,693.762
693.916,693.759
693.914,693.757
693.916,693.760
693.914,693.758
693.921,693.766
693.914,693.758
693.913,693.756
693.911,693.754
693.914,693.757
693.912,693.755
693.915,693.759
693.913,693.756
693.920,693.765
693.922,693.767
693.927,693.775
693.924,693.771
693.926,693.773
693.923,693.769
693.920,693.766
693.922,693.768
693.928,693.776
693.925,693.772
693.926,693.774
693.932,693.781
693.932,693.782
693.929,693.777
693.926,693.773
693.927,693.775
693.924,693.771
693.930,693.778
693.931,693.780
693.927,693.775
693.929,693.777
693.934,693.784
693.930,693.779
693.931,693.780
693.928,693.776
693.933,693.782
693.925,693.773
693.923,693.769
693.924,693.771
693.922,693.768
693.919,693.764
693.921,693.767
693.919,693.764
693.917,693.761
693.919,693.764
693.917,693.761
693.911,693.753
693.914,693.757
693.912,693.755
693.915,693.758
693.913,693.756
693.919,693.765
693.925,693.772
693.923,693.769
693.924,693.771
693.930,693.778
693.926,693.774
693.924,693.770
693.921,693.767
693.923,693.769
693.920,693.766
693.926,693.773
693.927,693.775
693.933,693.782
693.933,693.783
693.938,693.789
693.942,693.795
693.934,693.784
693.930,693.779
693.935,693.785
693.940,693.791
693.935,693.786
693.936,693.786
693.932,693.781
693.937,693.788
693.937,693.788
693.941,693.794
693.933,693.783
693.930,693.778
693.926,693.774
693.928,693.776
693.925,693.772
693.930,693.779
693.923,693.769
693.920,693.766
693.922,693.769
693.928,693.776
693.925,693.772
693.926,693.774
693.924,693.770
693.921,693.767
693.923,693.769
693.928,693.776
693.925,693.772
693.927,693.774
693.932,693.781
693.929,693.777
693.930,693.778
693.926,693.774
693.928,693.776
693.925,693.772
693.930,693.779
693.931,693.780
693.928,693.776
693.933,693.782
693.934,693.783
693.930,693.779
693.923,693.769
693.920,693.766
693.922,693.768
693.920,693.765
693.918,693.762
693.920,693.765
693.917,693.762
693.915,693.759
693.918,693.763
693.916,693.760
693.914,693.757
693.916,693.761
693.914,693.758
693.909,693.751
693.908,693.749
693.915,693.758
693.917,693.762
693.915,693.759
693.909,693.751
693.908,693.750
693.907,693.748
693.902,693.742
693.901,693.ha741
697.833,698.940
707.587,711.840
713.272,719.358
715.929,722.872
717.959,725.557
719.290,727.317
718.516,726.294
717.984,725.590
717.805,725.353
716.844,724.083
716.839,724.076
715.185,721.889
714.958,721.588
713.517,719.683
712.462,718.288
711.252,716.686
710.030,715.071
708.550,713.114
707.950,712.320
706.482,710.378
705.716,709.366
704.594,707.881
703.410,706.316
702.629,705.283
701.968,704.409
701.749,704.120
700.681,702.707
700.461,702.416
699.902,701.677
699.856,701.616
699.823,701.573
699.909,701.686
700.663,702.683
700.882,702.972
701.494,703.782
701.540,703.843
701.653,703.993
701.725,704.088
702.271,704.809
702.331,704.889
702.400,704.980
702.457,705.056
702.528,705.150
702.592,705.234
702.597,705.241
702.601,705.245
702.603,705.249
702.613,705.262
702.624,705.277
702.664,705.329
702.717,705.399
703.450,706.369
704.314,707.512
705.352,708.884
706.220,710.032
707.001,711.065
707.782,712.098
708.373,712.880
709.224,714.005
710.269,715.387
711.403,716.887
713.049,719.063
714.106,720.462
715.763,722.652
717.434,724.863
717.974,725.576
719.115,727.086
720.355,728.726
720.448,728.848
721.333,730.019
721.426,730.142
721.338,730.026
722.571,731.656
722.670,731.787
723.297,732.616
724.800,734.604
724.718,734.496
724.109,733.691
724.240,733.863
724.374,734.040
724.898,734.734
725.079,734.973
726.067,736.280
726.287,736.570
726.786,737.231
726.922,737.411
727.089,737.631
727.608,738.317
727.646,738.368
727.659,738.385
727.555,738.247
726.975,737.481
726.838,737.300
726.696,737.112
726.578,736.956
726.082,736.299
725.893,736.050
725.103,735.005
724.289,733.928
723.566,732.972
722.777,731.929
722.242,731.221
721.702,730.507
721.076,729.680
720.897,729.442
720.198,728.517
719.971,728.218
719.397,727.459
719.218,727.221
718.690,726.524
718.511,726.287
717.984,725.590
717.982,725.587
717.455,724.890
717.233,724.596
716.664,723.845
716.485,723.608
715.873,722.798
715.694,722.562
715.082,721.752
714.947,721.574
714.385,720.831
714.207,720.595
713.597,719.788
713.419,719.552
712.722,718.631
712.543,718.395
711.858,717.488
711.717,717.302
711.158,716.563
710.937,716.270
710.372,715.524
710.203,715.299
709.674,714.600
709.505,714.377
709.360,714.185
708.733,713.356
708.687,713.294
708.583,713.157
708.485,713.028
708.389,712.901
707.796,712.116
707.696,711.984
707.633,711.901
707.556,711.800
707.459,711.671
706.907,710.940
706.774,710.764
706.648,710.598
706.585,710.514
706.491,710.391
705.888,709.593
705.798,709.474
705.680,709.318
705.576,709.180
705.021,708.447
704.901,708.288
704.773,708.118
704.657,707.965
704.069,707.188
703.993,707.087
703.870,706.925
703.771,706.793
703.231,706.079
703.142,705.962
703.054,705.845
702.942,705.697
702.874,705.607
702.797,705.506
702.281,704.823
702.236,704.763
702.162,704.666
702.102,704.587
702.030,704.491
701.971,704.412
701.900,704.319
701.834,704.231
701.770,704.147
701.247,703.455
701.217,703.415
701.207,703.402
701.171,703.355
701.149,703.326
701.119,703.286
701.075,703.228
701.028,703.166
700.987,703.112
700.947,703.059
700.914,703.015
700.876,702.965
700.834,702.909
700.789,702.849
700.740,702.785
700.697,702.728
700.650,702.666
700.609,702.612
700.074,701.904
700.071,701.900
700.041,701.861
700.004,701.811
699.981,701.781
699.950,701.740
699.914,701.692
699.874,701.639
699.842,701.598
699.806,701.549
699.775,701.509
699.750,701.475
699.718,701.434
699.691,701.398
699.658,701.354
699.630,701.316
699.595,701.271
699.565,701.231
699.533,701.189
699.501,701.146
699.476,701.113
699.441,701.067
699.414,701.031
699.377,700.983
699.345,700.939
699.315,700.900
699.280,700.854
699.252,700.817
699.227,700.783
699.195,700.742
699.167,700.705
699.142,700.671
699.119,700.641
699.086,700.598
699.065,700.570
699.042,700.539
699.020,700.510
698.997,700.480
698.968,700.442
698.946,700.412
698.922,700.380
698.900,700.351
698.876,700.319
698.850,700.285
698.830,700.259
698.813,700.236
698.788,700.204
698.766,700.175
698.751,700.155
698.741,700.141
698.728,700.124
698.712,700.103
698.698,700.084
698.681,700.062
698.666,700.042
698.655,700.028
698.638,700.005
698.619,699.980
698.605,699.961
698.592,699.944
698.573,699.919
698.563,699.906
698.551,699.890
698.540,699.875
698.530,699.862
698.521,699.851
698.508,699.834
698.497,699.818
698.478,699.794
698.469,699.782
698.450,699.756
698.440,699.744
698.432,699.732
698.416,699.711
698.410,699.703
698.407,699.700
698.397,699.687
698.380,699.664
698.372,699.654
698.362,699.640
698.353,699.628
698.340,699.610
698.336,699.606
698.325,699.590
698.319,699.583
698.314,699.576
698.304,699.564
698.296,699.552
698.285,699.538
698.278,699.529
698.272,699.521
698.267,699.514
698.258,699.503
698.254,699.497
698.250,699.492
698.244,699.483
698.233,699.469
698.227,699.462
698.218,699.450
698.218,699.449
698.209,699.438
698.202,699.428
698.195,699.419
698.189,699.411
698.188,699.409
698.182,699.402
698.182,699.402
698.177,699.395
698.172,699.389
698.168,699.384
698.165,699.379
698.161,699.374
698.158,699.370
698.147,699.356
698.146,699.354
698.144,699.352
698.135,699.339
698.126,699.328
698.118,699.317
698.119,699.319
698.117,699.315
698.118,699.317
698.115,699.314
698.117,699.316
698.123,699.323
698.123,699.324
698.124,699.325
698.116,699.315
698.118,699.317
698.115,699.314
698.117,699.315
698.106,699.301
698.100,699.294
698.099,699.293
698.094,699.286
698.089,699.279
698.090,699.280
698.085,699.274
698.081,699.269
698.078,699.264
698.074,699.260
698.071,699.256
698.069,699.252
698.075,699.260
698.072,699.256
698.069,699.252
698.063,699.245
698.061,699.242
698.068,699.251
698.074,699.259
698.075,699.261
698.081,699.268
698.077,699.263
698.074,699.259
698.079,699.266
698.076,699.261
698.073,699.257
698.075,699.260
698.072,699.256
698.077,699.263
698.082,699.270
698.083,699.271
698.079,699.266
698.076,699.262
698.073,699.258
698.070,699.254
698.076,699.261
698.069,699.253
698.075,699.260
698.077,699.262
698.082,699.269
698.086,699.275
698.087,699.276
698.083,699.271
698.087,699.276
698.091,699.282
698.083,699.271
698.079,699.266
698.076,699.262
698.073,699.258
698.070,699.254
698.064,699.246
698.070,699.254
698.076,699.262
698.073,699.258
698.075,699.260
698.080,699.267
698.085,699.273
698.081,699.268
698.077,699.263
698.079,699.265
698.072,699.256
698.069,699.253
698.075,699.260
698.076,699.262
698.073,699.258
698.071,699.255
698.068,699.251
698.074,699.259
698.071,699.255
698.077,699.262
698.070,699.254
698.067,699.250
698.065,699.247
698.071,699.255
698.077,699.263
698.082,699.269
698.078,699.265
698.075,699.260
698.080,699.267
698.073,699.258
698.070,699.254
698.076,699.262
698.073,699.257
698.070,699.254
698.068,699.251
698.065,699.248
698.068,699.251
698.066,699.248
698.068,699.251
698.066,699.248
698.072,699.256
698.069,699.253
698.075,699.260
698.072,699.256
698.077,699.264
698.082,699.270
698.079,699.265
698.080,699.267
698.085,699.273
698.081,699.268
698.077,699.263
698.079,699.265
698.083,699.272
698.088,699.277
698.092,699.283
698.087,699.277
698.080,699.266
698.084,699.273
698.089,699.278
698.089,699.279
698.093,699.284
698.096,699.289
698.099,699.293
698.094,699.286
698.098,699.290
698.097,699.290
698.092,699.283
698.087,699.277
698.091,699.282
698.092,699.282
698.095,699.287
698.090,699.281
698.086,699.275
698.090,699.280
698.090,699.280
698.086,699.275
698.090,699.280
698.094,699.285
698.094,699.285
698.097,699.290
698.097,699.289
698.100,699.293
698.103,699.297
698.105,699.300
698.099,699.292
698.094,699.285
698.097,699.290
698.092,699.283
698.088,699.277
698.088,699.278
698.092,699.283
698.092,699.283
698.096,699.288
698.099,699.292
698.094,699.285
698.097,699.289
698.092,699.283
698.092,699.283
698.096,699.288
698.095,699.287
698.090,699.281
698.094,699.286
698.097,699.290
698.092,699.283
698.088,699.277
698.092,699.282
698.095,699.287
698.095,699.287
698.098,699.291
698.098,699.291
698.101,699.294
698.104,699.298
698.106,699.301
698.105,699.300
698.099,699.292
698.098,699.291
698.101,699.295
698.104,699.299
698.098,699.291
698.098,699.290
698.101,699.294
698.095,699.287
698.099,699.292
698.093,699.285
698.097,699.289
698.100,699.293
698.103,699.297
698.097,699.290
698.092,699.283
698.087,699.277
698.096,699.288
698.099,699.292
698.099,699.292
698.093,699.285
698.093,699.285
698.097,699.289
698.096,699.289
698.099,699.293
698.102,699.297
698.097,699.289
698.092,699.283
698.087,699.276
698.091,699.282
698.087,699.276
698.091,699.281
698.086,699.275
698.090,699.281
698.091,699.281
698.094,699.286
698.098,699.290
698.101,699.294
698.100,699.293
698.095,699.286
698.090,699.280
698.085,699.274
698.081,699.269
698.078,699.264
698.075,699.260
698.076,699.262
698.073,699.258
698.075,699.260
698.080,699.267
698.081,699.269
698.086,699.275
698.082,699.269
698.083,699.271
698.079,699.266
698.084,699.272
698.088,699.278
698.089,699.278
698.093,699.284
698.088,699.277
698.084,699.272
698.080,699.267
698.073,699.258
698.078,699.265
698.075,699.260
698.072,699.256
698.069,699.253
698.067,699.250
698.073,699.258
698.070,699.254
698.068,699.251
698.065,699.248
698.071,699.256
698.073,699.258
698.071,699.255
698.068,699.251
698.062,699.244
698.060,699.241
698.059,699.239
698.062,699.243
