# Physical_Baseline=695.00pF, Trigger_Distance=11.5cm, Atten_Ratio=1.32
Raw_Capacitance(pF),Normalized_Capacitance(pF)
695.004,695.004
695.004,695.005
695.004,695.005
695.005,695.005
695.005,695.005
695.005,695.005
695.001,695.000
695.001,695.000
695.001,695.001
695.002,695.001
695.002,695.001
695.002,695.002
695.003,695.002
695.003,695.003
695.003,695.003
695.003,695.003
695.003,695.003
695.004,695.004
695.004,695.004
695.004,695.004
695.004,695.004
695.004,695.004
695.004,695.004
695.004,695.004
695.004,695.005
695.004,695.005
695.005,695.005
695.005,695.005
695.005,695.005
695.005,695.005
695.005,695.005
695.005,695.005
695.005,695.005
695.005,695.005
695.005,695.005
695.005,695.005
695.005,695.005
695.005,695.005
695.005,695.005
695.005,695.005
695.005,695.005
695.005,695.005
695.005,695.005
695.005,695.005
695.005,695.005
695.005,695.005
695.009,695.010
695.009,695.010
695.004,695.004
695.004,695.004
695.004,695.004
695.004,695.005
695.004,695.005
695.005,695.005
695.005,695.005
695.005,695.005
695.005,695.005
695.005,695.005
695.005,695.005
695.005,695.005
695.005,695.005
695.005,695.005
695.005,695.005
695.005,695.005
695.005,695.005
695.005,695.005
695.005,695.005
695.005,695.005
695.005,695.005
695.005,695.005
695.005,695.005
695.005,695.005
695.005,695.005
695.005,695.005
695.005,695.005
695.005,695.005
695.005,695.005
695.001,695.000
695.001,695.000
695.002,695.001
695.002,695.001
695.002,695.002
695.003,695.002
695.003,695.002
695.003,695.003
695.003,695.003
695.003,695.003
695.004,695.003
695.004,695.004
695.004,695.004
695.004,695.004
695.004,695.004
695.004,695.004
695.004,695.004
695.004,695.004
695.004,695.005
695.000,694.999
695.001,695.000
695.001,695.000
695.002,695.001
695.002,695.001
695.002,695.002
695.003,695.002
695.003,695.002
695.003,695.003
695.003,695.003
695.003,695.003
695.004,695.003
695.004,695.004
695.004,695.004
695.004,695.004
695.004,695.004
695.004,695.004
695.004,695.004
695.004,695.004
695.004,695.005
695.004,695.005
695.005,695.005
695.005,695.005
695.005,695.005
695.005,695.005
695.005,695.005
695.009,695.010
695.008,695.010
695.008,695.010
695.008,695.009
695.008,695.009
695.007,695.008
695.007,695.008
695.007,695.008
695.007,695.008
695.007,695.007
695.006,695.007
695.006,695.007
695.006,695.007
695.006,695.007
695.006,695.007
695.006,695.007
695.006,695.006
695.002,695.001
695.002,695.001
695.002,695.002
695.003,695.002
695.003,695.002
695.003,695.003
695.003,695.003
695.003,695.003
695.004,695.003
695.004,695.004
695.004,695.004
695.004,695.004
695.008,695.009
695.008,695.009
695.008,695.009
695.007,695.008
695.007,695.008
695.003,695.003
695.003,695.003
695.003,695.003
695.003,695.003
695.004,695.004
695.004,695.004
695.004,695.004
695.004,695.004
695.004,695.004
695.004,695.004
695.004,695.004
695.004,695.005
695.004,695.005
695.005,695.005
695.005,695.005
695.005,695.005
695.005,695.005
695.005,695.005
695.005,695.005
695.005,695.005
695.005,695.005
695.005,695.005
695.005,695.005
695.005,695.005
695.005,695.005
695.005,695.005
695.005,695.005
695.005,695.005
695.005,695.005
695.013,695.016
695.012,695.015
695.012,695.014
695.011,695.013
695.010,695.012
695.010,695.012
695.009,695.011
695.009,695.011
695.009,695.010
695.008,695.010
695.008,695.009
695.008,695.009
695.008,695.009
695.007,695.008
695.007,695.008
695.007,695.008
695.007,695.008
695.007,695.007
695.006,695.007
695.006,695.007
695.006,695.007
695.006,695.007
695.006,695.007
695.006,695.007
695.006,695.006
695.006,695.006
695.006,695.006
695.006,695.006
695.006,695.006
695.006,695.006
695.005,695.006
695.005,695.006
695.005,695.006
695.005,695.006
695.005,695.006
695.005,695.006
695.005,695.006
695.005,695.006
695.005,695.006
695.005,695.006
695.005,695.006
695.005,695.006
695.005,695.006
695.005,695.006
695.005,695.006
695.005,695.006
695.005,695.006
695.005,695.006
695.005,695.006
695.005,695.006
695.013,695.017
695.013,695.015
695.012,695.015
695.011,695.014
695.011,695.013
695.006,695.007
694.998,694.996
694.990,694.986
694.992,694.988
694.993,694.990
694.994,694.991
694.995,694.992
694.996,694.994
694.997,694.995
694.990,694.985
694.983,694.976
694.985,694.979
694.987,694.982
694.981,694.973
694.983,694.976
694.985,694.979
694.979,694.971
694.981,694.974
694.984,694.977
694.986,694.980
694.987,694.982
694.981,694.974
694.983,694.977
694.985,694.979
694.987,694.982
694.981,694.973
694.975,694.966
694.978,694.970
694.981,694.973
694.975,694.965
694.969,694.958
694.965,694.952
694.960,694.946
694.957,694.941
694.961,694.947
694.957,694.942
694.954,694.937
694.959,694.944
694.955,694.939
694.952,694.935
694.957,694.941
694.961,694.948
694.965,694.953
694.969,694.958
694.965,694.952
694.960,694.946
694.956,694.941
694.957,694.942
694.953,694.937
694.958,694.944
694.963,694.950
694.967,694.955
694.971,694.960
694.974,694.964
694.977,694.968
694.979,694.972
694.982,694.975
694.984,694.978
694.986,694.980
694.988,694.983
694.982,694.974
694.984,694.977
694.978,694.969
694.972,694.962
694.975,694.966
694.970,694.959
694.965,694.953
694.969,694.958
694.964,694.951
694.960,694.946
694.956,694.941
694.957,694.942
694.953,694.937
694.958,694.943
694.963,694.949
694.967,694.955
694.970,694.960
694.974,694.964
694.977,694.968
694.963,694.950
694.967,694.955
694.963,694.949
694.958,694.944
694.947,694.928
694.944,694.925
694.934,694.911
694.932,694.909
694.939,694.918
694.937,694.916
694.944,694.924
694.942,694.921
694.948,694.929
694.953,694.937
694.950,694.932
694.955,694.939
694.952,694.935
694.949,694.931
694.954,694.938
694.951,694.934
694.948,694.930
694.945,694.926
694.951,694.934
694.956,694.941
694.961,694.947
694.957,694.942
694.953,694.937
694.950,694.933
694.955,694.940
694.952,694.935
694.949,694.931
694.946,694.928
694.948,694.930
694.945,694.926
694.943,694.923
694.940,694.920
694.938,694.917
694.937,694.915
694.935,694.913
694.934,694.911
694.940,694.920
694.947,694.928
694.952,694.935
694.949,694.931
694.946,694.928
694.944,694.924
694.941,694.921
694.948,694.929
694.945,694.926
694.943,694.923
694.940,694.920
694.947,694.928
694.944,694.925
694.950,694.932
694.947,694.928
694.952,694.936
694.949,694.932
694.947,694.928
694.944,694.925
694.942,694.922
694.940,694.919
694.938,694.916
694.936,694.914
694.943,694.923
694.940,694.920
694.938,694.917
694.945,694.926
694.951,694.933
694.956,694.940
694.960,694.946
694.957,694.941
694.953,694.937
694.950,694.932
694.947,694.929
694.944,694.925
694.942,694.922
694.940,694.919
694.938,694.917
694.936,694.914
694.935,694.912
694.933,694.910
694.924,694.898
694.924,694.898
694.923,694.897
694.931,694.907
694.922,694.895
694.922,694.895
694.921,694.895
694.929,694.905
694.928,694.904
694.928,694.903
694.927,694.902
694.926,694.901
694.926,694.900
694.917,694.889
694.917,694.889
694.917,694.889
694.918,694.890
694.918,694.890
694.918,694.890
694.918,694.891
694.910,694.880
694.911,694.881
694.912,694.882
694.913,694.883
694.913,694.884
694.914,694.885
694.914,694.886
694.907,694.876
694.900,694.866
694.902,694.869
694.895,694.860
694.898,694.864
694.900,694.866
694.910,694.879
694.911,694.881
694.904,694.871
694.905,694.873
694.906,694.875
694.908,694.877
694.901,694.867
694.903,694.870
694.896,694.861
694.898,694.864
694.892,694.856
694.887,694.849
694.882,694.842
694.885,694.847
694.889,694.851
694.892,694.855
694.894,694.859
694.889,694.851
694.892,694.855
694.886,694.848
694.889,694.852
694.892,694.856
694.895,694.860
694.897,694.863
694.899,694.866
694.901,694.868
694.895,694.860
694.889,694.852
694.892,694.856
694.895,694.860
694.897,694.863
694.899,694.866
694.901,694.868
694.895,694.860
694.897,694.863
694.899,694.866
694.901,694.868
694.895,694.860
694.897,694.863
694.900,694.866
694.901,694.868
694.895,694.860
694.897,694.863
694.900,694.866
694.897,694.863
694.900,694.866
694.901,694.868
694.895,694.860
694.897,694.863
694.900,694.866
694.901,694.868
694.895,694.860
694.897,694.863
694.900,694.866
694.893,694.858
694.896,694.861
694.898,694.864
694.892,694.856
694.895,694.859
694.897,694.863
694.899,694.865
694.893,694.857
694.896,694.861
694.898,694.864
694.900,694.866
694.902,694.869
694.904,694.871
694.905,694.873
694.907,694.875
694.900,694.866
694.902,694.869
694.903,694.871
694.897,694.862
694.899,694.865
694.893,694.857
694.887,694.850
694.882,694.843
694.886,694.848
694.889,694.852
694.884,694.845
694.887,694.850
694.890,694.854
694.885,694.847
694.880,694.840
694.876,694.835
694.872,694.829
694.876,694.835
694.872,694.830
694.869,694.825
694.866,694.821
694.871,694.828
694.867,694.823
694.864,694.819
694.861,694.815
694.867,694.823
694.864,694.819
694.861,694.815
694.858,694.812
694.856,694.809
694.854,694.806
694.852,694.803
694.851,694.801
694.857,694.810
694.855,694.807
694.853,694.804
694.851,694.802
694.850,694.800
694.848,694.798
694.847,694.796
694.846,694.795
694.845,694.793
694.852,694.803
694.858,694.811
694.856,694.808
694.854,694.806
694.860,694.814
694.858,694.811
694.856,694.808
694.854,694.805
694.852,694.803
694.850,694.800
694.849,694.799
694.847,694.797
694.846,694.795
694.845,694.794
694.844,694.792
694.851,694.802
694.846,694.794
694.845,694.793
694.844,694.792
694.843,694.791
694.850,694.800
694.849,694.798
694.855,694.807
694.861,694.815
694.859,694.812
694.865,694.820
694.862,694.816
694.867,694.823
694.864,694.819
694.870,694.826
694.874,694.832
694.870,694.827
694.867,694.823
694.864,694.819
694.861,694.815
694.859,694.812
694.856,694.809
694.854,694.806
694.852,694.803
694.851,694.801
694.857,694.810
694.855,694.807
694.861,694.815
694.867,694.822
694.864,694.818
694.861,694.815
694.858,694.811
694.856,694.808
694.854,694.806
694.852,694.803
694.850,694.801
694.849,694.799
694.848,694.797
694.846,694.795
694.845,694.794
694.844,694.793
694.851,694.802
694.850,694.800
694.848,694.798
694.855,694.807
694.853,694.804
694.851,694.802
694.850,694.800
694.848,694.798
694.847,694.796
694.846,694.795
694.845,694.793
694.844,694.792
694.851,694.802
694.849,694.799
694.848,694.798
694.847,694.796
694.854,694.805
694.852,694.803
694.850,694.801
694.849,694.799
694.847,694.797
694.846,694.795
694.845,694.794
694.844,694.792
694.851,694.802
694.850,694.800
694.848,694.798
694.847,694.796
694.846,694.795
694.845,694.793
694.844,694.792
694.843,694.791
694.842,694.790
694.841,694.789
694.841,694.788
694.840,694.787
694.839,694.786
694.839,694.786
694.847,694.796
694.846,694.794
694.853,694.804
694.859,694.812
694.857,694.809
694.855,694.806
694.853,694.804
694.851,694.802
694.849,694.799
694.848,694.798
694.847,694.796
694.846,694.794
694.844,694.793
694.844,694.792
694.843,694.791
694.842,694.790
694.837,694.783
694.837,694.783
694.837,694.783
694.836,694.782
694.844,694.793
694.843,694.792
694.843,694.791
694.842,694.789
694.841,694.789
694.841,694.788
694.840,694.787
694.839,694.786
694.839,694.786
694.839,694.785
694.838,694.785
694.838,694.784
694.837,694.784
694.837,694.783
694.837,694.783
694.829,694.772
694.829,694.773
694.830,694.773
694.822,694.763
694.823,694.765
694.816,694.755
694.818,694.758
694.819,694.760
694.821,694.762
694.822,694.763
694.823,694.765
694.824,694.766
694.825,694.768
694.826,694.769
694.827,694.770
694.820,694.760
694.821,694.762
694.822,694.764
694.823,694.765
694.833,694.777
694.833,694.777
694.833,694.778
694.833,694.778
694.833,694.778
694.829,694.773
694.830,694.774
694.830,694.774
694.822,694.764
694.815,694.755
694.817,694.757
694.819,694.759
694.820,694.761
694.822,694.763
694.823,694.765
694.824,694.766
694.825,694.767
694.826,694.768
694.827,694.770
694.836,694.781
694.835,694.781
694.843,694.792
694.843,694.791
694.850,694.800
694.857,694.809
694.854,694.806
694.853,694.804
694.851,694.802
694.849,694.799
694.844,694.792
694.851,694.802
694.858,694.810
694.855,694.807
694.853,694.805
694.852,694.802
694.850,694.800
694.849,694.798
694.847,694.797
694.846,694.795
694.845,694.794
694.844,694.792
694.843,694.791
694.842,694.790
694.850,694.800
694.848,694.798
694.839,694.785
694.838,694.785
694.830,694.774
694.830,694.774
694.831,694.775
694.839,694.786
694.831,694.775
694.831,694.775
694.831,694.776
694.832,694.776
694.832,694.776
694.832,694.777
694.832,694.777
694.833,694.777
694.833,694.777
694.833,694.778
694.829,694.773
694.830,694.773
694.830,694.774
694.830,694.774
694.831,694.775
694.831,694.775
694.831,694.776
694.832,694.776
694.832,694.777
694.832,694.777
694.832,694.777
694.833,694.777
694.833,694.778
694.825,694.767
694.826,694.768
694.827,694.769
694.819,694.760
694.821,694.762
694.822,694.763
694.815,694.754
694.817,694.756
694.818,694.759
694.820,694.761
694.821,694.763
694.823,694.764
694.820,694.760
694.813,694.751
694.815,694.754
694.809,694.746
694.811,694.749
694.813,694.752
694.815,694.755
694.809,694.746
694.812,694.749
694.814,694.752
694.816,694.755
694.817,694.757
694.819,694.759
694.821,694.761
694.822,694.763
694.831,694.775
694.831,694.776
694.832,694.776
694.832,694.777
694.832,694.777
694.832,694.777
694.825,694.767
694.826,694.768
694.826,694.769
694.819,694.759
694.820,694.761
694.818,694.758
694.819,694.760
694.821,694.762
694.814,694.753
694.816,694.755
694.818,694.758
694.819,694.760
694.821,694.762
694.822,694.763
694.823,694.765
694.824,694.766
694.825,694.768
694.826,694.769
694.827,694.770
694.828,694.771
694.828,694.772
694.829,694.772
694.829,694.773
694.830,694.774
694.830,694.774
694.831,694.775
694.823,694.765
694.824,694.766
694.825,694.767
694.818,694.758
694.819,694.760
694.821,694.762
694.822,694.763
694.823,694.765
694.816,694.756
694.810,694.747
694.812,694.750
694.814,694.753
694.808,694.745
694.811,694.748
694.813,694.751
694.815,694.754
694.817,694.756
694.818,694.759
694.820,694.761
694.821,694.763
694.815,694.753
694.808,694.745
694.811,694.748
694.809,694.746
694.811,694.749
694.814,694.752
694.807,694.744
694.810,694.748
694.804,694.740
694.807,694.744
694.802,694.736
694.805,694.740
694.807,694.744
694.810,694.748
694.804,694.740
694.807,694.744
694.810,694.747
694.804,694.739
694.807,694.743
694.810,694.747
694.804,694.739
694.807,694.743
694.809,694.747
694.812,694.750
694.814,694.753
694.816,694.755
694.818,694.757
694.811,694.749
694.813,694.752
694.807,694.744
694.810,694.747
694.812,694.750
694.806,694.742
694.809,694.746
694.811,694.749
694.813,694.752
694.807,694.744
694.810,694.747
694.812,694.750
694.814,694.753
694.816,694.756
694.818,694.758
694.820,694.760
694.821,694.762
694.822,694.764
694.823,694.765
694.816,694.756
694.810,694.747
694.804,694.740
694.799,694.733
694.794,694.726
694.798,694.731
694.801,694.736
694.796,694.729
694.800,694.734
694.795,694.728
694.799,694.733
694.794,694.726
694.798,694.731
694.801,694.736
694.805,694.740
694.799,694.733
694.803,694.738
694.806,694.742
694.808,694.745
694.811,694.749
694.805,694.741
694.808,694.745
694.810,694.748
694.813,694.751
694.815,694.754
694.817,694.756
694.818,694.758
694.812,694.750
694.814,694.753
694.816,694.755
694.818,694.758
694.811,694.749
694.813,694.752
694.807,694.744
694.806,694.742
694.809,694.745
694.811,694.749
694.813,694.752
694.807,694.744
694.806,694.742
694.796,694.729
694.788,694.718
694.784,694.713
694.789,694.720
694.785,694.714
694.782,694.710
694.787,694.717
694.791,694.723
694.787,694.717
694.792,694.723
694.788,694.718
694.792,694.724
694.788,694.718
694.784,694.713
694.781,694.709
694.778,694.705
694.775,694.701
694.781,694.709
694.778,694.705
694.783,694.712
694.788,694.718
694.788,694.719
694.793,694.725
694.789,694.719
694.793,694.725
694.789,694.719
694.785,694.714
694.782,694.710
694.778,694.706
694.784,694.713
694.789,694.719
694.793,694.725
694.789,694.719
694.785,694.714
694.782,694.710
694.778,694.706
694.776,694.702
694.773,694.699
694.771,694.696
694.769,694.693
694.767,694.690
694.773,694.699
694.771,694.696
694.769,694.693
694.767,694.690
694.765,694.688
694.764,694.686
694.762,694.684
694.761,694.683
694.760,694.681
694.759,694.680
694.758,694.678
694.757,694.677
694.764,694.687
694.763,694.685
694.762,694.683
694.760,694.682
694.759,694.680
694.758,694.679
694.757,694.678
694.765,694.688
694.763,694.686
694.762,694.684
694.769,694.693
694.767,694.690
694.773,694.699
694.779,694.707
694.784,694.713
694.781,694.709
694.786,694.716
694.791,694.722
694.787,694.717
694.791,694.723
694.795,694.728
694.791,694.722
694.795,694.728
694.791,694.722
694.791,694.722
694.787,694.717
694.783,694.712
694.788,694.718
694.792,694.724
694.788,694.719
694.789,694.719
694.781,694.709
694.786,694.716
694.782,694.711
694.779,694.707
694.776,694.703
694.774,694.700
694.780,694.707
694.777,694.703
694.782,694.711
694.787,694.717
694.792,694.723
694.788,694.718
694.784,694.713
694.789,694.719
694.793,694.725
694.797,694.730
694.792,694.724
694.796,694.730
694.792,694.724
694.788,694.718
694.784,694.713
694.781,694.709
694.786,694.716
694.791,694.722
694.795,694.727
694.798,694.732
694.794,694.726
694.789,694.720
694.794,694.726
694.789,694.720
694.786,694.715
694.782,694.711
694.787,694.717
694.784,694.712
694.780,694.708
694.781,694.710
694.786,694.716
694.783,694.712
694.780,694.707
694.777,694.703
694.774,694.700
694.780,694.708
694.785,694.714
694.786,694.715
694.790,694.721
694.786,694.716
694.783,694.712
694.788,694.718
694.784,694.713
694.781,694.709
694.778,694.705
694.775,694.701
694.772,694.698
694.770,694.695
694.768,694.692
694.766,694.690
694.765,694.688
694.763,694.686
694.762,694.684
694.761,694.682
694.760,694.681
694.759,694.679
694.766,694.689
694.764,694.687
694.763,694.685
694.770,694.694
694.768,694.691
694.766,694.689
694.764,694.687
694.763,694.685
694.770,694.694
694.768,694.691
694.766,694.689
694.764,694.687
694.771,694.696
694.769,694.693
694.767,694.691
694.765,694.688
694.764,694.686
694.770,694.695
694.768,694.692
694.775,694.701
694.780,694.708
694.786,694.715
694.782,694.710
694.779,694.706
694.784,694.713
694.781,694.709
694.778,694.705
694.783,694.712
694.780,694.708
694.781,694.709
694.778,694.705
694.783,694.712
694.780,694.708
694.785,694.715
694.782,694.710
694.779,694.706
694.776,694.702
694.781,694.710
694.778,694.706
694.776,694.702
694.773,694.699
694.779,694.706
694.784,694.713
694.781,694.709
694.778,694.705
694.775,694.701
694.773,694.698
694.778,694.706
694.776,694.702
694.773,694.699
694.771,694.696
694.769,694.693
694.767,694.690
694.765,694.688
694.764,694.686
694.762,694.684
694.769,694.693
694.767,694.691
694.765,694.689
694.772,694.697
694.770,694.694
694.776,694.702
694.773,694.699
694.771,694.696
694.769,694.693
694.767,694.691
694.761,694.683
694.760,694.682
694.767,694.691
694.774,694.699
694.771,694.696
694.769,694.693
694.775,694.702
694.773,694.698
694.779,694.706
694.784,694.713
694.781,694.709
694.786,694.715
694.782,694.711
694.779,694.707
694.784,694.714
694.781,694.709
694.786,694.716
694.783,694.711
694.779,694.707
694.777,694.703
694.774,694.700
694.768,694.691
694.766,694.689
694.772,694.698
694.770,694.695
694.776,694.703
694.774,694.699
694.771,694.696
694.777,694.704
694.783,694.711
694.788,694.718
694.784,694.713
694.789,694.719
694.789,694.720
694.785,694.715
694.790,694.721
694.794,694.727
694.790,694.721
694.786,694.716
694.782,694.711
694.779,694.707
694.776,694.703
694.774,694.700
694.780,694.707
694.777,694.703
694.782,694.711
694.787,694.717
694.784,694.712
694.788,694.719
694.785,694.714
694.789,694.720
694.786,694.715
694.790,694.721
694.786,694.716
694.783,694.711
694.779,694.707
694.785,694.714
694.789,694.720
694.786,694.715
694.790,694.721
694.786,694.716
694.783,694.712
694.780,694.707
694.777,694.703
694.774,694.700
694.780,694.707
694.777,694.704
694.774,694.700
694.780,694.708
694.785,694.715
694.782,694.710
694.779,694.706
694.776,694.702
694.781,694.710
694.778,694.705
694.775,694.702
694.781,694.709
694.786,694.716
694.791,694.722
694.795,694.727
694.795,694.727
694.790,694.721
694.794,694.727
694.798,694.732
694.802,694.736
694.805,694.741
694.799,694.734
694.795,694.727
694.798,694.732
694.802,694.737
694.805,694.741
694.800,694.734
694.803,694.738
694.798,694.731
694.801,694.736
694.805,694.740
694.799,694.733
694.794,694.727
694.798,694.732
694.802,694.736
694.805,694.741
694.808,694.744
694.802,694.737
694.797,694.730
694.792,694.724
694.796,694.730
694.800,694.734
694.803,694.739
694.806,694.743
694.801,694.735
694.804,694.740
694.799,694.733
694.802,694.737
694.797,694.730
694.793,694.724
694.788,694.719
694.793,694.725
694.789,694.719
694.793,694.725
694.797,694.730
694.792,694.724
694.788,694.719
694.785,694.714
694.781,694.709
694.778,694.705
694.775,694.702
694.781,694.709
694.778,694.705
694.775,694.701
694.773,694.698
694.779,694.706
694.776,694.702
694.773,694.699
694.779,694.707
694.776,694.703
694.774,694.699
694.771,694.696
694.769,694.693
694.767,694.691
694.766,694.689
694.764,694.686
694.763,694.685
694.761,694.683
694.760,694.681
694.759,694.680
694.762,694.684
694.765,694.688
694.772,694.697
694.770,694.694
694.768,694.691
694.766,694.689
694.764,694.687
694.763,694.685
694.766,694.689
694.764,694.687
694.763,694.685
694.769,694.694
694.767,694.691
694.766,694.689
694.772,694.697
694.766,694.689
694.768,694.693
694.771,694.696
694.769,694.693
694.775,694.701
694.772,694.698
694.770,694.695
694.776,694.703
694.774,694.699
694.771,694.696
694.769,694.693
694.767,694.691
694.766,694.689
694.764,694.686
694.763,694.685
694.761,694.683
694.760,694.681
694.759,694.680
694.758,694.679
694.757,694.678
694.756,694.677
694.756,694.676
694.747,694.664
694.747,694.664
694.747,694.665
694.747,694.665
694.748,694.665
694.756,694.676
694.755,694.675
694.755,694.674
694.754,694.673
694.754,694.673
694.753,694.672
694.753,694.672
694.752,694.671
694.752,694.671
694.752,694.670
694.760,694.681
694.759,694.679
694.766,694.689
694.764,694.687
694.771,694.696
694.777,694.704
694.774,694.700
694.780,694.708
694.777,694.704
694.774,694.700
694.780,694.708
694.785,694.715
694.782,694.710
694.779,694.706
694.776,694.702
694.773,694.699
694.771,694.696
694.769,694.693
694.775,694.701
694.773,694.698
694.770,694.695
694.768,694.692
694.767,694.690
694.765,694.688
694.763,694.686
694.762,694.684
694.761,694.682
694.760,694.681
694.759,694.680
694.758,694.678
694.757,694.677
694.756,694.676
694.764,694.686
694.762,694.684
694.761,694.683
694.760,694.681
694.759,694.680
694.762,694.684
694.765,694.688
694.767,694.691
694.766,694.689
694.764,694.687
694.771,694.696
694.769,694.693
694.775,694.701
694.772,694.698
694.770,694.695
694.772,694.698
694.774,694.700
694.780,694.708
694.777,694.704
694.782,694.711
694.779,694.707
694.785,694.714
694.781,694.709
694.786,694.716
694.783,694.711
694.779,694.707
694.785,694.714
694.781,694.709
694.778,694.705
694.775,694.702
694.773,694.698
694.771,694.695
694.769,694.693
694.767,694.690
694.765,694.688
694.772,694.697
694.778,694.705
694.775,694.701
694.772,694.698
694.778,694.706
694.784,694.713
694.789,694.719
694.793,694.725
694.797,694.730
694.792,694.724
694.788,694.719
694.789,694.719
694.789,694.720
694.781,694.709
694.786,694.716
694.783,694.711
694.779,694.707
694.777,694.703
694.782,694.710
694.779,694.706
694.776,694.702
694.782,694.710
694.778,694.706
694.776,694.702
694.773,694.699
694.779,694.706
694.780,694.708
694.785,694.715
694.782,694.710
694.779,694.706
694.784,694.713
694.781,694.709
694.778,694.705
694.783,694.712
694.788,694.718
694.784,694.713
694.781,694.709
694.778,694.705
694.783,694.712
694.788,694.718
694.792,694.724
694.788,694.719
694.793,694.725
694.789,694.719
694.785,694.714
694.789,694.720
694.794,694.726
694.798,694.731
694.793,694.725
694.785,694.714
694.785,694.715
694.778,694.705
694.779,694.707
694.776,694.703
694.766,694.689
694.764,694.687
694.763,694.685
694.761,694.683
694.768,694.692
694.766,694.690
694.765,694.688
694.763,694.686
694.770,694.695
694.768,694.692
694.766,694.690
694.765,694.687
694.771,694.696
694.769,694.693
694.767,694.691
694.766,694.689
694.764,694.686
694.763,694.685
694.761,694.683
694.760,694.681
694.759,694.680
694.758,694.679
694.765,694.688
694.764,694.686
694.762,694.684
694.761,694.683
694.760,694.681
694.759,694.680
694.758,694.679
694.757,694.677
694.756,694.676
694.756,694.676
694.755,694.675
694.754,694.674
694.754,694.673
694.753,694.673
694.753,694.672
694.753,694.672
694.752,694.671
694.752,694.671
694.760,694.681
694.767,694.690
694.773,694.699
694.771,694.696
694.769,694.693
694.767,694.691
694.765,694.688
694.764,694.686
694.762,694.684
694.761,694.683
694.760,694.681
694.767,694.691
694.765,694.688
694.764,694.686
694.762,694.684
694.761,694.683
694.760,694.681
694.759,694.680
694.758,694.679
694.765,694.688
694.764,694.686
694.762,694.684
694.769,694.693
694.767,694.691
694.766,694.689
694.764,694.686
694.763,694.685
694.761,694.683
694.760,694.681
694.759,694.680
694.758,694.679
694.757,694.678
694.756,694.677
694.756,694.676
694.755,694.675
694.754,694.674
694.754,694.673
694.753,694.673
694.753,694.672
694.761,694.682
694.760,694.681
694.759,694.679
694.758,694.678
694.757,694.677
694.756,694.676
694.760,694.681
694.755,694.674
694.762,694.684
694.769,694.693
694.775,694.702
694.773,694.698
694.771,694.695
694.777,694.703
694.774,694.700
694.772,694.697
694.769,694.694
694.768,694.691
694.766,694.689
694.772,694.698
694.770,694.695
694.768,694.692
694.766,694.690
694.765,694.687
694.763,694.685
694.762,694.684
694.761,694.682
694.768,694.691
694.762,694.684
694.761,694.682
694.759,694.681
694.758,694.679
694.762,694.684
694.765,694.687
694.759,694.680
694.758,694.679
694.757,694.678
694.756,694.677
694.756,694.676
694.755,694.675
694.763,694.685
694.761,694.683
694.760,694.682
694.751,694.669
694.751,694.669
694.751,694.669
694.750,694.669
694.750,694.669
694.750,694.668
694.750,694.668
694.750,694.668
694.750,694.668
694.750,694.668
694.754,694.673
694.753,694.673
694.753,694.672
694.753,694.671
694.752,694.671
694.752,694.671
694.752,694.670
694.751,694.670
694.751,694.670
694.743,694.659
694.735,694.649
694.737,694.650
694.738,694.652
694.739,694.653
694.740,694.655
694.741,694.656
694.741,694.657
694.742,694.658
694.743,694.659
694.743,694.659
694.744,694.660
694.745,694.661
694.753,694.672
694.753,694.672
694.752,694.671
694.752,694.671
694.760,694.681
694.759,694.680
694.758,694.679
694.757,694.677
694.756,694.676
694.756,694.676
694.755,694.675
694.759,694.679
694.762,694.684
694.760,694.682
694.763,694.686
694.754,694.673
694.753,694.673
694.753,694.672
694.753,694.672
694.752,694.671
694.752,694.671
694.752,694.670
694.743,694.659
694.744,694.660
694.744,694.661
694.737,694.650
694.738,694.652
694.739,694.653
694.740,694.655
694.741,694.656
694.742,694.657
694.734,694.647
694.736,694.649
694.737,694.651
694.738,694.652
694.739,694.654
694.732,694.644
694.734,694.646
694.735,694.648
694.736,694.650
694.738,694.652
694.739,694.653
694.748,694.665
694.748,694.665
694.756,694.676
694.755,694.675
694.763,694.685
694.762,694.683
694.752,694.671
694.752,694.671
694.752,694.670
694.751,694.670
694.751,694.670
694.751,694.669
694.751,694.669
694.759,694.680
694.758,694.678
694.757,694.677
694.756,694.676
694.756,694.675
694.755,694.675
694.754,694.674
694.754,694.673
694.753,694.673
694.753,694.672
694.753,694.672
694.760,694.682
694.759,694.680
694.758,694.679
694.757,694.678
694.757,694.677
694.756,694.676
694.755,694.675
694.755,694.674
694.754,694.673
694.754,694.673
694.753,694.672
694.753,694.672
694.752,694.671
694.752,694.671
694.752,694.670
694.752,694.670
694.755,694.675
694.755,694.674
694.754,694.674
694.754,694.673
694.753,694.672
694.753,694.672
694.753,694.671
694.752,694.671
694.752,694.671
694.752,694.670
694.751,694.670
694.751,694.670
694.751,694.669
694.751,694.669
694.751,694.669
694.750,694.669
694.750,694.668
694.750,694.668
694.754,694.674
694.754,694.673
694.753,694.672
694.753,694.672
694.761,694.682
694.759,694.681
694.758,694.679
694.758,694.678
694.757,694.677
694.756,694.676
694.755,694.675
694.755,694.674
694.754,694.674
694.754,694.673
694.753,694.672
694.753,694.672
694.761,694.682
694.760,694.681
694.759,694.679
694.758,694.678
694.757,694.677
694.756,694.676
694.755,694.675
694.759,694.680
694.754,694.673
694.749,694.667
694.749,694.667
694.758,694.678
694.757,694.677
694.756,694.676
694.755,694.675
694.755,694.674
694.754,694.674
694.762,694.684
694.761,694.682
694.759,694.681
694.758,694.679
694.758,694.678
694.757,694.677
694.756,694.676
694.755,694.675
694.755,694.674
694.754,694.674
694.754,694.673
694.753,694.672
694.753,694.672
694.753,694.671
694.744,694.660
694.745,694.661
694.745,694.661
694.745,694.662
694.738,694.652
694.731,694.642
694.724,694.634
694.718,694.626
694.717,694.625
694.720,694.629
694.723,694.632
694.726,694.636
694.728,694.639
694.730,694.641
694.732,694.644
694.725,694.635
694.727,694.638
694.729,694.641
694.731,694.643
694.733,694.646
694.734,694.648
694.736,694.649
694.737,694.651
694.738,694.653
694.739,694.654
694.740,694.655
694.741,694.656
694.742,694.657
694.742,694.658
694.743,694.659
694.744,694.660
694.736,694.650
694.737,694.651
694.738,694.653
694.739,694.654
694.740,694.655
694.741,694.656
694.742,694.657
694.742,694.658
694.735,694.648
694.736,694.650
694.729,694.641
694.735,694.649
694.733,694.645
694.734,694.647
694.736,694.649
694.737,694.651
694.738,694.652
694.739,694.654
694.740,694.655
694.741,694.656
694.734,694.646
694.735,694.648
694.736,694.650
694.738,694.652
694.739,694.653
694.740,694.654
694.732,694.645
694.734,694.647
694.735,694.649
694.729,694.640
694.731,694.642
694.724,694.634
694.718,694.626
694.721,694.630
694.724,694.634
694.718,694.626
694.721,694.630
694.720,694.628
694.719,694.627
694.721,694.630
694.724,694.634
694.727,694.637
694.729,694.640
694.731,694.642
694.732,694.645
694.734,694.647
694.735,694.649
694.737,694.650
694.738,694.652
694.739,694.653
694.740,694.655
694.741,694.656
694.741,694.657
694.742,694.658
694.743,694.659
694.743,694.659
694.744,694.660
694.745,694.661
694.745,694.661
694.745,694.662
694.746,694.662
694.746,694.663
694.746,694.663
694.747,694.663
694.743,694.658
694.739,694.654
694.740,694.655
694.733,694.646
694.734,694.648
694.728,694.639
694.730,694.641
694.732,694.644
694.733,694.646
694.735,694.648
694.736,694.650
694.737,694.651
694.730,694.642
694.732,694.644
694.734,694.646
694.735,694.648
694.736,694.650
694.738,694.652
694.731,694.642
694.732,694.645
694.734,694.647
694.735,694.649
694.737,694.650
694.738,694.652
694.739,694.653
694.740,694.655
694.741,694.656
694.742,694.657
694.742,694.658
694.743,694.659
694.743,694.659
694.744,694.660
694.745,694.661
694.745,694.661
694.745,694.662
694.746,694.662
694.746,694.663
694.746,694.663
694.738,694.653
694.739,694.654
694.740,694.655
694.741,694.656
694.742,694.657
694.743,694.658
694.743,694.659
694.744,694.660
694.744,694.660
694.745,694.661
694.741,694.656
694.738,694.652
694.735,694.648
694.736,694.650
694.737,694.651
694.739,694.653
694.740,694.654
694.740,694.655
694.733,694.646
694.735,694.648
694.736,694.650
694.737,694.651
694.738,694.653
694.739,694.654
694.732,694.644
694.734,694.647
694.735,694.648
694.736,694.650
694.738,694.652
694.739,694.653
694.740,694.655
694.741,694.656
694.741,694.657
694.742,694.658
694.743,694.659
694.735,694.649
694.737,694.650
694.730,694.641
694.731,694.644
694.725,694.635
694.727,694.638
694.729,694.641
694.723,694.632
694.717,694.625
694.720,694.629
694.723,694.633
694.717,694.625
694.720,694.629
694.723,694.633
694.726,694.636
694.728,694.639
694.722,694.631
694.724,694.634
694.727,694.637
694.721,694.629
694.715,694.622
694.710,694.616
694.714,694.620
694.717,694.625
694.720,694.629
694.723,694.632
694.726,694.636
694.728,694.639
694.730,694.641
694.732,694.644
694.725,694.635
694.727,694.638
694.729,694.641
694.731,694.643
694.737,694.651
694.742,694.658
694.739,694.654
694.736,694.650
694.737,694.651
694.738,694.653
694.739,694.654
694.732,694.644
694.734,694.647
694.727,694.638
694.729,694.640
694.731,694.643
694.733,694.645
694.726,694.637
694.728,694.639
694.730,694.642
694.724,694.634
694.718,694.626
694.721,694.630
694.724,694.633
694.726,694.637
694.728,694.639
694.730,694.642
694.736,694.650
694.733,694.646
694.735,694.648
694.736,694.650
694.737,694.651
694.738,694.653
694.739,694.654
694.740,694.655
694.741,694.656
694.742,694.657
694.743,694.658
694.743,694.659
694.744,694.660
694.736,694.650
694.737,694.651
694.738,694.653
694.739,694.654
694.740,694.655
694.741,694.656
694.742,694.657
694.743,694.658
694.743,694.659
694.744,694.660
694.744,694.660
694.741,694.656
694.741,694.657
694.742,694.658
694.735,694.648
694.736,694.650
694.729,694.641
694.731,694.643
694.733,694.645
694.734,694.647
694.736,694.649
694.737,694.651
694.734,694.647
694.732,694.644
694.725,694.635
694.719,694.627
694.722,694.631
694.716,694.624
694.720,694.628
694.718,694.626
694.721,694.630
694.724,694.634
694.718,694.626
694.721,694.630
694.724,694.633
694.718,694.626
694.721,694.630
694.724,694.633
694.722,694.631
694.716,694.624
694.720,694.628
694.714,694.621
694.718,694.625
694.721,694.629
694.723,694.633
694.726,694.636
694.728,694.639
694.722,694.631
694.724,694.634
694.719,694.626
694.713,694.619
694.717,694.624
694.720,694.628
694.723,694.632
694.725,694.635
694.719,694.627
694.722,694.631
694.716,694.624
694.711,694.617
694.707,694.611
694.719,694.627
694.722,694.631
694.724,694.634
694.727,694.637
694.729,694.640
694.731,694.643
694.724,694.634
694.727,694.637
694.729,694.640
694.727,694.637
694.721,694.629
694.715,694.622
694.710,694.616
694.714,694.621
694.717,694.625
694.720,694.629
694.723,694.633
694.726,694.636
694.728,694.639
694.730,694.641
694.736,694.649
694.737,694.651
694.742,694.658
694.743,694.659
694.743,694.659
694.744,694.660
694.753,694.672
694.752,694.671
694.752,694.671
694.752,694.670
694.751,694.670
694.751,694.670
694.751,694.669
694.751,694.669
694.751,694.669
694.759,694.679
694.766,694.689
694.764,694.687
694.763,694.685
694.761,694.683
694.760,694.682
694.759,694.680
694.758,694.679
694.757,694.678
694.748,694.666
694.740,694.655
694.741,694.656
694.742,694.657
694.739,694.653
694.740,694.654
694.740,694.655
694.733,694.646
694.735,694.648
694.736,694.650
694.729,694.640
694.723,694.632
694.725,694.635
694.719,694.628
694.722,694.631
694.725,694.635
694.727,694.638
694.729,694.641
694.731,694.643
694.733,694.645
694.734,694.647
694.736,694.649
694.737,694.651
694.738,694.653
694.739,694.654
694.740,694.655
694.741,694.656
694.742,694.657
694.742,694.658
694.743,694.659
694.744,694.660
694.744,694.660
694.745,694.661
694.745,694.661
694.737,694.651
694.738,694.653
694.739,694.654
694.740,694.655
694.741,694.656
694.742,694.657
694.743,694.658
694.743,694.659
694.744,694.660
694.744,694.660
694.745,694.661
694.745,694.662
694.745,694.662
694.754,694.673
694.753,694.673
694.753,694.672
694.753,694.672
694.752,694.671
694.752,694.671
694.748,694.665
694.748,694.665
694.744,694.660
694.744,694.661
694.745,694.661
694.745,694.662
694.746,694.662
694.746,694.663
694.746,694.663
694.746,694.663
694.747,694.664
694.747,694.664
694.747,694.664
694.747,694.664
694.747,694.665
694.744,694.660
694.744,694.660
694.736,694.650
694.738,694.652
694.739,694.653
694.740,694.655
694.741,694.656
694.741,694.657
694.742,694.658
694.743,694.659
694.743,694.659
694.744,694.660
694.749,694.666
694.749,694.666
694.749,694.666
694.749,694.666
694.749,694.666
694.749,694.666
694.741,694.656
694.733,694.646
694.727,694.637
694.721,694.629
694.723,694.633
694.726,694.636
694.728,694.639
694.730,694.642
694.732,694.644
694.733,694.646
694.735,694.648
694.732,694.645
694.734,694.647
694.735,694.649
694.737,694.650
694.738,694.652
694.739,694.653
694.740,694.655
694.741,694.656
694.733,694.646
694.743,694.659
694.744,694.660
694.752,694.671
694.752,694.671
694.760,694.681
694.759,694.680
694.758,694.678
694.757,694.677
694.756,694.676
694.756,694.675
694.755,694.675
694.754,694.674
694.754,694.673
694.753,694.673
694.753,694.672
694.753,694.672
694.760,694.682
694.759,694.680
694.766,694.690
694.765,694.688
694.763,694.686
694.762,694.684
694.761,694.682
694.760,694.681
694.759,694.679
694.758,694.678
694.757,694.677
694.756,694.676
694.755,694.675
694.755,694.674
694.754,694.674
694.754,694.673
694.753,694.672
694.753,694.672
694.761,694.682
694.760,694.681
694.759,694.679
694.758,694.678
694.765,694.688
694.763,694.686
694.762,694.684
694.769,694.693
694.767,694.691
694.765,694.688
694.764,694.686
694.762,694.684
694.769,694.694
694.767,694.691
694.774,694.699
694.779,694.707
694.785,694.714
694.789,694.720
694.794,694.726
694.798,694.731
694.801,694.736
694.804,694.740
694.807,694.744
694.802,694.736
694.797,694.730
694.792,694.724
694.788,694.718
694.792,694.724
694.788,694.719
694.793,694.724
694.788,694.719
694.785,694.714
694.789,694.720
694.794,694.726
694.789,694.720
694.786,694.715
694.782,694.711
694.779,694.706
694.776,694.703
694.773,694.699
694.779,694.707
694.776,694.703
694.774,694.700
694.771,694.696
694.769,694.694
694.767,694.691
694.766,694.689
694.764,694.687
694.771,694.695
694.769,694.693
694.767,694.690
694.765,694.688
694.763,694.686
694.770,694.695
694.776,694.703
694.774,694.699
694.780,694.707
694.785,694.714
694.789,694.720
694.794,694.726
694.789,694.720
694.794,694.726
694.789,694.720
694.786,694.715
694.782,694.711
694.779,694.706
694.776,694.703
694.774,694.699
694.771,694.696
694.769,694.693
694.767,694.691
694.766,694.689
694.764,694.686
694.771,694.695
694.777,694.703
694.782,694.711
694.779,694.707
694.784,694.713
694.781,694.709
694.786,694.716
694.791,694.722
694.795,694.727
694.790,694.722
694.795,694.727
694.790,694.721
694.786,694.716
694.791,694.722
694.795,694.728
694.791,694.722
694.787,694.717
694.783,694.712
694.780,694.708
694.785,694.715
694.782,694.710
694.779,694.706
694.776,694.702
694.773,694.699
694.771,694.696
694.769,694.693
694.767,694.691
694.765,694.688
694.764,694.686
694.762,694.684
694.761,694.683
694.760,694.681
694.759,694.680
694.758,694.679
694.757,694.677
694.756,694.676
694.764,694.686
694.762,694.684
694.769,694.693
694.767,694.691
694.774,694.699
694.779,694.707
694.777,694.703
694.774,694.700
694.772,694.697
694.769,694.694
694.767,694.691
694.766,694.689
694.764,694.687
694.771,694.696
694.769,694.693
694.767,694.690
694.765,694.688
694.764,694.686
694.762,694.684
694.761,694.683
694.760,694.681
694.759,694.680
694.762,694.684
694.761,694.682
694.760,694.681
694.759,694.679
694.758,694.678
694.757,694.677
694.756,694.676
694.755,694.675
694.755,694.674
694.754,694.674
694.754,694.673
694.753,694.672
694.753,694.672
694.753,694.671
694.752,694.671
694.752,694.671
694.752,694.670
694.751,694.670
694.751,694.670
694.751,694.669
694.751,694.669
694.751,694.669
694.750,694.669
694.750,694.668
694.750,694.668
694.750,694.668
694.750,694.668
694.750,694.668
694.750,694.668
694.750,694.668
694.750,694.668
694.750,694.668
694.750,694.667
694.749,694.667
694.749,694.667
694.749,694.667
694.749,694.667
694.753,694.673
694.757,694.677
694.756,694.676
694.752,694.670
694.751,694.670
694.751,694.669
694.751,694.669
694.751,694.669
694.750,694.669
694.750,694.669
694.750,694.668
694.750,694.668
694.750,694.668
694.750,694.668
694.750,694.668
694.750,694.668
694.750,694.668
694.750,694.668
694.754,694.673
694.749,694.667
694.753,694.672
694.761,694.683
694.760,694.681
694.759,694.680
694.758,694.679
694.757,694.677
694.756,694.676
694.756,694.676
694.755,694.675
694.754,694.674
694.762,694.684
694.761,694.682
694.760,694.681
694.759,694.680
694.758,694.678
694.765,694.688
694.764,694.686
694.762,694.684
694.769,694.693
694.767,694.691
694.765,694.689
694.764,694.686
694.762,694.685
694.753,694.672
694.753,694.672
694.744,694.660
694.745,694.661
694.745,694.662
694.745,694.662
694.746,694.663
694.750,694.668
694.750,694.668
694.750,694.668
694.750,694.668
694.750,694.668
694.750,694.668
694.742,694.657
694.742,694.658
694.743,694.659
694.743,694.659
694.744,694.660
694.745,694.661
694.745,694.661
694.745,694.662
694.746,694.662
694.742,694.658
694.739,694.653
694.740,694.654
694.732,694.645
694.734,694.647
694.735,694.649
694.737,694.650
694.734,694.647
694.735,694.649
694.728,694.640
694.722,694.631
694.725,694.635
694.727,694.638
694.729,694.641
694.731,694.643
694.725,694.635
694.727,694.638
694.729,694.640
694.731,694.643
694.729,694.640
694.723,694.632
694.725,694.635
694.731,694.644
694.733,694.646
694.735,694.648
694.736,694.650
694.737,694.651
694.738,694.653
694.739,694.654
694.740,694.655
694.741,694.656
694.742,694.657
694.742,694.658
694.743,694.659
694.744,694.660
694.744,694.660
694.745,694.661
694.745,694.662
694.745,694.662
694.746,694.663
694.746,694.663
694.746,694.663
694.747,694.664
694.747,694.664
694.747,694.664
694.739,694.654
694.740,694.655
694.741,694.656
694.742,694.657
694.742,694.658
694.743,694.659
694.743,694.659
694.744,694.660
694.736,694.650
694.738,694.652
694.739,694.653
694.736,694.649
694.733,694.645
694.734,694.647
694.736,694.649
694.729,694.640
694.731,694.643
694.724,694.634
694.727,694.637
694.729,694.640
694.731,694.643
694.732,694.645
694.734,694.647
694.735,694.649
694.737,694.651
694.738,694.652
694.739,694.653
694.740,694.655
694.741,694.656
694.742,694.657
694.742,694.658
694.743,694.659
694.743,694.659
694.744,694.660
694.745,694.661
694.745,694.661
694.745,694.662
694.746,694.662
694.746,694.663
694.746,694.663
694.738,694.653
694.739,694.654
694.740,694.655
694.741,694.656
694.734,694.647
694.735,694.649
694.737,694.650
694.738,694.652
694.739,694.653
694.740,694.655
694.741,694.656
694.741,694.657
694.750,694.668
694.750,694.668
694.750,694.668
694.750,694.668
694.750,694.668
694.742,694.657
694.734,694.647
694.736,694.649
694.737,694.651
694.738,694.652
694.739,694.654
694.732,694.644
694.734,694.646
694.735,694.648
694.728,694.639
694.730,694.642
694.732,694.644
694.734,694.646
694.735,694.648
694.736,694.650
694.738,694.652
694.731,694.642
694.724,694.634
694.727,694.637
694.729,694.640
694.731,694.642
694.724,694.634
694.727,694.637
694.729,694.640
694.731,694.642
694.732,694.645
694.734,694.647
694.735,694.649
694.737,694.650
694.738,694.652
694.739,694.653
694.740,694.655
694.741,694.656
694.742,694.657
694.742,694.658
694.743,694.659
694.743,694.659
694.744,694.660
694.745,694.661
694.745,694.661
694.745,694.662
694.746,694.662
694.754,694.673
694.754,694.673
694.753,694.672
694.753,694.672
694.752,694.671
694.752,694.671
694.752,694.670
694.760,694.681
694.759,694.679
694.758,694.678
694.757,694.677
694.756,694.676
694.755,694.675
694.755,694.674
694.754,694.674
694.746,694.662
694.746,694.663
694.746,694.663
694.747,694.663
694.747,694.664
694.747,694.664
694.747,694.664
694.747,694.665
694.747,694.665
694.748,694.665
694.748,694.665
694.748,694.665
694.748,694.665
694.748,694.666
694.740,694.655
694.741,694.656
694.742,694.657
694.742,694.658
694.743,694.659
694.744,694.660
694.744,694.660
694.745,694.661
694.745,694.661
694.753,694.673
694.753,694.672
694.745,694.661
694.745,694.661
694.741,694.657
694.742,694.658
694.743,694.659
694.743,694.659
694.744,694.660
694.744,694.661
694.745,694.661
694.737,694.651
694.738,694.653
694.739,694.654
694.740,694.655
694.741,694.656
694.734,694.646
694.735,694.648
694.728,694.639
694.730,694.642
694.732,694.644
694.734,694.646
694.727,694.638
694.729,694.640
694.723,694.632
694.725,694.635
694.728,694.638
694.730,694.641
694.731,694.644
694.733,694.646
694.735,694.648
694.736,694.650
694.737,694.651
694.738,694.653
694.739,694.654
694.728,694.639
694.730,694.642
694.724,694.633
694.726,694.637
694.728,694.639
694.730,694.642
694.724,694.634
694.718,694.626
694.721,694.630
694.724,694.633
694.726,694.637
694.728,694.639
694.734,694.647
694.732,694.644
694.733,694.646
694.727,694.637
694.729,694.640
694.723,694.632
694.717,694.624
694.712,694.618
694.716,694.622
694.719,694.627
694.713,694.620
694.717,694.624
694.712,694.617
694.715,694.622
694.714,694.621
694.710,694.615
694.705,694.609
694.709,694.614
694.713,694.619
694.708,694.613
694.704,694.608
694.708,694.613
694.704,694.608
694.700,694.602
694.705,694.609
694.701,694.603
694.706,694.609
694.702,694.604
694.698,694.599
694.703,694.606
694.707,694.612
694.703,694.606
694.699,694.601
694.696,694.597
694.701,694.603
694.697,694.599
694.702,694.605
694.707,694.611
694.703,694.606
694.707,694.611
694.711,694.617
694.707,694.611
694.711,694.616
694.706,694.610
694.702,694.605
694.698,694.600
694.695,694.596
694.692,694.592
694.698,694.599
694.694,694.594
694.700,694.601
694.696,694.597
694.701,694.603
694.706,694.609
694.702,694.604
694.706,694.610
694.702,694.605
694.707,694.611
694.703,694.605
694.699,694.600
694.704,694.607
694.708,694.612
694.704,694.607
694.708,694.613
694.712,694.618
694.715,694.622
694.719,694.627
694.721,694.630
694.724,694.634
694.718,694.626
694.713,694.619
694.717,694.624
694.712,694.617
694.715,694.622
694.710,694.615
694.714,694.620
694.709,694.614
694.713,694.619
694.716,694.624
694.719,694.628
694.722,694.631
694.725,694.635
694.727,694.638
694.729,694.641
694.723,694.632
694.717,694.625
694.712,694.618
694.708,694.612
694.711,694.617
694.715,694.622
694.710,694.615
694.714,694.620
694.717,694.625
694.712,694.618
694.707,694.612
694.711,694.617
694.707,694.611
694.711,694.616
694.702,694.605
694.699,694.600
694.704,694.607
694.708,694.612
694.712,694.618
694.711,694.617
694.707,694.611
694.703,694.606
694.699,694.601
694.704,694.607
694.708,694.613
694.704,694.607
694.700,694.602
694.705,694.608
694.701,694.603
694.697,694.598
694.702,694.605
694.698,694.600
694.703,694.606
694.708,694.612
694.711,694.617
694.715,694.622
694.718,694.626
694.713,694.619
694.716,694.624
694.711,694.617
694.707,694.611
694.711,694.616
694.715,694.621
694.718,694.626
694.713,694.619
694.716,694.623
694.719,694.627
694.722,694.631
694.717,694.624
694.720,694.628
694.722,694.632
694.717,694.624
694.720,694.628
694.715,694.621
694.710,694.615
694.705,694.609
694.701,694.604
694.698,694.599
694.703,694.605
694.699,694.601
694.696,694.596
694.701,694.603
694.697,694.598
694.702,694.605
694.698,694.600
694.703,694.606
694.704,694.607
694.708,694.612
694.704,694.607
694.708,694.613
694.704,694.607
694.700,694.602
694.705,694.608
694.701,694.603
694.697,694.598
694.694,694.594
694.699,694.601
694.696,694.596
694.697,694.598
694.702,694.604
694.706,694.610
694.702,694.605
694.699,694.600
694.695,694.596
694.692,694.592
694.698,694.599
694.694,694.595
694.691,694.591
694.689,694.587
694.695,694.595
694.700,694.602
694.704,694.608
694.709,694.613
694.704,694.608
694.701,694.603
694.697,694.598
694.694,694.594
694.699,694.601
694.704,694.607
694.700,694.602
694.697,694.597
694.693,694.593
694.699,694.600
694.695,694.596
694.692,694.592
694.698,694.599
694.695,694.595
694.700,694.602
694.696,694.597
694.697,694.598
694.694,694.594
694.691,694.590
694.689,694.587
694.686,694.584
694.684,694.581
694.682,694.578
694.688,694.587
694.686,694.584
694.684,694.581
694.682,694.578
694.688,694.587
694.686,694.583
694.692,694.591
694.689,694.588
694.687,694.585
694.685,694.582
694.683,694.579
694.685,694.582
694.683,694.579
694.689,694.588
694.695,694.595
694.688,694.586
694.686,694.583
694.684,694.580
694.682,694.578
694.680,694.575
694.678,694.573
694.677,694.572
694.676,694.570
694.675,694.568
694.682,694.578
694.680,694.575
694.682,694.579
694.681,694.576
694.679,694.574
694.669,694.562
694.673,694.566
694.664,694.554
694.664,694.554
694.664,694.554
694.672,694.565
694.671,694.564
694.675,694.568
694.674,694.567
694.673,694.566
694.672,694.565
694.679,694.574
694.686,694.583
694.688,694.586
694.685,694.583
694.691,694.591
694.689,694.587
694.686,694.584
694.692,694.592
694.694,694.594
694.691,694.590
694.688,694.586
694.686,694.583
694.684,694.581
694.686,694.583
694.688,694.586
694.686,694.583
694.684,694.580
694.682,694.578
694.680,694.575
694.678,694.573
694.677,694.572
694.672,694.565
694.671,694.564
694.670,694.563
694.670,694.562
694.677,694.572
694.676,694.570
694.675,694.569
694.674,694.567
694.673,694.566
694.672,694.565
694.671,694.564
694.670,694.563
694.670,694.562
694.669,694.561
694.669,694.560
694.676,694.570
694.675,694.569
694.674,694.567
694.673,694.566
694.672,694.565
694.671,694.564
694.671,694.563
694.670,694.562
694.669,694.561
694.669,694.561
694.668,694.560
694.664,694.554
694.672,694.565
694.679,694.575
694.678,694.573
694.676,694.571
694.675,694.569
694.674,694.568
694.673,694.566
694.672,694.565
694.671,694.564
694.671,694.563
694.670,694.562
694.678,694.572
694.676,694.570
694.675,694.569
694.674,694.567
694.673,694.566
694.672,694.565
694.671,694.564
694.671,694.563
694.670,694.562
694.669,694.561
694.669,694.561
694.668,694.560
694.668,694.559
694.667,694.559
694.667,694.558
694.667,694.558
694.666,694.558
694.666,694.557
694.666,694.557
694.674,694.567
694.673,694.566
694.672,694.565
694.663,694.553
694.663,694.553
694.663,694.553
694.663,694.553
694.663,694.553
694.663,694.553
694.663,694.553
694.663,694.553
694.663,694.553
694.659,694.548
694.660,694.549
694.652,694.539
694.653,694.540
694.646,694.531
694.644,694.528
694.646,694.530
694.647,694.532
694.645,694.529
694.647,694.531
694.648,694.534
694.650,694.535
694.651,694.537
694.652,694.539
694.653,694.540
694.654,694.542
694.655,694.543
694.656,694.544
694.657,694.545
694.657,694.546
694.658,694.546
694.659,694.547
694.659,694.548
694.659,694.548
694.660,694.549
694.660,694.549
694.661,694.550
694.661,694.550
694.653,694.540
694.654,694.541
694.655,694.542
694.656,694.544
694.657,694.545
694.657,694.545
694.658,694.546
694.658,694.547
694.659,694.548
694.659,694.548
694.656,694.543
694.656,694.544
694.657,694.545
694.666,694.557
694.662,694.551
694.662,694.551
694.662,694.552
694.662,694.552
694.662,694.552
694.662,694.552
694.663,694.552
694.663,694.553
694.663,694.553
694.663,694.553
694.667,694.558
694.667,694.558
694.658,694.547
694.659,694.547
694.651,694.537
694.652,694.539
694.645,694.530
694.647,694.532
694.649,694.534
694.650,694.536
694.651,694.538
694.644,694.528
694.642,694.526
694.644,694.528
694.646,694.531
694.652,694.538
694.653,694.540
694.654,694.541
694.655,694.542
694.656,694.544
694.657,694.545
694.657,694.545
694.658,694.546
694.658,694.547
694.659,694.548
694.659,694.548
694.660,694.549
694.668,694.560
694.668,694.559
694.667,694.559
694.667,694.558
694.667,694.558
694.666,694.558
694.666,694.557
694.666,694.557
694.666,694.557
694.666,694.556
694.665,694.556
694.657,694.545
694.658,694.546
694.658,694.547
694.659,694.547
694.651,694.537
694.652,694.539
694.653,694.540
694.650,694.536
694.652,694.538
694.645,694.529
694.647,694.531
694.648,694.533
694.642,694.525
694.636,694.517
694.634,694.515
694.637,694.519
694.640,694.522
694.634,694.514
694.637,694.518
694.639,694.522
694.642,694.525
694.644,694.527
694.646,694.530
694.647,694.532
694.649,694.534
694.650,694.536
694.651,694.538
694.645,694.529
694.646,694.531
694.640,694.522
694.634,694.515
694.629,694.508
694.632,694.512
694.627,694.505
694.622,694.499
694.626,694.504
694.622,694.498
694.626,694.504
694.621,694.498
694.625,694.503
694.621,694.497
694.621,694.497
694.625,694.503
694.629,694.507
694.628,694.507
694.631,694.511
694.626,694.504
694.630,694.509
694.625,694.503
694.629,694.508
694.624,694.501
694.620,694.496
694.624,694.501
694.628,694.506
694.631,694.511
694.634,694.515
694.633,694.513
694.636,694.517
694.638,694.521
694.641,694.524
694.643,694.527
694.637,694.518
694.639,694.522
694.642,694.525
694.644,694.528
694.646,694.530
694.647,694.532
694.649,694.534
694.650,694.536
694.652,694.538
694.653,694.539
694.654,694.541
694.651,694.537
694.652,694.538
694.653,694.540
694.654,694.541
694.655,694.542
694.656,694.544
694.648,694.534
694.650,694.536
694.647,694.532
694.641,694.524
694.635,694.516
694.638,694.519
694.640,694.523
694.634,694.515
694.629,694.508
694.632,694.512
694.627,694.505
694.630,694.510
694.626,694.503
694.629,694.508
694.632,694.513
694.635,694.517
694.638,694.520
694.641,694.523
694.643,694.526
694.641,694.524
694.643,694.527
694.645,694.529
694.643,694.526
694.637,694.518
694.639,694.521
694.641,694.525
694.635,694.517
694.630,694.509
694.633,694.514
694.628,694.507
694.631,694.511
694.634,694.515
694.637,694.519
694.640,694.522
694.638,694.520
694.640,694.523
694.643,694.526
694.645,694.529
694.646,694.531
694.640,694.523
694.634,694.515
694.629,694.508
694.632,694.512
694.627,694.505
694.630,694.510
694.634,694.514
694.633,694.513
694.635,694.517
694.638,694.520
694.637,694.518
694.639,694.521
694.633,694.514
694.636,694.518
694.627,694.505
694.622,694.499
694.618,694.494
694.622,694.499
694.626,694.504
694.630,694.509
694.625,694.503
694.621,694.497
694.617,694.492
694.613,694.487
694.610,694.482
694.615,694.489
694.611,694.485
694.616,694.491
694.613,694.486
694.617,694.493
694.622,694.499
694.626,694.504
694.621,694.498
694.625,694.503
694.621,694.497
694.625,694.503
694.621,694.497
694.625,694.502
694.628,694.507
694.632,694.512
694.627,694.505
694.630,694.510
694.633,694.514
694.628,694.507
694.631,694.511
694.626,694.505
694.622,694.499
694.618,694.493
694.614,694.488
694.611,694.484
694.612,694.485
694.617,694.492
694.613,694.487
694.618,694.493
694.622,694.499
694.618,694.493
694.614,694.488
694.611,694.484
694.616,694.491
694.620,694.497
694.616,694.491
694.621,694.497
694.617,694.492
694.613,694.487
694.606,694.478
694.611,694.485
694.616,694.491
694.621,694.497
694.625,694.503
694.621,694.497
694.617,694.492
694.613,694.487
694.610,694.482
694.615,694.489
694.611,694.485
694.616,694.491
694.621,694.497
694.613,694.487
694.609,694.482
694.607,694.478
694.612,694.486
694.613,694.487
694.610,694.482
694.615,694.489
694.619,694.495
694.624,694.501
694.619,694.495
694.615,694.490
694.620,694.496
694.616,694.491
694.612,694.486
694.609,694.482
694.614,694.489
694.611,694.484
694.616,694.491
694.612,694.486
694.617,694.493
694.622,694.498
694.618,694.493
694.614,694.488
694.615,694.489
694.611,694.484
694.608,694.480
694.605,694.477
694.611,694.484
694.608,694.480
694.613,694.487
694.618,694.493
694.622,694.499
694.618,694.494
694.618,694.494
694.623,694.500
694.618,694.494
694.615,694.489
694.615,694.490
694.620,694.496
694.624,694.502
694.628,694.507
694.623,694.500
694.619,694.495
694.619,694.495
694.615,694.490
694.612,694.485
694.609,694.481
694.614,694.488
694.611,694.484
694.616,694.490
694.620,694.496
694.616,694.491
694.621,694.497
694.617,694.492
694.613,694.487
694.610,694.483
694.607,694.479
694.604,694.475
694.602,694.472
694.599,694.469
694.597,694.466
694.596,694.464
694.594,694.462
694.592,694.460
694.599,694.469
694.597,694.466
694.604,694.474
694.601,694.471
694.599,694.468
694.597,694.466
694.595,694.464
694.594,694.461
694.592,694.460
694.591,694.458
694.598,694.467
694.596,694.464
694.607,694.478
694.604,694.475
694.601,694.472
694.599,694.469
694.605,694.477
694.611,694.484
694.608,694.480
694.605,694.476
694.602,694.473
694.604,694.475
694.602,694.472
694.608,694.480
694.613,694.487
694.610,694.483
694.615,694.489
694.611,694.485
694.608,694.481
694.605,694.477
694.603,694.473
694.601,694.470
694.598,694.468
694.597,694.465
694.595,694.463
694.593,694.461
694.592,694.459
694.591,694.457
694.589,694.456
694.588,694.454
694.596,694.464
694.594,694.462
694.592,694.460
694.591,694.458
694.598,694.467
694.596,694.465
694.603,694.473
694.600,694.470
694.598,694.467
694.596,694.465
694.595,694.462
694.593,694.460
694.592,694.459
694.590,694.457
694.589,694.455
694.588,694.454
694.587,694.453
694.582,694.446
694.582,694.446
694.574,694.435
694.574,694.435
694.574,694.436
694.575,694.436
694.583,694.448
694.591,694.458
694.594,694.462
694.592,694.460
694.591,694.458
694.590,694.456
694.589,694.455
694.584,694.448
694.583,694.448
694.583,694.447
694.582,694.446
694.582,694.446
694.582,694.445
694.581,694.445
694.581,694.445
694.581,694.444
694.581,694.444
694.580,694.444
694.580,694.444
694.580,694.443
694.580,694.443
694.580,694.443
694.580,694.443
694.580,694.443
694.579,694.442
694.579,694.442
694.587,694.453
694.586,694.452
694.586,694.451
694.581,694.445
694.581,694.444
694.581,694.444
694.584,694.449
694.584,694.448
694.583,694.448
694.591,694.458
694.598,694.467
694.604,694.475
694.602,694.472
694.608,694.480
694.605,694.476
694.602,694.473
694.600,694.470
694.598,694.467
694.596,694.465
694.594,694.462
694.593,694.460
694.588,694.453
694.587,694.452
694.586,694.451
694.585,694.450
694.585,694.449
694.584,694.448
694.583,694.448
694.591,694.458
694.590,694.456
694.589,694.455
694.588,694.453
694.587,694.452
694.586,694.451
694.585,694.450
694.585,694.449
694.584,694.449
694.583,694.448
694.579,694.442
694.579,694.442
694.579,694.442
694.579,694.442
694.587,694.452
694.586,694.451
694.585,694.450
694.585,694.449
694.584,694.449
694.584,694.448
694.591,694.458
694.590,694.456
694.589,694.455
694.596,694.464
694.594,694.462
694.593,694.460
694.591,694.458
694.590,694.457
694.589,694.455
694.596,694.465
694.595,694.462
694.601,694.471
694.599,694.468
694.597,694.466
694.603,694.474
694.601,694.471
694.599,694.468
694.597,694.466
694.595,694.463
694.594,694.461
694.592,694.459
694.591,694.458
694.590,694.456
694.589,694.455
694.579,694.443
694.575,694.437
694.576,694.438
694.576,694.438
694.576,694.438
694.568,694.428
694.565,694.424
694.567,694.425
694.568,694.427
694.573,694.434
694.573,694.434
694.574,694.435
694.574,694.436
694.575,694.436
694.575,694.437
694.575,694.437
694.576,694.437
694.572,694.433
694.573,694.433
694.573,694.434
694.570,694.429
694.570,694.431
694.579,694.442
694.579,694.442
694.579,694.442
694.575,694.437
694.575,694.437
694.576,694.438
694.572,694.433
694.573,694.434
694.573,694.434
694.574,694.435
694.574,694.435
694.575,694.436
694.583,694.447
694.583,694.447
694.582,694.446
694.582,694.446
694.582,694.445
694.581,694.445
694.581,694.445
694.581,694.444
694.581,694.444
694.580,694.444
694.580,694.443
694.580,694.443
694.588,694.454
694.587,694.452
694.586,694.451
694.585,694.450
694.585,694.450
694.584,694.449
694.584,694.448
694.583,694.447
694.591,694.457
694.586,694.451
694.585,694.450
694.580,694.444
694.580,694.444
694.580,694.443
694.584,694.449
694.583,694.448
694.583,694.447
694.587,694.452
694.586,694.451
694.589,694.455
694.588,694.454
694.587,694.453
694.586,694.452
694.586,694.451
694.585,694.450
694.580,694.444
694.580,694.444
694.584,694.449
694.584,694.448
694.583,694.447
694.583,694.447
694.574,694.436
694.575,694.436
694.575,694.437
694.575,694.437
694.576,694.437
694.576,694.438
694.576,694.438
694.576,694.438
694.568,694.428
694.569,694.429
694.570,694.430
694.571,694.431
694.572,694.432
694.568,694.428
694.569,694.429
694.570,694.430
694.571,694.431
694.572,694.432
694.572,694.433
694.573,694.434
694.573,694.435
694.574,694.435
694.574,694.436
694.575,694.436
694.575,694.437
694.575,694.437
694.576,694.438
694.580,694.443
694.580,694.443
694.580,694.443
694.580,694.443
694.580,694.443
694.579,694.443
694.579,694.442
694.579,694.442
694.583,694.448
694.575,694.436
694.575,694.437
694.575,694.437
694.576,694.438
694.572,694.433
694.581,694.444
694.580,694.444
694.584,694.449
694.592,694.459
694.595,694.463
694.593,694.461
694.592,694.459
694.591,694.457
694.589,694.456
694.588,694.454
694.583,694.448
694.575,694.436
694.575,694.437
694.576,694.437
694.576,694.438
694.572,694.433
694.573,694.434
694.581,694.445
694.577,694.439
694.577,694.440
694.577,694.440
694.577,694.440
694.578,694.440
694.578,694.440
694.578,694.440
694.574,694.435
694.566,694.425
694.567,694.426
694.568,694.428
694.569,694.429
694.570,694.430
694.571,694.431
694.572,694.432
694.572,694.433
694.573,694.434
694.573,694.435
694.574,694.435
694.574,694.436
694.567,694.426
694.568,694.427
694.565,694.423
694.558,694.414
694.560,694.417
694.558,694.414
694.560,694.416
694.553,694.408
694.548,694.400
694.542,694.393
694.546,694.398
694.541,694.391
694.532,694.380
694.537,694.386
694.541,694.391
694.544,694.396
694.544,694.395
694.547,694.399
694.550,694.403
694.544,694.396
694.548,694.400
694.542,694.394
694.546,694.398
694.549,694.402
694.552,694.406
694.558,694.415
694.560,694.417
694.562,694.420
694.560,694.416
694.561,694.419
694.563,694.421
694.565,694.423
694.566,694.425
694.567,694.426
694.568,694.428
694.569,694.429
694.570,694.430
694.563,694.420
694.564,694.422
694.557,694.413
694.551,694.405
694.562,694.419
694.564,694.422
694.561,694.418
694.563,694.420
694.564,694.422
694.566,694.424
694.567,694.426
694.564,694.422
694.557,694.413
694.551,694.405
694.554,694.408
694.548,694.401
694.543,694.394
694.546,694.398
694.553,694.408
694.556,694.411
694.558,694.414
694.560,694.417
694.562,694.419
694.555,694.410
694.557,694.413
694.559,694.416
694.553,694.408
694.555,694.411
694.558,694.414
694.551,694.406
694.546,694.398
694.549,694.402
694.552,694.406
694.554,694.409
694.561,694.418
694.562,694.420
694.564,694.422
694.565,694.424
694.563,694.420
694.564,694.422
694.565,694.424
694.571,694.431
694.572,694.432
694.572,694.433
694.573,694.434
694.573,694.435
694.574,694.435
694.566,694.425
694.563,694.421
694.565,694.423
694.566,694.425
694.563,694.421
694.557,694.412
694.559,694.415
694.552,694.407
694.547,694.399
694.546,694.398
694.541,694.391
694.544,694.396
694.544,694.395
694.547,694.400
694.550,694.404
694.553,694.407
694.559,694.416
694.561,694.418
694.563,694.420
694.568,694.428
694.569,694.429
694.570,694.430
694.571,694.431
694.572,694.432
694.564,694.422
694.566,694.424
694.563,694.421
694.556,694.412
694.550,694.404
694.553,694.407
694.555,694.411
694.549,694.403
694.544,694.396
694.543,694.395
694.547,694.399
694.550,694.403
694.552,694.407
694.555,694.410
694.553,694.408
694.547,694.400
694.550,694.404
694.553,694.408
694.551,694.406
694.554,694.409
694.548,694.401
694.551,694.405
694.554,694.408
694.552,694.406
694.555,694.410
694.549,694.402
694.552,694.406
694.554,694.409
694.556,694.412
694.558,694.415
694.560,694.417
694.562,694.420
694.560,694.416
694.553,694.408
694.552,694.406
694.554,694.409
694.557,694.412
694.559,694.415
694.552,694.407
694.555,694.410
694.549,694.402
694.552,694.406
694.554,694.409
694.553,694.407
694.547,694.400
694.550,694.404
694.553,694.407
694.547,694.400
694.542,694.393
694.537,694.387
694.533,694.381
694.537,694.387
694.541,694.392
694.545,694.397
694.544,694.396
694.547,694.400
694.550,694.404
694.545,694.397
694.540,694.390
694.535,694.384
694.540,694.390
694.543,694.395
694.547,694.399
694.546,694.398
694.549,694.402
694.548,694.400
694.542,694.394
694.546,694.398
694.549,694.402
694.548,694.401
694.551,694.405
694.553,694.408
694.548,694.400
694.551,694.404
694.557,694.413
694.551,694.405
694.554,694.409
694.556,694.412
694.554,694.409
694.557,694.412
694.551,694.404
694.553,694.408
694.556,694.411
694.558,694.414
694.552,694.406
694.558,694.414
694.560,694.417
694.562,694.419
694.555,694.411
694.549,694.403
694.548,694.401
694.543,694.394
694.542,694.393
694.546,694.398
694.549,694.402
694.544,694.395
694.547,694.399
694.554,694.409
694.556,694.412
694.558,694.415
694.560,694.417
694.554,694.409
694.548,694.401
694.551,694.405
694.554,694.408
694.556,694.411
694.562,694.420
694.564,694.422
694.557,694.413
694.551,694.405
694.545,694.398
694.540,694.391
694.544,694.396
694.547,694.400
694.542,694.393
694.538,694.387
694.541,694.392
694.537,694.386
694.541,694.391
694.536,694.385
694.536,694.385
694.540,694.391
694.536,694.385
694.532,694.379
694.536,694.385
694.532,694.380
694.536,694.386
694.540,694.391
694.544,694.396
694.543,694.395
694.539,694.388
694.542,694.393
694.546,694.398
694.549,694.402
694.552,694.406
694.554,694.409
694.548,694.402
694.551,694.405
694.550,694.403
694.553,694.407
694.547,694.400
694.542,694.393
694.541,694.392
694.545,694.397
694.540,694.390
694.544,694.395
694.539,694.389
694.534,694.383
694.539,694.389
694.538,694.388
694.534,694.383
694.530,694.377
694.535,694.383
694.535,694.384
694.539,694.389
694.535,694.383
694.539,694.389
694.535,694.383
694.539,694.389
694.542,694.394
694.546,694.398
694.549,694.402
694.552,694.406
694.546,694.399
694.549,694.403
694.552,694.406
694.555,694.410
694.557,694.413
694.551,694.405
694.553,694.408
694.556,694.411
694.558,694.414
694.560,694.417
694.562,694.419
694.563,694.421
694.565,694.423
694.558,694.414
694.560,694.417
694.558,694.414
694.560,694.416
694.561,694.419
694.563,694.421
694.556,694.412
694.558,694.415
694.560,694.417
694.558,694.414
694.552,694.406
694.554,694.409
694.557,694.412
694.551,694.404
694.549,694.403
694.552,694.406
694.555,694.410
694.549,694.402
694.547,694.400
694.542,694.393
694.546,694.398
694.549,694.402
694.552,694.406
694.554,694.409
694.557,694.412
694.563,694.420
694.556,694.412
694.558,694.414
694.552,694.406
694.546,694.399
694.546,694.398
694.541,694.391
694.540,694.391
694.536,694.385
694.532,694.379
694.536,694.385
694.540,694.391
694.544,694.395
694.547,694.400
694.546,694.398
694.541,694.392
694.536,694.386
694.532,694.380
694.533,694.381
694.529,694.376
694.534,694.382
694.530,694.377
694.526,694.372
694.523,694.368
694.520,694.364
694.518,694.361
694.524,694.369
694.529,694.376
694.525,694.371
694.526,694.372
694.523,694.368
694.529,694.375
694.533,694.382
694.534,694.382
694.538,694.388
694.542,694.393
694.545,694.397
694.548,694.401
694.547,694.400
694.550,694.404
694.545,694.397
694.548,694.401
694.551,694.405
694.554,694.408
694.548,694.401
694.547,694.399
694.550,694.403
694.552,694.407
694.547,694.399
694.542,694.393
694.545,694.397
694.544,694.396
694.539,694.390
694.543,694.395
694.538,694.388
694.542,694.393
694.546,694.398
694.545,694.397
694.540,694.390
694.540,694.390
694.535,694.384
694.531,694.379
694.528,694.374
694.532,694.380
694.541,694.391
694.536,694.385
694.532,694.380
694.529,694.375
694.529,694.376
694.534,694.382
694.530,694.377
694.535,694.383
694.539,694.389
694.539,694.389
694.534,694.383
694.539,694.388
694.542,694.393
694.542,694.393
694.545,694.397
694.540,694.391
694.544,694.395
694.547,694.400
694.550,694.404
694.553,694.407
694.547,694.400
694.550,694.404
694.545,694.397
694.548,694.401
694.551,694.405
694.545,694.397
694.540,694.391
694.544,694.396
694.535,694.384
694.539,694.389
694.539,694.389
694.543,694.394
694.538,694.388
694.542,694.393
694.537,694.387
694.541,694.392
694.537,694.386
694.532,694.380
694.537,694.386
694.537,694.386
694.541,694.391
694.536,694.385
694.540,694.391
694.540,694.390
694.536,694.384
694.531,694.379
694.528,694.374
694.533,694.381
694.529,694.376
694.525,694.371
694.531,694.378
694.527,694.373
694.524,694.369
694.529,694.376
694.526,694.371
694.522,694.367
694.520,694.363
694.517,694.360
694.515,694.357
694.521,694.365
694.518,694.362
694.516,694.358
694.522,694.366
694.527,694.373
694.532,694.380
694.536,694.386
694.540,694.391
694.540,694.390
694.544,694.395
694.547,694.400
694.542,694.393
694.541,694.392
694.537,694.386
694.541,694.391
694.544,694.396
694.548,694.400
694.547,694.399
694.550,694.403
694.544,694.396
694.539,694.390
694.539,694.389
694.543,694.394
694.546,694.399
694.549,694.403
694.544,694.396
694.547,694.400
694.546,694.399
694.549,694.403
694.552,694.406
694.555,694.410
694.549,694.402
694.547,694.400
694.550,694.404
694.553,694.408
694.555,694.411
694.554,694.408
694.556,694.412
694.550,694.404
694.553,694.407
694.547,694.400
694.542,694.393
694.537,694.387
694.541,694.392
694.545,694.397
694.544,694.396
694.547,694.400
694.550,694.404
694.553,694.408
694.555,694.411
694.554,694.408
694.556,694.412
694.550,694.404
694.545,694.396
694.544,694.395
694.547,694.400
694.550,694.404
694.553,694.407
694.555,694.411
694.557,694.413
694.551,694.405
694.554,694.409
694.548,694.401
694.547,694.400
694.550,694.404
694.553,694.407
694.555,694.410
694.549,694.403
694.544,694.395
694.547,694.400
694.542,694.393
694.537,694.387
694.541,694.392
694.537,694.386
694.537,694.386
694.541,694.391
694.544,694.396
694.539,694.390
694.535,694.384
694.539,694.389
694.539,694.389
694.535,694.383
694.531,694.378
694.535,694.384
694.535,694.384
694.539,694.390
694.543,694.394
694.546,694.399
694.549,694.403
694.548,694.401
694.551,694.405
694.554,694.409
694.548,694.401
694.551,694.405
694.545,694.397
694.549,694.402
694.543,694.395
694.547,694.399
694.546,694.398
694.549,694.402
694.552,694.406
694.546,694.398
694.545,694.397
694.548,694.401
694.543,694.394
694.546,694.399
694.541,694.392
694.541,694.392
694.536,694.386
694.540,694.391
694.536,694.385
694.532,694.380
694.528,694.375
694.525,694.370
694.522,694.366
694.523,694.368
694.520,694.364
694.518,694.361
694.515,694.358
694.513,694.355
694.511,694.353
694.510,694.350
694.508,694.348
694.507,694.346
694.513,694.355
694.520,694.363
694.525,694.371
694.526,694.372
694.523,694.368
694.528,694.375
694.533,694.381
694.529,694.376
694.538,694.388
694.542,694.393
694.546,694.398
694.549,694.402
694.543,694.395
694.547,694.399
694.542,694.392
694.545,694.397
694.548,694.401
694.543,694.394
694.542,694.393
694.546,694.398
694.549,694.402
694.544,694.395
694.539,694.389
694.534,694.383
694.539,694.389
694.534,694.383
694.539,694.388
694.538,694.388
694.534,694.382
694.534,694.383
694.539,694.388
694.534,694.383
694.530,694.377
694.527,694.373
694.532,694.379
694.528,694.375
694.525,694.370
694.530,694.377
694.526,694.372
694.523,694.368
694.520,694.364
694.518,694.361
694.515,694.358
694.513,694.355
694.511,694.353
694.510,694.350
694.508,694.348
694.515,694.357
694.517,694.360
694.523,694.367
694.520,694.364
694.517,694.360
694.523,694.368
694.520,694.364
694.522,694.366
694.519,694.363
694.525,694.370
694.530,694.377
694.526,694.372
694.523,694.368
694.528,694.375
694.525,694.371
694.522,694.367
694.515,694.358
694.513,694.355
694.511,694.352
694.510,694.350
694.508,694.348
694.507,694.346
694.509,694.350
694.516,694.359
694.510,694.350
694.508,694.348
694.507,694.346
694.514,694.355
694.512,694.353
694.510,694.351
694.516,694.359
694.522,694.367
694.516,694.358
694.513,694.355
694.511,694.353
694.510,694.350
694.508,694.348
694.515,694.357
694.521,694.365
694.518,694.362
694.524,694.369
694.521,694.365
694.518,694.362
694.516,694.359
694.522,694.366
694.523,694.368
694.529,694.375
694.525,694.371
694.522,694.367
694.519,694.363
694.517,694.360
694.519,694.362
694.516,694.359
694.518,694.362
694.516,694.359
694.522,694.366
694.527,694.373
694.524,694.369
694.529,694.376
694.526,694.372
694.523,694.367
694.528,694.374
694.525,694.370
694.522,694.366
694.519,694.362
694.516,694.359
694.514,694.356
694.512,694.354
694.519,694.362
694.524,694.370
694.529,694.376
694.530,694.377
694.526,694.372
694.531,694.379
694.528,694.374
694.529,694.375
694.533,694.382
694.530,694.377
694.526,694.372
694.523,694.368
694.520,694.364
694.526,694.371
694.523,694.367
694.520,694.364
694.517,694.360
694.515,694.357
694.513,694.354
694.511,694.352
694.509,694.350
694.516,694.358
694.522,694.366
694.527,694.373
694.524,694.369
694.521,694.365
694.526,694.372
694.531,694.379
694.524,694.369
694.521,694.365
694.518,694.362
694.524,694.369
694.521,694.365
694.518,694.362
694.516,694.359
694.522,694.366
694.519,694.363
694.517,694.359
694.519,694.362
694.524,694.370
694.529,694.376
694.526,694.372
694.523,694.368
694.520,694.364
694.517,694.360
694.515,694.357
694.513,694.355
694.511,694.352
694.509,694.350
694.508,694.348
694.506,694.346
694.505,694.344
694.504,694.343
694.507,694.347
694.506,694.345
694.505,694.344
694.512,694.353
694.514,694.356
694.512,694.353
694.510,694.351
694.509,694.349
694.507,694.347
694.514,694.356
694.508,694.348
694.515,694.357
694.513,694.354
694.511,694.352
694.509,694.349
694.516,694.358
694.522,694.366
694.519,694.362
694.516,694.359
694.514,694.356
694.520,694.364
694.522,694.366
694.519,694.363
694.517,694.359
694.514,694.357
694.512,694.354
694.519,694.362
694.520,694.364
694.526,694.372
694.523,694.368
694.520,694.364
694.526,694.371
694.522,694.367
694.520,694.363
694.517,694.360
694.523,694.368
694.528,694.375
694.525,694.370
694.522,694.366
694.519,694.363
694.521,694.365
694.518,694.361
694.524,694.369
694.521,694.365
694.518,694.362
694.516,694.359
694.518,694.361
694.524,694.369
694.521,694.365
694.518,694.361
694.516,694.358
694.514,694.355
694.520,694.364
694.525,694.371
694.530,694.378
694.535,694.384
694.531,694.378
694.532,694.379
694.528,694.374
694.533,694.381
694.537,694.386
694.537,694.386
694.533,694.381
694.529,694.376
694.526,694.371
694.531,694.378
694.535,694.384
694.531,694.379
694.536,694.385
694.540,694.390
694.535,694.384
694.539,694.390
694.543,694.394
694.538,694.388
694.542,694.393
694.546,694.398
694.545,694.397
694.540,694.390
694.540,694.390
694.535,694.384
694.531,694.379
694.528,694.374
694.524,694.370
694.521,694.366
694.519,694.362
694.516,694.359
694.510,694.351
694.508,694.349
694.511,694.352
694.509,694.350
694.504,694.343
694.503,694.341
694.502,694.340
694.509,694.350
694.508,694.348
694.506,694.346
694.505,694.344
694.512,694.353
694.518,694.362
694.516,694.359
694.518,694.361
694.516,694.358
694.513,694.355
694.511,694.353
694.510,694.350
694.516,694.359
694.514,694.356
694.512,694.353
694.506,694.346
694.513,694.355
694.511,694.352
694.510,694.350
694.508,694.348
694.507,694.346
694.509,694.350
694.508,694.348
694.506,694.346
694.505,694.344
694.504,694.343
694.511,694.352
694.505,694.345
694.504,694.343
694.507,694.347
694.506,694.345
694.505,694.344
694.504,694.342
694.507,694.346
694.505,694.345
694.504,694.343
694.503,694.342
694.510,694.351
694.513,694.354
694.519,694.363
694.517,694.359
694.514,694.356
694.516,694.359
694.514,694.356
694.516,694.359
694.522,694.367
694.524,694.369
694.521,694.365
694.518,694.361
694.524,694.369
694.529,694.376
694.534,694.382
694.530,694.377
694.526,694.372
694.523,694.368
694.520,694.364
694.518,694.361
694.520,694.363
694.517,694.360
694.515,694.357
694.521,694.365
694.526,694.372
694.523,694.368
694.524,694.370
694.521,694.366
694.527,694.373
694.524,694.369
694.525,694.370
694.522,694.366
694.527,694.373
694.532,694.380
694.528,694.375
694.525,694.371
694.530,694.377
694.535,694.383
694.527,694.373
694.524,694.369
694.521,694.365
694.518,694.361
694.516,694.358
694.514,694.355
694.512,694.353
694.518,694.361
694.516,694.358
694.522,694.366
694.519,694.362
694.516,694.359
694.514,694.356
694.512,694.354
694.510,694.351
694.509,694.349
694.511,694.352
694.518,694.361
694.515,694.358
694.521,694.366
694.527,694.373
694.524,694.369
694.521,694.365
694.522,694.367
694.519,694.363
694.525,694.371
694.522,694.367
694.523,694.368
694.521,694.365
694.526,694.372
694.523,694.368
694.520,694.364
694.526,694.371
694.527,694.373
694.532,694.379
694.528,694.374
694.525,694.370
694.522,694.366
694.519,694.362
694.525,694.370
694.522,694.366
694.527,694.373
694.532,694.380
694.536,694.385
694.536,694.385
694.540,694.391
694.544,694.396
694.539,694.389
694.535,694.383
694.531,694.378
694.531,694.379
694.528,694.374
694.529,694.375
694.525,694.371
694.530,694.377
694.527,694.373
694.532,694.379
694.536,694.385
694.536,694.385
694.532,694.380
694.536,694.386
694.540,694.391
694.536,694.385
694.540,694.390
694.535,694.384
694.536,694.385
694.532,694.379
694.528,694.374
694.533,694.381
694.533,694.381
694.529,694.376
694.530,694.377
694.526,694.372
694.523,694.368
694.520,694.364
694.518,694.361
694.524,694.369
694.525,694.370
694.522,694.366
694.523,694.368
694.520,694.364
694.522,694.366
694.519,694.363
694.525,694.370
694.522,694.366
694.519,694.363
694.525,694.370
694.526,694.372
694.523,694.367
694.524,694.369
694.529,694.376
694.534,694.382
694.530,694.377
694.531,694.378
694.527,694.373
694.524,694.369
694.529,694.376
694.526,694.371
694.522,694.367
694.520,694.363
694.517,694.360
694.515,694.357
694.521,694.365
694.526,694.372
694.523,694.368
694.520,694.364
694.522,694.366
694.519,694.363
694.525,694.370
694.522,694.366
694.519,694.363
694.517,694.359
694.522,694.367
694.520,694.363
694.517,694.360
694.515,694.357
694.513,694.354
694.511,694.352
694.509,694.350
694.508,694.348
694.506,694.346
694.505,694.344
694.508,694.348
694.507,694.346
694.513,694.355
694.511,694.353
694.514,694.356
694.512,694.353
694.510,694.351
694.517,694.359
694.522,694.367
694.520,694.363
694.525,694.371
694.522,694.367
694.519,694.363
694.517,694.360
694.515,694.357
694.521,694.365
694.526,694.372
694.531,694.379
694.528,694.374
694.528,694.375
694.533,694.381
694.537,694.387
694.533,694.381
694.529,694.376
694.526,694.372
694.531,694.378
694.527,694.374
694.532,694.380
694.537,694.386
694.532,694.380
694.533,694.381
694.537,694.387
694.533,694.381
694.529,694.376
694.534,694.382
694.530,694.377
694.531,694.378
694.527,694.373
694.528,694.374
694.533,694.381
694.537,694.387
694.533,694.381
694.529,694.376
694.534,694.382
694.530,694.377
694.526,694.372
694.531,694.379
694.528,694.374
694.524,694.370
694.521,694.366
694.519,694.362
694.516,694.359
694.522,694.367
694.520,694.363
694.517,694.360
694.523,694.368
694.520,694.364
694.522,694.366
694.519,694.362
694.516,694.359
694.514,694.356
694.516,694.359
694.514,694.356
694.508,694.348
694.507,694.346
694.505,694.345
694.512,694.354
694.519,694.362
694.516,694.359
694.522,694.367
694.519,694.363
694.517,694.360
694.523,694.368
694.528,694.375
694.537,694.386
694.541,694.392
694.544,694.396
694.548,694.401
694.547,694.399
694.550,694.403
694.552,694.407
694.547,694.399
694.542,694.393
694.545,694.397
694.540,694.391
694.536,694.385
694.532,694.379
694.536,694.385
694.532,694.380
694.536,694.386
694.532,694.380
694.533,694.381
694.529,694.376
694.530,694.377
694.526,694.372
694.531,694.379
694.528,694.374
694.532,694.380
694.529,694.375
694.525,694.371
694.522,694.367
694.520,694.363
694.525,694.371
694.530,694.377
694.535,694.383
694.539,694.389
694.535,694.383
694.539,694.389
694.543,694.394
694.538,694.388
694.542,694.393
694.545,694.397
694.548,694.401
694.551,694.405
694.554,694.409
694.548,694.401
694.551,694.405
694.545,694.397
694.544,694.396
694.540,694.390
694.535,694.384
694.539,694.389
694.539,694.389
694.535,694.383
694.531,694.378
694.535,694.384
694.531,694.379
694.536,694.385
694.540,694.390
694.543,694.395
694.539,694.389
694.547,694.399
694.542,694.392
694.537,694.386
694.533,694.381
694.537,694.387
694.541,694.392
694.545,694.396
694.548,694.401
694.551,694.405
694.549,694.403
694.552,694.406
694.547,694.399
694.550,694.403
694.548,694.401
694.551,694.405
694.546,694.398
694.549,694.402
694.552,694.406
694.546,694.398
694.541,694.392
694.545,694.396
694.548,694.401
694.547,694.399
694.550,694.403
694.552,694.407
694.555,694.410
694.557,694.413
694.555,694.411
694.557,694.413
694.559,694.416
694.561,694.419
694.559,694.415
694.553,694.407
694.555,694.410
694.557,694.413
694.559,694.416
694.565,694.424
694.567,694.425
694.568,694.427
694.569,694.428
694.566,694.424
694.559,694.415
694.553,694.407
694.547,694.399
694.550,694.403
694.544,694.396
694.540,694.390
694.539,694.389
694.543,694.394
694.538,694.388
694.534,694.382
694.538,694.388
694.538,694.388
694.542,694.393
694.545,694.398
694.540,694.391
694.540,694.390
694.544,694.395
694.539,694.389
694.535,694.383
694.539,694.389
694.539,694.388
694.542,694.393
694.538,694.387
694.542,694.392
694.541,694.392
694.545,694.396
694.548,694.401
694.543,694.394
694.546,694.398
694.549,694.402
694.548,694.401
694.543,694.394
694.542,694.393
694.537,694.387
694.541,694.392
694.537,694.386
694.533,694.381
694.533,694.381
694.537,694.387
694.541,694.392
694.537,694.386
694.533,694.380
694.529,694.376
694.530,694.377
694.534,694.383
694.534,694.383
694.539,694.389
694.534,694.383
694.539,694.388
694.534,694.383
694.538,694.388
694.542,694.393
694.546,694.398
694.545,694.397
694.540,694.390
694.544,694.395
694.539,694.389
694.542,694.394
694.538,694.387
694.538,694.387
694.533,694.382
694.530,694.377
694.534,694.383
694.530,694.378
694.535,694.384
694.535,694.384
694.539,694.389
694.539,694.389
694.535,694.383
694.531,694.378
694.527,694.373
694.524,694.369
694.521,694.365
694.518,694.362
694.516,694.358
694.514,694.356
694.512,694.353
694.510,694.351
694.517,694.359
694.514,694.356
694.508,694.348
694.507,694.346
694.506,694.345
694.504,694.343
694.511,694.353
694.518,694.361
694.515,694.358
694.513,694.355
694.516,694.358
694.513,694.355
694.516,694.358
694.513,694.355
694.516,694.358
694.522,694.366
694.519,694.362
694.516,694.359
694.514,694.356
694.512,694.354
694.510,694.351
694.509,694.349
694.515,694.358
694.513,694.355
694.511,694.353
694.518,694.361
694.515,694.358
694.513,694.355
694.511,694.353
694.510,694.350
694.508,694.348
694.507,694.346
694.505,694.345
694.504,694.343
694.503,694.342
694.502,694.340
694.501,694.339
694.501,694.338
694.500,694.337
694.499,694.336
694.499,694.336
694.494,694.330
694.494,694.329
694.494,694.329
694.494,694.329
694.494,694.329
694.494,694.329
694.502,694.340
694.501,694.339
694.508,694.348
694.507,694.346
694.510,694.350
694.508,694.348
694.515,694.357
694.513,694.354
694.511,694.352
694.509,694.349
694.508,694.347
694.506,694.346
694.505,694.344
694.504,694.343
694.511,694.352
694.509,694.350
694.508,694.348
694.506,694.346
694.505,694.344
694.504,694.343
694.503,694.341
694.510,694.351
694.504,694.343
694.503,694.342
694.510,694.351
694.509,694.349
694.515,694.358
694.513,694.355
694.519,694.363
694.517,694.360
694.511,694.352
694.509,694.349
694.504,694.342
694.503,694.341
694.502,694.340
694.501,694.339
694.500,694.338
694.500,694.337
694.503,694.341
694.502,694.340
694.505,694.345
694.504,694.343
694.511,694.352
694.510,694.350
694.508,694.348
694.515,694.357
694.513,694.354
694.511,694.352
694.509,694.349
694.508,694.347
694.506,694.346
694.509,694.349
694.516,694.358
694.513,694.355
694.512,694.353
694.514,694.356
694.512,694.353
694.514,694.356
694.512,694.354
694.515,694.357
694.521,694.365
694.518,694.361
694.524,694.369
694.525,694.371
694.522,694.367
694.527,694.374
694.532,694.380
694.529,694.375
694.525,694.371
694.530,694.377
694.527,694.373
694.523,694.369
694.521,694.365
694.522,694.367
694.528,694.374
694.532,694.380
694.537,694.386
694.533,694.381
694.529,694.376
694.525,694.371
694.522,694.367
694.524,694.369
694.529,694.376
694.534,694.382
694.530,694.377
694.526,694.372
694.531,694.379
694.528,694.374
694.524,694.370
694.521,694.366
694.519,694.362
694.524,694.370
694.521,694.366
694.519,694.362
694.516,694.359
694.514,694.356
694.520,694.364
694.518,694.361
694.523,694.368
694.520,694.364
694.526,694.372
694.523,694.368
694.528,694.375
694.525,694.370
694.522,694.366
694.519,694.363
694.517,694.359
694.514,694.356
694.512,694.354
694.510,694.351
694.509,694.349
694.507,694.347
694.506,694.345
694.505,694.344
694.504,694.342
694.503,694.341
694.502,694.340
694.501,694.339
694.508,694.348
694.507,694.346
694.506,694.345
694.504,694.343
694.503,694.342
694.506,694.346
694.505,694.344
694.504,694.343
694.503,694.341
694.502,694.340
694.501,694.339
694.500,694.338
694.500,694.337
694.503,694.342
694.510,694.351
694.509,694.349
694.507,694.347
694.506,694.345
694.513,694.354
694.511,694.352
694.509,694.350
694.508,694.348
694.514,694.357
694.521,694.365
694.518,694.361
694.516,694.358
694.521,694.366
694.519,694.362
694.521,694.365
694.518,694.361
694.516,694.358
694.513,694.355
694.511,694.353
694.510,694.350
694.508,694.348
694.507,694.346
694.497,694.334
694.501,694.339
694.500,694.338
694.496,694.332
694.503,694.342
694.507,694.346
694.513,694.355
694.520,694.363
694.517,694.360
694.511,694.352
694.509,694.350
694.512,694.353
694.518,694.362
694.516,694.358
694.522,694.366
694.527,694.373
694.524,694.369
694.521,694.365
694.518,694.362
694.512,694.353
694.510,694.351
694.513,694.354
694.511,694.352
694.509,694.350
694.516,694.358
694.514,694.355
694.520,694.364
694.525,694.371
694.522,694.367
694.520,694.363
694.517,694.360
694.515,694.357
694.513,694.354
694.511,694.352
694.517,694.360
694.515,694.357
694.513,694.354
694.511,694.352
694.509,694.350
694.516,694.358
694.514,694.356
694.512,694.353
694.514,694.356
694.512,694.353
694.510,694.351
694.509,694.349
694.507,694.347
694.506,694.345
694.505,694.344
694.500,694.337
694.499,694.336
694.498,694.335
694.498,694.335
694.489,694.323
694.490,694.324
694.490,694.324
694.490,694.325
694.491,694.325
694.495,694.331
694.495,694.331
694.495,694.330
694.494,694.330
694.494,694.330
694.494,694.330
694.494,694.330
694.494,694.329
694.494,694.329
694.494,694.329
694.494,694.329
694.502,694.340
694.501,694.339
694.508,694.349
694.507,694.347
694.506,694.345
694.504,694.343
694.503,694.342
694.502,694.341
694.506,694.345
694.504,694.343
694.499,694.337
694.499,694.336
694.498,694.335
694.498,694.334
694.497,694.334
694.489,694.323
694.489,694.323
694.490,694.324
694.490,694.324
694.482,694.314
694.483,694.315
694.484,694.316
694.485,694.318
694.486,694.319
694.486,694.320
694.491,694.326
694.491,694.326
694.488,694.321
694.488,694.322
694.489,694.322
694.489,694.323
694.489,694.323
694.486,694.319
694.487,694.320
694.487,694.320
694.488,694.321
694.488,694.322
694.489,694.322
694.485,694.318
694.486,694.319
694.487,694.320
694.487,694.320
694.488,694.321
694.488,694.322
694.489,694.322
694.489,694.323
694.489,694.323
694.490,694.324
694.490,694.324
694.486,694.320
694.487,694.320
694.492,694.327
694.484,694.316
694.489,694.323
694.489,694.323
694.494,694.329
694.494,694.329
694.485,694.318
694.494,694.330
694.494,694.330
694.494,694.330
694.494,694.329
694.494,694.329
694.494,694.329
694.490,694.324
694.490,694.324
694.490,694.325
694.499,694.336
694.498,694.335
694.498,694.334
694.497,694.334
694.497,694.333
694.497,694.333
694.496,694.332
694.504,694.343
694.511,694.352
694.509,694.350
694.508,694.348
694.506,694.346
694.505,694.344
694.504,694.343
694.495,694.331
694.495,694.330
694.495,694.330
694.494,694.330
694.494,694.330
694.494,694.330
694.494,694.330
694.494,694.329
694.494,694.329
694.494,694.329
694.494,694.329
694.494,694.329
694.494,694.329
694.494,694.329
694.498,694.334
694.497,694.334
694.493,694.328
694.493,694.328
694.493,694.328
694.489,694.323
694.489,694.323
694.490,694.324
694.490,694.324
694.482,694.314
694.483,694.315
694.484,694.316
694.485,694.318
694.486,694.319
694.486,694.320
694.479,694.310
694.480,694.311
694.482,694.313
694.483,694.314
694.484,694.316
694.484,694.317
694.485,694.318
694.486,694.319
694.487,694.320
694.495,694.331
694.499,694.337
694.499,694.336
694.494,694.330
694.494,694.330
694.502,694.340
694.501,694.339
694.500,694.338
694.500,694.337
694.491,694.326
694.491,694.326
694.491,694.326
694.492,694.326
694.484,694.316
694.484,694.317
694.485,694.318
694.486,694.319
694.487,694.320
694.487,694.321
694.488,694.321
694.488,694.322
694.489,694.323
694.489,694.323
694.494,694.329
694.494,694.329
694.498,694.334
694.497,694.334
694.497,694.333
694.497,694.333
694.496,694.332
694.496,694.332
694.488,694.321
694.484,694.316
694.485,694.318
694.486,694.319
694.486,694.320
694.487,694.320
694.488,694.321
694.480,694.311
694.473,694.302
694.471,694.299
694.473,694.302
694.471,694.299
694.473,694.302
694.479,694.310
694.481,694.312
694.474,694.303
694.467,694.294
694.470,694.298
694.468,694.295
694.470,694.298
694.469,694.296
694.471,694.299
694.469,694.297
694.471,694.300
694.473,694.302
694.471,694.300
694.473,694.302
694.475,694.305
694.477,694.307
694.470,694.298
694.464,694.290
694.467,694.294
694.461,694.287
694.461,694.285
694.464,694.289
694.466,694.293
694.469,694.296
694.463,694.289
694.458,694.282
694.453,694.276
694.457,694.281
694.456,694.280
694.460,694.284
694.467,694.294
694.470,694.297
694.472,694.300
694.474,694.303
694.476,694.305
694.477,694.308
694.471,694.299
694.473,694.302
694.475,694.304
694.468,694.296
694.471,694.299
694.473,694.302
694.475,694.304
694.477,694.306
694.486,694.319
694.487,694.320
694.496,694.332
694.495,694.331
694.495,694.331
694.495,694.331
694.495,694.331
694.487,694.320
694.487,694.320
694.488,694.321
694.488,694.322
694.489,694.322
694.489,694.323
694.489,694.323
694.490,694.324
694.490,694.324
694.490,694.325
694.491,694.325
694.491,694.325
694.491,694.326
694.491,694.326
694.491,694.326
694.492,694.326
694.484,694.316
694.485,694.317
694.485,694.318
694.486,694.319
694.487,694.320
694.483,694.316
694.484,694.317
694.481,694.313
694.482,694.314
694.483,694.316
694.484,694.317
694.477,694.307
694.475,694.304
694.476,694.306
694.470,694.298
694.472,694.300
694.470,694.298
694.464,694.290
694.459,694.283
694.462,694.287
694.465,694.291
694.460,694.284
694.455,694.277
694.458,694.282
694.462,694.287
694.465,694.291
694.467,694.294
694.462,694.287
694.456,694.280
694.452,694.274
694.448,694.268
694.456,694.279
694.452,694.273
694.456,694.279
694.459,694.283
694.462,694.288
694.465,694.292
694.468,694.295
694.462,694.287
694.461,694.286
694.464,694.290
694.459,694.283
694.454,694.277
694.458,694.281
694.453,694.275
694.449,694.269
694.445,694.264
694.441,694.260
694.446,694.266
694.447,694.267
694.451,694.273
694.447,694.267
694.447,694.268
694.444,694.263
694.448,694.269
694.453,694.275
694.448,694.269
694.444,694.264
694.441,694.259
694.450,694.271
694.454,694.277
694.458,694.282
694.461,694.286
694.456,694.279
694.460,694.284
694.463,694.288
694.466,694.292
694.460,694.285
694.455,694.278
694.451,694.272
694.447,694.267
694.447,694.267
694.443,694.263
694.440,694.258
694.445,694.265
694.442,694.260
694.442,694.261
694.439,694.257
694.436,694.253
694.442,694.260
694.438,694.256
694.435,694.252
694.433,694.249
694.430,694.245
694.441,694.259
694.437,694.255
694.443,694.262
694.444,694.263
694.440,694.258
694.445,694.265
694.450,694.271
694.454,694.277
694.454,694.276
694.449,694.270
694.453,694.276
694.453,694.276
694.457,694.281
694.452,694.274
694.448,694.269
694.452,694.274
694.456,694.280
694.452,694.273
694.456,694.279
694.455,694.278
694.459,694.283
694.462,694.287
694.465,694.291
694.468,694.295
694.470,694.298
694.472,694.301
694.474,694.303
694.476,694.306
694.470,694.297
694.472,694.300
694.474,694.303
694.468,694.295
694.462,694.287
694.457,694.280
694.456,694.280
694.452,694.273
694.447,694.268
694.448,694.268
694.452,694.274
694.456,694.279
694.451,694.273
694.447,694.268
694.448,694.268
694.444,694.263
694.440,694.259
694.442,694.260
694.438,694.256
694.435,694.252
694.433,694.249
694.430,694.245
694.436,694.253
694.438,694.255
694.443,694.262
694.448,694.268
694.452,694.274
694.456,694.279
694.451,694.273
694.447,694.268
694.443,694.263
694.444,694.264
694.441,694.259
694.446,694.266
694.450,694.272
694.446,694.266
694.443,694.262
694.439,694.257
694.436,694.253
694.438,694.255
694.435,694.251
694.432,694.248
694.434,694.250
694.432,694.247
694.429,694.244
694.427,694.241
694.434,694.250
694.435,694.252
694.441,694.259
694.446,694.266
694.442,694.261
694.447,694.267
694.443,694.262
694.448,694.269
694.444,694.264
694.445,694.265
694.445,694.265
694.442,694.261
694.447,694.267
694.443,694.262
694.448,694.268
694.448,694.269
694.452,694.275
694.448,694.269
694.444,694.264
694.449,694.270
694.445,694.265
694.446,694.266
694.442,694.261
694.435,694.251
694.440,694.259
694.445,694.265
694.446,694.266
694.438,694.256
694.435,694.252
694.441,694.259
694.438,694.255
694.435,694.251
694.437,694.254
694.434,694.250
694.439,694.257
694.441,694.259
694.446,694.265
694.446,694.266
694.451,694.272
694.455,694.277
694.450,694.272
694.446,694.266
694.447,694.267
694.451,694.273
694.447,694.267
694.451,694.273
694.447,694.268
694.452,694.273
694.452,694.273
694.456,694.279
694.451,694.273
694.455,694.278
694.459,694.283
694.458,694.282
694.453,694.276
694.449,694.270
694.453,694.275
694.457,694.280
694.456,694.280
694.460,694.284
694.455,694.278
694.450,694.272
694.446,694.267
694.451,694.272
694.451,694.273
694.455,694.278
694.447,694.267
694.443,694.262
694.440,694.257
694.445,694.264
694.449,694.270
694.445,694.265
694.450,694.271
694.446,694.266
694.450,694.272
694.446,694.266
694.443,694.262
694.447,694.268
694.444,694.263
694.440,694.258
694.437,694.254
694.434,694.251
694.432,694.247
694.430,694.244
694.427,694.242
694.422,694.234
694.428,694.243
694.435,694.251
694.428,694.242
694.434,694.251
694.440,694.258
694.445,694.265
694.450,694.271
694.446,694.265
694.450,694.271
694.446,694.266
694.442,694.261
694.447,694.268
694.448,694.268
694.452,694.274
694.448,694.268
694.444,694.263
694.441,694.259
694.437,694.255
694.439,694.256
694.436,694.253
694.433,694.249
694.427,694.241
694.425,694.238
694.423,694.236
694.422,694.234
694.429,694.243
694.435,694.251
694.440,694.259
694.437,694.254
694.434,694.251
694.432,694.247
694.430,694.244
694.432,694.247
694.438,694.255
694.443,694.262
694.439,694.257
694.445,694.264
694.449,694.270
694.449,694.271
694.445,694.265
694.442,694.261
694.443,694.262
694.448,694.268
694.444,694.263
694.444,694.264
694.449,694.270
694.453,694.276
694.449,694.270
694.445,694.265
694.442,694.260
694.438,694.256
694.435,694.252
694.433,694.249
694.430,694.245
694.428,694.243
694.430,694.245
694.428,694.243
694.426,694.240
694.425,694.238
694.423,694.236
694.422,694.234
694.420,694.232
694.427,694.241
694.425,694.239
694.428,694.242
694.426,694.240
694.424,694.237
694.431,694.246
694.429,694.243
694.427,694.240
694.421,694.233
694.420,694.231
694.419,694.230
694.422,694.234
694.420,694.232
694.419,694.230
694.414,694.224
694.413,694.223
694.413,694.222
694.412,694.222
694.412,694.221
694.412,694.220
694.415,694.226
694.411,694.219
694.410,694.219
694.418,694.229
694.413,694.223
694.413,694.222
694.412,694.221
694.412,694.221
694.411,694.220
694.419,694.231
694.422,694.235
694.421,694.233
694.420,694.231
694.419,694.230
694.417,694.228
694.425,694.238
694.431,694.246
694.429,694.244
694.427,694.241
694.425,694.238
694.423,694.236
694.422,694.234
694.421,694.233
694.419,694.231
694.418,694.229
694.417,694.228
694.425,694.238
694.423,694.236
694.422,694.234
694.424,694.237
694.423,694.235
694.421,694.233
694.420,694.232
694.419,694.230
694.426,694.240
694.428,694.243
694.427,694.240
694.425,694.238
694.423,694.236
694.430,694.245
694.432,694.247
694.438,694.255
694.443,694.262
694.436,694.252
694.433,694.249
694.439,694.256
694.440,694.258
694.445,694.265
694.442,694.260
694.446,694.267
694.443,694.262
694.439,694.257
694.441,694.259
694.437,694.255
694.435,694.251
694.432,694.248
694.430,694.245
694.432,694.247
694.430,694.244
694.427,694.242
694.430,694.245
694.436,694.253
694.433,694.249
694.431,694.246
694.429,694.243
694.431,694.246
694.437,694.254
694.434,694.250
694.440,694.257
694.445,694.264
694.441,694.260
694.442,694.261
694.439,694.257
694.444,694.263
694.441,694.259
694.437,694.255
694.435,694.251
694.436,694.253
694.442,694.260
694.447,694.267
694.451,694.273
694.447,694.267
694.447,694.268
694.452,694.274
694.456,694.279
694.451,694.273
694.447,694.267
694.443,694.262
694.444,694.263
694.441,694.259
694.437,694.255
694.435,694.251
694.432,694.248
694.430,694.245
694.432,694.247
694.430,694.244
694.427,694.242
694.426,694.239
694.432,694.248
694.434,694.250
694.439,694.257
694.445,694.264
694.441,694.260
694.438,694.255
694.435,694.252
694.432,694.248
694.430,694.245
694.428,694.242
694.426,694.240
694.428,694.243
694.435,694.251
694.432,694.248
694.430,694.245
694.428,694.242
694.426,694.239
694.424,694.237
694.431,694.246
694.437,694.254
694.430,694.245
694.428,694.242
694.426,694.239
694.428,694.243
694.426,694.240
694.425,694.238
694.423,694.236
694.422,694.234
694.420,694.232
694.423,694.236
694.430,694.245
694.436,694.253
694.433,694.249
694.431,694.246
694.429,694.243
694.435,694.251
694.432,694.248
694.430,694.245
694.428,694.242
694.426,694.239
694.424,694.237
694.427,694.241
694.425,694.238
694.423,694.236
694.422,694.234
694.425,694.238
694.423,694.236
694.422,694.234
694.424,694.238
694.423,694.235
694.421,694.234
694.424,694.237
694.431,694.246
694.429,694.243
694.431,694.246
694.429,694.243
694.435,694.251
694.436,694.253
694.442,694.260
694.447,694.267
694.443,694.262
694.448,694.268
694.444,694.263
694.440,694.259
694.437,694.255
694.435,694.251
694.432,694.248
694.434,694.250
694.431,694.247
694.437,694.254
694.443,694.261
694.439,694.257
694.436,694.253
694.438,694.255
694.443,694.262
694.440,694.258
694.437,694.254
694.434,694.250
694.431,694.247
694.433,694.249
694.431,694.246
694.429,694.243
694.427,694.240
694.425,694.238
694.423,694.236
694.430,694.245
694.428,694.242
694.426,694.239
694.420,694.232
694.419,694.230
694.418,694.229
694.413,694.222
694.413,694.222
694.412,694.221
694.420,694.231
694.427,694.241
694.425,694.238
694.423,694.236
694.422,694.234
694.420,694.232
694.419,694.231
694.418,694.229
694.417,694.228
694.416,694.227
694.415,694.226
694.415,694.225
694.414,694.224
694.413,694.223
694.413,694.222
694.412,694.222
694.412,694.221
694.412,694.220
694.411,694.220
694.411,694.220
694.411,694.219
694.410,694.219
694.410,694.219
694.410,694.218
694.410,694.218
694.418,694.228
694.417,694.227
694.416,694.226
694.423,694.236
694.422,694.234
694.420,694.232
694.419,694.231
694.418,694.229
694.417,694.228
694.408,694.216
694.408,694.216
694.408,694.216
694.408,694.216
694.408,694.216
694.400,694.205
694.401,694.206
694.397,694.202
694.398,694.203
694.399,694.204
694.396,694.200
694.397,694.202
694.406,694.214
694.403,694.209
694.403,694.209
694.404,694.210
694.396,694.200
694.393,694.196
694.394,694.198
694.388,694.189
694.389,694.191
694.391,694.194
694.393,694.196
694.394,694.198
694.396,694.199
694.389,694.190
694.390,694.192
694.384,694.184
694.382,694.182
694.385,694.185
694.387,694.188
694.389,694.191
694.387,694.188
694.385,694.185
694.379,694.177
694.382,694.181
694.380,694.179
694.375,694.172
694.370,694.165
694.373,694.170
694.377,694.174
694.372,694.168
694.367,694.161
694.363,694.156
694.363,694.156
694.359,694.151
694.356,694.147
694.361,694.153
694.357,694.148
694.370,694.165
694.374,694.170
694.377,694.174
694.380,694.178
694.382,694.182
694.377,694.174
694.372,694.168
694.375,694.172
694.370,694.166
694.374,694.170
694.369,694.164
694.372,694.169
694.372,694.168
694.375,694.172
694.370,694.166
694.374,694.171
694.373,694.170
694.372,694.169
694.376,694.173
694.379,694.177
694.382,694.181
694.380,694.179
694.383,694.182
694.377,694.175
694.384,694.184
694.386,694.187
694.388,694.190
694.382,694.182
694.381,694.179
694.383,694.183
694.385,694.186
694.388,694.189
694.389,694.191
694.391,694.194
694.389,694.190
694.391,694.193
694.392,694.195
694.394,694.197
694.395,694.199
694.396,694.200
694.393,694.197
694.395,694.198
694.388,694.189
694.390,694.192
694.388,694.189
694.389,694.191
694.383,694.183
694.382,694.181
694.384,694.184
694.390,694.193
694.392,694.195
694.394,694.197
694.395,694.198
694.400,694.206
694.409,694.217
694.409,694.217
694.413,694.222
694.413,694.222
694.412,694.221
694.412,694.221
694.407,694.215
694.407,694.215
694.407,694.215
694.399,694.204
694.400,694.205
694.393,694.196
694.394,694.197
694.392,694.194
694.393,694.196
694.394,694.198
694.388,694.189
694.390,694.191
694.391,694.194
694.393,694.196
694.386,694.187
694.392,694.195
694.390,694.192
694.383,694.183
694.386,694.186
694.388,694.189
694.390,694.192
694.391,694.194
694.393,694.196
694.390,694.192
694.396,694.200
694.397,694.202
694.398,694.203
694.403,694.210
694.404,694.210
694.404,694.211
694.401,694.206
694.401,694.207
694.402,694.208
694.402,694.208
694.403,694.209
694.403,694.210
694.404,694.210
694.404,694.211
694.404,694.211
694.405,694.212
694.401,694.207
694.406,694.213
694.398,694.202
694.391,694.193
694.384,694.184
694.387,694.187
694.389,694.190
694.390,694.192
694.388,694.189
694.386,694.187
694.388,694.189
694.390,694.192
694.392,694.194
694.389,694.191
694.391,694.193
694.393,694.195
694.394,694.197
694.391,694.194
694.393,694.196
694.394,694.198
694.392,694.194
694.393,694.196
694.395,694.198
694.396,694.200
694.397,694.201
694.398,694.203
694.399,694.204
694.400,694.205
694.401,694.206
694.401,694.207
694.398,694.202
694.399,694.204
694.400,694.205
694.392,694.195
694.390,694.192
694.392,694.194
694.385,694.185
694.387,694.188
694.385,694.186
694.387,694.188
694.389,694.191
694.387,694.188
694.385,694.185
694.379,694.178
694.374,694.170
694.377,694.175
694.380,694.179
694.383,694.182
694.377,694.174
694.376,694.173
694.379,694.177
694.382,694.181
694.384,694.184
694.386,694.187
694.388,694.190
694.382,694.182
694.385,694.185
694.387,694.188
694.389,694.190
694.391,694.193
694.392,694.195
694.390,694.192
694.391,694.194
694.393,694.196
694.394,694.198
694.400,694.205
694.401,694.206
694.393,694.196
694.386,694.187
694.385,694.185
694.387,694.188
694.389,694.190
694.391,694.193
694.392,694.195
694.394,694.197
694.387,694.188
694.381,694.180
694.379,694.178
694.374,694.171
694.377,694.175
694.380,694.179
694.375,694.172
694.378,694.176
694.373,694.169
694.376,694.173
694.379,694.177
694.378,694.176
694.381,694.180
694.375,694.172
694.378,694.176
694.377,694.175
694.372,694.168
694.375,694.172
694.370,694.166
694.374,694.171
694.377,694.175
694.372,694.168
694.375,694.173
694.374,694.171
694.378,694.176
694.380,694.179
694.383,694.183
694.382,694.181
694.376,694.173
694.379,694.177
694.382,694.181
694.380,694.179
694.383,694.183
694.385,694.186
694.387,694.189
694.393,694.197
694.395,694.198
694.396,694.200
694.397,694.201
694.398,694.203
694.399,694.204
694.400,694.205
694.401,694.206
694.397,694.202
694.390,694.192
694.384,694.184
694.382,694.182
694.385,694.185
694.387,694.188
694.381,694.180
694.383,694.183
694.386,694.186
694.388,694.189
694.390,694.191
694.387,694.189
694.381,694.180
694.376,694.173
694.371,694.166
694.370,694.166
694.366,694.160
694.366,694.160
694.370,694.165
694.365,694.159
694.369,694.164
694.373,694.169
694.368,694.163
694.364,694.157
694.368,694.163
694.364,694.157
694.368,694.163
694.363,694.157
694.368,694.162
694.363,694.157
694.364,694.157
694.360,694.152
694.364,694.158
694.368,694.164
694.372,694.168
694.376,694.173
694.379,694.177
694.373,694.170
694.373,694.169
694.368,694.163
694.363,694.157
694.368,694.162
694.363,694.157
694.359,694.152
694.360,694.153
694.365,694.159
694.369,694.164
694.364,694.158
694.365,694.158
694.369,694.164
694.372,694.169
694.376,694.173
694.379,694.177
694.382,694.181
694.384,694.184
694.386,694.187
694.388,694.190
694.390,694.192
694.392,694.194
694.393,694.196
694.391,694.193
694.384,694.184
694.387,694.187
694.389,694.190
694.390,694.192
694.392,694.195
694.394,694.197
694.395,694.198
694.400,694.206
694.401,694.207
694.402,694.207
694.398,694.203
694.399,694.204
694.400,694.205
694.401,694.206
694.393,694.196
694.395,694.198
694.396,694.200
694.397,694.201
694.398,694.203
694.399,694.204
694.400,694.205
694.401,694.206
694.393,694.196
694.391,694.193
694.392,694.195
694.394,694.197
694.395,694.199
694.392,694.195
694.394,694.197
694.387,694.188
694.381,694.180
694.379,694.178
694.382,694.182
694.385,694.185
694.379,694.177
694.373,694.170
694.377,694.174
694.371,694.167
694.367,694.161
694.371,694.166
694.370,694.166
694.374,694.171
694.377,694.175
694.372,694.168
694.367,694.162
694.371,694.167
694.375,694.171
694.370,694.165
694.373,694.170
694.368,694.163
694.364,694.158
694.360,694.152
694.361,694.153
694.365,694.159
694.361,694.154
694.366,694.160
694.361,694.154
694.362,694.155
694.358,694.150
694.363,694.156
694.359,694.151
694.364,694.157
694.368,694.163
694.372,694.168
694.367,694.161
694.363,694.156
694.363,694.156
694.367,694.162
694.371,694.167
694.375,694.172
694.374,694.171
694.369,694.164
694.365,694.158
694.361,694.153
694.357,694.148
694.358,694.149
694.354,694.145
694.360,694.152
694.356,694.147
694.357,694.148
694.358,694.149
694.354,694.145
694.360,694.152
694.356,694.147
694.361,694.154
694.361,694.154
694.358,694.149
694.354,694.145
694.351,694.141
694.357,694.148
694.358,694.149
694.354,694.145
694.351,694.141
694.348,694.137
694.354,694.144
694.351,694.141
694.348,694.137
694.346,694.134
694.344,694.131
694.346,694.133
694.352,694.141
694.349,694.138
694.346,694.134
694.352,694.142
694.358,694.149
694.362,694.155
694.367,694.161
694.367,694.161
694.370,694.166
694.366,694.160
694.370,694.165
694.370,694.165
694.365,694.159
694.369,694.164
694.373,694.169
694.368,694.163
694.368,694.163
694.364,694.157
694.360,694.152
694.356,694.147
694.357,694.148
694.362,694.155
694.358,694.150
694.355,694.145
694.352,694.141
694.357,694.148
694.358,694.149
694.354,694.145
694.351,694.141
694.349,694.137
694.346,694.134
694.352,694.142
694.353,694.144
694.359,694.150
694.363,694.157
694.367,694.162
694.375,694.173
694.379,694.177
694.381,694.181
694.384,694.184
694.386,694.187
694.384,694.184
694.378,694.177
694.373,694.170
694.376,694.174
694.383,694.183
694.378,694.176
694.381,694.179
694.375,694.172
694.378,694.176
694.381,694.180
694.383,694.183
694.378,694.176
694.372,694.169
694.380,694.179
694.387,694.188
694.381,694.180
694.383,694.183
694.385,694.186
694.384,694.184
694.378,694.176
694.381,694.180
694.375,694.172
694.378,694.177
694.385,694.186
694.387,694.189
694.389,694.191
694.383,694.183
694.381,694.181
694.384,694.184
694.386,694.187
694.388,694.190
694.390,694.192
694.384,694.184
694.382,694.181
694.384,694.185
694.379,694.177
694.373,694.170
694.373,694.169
694.368,694.163
694.363,694.157
694.360,694.152
694.364,694.158
694.368,694.163
694.368,694.163
694.364,694.157
694.360,694.152
694.356,694.147
694.353,694.143
694.350,694.139
694.348,694.136
694.345,694.133
694.351,694.141
694.348,694.137
694.350,694.139
694.347,694.136
694.345,694.133
694.343,694.130
694.341,694.127
694.339,694.125
694.342,694.128
694.340,694.126
694.338,694.124
694.345,694.132
694.343,694.130
694.341,694.127
694.343,694.130
694.349,694.138
694.347,694.135
694.353,694.143
694.350,694.139
694.343,694.130
694.341,694.128
694.340,694.125
694.338,694.123
694.345,694.132
694.342,694.129
694.345,694.132
694.351,694.140
694.348,694.136
694.346,694.133
694.343,694.130
694.349,694.138
694.347,694.135
694.349,694.137
694.346,694.134
694.344,694.131
694.342,694.128
694.340,694.126
694.343,694.129
694.345,694.132
694.343,694.129
694.341,694.127
694.339,694.125
694.342,694.128
694.340,694.126
694.338,694.123
694.337,694.121
694.335,694.120
694.342,694.129
694.344,694.132
694.347,694.135
694.344,694.131
694.342,694.129
694.348,694.137
694.350,694.139
694.347,694.136
694.345,694.133
694.343,694.130
694.341,694.127
694.339,694.125
694.342,694.128
694.340,694.126
694.338,694.124
694.345,694.132
694.343,694.130
694.345,694.133
694.343,694.130
694.341,694.127
694.339,694.125
694.334,694.117
694.341,694.127
694.347,694.135
694.345,694.132
694.351,694.140
694.352,694.142
694.349,694.138
694.347,694.135
694.353,694.143
694.354,694.144
694.351,694.140
694.348,694.137
694.346,694.134
694.352,694.141
694.349,694.138
694.342,694.129
694.341,694.127
694.339,694.124
694.337,694.122
694.336,694.120
694.335,694.119
694.333,694.117
694.337,694.121
694.335,694.120
694.342,694.129
694.340,694.126
694.347,694.135
694.340,694.126
694.343,694.130
694.341,694.127
694.339,694.125
694.346,694.133
694.343,694.130
694.338,694.123
694.344,694.131
694.342,694.129
694.340,694.126
694.339,694.124
694.337,694.122
694.332,694.115
694.331,694.114
694.338,694.123
694.337,694.121
694.339,694.125
694.346,694.134
694.348,694.136
694.354,694.144
694.359,694.151
694.363,694.157
694.364,694.157
694.360,694.152
694.356,694.147
694.353,694.143
694.350,694.139
694.347,694.136
694.345,694.133
694.347,694.135
694.353,694.143
694.350,694.139
694.347,694.136
694.345,694.132
694.339,694.124
694.333,694.117
694.332,694.116
694.331,694.115
694.331,694.113
694.330,694.112
694.329,694.111
694.325,694.105
694.324,694.105
694.324,694.105
694.324,694.105
694.332,694.115
694.335,694.120
694.342,694.129
694.348,694.137
694.346,694.134
694.352,694.141
694.357,694.148
694.358,694.150
694.355,694.145
694.352,694.141
694.357,694.148
694.358,694.149
694.363,694.156
694.367,694.161
694.363,694.156
694.367,694.161
694.363,694.156
694.363,694.156
694.359,694.151
694.356,694.147
694.353,694.142
694.358,694.149
694.359,694.150
694.355,694.146
694.352,694.142
694.357,694.149
694.362,694.155
694.363,694.156
694.367,694.161
694.363,694.156
694.367,694.161
694.371,694.167
694.370,694.166
694.366,694.160
694.362,694.154
694.358,694.150
694.351,694.140
694.348,694.136
694.354,694.144
694.359,694.151
694.363,694.157
694.368,694.162
694.367,694.162
694.363,694.156
694.367,694.162
694.363,694.156
694.363,694.157
694.368,694.162
694.363,694.157
694.368,694.162
694.363,694.157
694.359,694.152
694.352,694.142
694.349,694.138
694.347,694.135
694.344,694.132
694.342,694.129
694.340,694.126
694.339,694.124
694.341,694.128
694.339,694.125
694.338,694.123
694.336,694.121
694.335,694.119
694.334,694.118
694.337,694.122
694.336,694.120
694.334,694.118
694.333,694.117
694.340,694.126
694.339,694.124
694.341,694.127
694.339,694.125
694.338,694.123
694.336,694.121
694.343,694.130
694.345,694.133
694.347,694.136
694.345,694.132
694.351,694.140
694.348,694.137
694.346,694.134
694.344,694.131
694.346,694.133
694.348,694.136
694.353,694.144
694.351,694.140
694.348,694.136
694.341,694.128
694.344,694.131
694.342,694.128
694.348,694.137
694.354,694.144
694.351,694.140
694.352,694.142
694.349,694.138
694.347,694.135
694.345,694.132
694.342,694.129
694.345,694.132
694.351,694.140
694.348,694.136
694.346,694.133
694.343,694.130
694.337,694.123
694.336,694.121
694.335,694.119
694.342,694.128
694.348,694.136
694.346,694.133
694.339,694.125
694.346,694.134
694.344,694.131
694.342,694.128
694.340,694.126
694.338,694.123
694.341,694.127
694.339,694.125
694.338,694.123
694.336,694.121
694.335,694.119
694.338,694.123
694.336,694.121
694.335,694.119
694.342,694.128
694.348,694.137
694.350,694.139
694.347,694.135
694.353,694.143
694.358,694.150
694.355,694.145
694.352,694.141
694.345,694.133
694.343,694.130
694.341,694.127
694.339,694.125
694.338,694.123
694.340,694.126
694.339,694.124
694.337,694.122
694.336,694.120
694.334,694.118
694.333,694.117
694.336,694.121
694.331,694.114
694.330,694.113
694.330,694.112
694.329,694.111
694.328,694.110
694.332,694.115
694.331,694.114
694.330,694.113
694.338,694.123
694.344,694.131
694.338,694.123
694.345,694.132
694.343,694.129
694.341,694.127
694.339,694.125
694.337,694.122
694.336,694.121
694.331,694.114
694.338,694.123
694.337,694.121
694.335,694.120
694.334,694.118
694.337,694.122
694.340,694.126
694.338,694.123
694.337,694.121
694.335,694.120
694.334,694.118
694.337,694.122
694.340,694.126
694.338,694.124
694.345,694.132
694.351,694.140
694.352,694.142
694.349,694.138
694.347,694.135
694.345,694.132
694.342,694.129
694.341,694.127
694.343,694.130
694.341,694.127
694.347,694.136
694.345,694.133
694.351,694.140
694.344,694.132
694.346,694.134
694.344,694.131
694.342,694.129
694.340,694.126
694.347,694.135
694.349,694.137
694.350,694.139
694.348,694.136
694.345,694.133
694.343,694.130
694.341,694.127
694.339,694.125
694.342,694.128
694.340,694.126
694.338,694.124
694.345,694.133
694.343,694.130
694.341,694.127
694.339,694.125
694.338,694.123
694.344,694.131
694.350,694.139
694.348,694.136
694.341,694.128
694.344,694.131
694.346,694.134
694.344,694.131
694.342,694.128
694.340,694.126
694.338,694.123
694.337,694.121
694.339,694.125
694.334,694.118
694.341,694.127
694.339,694.125
694.338,694.123
694.336,694.121
694.335,694.119
694.338,694.123
694.336,694.121
694.335,694.119
694.334,694.118
694.333,694.116
694.332,694.115
694.339,694.125
694.342,694.128
694.348,694.136
694.354,694.144
694.351,694.140
694.348,694.136
694.345,694.133
694.339,694.125
694.342,694.128
694.340,694.126
694.338,694.124
694.345,694.133
694.343,694.130
694.345,694.133
694.343,694.130
694.345,694.133
694.351,694.141
694.348,694.137
694.346,694.134
694.336,694.120
694.334,694.118
694.329,694.112
694.329,694.111
694.328,694.110
694.327,694.109
694.327,694.109
694.327,694.108
694.326,694.108
694.330,694.113
694.329,694.112
694.329,694.111
694.328,694.110
694.327,694.109
694.327,694.109
694.326,694.108
694.330,694.113
694.326,694.107
694.325,694.106
694.325,694.106
694.325,694.106
694.325,694.105
694.324,694.105
694.324,694.105
694.324,694.105
694.324,694.105
694.324,694.104
694.324,694.104
694.323,694.104
694.323,694.104
694.323,694.104
694.327,694.109
694.323,694.103
694.323,694.103
694.323,694.103
694.323,694.103
694.323,694.103
694.323,694.103
694.319,694.098
694.323,694.104
694.323,694.104
694.323,694.104
694.323,694.104
694.323,694.103
694.327,694.109
694.323,694.103
694.319,694.098
694.315,694.093
694.316,694.094
694.308,694.084
694.310,694.086
694.311,694.087
694.316,694.094
694.317,694.095
694.321,694.101
694.322,694.102
694.322,694.102
694.322,694.102
694.322,694.102
694.322,694.102
694.326,694.107
694.326,694.107
694.321,694.101
694.322,694.102
694.322,694.102
694.322,694.102
694.322,694.102
694.322,694.102
694.318,694.097
694.323,694.103
694.323,694.103
694.323,694.103
694.323,694.103
694.323,694.103
694.323,694.103
694.323,694.103
694.327,694.108
694.326,694.108
694.326,694.107
694.326,694.107
694.325,694.106
694.325,694.106
694.325,694.106
694.329,694.111
694.324,694.105
694.324,694.105
694.324,694.105
694.324,694.104
694.324,694.104
694.324,694.104
694.328,694.110
694.331,694.114
694.330,694.113
694.330,694.112
694.329,694.111
694.328,694.111
694.328,694.110
694.327,694.109
694.327,694.109
694.323,694.103
694.323,694.103
694.323,694.103
694.323,694.103
694.323,694.103
694.323,694.103
694.323,694.103
694.327,694.108
694.326,694.108
694.326,694.107
694.326,694.107
694.325,694.106
694.321,694.101
694.317,694.096
694.318,694.097
694.318,694.097
694.319,694.098
694.319,694.098
694.319,694.099
694.316,694.094
694.320,694.100
694.321,694.100
694.317,694.095
694.317,694.096
694.318,694.097
694.318,694.097
694.319,694.098
694.315,694.093
694.316,694.094
694.316,694.095
694.317,694.095
694.318,694.096
694.318,694.097
694.318,694.097
694.319,694.098
694.323,694.104
694.327,694.109
694.327,694.109
694.326,694.108
694.326,694.107
694.326,694.107
694.330,694.112
694.325,694.106
694.325,694.106
694.324,694.105
694.324,694.105
694.324,694.105
694.324,694.105
694.324,694.104
694.328,694.110
694.323,694.104
694.323,694.104
694.323,694.104
694.323,694.104
694.323,694.104
694.323,694.103
694.323,694.103
694.319,694.098
694.311,694.088
694.312,694.089
694.313,694.091
694.314,694.092
694.315,694.093
694.316,694.094
694.316,694.095
694.309,694.085
694.310,694.086
694.307,694.083
694.305,694.079
694.303,694.076
694.304,694.079
694.298,694.070
694.292,694.063
694.295,694.066
694.290,694.059
694.293,694.063
694.296,694.067
694.298,694.070
694.292,694.063
694.295,694.067
694.290,694.059
694.285,694.053
694.284,694.052
694.280,694.046
694.284,694.052
694.287,694.056
694.291,694.061
694.294,694.065
694.297,694.068
694.299,694.072
694.301,694.075
694.295,694.067
694.294,694.065
694.293,694.063
694.295,694.067
694.298,694.070
694.300,694.073
694.302,694.076
694.304,694.079
694.306,694.081
694.308,694.083
694.309,694.085
694.306,694.081
694.304,694.078
694.306,694.081
694.312,694.088
694.313,694.090
694.313,694.091
694.322,694.103
694.322,694.103
694.314,694.092
694.311,694.088
694.308,694.084
694.306,694.081
694.307,694.083
694.309,694.085
694.310,694.086
694.311,694.088
694.312,694.089
694.305,694.080
694.307,694.082
694.304,694.079
694.310,694.087
694.311,694.088
694.304,694.079
694.306,694.081
694.308,694.083
694.301,694.074
694.303,694.077
694.301,694.074
694.303,694.077
694.309,694.085
694.314,694.092
694.315,694.093
694.316,694.094
694.308,694.084
694.310,694.086
694.311,694.087
694.312,694.089
694.309,694.085
694.302,694.076
694.304,694.078
694.306,694.081
694.307,694.083
694.309,694.085
694.310,694.086
694.307,694.083
694.305,694.079
694.311,694.087
694.312,694.089
694.313,694.090
694.314,694.091
694.315,694.092
694.307,694.083
694.309,694.084
694.302,694.075
694.296,694.067
694.294,694.065
694.293,694.064
694.292,694.062
694.287,694.055
694.290,694.060
694.285,694.053
694.289,694.058
694.292,694.062
694.287,694.055
694.290,694.060
694.293,694.064
694.296,694.068
694.290,694.060
694.293,694.064
694.296,694.068
694.291,694.060
694.285,694.054
694.289,694.058
694.284,694.052
694.292,694.062
694.291,694.061
694.286,694.054
694.297,694.069
694.300,694.073
694.302,694.075
694.296,694.067
694.298,694.071
694.301,694.074
694.299,694.071
694.297,694.069
694.299,694.072
694.298,694.070
694.296,694.068
694.299,694.071
694.301,694.074
694.303,694.077
694.305,694.079
694.306,694.081
694.300,694.073
694.306,694.081
694.308,694.083
694.305,694.080
694.303,694.077
694.305,694.079
694.306,694.081
694.308,694.084
694.309,694.085
694.302,694.076
694.304,694.079
694.306,694.081
694.312,694.089
694.309,694.085
694.310,694.086
694.311,694.088
694.304,694.079
694.306,694.081
694.308,694.083
694.309,694.085
694.302,694.076
694.304,694.078
694.306,694.081
694.307,694.083
694.301,694.074
694.299,694.071
694.297,694.069
694.296,694.067
694.294,694.065
694.293,694.064
694.296,694.067
694.290,694.060
694.293,694.064
694.296,694.068
694.299,694.071
694.301,694.074
694.295,694.066
694.297,694.069
694.300,694.073
694.294,694.065
694.288,694.058
694.288,694.057
694.287,694.056
694.287,694.055
694.286,694.055
694.290,694.059
694.285,694.053
694.280,694.047
694.284,694.052
694.288,694.057
694.283,694.050
694.287,694.055
694.290,694.060
694.285,694.053
694.280,694.047
694.284,694.052
694.288,694.057
694.291,694.061
694.294,694.065
694.293,694.064
694.296,694.067
694.294,694.066
694.293,694.064
694.296,694.068
694.290,694.060
694.285,694.053
694.281,694.047
694.277,694.042
694.281,694.048
694.285,694.053
694.289,694.058
694.284,694.051
694.279,694.045
694.279,694.046
694.275,694.040
694.280,694.046
694.284,694.052
694.279,694.046
694.275,694.040
694.280,694.046
694.284,694.052
694.287,694.056
694.283,694.050
694.278,694.044
694.283,694.050
694.286,694.055
694.290,694.059
694.293,694.063
694.292,694.062
694.291,694.061
694.290,694.059
694.285,694.053
694.288,694.058
694.292,694.062
694.286,694.055
694.282,694.049
694.286,694.054
694.289,694.058
694.292,694.063
694.295,694.066
694.298,694.070
694.292,694.062
694.287,694.055
694.282,694.049
694.278,694.043
694.282,694.049
694.278,694.043
694.274,694.038
694.275,694.039
694.275,694.040
694.276,694.041
694.276,694.041
694.277,694.042
694.277,694.043
694.281,694.048
694.277,694.043
694.273,694.038
694.278,694.044
694.274,694.039
694.279,694.045
694.283,694.050
694.279,694.045
694.287,694.056
694.286,694.055
694.290,694.059
694.293,694.063
694.288,694.056
694.291,694.061
694.294,694.065
694.297,694.068
694.291,694.061
694.294,694.065
694.288,694.058
694.292,694.062
694.286,694.055
694.282,694.049
694.286,694.054
694.289,694.059
694.288,694.058
694.280,694.046
694.280,694.046
694.276,694.041
694.280,694.047
694.276,694.041
694.280,694.047
694.276,694.042
694.273,694.037
694.277,694.043
694.282,694.049
694.286,694.054
694.289,694.058
694.288,694.058
694.292,694.062
694.291,694.061
694.290,694.059
694.293,694.063
694.296,694.067
694.298,694.071
694.300,694.074
694.294,694.066
694.297,694.069
694.299,694.072
694.302,694.075
694.296,694.067
694.298,694.070
694.300,694.074
694.294,694.066
694.289,694.058
694.284,694.052
694.288,694.057
694.283,694.050
694.279,694.045
694.279,694.045
694.279,694.045
694.287,694.056
694.283,694.050
694.286,694.055
694.286,694.054
694.281,694.048
694.285,694.053
694.281,694.047
694.284,694.052
694.288,694.057
701.429,703.501
707.450,711.464
710.165,715.055
711.575,716.919
711.795,717.210
711.932,717.391
712.024,717.512
711.969,717.440
710.555,715.571
709.850,714.638
708.721,713.144
708.507,712.861
707.367,711.354
706.326,709.977
705.200,708.488
704.417,707.453
704.210,707.179
703.235,705.890
702.628,705.086
702.109,704.400
701.906,704.132
701.279,703.303
701.061,703.014
700.249,701.940
700.030,701.650
699.869,701.437
699.765,701.300
699.673,701.179
699.698,701.212
699.771,701.309
700.800,702.669
701.609,703.739
701.684,703.838
702.270,704.614
702.446,704.846
702.476,704.886
703.047,705.641
703.968,706.858
704.491,707.550
704.549,707.628
705.097,708.352
705.273,708.584
705.420,708.779
705.539,708.937
705.557,708.960
705.537,708.934
705.537,708.934
705.499,708.883
705.457,708.828
704.958,708.169
704.944,708.149
704.939,708.143
704.981,708.198
705.043,708.281
705.117,708.378
705.617,709.040
705.619,709.043
705.767,709.238
705.819,709.307
705.795,709.276
705.807,709.291
706.374,710.041
706.475,710.174
706.479,710.180
706.454,710.146
706.443,710.132
706.451,710.143
706.454,710.146
706.408,710.086
705.865,709.367
705.960,709.493
706.109,709.691
706.118,709.702
706.173,709.775
706.105,709.685
706.041,709.601
705.454,708.825
705.322,708.649
705.160,708.435
705.055,708.297
704.956,708.165
704.098,707.031
703.907,706.779
703.755,706.578
703.231,705.884
703.142,705.766
703.112,705.727
703.097,705.707
703.069,705.670
703.004,705.584
702.942,705.502
702.198,704.517
702.064,704.341
701.903,704.128
701.333,703.374
701.260,703.278
701.148,703.129
701.039,702.985
700.419,702.165
700.330,702.047
700.212,701.892
700.117,701.766
700.053,701.681
699.962,701.561
699.883,701.456
699.814,701.366
699.300,700.686
699.255,700.625
699.181,700.528
699.153,700.491
699.118,700.445
699.063,700.372
699.018,700.312
698.970,700.249
698.915,700.176
698.870,700.116
698.818,700.048
698.764,699.976
698.718,699.915
698.673,699.856
698.630,699.799
698.587,699.742
698.540,699.680
698.499,699.626
698.458,699.572
698.409,699.507
698.364,699.448
698.325,699.396
698.289,699.348
698.257,699.306
698.220,699.257
698.195,699.224
698.164,699.183
698.136,699.146
698.111,699.112
698.080,699.072
698.052,699.035
698.026,699.001
697.995,698.960
697.964,698.918
697.939,698.885
697.916,698.855
697.887,698.817
697.862,698.783
697.838,698.752
697.817,698.724
697.790,698.688
697.765,698.655
697.739,698.621
697.711,698.584
697.694,698.561
697.678,698.540
697.664,698.522
697.643,698.494
697.632,698.480
697.622,698.467
697.605,698.444
697.590,698.424
697.576,698.406
697.564,698.389
697.548,698.368
697.530,698.344
697.522,698.334
697.514,698.324
697.508,698.315
697.502,698.307
697.496,698.300
697.491,698.293
697.478,698.276
697.467,698.261
697.465,698.258
697.455,698.245
697.446,698.233
697.437,698.222
697.430,698.212
697.423,698.203
697.417,698.195
697.411,698.188
697.406,698.181
697.402,698.175
697.398,698.170
697.394,698.165
697.391,698.160
697.388,698.156
697.385,698.153
697.382,698.149
697.372,698.135
697.371,698.134
697.369,698.132
697.360,698.120
697.360,698.120
697.360,698.120
697.360,698.119
697.351,698.108
697.344,698.099
697.345,698.100
697.347,698.102
697.340,698.093
697.341,698.095
697.335,698.086
697.329,698.079
697.332,698.082
697.326,698.075
697.321,698.068
697.316,698.062
697.312,698.057
697.308,698.052
697.313,698.058
697.309,698.053
697.314,698.059
697.310,698.054
697.307,698.049
697.303,698.045
697.300,698.041
697.298,698.038
697.299,698.039
697.297,698.036
697.294,698.033
697.292,698.030
697.290,698.028
697.289,698.026
697.287,698.023
697.286,698.022
697.285,698.020
697.283,698.019
697.282,698.017
697.277,698.010
697.277,698.010
697.276,698.009
697.276,698.009
697.276,698.008
697.267,697.997
697.268,697.998
697.268,697.998
697.260,697.988
697.262,697.990
697.263,697.991
697.264,697.992
697.265,697.994
697.265,697.995
697.266,697.996
697.267,697.996
697.267,697.997
697.268,697.998
697.268,697.998
697.269,697.999
697.269,698.000
697.269,698.000
697.270,698.000
697.262,697.990
697.267,697.996
697.267,697.997
697.268,697.998
697.268,697.998
697.269,697.999
697.261,697.989
697.262,697.990
697.263,697.992
697.264,697.993
697.265,697.994
697.266,697.995
697.258,697.985
697.259,697.987
697.261,697.989
697.262,697.990
697.255,697.981
697.256,697.983
697.258,697.985
697.251,697.976
697.253,697.979
697.251,697.975
697.245,697.967
697.247,697.971
697.250,697.974
697.244,697.966
697.238,697.959
697.237,697.957
697.240,697.962
697.244,697.966
697.238,697.959
697.233,697.952
697.237,697.957
697.232,697.951
697.232,697.950
697.236,697.955
697.231,697.949
697.227,697.944
697.223,697.939
697.220,697.934
697.216,697.930
697.214,697.926
697.219,697.934
697.216,697.930
697.213,697.926
697.219,697.933
697.224,697.940
697.221,697.936
697.217,697.931
697.223,697.938
697.227,697.945
697.232,697.950
697.227,697.945
697.224,697.939
697.220,697.935
697.225,697.941
697.230,697.947
697.234,697.953
697.229,697.947
697.225,697.942
697.222,697.937
697.227,697.943
697.231,697.949
697.227,697.944
697.223,697.939
697.228,697.945
697.232,697.951
697.228,697.945
697.224,697.940
697.224,697.940
697.221,697.935
697.225,697.942
697.222,697.937
697.222,697.938
697.219,697.933
697.224,697.940
697.220,697.935
697.217,697.931
697.214,697.927
697.204,697.913
697.202,697.911
697.204,697.914
697.203,697.912
697.201,697.910
697.200,697.908
697.191,697.896
697.182,697.884
697.183,697.885
697.175,697.875
697.180,697.881
697.180,697.882
697.181,697.883
697.177,697.878
697.178,697.879
697.183,697.885
697.183,697.886
697.183,697.886
697.179,697.881
697.180,697.882
697.173,697.872
697.174,697.874
697.167,697.865
697.169,697.867
697.171,697.869
697.172,697.871
697.174,697.873
697.175,697.875
697.176,697.877
697.177,697.878
697.178,697.879
697.179,697.880
697.180,697.881
697.189,697.893
697.188,697.893
697.188,697.893
697.188,697.893
697.184,697.887
697.184,697.887
697.184,697.887
697.176,697.877
697.177,697.878
697.174,697.874
697.175,697.875
697.176,697.877
697.173,697.872
697.174,697.874
697.175,697.876
697.172,697.871
697.182,697.884
697.178,697.879
697.179,697.880
697.179,697.881
697.176,697.876
697.177,697.878
697.178,697.879
697.174,697.874
697.175,697.876
697.177,697.877
697.177,697.878
697.178,697.880
697.171,697.870
697.164,697.861
697.167,697.864
697.169,697.867
697.170,697.869
697.172,697.871
697.173,697.873
697.167,697.864
697.169,697.867
697.166,697.863
697.160,697.855
697.162,697.858
697.157,697.851
697.159,697.855
697.162,697.858
697.156,697.851
697.163,697.859
697.165,697.862
697.159,697.854
697.162,697.858
697.156,697.850
697.151,697.843
697.154,697.848
697.157,697.852
697.152,697.845
697.155,697.849
697.150,697.843
697.146,697.836
697.150,697.842
697.145,697.835
697.141,697.830
697.137,697.825
697.129,697.815
697.127,697.811
697.120,697.802
697.118,697.800
697.117,697.798
697.115,697.796
697.114,697.794
697.108,697.787
697.108,697.786
697.103,697.779
697.102,697.779
697.098,697.773
697.090,697.763
697.091,697.764
697.084,697.755
697.078,697.746
697.080,697.749
697.082,697.752
697.079,697.749
697.073,697.741
697.072,697.738
697.074,697.742
697.069,697.735
697.064,697.728
697.067,697.733
697.063,697.726
697.058,697.721
697.054,697.715
697.050,697.710
697.051,697.711
697.047,697.707
697.036,697.692
697.034,697.689
697.028,697.681
697.019,697.669
697.019,697.668
697.014,697.662
697.014,697.662
697.006,697.652
697.007,697.653
697.008,697.654
697.004,697.649
696.997,697.640
696.999,697.642
697.000,697.644
696.998,697.640
696.999,697.643
696.993,697.634
696.987,697.626
696.973,697.608
696.969,697.603
696.961,697.592
696.958,697.588
696.964,697.596
696.960,697.591
696.958,697.588
696.955,697.584
696.953,697.581
696.946,697.572
696.936,697.560
696.936,697.559
696.935,697.558
696.935,697.558
696.934,697.557
696.934,697.556
696.929,697.550
696.921,697.539
696.922,697.541
696.923,697.542
696.924,697.543
696.928,697.548
696.932,697.554
696.927,697.548
696.928,697.548
696.928,697.548
696.920,697.538
696.921,697.539
696.922,697.540
696.923,697.541
696.923,697.542
696.916,697.532
696.917,697.534
696.918,697.536
696.911,697.527
696.913,697.529
696.915,697.531
696.916,697.533
696.909,697.524
696.907,697.521
696.897,697.507
696.887,697.495
696.891,697.500
696.895,697.505
696.898,697.509
696.902,697.514
696.896,697.506
696.895,697.505
696.894,697.503
696.893,697.502
696.892,697.501
696.896,697.506
696.891,697.499
696.895,697.504
696.898,697.509
696.893,697.502
696.888,697.496
696.884,697.491
696.880,697.486
696.877,697.481
696.874,697.477
696.871,697.473
696.869,697.470
696.866,697.467
696.864,697.464
696.871,697.473
696.876,697.480
696.873,697.476
696.870,697.472
696.868,697.469
696.866,697.466
696.864,697.464
696.862,697.461
696.860,697.459
696.859,697.457
696.857,697.455
696.856,697.454
696.855,697.452
696.854,697.451
696.853,697.450
696.861,697.459
696.859,697.457
696.858,697.455
696.856,697.454
696.855,697.452
696.854,697.451
696.853,697.450
696.852,697.449
696.844,697.437
696.844,697.437
696.836,697.426
696.836,697.427
696.837,697.429
696.838,697.429
696.830,697.419
696.832,697.421
696.833,697.423
696.834,697.424
696.835,697.426
696.836,697.427
696.837,697.428
696.838,697.429
696.838,697.430
696.839,697.431
696.839,697.431
696.840,697.432
696.840,697.432
696.841,697.433
696.841,697.434
696.841,697.434
696.842,697.434
696.842,697.435
696.842,697.435
696.842,697.435
696.843,697.436
696.843,697.436
696.835,697.425
696.836,697.426
696.828,697.417
696.830,697.419
696.831,697.421
696.833,697.422
696.834,697.424
696.835,697.425
