# Physical_Baseline=684.62pF, Trigger_Distance=6.2cm, Atten_Ratio=0.38
Raw_Capacitance(pF),Normalized_Capacitance(pF)
684.224,684.470
684.222,684.469
684.220,684.468
684.217,684.467
684.216,684.466
684.215,684.466
684.214,684.466
684.213,684.465
684.212,684.465
684.211,684.465
684.211,684.464
684.218,684.467
684.215,684.466
684.214,684.466
684.213,684.465
684.220,684.468
684.219,684.467
684.217,684.467
684.214,684.466
684.213,684.465
684.212,684.465
684.217,684.467
684.216,684.467
684.221,684.468
684.219,684.468
684.226,684.470
684.224,684.469
684.222,684.469
684.220,684.468
684.227,684.471
684.225,684.470
684.229,684.471
684.234,684.474
684.231,684.472
684.235,684.474
684.240,684.476
684.245,684.477
684.247,684.478
684.243,684.477
684.247,684.478
684.243,684.477
684.239,684.475
684.242,684.476
684.236,684.474
684.241,684.476
684.246,684.478
684.242,684.476
684.246,684.478
684.248,684.479
684.252,684.480
684.253,684.481
684.257,684.482
684.260,684.483
684.260,684.484
684.255,684.481
684.250,684.480
684.252,684.480
684.247,684.478
684.243,684.477
684.239,684.475
684.236,684.474
684.241,684.476
684.238,684.475
684.234,684.474
684.229,684.472
684.235,684.474
684.232,684.473
684.229,684.472
684.227,684.471
684.225,684.470
684.231,684.472
684.236,684.474
684.241,684.476
684.238,684.475
684.235,684.474
684.232,684.473
684.237,684.475
684.234,684.473
684.231,684.472
684.229,684.471
684.224,684.470
684.230,684.472
684.228,684.471
684.234,684.473
684.239,684.475
685.204,684.846
686.990,685.533
687.182,685.607
687.266,685.639
687.308,685.655
687.334,685.665
687.321,685.660
687.284,685.646
687.232,685.626
687.179,685.605
686.592,685.380
686.547,685.363
686.475,685.335
686.388,685.301
686.318,685.274
685.631,685.011
685.698,685.036
685.746,685.055
685.776,685.066
685.801,685.076
685.818,685.082
685.853,685.096
685.880,685.106
685.902,685.115
685.931,685.126
685.967,685.140
685.996,685.151
686.020,685.160
686.044,685.169
686.063,685.176
686.065,685.177
686.075,685.181
686.075,685.181
686.076,685.181
686.060,685.175
686.045,685.170
686.030,685.164
686.010,685.156
685.990,685.148
685.972,685.142
685.580,684.991
685.553,684.980
685.537,684.974
685.514,684.965
685.501,684.961
685.484,684.954
685.466,684.947
685.450,684.941
685.436,684.935
685.415,684.927
685.404,684.923
685.396,684.920
685.378,684.913
685.365,684.908
685.351,684.903
685.346,684.901
685.333,684.896
685.324,684.892
685.321,684.891
685.321,684.891
685.319,684.891
685.311,684.888
685.302,684.884
685.296,684.882
685.288,684.879
685.329,684.894
685.334,684.896
685.347,684.901
685.350,684.902
685.355,684.904
685.358,684.905
685.360,684.906
685.362,684.907
685.366,684.909
685.368,684.909
685.369,684.910
685.362,684.907
685.364,684.908
685.366,684.908
685.367,684.909
685.363,684.907
685.357,684.905
685.359,684.906
685.361,684.907
685.363,684.907
685.357,684.905
685.362,684.907
685.355,684.905
685.344,684.900
685.340,684.898
685.162,684.830
685.159,684.829
685.156,684.828
685.154,684.827
685.151,684.826
685.149,684.825
685.147,684.824
685.148,684.825
685.146,684.824
685.136,684.820
685.136,684.820
685.129,684.818
685.132,684.818
685.123,684.815
685.124,684.816
685.125,684.816
685.125,684.816
685.125,684.816
685.120,684.814
685.121,684.814
685.122,684.815
685.125,684.816
685.125,684.816
685.125,684.816
685.126,684.816
685.118,684.813
685.119,684.814
685.120,684.814
685.121,684.814
685.122,684.815
685.122,684.815
685.123,684.815
685.124,684.815
685.116,684.813
685.112,684.811
685.108,684.809
685.102,684.807
685.104,684.808
685.101,684.807
685.098,684.805
685.093,684.804
685.088,684.802
685.084,684.800
685.081,684.799
685.077,684.798
685.074,684.796
685.071,684.795
685.069,684.794
685.075,684.797
685.072,684.795
685.069,684.794
685.067,684.794
685.067,684.794
685.065,684.793
685.063,684.792
685.061,684.791
685.060,684.791
685.059,684.790
685.057,684.790
685.056,684.789
685.055,684.789
685.046,684.786
685.046,684.786
685.046,684.786
685.046,684.786
685.046,684.785
685.040,684.783
685.043,684.784
685.045,684.785
685.045,684.785
685.045,684.785
685.045,684.785
685.045,684.785
685.045,684.785
685.045,684.785
685.045,684.785
685.045,684.785
685.045,684.785
685.047,684.786
685.049,684.787
685.049,684.787
685.051,684.787
685.050,684.787
685.050,684.787
685.049,684.787
685.049,684.787
685.049,684.787
685.048,684.786
685.048,684.786
685.048,684.786
685.039,684.783
685.040,684.783
685.033,684.780
685.034,684.781
685.035,684.781
685.028,684.779
685.029,684.779
685.031,684.780
685.032,684.780
685.034,684.781
685.035,684.781
685.036,684.782
685.036,684.782
685.040,684.783
685.042,684.784
685.045,684.785
685.047,684.786
685.049,684.787
685.051,684.787
685.045,684.785
685.047,684.786
685.047,684.786
685.047,684.786
685.047,684.786
685.046,684.786
685.038,684.783
685.039,684.783
685.040,684.783
685.032,684.780
685.025,684.778
685.027,684.778
685.029,684.779
685.030,684.780
685.024,684.777
685.026,684.778
685.028,684.779
685.021,684.776
685.024,684.777
685.018,684.775
685.020,684.776
685.015,684.773
685.018,684.775
685.012,684.773
685.007,684.771
685.011,684.772
685.014,684.773
685.017,684.774
685.020,684.775
685.022,684.776
685.024,684.777
685.018,684.775
685.021,684.776
685.023,684.777
685.025,684.778
685.021,684.776
685.016,684.774
685.010,684.772
685.014,684.773
685.017,684.774
685.019,684.775
685.022,684.776
685.024,684.777
685.026,684.778
685.020,684.776
685.022,684.776
685.024,684.777
685.018,684.775
685.021,684.776
685.023,684.777
685.025,684.778
685.019,684.775
685.014,684.773
685.017,684.774
685.011,684.772
685.009,684.771
685.004,684.770
685.000,684.768
684.997,684.767
684.993,684.765
684.990,684.764
684.995,684.766
684.992,684.765
684.997,684.767
684.994,684.765
684.991,684.764
684.996,684.766
684.993,684.765
684.992,684.765
684.989,684.764
684.986,684.763
684.984,684.762
684.982,684.761
684.982,684.761
684.980,684.760
684.986,684.763
684.992,684.765
684.991,684.764
684.988,684.763
684.986,684.762
684.991,684.765
684.988,684.763
684.986,684.762
684.983,684.762
684.981,684.761
684.987,684.763
684.985,684.762
684.983,684.761
684.981,684.760
684.979,684.760
684.977,684.759
684.976,684.758
684.976,684.759
684.975,684.758
684.974,684.758
684.975,684.758
684.976,684.758
684.974,684.758
684.973,684.757
684.972,684.757
684.979,684.760
684.977,684.759
684.984,684.762
684.989,684.764
684.987,684.763
684.984,684.762
684.982,684.761
684.974,684.758
684.965,684.754
684.965,684.754
684.967,684.755
684.974,684.758
684.973,684.757
684.972,684.757
684.971,684.757
684.970,684.756
684.969,684.756
684.970,684.756
684.961,684.753
684.964,684.754
684.963,684.754
684.963,684.754
684.963,684.754
684.963,684.754
684.963,684.754
684.965,684.754
684.964,684.754
684.964,684.754
684.964,684.754
684.964,684.754
684.963,684.754
684.963,684.754
684.963,684.754
684.963,684.754
684.963,684.753
684.962,684.753
684.962,684.753
684.962,684.753
684.964,684.754
684.964,684.754
684.964,684.754
684.963,684.754
684.963,684.754
684.963,684.754
684.963,684.754
684.963,684.754
684.963,684.753
684.954,684.750
684.955,684.751
684.956,684.751
684.956,684.751
684.957,684.751
684.957,684.751
684.957,684.751
684.958,684.752
684.960,684.753
684.960,684.753
684.952,684.750
684.953,684.750
684.954,684.750
684.955,684.750
684.955,684.751
684.956,684.751
684.956,684.751
684.951,684.749
684.954,684.750
684.955,684.751
684.955,684.751
684.956,684.751
684.956,684.751
684.957,684.751
684.957,684.751
684.958,684.752
684.952,684.749
684.945,684.747
684.939,684.744
684.941,684.745
684.943,684.746
684.944,684.747
684.946,684.747
684.950,684.749
684.951,684.749
684.952,684.749
684.953,684.750
684.953,684.750
684.954,684.750
684.955,684.751
684.955,684.751
684.958,684.752
684.958,684.752
684.959,684.752
684.959,684.752
684.951,684.749
684.952,684.749
684.953,684.750
684.954,684.750
684.957,684.751
684.957,684.751
684.957,684.752
684.958,684.752
684.958,684.752
684.958,684.752
684.959,684.752
684.951,684.749
684.952,684.749
684.953,684.750
684.946,684.747
684.939,684.744
684.935,684.743
684.930,684.741
684.935,684.743
684.938,684.744
684.940,684.745
684.934,684.742
684.931,684.741
684.925,684.739
684.929,684.741
684.924,684.739
684.919,684.737
684.923,684.738
684.927,684.740
684.922,684.738
684.926,684.739
684.921,684.738
684.917,684.736
684.913,684.735
684.910,684.733
684.915,684.735
684.911,684.734
684.908,684.732
684.913,684.734
684.917,684.736
684.922,684.738
684.917,684.736
684.922,684.738
684.917,684.736
684.921,684.738
684.919,684.737
684.923,684.738
684.927,684.740
684.922,684.738
684.918,684.736
684.914,684.735
684.911,684.733
684.915,684.735
684.920,684.737
684.916,684.735
684.920,684.737
684.924,684.739
684.927,684.740
684.923,684.738
684.918,684.736
684.914,684.735
684.921,684.738
684.925,684.739
684.920,684.737
684.916,684.736
684.912,684.734
684.909,684.733
684.906,684.732
684.903,684.731
684.901,684.730
684.899,684.729
684.896,684.728
684.895,684.727
684.895,684.728
684.893,684.727
684.892,684.726
684.883,684.723
684.882,684.722
684.881,684.722
684.881,684.722
684.881,684.722
684.880,684.722
684.882,684.723
684.882,684.722
684.881,684.722
684.881,684.722
684.872,684.719
684.873,684.719
684.873,684.719
684.874,684.719
684.874,684.719
684.874,684.720
684.883,684.723
684.882,684.722
684.884,684.723
684.883,684.723
684.891,684.726
684.889,684.725
684.888,684.725
684.887,684.724
684.886,684.724
684.885,684.724
684.884,684.723
684.884,684.723
684.883,684.723
684.883,684.723
684.874,684.719
684.874,684.720
684.875,684.720
684.867,684.717
684.860,684.714
684.861,684.715
684.863,684.715
684.864,684.716
684.865,684.716
684.867,684.717
684.867,684.717
684.860,684.714
684.862,684.715
684.863,684.715
684.857,684.713
684.851,684.710
684.853,684.711
684.855,684.712
684.849,684.710
684.852,684.711
684.846,684.709
684.849,684.710
684.852,684.711
684.854,684.712
684.857,684.713
684.859,684.713
684.860,684.714
684.862,684.715
684.863,684.715
684.865,684.716
684.858,684.713
684.854,684.712
684.856,684.713
684.858,684.713
684.852,684.711
684.854,684.712
684.856,684.713
684.858,684.713
684.852,684.711
684.854,684.712
684.857,684.713
684.851,684.710
684.845,684.708
684.817,684.698
684.823,684.700
684.820,684.699
684.817,684.698
684.815,684.697
684.821,684.699
684.826,684.701
684.823,684.700
684.828,684.702
684.825,684.701
684.822,684.699
684.827,684.701
684.832,684.703
684.836,684.705
684.840,684.706
684.836,684.705
684.832,684.703
684.836,684.705
684.840,684.706
684.843,684.708
684.839,684.706
684.842,684.707
684.837,684.705
684.833,684.704
684.829,684.702
684.802,684.692
684.801,684.691
684.800,684.691
684.799,684.691
684.799,684.690
684.798,684.690
684.798,684.690
684.797,684.690
684.797,684.690
684.796,684.690
684.796,684.689
684.796,684.689
684.798,684.690
684.797,684.690
684.797,684.690
684.796,684.690
684.796,684.689
684.796,684.689
684.796,684.689
684.795,684.689
684.795,684.689
684.795,684.689
684.795,684.689
684.794,684.689
684.794,684.689
684.741,684.668
684.738,684.667
684.735,684.666
684.741,684.668
684.740,684.668
684.737,684.667
684.742,684.669
684.747,684.671
684.744,684.669
684.740,684.668
684.745,684.670
684.750,684.672
684.754,684.673
684.750,684.672
684.754,684.673
684.757,684.675
684.753,684.673
684.749,684.671
684.753,684.673
684.757,684.674
684.760,684.676
684.763,684.677
684.766,684.678
684.769,684.679
684.771,684.680
684.765,684.678
684.768,684.679
684.770,684.679
684.774,684.681
684.768,684.679
684.771,684.680
684.765,684.677
684.759,684.675
684.763,684.677
684.765,684.678
684.770,684.680
684.764,684.677
684.767,684.678
684.762,684.676
684.765,684.677
684.767,684.678
684.762,684.676
684.757,684.674
684.760,684.676
684.757,684.675
684.753,684.673
684.749,684.671
684.745,684.670
684.741,684.668
684.746,684.670
684.751,684.672
684.755,684.674
684.750,684.672
684.746,684.670
684.743,684.669
684.740,684.668
684.745,684.670
684.749,684.671
684.745,684.670
684.750,684.672
684.746,684.670
684.742,684.669
684.739,684.668
684.736,684.667
684.742,684.669
684.739,684.667
684.736,684.666
684.741,684.668
684.746,684.670
684.743,684.669
684.739,684.668
684.744,684.670
684.741,684.668
684.746,684.670
684.742,684.669
684.739,684.668
684.736,684.667
684.734,684.666
684.731,684.665
684.729,684.664
684.727,684.663
684.734,684.665
684.731,684.665
684.729,684.664
684.727,684.663
684.725,684.662
684.724,684.662
684.722,684.661
684.721,684.661
684.720,684.660
684.719,684.660
684.718,684.659
684.717,684.659
684.716,684.659
684.716,684.659
684.707,684.655
684.707,684.655
684.709,684.656
684.709,684.656
684.701,684.653
684.702,684.653
684.703,684.654
684.703,684.654
684.704,684.654
684.704,684.654
684.705,684.654
684.705,684.655
684.698,684.652
684.699,684.652
684.700,684.652
684.700,684.653
684.701,684.653
684.702,684.653
684.703,684.654
684.703,684.654
684.704,684.654
684.704,684.654
684.705,684.654
684.705,684.654
684.705,684.655
684.706,684.655
684.706,684.655
684.706,684.655
684.707,684.655
684.707,684.655
684.707,684.655
684.707,684.655
684.707,684.655
684.707,684.655
684.708,684.655
684.708,684.656
684.708,684.656
684.708,684.656
684.708,684.656
684.708,684.656
684.708,684.656
684.716,684.659
684.715,684.658
684.715,684.658
684.714,684.658
684.714,684.658
684.713,684.658
684.713,684.657
684.712,684.657
684.712,684.657
684.712,684.657
684.711,684.657
684.711,684.657
684.711,684.657
684.711,684.657
684.711,684.657
684.710,684.657
684.710,684.656
684.710,684.656
684.718,684.659
684.717,684.659
684.724,684.662
684.723,684.661
684.722,684.661
684.720,684.660
684.719,684.660
684.718,684.660
684.717,684.659
684.717,684.659
684.710,684.656
684.710,684.656
684.710,684.656
684.702,684.653
684.694,684.650
684.696,684.651
684.697,684.651
684.690,684.649
684.692,684.649
684.685,684.647
684.688,684.648
684.690,684.649
684.691,684.649
684.693,684.650
684.695,684.650
684.696,684.651
684.689,684.648
684.691,684.649
684.693,684.650
684.686,684.647
684.688,684.648
684.690,684.649
684.692,684.650
684.694,684.650
684.695,684.651
684.696,684.651
684.690,684.649
684.683,684.646
684.686,684.647
684.680,684.645
684.683,684.646
684.685,684.647
684.688,684.648
684.690,684.649
684.691,684.649
684.693,684.650
684.695,684.650
684.698,684.652
684.691,684.649
684.693,684.650
684.694,684.650
684.696,684.651
684.689,684.648
684.691,684.649
684.693,684.650
684.686,684.647
684.688,684.648
684.682,684.646
684.677,684.644
684.672,684.642
684.667,684.640
684.671,684.641
684.675,684.643
684.678,684.644
684.681,684.645
684.676,684.643
684.679,684.644
684.674,684.642
684.677,684.644
684.680,684.645
684.683,684.646
684.685,684.647
684.688,684.648
684.690,684.649
684.683,684.646
684.678,684.644
684.673,684.642
684.668,684.640
684.664,684.639
684.660,684.637
684.665,684.639
684.669,684.641
684.673,684.642
684.668,684.640
684.672,684.642
684.668,684.640
684.664,684.639
684.660,684.637
684.657,684.636
684.661,684.638
684.658,684.636
684.655,684.635
684.660,684.637
684.665,684.639
684.669,684.641
684.673,684.642
684.676,684.643
684.671,684.641
684.675,684.643
684.678,684.644
684.681,684.645
684.684,684.646
684.678,684.644
684.673,684.642
684.668,684.640
684.672,684.642
684.676,684.643
684.679,684.644
684.682,684.645
684.676,684.643
684.679,684.645
684.674,684.643
684.669,684.641
684.673,684.642
684.669,684.640
684.664,684.639
684.661,684.637
684.665,684.639
684.669,684.641
684.673,684.642
684.677,684.644
684.680,684.645
684.682,684.646
684.685,684.647
684.679,684.645
684.674,684.643
684.669,684.641
684.665,684.639
684.669,684.641
684.665,684.639
684.661,684.638
684.658,684.636
684.663,684.638
684.667,684.640
684.663,684.638
684.659,684.637
684.654,684.635
684.659,684.637
684.656,684.636
684.661,684.638
684.657,684.636
684.654,684.635
684.652,684.634
684.649,684.633
684.647,684.632
684.645,684.631
684.643,684.631
684.641,684.630
684.639,684.629
684.638,684.629
684.637,684.628
684.636,684.628
684.635,684.627
684.634,684.627
684.633,684.627
684.640,684.629
684.639,684.629
684.637,684.628
684.636,684.628
684.635,684.628
684.642,684.630
684.640,684.630
684.639,684.629
684.638,684.629
684.636,684.628
684.627,684.625
684.627,684.624
684.627,684.624
684.627,684.624
684.624,684.623
684.624,684.623
684.624,684.623
684.632,684.627
684.624,684.623
684.624,684.623
684.616,684.620
684.617,684.621
684.609,684.618
684.611,684.618
684.612,684.619
684.613,684.619
684.615,684.620
684.616,684.620
684.616,684.620
684.617,684.621
684.618,684.621
684.619,684.621
684.619,684.621
684.620,684.622
684.620,684.622
684.621,684.622
684.621,684.622
684.621,684.622
684.622,684.622
684.622,684.623
684.622,684.623
684.622,684.623
684.623,684.623
684.623,684.623
684.623,684.623
684.623,684.623
684.623,684.623
684.616,684.620
684.616,684.620
684.617,684.621
684.618,684.621
684.619,684.621
684.619,684.621
684.620,684.622
684.620,684.622
684.629,684.625
684.628,684.625
684.628,684.625
684.628,684.625
684.627,684.625
684.627,684.625
684.627,684.624
684.627,684.624
684.627,684.624
684.626,684.624
684.626,684.624
684.626,684.624
684.626,684.624
684.634,684.627
684.633,684.627
684.632,684.626
684.631,684.626
684.631,684.626
684.638,684.629
684.637,684.628
684.636,684.628
684.635,684.627
684.634,684.627
684.633,684.627
684.632,684.626
684.631,684.626
684.631,684.626
684.630,684.626
684.630,684.626
684.637,684.628
684.636,684.628
684.635,684.628
684.634,684.627
684.633,684.627
684.632,684.627
684.632,684.626
684.631,684.626
684.630,684.626
684.630,684.626
684.629,684.625
684.629,684.625
684.628,684.625
684.628,684.625
684.628,684.625
684.628,684.625
684.627,684.625
684.627,684.624
684.627,684.624
684.627,684.624
684.626,684.624
684.618,684.621
684.619,684.621
684.611,684.618
684.613,684.619
684.614,684.619
684.615,684.620
684.616,684.620
684.617,684.620
684.617,684.621
684.618,684.621
684.619,684.621
684.615,684.620
684.616,684.620
684.609,684.618
684.611,684.618
684.612,684.619
684.605,684.616
684.599,684.614
684.593,684.612
684.596,684.613
684.599,684.614
684.594,684.612
684.597,684.613
684.591,684.611
684.594,684.612
684.589,684.610
684.593,684.611
684.588,684.609
684.583,684.608
684.587,684.609
684.591,684.611
684.586,684.609
684.582,684.607
684.578,684.606
684.574,684.604
684.579,684.606
684.595,684.612
684.598,684.613
684.592,684.611
684.587,684.609
684.583,684.608
684.587,684.609
684.591,684.610
684.594,684.612
684.597,684.613
684.591,684.611
684.595,684.612
684.597,684.613
684.600,684.614
684.602,684.615
684.597,684.613
684.599,684.614
684.602,684.615
684.604,684.616
684.606,684.616
684.600,684.614
684.602,684.615
684.596,684.613
684.599,684.614
684.601,684.615
684.596,684.612
684.598,684.613
684.601,684.614
684.595,684.612
684.598,684.613
684.592,684.611
684.588,684.609
684.583,684.608
684.579,684.606
684.575,684.605
684.580,684.606
684.576,684.605
684.573,684.604
684.570,684.603
684.567,684.601
684.565,684.600
684.570,684.603
684.575,684.605
684.572,684.603
684.569,684.602
684.566,684.601
684.564,684.600
684.562,684.599
684.568,684.602
684.573,684.604
684.578,684.606
684.575,684.604
684.579,684.606
684.576,684.605
684.580,684.607
684.577,684.605
684.573,684.604
684.578,684.606
684.574,684.604
684.579,684.606
684.584,684.608
684.587,684.609
684.591,684.611
684.586,684.609
684.590,684.610
684.585,684.608
684.581,684.607
684.577,684.605
684.582,684.607
684.578,684.606
684.574,684.604
684.571,684.603
684.576,684.605
684.581,684.607
684.577,684.605
684.581,684.607
684.586,684.609
684.589,684.610
684.593,684.611
684.588,684.609
684.591,684.611
684.586,684.609
684.580,684.606
684.584,684.608
684.580,684.606
684.576,684.605
684.573,684.604
684.570,684.603
684.575,684.605
684.572,684.603
684.569,684.602
684.566,684.601
684.572,684.603
684.577,684.605
684.581,684.607
684.577,684.605
684.582,684.607
684.578,684.606
684.575,684.604
684.571,684.603
684.568,684.602
684.566,684.601
684.563,684.600
684.561,684.599
684.567,684.602
684.573,684.604
684.570,684.602
684.567,684.601
684.572,684.604
684.569,684.602
684.567,684.601
684.572,684.603
684.577,684.605
684.582,684.607
684.578,684.606
684.582,684.607
684.578,684.606
684.575,684.604
684.571,684.603
684.569,684.602
684.566,684.601
684.571,684.603
684.569,684.602
684.564,684.600
684.562,684.599
684.560,684.599
684.558,684.598
684.556,684.597
684.563,684.600
684.558,684.598
684.565,684.601
684.562,684.600
684.568,684.602
684.566,684.601
684.563,684.600
684.561,684.599
684.559,684.598
684.557,684.598
684.556,684.597
684.562,684.600
684.560,684.599
684.566,684.601
684.564,684.600
684.562,684.599
684.560,684.599
684.558,684.598
684.564,684.600
684.562,684.599
684.560,684.599
684.558,684.598
684.557,684.597
684.555,684.597
684.554,684.596
684.552,684.596
684.551,684.595
684.550,684.595
684.557,684.598
684.556,684.597
684.554,684.597
684.553,684.596
684.560,684.599
684.558,684.598
684.556,684.597
684.555,684.597
684.554,684.596
684.552,684.596
684.551,684.595
684.550,684.595
684.557,684.598
684.556,684.597
684.562,684.600
684.560,684.599
684.558,684.598
684.565,684.601
684.562,684.600
684.560,684.599
684.556,684.597
684.563,684.600
684.569,684.602
684.566,684.601
684.564,684.600
684.559,684.598
684.555,684.597
684.554,684.596
684.553,684.596
684.552,684.595
684.550,684.595
684.550,684.595
684.549,684.594
684.556,684.597
684.555,684.597
684.553,684.596
684.552,684.596
684.551,684.595
684.550,684.595
684.549,684.595
684.556,684.597
684.555,684.597
684.553,684.596
684.552,684.596
684.551,684.595
684.550,684.595
684.549,684.595
684.548,684.594
684.556,684.597
684.554,684.597
684.545,684.593
684.545,684.593
684.544,684.593
684.544,684.593
684.541,684.592
684.547,684.594
684.547,684.594
684.546,684.593
684.545,684.593
684.545,684.593
684.545,684.593
684.544,684.593
684.544,684.593
684.544,684.592
684.543,684.592
684.543,684.592
684.543,684.592
684.543,684.592
684.542,684.592
684.542,684.592
684.542,684.592
684.542,684.592
684.542,684.592
684.542,684.592
684.550,684.595
684.549,684.594
684.548,684.594
684.555,684.597
684.546,684.593
684.545,684.593
684.545,684.593
684.544,684.593
684.544,684.593
684.544,684.592
684.535,684.589
684.536,684.589
684.536,684.590
684.537,684.590
684.537,684.590
684.537,684.590
684.538,684.590
684.530,684.587
684.531,684.588
684.532,684.588
684.533,684.588
684.534,684.589
684.534,684.589
684.535,684.589
684.535,684.589
684.536,684.589
684.536,684.590
684.529,684.587
684.530,684.587
684.539,684.591
684.539,684.591
684.545,684.593
684.542,684.592
684.542,684.592
684.542,684.592
684.542,684.592
684.540,684.591
684.540,684.591
684.540,684.591
684.540,684.591
684.540,684.591
684.532,684.588
684.533,684.588
684.526,684.585
684.519,684.583
684.521,684.584
684.515,684.581
684.517,684.582
684.518,684.582
684.512,684.580
684.514,684.581
684.517,684.582
684.519,684.583
684.513,684.581
684.508,684.579
684.511,684.580
684.506,684.578
684.501,684.576
684.505,684.578
684.500,684.576
684.496,684.574
684.500,684.576
684.504,684.577
684.508,684.579
684.503,684.577
684.506,684.578
684.510,684.579
684.513,684.580
684.515,684.582
684.518,684.582
684.520,684.583
684.522,684.584
684.524,684.585
684.525,684.585
684.527,684.586
684.528,684.586
684.529,684.587
684.530,684.587
684.531,684.588
684.532,684.588
684.533,684.588
684.534,684.589
684.534,684.589
684.535,684.589
684.536,684.589
684.536,684.590
684.536,684.590
684.529,684.587
684.522,684.584
684.516,684.582
684.510,684.580
684.513,684.581
684.516,684.582
684.518,684.583
684.520,684.583
684.522,684.584
684.516,684.582
684.518,684.583
684.512,684.580
684.507,684.578
684.510,684.580
684.505,684.578
684.508,684.579
684.512,684.580
684.514,684.581
684.509,684.579
684.504,684.577
684.499,684.575
684.495,684.574
684.500,684.576
684.496,684.574
684.492,684.573
684.496,684.574
684.493,684.573
684.489,684.572
684.494,684.573
684.499,684.575
684.503,684.577
684.506,684.578
684.509,684.579
684.512,684.580
684.515,684.581
684.515,684.582
684.518,684.583
684.520,684.583
684.522,684.584
684.516,684.582
684.510,684.580
684.505,684.578
684.508,684.579
684.503,684.577
684.507,684.578
684.510,684.580
684.511,684.580
684.512,684.580
684.506,684.578
684.502,684.576
684.505,684.578
684.509,684.579
684.504,684.577
684.507,684.578
684.510,684.580
684.505,684.578
684.501,684.576
684.496,684.574
684.493,684.573
684.489,684.572
684.486,684.570
684.491,684.572
684.488,684.571
684.485,684.570
684.490,684.572
684.495,684.574
684.491,684.572
684.496,684.574
684.500,684.576
684.504,684.577
684.508,684.579
684.511,684.580
684.506,684.578
684.509,684.579
684.512,684.580
684.515,684.581
684.517,684.582
684.511,684.580
684.514,684.581
684.517,684.582
684.519,684.583
684.521,684.584
684.515,684.581
684.517,684.582
684.520,684.583
684.514,684.581
684.508,684.579
684.503,684.577
684.507,684.578
684.510,684.580
684.513,684.581
684.516,684.582
684.518,684.583
684.520,684.583
684.522,684.584
684.516,684.582
684.510,684.580
684.505,684.578
684.500,684.576
684.496,684.574
684.501,684.576
684.504,684.577
684.500,684.576
684.496,684.574
684.500,684.576
684.504,684.577
684.507,684.578
684.510,684.580
684.505,684.578
684.501,684.576
684.497,684.574
684.493,684.573
684.497,684.575
684.493,684.573
684.490,684.572
684.495,684.574
684.499,684.575
684.503,684.577
684.499,684.575
684.503,684.577
684.506,684.578
684.510,684.579
684.505,684.577
684.500,684.576
684.504,684.577
684.507,684.578
684.510,684.580
684.505,684.578
684.509,684.579
684.512,684.580
684.506,684.578
684.502,684.576
684.497,684.575
684.502,684.576
684.497,684.575
684.493,684.573
684.498,684.575
684.494,684.573
684.490,684.572
684.495,684.574
684.492,684.572
684.496,684.574
684.500,684.576
684.504,684.577
684.508,684.579
684.503,684.577
684.498,684.575
684.503,684.577
684.498,684.575
684.494,684.573
684.496,684.574
684.493,684.573
684.497,684.575
684.501,684.576
684.497,684.575
684.493,684.573
684.490,684.572
684.495,684.574
684.491,684.572
684.488,684.571
684.493,684.573
684.489,684.572
684.492,684.573
684.495,684.574
684.499,684.575
684.495,684.574
684.499,684.575
684.495,684.574
684.500,684.575
684.495,684.574
684.492,684.573
684.486,684.570
684.484,684.569
684.481,684.568
684.487,684.571
684.484,684.569
684.481,684.568
684.479,684.568
684.477,684.567
684.483,684.569
684.488,684.571
684.493,684.573
684.490,684.572
684.487,684.571
684.484,684.569
684.481,684.568
684.487,684.571
684.484,684.570
684.489,684.572
684.486,684.570
684.483,684.569
684.481,684.568
684.479,684.567
684.484,684.570
684.490,684.572
684.495,684.574
684.491,684.572
684.488,684.571
684.485,684.570
684.482,684.569
684.480,684.568
684.477,684.567
684.483,684.569
684.489,684.571
684.486,684.570
684.491,684.572
684.496,684.574
684.492,684.573
684.489,684.571
684.487,684.571
684.484,684.570
684.482,684.569
684.487,684.571
684.485,684.570
684.482,684.569
684.477,684.567
684.483,684.569
684.489,684.571
684.486,684.570
684.483,684.569
684.489,684.571
684.493,684.573
684.490,684.572
684.495,684.574
684.489,684.571
684.486,684.570
684.483,684.569
684.489,684.571
684.494,684.573
684.498,684.575
684.500,684.576
684.504,684.577
684.499,684.575
684.503,684.577
684.465,684.562
684.464,684.562
684.464,684.562
684.463,684.561
684.470,684.564
684.467,684.563
684.466,684.563
684.457,684.559
684.449,684.556
684.450,684.556
684.450,684.557
684.451,684.557
684.452,684.557
684.452,684.557
684.453,684.557
684.453,684.558
684.453,684.558
684.454,684.558
684.446,684.555
684.447,684.555
684.448,684.556
684.449,684.556
684.455,684.558
684.463,684.562
684.463,684.561
684.458,684.560
684.458,684.560
684.458,684.560
684.458,684.559
684.458,684.559
684.450,684.556
684.450,684.557
684.451,684.557
684.452,684.557
684.450,684.556
684.451,684.557
684.451,684.557
684.460,684.560
684.459,684.560
684.459,684.560
684.459,684.560
684.459,684.560
684.458,684.560
684.458,684.560
684.458,684.560
684.458,684.560
684.458,684.559
684.458,684.559
684.458,684.559
684.458,684.559
684.450,684.556
684.450,684.557
684.451,684.557
684.452,684.557
684.452,684.557
684.452,684.557
684.453,684.558
684.453,684.558
684.454,684.558
684.454,684.558
684.454,684.558
684.454,684.558
684.452,684.557
684.453,684.558
684.453,684.558
684.461,684.561
684.461,684.561
684.461,684.561
684.460,684.560
684.460,684.560
684.460,684.560
684.459,684.560
684.459,684.560
684.457,684.559
684.457,684.559
684.457,684.559
684.457,684.559
684.455,684.558
684.455,684.558
684.455,684.558
684.455,684.558
684.455,684.558
684.455,684.558
684.453,684.558
684.454,684.558
684.454,684.558
684.454,684.558
684.454,684.558
684.447,684.555
684.448,684.556
684.448,684.556
684.449,684.556
684.456,684.559
684.456,684.559
684.456,684.559
684.456,684.559
684.462,684.561
684.461,684.561
684.461,684.561
684.453,684.557
684.453,684.558
684.451,684.557
684.452,684.557
684.452,684.557
684.445,684.554
684.446,684.555
684.447,684.555
684.448,684.556
684.449,684.556
684.441,684.553
684.435,684.551
684.429,684.548
684.432,684.549
684.426,684.547
684.429,684.548
684.431,684.549
684.426,684.547
684.429,684.548
684.431,684.549
684.434,684.550
684.436,684.551
684.438,684.552
684.440,684.552
684.441,684.553
684.435,684.551
684.437,684.551
684.439,684.552
684.432,684.550
684.435,684.551
684.429,684.548
684.431,684.549
684.434,684.550
684.436,684.551
684.438,684.552
684.440,684.553
684.441,684.553
684.443,684.554
684.444,684.554
684.445,684.555
684.446,684.555
684.445,684.555
684.446,684.555
684.447,684.555
684.440,684.553
684.442,684.553
684.443,684.554
684.445,684.554
684.454,684.558
684.454,684.558
684.446,684.555
684.447,684.555
684.448,684.556
684.449,684.556
684.442,684.553
684.443,684.554
684.444,684.554
684.445,684.555
684.447,684.555
684.448,684.555
684.446,684.555
684.447,684.555
684.448,684.556
684.449,684.556
684.450,684.556
684.450,684.557
684.443,684.554
684.444,684.554
684.445,684.555
684.446,684.555
684.447,684.555
684.448,684.556
684.449,684.556
684.450,684.556
684.448,684.556
684.449,684.556
684.442,684.553
684.443,684.554
684.445,684.554
684.446,684.555
684.447,684.555
684.448,684.556
684.449,684.556
684.449,684.556
684.442,684.553
684.443,684.554
684.437,684.551
684.439,684.552
684.440,684.553
684.442,684.553
684.443,684.554
684.445,684.554
684.444,684.554
684.445,684.554
684.446,684.555
684.447,684.555
684.448,684.556
684.449,684.556
684.449,684.556
684.450,684.556
684.451,684.557
684.451,684.557
684.444,684.554
684.445,684.555
684.446,684.555
684.439,684.552
684.433,684.550
684.427,684.548
684.422,684.546
684.425,684.547
684.428,684.548
684.423,684.546
684.426,684.547
684.429,684.548
684.432,684.549
684.434,684.550
684.436,684.551
684.436,684.551
684.438,684.552
684.440,684.552
684.433,684.550
684.435,684.551
684.438,684.552
684.439,684.552
684.441,684.553
684.442,684.554
684.436,684.551
684.438,684.552
684.440,684.552
684.441,684.553
684.435,684.551
684.437,684.551
684.439,684.552
684.432,684.550
684.427,684.547
684.422,684.546
684.425,684.547
684.428,684.548
684.431,684.549
684.433,684.550
684.427,684.548
684.430,684.549
684.431,684.549
684.433,684.550
684.427,684.548
684.420,684.545
684.424,684.546
684.419,684.544
684.414,684.543
684.418,684.544
684.420,684.545
684.415,684.543
684.419,684.545
684.423,684.546
684.426,684.547
684.429,684.548
684.432,684.549
684.426,684.547
684.421,684.545
684.416,684.543
684.420,684.545
684.422,684.545
684.417,684.544
684.413,684.542
684.417,684.544
684.413,684.542
684.409,684.541
684.405,684.539
684.402,684.538
684.407,684.540
684.404,684.539
684.401,684.538
684.406,684.540
684.411,684.542
684.416,684.543
684.419,684.545
684.423,684.546
684.418,684.544
684.422,684.546
684.425,684.547
684.426,684.547
684.421,684.545
684.416,684.543
684.420,684.545
684.416,684.543
684.409,684.541
684.406,684.540
684.411,684.541
684.413,684.542
684.409,684.541
684.414,684.542
684.410,684.541
684.406,684.540
684.411,684.541
684.407,684.540
684.410,684.541
684.406,684.540
684.403,684.538
684.408,684.540
684.413,684.542
684.409,684.541
684.414,684.542
684.410,684.541
684.414,684.543
684.418,684.544
684.422,684.546
684.417,684.544
684.413,684.542
684.417,684.544
684.421,684.545
684.424,684.547
684.419,684.545
684.415,684.543
684.419,684.544
684.414,684.543
684.410,684.541
684.415,684.543
684.411,684.541
684.407,684.540
684.410,684.541
684.414,684.543
684.410,684.541
684.415,684.543
684.419,684.544
684.422,684.546
684.426,684.547
684.429,684.548
684.431,684.549
684.434,684.550
684.436,684.551
684.438,684.552
684.440,684.552
684.441,684.553
684.443,684.554
684.436,684.551
684.430,684.549
684.424,684.547
684.420,684.545
684.423,684.546
684.426,684.547
684.429,684.548
684.432,684.549
684.434,684.550
684.436,684.551
684.438,684.552
684.440,684.553
684.439,684.552
684.441,684.553
684.443,684.554
684.444,684.554
684.437,684.551
684.439,684.552
684.433,684.550
684.427,684.548
684.430,684.549
684.432,684.550
684.435,684.551
684.437,684.551
684.439,684.552
684.440,684.553
684.442,684.553
684.443,684.554
684.445,684.554
684.444,684.554
684.445,684.554
684.446,684.555
684.447,684.555
684.448,684.556
684.441,684.553
684.434,684.550
684.428,684.548
684.431,684.549
684.431,684.549
684.434,684.550
684.428,684.548
684.431,684.549
684.433,684.550
684.435,684.551
684.429,684.549
684.430,684.549
684.432,684.550
684.435,684.551
684.429,684.548
684.431,684.549
684.426,684.547
684.421,684.545
684.424,684.547
684.419,684.545
684.423,684.546
684.418,684.544
684.420,684.545
684.423,684.546
684.418,684.544
684.422,684.546
684.417,684.544
684.421,684.545
684.416,684.544
684.418,684.544
684.422,684.546
684.425,684.547
684.428,684.548
684.431,684.549
684.425,684.547
684.420,684.545
684.424,684.546
684.427,684.548
684.422,684.546
684.425,684.547
684.420,684.545
684.423,684.546
684.419,684.544
684.422,684.546
684.426,684.547
684.429,684.548
684.431,684.549
684.434,684.550
684.428,684.548
684.420,684.545
684.416,684.543
684.412,684.542
684.408,684.540
684.413,684.542
684.417,684.544
684.421,684.545
684.414,684.543
684.410,684.541
684.414,684.543
684.411,684.541
684.407,684.540
684.412,684.542
684.406,684.539
684.411,684.541
684.415,684.543
684.411,684.541
684.407,684.540
684.412,684.542
684.416,684.543
684.412,684.542
684.416,684.544
684.420,684.545
684.424,684.546
684.427,684.548
684.420,684.545
684.415,684.543
684.419,684.545
684.423,684.546
684.418,684.544
684.422,684.546
684.417,684.544
684.421,684.545
684.416,684.543
684.412,684.542
684.408,684.540
684.413,684.542
684.409,684.541
684.411,684.542
684.416,684.543
684.412,684.542
684.408,684.540
684.413,684.542
684.409,684.541
684.405,684.539
684.410,684.541
684.415,684.543
684.419,684.544
684.422,684.546
684.423,684.546
684.427,684.547
684.429,684.549
684.424,684.546
684.427,684.548
684.430,684.549
684.432,684.550
684.433,684.550
684.427,684.548
684.422,684.546
684.411,684.541
684.407,684.540
684.410,684.541
684.406,684.540
684.403,684.538
684.408,684.540
684.405,684.539
684.402,684.538
684.399,684.537
684.404,684.539
684.401,684.538
684.396,684.536
684.402,684.538
684.399,684.537
684.397,684.536
684.402,684.538
684.400,684.537
684.397,684.536
684.395,684.535
684.393,684.534
684.399,684.537
684.396,684.536
684.402,684.538
684.407,684.540
684.412,684.542
684.409,684.541
684.406,684.539
684.411,684.541
684.407,684.540
684.404,684.539
684.401,684.538
684.398,684.537
684.404,684.539
684.401,684.537
684.406,684.540
684.411,684.541
684.407,684.540
684.412,684.542
684.416,684.543
684.412,684.542
684.416,684.543
684.412,684.542
684.416,684.543
684.412,684.542
684.408,684.540
684.413,684.542
684.409,684.541
684.406,684.539
684.408,684.540
684.413,684.542
684.404,684.539
684.406,684.540
684.403,684.538
684.400,684.537
684.398,684.536
684.395,684.535
684.393,684.535
684.391,684.534
684.389,684.533
684.388,684.533
684.386,684.532
684.385,684.531
684.382,684.530
684.381,684.530
684.388,684.533
684.387,684.532
684.385,684.532
684.384,684.531
684.389,684.533
684.387,684.532
684.394,684.535
684.400,684.537
684.397,684.536
684.403,684.538
684.400,684.537
684.402,684.538
684.400,684.537
684.397,684.536
684.395,684.535
684.401,684.537
684.398,684.536
684.396,684.535
684.401,684.538
684.399,684.537
684.404,684.539
684.409,684.541
684.414,684.542
684.410,684.541
684.414,684.543
684.418,684.544
684.422,684.546
684.425,684.547
684.420,684.545
684.424,684.546
684.425,684.547
684.420,684.545
684.415,684.543
684.419,684.545
684.415,684.543
684.419,684.544
684.414,684.543
684.410,684.541
684.407,684.540
684.411,684.542
684.408,684.540
684.402,684.538
684.399,684.537
684.397,684.536
684.395,684.535
684.393,684.534
684.391,684.534
684.387,684.532
684.385,684.532
684.384,684.531
684.383,684.531
684.390,684.533
684.388,684.533
684.387,684.532
684.383,684.531
684.382,684.530
684.382,684.530
684.381,684.530
684.380,684.529
684.379,684.529
684.379,684.529
684.378,684.529
684.378,684.529
684.383,684.531
684.390,684.533
684.388,684.533
684.387,684.532
684.393,684.535
684.399,684.537
684.405,684.539
684.410,684.541
684.414,684.543
684.418,684.544
684.414,684.543
684.410,684.541
684.406,684.540
684.403,684.538
684.400,684.537
684.398,684.536
684.395,684.535
684.393,684.535
684.391,684.534
684.389,684.533
684.394,684.535
684.392,684.534
684.390,684.533
684.388,684.533
684.395,684.535
684.393,684.534
684.399,684.537
684.396,684.536
684.402,684.538
684.407,684.540
684.412,684.542
684.414,684.543
684.410,684.541
684.414,684.543
684.419,684.544
684.414,684.543
684.418,684.544
684.412,684.542
684.408,684.540
684.413,684.542
684.409,684.541
684.413,684.542
684.417,684.544
684.419,684.545
684.415,684.543
684.411,684.541
684.415,684.543
684.419,684.545
684.423,684.546
684.418,684.544
684.422,684.545
684.417,684.544
684.413,684.542
684.409,684.541
684.405,684.539
684.402,684.538
684.399,684.537
684.405,684.539
684.410,684.541
684.414,684.543
684.418,684.544
684.414,684.543
684.418,684.544
684.412,684.542
684.408,684.540
684.412,684.542
684.417,684.544
684.412,684.542
684.409,684.541
684.413,684.542
684.409,684.541
684.406,684.540
684.403,684.538
684.408,684.540
684.405,684.539
684.401,684.538
684.405,684.539
684.402,684.538
684.399,684.537
684.396,684.536
684.394,684.535
684.392,684.534
684.390,684.533
684.389,684.533
684.387,684.532
684.394,684.535
684.398,684.536
684.403,684.538
684.400,684.537
684.398,684.536
684.393,684.535
684.391,684.534
684.397,684.536
684.403,684.538
684.400,684.537
684.405,684.539
684.402,684.538
684.400,684.537
684.405,684.539
684.402,684.538
684.399,684.537
684.397,684.536
684.402,684.538
684.399,684.537
684.397,684.536
684.403,684.538
684.408,684.540
684.402,684.538
684.399,684.537
684.397,684.536
684.395,684.535
684.392,684.534
684.391,684.534
684.389,684.533
684.387,684.532
684.386,684.532
684.385,684.531
684.391,684.534
684.390,684.533
684.386,684.532
684.385,684.531
684.383,684.531
684.382,684.530
684.382,684.530
684.381,684.530
684.380,684.529
684.379,684.529
684.379,684.529
684.378,684.529
684.378,684.529
684.377,684.528
684.374,684.527
684.382,684.530
684.381,684.530
684.380,684.530
684.380,684.529
684.379,684.529
684.376,684.528
684.376,684.528
684.384,684.531
684.391,684.534
684.397,684.536
684.395,684.535
684.393,684.534
684.391,684.534
684.389,684.533
684.395,684.535
684.391,684.534
684.389,684.533
684.388,684.533
684.386,684.532
684.385,684.531
684.384,684.531
684.383,684.531
684.382,684.530
684.381,684.530
684.380,684.530
684.387,684.532
684.386,684.532
684.385,684.531
684.384,684.531
684.383,684.530
684.374,684.527
684.373,684.527
684.381,684.530
684.388,684.533
684.393,684.534
684.391,684.534
684.389,684.533
684.388,684.532
684.384,684.531
684.383,684.531
684.390,684.533
684.388,684.533
684.395,684.535
684.393,684.534
684.389,684.533
684.387,684.532
684.386,684.532
684.384,684.531
684.383,684.531
684.382,684.530
684.381,684.530
684.380,684.530
684.380,684.529
684.377,684.528
684.385,684.531
684.383,684.531
684.382,684.530
684.387,684.532
684.394,684.535
684.390,684.533
684.388,684.533
684.387,684.532
684.385,684.532
684.382,684.530
684.381,684.530
684.380,684.530
684.379,684.529
684.385,684.531
684.383,684.531
684.390,684.534
684.389,684.533
684.395,684.535
684.401,684.538
684.406,684.540
684.403,684.538
684.400,684.537
684.398,684.536
684.403,684.538
684.400,684.537
684.398,684.536
684.395,684.535
684.393,684.535
684.391,684.534
684.397,684.536
684.395,684.535
684.393,684.534
684.399,684.537
684.396,684.536
684.394,684.535
684.392,684.534
684.390,684.533
684.386,684.532
684.385,684.532
684.392,684.534
684.390,684.533
684.396,684.536
684.394,684.535
684.400,684.537
684.405,684.539
684.402,684.538
684.400,684.537
684.405,684.539
684.402,684.538
684.399,684.537
684.402,684.538
684.400,684.537
684.397,684.536
684.393,684.534
684.391,684.534
684.387,684.532
684.385,684.532
684.384,684.531
684.381,684.530
684.380,684.530
684.379,684.529
684.379,684.529
684.376,684.528
684.376,684.528
684.373,684.527
684.373,684.527
684.381,684.530
684.380,684.530
684.380,684.529
684.379,684.529
684.378,684.529
684.378,684.529
684.385,684.532
684.390,684.533
684.388,684.533
684.387,684.532
684.383,684.531
684.382,684.530
684.381,684.530
684.378,684.529
684.378,684.529
684.377,684.529
684.377,684.528
684.368,684.525
684.369,684.525
684.369,684.525
684.362,684.522
684.368,684.525
684.369,684.525
684.367,684.525
684.368,684.525
684.368,684.525
684.374,684.527
684.374,684.527
684.382,684.530
684.381,684.530
684.386,684.532
684.385,684.531
684.392,684.534
684.390,684.533
684.388,684.533
684.385,684.531
684.383,684.531
684.382,684.530
684.379,684.529
684.379,684.529
684.376,684.528
684.376,684.528
684.375,684.528
684.375,684.528
684.375,684.528
684.375,684.527
684.374,684.527
684.374,684.527
684.372,684.526
684.372,684.526
684.372,684.526
684.378,684.529
684.378,684.529
684.377,684.528
684.377,684.528
684.376,684.528
684.376,684.528
684.376,684.528
684.375,684.528
684.375,684.528
684.375,684.528
684.383,684.531
684.382,684.530
684.381,684.530
684.380,684.530
684.379,684.529
684.379,684.529
684.378,684.529
684.378,684.529
684.377,684.528
684.377,684.528
684.382,684.530
684.389,684.533
684.380,684.529
684.379,684.529
684.378,684.529
684.376,684.528
684.375,684.528
684.375,684.528
684.375,684.528
684.375,684.527
684.382,684.530
684.381,684.530
684.381,684.530
684.380,684.529
684.377,684.528
684.385,684.531
684.383,684.531
684.382,684.530
684.381,684.530
684.389,684.533
684.393,684.535
684.391,684.534
684.389,684.533
684.385,684.532
684.384,684.531
684.369,684.525
684.369,684.525
684.370,684.526
684.378,684.529
684.378,684.529
684.385,684.531
684.384,684.531
684.383,684.531
684.382,684.530
684.389,684.533
684.387,684.532
684.386,684.532
684.385,684.531
684.384,684.531
684.383,684.530
684.382,684.530
684.381,684.530
684.372,684.526
684.372,684.526
684.380,684.530
684.379,684.529
684.377,684.528
684.376,684.528
684.384,684.531
684.383,684.531
684.382,684.530
684.381,684.530
684.372,684.526
684.372,684.527
684.372,684.527
684.380,684.530
684.380,684.529
684.379,684.529
684.378,684.529
684.378,684.529
684.377,684.528
684.383,684.531
684.390,684.533
684.388,684.533
684.387,684.532
684.393,684.535
684.391,684.534
684.395,684.535
684.393,684.535
684.391,684.534
684.397,684.536
684.395,684.535
684.393,684.535
684.391,684.534
684.389,684.533
684.364,684.523
684.373,684.527
684.373,684.527
684.373,684.527
684.373,684.527
684.373,684.527
684.373,684.527
684.373,684.527
684.373,684.527
684.373,684.527
684.379,684.529
684.386,684.532
684.385,684.531
684.384,684.531
684.383,684.531
684.382,684.530
684.381,684.530
684.380,684.530
684.379,684.529
684.379,684.529
684.378,684.529
684.378,684.529
684.377,684.528
684.377,684.528
684.368,684.525
684.362,684.523
684.369,684.525
684.370,684.526
684.370,684.526
684.370,684.526
684.376,684.528
684.376,684.528
684.376,684.528
684.375,684.528
684.375,684.528
684.375,684.528
684.375,684.527
684.366,684.524
684.359,684.521
684.352,684.519
684.354,684.520
684.354,684.519
684.356,684.520
684.349,684.518
684.351,684.519
684.345,684.516
684.348,684.517
684.350,684.518
684.352,684.519
684.354,684.520
684.356,684.520
684.358,684.521
684.359,684.521
684.360,684.522
684.369,684.525
684.368,684.525
684.368,684.525
684.369,684.525
684.361,684.522
684.362,684.523
684.363,684.523
684.364,684.523
684.365,684.524
684.357,684.521
684.359,684.521
684.360,684.522
684.361,684.522
684.362,684.523
684.363,684.523
684.364,684.523
684.365,684.524
684.366,684.524
684.366,684.524
684.367,684.525
684.368,684.525
684.368,684.525
684.369,684.525
684.369,684.525
684.369,684.525
684.367,684.525
684.368,684.525
684.368,684.525
684.367,684.524
684.367,684.525
684.368,684.525
684.368,684.525
684.361,684.522
684.354,684.519
684.355,684.520
684.355,684.520
684.349,684.517
684.351,684.518
684.345,684.516
684.348,684.517
684.350,684.518
684.352,684.519
684.346,684.516
684.341,684.514
684.344,684.516
684.346,684.517
684.349,684.518
684.349,684.518
684.351,684.518
684.345,684.516
684.348,684.517
684.350,684.518
684.352,684.519
684.354,684.520
684.356,684.520
684.358,684.521
684.359,684.521
684.350,684.518
684.352,684.519
684.354,684.520
684.356,684.520
684.350,684.518
684.352,684.519
684.354,684.519
684.353,684.519
684.355,684.520
684.357,684.521
684.356,684.520
684.358,684.521
684.359,684.522
684.360,684.522
684.362,684.522
684.363,684.523
684.364,684.523
684.356,684.520
684.350,684.518
684.352,684.519
684.354,684.520
684.354,684.519
684.347,684.517
684.348,684.517
684.350,684.518
684.352,684.519
684.360,684.522
684.361,684.522
684.362,684.523
684.363,684.523
684.364,684.523
684.365,684.524
684.366,684.524
684.366,684.524
684.365,684.524
684.358,684.521
684.359,684.521
684.360,684.522
684.361,684.522
684.362,684.523
684.363,684.523
684.356,684.520
684.350,684.518
684.352,684.519
684.354,684.520
684.356,684.520
684.357,684.521
684.359,684.521
684.360,684.522
684.361,684.522
684.370,684.526
684.371,684.526
684.371,684.526
684.369,684.525
684.369,684.525
684.369,684.525
684.370,684.526
684.370,684.526
684.370,684.526
684.370,684.526
684.371,684.526
684.369,684.525
684.369,684.525
684.369,684.525
684.370,684.526
684.370,684.526
684.370,684.526
684.370,684.526
684.371,684.526
684.363,684.523
684.364,684.523
684.365,684.524
684.365,684.524
684.366,684.524
684.367,684.524
684.367,684.525
684.368,684.525
684.368,684.525
684.369,684.525
684.369,684.525
684.369,684.525
684.375,684.528
684.375,684.528
684.375,684.528
684.375,684.527
684.375,684.527
684.374,684.527
684.374,684.527
684.374,684.527
684.374,684.527
684.372,684.526
684.372,684.526
684.372,684.526
684.370,684.526
684.370,684.526
684.370,684.526
684.368,684.525
684.369,684.525
684.367,684.525
684.367,684.525
684.368,684.525
684.366,684.524
684.367,684.524
684.367,684.525
684.360,684.522
684.361,684.522
684.362,684.523
684.355,684.520
684.357,684.521
684.358,684.521
684.360,684.522
684.361,684.522
684.362,684.523
684.363,684.523
684.362,684.523
684.355,684.520
684.357,684.521
684.358,684.521
684.351,684.519
684.353,684.519
684.355,684.520
684.357,684.521
684.364,684.523
684.365,684.524
684.374,684.527
684.374,684.527
684.373,684.527
684.373,684.527
684.371,684.526
684.371,684.526
684.371,684.526
684.372,684.526
684.372,684.526
684.370,684.526
684.370,684.526
684.370,684.526
684.370,684.526
684.371,684.526
684.371,684.526
684.371,684.526
684.371,684.526
684.363,684.523
684.364,684.523
684.365,684.524
684.358,684.521
684.359,684.521
684.352,684.519
684.354,684.520
684.356,684.520
684.355,684.520
684.357,684.521
684.359,684.521
684.358,684.521
684.359,684.522
684.360,684.522
684.359,684.522
684.353,684.519
684.355,684.520
684.348,684.517
684.351,684.518
684.353,684.519
684.355,684.520
684.354,684.520
684.356,684.520
684.355,684.520
684.365,684.524
684.366,684.524
684.364,684.524
684.365,684.524
684.358,684.521
684.357,684.521
684.359,684.521
684.366,684.524
684.366,684.524
684.367,684.525
684.365,684.524
684.366,684.524
684.367,684.524
684.367,684.525
684.368,684.525
684.368,684.525
684.377,684.528
684.376,684.528
684.376,684.528
684.376,684.528
684.373,684.527
684.365,684.524
684.366,684.524
684.364,684.524
684.365,684.524
684.364,684.523
684.365,684.524
684.365,684.524
684.366,684.524
684.367,684.524
684.367,684.525
684.368,684.525
684.368,684.525
684.369,684.525
684.369,684.525
684.369,684.525
684.370,684.526
684.368,684.525
684.368,684.525
684.369,684.525
684.369,684.525
684.369,684.525
684.368,684.525
684.368,684.525
684.368,684.525
684.367,684.524
684.367,684.525
684.368,684.525
684.368,684.525
684.369,684.525
684.375,684.528
684.367,684.524
684.367,684.525
684.366,684.524
684.366,684.524
684.367,684.524
684.367,684.525
684.376,684.528
684.373,684.527
684.381,684.530
684.380,684.530
684.378,684.529
684.369,684.525
684.369,684.525
684.370,684.526
684.362,684.523
684.363,684.523
684.364,684.523
684.365,684.524
684.365,684.524
684.358,684.521
684.359,684.522
684.361,684.522
684.362,684.523
684.369,684.525
684.369,684.525
684.369,684.525
684.368,684.525
684.368,684.525
684.368,684.525
684.369,684.525
684.369,684.525
684.370,684.526
684.370,684.526
684.370,684.526
684.370,684.526
684.371,684.526
684.371,684.526
684.371,684.526
684.371,684.526
684.371,684.526
684.371,684.526
684.371,684.526
684.364,684.523
684.364,684.524
684.357,684.521
684.357,684.521
684.358,684.521
684.359,684.522
684.361,684.522
684.354,684.519
684.356,684.520
684.357,684.521
684.359,684.521
684.360,684.522
684.359,684.521
684.352,684.519
684.352,684.519
684.346,684.517
684.349,684.517
684.349,684.518
684.351,684.518
684.353,684.519
684.361,684.522
684.362,684.523
684.355,684.520
684.357,684.521
684.350,684.518
684.352,684.519
684.354,684.520
684.356,684.520
684.350,684.518
684.352,684.519
684.354,684.519
684.355,684.520
684.357,684.521
684.359,684.521
684.360,684.522
684.359,684.521
684.360,684.522
684.353,684.519
684.355,684.520
684.357,684.521
684.356,684.520
684.358,684.521
684.359,684.522
684.352,684.519
684.346,684.517
684.349,684.518
684.349,684.518
684.351,684.518
684.345,684.516
684.348,684.517
684.350,684.518
684.352,684.519
684.346,684.517
684.349,684.518
684.351,684.518
684.345,684.516
684.348,684.517
684.342,684.515
684.343,684.515
684.346,684.516
684.348,684.517
684.351,684.518
684.353,684.519
684.346,684.517
684.349,684.518
684.351,684.518
684.351,684.518
684.353,684.519
684.355,684.520
684.357,684.521
684.350,684.518
684.342,684.515
684.345,684.516
684.354,684.519
684.347,684.517
684.342,684.515
684.345,684.516
684.347,684.517
684.350,684.518
684.352,684.519
684.346,684.516
684.340,684.514
684.343,684.515
684.346,684.517
684.349,684.517
684.343,684.515
684.346,684.516
684.348,684.517
684.348,684.517
684.351,684.518
684.353,684.519
684.355,684.520
684.348,684.517
684.343,684.515
684.346,684.516
684.348,684.517
684.342,684.515
684.345,684.516
684.348,684.517
684.350,684.518
684.352,684.519
684.354,684.520
684.356,684.520
684.358,684.521
684.351,684.518
684.353,684.519
684.355,684.520
684.357,684.521
684.358,684.521
684.359,684.522
684.359,684.521
684.352,684.519
684.354,684.519
684.354,684.519
684.355,684.520
684.355,684.520
684.357,684.521
684.358,684.521
684.351,684.519
684.353,684.519
684.355,684.520
684.349,684.518
684.351,684.518
684.345,684.516
684.348,684.517
684.348,684.517
684.350,684.518
684.344,684.516
684.339,684.514
684.334,684.512
684.338,684.513
684.322,684.507
684.326,684.509
684.329,684.510
684.333,684.511
684.337,684.513
684.332,684.511
684.328,684.510
684.332,684.511
684.336,684.513
684.340,684.514
684.343,684.515
684.337,684.513
684.339,684.514
684.342,684.515
684.345,684.516
684.345,684.516
684.348,684.517
684.350,684.518
684.352,684.519
684.354,684.520
684.354,684.519
684.356,684.520
684.357,684.521
684.359,684.521
684.360,684.522
684.368,684.525
684.366,684.524
684.367,684.525
684.368,684.525
684.368,684.525
684.360,684.522
684.362,684.522
684.363,684.523
684.361,684.522
684.354,684.520
684.348,684.517
684.348,684.517
684.351,684.518
684.353,684.519
684.355,684.520
684.356,684.520
684.358,684.521
684.359,684.522
684.361,684.522
684.370,684.526
684.370,684.526
684.368,684.525
684.369,684.525
684.361,684.522
684.360,684.522
684.361,684.522
684.362,684.523
684.363,684.523
684.364,684.523
684.357,684.521
684.358,684.521
684.360,684.522
684.359,684.521
684.360,684.522
684.353,684.519
684.361,684.522
684.362,684.523
684.363,684.523
684.364,684.523
684.365,684.524
684.363,684.523
684.364,684.523
684.365,684.524
684.364,684.523
684.356,684.520
684.358,684.521
684.359,684.522
684.361,684.522
684.360,684.522
684.361,684.522
684.362,684.523
684.361,684.522
684.354,684.520
684.356,684.520
684.355,684.520
684.357,684.521
684.358,684.521
684.360,684.522
684.361,684.522
684.360,684.522
684.353,684.519
684.355,684.520
684.357,684.521
684.358,684.521
684.359,684.522
684.369,684.525
684.361,684.522
684.354,684.520
684.356,684.520
684.358,684.521
684.359,684.521
684.360,684.522
684.351,684.519
684.345,684.516
684.348,684.517
684.348,684.517
684.350,684.518
684.353,684.519
684.354,684.520
684.356,684.520
684.366,684.524
684.374,684.527
684.374,684.527
684.366,684.524
684.375,684.527
684.382,684.530
684.382,684.530
684.381,684.530
684.380,684.529
684.379,684.529
684.379,684.529
684.378,684.529
684.375,684.528
684.375,684.528
684.375,684.528
684.373,684.527
684.373,684.527
684.370,684.526
684.371,684.526
684.371,684.526
684.369,684.525
684.369,684.525
684.370,684.526
684.376,684.528
684.375,684.528
684.375,684.528
684.375,684.528
684.375,684.527
684.382,684.530
684.373,684.527
684.373,684.527
684.373,684.527
684.373,684.527
684.373,684.527
684.373,684.527
684.373,684.527
684.363,684.523
684.364,684.523
684.365,684.524
684.365,684.524
684.366,684.524
684.367,684.524
684.365,684.524
684.366,684.524
684.367,684.524
684.367,684.525
684.368,684.525
684.368,684.525
684.369,684.525
684.369,684.525
684.361,684.522
684.362,684.523
684.361,684.522
684.362,684.523
684.363,684.523
684.364,684.523
684.365,684.524
684.364,684.523
684.364,684.524
684.363,684.523
684.364,684.523
684.357,684.521
684.358,684.521
684.360,684.522
684.361,684.522
684.354,684.520
684.348,684.517
684.348,684.517
684.350,684.518
684.352,684.519
684.354,684.520
684.356,684.520
684.350,684.518
684.352,684.519
684.346,684.516
684.348,684.517
684.351,684.518
684.345,684.516
684.347,684.517
684.350,684.518
684.352,684.519
684.346,684.516
684.340,684.514
684.335,684.512
684.339,684.514
684.334,684.512
684.338,684.513
684.341,684.515
684.336,684.513
684.340,684.514
684.335,684.512
684.330,684.510
684.334,684.512
684.338,684.513
684.333,684.512
684.337,684.513
684.340,684.514
684.343,684.515
684.344,684.516
684.347,684.517
684.349,684.518
684.343,684.515
684.346,684.517
684.349,684.517
684.351,684.518
684.343,684.515
684.338,684.513
684.341,684.515
684.336,684.513
684.339,684.514
684.335,684.512
684.338,684.513
684.339,684.514
684.334,684.512
684.330,684.510
684.326,684.509
684.328,684.510
684.325,684.508
684.329,684.510
684.325,684.508
684.330,684.510
684.326,684.509
684.330,684.510
684.326,684.509
684.331,684.511
684.333,684.511
684.328,684.510
684.333,684.511
684.336,684.513
684.340,684.514
684.341,684.514
684.344,684.516
684.347,684.517
684.349,684.518
684.343,684.515
684.338,684.513
684.333,684.512
684.337,684.513
684.340,684.514
684.343,684.515
684.344,684.516
684.339,684.514
684.342,684.515
684.337,684.513
684.332,684.511
684.336,684.513
684.332,684.511
684.335,684.512
684.339,684.514
684.342,684.515
684.337,684.513
684.332,684.511
684.328,684.510
684.322,684.507
684.327,684.509
684.323,684.508
684.328,684.510
684.332,684.511
684.328,684.510
684.324,684.508
684.327,684.509
684.331,684.511
684.335,684.512
684.339,684.514
684.342,684.515
684.337,684.513
684.340,684.514
684.333,684.512
684.329,684.510
684.325,684.508
684.330,684.510
684.334,684.512
684.329,684.510
684.333,684.512
684.329,684.510
684.325,684.508
684.330,684.510
684.332,684.511
684.328,684.509
684.332,684.511
684.328,684.509
684.324,684.508
684.326,684.509
684.323,684.508
684.320,684.506
684.325,684.508
684.329,684.510
684.333,684.512
684.337,684.513
684.340,684.514
684.336,684.512
684.339,684.514
684.334,684.512
684.338,684.513
684.341,684.515
684.334,684.512
684.338,684.513
684.333,684.511
684.337,684.513
684.340,684.514
684.335,684.512
684.331,684.511
684.335,684.512
684.338,684.514
684.342,684.515
684.337,684.513
684.340,684.514
684.343,684.515
684.346,684.516
684.348,684.517
684.349,684.517
684.351,684.518
684.361,684.522
684.360,684.522
684.361,684.522
684.354,684.520
684.348,684.517
684.350,684.518
684.352,684.519
684.346,684.517
684.349,684.518
684.343,684.515
684.338,684.513
684.331,684.511
684.327,684.509
684.323,684.508
684.328,684.510
684.324,684.508
684.329,684.510
684.333,684.511
684.337,684.513
684.340,684.514
684.343,684.515
684.338,684.513
684.341,684.515
684.336,684.513
684.340,684.514
684.343,684.515
684.346,684.516
684.340,684.514
684.335,684.512
684.331,684.511
684.327,684.509
684.331,684.511
684.335,684.512
684.339,684.514
684.342,684.515
684.337,684.513
684.340,684.514
684.343,684.515
684.346,684.516
684.341,684.514
684.344,684.516
684.338,684.514
684.342,684.515
684.345,684.516
684.339,684.514
684.340,684.514
684.335,684.512
684.339,684.514
684.342,684.515
684.345,684.516
684.340,684.514
684.335,684.512
684.330,684.510
684.334,684.512
684.338,684.513
684.341,684.515
684.342,684.515
684.337,684.513
684.340,684.514
684.335,684.512
684.339,684.514
684.340,684.514
684.335,684.512
684.339,684.514
684.342,684.515
684.337,684.513
684.340,684.514
684.335,684.512
684.331,684.511
684.335,684.512
684.338,684.514
684.342,684.515
684.345,684.516
684.347,684.517
684.350,684.518
684.352,684.519
684.354,684.519
684.356,684.520
684.349,684.518
684.351,684.519
684.345,684.516
684.348,684.517
684.348,684.517
684.342,684.515
684.345,684.516
684.348,684.517
684.350,684.518
684.352,684.519
684.354,684.520
684.356,684.520
684.358,684.521
684.359,684.521
684.358,684.521
684.359,684.522
684.361,684.522
684.360,684.522
684.353,684.519
684.355,684.520
684.349,684.517
684.351,684.518
684.345,684.516
684.347,684.517
684.350,684.518
684.352,684.519
684.354,684.520
684.362,684.522
684.363,684.523
684.356,684.520
684.357,684.521
684.359,684.521
684.360,684.522
684.361,684.522
684.354,684.520
684.356,684.520
684.350,684.518
684.352,684.519
684.354,684.519
684.348,684.517
684.350,684.518
684.352,684.519
684.354,684.520
684.348,684.517
684.350,684.518
684.350,684.518
684.352,684.519
684.354,684.520
684.356,684.520
684.350,684.518
684.344,684.516
684.339,684.514
684.340,684.514
684.343,684.515
684.346,684.516
684.342,684.515
684.337,684.513
684.340,684.514
684.335,684.512
684.339,684.514
684.334,684.512
684.336,684.512
684.339,684.514
684.342,684.515
684.343,684.515
684.346,684.516
684.346,684.517
684.341,684.514
684.344,684.516
684.346,684.517
684.349,684.518
684.351,684.518
684.353,684.519
684.355,684.520
684.357,684.521
684.350,684.518
684.352,684.519
684.354,684.520
684.356,684.520
684.350,684.518
684.354,684.520
684.356,684.520
684.358,684.521
684.359,684.522
684.352,684.519
684.346,684.517
684.341,684.514
684.344,684.516
684.347,684.517
684.349,684.518
684.343,684.515
684.346,684.516
684.341,684.514
684.344,684.516
684.346,684.517
684.349,684.518
684.351,684.518
684.359,684.521
684.360,684.522
684.353,684.519
684.353,684.519
684.355,684.520
684.357,684.521
684.356,684.520
684.358,684.521
684.372,684.526
684.372,684.527
684.370,684.526
684.370,684.526
684.371,684.526
684.371,684.526
684.371,684.526
684.369,684.525
684.369,684.525
684.370,684.526
684.370,684.526
684.370,684.526
684.370,684.526
684.371,684.526
684.371,684.526
684.371,684.526
684.363,684.523
684.364,684.523
684.365,684.524
684.358,684.521
684.351,684.518
684.353,684.519
684.355,684.520
684.354,684.520
684.356,684.520
684.358,684.521
684.357,684.521
684.358,684.521
684.360,684.522
684.361,684.522
684.362,684.523
684.363,684.523
684.364,684.523
684.373,684.527
684.373,684.527
684.373,684.527
684.373,684.527
684.381,684.530
684.380,684.530
684.379,684.529
684.379,684.529
684.378,684.529
684.378,684.529
684.377,684.528
684.377,684.528
684.376,684.528
684.376,684.528
684.376,684.528
684.375,684.528
684.375,684.528
684.375,684.528
684.375,684.527
684.380,684.530
684.380,684.529
684.379,684.529
684.378,684.529
684.386,684.532
684.384,684.531
684.389,684.533
684.388,684.532
684.386,684.532
684.385,684.531
684.392,684.534
684.398,684.536
684.401,684.538
684.407,684.540
684.395,684.535
684.393,684.535
684.391,684.534
684.389,684.533
684.388,684.533
684.386,684.532
684.385,684.531
684.382,684.530
684.381,684.530
684.380,684.530
684.385,684.532
684.392,684.534
684.390,684.533
684.389,684.533
684.387,684.532
684.386,684.532
684.382,684.530
684.381,684.530
684.380,684.530
684.380,684.529
684.379,684.529
684.386,684.532
684.383,684.531
684.382,684.530
684.389,684.533
684.388,684.532
684.394,684.535
684.400,684.537
684.397,684.536
684.403,684.538
684.400,684.537
684.406,684.539
684.400,684.537
684.398,684.536
684.403,684.538
684.400,684.537
684.398,684.536
684.395,684.535
684.401,684.538
684.398,684.537
684.404,684.539
684.409,684.541
684.406,684.539
684.410,684.541
684.407,684.540
684.412,684.542
684.408,684.540
684.404,684.539
684.399,684.537
684.397,684.536
684.394,684.535
684.392,684.534
684.390,684.534
684.389,684.533
684.387,684.532
684.386,684.532
684.385,684.531
684.391,684.534
684.390,684.533
684.396,684.536
684.394,684.535
684.398,684.536
684.395,684.535
684.393,684.535
684.399,684.537
684.397,684.536
684.394,684.535
684.398,684.537
684.396,684.536
684.393,684.535
684.399,684.537
684.405,684.539
684.410,684.541
684.412,684.542
684.408,684.540
684.405,684.539
684.402,684.538
684.397,684.536
684.395,684.535
684.393,684.534
684.391,684.534
684.389,684.533
684.387,684.532
684.384,684.531
684.391,684.534
684.397,684.536
684.403,684.538
684.406,684.539
684.403,684.538
684.408,684.540
684.404,684.539
684.401,684.538
684.399,684.537
684.402,684.538
684.399,684.537
684.397,684.536
684.392,684.534
684.390,684.534
684.397,684.536
684.394,684.535
684.392,684.534
684.390,684.534
684.395,684.535
684.400,684.537
684.398,684.536
684.395,684.535
684.393,684.535
684.399,684.537
684.405,684.539
684.402,684.538
684.399,684.537
684.394,684.535
684.400,684.537
684.406,684.539
684.400,684.537
684.406,684.539
684.403,684.538
684.400,684.537
684.395,684.535
684.401,684.538
684.406,684.540
684.403,684.538
684.400,684.537
684.397,684.536
684.401,684.538
684.398,684.537
684.404,684.539
684.401,684.538
684.406,684.540
684.403,684.538
684.400,684.537
684.397,684.536
684.395,684.535
684.393,684.535
684.389,684.533
684.395,684.535
684.393,684.535
684.391,684.534
684.389,684.533
684.388,684.533
684.386,684.532
684.385,684.531
684.384,684.531
684.389,684.533
684.395,684.535
684.401,684.538
684.398,684.537
684.396,684.536
684.394,684.535
684.392,684.534
684.398,684.536
684.395,684.535
684.401,684.538
684.398,684.537
684.404,684.539
684.401,684.538
684.396,684.536
684.394,684.535
684.392,684.534
684.390,684.533
684.388,684.533
684.387,684.532
684.386,684.532
684.384,684.531
684.391,684.534
684.390,684.533
684.388,684.533
684.384,684.531
684.383,684.531
684.382,684.530
684.381,684.530
684.380,684.530
684.380,684.529
684.385,684.531
684.384,684.531
684.383,684.531
684.382,684.530
684.381,684.530
684.380,684.530
684.379,684.529
684.379,684.529
684.378,684.529
684.378,684.529
684.377,684.528
684.377,684.528
684.376,684.528
684.368,684.525
684.368,684.525
684.369,684.525
684.369,684.525
684.377,684.529
684.383,684.531
684.382,684.530
684.381,684.530
684.380,684.530
684.379,684.529
684.379,684.529
684.378,684.529
684.378,684.529
684.377,684.528
684.377,684.528
684.376,684.528
684.376,684.528
684.376,684.528
684.375,684.528
684.375,684.528
684.375,684.528
684.375,684.527
684.374,684.527
684.374,684.527
684.374,684.527
684.374,684.527
684.382,684.530
684.381,684.530
684.378,684.529
684.378,684.529
684.377,684.528
684.374,684.527
684.374,684.527
684.374,684.527
684.374,684.527
684.374,684.527
684.374,684.527
684.374,684.527
684.373,684.527
684.373,684.527
684.373,684.527
684.373,684.527
684.373,684.527
684.373,684.527
684.373,684.527
684.373,684.527
684.373,684.527
684.373,684.527
684.373,684.527
684.381,684.530
684.380,684.530
684.379,684.529
684.379,684.529
684.378,684.529
684.386,684.532
684.384,684.531
684.383,684.531
684.374,684.527
684.382,684.530
684.381,684.530
684.380,684.530
684.380,684.529
684.379,684.529
684.370,684.526
684.363,684.523
684.364,684.523
684.362,684.523
684.363,684.523
684.364,684.523
684.365,684.524
684.366,684.524
684.372,684.527
684.372,684.527
684.372,684.527
684.370,684.526
684.370,684.526
684.371,684.526
684.371,684.526
684.363,684.523
684.362,684.523
684.363,684.523
684.364,684.523
684.357,684.521
684.358,684.521
684.351,684.519
684.345,684.516
684.348,684.517
684.350,684.518
684.344,684.516
684.339,684.514
684.334,684.512
684.338,684.513
684.341,684.515
684.336,684.513
684.340,684.514
684.341,684.514
684.344,684.516
684.339,684.514
684.340,684.514
684.343,684.515
684.346,684.516
684.348,684.517
684.350,684.518
684.361,684.522
684.368,684.525
684.368,684.525
684.369,684.525
684.369,684.525
684.369,684.525
684.370,684.526
684.370,684.526
684.370,684.526
684.370,684.526
684.371,684.526
684.371,684.526
684.371,684.526
684.371,684.526
684.379,684.529
684.387,684.532
684.393,684.535
684.399,684.537
684.405,684.539
684.410,684.541
684.414,684.543
684.410,684.541
684.407,684.540
684.403,684.538
684.400,684.537
684.398,684.536
684.395,684.535
684.393,684.535
684.399,684.537
684.397,684.536
684.394,684.535
684.392,684.534
684.398,684.537
684.396,684.536
684.402,684.538
684.399,684.537
684.404,684.539
684.409,684.541
684.406,684.540
684.411,684.541
684.407,684.540
684.404,684.539
684.401,684.538
684.398,684.537
684.396,684.536
684.401,684.538
684.399,684.537
684.396,684.536
684.394,684.535
684.392,684.534
684.398,684.537
684.396,684.536
684.393,684.535
684.389,684.533
684.388,684.533
684.386,684.532
684.385,684.531
684.392,684.534
684.390,684.533
684.388,684.533
684.387,684.532
684.385,684.532
684.384,684.531
684.383,684.531
684.382,684.530
684.387,684.532
684.386,684.532
684.384,684.531
684.383,684.531
684.382,684.530
684.381,684.530
684.386,684.532
684.385,684.531
684.384,684.531
684.383,684.531
684.382,684.530
684.381,684.530
684.386,684.532
684.385,684.531
684.384,684.531
684.391,684.534
684.389,684.533
684.387,684.532
684.392,684.534
684.390,684.533
684.388,684.533
684.387,684.532
684.385,684.532
684.384,684.531
684.383,684.531
684.388,684.533
684.386,684.532
684.385,684.532
684.384,684.531
684.383,684.531
684.382,684.530
684.381,684.530
684.380,684.530
684.379,684.529
684.379,684.529
684.378,684.529
684.378,684.529
684.377,684.528
684.385,684.531
684.384,684.531
684.383,684.530
684.382,684.530
684.381,684.530
684.380,684.529
684.379,684.529
684.379,684.529
684.378,684.529
684.378,684.529
684.369,684.525
684.369,684.525
684.370,684.526
684.370,684.526
684.362,684.523
684.363,684.523
684.364,684.523
684.369,684.525
684.369,684.525
684.370,684.526
684.370,684.526
684.378,684.529
684.378,684.529
684.377,684.528
684.382,684.530
684.382,684.530
684.381,684.530
684.380,684.529
684.379,684.529
684.387,684.532
684.393,684.535
684.391,684.534
684.398,684.536
684.395,684.535
684.393,684.535
684.391,684.534
684.389,684.533
684.388,684.532
684.386,684.532
684.385,684.531
684.384,684.531
684.375,684.527
684.372,684.527
684.370,684.526
684.370,684.526
684.371,684.526
684.371,684.526
684.371,684.526
684.371,684.526
684.371,684.526
684.371,684.526
684.371,684.526
684.372,684.526
684.372,684.526
684.380,684.529
684.379,684.529
684.378,684.529
684.378,684.529
684.385,684.532
684.384,684.531
684.383,684.531
684.390,684.533
684.388,684.533
684.395,684.535
684.393,684.534
684.391,684.534
684.389,684.533
684.396,684.536
684.393,684.535
684.391,684.534
684.398,684.536
684.401,684.538
684.398,684.537
684.396,684.536
684.392,684.534
684.390,684.533
684.388,684.533
684.387,684.532
684.385,684.532
684.382,684.530
684.381,684.530
684.380,684.530
684.377,684.529
684.377,684.528
684.377,684.528
684.376,684.528
684.376,684.528
684.373,684.527
684.373,684.527
684.365,684.524
684.366,684.524
684.375,684.527
684.374,684.527
684.374,684.527
684.374,684.527
684.374,684.527
684.374,684.527
684.382,684.530
684.381,684.530
684.378,684.529
684.377,684.529
684.375,684.528
684.375,684.527
684.374,684.527
684.374,684.527
684.380,684.529
684.379,684.529
684.379,684.529
684.378,684.529
684.378,684.529
684.377,684.528
684.377,684.528
684.376,684.528
684.376,684.528
684.376,684.528
684.375,684.528
684.383,684.531
684.388,684.533
684.386,684.532
684.385,684.531
684.384,684.531
684.383,684.531
684.382,684.530
684.379,684.529
684.378,684.529
684.386,684.532
684.392,684.534
684.391,684.534
684.389,684.533
684.385,684.532
684.384,684.531
684.383,684.531
684.382,684.530
684.381,684.530
684.380,684.530
684.387,684.532
684.386,684.532
684.383,684.531
684.382,684.530
684.381,684.530
684.388,684.533
684.387,684.532
684.385,684.532
684.384,684.531
684.383,684.531
684.382,684.530
684.387,684.532
684.393,684.535
684.391,684.534
684.398,684.536
684.395,684.535
684.393,684.535
684.391,684.534
684.389,684.533
684.388,684.533
684.386,684.532
684.385,684.531
684.384,684.531
684.389,684.533
684.387,684.532
684.386,684.532
684.384,684.531
684.383,684.531
684.382,684.530
684.381,684.530
684.380,684.530
684.380,684.529
684.387,684.532
684.386,684.532
684.382,684.530
684.381,684.530
684.381,684.530
684.380,684.529
684.379,684.529
684.379,684.529
684.378,684.529
684.378,684.529
684.377,684.528
684.374,684.527
684.374,684.527
684.374,684.527
684.372,684.526
684.372,684.526
684.372,684.526
684.378,684.529
684.369,684.525
684.368,684.525
684.360,684.522
684.361,684.522
684.362,684.523
684.355,684.520
684.357,684.521
684.358,684.521
684.360,684.522
684.361,684.522
684.362,684.523
684.363,684.523
684.364,684.523
684.365,684.524
684.366,684.524
684.358,684.521
684.360,684.522
684.353,684.519
684.355,684.520
684.356,684.520
684.350,684.518
684.352,684.519
684.354,684.520
684.356,684.520
684.357,684.521
684.359,684.521
684.360,684.522
684.361,684.522
684.362,684.523
684.363,684.523
684.364,684.523
684.365,684.524
684.366,684.524
684.364,684.523
684.357,684.521
684.359,684.521
684.352,684.519
684.354,684.519
684.356,684.520
684.349,684.518
684.351,684.519
684.351,684.518
684.353,684.519
684.355,684.520
684.357,684.521
684.358,684.521
684.352,684.519
684.354,684.519
684.347,684.517
684.350,684.518
684.352,684.519
684.354,684.519
684.354,684.519
684.355,684.520
684.357,684.521
684.356,684.520
684.366,684.524
684.366,684.524
684.367,684.525
684.376,684.528
684.375,684.528
684.375,684.528
684.375,684.528
684.375,684.527
684.374,684.527
684.374,684.527
684.372,684.526
684.372,684.526
684.372,684.526
684.372,684.527
684.364,684.523
684.365,684.524
684.366,684.524
684.366,684.524
684.367,684.525
684.365,684.524
684.358,684.521
684.359,684.522
684.353,684.519
684.355,684.520
684.356,684.520
684.356,684.520
684.357,684.521
684.357,684.521
684.350,684.518
684.352,684.519
684.354,684.520
684.356,684.520
684.358,684.521
684.359,684.521
684.360,684.522
684.361,684.522
684.362,684.523
684.363,684.523
684.364,684.523
684.365,684.524
684.366,684.524
684.366,684.524
684.367,684.525
684.368,684.525
684.368,684.525
684.369,684.525
684.369,684.525
684.369,684.525
684.370,684.526
684.370,684.526
684.370,684.526
684.370,684.526
684.371,684.526
684.371,684.526
684.371,684.526
684.369,684.525
684.369,684.525
684.362,684.522
684.363,684.523
684.364,684.523
684.364,684.524
684.365,684.524
684.364,684.523
684.365,684.524
684.365,684.524
684.366,684.524
684.367,684.524
684.375,684.528
684.381,684.530
684.380,684.530
684.377,684.528
684.377,684.528
684.384,684.531
684.383,684.531
684.382,684.530
684.381,684.530
684.380,684.530
684.372,684.526
684.364,684.523
684.365,684.524
684.357,684.521
684.359,684.521
684.360,684.522
684.361,684.522
684.360,684.522
684.353,684.519
684.347,684.517
684.342,684.515
684.337,684.513
684.340,684.514
684.343,684.515
684.344,684.516
684.339,684.514
684.334,684.512
684.337,684.513
684.333,684.511
684.337,684.513
684.340,684.514
684.341,684.515
684.344,684.516
684.347,684.517
684.349,684.518
684.351,684.519
684.353,684.519
684.355,684.520
684.365,684.524
684.366,684.524
684.366,684.524
684.367,684.524
684.367,684.525
684.368,684.525
684.368,684.525
684.369,684.525
684.369,684.525
684.369,684.525
684.368,684.525
684.376,684.528
684.376,684.528
684.375,684.528
684.383,684.531
684.382,684.530
684.389,684.533
684.388,684.532
684.386,684.532
684.383,684.531
684.382,684.530
684.381,684.530
684.380,684.530
684.379,684.529
684.379,684.529
684.378,684.529
684.370,684.526
684.362,684.523
684.361,684.522
684.354,684.519
684.354,684.519
684.355,684.520
684.357,684.521
684.358,684.521
684.360,684.522
684.361,684.522
684.362,684.523
684.363,684.523
684.364,684.523
684.365,684.524
684.366,684.524
684.366,684.524
684.367,684.524
684.367,684.525
684.376,684.528
684.368,684.525
684.366,684.524
684.367,684.524
684.367,684.525
684.368,684.525
684.368,684.525
684.361,684.522
684.362,684.522
684.363,684.523
684.364,684.523
684.365,684.524
684.365,684.524
684.366,684.524
684.364,684.524
684.365,684.524
684.366,684.524
684.367,684.524
684.367,684.525
684.368,684.525
684.368,684.525
684.369,684.525
684.369,684.525
684.369,684.525
684.370,684.526
684.370,684.526
684.370,684.526
684.370,684.526
684.371,684.526
684.371,684.526
684.371,684.526
684.371,684.526
684.363,684.523
684.364,684.523
684.365,684.524
684.358,684.521
684.359,684.521
684.352,684.519
684.354,684.520
684.356,684.520
684.350,684.518
684.352,684.519
684.346,684.516
684.348,684.517
684.351,684.518
684.353,684.519
684.355,684.520
684.348,684.517
684.351,684.518
684.353,684.519
684.352,684.519
684.354,684.520
684.356,684.520
684.350,684.518
684.352,684.519
684.352,684.519
684.354,684.519
684.355,684.520
684.355,684.520
684.357,684.521
684.350,684.518
684.352,684.519
684.354,684.520
684.356,684.520
684.358,684.521
684.359,684.521
684.360,684.522
684.361,684.522
684.362,684.523
684.371,684.526
684.372,684.526
684.380,684.529
684.379,684.529
684.370,684.526
684.363,684.523
684.356,684.520
684.357,684.521
684.359,684.521
684.368,684.525
684.369,684.525
684.369,684.525
684.369,684.525
684.370,684.526
684.378,684.529
684.378,684.529
684.377,684.528
684.377,684.528
684.376,684.528
684.376,684.528
684.376,684.528
684.367,684.525
684.368,684.525
684.368,684.525
684.369,684.525
684.367,684.524
684.367,684.525
684.368,684.525
684.374,684.527
684.374,684.527
684.374,684.527
684.374,684.527
684.382,684.530
684.336,684.513
684.340,684.514
684.335,684.512
684.330,684.510
684.326,684.509
684.323,684.508
684.327,684.509
684.330,684.510
684.326,684.509
684.322,684.507
684.319,684.506
684.316,684.505
684.321,684.507
684.318,684.506
684.323,684.508
684.328,684.510
684.324,684.508
684.327,684.509
684.331,684.511
684.335,684.512
684.339,684.514
684.342,684.515
684.337,684.513
684.340,684.514
684.341,684.515
684.338,684.514
684.342,684.515
684.337,684.513
684.340,684.514
684.335,684.512
684.331,684.511
684.327,684.509
684.323,684.508
684.328,684.509
684.324,684.508
684.329,684.510
684.333,684.511
684.329,684.510
684.331,684.511
684.335,684.512
684.336,684.513
684.332,684.511
684.335,684.512
684.339,684.514
684.342,684.515
684.337,684.513
684.332,684.511
684.336,684.513
684.340,684.514
684.335,684.512
684.336,684.513
684.340,684.514
684.343,684.515
684.346,684.516
684.348,684.517
684.343,684.515
684.345,684.516
684.348,684.517
684.350,684.518
684.352,684.519
684.346,684.517
684.341,684.514
684.344,684.516
684.347,684.517
684.349,684.518
684.351,684.519
684.353,684.519
684.353,684.519
684.355,684.520
684.349,684.517
684.343,684.515
684.338,684.513
684.333,684.511
684.337,684.513
684.340,684.514
684.343,684.515
684.354,684.520
684.356,684.520
684.357,684.521
684.351,684.518
684.353,684.519
684.353,684.519
684.347,684.517
684.349,684.518
684.351,684.519
684.345,684.516
684.340,684.514
684.343,684.515
684.346,684.516
684.348,684.517
684.351,684.518
684.345,684.516
684.339,684.514
684.332,684.511
684.328,684.510
684.332,684.511
684.328,684.510
684.322,684.507
684.319,684.506
684.316,684.505
684.322,684.507
684.318,684.506
684.316,684.505
684.313,684.504
684.319,684.506
684.322,684.507
684.326,684.509
684.331,684.511
684.335,684.512
684.336,684.513
684.340,684.514
684.335,684.512
684.339,684.514
684.334,684.512
684.329,684.510
684.326,684.509
684.322,684.507
684.327,684.509
684.331,684.511
684.335,684.512
684.339,684.514
684.342,684.515
684.345,684.516
684.347,684.517
684.348,684.517
684.342,684.515
684.345,684.516
684.348,684.517
684.342,684.515
684.337,684.513
684.340,684.514
684.333,684.512
684.337,684.513
684.332,684.511
684.342,684.515
684.337,684.513
684.340,684.514
684.335,684.512
684.331,684.511
684.335,684.512
684.331,684.511
684.326,684.509
684.323,684.508
684.328,684.509
684.332,684.511
684.336,684.513
684.337,684.513
684.340,684.514
684.341,684.515
684.344,684.516
684.347,684.517
684.349,684.518
684.344,684.516
684.346,684.517
684.341,684.515
684.344,684.516
684.347,684.517
684.349,684.518
684.351,684.519
684.345,684.516
684.348,684.517
684.342,684.515
684.345,684.516
684.348,684.517
684.350,684.518
684.352,684.519
684.352,684.519
684.354,684.520
684.348,684.517
684.350,684.518
684.344,684.516
684.347,684.517
684.349,684.518
684.352,684.519
684.354,684.519
684.353,684.519
684.355,684.520
684.357,684.521
684.356,684.520
684.358,684.521
684.359,684.522
684.360,684.522
684.362,684.522
684.355,684.520
684.356,684.520
684.350,684.518
684.352,684.519
684.346,684.516
684.348,684.517
684.351,684.518
684.351,684.518
684.353,684.519
684.355,684.520
684.348,684.517
684.351,684.518
684.351,684.518
684.345,684.516
684.345,684.516
684.340,684.514
684.343,684.515
684.338,684.513
684.341,684.515
684.336,684.513
684.339,684.514
684.341,684.514
684.344,684.516
684.344,684.516
684.347,684.517
684.349,684.518
684.344,684.516
684.346,684.517
684.341,684.514
684.344,684.516
684.347,684.517
684.349,684.518
684.349,684.518
684.343,684.515
684.346,684.517
684.349,684.517
684.343,684.515
684.346,684.516
684.340,684.514
684.335,684.512
684.331,684.511
684.333,684.511
684.328,684.510
684.333,684.511
684.328,684.510
684.333,684.511
684.334,684.512
684.330,684.510
684.326,684.509
684.330,684.510
684.326,684.509
684.331,684.511
684.327,684.509
684.329,684.510
684.325,684.508
684.322,684.507
684.318,684.506
684.314,684.504
684.311,684.503
684.309,684.502
684.315,684.505
684.312,684.504
684.318,684.506
684.315,684.505
684.313,684.504
684.310,684.503
684.306,684.501
684.305,684.501
684.301,684.499
684.300,684.499
684.299,684.498
684.306,684.501
684.304,684.500
684.302,684.500
684.301,684.499
684.300,684.499
684.299,684.498
684.298,684.498
684.297,684.498
684.304,684.500
684.303,684.500
684.301,684.499
684.300,684.499
684.307,684.501
684.313,684.504
684.317,684.505
684.314,684.504
684.312,684.503
684.309,684.502
684.313,684.504
684.319,684.506
684.324,684.508
684.329,684.510
684.325,684.508
684.329,684.510
684.325,684.509
684.322,684.507
684.319,684.506
684.316,684.505
684.313,684.504
684.319,684.506
684.324,684.508
684.321,684.507
684.326,684.509
684.330,684.510
684.334,684.512
684.338,684.513
684.341,684.515
684.336,684.513
684.337,684.513
684.333,684.511
684.336,684.513
684.340,684.514
684.343,684.515
684.346,684.516
684.348,684.517
684.349,684.517
684.343,684.515
684.338,684.513
684.333,684.511
684.329,684.510
684.331,684.511
684.327,684.509
684.331,684.511
684.335,684.512
684.336,684.513
684.332,684.511
684.336,684.513
684.339,684.514
684.342,684.515
684.345,684.516
684.348,684.517
684.350,684.518
684.352,684.519
684.346,684.517
684.347,684.517
684.349,684.518
684.343,684.515
684.338,684.513
684.339,684.514
684.334,684.512
684.328,684.509
684.324,684.508
684.319,684.506
684.316,684.505
684.313,684.504
684.311,684.503
684.309,684.502
684.315,684.504
684.312,684.503
684.318,684.506
684.315,684.505
684.313,684.504
684.318,684.506
684.315,684.505
684.321,684.507
684.324,684.508
684.328,684.510
684.325,684.508
684.321,684.507
684.318,684.506
684.321,684.507
684.318,684.506
684.313,684.504
684.311,684.503
684.317,684.505
684.314,684.504
684.317,684.505
684.323,684.507
684.327,684.509
684.324,684.508
684.328,684.510
684.325,684.508
684.327,684.509
684.323,684.508
684.320,684.506
684.325,684.508
684.330,684.510
684.331,684.511
684.335,684.512
684.331,684.511
684.327,684.509
684.323,684.508
684.328,684.510
684.324,684.508
684.327,684.509
684.323,684.508
684.318,684.506
684.315,684.504
684.320,684.507
684.317,684.505
684.312,684.504
684.310,684.503
684.306,684.501
684.304,684.500
684.303,684.500
684.301,684.499
684.300,684.499
684.299,684.498
684.304,684.500
684.303,684.500
684.301,684.499
684.308,684.502
684.314,684.504
684.320,684.506
684.317,684.505
684.314,684.504
684.320,684.506
684.317,684.505
684.322,684.507
684.327,684.509
684.323,684.508
684.326,684.509
684.322,684.507
684.327,684.509
684.323,684.508
684.328,684.510
684.324,684.508
684.329,684.510
684.333,684.511
684.337,684.513
684.340,684.514
684.335,684.512
684.331,684.511
684.327,684.509
684.323,684.508
684.328,684.509
684.332,684.511
684.336,684.513
684.331,684.511
684.335,684.512
684.339,684.514
684.340,684.514
684.343,684.515
684.346,684.516
684.340,684.514
684.335,684.512
684.329,684.510
684.333,684.511
684.329,684.510
684.325,684.508
684.319,684.506
684.316,684.505
684.322,684.507
684.327,684.509
684.331,684.511
684.327,684.509
684.331,684.511
684.335,684.512
684.331,684.511
684.333,684.511
684.328,684.510
684.333,684.511
684.336,684.513
684.340,684.514
684.335,684.512
684.339,684.514
684.342,684.515
684.343,684.515
684.337,684.513
684.331,684.511
684.335,684.512
684.330,684.510
684.332,684.511
684.328,684.510
684.324,684.508
684.321,684.507
684.315,684.504
684.312,684.503
684.318,684.506
684.315,684.505
684.313,684.504
684.310,684.503
684.308,684.502
684.306,684.501
684.310,684.503
684.316,684.505
684.314,684.504
684.311,684.503
684.315,684.505
684.312,684.504
684.318,684.506
684.323,684.508
684.328,684.510
684.330,684.510
684.326,684.509
684.331,684.511
684.327,684.509
684.323,684.508
684.320,684.506
684.325,684.508
684.329,684.510
684.325,684.509
684.330,684.510
684.332,684.511
684.328,684.509
684.332,684.511
684.336,684.513
684.339,684.514
684.334,684.512
684.328,684.510
684.324,684.508
684.321,684.507
684.318,684.506
684.315,684.505
684.312,684.504
684.310,684.503
684.300,684.499
684.299,684.498
684.298,684.498
684.297,684.498
684.296,684.497
684.295,684.497
684.301,684.499
684.299,684.499
684.296,684.497
684.296,684.497
684.301,684.499
684.300,684.499
684.299,684.498
684.298,684.498
684.295,684.497
684.294,684.497
684.292,684.496
684.292,684.496
684.291,684.495
684.291,684.495
684.291,684.495
684.290,684.495
684.296,684.497
684.295,684.497
684.295,684.497
684.294,684.497
684.294,684.496
684.301,684.499
684.300,684.499
684.307,684.501
684.313,684.504
684.311,684.503
684.309,684.502
684.307,684.501
684.305,684.501
684.303,684.500
684.302,684.500
684.299,684.498
684.298,684.498
684.305,684.501
684.303,684.500
684.300,684.499
684.291,684.495
684.296,684.497
684.296,684.497
684.295,684.497
684.294,684.497
684.294,684.496
684.293,684.496
684.291,684.495
684.290,684.495
684.288,684.494
684.288,684.494
684.288,684.494
684.296,684.497
684.295,684.497
684.295,684.497
684.286,684.493
684.286,684.494
684.287,684.494
684.287,684.494
684.287,684.494
684.287,684.494
684.287,684.494
684.285,684.493
684.286,684.493
684.292,684.496
684.283,684.492
684.282,684.492
684.282,684.492
684.281,684.491
684.282,684.492
684.282,684.492
684.283,684.492
684.283,684.492
684.284,684.493
684.292,684.496
684.292,684.496
684.292,684.496
684.299,684.498
684.306,684.501
684.297,684.497
684.296,684.497
684.295,684.497
684.294,684.497
684.294,684.496
684.293,684.496
684.293,684.496
684.292,684.496
684.284,684.493
684.284,684.493
684.283,684.492
684.283,684.492
684.276,684.489
684.277,684.490
684.278,684.490
684.279,684.491
684.280,684.491
684.279,684.491
684.280,684.491
684.278,684.490
684.279,684.491
684.280,684.491
684.281,684.491
684.282,684.492
684.280,684.491
684.281,684.491
684.274,684.489
684.275,684.489
684.276,684.490
684.278,684.490
684.276,684.490
684.278,684.490
684.277,684.490
684.278,684.490
684.279,684.491
684.280,684.491
684.280,684.491
684.281,684.492
684.282,684.492
684.282,684.492
684.283,684.492
684.284,684.492
684.284,684.493
684.290,684.495
684.290,684.495
684.290,684.495
684.290,684.495
684.290,684.495
684.290,684.495
684.289,684.495
684.289,684.495
684.289,684.495
684.289,684.495
684.289,684.495
684.287,684.494
684.287,684.494
684.285,684.493
684.285,684.493
684.286,684.493
684.286,684.493
684.286,684.493
684.284,684.493
684.277,684.490
684.276,684.489
684.277,684.490
684.276,684.490
684.277,684.490
684.278,684.490
684.279,684.491
684.280,684.491
684.281,684.491
684.282,684.492
684.282,684.492
684.283,684.492
684.281,684.492
684.282,684.492
684.280,684.491
684.281,684.492
684.280,684.491
684.281,684.491
684.279,684.491
684.280,684.491
684.281,684.491
684.279,684.491
684.280,684.491
684.279,684.491
684.280,684.491
684.279,684.491
684.280,684.491
684.280,684.491
684.281,684.492
684.274,684.489
684.275,684.489
684.268,684.487
684.270,684.487
684.272,684.488
684.274,684.489
684.283,684.492
684.284,684.492
684.284,684.493
684.292,684.496
684.292,684.496
684.292,684.496
684.291,684.495
684.291,684.495
684.291,684.495
684.291,684.495
684.288,684.494
684.296,684.497
684.296,684.497
684.303,684.500
684.299,684.499
684.298,684.498
684.303,684.500
684.302,684.500
684.299,684.498
684.298,684.498
684.297,684.498
684.296,684.497
684.301,684.499
684.300,684.499
684.297,684.498
684.296,684.497
684.295,684.497
684.287,684.494
684.287,684.494
684.287,684.494
684.279,684.491
684.278,684.490
684.279,684.491
684.286,684.493
684.278,684.490
684.279,684.491
684.278,684.490
684.279,684.491
684.278,684.490
684.279,684.491
684.277,684.490
684.278,684.490
684.271,684.488
684.281,684.492
684.282,684.492
684.290,684.495
684.288,684.494
684.288,684.494
684.286,684.493
684.286,684.494
684.284,684.493
684.285,684.493
684.285,684.493
684.277,684.490
684.279,684.491
684.271,684.488
684.273,684.488
684.272,684.488
684.274,684.489
684.275,684.489
684.277,684.490
684.278,684.490
684.279,684.491
684.272,684.488
684.273,684.488
684.275,684.489
684.276,684.490
684.285,684.493
684.285,684.493
684.286,684.493
684.286,684.493
684.286,684.493
684.286,684.494
684.287,684.494
684.287,684.494
684.287,684.494
684.287,684.494
684.287,684.494
684.293,684.496
684.293,684.496
684.292,684.496
684.292,684.496
684.292,684.496
684.291,684.495
684.291,684.495
684.291,684.495
684.299,684.498
684.290,684.495
684.289,684.495
684.289,684.495
684.289,684.495
684.289,684.495
684.289,684.495
684.289,684.495
684.289,684.495
684.289,684.495
684.281,684.491
684.282,684.492
684.274,684.489
684.276,684.489
684.269,684.487
684.271,684.488
684.272,684.488
684.274,684.489
684.275,684.489
684.277,684.490
684.278,684.490
684.277,684.490
684.278,684.490
684.277,684.490
684.278,684.490
684.279,684.491
684.278,684.490
684.279,684.491
684.279,684.491
684.280,684.491
684.273,684.488
684.275,684.489
684.276,684.490
684.275,684.489
684.276,684.490
684.275,684.489
684.277,684.490
684.276,684.489
684.277,684.490
684.276,684.489
684.277,684.490
684.278,684.490
684.279,684.491
684.280,684.491
684.281,684.491
684.281,684.492
684.282,684.492
684.283,684.492
684.283,684.492
684.276,684.489
684.277,684.490
684.278,684.490
684.279,684.491
684.280,684.491
684.281,684.491
684.281,684.492
684.282,684.492
684.283,684.492
684.283,684.492
684.284,684.493
684.284,684.493
684.285,684.493
684.285,684.493
684.285,684.493
684.286,684.493
684.284,684.493
684.284,684.493
684.285,684.493
684.291,684.495
684.283,684.492
684.281,684.492
684.282,684.492
684.280,684.491
684.281,684.492
684.280,684.491
684.281,684.491
684.281,684.492
684.282,684.492
684.283,684.492
684.283,684.492
684.276,684.489
684.269,684.487
684.263,684.484
684.265,684.485
684.267,684.486
684.269,684.487
684.271,684.488
684.273,684.488
684.274,684.489
684.268,684.486
684.270,684.487
684.271,684.488
684.273,684.488
684.274,684.489
684.276,684.489
684.277,684.490
684.278,684.490
684.279,684.491
684.278,684.490
684.279,684.491
684.280,684.491
684.273,684.488
684.274,684.489
684.276,684.489
684.269,684.487
684.271,684.487
684.272,684.488
684.280,684.491
684.289,684.494
684.289,684.494
684.289,684.494
684.297,684.497
684.296,684.497
684.293,684.496
684.293,684.496
684.290,684.495
684.290,684.495
684.290,684.495
684.290,684.495
684.281,684.492
684.282,684.492
684.283,684.492
684.283,684.492
684.284,684.493
684.284,684.493
684.285,684.493
684.283,684.492
684.283,684.492
684.284,684.493
684.284,684.493
684.285,684.493
684.285,684.493
684.285,684.493
684.278,684.490
684.271,684.488
684.272,684.488
684.274,684.489
684.275,684.489
684.277,684.490
684.270,684.487
684.271,684.488
684.271,684.488
684.273,684.488
684.272,684.488
684.274,684.489
684.275,684.489
684.276,684.490
684.277,684.490
684.278,684.490
684.279,684.491
684.280,684.491
684.281,684.492
684.282,684.492
684.280,684.491
684.281,684.492
684.280,684.491
684.281,684.491
684.281,684.492
684.282,684.492
684.283,684.492
684.283,684.492
684.292,684.496
684.291,684.495
684.291,684.495
684.291,684.495
684.291,684.495
684.290,684.495
684.282,684.492
684.283,684.492
684.283,684.492
684.284,684.493
684.284,684.493
684.283,684.492
684.291,684.495
684.291,684.495
684.291,684.495
684.290,684.495
684.282,684.492
684.283,684.492
684.275,684.489
684.277,684.490
684.278,684.490
684.271,684.488
684.270,684.487
684.264,684.485
684.266,684.486
684.268,684.487
684.262,684.484
684.265,684.485
684.267,684.486
684.269,684.487
684.271,684.488
684.273,684.488
684.274,684.489
684.275,684.489
684.269,684.487
684.265,684.485
684.267,684.486
684.269,684.487
684.271,684.488
684.273,684.488
684.266,684.486
684.268,684.487
684.270,684.487
684.272,684.488
684.274,684.489
684.267,684.486
684.269,684.487
684.263,684.484
684.257,684.482
684.252,684.480
684.248,684.479
684.252,684.480
684.255,684.481
684.256,684.482
684.259,684.483
684.260,684.483
684.263,684.484
684.265,684.485
684.267,684.486
684.269,684.487
684.282,684.492
684.283,684.492
684.283,684.492
684.284,684.493
684.284,684.493
684.285,684.493
684.285,684.493
684.285,684.493
684.286,684.493
684.286,684.493
684.284,684.493
684.284,684.493
684.285,684.493
684.293,684.496
684.291,684.495
684.290,684.495
684.290,684.495
684.290,684.495
684.282,684.492
684.283,684.492
684.283,684.492
684.284,684.492
684.284,684.493
684.276,684.490
684.278,684.490
684.265,684.485
684.265,684.485
684.267,684.486
684.267,684.486
684.269,684.487
684.271,684.488
684.273,684.488
684.266,684.486
684.268,684.487
684.270,684.487
684.272,684.488
684.274,684.489
684.275,684.489
684.276,684.490
684.269,684.487
684.271,684.488
684.273,684.488
684.274,684.489
684.276,684.489
684.283,684.492
684.283,684.492
684.284,684.493
684.276,684.490
684.269,684.487
684.269,684.487
684.275,684.489
684.268,684.487
684.270,684.487
684.272,684.488
684.265,684.485
684.268,684.486
684.262,684.484
684.264,684.485
684.266,684.486
684.269,684.487
684.268,684.487
684.270,684.487
684.270,684.487
684.272,684.488
684.279,684.491
684.280,684.491
684.281,684.491
684.281,684.492
684.282,684.492
684.283,684.492
684.283,684.492
684.284,684.493
684.282,684.492
684.283,684.492
684.281,684.492
684.282,684.492
684.282,684.492
684.283,684.492
684.284,684.492
684.276,684.490
684.277,684.490
684.278,684.490
684.279,684.491
684.280,684.491
684.281,684.491
684.279,684.491
684.280,684.491
684.279,684.491
684.280,684.491
684.279,684.491
684.280,684.491
684.278,684.490
684.279,684.491
684.280,684.491
684.281,684.491
684.282,684.492
684.274,684.489
684.268,684.486
684.270,684.487
684.271,684.488
684.279,684.491
684.280,684.491
684.286,684.494
684.287,684.494
684.279,684.491
684.272,684.488
684.273,684.489
684.267,684.486
684.267,684.486
684.269,684.487
684.271,684.488
684.272,684.488
684.274,684.489
684.275,684.489
684.269,684.487
684.270,684.487
684.272,684.488
684.274,684.489
684.275,684.489
684.276,684.490
684.278,684.490
684.279,684.491
684.279,684.491
684.280,684.491
684.281,684.492
684.282,684.492
684.282,684.492
684.283,684.492
684.283,684.492
684.284,684.493
684.284,684.493
684.285,684.493
684.285,684.493
684.285,684.493
684.284,684.492
684.284,684.493
684.290,684.495
684.290,684.495
684.296,684.497
684.295,684.497
684.292,684.496
684.284,684.493
684.276,684.490
684.278,684.490
684.279,684.491
684.280,684.491
684.280,684.491
684.281,684.492
684.288,684.494
684.280,684.491
684.281,684.491
684.281,684.492
684.274,684.489
684.275,684.489
684.277,684.490
684.278,684.490
684.271,684.488
684.270,684.487
684.272,684.488
684.274,684.489
684.275,684.489
684.276,684.490
684.277,684.490
684.278,684.490
684.279,684.491
684.272,684.488
684.272,684.488
684.273,684.489
684.267,684.486
684.261,684.484
684.263,684.485
684.272,684.488
684.273,684.489
684.265,684.485
684.267,684.486
684.269,684.487
684.271,684.488
684.272,684.488
684.272,684.488
684.273,684.489
684.267,684.486
684.269,684.487
684.271,684.488
684.272,684.488
684.274,684.489
684.275,684.489
684.269,684.487
684.270,684.487
684.272,684.488
684.274,684.489
684.267,684.486
684.269,684.487
684.263,684.485
684.265,684.485
684.266,684.486
684.268,684.486
684.270,684.487
684.271,684.488
684.273,684.488
684.274,684.489
684.276,684.489
684.275,684.489
684.276,684.490
684.275,684.489
684.269,684.487
684.268,684.487
684.270,684.487
684.270,684.487
684.272,684.488
684.273,684.489
684.275,684.489
684.268,684.486
684.270,684.487
684.272,684.488
684.273,684.489
684.275,684.489
684.274,684.489
684.275,684.489
684.277,684.490
684.278,684.490
684.285,684.493
684.277,684.490
684.270,684.487
684.264,684.485
684.256,684.482
684.251,684.480
684.247,684.478
684.249,684.479
684.252,684.480
684.256,684.482
684.259,684.483
684.254,684.481
684.249,684.479
684.253,684.481
684.256,684.482
684.259,684.483
684.268,684.486
684.270,684.487
684.270,684.487
684.271,684.488
684.271,684.488
684.265,684.485
684.267,684.486
684.269,684.487
684.271,684.488
684.270,684.487
684.272,684.488
684.271,684.488
684.273,684.488
684.272,684.488
684.274,684.489
684.275,684.489
684.277,684.490
684.278,684.490
684.279,684.491
684.280,684.491
684.280,684.491
684.281,684.492
684.282,684.492
684.282,684.492
684.281,684.491
684.282,684.492
684.282,684.492
684.283,684.492
684.275,684.489
684.269,684.487
684.271,684.487
684.262,684.484
684.257,684.482
684.252,684.480
684.255,684.482
684.258,684.483
684.261,684.484
684.264,684.485
684.266,684.486
684.268,684.487
684.270,684.487
684.272,684.488
684.273,684.489
684.275,684.489
684.276,684.490
684.269,684.487
684.271,684.488
684.271,684.488
684.264,684.485
684.267,684.486
684.267,684.486
684.261,684.484
684.255,684.482
684.258,684.483
684.261,684.484
684.264,684.485
684.258,684.483
684.261,684.484
684.264,684.485
684.266,684.486
684.268,684.487
684.262,684.484
684.257,684.482
684.260,684.483
684.254,684.481
684.258,684.482
684.261,684.484
684.263,684.485
684.258,684.482
684.260,684.484
684.263,684.485
684.266,684.486
684.268,684.486
684.270,684.487
684.271,684.488
684.273,684.488
684.274,684.489
684.276,684.489
684.277,684.490
684.278,684.490
684.287,684.494
684.287,684.494
684.287,684.494
684.287,684.494
684.288,684.494
684.288,684.494
684.288,684.494
684.288,684.494
684.288,684.494
684.288,684.494
684.288,684.494
684.280,684.491
684.273,684.488
684.274,684.489
684.268,684.486
684.267,684.486
684.269,684.487
684.261,684.484
684.256,684.482
684.251,684.480
684.252,684.480
684.256,684.482
684.251,684.480
684.247,684.478
684.250,684.480
684.254,684.481
684.257,684.482
684.258,684.483
684.261,684.484
684.264,684.485
684.266,684.486
684.260,684.483
684.255,684.481
684.256,684.482
684.251,684.480
684.247,684.478
684.251,684.480
684.254,684.481
684.249,684.479
684.253,684.481
684.257,684.482
684.260,684.483
684.262,684.484
684.257,684.482
684.260,684.483
684.263,684.484
684.265,684.485
684.267,684.486
684.267,684.486
684.261,684.484
684.256,684.482
684.267,684.486
684.269,684.487
684.269,684.487
684.271,684.487
684.270,684.487
684.272,684.488
684.271,684.488
684.273,684.488
684.274,684.489
684.276,684.489
684.269,684.487
684.271,684.488
684.272,684.488
684.266,684.486
684.260,684.483
684.261,684.484
684.263,684.485
684.258,684.483
684.261,684.484
684.263,684.485
684.266,684.486
684.268,684.486
684.260,684.483
684.262,684.484
684.265,684.485
684.265,684.485
684.267,684.486
684.267,684.486
684.269,684.487
684.269,684.487
684.271,684.488
684.278,684.490
684.279,684.491
684.280,684.491
684.281,684.491
684.282,684.492
684.282,684.492
684.283,684.492
684.275,684.489
684.275,684.489
684.276,684.490
684.277,684.490
684.278,684.490
684.279,684.491
684.280,684.491
684.281,684.491
684.282,684.492
684.282,684.492
684.283,684.492
684.283,684.492
684.276,684.490
684.277,684.490
684.276,684.490
684.277,684.490
684.276,684.490
684.269,684.487
684.271,684.488
684.265,684.485
684.267,684.486
684.269,684.487
684.271,684.488
684.273,684.488
684.274,684.489
684.275,684.489
684.277,684.490
684.278,684.490
684.271,684.488
684.265,684.485
684.267,684.486
684.269,684.487
684.263,684.484
684.265,684.485
684.267,684.486
684.269,684.487
684.271,684.488
684.273,684.488
684.266,684.486
684.268,684.487
684.270,684.487
684.272,684.488
684.274,684.489
684.275,684.489
684.276,684.490
684.277,684.490
684.276,684.490
684.278,684.490
684.271,684.487
684.272,684.488
684.274,684.489
684.275,684.489
684.268,684.487
684.270,684.487
684.272,684.488
684.274,684.489
684.275,684.489
684.274,684.489
684.276,684.489
684.275,684.489
684.276,684.490
684.277,684.490
684.278,684.490
684.279,684.491
684.280,684.491
684.281,684.491
684.282,684.492
684.282,684.492
684.275,684.489
684.274,684.489
684.266,684.486
684.266,684.486
684.268,684.487
684.262,684.484
684.265,684.485
684.259,684.483
684.262,684.484
684.264,684.485
684.264,684.485
684.267,684.486
684.269,684.487
684.263,684.484
684.265,684.485
684.267,684.486
684.269,684.487
684.271,684.488
684.273,684.488
684.266,684.486
684.260,684.484
684.255,684.482
684.258,684.483
684.261,684.484
684.264,684.485
684.264,684.485
684.266,684.486
684.256,684.482
684.259,684.483
684.251,684.480
684.255,684.481
684.258,684.483
684.261,684.484
684.256,684.482
684.257,684.482
684.252,684.480
684.255,684.482
684.258,684.483
684.261,684.484
684.264,684.485
684.266,684.486
684.260,684.484
684.263,684.485
684.265,684.485
684.268,684.486
684.270,684.487
684.271,684.488
684.273,684.488
684.274,684.489
684.276,684.489
684.277,684.490
684.270,684.487
684.272,684.488
684.271,684.488
684.265,684.485
684.267,684.486
684.267,684.486
684.269,684.487
684.269,684.487
684.271,684.488
684.272,684.488
684.274,684.489
684.265,684.485
684.267,684.486
684.269,684.487
684.271,684.488
684.273,684.488
684.266,684.486
684.268,684.487
684.262,684.484
684.263,684.484
684.265,684.485
684.267,684.486
684.269,684.487
684.271,684.488
684.265,684.485
684.267,684.486
684.258,684.483
684.259,684.483
684.262,684.484
684.256,684.482
684.257,684.482
684.252,684.480
684.248,684.479
684.244,684.477
684.240,684.476
684.234,684.474
684.232,684.472
684.229,684.471
684.235,684.474
684.232,684.473
684.235,684.474
684.232,684.473
684.237,684.475
684.242,684.477
684.239,684.475
684.243,684.477
684.240,684.476
684.236,684.474
684.233,684.473
684.231,684.472
684.228,684.471
684.226,684.470
684.224,684.469
684.230,684.472
684.227,684.471
684.233,684.473
684.231,684.472
684.228,684.471
684.232,684.473
684.229,684.472
684.227,684.471
684.223,684.469
684.229,684.471
684.232,684.473
684.238,684.475
684.243,684.477
684.239,684.475
684.236,684.474
684.241,684.476
684.237,684.475
684.240,684.476
684.245,684.477
684.249,684.479
684.253,684.481
684.256,684.482
684.251,684.480
684.247,684.478
684.248,684.479
684.252,684.480
684.256,684.482
684.251,684.480
684.254,684.481
684.256,684.482
684.259,684.483
684.261,684.484
684.264,684.485
684.266,684.486
684.266,684.486
684.260,684.484
684.263,684.485
684.266,684.486
684.268,684.486
684.270,684.487
684.271,684.488
684.273,684.488
684.274,684.489
684.276,684.489
684.269,684.487
684.271,684.488
684.265,684.485
684.259,684.483
684.262,684.484
684.264,684.485
684.264,684.485
684.267,684.486
684.267,684.486
684.269,684.487
684.271,684.487
684.272,684.488
684.274,684.489
684.275,684.489
684.276,684.490
684.270,684.487
684.271,684.488
684.265,684.485
684.267,684.486
684.261,684.484
684.256,684.482
684.259,684.483
684.262,684.484
684.256,684.482
684.259,684.483
684.260,684.483
684.263,684.484
684.265,684.485
684.267,684.486
684.269,684.487
684.263,684.485
684.266,684.486
684.266,684.486
684.268,684.486
684.262,684.484
684.264,684.485
684.259,684.483
684.261,684.484
684.256,684.482
684.259,684.483
684.260,684.483
684.255,684.481
684.248,684.479
684.252,684.480
684.247,684.478
684.243,684.477
684.247,684.479
684.251,684.480
684.247,684.478
684.251,684.480
684.254,684.481
684.250,684.479
684.245,684.478
684.241,684.476
684.236,684.474
684.233,684.473
684.230,684.472
684.228,684.471
684.226,684.470
684.221,684.469
684.228,684.471
684.226,684.470
684.232,684.472
684.229,684.471
684.235,684.474
684.240,684.476
684.244,684.477
684.249,684.479
684.252,684.480
684.256,684.482
684.259,684.483
684.262,684.484
684.264,684.485
684.267,684.486
684.269,684.487
684.271,684.487
684.264,684.485
684.267,684.486
684.259,684.483
684.253,684.481
684.255,684.481
684.258,684.483
684.261,684.484
684.263,684.485
684.258,684.483
684.259,684.483
684.261,684.484
684.262,684.484
684.264,684.485
684.267,684.486
684.267,684.486
684.269,684.487
684.268,684.487
684.270,684.487
684.272,684.488
684.274,684.489
684.275,684.489
684.274,684.489
684.268,684.486
684.267,684.486
684.269,684.487
684.271,684.488
684.265,684.485
684.267,684.486
684.269,684.487
684.271,684.488
684.271,684.487
684.272,684.488
684.272,684.488
684.273,684.489
684.265,684.485
684.259,684.483
684.262,684.484
684.256,684.482
684.259,684.483
684.254,684.481
684.249,684.479
684.253,684.481
684.256,684.482
684.260,684.483
684.262,684.484
684.265,684.485
684.267,684.486
684.261,684.484
684.264,684.485
684.266,684.486
684.260,684.483
684.263,684.485
684.265,684.485
684.268,684.486
684.270,684.487
684.263,684.485
684.258,684.483
684.261,684.484
684.263,684.485
684.258,684.483
684.259,684.483
684.261,684.484
684.264,684.485
684.258,684.483
684.253,684.481
684.254,684.481
684.250,684.479
684.245,684.478
684.241,684.476
684.238,684.475
684.243,684.477
684.239,684.475
684.244,684.477
684.248,684.479
684.244,684.477
684.248,684.479
684.252,684.480
684.253,684.481
684.249,684.479
684.244,684.477
684.247,684.478
684.242,684.477
684.247,684.478
684.251,684.480
684.246,684.478
684.242,684.477
684.239,684.475
684.233,684.473
684.231,684.472
684.236,684.474
684.239,684.475
684.236,684.474
684.241,684.476
684.245,684.478
684.241,684.476
684.236,684.474
684.241,684.476
684.237,684.475
684.240,684.476
684.237,684.474
684.242,684.476
684.246,684.478
684.242,684.477
684.238,684.475
684.235,684.474
684.232,684.473
684.238,684.475
684.234,684.474
684.237,684.475
684.242,684.477
684.239,684.475
684.235,684.474
684.233,684.473
684.238,684.475
684.235,684.474
684.232,684.473
684.229,684.472
684.235,684.474
684.240,684.476
684.245,684.477
684.241,684.476
684.245,684.478
684.241,684.476
684.246,684.478
684.242,684.476
684.246,684.478
684.242,684.477
684.247,684.478
684.241,684.476
684.237,684.475
684.234,684.473
684.237,684.475
684.242,684.476
684.238,684.475
684.235,684.474
684.240,684.476
684.237,684.474
684.242,684.476
684.246,684.478
684.250,684.480
684.254,684.481
684.257,684.482
684.260,684.483
684.261,684.484
684.255,684.482
684.256,684.482
684.259,684.483
684.262,684.484
684.265,684.485
684.259,684.483
684.254,684.481
684.249,684.479
684.253,684.481
684.256,684.482
684.251,684.480
684.247,684.478
684.243,684.477
684.239,684.475
684.244,684.477
684.248,684.479
684.250,684.479
684.245,684.478
684.250,684.479
684.245,684.478
684.249,684.479
684.243,684.477
684.247,684.479
684.243,684.477
684.240,684.476
684.236,684.474
684.233,684.473
684.230,684.472
684.228,684.471
684.234,684.473
684.231,684.472
684.226,684.470
684.232,684.473
684.243,684.477
684.240,684.476
684.242,684.477
684.247,684.478
684.251,684.480
684.252,684.480
684.248,684.479
684.241,684.476
684.246,684.478
684.250,684.480
684.254,684.481
684.249,684.479
684.250,684.480
684.246,684.478
684.250,684.480
684.254,684.481
684.247,684.478
684.251,684.480
684.247,684.478
684.242,684.477
684.239,684.475
684.236,684.474
684.233,684.473
684.238,684.475
684.235,684.474
684.232,684.473
684.229,684.472
684.235,684.474
684.232,684.473
684.237,684.475
684.242,684.477
684.239,684.475
684.243,684.477
684.240,684.476
684.242,684.477
684.239,684.475
684.235,684.474
684.230,684.472
684.228,684.471
684.226,684.470
684.232,684.472
684.237,684.475
684.234,684.473
684.239,684.475
684.236,684.474
684.233,684.473
684.230,684.472
684.236,684.474
684.241,684.476
684.245,684.478
684.249,684.479
684.245,684.478
684.247,684.478
684.243,684.477
684.239,684.475
684.236,684.474
684.241,684.476
684.243,684.477
684.248,684.479
684.241,684.476
684.238,684.475
684.235,684.474
684.230,684.472
684.227,684.471
684.231,684.472
684.229,684.471
684.234,684.473
684.231,684.472
684.237,684.474
684.234,684.473
684.239,684.475
684.236,684.474
684.233,684.473
684.230,684.472
684.225,684.470
684.223,684.469
684.222,684.469
684.228,684.471
684.234,684.473
684.239,684.475
684.244,684.477
684.248,684.479
684.252,684.480
684.255,684.482
684.258,684.483
684.261,684.484
684.256,684.482
684.251,684.480
684.247,684.478
684.250,684.480
684.254,684.481
684.255,684.482
684.258,684.483
684.261,684.484
684.254,684.481
684.257,684.482
684.260,684.483
684.263,684.484
684.257,684.482
684.260,684.483
684.255,684.481
684.235,684.474
684.240,684.476
684.237,684.474
684.242,684.476
684.236,684.474
684.241,684.476
684.237,684.475
684.232,684.473
684.238,684.475
684.242,684.477
684.247,684.478
684.243,684.477
684.239,684.475
684.244,684.477
684.248,684.479
684.252,684.480
684.255,684.482
684.251,684.480
684.246,684.478
684.250,684.480
684.254,684.481
684.255,684.482
684.250,684.480
684.246,684.478
684.242,684.476
684.239,684.475
684.235,684.474
684.232,684.473
684.230,684.472
684.235,684.474
684.232,684.473
684.230,684.472
684.227,684.471
684.233,684.473
684.236,684.474
684.241,684.476
684.246,684.478
684.248,684.479
684.244,684.477
684.248,684.479
684.252,684.480
684.247,684.478
684.243,684.477
684.247,684.479
684.251,684.480
684.247,684.478
684.243,684.477
684.247,684.478
684.251,684.480
684.255,684.481
684.250,684.480
684.252,684.480
684.247,684.479
684.243,684.477
684.240,684.476
684.236,684.474
684.239,684.475
684.244,684.477
684.240,684.476
684.242,684.477
684.247,684.478
684.249,684.479
684.245,684.477
684.241,684.476
684.237,684.475
684.242,684.477
684.239,684.475
684.235,684.474
684.240,684.476
684.235,684.474
684.240,684.476
684.242,684.477
684.239,684.475
684.244,684.477
684.248,684.479
684.244,684.477
684.246,684.478
684.242,684.476
684.246,684.478
684.250,684.480
684.254,684.481
684.257,684.482
684.252,684.480
684.256,684.482
684.251,684.480
684.246,684.478
684.248,684.479
684.244,684.477
684.248,684.479
684.244,684.477
684.240,684.476
684.237,684.475
684.234,684.473
684.239,684.475
684.242,684.476
684.238,684.475
684.235,684.474
684.232,684.473
684.229,684.472
684.227,684.471
684.225,684.470
684.231,684.472
684.236,684.474
684.241,684.476
684.246,684.478
684.242,684.476
684.244,684.477
684.240,684.476
684.237,684.475
684.232,684.473
684.229,684.472
684.235,684.474
684.240,684.476
684.245,684.477
684.249,684.479
684.245,684.477
684.249,684.479
684.244,684.477
684.241,684.476
684.245,684.478
684.241,684.476
684.236,684.474
684.241,684.476
684.245,684.478
684.241,684.476
684.238,684.475
684.243,684.477
684.245,684.478
684.249,684.479
684.245,684.478
684.247,684.478
684.243,684.477
684.239,684.475
684.244,684.477
684.240,684.476
684.237,684.474
684.240,684.476
684.244,684.477
684.238,684.475
684.235,684.474
684.240,684.476
684.245,684.478
684.241,684.476
684.237,684.475
684.232,684.473
684.237,684.475
684.234,684.474
684.239,684.476
684.244,684.477
684.248,684.479
684.244,684.477
684.248,684.479
684.244,684.477
684.248,684.479
684.252,684.480
684.256,684.482
684.259,684.483
684.254,684.481
684.249,684.479
684.253,684.481
684.256,684.482
684.259,684.483
684.254,684.481
684.255,684.482
684.250,684.480
684.246,684.478
684.248,684.479
684.244,684.477
684.240,684.476
684.237,684.474
684.234,684.473
684.231,684.472
684.236,684.474
684.239,684.475
684.236,684.474
684.233,684.473
684.230,684.472
684.228,684.471
684.226,684.470
684.221,684.469
684.220,684.468
684.226,684.470
684.224,684.470
684.230,684.472
684.228,684.471
684.224,684.469
684.222,684.469
684.220,684.468
684.219,684.468
684.217,684.467
684.216,684.467
684.213,684.465
684.212,684.465
684.211,684.465
684.211,684.464
684.210,684.464
684.210,684.464
684.209,684.464
684.209,684.464
684.208,684.463
684.208,684.463
684.208,684.463
684.207,684.463
684.207,684.463
684.215,684.466
684.212,684.465
684.211,684.465
684.210,684.464
684.210,684.464
684.209,684.464
684.217,684.467
684.224,684.469
684.222,684.469
684.220,684.468
684.219,684.468
684.217,684.467
684.222,684.469
684.220,684.468
684.219,684.468
684.225,684.470
684.231,684.472
684.237,684.474
684.234,684.473
684.239,684.475
684.234,684.473
684.231,684.472
684.228,684.471
684.226,684.470
684.224,684.470
684.222,684.469
684.220,684.468
684.219,684.468
684.217,684.467
684.214,684.466
684.213,684.465
684.212,684.465
684.220,684.468
684.226,684.470
684.224,684.470
684.222,684.469
684.220,684.468
684.217,684.467
684.216,684.466
684.215,684.466
684.214,684.466
684.213,684.465
684.212,684.465
684.211,684.465
684.208,684.464
684.208,684.463
684.216,684.466
684.221,684.468
684.227,684.471
684.225,684.470
684.223,684.469
684.221,684.468
684.220,684.468
684.226,684.470
684.232,684.473
684.229,684.472
684.227,684.471
684.233,684.473
684.238,684.475
684.241,684.476
684.237,684.475
684.240,684.476
684.237,684.474
684.234,684.473
684.231,684.472
684.228,684.471
684.234,684.473
684.231,684.472
684.237,684.474
684.234,684.473
684.231,684.472
684.228,684.471
684.224,684.470
684.222,684.469
684.220,684.468
684.219,684.468
684.217,684.467
684.216,684.467
684.215,684.466
684.214,684.466
684.213,684.465
684.220,684.468
684.219,684.468
684.223,684.469
684.222,684.469
684.228,684.471
684.226,684.470
684.232,684.472
684.229,684.472
684.235,684.474
684.232,684.473
684.227,684.471
684.233,684.473
684.238,684.475
684.235,684.474
684.232,684.473
684.229,684.472
684.225,684.470
684.223,684.469
684.221,684.469
684.218,684.467
684.216,684.467
684.215,684.466
684.214,684.466
684.213,684.465
684.212,684.465
684.212,684.465
684.219,684.468
684.215,684.466
684.214,684.466
684.206,684.462
684.197,684.459
684.198,684.460
684.199,684.460
684.197,684.459
684.198,684.460
684.198,684.460
684.205,684.462
684.205,684.462
684.205,684.462
684.205,684.462
684.205,684.462
684.205,684.462
684.203,684.461
684.203,684.461
684.211,684.465
684.210,684.464
684.210,684.464
684.207,684.463
684.207,684.463
684.207,684.463
684.206,684.463
684.206,684.463
684.206,684.463
684.206,684.463
684.214,684.466
684.221,684.468
684.219,684.468
684.224,684.469
684.230,684.472
684.227,684.471
684.225,684.470
684.223,684.469
684.229,684.472
684.227,684.471
684.225,684.470
684.223,684.469
684.213,684.465
684.204,684.462
684.204,684.462
684.204,684.462
684.204,684.462
684.204,684.462
684.204,684.462
684.204,684.462
684.204,684.462
684.196,684.459
684.197,684.459
684.198,684.460
684.198,684.460
684.199,684.460
684.207,684.463
684.207,684.463
684.207,684.463
684.207,684.463
684.206,684.463
684.206,684.463
684.206,684.463
684.206,684.463
684.204,684.462
684.204,684.462
684.204,684.462
684.204,684.462
684.202,684.461
684.202,684.461
684.194,684.458
684.201,684.461
684.201,684.461
684.202,684.461
684.202,684.461
684.200,684.460
684.201,684.461
684.201,684.461
684.201,684.461
684.202,684.461
684.202,684.461
684.202,684.461
684.194,684.458
684.195,684.459
684.196,684.459
684.197,684.459
684.198,684.459
684.198,684.460
684.205,684.462
684.205,684.462
684.205,684.462
684.205,684.462
684.203,684.461
684.203,684.461
684.203,684.461
684.203,684.462
684.203,684.462
684.203,684.462
684.203,684.462
684.204,684.462
684.212,684.465
684.219,684.468
684.226,684.470
684.229,684.472
684.235,684.474
684.232,684.473
684.229,684.472
684.227,684.471
684.225,684.470
684.229,684.471
684.227,684.471
684.224,684.470
684.231,684.472
684.228,684.471
684.224,684.469
684.222,684.469
684.220,684.468
684.219,684.468
684.223,684.469
684.221,684.469
684.220,684.468
684.224,684.470
684.222,684.469
684.213,684.465
684.212,684.465
684.209,684.464
684.201,684.461
684.193,684.458
684.192,684.457
684.193,684.458
684.186,684.455
684.180,684.453
684.174,684.450
684.175,684.451
684.178,684.452
684.180,684.453
684.173,684.450
684.176,684.451
684.178,684.452
684.181,684.453
684.183,684.454
684.188,684.456
684.190,684.456
684.191,684.457
684.192,684.457
684.191,684.457
684.185,684.454
684.187,684.455
684.186,684.455
684.188,684.456
684.181,684.453
684.182,684.453
684.182,684.453
684.176,684.451
684.179,684.452
684.173,684.450
684.176,684.451
684.179,684.452
684.181,684.453
684.189,684.456
684.191,684.457
684.192,684.457
684.193,684.458
684.194,684.458
684.195,684.459
684.194,684.458
684.184,684.454
684.184,684.454
684.186,684.455
684.180,684.453
684.182,684.453
684.184,684.454
684.178,684.452
684.173,684.450
684.166,684.447
684.161,684.445
684.165,684.447
684.169,684.448
684.165,684.447
684.166,684.447
684.162,684.446
684.158,684.444
684.154,684.443
684.149,684.441
684.144,684.439
684.142,684.438
684.148,684.440
684.145,684.439
684.143,684.438
684.149,684.441
684.154,684.443
684.159,684.445
684.155,684.443
684.152,684.442
684.157,684.444
684.151,684.442
684.156,684.444
684.161,684.445
684.157,684.444
684.162,684.446
684.158,684.444
684.162,684.446
684.166,684.447
684.170,684.449
684.165,684.447
684.159,684.445
684.163,684.446
684.159,684.445
684.161,684.445
684.163,684.446
684.167,684.448
684.171,684.449
684.166,684.447
684.170,684.449
684.173,684.450
684.176,684.451
684.179,684.452
684.181,684.453
684.183,684.454
684.185,684.455
684.187,684.455
684.189,684.456
684.196,684.459
684.189,684.456
684.190,684.457
684.184,684.454
684.184,684.454
684.186,684.455
684.187,684.455
684.189,684.456
684.190,684.457
684.192,684.457
684.193,684.458
684.194,684.458
684.195,684.458
684.194,684.458
684.187,684.455
684.189,684.456
684.190,684.457
684.191,684.457
684.193,684.458
684.186,684.455
684.180,684.452
684.182,684.453
684.184,684.454
684.184,684.454
684.186,684.455
684.188,684.456
684.195,684.458
684.188,684.456
684.190,684.456
684.183,684.454
684.175,684.451
684.178,684.452
684.180,684.453
684.175,684.451
684.175,684.451
684.170,684.449
684.173,684.450
684.168,684.448
684.164,684.446
684.166,684.447
684.169,684.449
684.173,684.450
684.168,684.448
684.169,684.448
684.172,684.450
684.175,684.451
684.178,684.452
684.179,684.452
684.181,684.453
684.183,684.454
684.183,684.454
684.185,684.455
684.179,684.452
684.179,684.452
684.182,684.453
684.184,684.454
684.178,684.452
684.178,684.452
684.173,684.450
684.176,684.451
684.179,684.452
684.179,684.452
684.171,684.449
684.174,684.451
684.169,684.449
684.165,684.447
684.166,684.447
684.170,684.449
684.173,684.450
684.176,684.451
684.179,684.452
684.173,684.450
684.176,684.451
684.179,684.452
684.179,684.452
684.182,684.453
684.176,684.451
684.177,684.451
684.179,684.452
684.174,684.450
684.177,684.451
684.179,684.452
684.182,684.453
684.184,684.454
684.184,684.454
684.186,684.455
684.187,684.455
684.189,684.456
684.188,684.456
684.190,684.456
684.191,684.457
684.190,684.457
684.192,684.457
684.193,684.458
684.194,684.458
684.193,684.458
684.186,684.455
684.180,684.453
684.182,684.453
684.184,684.454
684.186,684.455
684.180,684.453
684.174,684.450
684.169,684.448
684.165,684.447
684.168,684.448
684.172,684.449
684.175,684.451
684.170,684.449
684.165,684.447
684.167,684.448
684.170,684.449
684.165,684.447
684.161,684.445
684.163,684.446
684.159,684.445
684.163,684.446
684.159,684.445
684.162,684.446
684.158,684.444
684.154,684.443
684.159,684.445
684.155,684.443
684.150,684.441
684.155,684.443
684.160,684.445
684.156,684.443
684.161,684.445
684.165,684.447
684.169,684.448
684.172,684.450
684.175,684.451
684.170,684.449
684.173,684.450
684.174,684.450
684.169,684.448
684.164,684.447
684.160,684.445
684.154,684.443
684.159,684.445
684.163,684.446
684.165,684.447
684.161,684.445
684.165,684.447
684.161,684.445
684.157,684.444
684.151,684.442
684.156,684.444
684.153,684.442
684.150,684.441
684.155,684.443
684.152,684.442
684.149,684.441
684.146,684.440
684.144,684.439
684.142,684.438
684.137,684.436
684.136,684.436
684.142,684.438
684.140,684.437
684.144,684.439
684.142,684.438
684.148,684.440
684.153,684.442
684.150,684.441
684.155,684.443
684.150,684.441
684.155,684.443
684.152,684.442
684.149,684.441
684.154,684.443
684.149,684.441
684.154,684.443
684.151,684.441
684.154,684.443
684.159,684.444
684.155,684.443
684.160,684.445
684.164,684.447
684.168,684.448
684.171,684.449
684.174,684.451
684.167,684.448
684.171,684.449
684.166,684.447
684.162,684.446
684.166,684.447
684.161,684.446
684.166,684.447
684.161,684.445
684.163,684.446
684.167,684.448
684.171,684.449
684.172,684.450
684.167,684.448
684.163,684.446
684.159,684.444
684.163,684.446
684.167,684.448
684.170,684.449
684.172,684.449
684.167,684.448
684.170,684.449
684.174,684.450
684.174,684.451
684.177,684.452
684.180,684.453
684.174,684.450
684.177,684.452
684.172,684.449
684.175,684.451
684.176,684.451
684.178,684.452
684.181,684.453
684.183,684.454
684.185,684.455
684.187,684.455
684.181,684.453
684.173,684.450
684.176,684.451
684.171,684.449
684.174,684.450
684.177,684.451
684.179,684.452
684.174,684.450
684.169,684.448
684.170,684.449
684.173,684.450
684.168,684.448
684.172,684.449
684.173,684.450
684.176,684.451
684.178,684.452
684.181,684.453
684.181,684.453
684.183,684.454
684.177,684.452
684.180,684.453
684.182,684.453
684.182,684.453
684.176,684.451
684.171,684.449
684.164,684.447
684.168,684.448
684.163,684.446
684.159,684.445
684.156,684.443
684.158,684.444
684.155,684.443
684.159,684.445
684.156,684.443
684.152,684.442
684.157,684.444
684.154,684.443
684.159,684.444
684.161,684.445
684.165,684.447
684.169,684.448
684.170,684.449
684.173,684.450
684.176,684.451
684.171,684.449
684.166,684.447
684.162,684.446
684.166,684.447
684.161,684.446
684.156,684.443
684.160,684.445
684.164,684.447
684.160,684.445
684.156,684.444
684.159,684.445
684.155,684.443
684.160,684.445
684.156,684.444
684.159,684.444
684.163,684.446
684.167,684.448
684.160,684.445
684.162,684.446
684.159,684.444
684.155,684.443
684.160,684.445
684.162,684.446
684.158,684.444
684.162,684.446
684.164,684.447
684.166,684.447
684.170,684.449
684.173,684.450
684.176,684.451
684.176,684.451
684.179,684.452
684.182,684.453
684.182,684.453
684.182,684.453
684.184,684.454
684.186,684.455
685.310,684.887
686.156,685.212
686.232,685.241
686.266,685.255
686.233,685.242
686.196,685.227
686.140,685.206
686.089,685.187
686.076,685.181
687.166,685.600
687.762,685.830
687.891,685.879
688.438,686.089
688.525,686.123
688.593,686.149
688.672,686.179
688.773,686.218
688.841,686.244
688.864,686.253
690.070,686.717
690.753,686.979
690.757,686.981
690.741,686.975
690.702,686.960
690.632,686.933
690.548,686.900
689.835,686.627
689.747,686.593
689.688,686.570
689.585,686.530
689.487,686.493
688.986,686.300
688.857,686.250
688.756,686.212
688.683,686.184
688.615,686.157
688.111,685.964
688.024,685.930
687.937,685.897
687.872,685.872
687.832,685.856
687.790,685.840
687.732,685.818
687.688,685.801
687.653,685.788
687.614,685.773
687.582,685.760
687.565,685.754
687.550,685.748
687.558,685.751
687.571,685.756
687.592,685.764
687.610,685.771
687.634,685.780
687.647,685.785
687.651,685.787
687.654,685.788
687.640,685.783
687.628,685.778
687.609,685.771
687.567,685.755
687.522,685.737
686.930,685.510
686.800,685.460
686.756,685.443
686.691,685.418
686.628,685.393
686.574,685.373
686.518,685.351
686.466,685.332
686.414,685.312
685.560,684.983
685.567,684.986
685.566,684.985
685.564,684.985
685.563,684.984
685.562,684.984
685.560,684.983
685.562,684.984
685.563,684.984
685.564,684.985
685.571,684.987
685.569,684.987
685.567,684.986
685.573,684.988
685.571,684.987
685.577,684.990
685.574,684.989
685.572,684.988
685.572,684.988
685.573,684.988
685.573,684.988
685.573,684.988
685.573,684.988
685.573,684.988
685.571,684.987
685.551,684.980
685.553,684.980
685.555,684.981
685.549,684.979
685.543,684.977
685.546,684.978
685.549,684.979
685.551,684.980
685.546,684.978
685.540,684.976
685.536,684.974
685.539,684.975
685.543,684.976
685.546,684.978
685.540,684.976
685.536,684.974
685.531,684.972
685.535,684.974
685.531,684.972
685.527,684.971
685.524,684.969
685.520,684.968
685.523,684.969
685.518,684.967
685.521,684.968
685.516,684.966
685.511,684.964
685.515,684.966
685.510,684.964
685.514,684.965
685.517,684.967
685.520,684.968
685.515,684.966
685.510,684.964
685.506,684.962
685.502,684.961
685.499,684.960
685.490,684.956
685.490,684.956
685.490,684.956
685.488,684.955
685.493,684.958
685.491,684.957
685.488,684.956
685.478,684.952
685.477,684.951
685.470,684.949
685.472,684.949
685.472,684.949
685.471,684.949
685.471,684.949
685.470,684.949
685.470,684.948
685.469,684.948
685.463,684.946
685.463,684.946
685.456,684.943
685.457,684.943
685.452,684.942
685.447,684.940
685.441,684.937
685.443,684.938
685.440,684.937
685.437,684.936
685.439,684.937
685.434,684.935
685.431,684.934
685.426,684.932
685.430,684.933
685.426,684.931
685.421,684.930
685.420,684.929
685.424,684.931
685.420,684.929
685.417,684.928
685.407,684.924
685.405,684.924
685.403,684.923
685.401,684.922
685.399,684.921
685.397,684.921
685.390,684.918
685.389,684.918
685.389,684.917
685.388,684.917
685.387,684.917
685.387,684.917
685.386,684.916
685.380,684.914
685.380,684.914
685.372,684.911
685.373,684.911
685.366,684.909
685.367,684.909
685.361,684.907
685.363,684.907
685.367,684.909
685.368,684.909
685.370,684.910
685.365,684.908
685.359,684.906
685.353,684.903
685.356,684.905
685.358,684.905
685.355,684.904
685.349,684.902
685.346,684.901
685.342,684.899
685.340,684.899
685.336,684.897
685.332,684.896
685.331,684.895
685.328,684.894
685.327,684.894
685.325,684.893
685.324,684.893
685.314,684.888
685.315,684.889
685.305,684.885
685.304,684.885
685.304,684.885
685.303,684.884
685.294,684.881
685.295,684.881
685.295,684.881
685.290,684.879
685.285,684.877
685.286,684.878
685.287,684.878
685.288,684.879
685.281,684.876
685.274,684.873
685.277,684.874
685.279,684.875
685.283,684.877
685.276,684.874
685.273,684.873
685.267,684.870
685.262,684.869
685.265,684.870
685.260,684.868
685.258,684.867
685.262,684.869
685.265,684.870
685.260,684.868
685.258,684.867
685.254,684.865
685.258,684.867
685.254,684.865
685.258,684.867
685.254,684.865
685.260,684.868
685.256,684.866
685.260,684.868
685.263,684.869
685.267,684.870
685.269,684.871
685.272,684.872
685.269,684.871
685.264,684.869
685.259,684.867
685.255,684.866
685.251,684.864
685.255,684.866
685.251,684.864
685.255,684.866
685.254,684.865
685.250,684.864
685.246,684.863
685.251,684.864
685.250,684.864
685.255,684.866
685.253,684.865
685.257,684.867
685.261,684.868
685.256,684.866
685.255,684.866
685.251,684.864
685.247,684.863
685.252,684.865
685.248,684.863
685.239,684.860
685.237,684.859
685.235,684.858
685.233,684.857
685.231,684.857
685.223,684.854
685.222,684.853
685.224,684.854
685.223,684.854
685.222,684.853
685.221,684.853
685.220,684.853
685.228,684.855
685.226,684.855
685.227,684.855
685.226,684.855
685.225,684.854
685.224,684.854
685.223,684.853
685.224,684.854
685.223,684.854
685.224,684.854
685.223,684.854
685.230,684.856
685.231,684.857
685.229,684.856
685.228,684.855
685.227,684.855
685.228,684.855
685.226,684.855
685.225,684.854
685.226,684.855
685.225,684.854
685.224,684.854
685.223,684.854
685.222,684.853
685.221,684.853
685.228,684.856
685.227,684.855
685.226,684.855
685.225,684.854
685.224,684.854
685.223,684.853
685.222,684.853
685.215,684.851
685.215,684.850
685.217,684.851
685.217,684.851
685.216,684.851
685.210,684.849
685.211,684.849
685.203,684.846
685.206,684.847
685.207,684.847
685.200,684.845
685.195,684.843
685.189,684.840
685.191,684.841
685.196,684.843
685.197,684.844
685.191,684.841
685.187,684.840
685.190,684.841
685.184,684.839
685.187,684.840
685.189,684.841
685.192,684.842
685.188,684.840
685.190,684.841
685.193,684.842
685.187,684.840
685.181,684.837
685.176,684.836
685.180,684.837
685.183,684.838
685.178,684.836
685.175,684.835
685.179,684.837
685.185,684.839
685.179,684.837
685.183,684.838
685.178,684.836
685.175,684.835
685.171,684.834
685.167,684.832
685.171,684.834
685.178,684.836
685.173,684.834
685.177,684.836
685.175,684.835
685.170,684.833
685.166,684.832
685.163,684.830
685.162,684.830
685.167,684.832
685.166,684.831
685.162,684.830
685.159,684.829
685.156,684.828
685.156,684.828
685.153,684.827
685.151,684.826
685.149,684.825
685.147,684.824
685.145,684.824
685.144,684.823
685.142,684.823
685.143,684.823
685.144,684.823
685.143,684.823
685.142,684.822
685.140,684.822
685.139,684.821
685.138,684.821
685.138,684.821
685.137,684.820
685.138,684.821
685.137,684.821
685.129,684.817
685.129,684.817
685.131,684.818
685.131,684.818
685.131,684.818
685.131,684.818
685.130,684.818
685.133,684.819
685.132,684.819
685.132,684.819
685.126,684.816
685.126,684.816
685.127,684.817
685.127,684.817
685.127,684.817
685.127,684.817
685.127,684.817
685.128,684.817
685.128,684.817
685.128,684.817
685.130,684.818
685.130,684.818
685.130,684.818
685.130,684.818
685.130,684.818
685.130,684.818
685.124,684.816
685.125,684.816
685.125,684.816
685.125,684.816
685.128,684.817
685.130,684.818
685.130,684.818
685.122,684.815
685.123,684.815
685.126,684.816
685.126,684.816
685.126,684.816
685.119,684.813
685.120,684.814
685.113,684.811
685.114,684.812
685.116,684.812
685.111,684.811
685.113,684.811
685.106,684.809
685.109,684.810
685.105,684.808
685.109,684.810
685.103,684.808
685.106,684.808
685.100,684.806
685.097,684.805
685.094,684.804
685.090,684.802
685.093,684.804
685.097,684.805
685.092,684.803
685.095,684.805
685.091,684.803
685.094,684.804
685.090,684.802
685.085,684.801
685.090,684.802
685.093,684.804
685.097,684.805
685.100,684.806
685.103,684.807
685.105,684.808
685.107,684.809
685.109,684.810
685.103,684.808
685.106,684.809
685.108,684.809
685.102,684.807
685.107,684.809
685.103,684.808
685.098,684.805
685.101,684.807
685.103,684.808
685.100,684.806
685.105,684.808
685.102,684.807
685.104,684.808
685.107,684.809
685.109,684.810
685.103,684.807
685.100,684.806
685.097,684.805
685.092,684.803
685.087,684.801
685.091,684.803
685.087,684.801
685.091,684.803
685.095,684.804
685.090,684.802
685.088,684.802
685.094,684.804
685.097,684.805
685.092,684.803
685.096,684.805
685.099,684.806
685.096,684.805
685.099,684.806
685.094,684.804
685.090,684.802
685.085,684.801
685.081,684.799
685.078,684.798
685.075,684.797
685.080,684.799
685.077,684.797
685.074,684.796
685.071,684.795
685.069,684.794
685.066,684.793
685.072,684.796
685.070,684.795
685.067,684.794
685.065,684.793
685.071,684.795
685.069,684.794
685.067,684.793
685.073,684.796
685.078,684.798
685.075,684.797
685.072,684.796
685.072,684.795
685.071,684.795
685.071,684.795
685.071,684.795
685.068,684.794
685.066,684.793
685.064,684.793
685.062,684.792
685.061,684.791
685.059,684.791
685.058,684.790
685.057,684.790
685.066,684.793
685.066,684.793
685.064,684.793
685.062,684.792
685.061,684.791
685.059,684.791
685.066,684.793
685.064,684.792
685.070,684.795
685.068,684.794
685.066,684.793
685.072,684.795
685.024,684.777
685.028,684.779
685.024,684.777
685.020,684.776
685.023,684.777
685.025,684.777
685.019,684.775
685.013,684.773
685.016,684.774
685.019,684.775
685.021,684.776
685.024,684.777
685.026,684.778
685.028,684.778
685.021,684.776
685.023,684.777
685.026,684.778
685.027,684.778
685.029,684.779
685.023,684.777
685.025,684.777
685.019,684.775
685.021,684.776
685.023,684.777
685.026,684.778
684.979,684.760
684.971,684.757
684.970,684.756
684.977,684.759
684.984,684.762
684.984,684.762
684.990,684.764
684.987,684.763
684.985,684.762
684.982,684.761
684.980,684.760
684.986,684.763
684.984,684.762
684.982,684.761
684.980,684.760
684.980,684.760
684.978,684.760
684.977,684.759
684.975,684.758
684.982,684.761
684.980,684.760
684.978,684.759
684.977,684.759
684.967,684.755
684.961,684.753
