# Physical_Baseline=685.51pF, Trigger_Distance=6.9cm, Atten_Ratio=0.48
Raw_Capacitance(pF),Normalized_Capacitance(pF)
685.546,685.529
685.547,685.529
685.541,685.527
685.542,685.527
685.543,685.528
685.543,685.528
685.538,685.525
685.542,685.527
685.545,685.529
685.548,685.530
685.550,685.531
685.545,685.528
685.539,685.526
685.535,685.524
685.536,685.524
685.529,685.521
685.526,685.519
685.528,685.520
685.530,685.521
685.534,685.523
685.538,685.525
685.542,685.527
685.534,685.524
685.528,685.520
685.530,685.521
685.524,685.519
685.526,685.520
685.529,685.521
685.531,685.522
685.532,685.523
685.534,685.523
685.536,685.524
685.529,685.521
685.531,685.522
685.527,685.520
685.523,685.518
685.526,685.520
685.520,685.517
685.517,685.515
685.515,685.514
685.512,685.513
685.508,685.511
685.512,685.513
685.508,685.511
685.504,685.509
685.500,685.507
685.497,685.506
685.494,685.504
685.493,685.504
685.493,685.504
685.493,685.504
685.490,685.503
685.488,685.501
685.488,685.502
685.486,685.501
685.492,685.503
685.498,685.506
685.503,685.508
685.499,685.507
685.504,685.509
685.508,685.511
685.512,685.513
685.516,685.515
685.519,685.516
685.514,685.514
685.520,685.517
685.517,685.515
685.512,685.513
685.508,685.511
685.504,685.509
685.502,685.508
685.507,685.510
685.503,685.509
685.507,685.511
685.503,685.509
685.500,685.507
685.499,685.507
685.498,685.506
685.497,685.506
685.497,685.506
685.496,685.505
685.493,685.504
685.491,685.503
685.496,685.505
685.493,685.504
685.499,685.507
685.504,685.509
685.500,685.507
685.505,685.509
685.503,685.509
685.494,685.504
685.494,685.504
685.491,685.503
685.489,685.502
685.494,685.504
685.492,685.503
685.489,685.502
685.495,685.505
685.492,685.503
685.492,685.503
685.492,685.503
685.489,685.502
685.487,685.501
685.493,685.504
685.490,685.503
685.488,685.501
685.486,685.500
685.478,685.497
685.479,685.497
685.480,685.498
685.479,685.497
685.478,685.497
685.485,685.500
685.483,685.499
685.481,685.498
685.480,685.497
685.481,685.498
685.482,685.498
685.480,685.498
685.479,685.497
685.477,685.496
685.476,685.496
685.475,685.495
685.474,685.495
685.468,685.492
685.470,685.493
685.470,685.493
685.477,685.496
685.476,685.496
685.475,685.495
685.474,685.495
685.473,685.495
685.473,685.494
685.474,685.495
685.476,685.496
685.477,685.496
685.478,685.497
685.480,685.497
685.478,685.497
685.469,685.492
685.469,685.492
685.468,685.492
685.476,685.496
685.475,685.495
685.474,685.495
685.473,685.495
685.473,685.494
685.480,685.498
685.481,685.498
685.482,685.499
685.475,685.495
685.482,685.498
685.483,685.499
685.481,685.498
685.482,685.498
685.483,685.499
685.483,685.499
685.482,685.498
685.480,685.498
685.479,685.497
685.478,685.496
685.476,685.496
685.475,685.495
685.474,685.495
685.468,685.492
685.462,685.489
685.462,685.489
685.463,685.489
685.463,685.490
685.463,685.490
685.464,685.490
685.464,685.490
685.464,685.490
685.458,685.487
685.453,685.485
685.455,685.486
685.456,685.486
685.457,685.486
685.457,685.487
685.461,685.488
685.463,685.490
685.464,685.490
685.464,685.490
685.464,685.490
685.464,685.490
685.464,685.490
685.464,685.490
685.459,685.488
685.459,685.488
685.452,685.484
685.453,685.485
685.455,685.486
685.458,685.487
685.461,685.489
685.456,685.486
685.451,685.484
685.452,685.484
685.454,685.485
685.455,685.486
685.456,685.486
685.459,685.488
685.462,685.489
685.454,685.485
685.447,685.482
685.441,685.479
685.443,685.480
685.446,685.481
685.442,685.479
685.446,685.482
685.448,685.483
685.450,685.483
685.451,685.484
685.453,685.485
685.454,685.485
685.457,685.487
685.461,685.488
685.461,685.489
685.461,685.489
685.454,685.485
685.455,685.486
685.450,685.483
685.454,685.485
685.447,685.482
685.441,685.479
685.443,685.480
685.440,685.478
685.442,685.480
685.444,685.481
685.446,685.482
685.448,685.483
685.442,685.480
685.439,685.478
685.435,685.476
685.430,685.474
685.426,685.472
685.421,685.470
685.426,685.472
685.429,685.474
685.427,685.472
685.431,685.474
685.434,685.476
685.437,685.477
685.434,685.476
685.431,685.475
685.429,685.473
685.432,685.475
685.436,685.477
685.439,685.478
685.441,685.479
685.446,685.481
685.440,685.478
685.442,685.480
685.436,685.477
685.431,685.474
685.426,685.472
685.432,685.475
685.428,685.473
685.431,685.474
685.435,685.476
685.430,685.474
685.427,685.473
685.425,685.472
685.421,685.470
685.425,685.472
685.421,685.470
685.420,685.469
685.418,685.468
685.423,685.470
685.419,685.469
685.415,685.467
685.412,685.465
685.412,685.465
685.409,685.464
685.406,685.462
685.412,685.465
685.411,685.465
685.409,685.464
685.414,685.466
685.411,685.465
685.416,685.467
685.421,685.469
685.419,685.469
685.424,685.471
685.420,685.469
685.418,685.468
685.417,685.468
685.416,685.467
685.413,685.466
685.410,685.464
685.407,685.463
685.407,685.463
685.413,685.466
685.418,685.468
685.414,685.466
685.419,685.469
685.424,685.471
685.422,685.470
685.426,685.472
685.430,685.474
685.425,685.472
685.423,685.471
685.419,685.469
685.416,685.467
685.421,685.469
685.425,685.471
685.423,685.471
685.419,685.469
685.415,685.467
685.415,685.466
685.414,685.466
685.411,685.465
685.408,685.463
685.413,685.466
685.413,685.466
685.418,685.468
685.422,685.470
685.418,685.468
685.425,685.472
685.429,685.473
685.425,685.471
685.428,685.473
685.432,685.475
685.430,685.474
685.425,685.471
685.429,685.473
685.416,685.467
685.415,685.467
685.419,685.469
685.416,685.467
685.413,685.466
685.404,685.461
685.404,685.462
685.402,685.460
685.408,685.463
685.408,685.463
685.408,685.463
685.405,685.462
685.411,685.465
685.416,685.467
685.413,685.466
685.412,685.465
685.409,685.464
685.407,685.463
685.404,685.462
685.402,685.461
685.402,685.461
685.408,685.464
685.406,685.462
685.404,685.461
685.401,685.460
685.390,685.455
685.391,685.455
685.398,685.459
685.397,685.458
685.395,685.457
685.396,685.458
685.395,685.457
685.394,685.457
685.393,685.456
685.394,685.457
685.393,685.456
685.400,685.459
685.398,685.459
685.399,685.459
685.397,685.458
685.396,685.457
685.394,685.457
685.393,685.456
685.392,685.456
685.391,685.455
685.390,685.455
685.389,685.454
685.383,685.451
685.383,685.451
685.383,685.451
685.353,685.437
685.350,685.436
685.345,685.433
685.349,685.435
685.352,685.437
685.349,685.435
685.352,685.437
685.355,685.438
685.357,685.439
685.362,685.441
685.364,685.442
685.366,685.443
685.361,685.441
685.363,685.442
685.365,685.443
685.361,685.441
685.355,685.438
685.357,685.439
685.362,685.441
685.364,685.442
685.374,685.447
685.374,685.447
685.377,685.449
685.378,685.449
685.378,685.449
685.372,685.446
685.372,685.446
685.373,685.447
685.376,685.448
685.371,685.446
685.372,685.446
685.365,685.443
685.367,685.444
685.360,685.441
685.356,685.439
685.359,685.440
685.361,685.441
685.363,685.442
685.367,685.444
685.368,685.445
685.362,685.441
685.358,685.440
685.360,685.441
685.357,685.439
685.351,685.436
685.354,685.438
685.348,685.435
685.346,685.434
685.349,685.435
685.347,685.434
685.336,685.429
685.340,685.431
685.344,685.433
685.340,685.431
685.344,685.433
685.350,685.436
685.345,685.433
685.340,685.431
685.338,685.430
685.342,685.432
685.338,685.430
685.337,685.429
685.341,685.431
685.345,685.433
685.343,685.432
685.338,685.430
685.345,685.433
685.350,685.436
685.345,685.434
685.349,685.435
685.344,685.433
685.348,685.435
685.343,685.432
685.339,685.430
685.337,685.430
685.341,685.432
685.345,685.433
685.343,685.432
685.339,685.430
685.335,685.428
685.339,685.431
685.335,685.429
685.339,685.431
685.344,685.433
685.347,685.434
685.342,685.432
685.338,685.430
685.342,685.432
685.340,685.431
685.336,685.429
685.335,685.429
685.331,685.427
685.336,685.429
685.335,685.428
685.331,685.427
685.328,685.425
685.327,685.425
685.333,685.427
685.331,685.427
685.328,685.425
685.325,685.424
685.325,685.424
685.322,685.423
685.320,685.421
685.320,685.422
685.318,685.421
685.318,685.421
685.316,685.420
685.323,685.423
685.323,685.423
685.328,685.425
685.336,685.429
685.332,685.427
685.329,685.426
685.334,685.428
685.338,685.430
685.337,685.429
685.333,685.428
685.330,685.426
685.326,685.425
685.332,685.427
685.331,685.427
685.328,685.425
685.325,685.424
685.322,685.422
685.320,685.421
685.320,685.421
685.318,685.420
685.324,685.423
685.321,685.422
685.319,685.421
685.325,685.424
685.322,685.423
685.320,685.421
685.318,685.420
685.310,685.417
685.309,685.416
685.308,685.416
685.307,685.415
685.306,685.415
685.305,685.414
685.313,685.418
685.311,685.417
685.310,685.417
685.317,685.420
685.315,685.419
685.313,685.418
685.312,685.418
685.310,685.417
685.312,685.417
685.310,685.417
685.309,685.416
685.310,685.417
685.309,685.416
685.308,685.416
685.307,685.415
685.306,685.415
685.305,685.414
685.304,685.414
685.306,685.415
685.305,685.414
685.305,685.414
685.304,685.414
685.303,685.413
685.303,685.413
685.302,685.413
685.302,685.413
685.301,685.413
685.295,685.410
685.296,685.410
685.296,685.410
685.296,685.410
685.296,685.410
685.296,685.410
685.304,685.414
685.306,685.415
685.305,685.414
685.304,685.414
685.304,685.414
685.303,685.413
685.303,685.413
685.310,685.417
685.317,685.420
685.315,685.419
685.321,685.422
685.327,685.425
685.332,685.427
685.323,685.423
685.321,685.422
685.321,685.422
685.319,685.421
685.317,685.420
685.317,685.420
685.315,685.419
685.314,685.418
685.312,685.418
685.311,685.417
685.312,685.418
685.318,685.421
685.311,685.417
685.309,685.416
685.308,685.416
685.302,685.413
685.301,685.413
685.303,685.413
685.311,685.417
685.312,685.417
685.310,685.417
685.309,685.416
685.302,685.413
685.302,685.413
685.309,685.416
685.308,685.416
685.315,685.419
685.322,685.422
685.319,685.421
685.317,685.420
685.315,685.419
685.314,685.418
685.312,685.418
685.319,685.421
685.317,685.420
685.315,685.419
685.315,685.419
685.322,685.422
685.322,685.422
685.330,685.426
685.327,685.425
685.318,685.421
685.316,685.420
685.309,685.416
685.308,685.416
685.315,685.419
685.313,685.418
685.312,685.417
685.318,685.421
685.324,685.423
685.322,685.422
685.327,685.425
685.333,685.427
685.329,685.426
685.326,685.424
685.323,685.423
685.321,685.422
685.321,685.422
685.319,685.421
685.317,685.420
685.315,685.419
685.313,685.418
685.312,685.418
685.318,685.421
685.319,685.421
685.317,685.420
685.309,685.416
685.308,685.416
685.307,685.415
685.306,685.415
685.297,685.411
685.289,685.407
685.290,685.407
685.285,685.405
685.286,685.405
685.282,685.403
685.275,685.400
685.280,685.402
685.273,685.399
685.278,685.401
685.280,685.402
685.284,685.404
685.285,685.405
685.286,685.405
685.287,685.406
685.283,685.404
685.284,685.404
685.280,685.402
685.281,685.403
685.283,685.404
685.286,685.406
685.288,685.406
685.283,685.404
685.284,685.404
685.288,685.406
685.289,685.407
685.292,685.408
685.284,685.404
685.286,685.405
685.287,685.406
685.290,685.407
685.291,685.408
685.286,685.405
685.287,685.406
685.282,685.403
685.284,685.404
685.287,685.406
685.280,685.403
685.284,685.404
685.285,685.405
685.289,685.407
685.290,685.407
685.285,685.405
685.286,685.405
685.279,685.402
685.281,685.403
685.282,685.404
685.276,685.400
685.272,685.399
685.275,685.400
685.271,685.398
685.274,685.399
685.276,685.400
685.270,685.398
685.273,685.399
685.275,685.400
685.285,685.405
685.286,685.405
685.279,685.402
685.283,685.404
685.285,685.405
685.278,685.401
685.280,685.402
685.282,685.403
685.283,685.404
685.284,685.405
685.286,685.405
685.287,685.406
685.280,685.402
685.282,685.403
685.285,685.405
685.287,685.406
685.282,685.403
685.283,685.404
685.285,685.405
685.286,685.405
685.287,685.406
685.280,685.402
685.282,685.403
685.283,685.404
685.279,685.402
685.273,685.399
685.267,685.396
685.270,685.398
685.273,685.399
685.277,685.401
685.279,685.402
685.275,685.400
685.277,685.401
685.282,685.403
685.283,685.404
685.279,685.402
685.281,685.403
685.284,685.405
685.286,685.405
685.279,685.402
685.281,685.403
685.274,685.400
685.276,685.401
685.281,685.403
685.282,685.404
685.278,685.401
685.272,685.399
685.274,685.400
685.268,685.397
685.263,685.394
685.266,685.396
685.269,685.397
685.272,685.399
685.275,685.400
685.279,685.402
685.281,685.403
685.282,685.404
685.284,685.404
685.285,685.405
685.278,685.402
685.272,685.399
685.275,685.400
685.277,685.401
685.279,685.402
685.281,685.403
685.274,685.400
685.276,685.401
685.278,685.402
685.280,685.403
685.284,685.404
685.285,685.405
685.287,685.406
685.288,685.406
685.289,685.406
685.281,685.403
685.283,685.404
685.276,685.401
685.270,685.398
685.273,685.399
685.267,685.396
685.272,685.399
685.275,685.400
685.269,685.397
685.272,685.398
685.274,685.400
685.271,685.398
685.273,685.399
685.278,685.401
685.280,685.402
685.273,685.399
685.276,685.400
685.280,685.402
685.274,685.399
685.270,685.398
685.273,685.399
685.275,685.400
685.269,685.397
685.272,685.399
685.274,685.400
685.277,685.401
685.271,685.398
685.267,685.396
685.270,685.398
685.275,685.400
685.277,685.401
685.274,685.399
685.268,685.397
685.273,685.399
685.275,685.400
685.272,685.398
685.274,685.400
685.279,685.402
685.280,685.403
685.282,685.403
685.284,685.404
685.279,685.402
685.273,685.399
685.270,685.397
685.272,685.399
685.277,685.401
685.279,685.402
685.283,685.404
685.284,685.404
685.288,685.406
685.289,685.407
685.284,685.404
685.277,685.401
685.279,685.402
685.273,685.399
685.278,685.401
685.279,685.402
685.275,685.400
685.270,685.397
685.272,685.399
685.267,685.396
685.270,685.397
685.272,685.399
685.271,685.398
685.273,685.399
685.275,685.400
685.270,685.397
685.266,685.396
685.261,685.394
685.259,685.392
685.263,685.394
685.266,685.396
685.261,685.393
685.257,685.391
685.263,685.394
685.260,685.393
685.264,685.395
685.259,685.392
685.263,685.394
685.258,685.392
685.256,685.391
685.260,685.393
685.266,685.396
685.269,685.397
685.272,685.398
685.274,685.400
685.268,685.397
685.271,685.398
685.263,685.394
685.266,685.396
685.269,685.397
685.272,685.398
685.268,685.397
685.263,685.394
685.266,685.396
685.261,685.394
685.265,685.395
685.268,685.397
685.265,685.395
685.268,685.397
685.263,685.394
685.266,685.396
685.269,685.397
685.264,685.395
685.259,685.392
685.263,685.394
685.266,685.396
685.261,685.393
685.257,685.391
685.252,685.389
685.257,685.391
685.253,685.389
685.257,685.391
685.227,685.377
685.225,685.376
685.227,685.377
685.233,685.380
685.231,685.379
685.232,685.380
685.238,685.382
685.236,685.381
685.242,685.384
685.239,685.383
685.237,685.382
685.234,685.381
685.240,685.384
685.240,685.383
685.238,685.382
685.235,685.381
685.227,685.377
685.226,685.377
685.225,685.376
685.226,685.377
685.225,685.376
685.226,685.377
685.225,685.376
685.232,685.379
685.230,685.379
685.228,685.378
685.227,685.377
685.226,685.377
685.227,685.377
685.234,685.380
685.232,685.379
685.230,685.379
685.239,685.383
685.244,685.385
685.241,685.384
685.241,685.384
685.238,685.383
685.238,685.383
685.236,685.381
685.234,685.380
685.232,685.379
685.230,685.379
685.231,685.379
685.229,685.378
685.228,685.377
685.229,685.378
685.227,685.377
685.234,685.380
685.240,685.383
685.240,685.383
685.237,685.382
685.235,685.381
685.235,685.381
685.233,685.380
685.231,685.379
685.229,685.378
685.222,685.375
685.221,685.374
685.221,685.374
685.222,685.375
685.221,685.374
685.221,685.374
685.228,685.378
685.227,685.377
685.225,685.376
685.224,685.376
685.225,685.376
685.224,685.376
685.223,685.375
685.225,685.376
685.232,685.379
685.232,685.380
685.230,685.379
685.229,685.378
685.227,685.377
685.226,685.377
685.227,685.377
685.226,685.377
685.225,685.376
685.224,685.376
685.231,685.379
685.231,685.379
685.230,685.378
685.230,685.379
685.229,685.378
685.235,685.381
685.235,685.381
685.233,685.380
685.231,685.379
685.230,685.378
685.230,685.379
685.237,685.382
685.243,685.385
685.240,685.383
685.245,685.386
685.245,685.386
685.242,685.384
685.239,685.383
685.237,685.382
685.245,685.386
685.242,685.384
685.241,685.384
685.247,685.387
685.243,685.385
685.241,685.384
685.240,685.383
685.238,685.382
685.235,685.381
685.236,685.381
685.233,685.380
685.232,685.379
685.230,685.379
685.231,685.379
685.237,685.382
685.235,685.381
685.233,685.380
685.231,685.379
685.229,685.378
685.228,685.377
685.226,685.377
685.227,685.377
685.234,685.381
685.232,685.380
685.238,685.383
685.238,685.383
685.244,685.385
685.243,685.385
685.248,685.387
685.247,685.387
685.244,685.385
685.244,685.385
685.241,685.384
685.238,685.382
685.236,685.381
685.234,685.380
685.232,685.379
685.230,685.379
685.223,685.375
685.222,685.375
685.221,685.374
685.220,685.374
685.220,685.374
685.221,685.374
685.213,685.370
685.213,685.370
685.207,685.368
685.208,685.368
685.210,685.369
685.211,685.369
685.203,685.366
685.206,685.367
685.207,685.368
685.200,685.364
685.201,685.365
685.194,685.361
685.196,685.362
685.190,685.359
685.192,685.360
685.196,685.362
685.198,685.363
685.199,685.364
685.203,685.366
685.204,685.366
685.207,685.368
685.208,685.368
685.208,685.368
685.211,685.370
685.211,685.370
685.211,685.370
685.214,685.371
685.214,685.371
685.216,685.372
685.216,685.372
685.216,685.372
685.207,685.368
685.208,685.368
685.208,685.368
685.209,685.369
685.204,685.366
685.197,685.363
685.201,685.365
685.194,685.361
685.188,685.358
685.184,685.357
685.187,685.358
685.190,685.359
685.194,685.362
685.196,685.362
685.192,685.360
685.186,685.358
685.188,685.359
685.185,685.357
685.180,685.355
685.183,685.356
685.178,685.354
685.181,685.355
685.184,685.357
685.187,685.358
685.190,685.359
685.186,685.358
685.189,685.359
685.183,685.356
685.188,685.359
685.191,685.360
685.187,685.358
685.190,685.359
685.192,685.360
685.196,685.362
685.198,685.363
685.199,685.364
685.193,685.361
685.197,685.363
685.198,685.364
685.202,685.365
685.195,685.362
685.197,685.363
685.190,685.360
685.185,685.357
685.187,685.358
685.182,685.356
685.187,685.358
685.190,685.359
685.194,685.362
685.188,685.359
685.190,685.360
685.193,685.361
685.197,685.363
685.198,685.364
685.192,685.360
685.194,685.361
685.188,685.359
685.190,685.360
685.187,685.358
685.189,685.359
685.192,685.360
685.194,685.361
685.196,685.362
685.197,685.363
685.191,685.360
685.193,685.361
685.195,685.362
685.197,685.363
685.190,685.360
685.195,685.362
685.197,685.363
685.198,685.363
685.200,685.364
685.201,685.365
685.202,685.365
685.206,685.367
685.198,685.363
685.200,685.364
685.201,685.365
685.194,685.362
685.198,685.363
685.200,685.364
685.193,685.361
685.195,685.362
685.197,685.363
685.190,685.360
685.195,685.362
685.197,685.363
685.200,685.365
685.202,685.365
685.203,685.366
685.196,685.362
685.200,685.364
685.193,685.361
685.195,685.362
685.189,685.359
685.191,685.360
685.193,685.361
685.189,685.359
685.192,685.360
685.194,685.361
685.188,685.358
685.184,685.357
685.179,685.354
685.182,685.356
685.185,685.357
685.180,685.355
685.175,685.353
685.171,685.350
685.167,685.349
685.163,685.347
685.170,685.350
685.174,685.352
685.172,685.351
685.168,685.349
685.173,685.351
685.171,685.350
685.175,685.352
685.170,685.350
685.167,685.348
685.165,685.348
685.170,685.350
685.166,685.348
685.163,685.346
685.167,685.349
685.172,685.351
685.170,685.350
685.174,685.352
685.178,685.354
685.175,685.353
685.171,685.351
685.175,685.352
685.181,685.355
685.184,685.357
685.187,685.358
685.189,685.359
685.192,685.360
685.186,685.358
685.180,685.355
685.184,685.356
685.186,685.358
685.183,685.356
685.186,685.358
685.181,685.355
685.178,685.354
685.181,685.355
685.176,685.353
685.172,685.351
685.168,685.349
685.164,685.347
685.169,685.350
685.173,685.352
685.171,685.351
685.167,685.349
685.172,685.351
685.170,685.350
685.166,685.348
685.171,685.350
685.167,685.348
685.163,685.347
685.162,685.346
685.159,685.345
685.156,685.343
685.154,685.342
685.151,685.341
685.149,685.340
685.147,685.339
685.146,685.338
685.144,685.338
685.143,685.337
685.141,685.336
685.142,685.337
685.141,685.336
685.140,685.336
685.139,685.335
685.138,685.335
685.139,685.336
685.138,685.335
685.138,685.335
685.137,685.334
685.144,685.338
685.143,685.337
685.149,685.340
685.139,685.336
685.133,685.332
685.132,685.332
685.132,685.332
685.132,685.332
685.132,685.332
685.139,685.335
685.138,685.335
685.146,685.338
685.144,685.338
685.137,685.334
685.136,685.334
685.135,685.334
685.137,685.334
685.136,685.334
685.136,685.334
685.135,685.333
685.135,685.333
685.134,685.333
685.136,685.334
685.135,685.334
685.135,685.333
685.134,685.333
685.128,685.330
685.128,685.330
685.128,685.330
685.128,685.330
685.128,685.330
685.131,685.331
685.131,685.331
685.130,685.331
685.133,685.332
685.124,685.328
685.125,685.329
685.125,685.329
685.120,685.326
685.121,685.327
685.122,685.327
685.122,685.327
685.125,685.329
685.126,685.329
685.126,685.329
685.126,685.329
685.119,685.326
685.120,685.326
685.120,685.326
685.124,685.328
685.124,685.328
685.117,685.325
685.118,685.325
685.121,685.327
685.114,685.323
685.115,685.324
685.117,685.325
685.110,685.321
685.112,685.322
685.113,685.323
685.107,685.320
685.109,685.321
685.111,685.322
685.113,685.323
685.114,685.324
685.116,685.324
685.119,685.326
685.120,685.326
685.129,685.331
685.129,685.331
685.129,685.331
685.128,685.330
685.128,685.330
685.128,685.330
685.129,685.330
685.129,685.330
685.131,685.331
685.131,685.331
685.123,685.327
685.123,685.328
685.124,685.328
685.127,685.329
685.127,685.329
685.127,685.330
685.127,685.330
685.127,685.330
685.122,685.327
685.125,685.329
685.125,685.329
685.126,685.329
685.128,685.330
685.120,685.326
685.121,685.327
685.122,685.327
685.115,685.324
685.116,685.324
685.109,685.321
685.111,685.322
685.113,685.323
685.109,685.321
685.111,685.322
685.113,685.323
685.114,685.323
685.110,685.321
685.112,685.322
685.105,685.319
685.108,685.320
685.110,685.321
685.112,685.322
685.105,685.319
685.110,685.321
685.112,685.322
685.105,685.319
685.108,685.320
685.104,685.319
685.106,685.320
685.108,685.321
685.102,685.318
685.105,685.319
685.099,685.316
685.094,685.314
685.085,685.310
685.092,685.313
685.095,685.314
685.091,685.312
685.094,685.314
685.100,685.317
685.097,685.315
685.100,685.317
685.103,685.318
685.105,685.319
685.110,685.321
685.104,685.318
685.098,685.316
685.093,685.313
685.088,685.311
685.092,685.313
685.088,685.311
685.086,685.310
685.084,685.309
685.089,685.311
685.092,685.313
685.088,685.311
685.092,685.313
685.098,685.316
685.095,685.314
685.090,685.312
685.094,685.314
685.097,685.315
685.100,685.317
685.097,685.315
685.095,685.314
685.090,685.312
685.094,685.314
685.089,685.311
685.093,685.313
685.096,685.315
685.094,685.314
685.091,685.313
685.095,685.314
685.098,685.316
685.093,685.313
685.096,685.315
685.100,685.317
685.094,685.314
685.090,685.312
685.085,685.310
685.082,685.308
685.078,685.306
685.083,685.309
685.079,685.307
685.084,685.309
685.088,685.311
685.095,685.314
685.098,685.316
685.101,685.317
685.104,685.318
685.098,685.316
685.093,685.313
685.088,685.311
685.092,685.313
685.090,685.312
685.088,685.311
685.084,685.309
685.088,685.311
685.084,685.309
685.080,685.307
685.085,685.310
685.081,685.308
685.078,685.306
685.085,685.310
685.081,685.308
685.078,685.306
685.075,685.305
685.072,685.303
685.077,685.306
685.074,685.304
685.080,685.307
685.078,685.306
685.083,685.309
685.080,685.307
685.076,685.305
685.073,685.304
685.071,685.303
685.068,685.302
685.066,685.301
685.066,685.301
685.064,685.300
685.070,685.303
685.076,685.305
685.073,685.304
685.078,685.306
685.078,685.306
685.077,685.306
685.074,685.304
685.071,685.303
685.076,685.306
685.081,685.308
685.088,685.311
685.092,685.313
685.088,685.311
685.092,685.313
685.095,685.314
685.101,685.317
685.103,685.318
685.106,685.320
685.100,685.317
685.103,685.318
685.097,685.315
685.092,685.313
685.096,685.315
685.091,685.312
685.095,685.314
685.098,685.316
685.093,685.313
685.088,685.311
685.084,685.309
685.081,685.307
685.077,685.306
685.074,685.304
685.074,685.304
685.073,685.304
685.078,685.306
685.083,685.309
685.088,685.311
685.084,685.309
685.088,685.311
685.092,685.313
685.095,685.315
685.091,685.312
685.094,685.314
685.090,685.312
685.085,685.310
685.082,685.308
685.086,685.310
685.092,685.313
685.088,685.311
685.092,685.313
685.095,685.315
685.099,685.316
685.094,685.314
685.089,685.311
685.093,685.313
685.091,685.312
685.088,685.311
685.084,685.309
685.081,685.307
685.085,685.310
685.081,685.308
685.080,685.307
685.085,685.309
685.081,685.308
685.086,685.310
685.082,685.308
685.078,685.306
685.083,685.309
685.088,685.311
685.086,685.310
685.084,685.309
685.080,685.307
685.085,685.310
685.089,685.312
685.085,685.310
685.089,685.312
685.093,685.313
685.089,685.311
685.084,685.309
685.081,685.307
685.071,685.303
685.063,685.299
685.061,685.298
685.060,685.298
685.059,685.297
685.057,685.296
685.056,685.296
685.055,685.295
685.054,685.295
685.053,685.294
685.055,685.295
685.062,685.299
685.060,685.298
685.059,685.297
685.057,685.296
685.056,685.296
685.055,685.295
685.054,685.295
685.053,685.295
685.053,685.294
685.052,685.294
685.051,685.293
685.053,685.294
685.054,685.295
685.056,685.296
685.055,685.295
685.054,685.295
685.053,685.294
685.052,685.294
685.052,685.294
685.051,685.293
685.050,685.293
685.050,685.293
685.049,685.293
685.049,685.292
685.049,685.292
685.056,685.296
685.063,685.299
685.062,685.298
685.068,685.301
685.066,685.300
685.064,685.300
685.062,685.299
685.060,685.298
685.067,685.301
685.065,685.300
685.071,685.303
685.077,685.306
685.082,685.308
685.078,685.306
685.083,685.309
685.079,685.307
685.076,685.305
685.073,685.304
685.079,685.307
685.083,685.309
685.088,685.311
685.094,685.314
685.092,685.313
685.089,685.312
685.093,685.313
685.089,685.311
685.084,685.309
685.089,685.311
685.085,685.309
685.089,685.311
685.093,685.313
685.088,685.311
685.092,685.313
685.088,685.311
685.084,685.309
685.088,685.311
685.084,685.309
685.080,685.307
685.085,685.309
685.089,685.312
685.085,685.310
685.081,685.308
685.078,685.306
685.083,685.308
685.079,685.307
685.076,685.305
685.081,685.308
685.077,685.306
685.074,685.305
685.074,685.304
685.071,685.303
685.069,685.302
685.066,685.301
685.064,685.300
685.062,685.299
685.069,685.302
685.067,685.301
685.073,685.304
685.072,685.303
685.072,685.303
685.072,685.303
685.069,685.302
685.075,685.305
685.072,685.303
685.077,685.306
685.082,685.308
685.087,685.310
685.083,685.309
685.082,685.308
685.080,685.307
685.079,685.307
685.076,685.305
685.073,685.304
685.070,685.303
685.076,685.305
685.073,685.304
685.070,685.303
685.060,685.298
685.059,685.297
685.057,685.296
685.056,685.296
685.055,685.295
685.054,685.295
685.053,685.294
685.052,685.294
685.052,685.294
685.051,685.293
685.051,685.293
685.050,685.293
685.050,685.293
685.049,685.292
685.051,685.293
685.050,685.293
685.050,685.293
685.049,685.293
685.049,685.292
685.049,685.292
685.048,685.292
685.048,685.292
685.056,685.296
685.057,685.296
685.050,685.293
685.050,685.293
685.049,685.293
685.049,685.292
685.048,685.292
685.048,685.292
685.048,685.292
685.048,685.292
685.042,685.289
685.042,685.289
685.042,685.289
685.042,685.289
685.051,685.293
685.058,685.297
685.057,685.296
685.058,685.297
685.059,685.297
685.058,685.297
685.065,685.300
685.063,685.299
685.061,685.298
685.060,685.297
685.058,685.297
685.057,685.296
685.056,685.296
685.055,685.295
685.054,685.295
685.053,685.294
685.055,685.295
685.056,685.296
685.057,685.296
685.056,685.296
685.055,685.295
685.054,685.295
685.053,685.294
685.052,685.294
685.052,685.294
685.051,685.293
685.059,685.297
685.060,685.297
685.058,685.297
685.057,685.296
685.056,685.296
685.055,685.295
685.062,685.299
685.060,685.298
685.059,685.297
685.058,685.297
685.056,685.296
685.055,685.295
685.054,685.295
685.053,685.295
685.053,685.294
685.060,685.298
685.059,685.297
685.057,685.296
685.056,685.296
685.055,685.295
685.054,685.295
685.053,685.294
685.052,685.294
685.052,685.294
685.059,685.297
685.058,685.297
685.057,685.296
685.055,685.296
685.057,685.296
685.058,685.297
685.059,685.297
685.060,685.298
685.058,685.297
685.051,685.294
685.059,685.297
685.050,685.293
685.049,685.292
685.049,685.292
685.048,685.292
685.048,685.292
685.048,685.292
685.048,685.292
685.039,685.288
685.040,685.288
685.040,685.288
685.043,685.290
685.037,685.287
685.032,685.285
685.036,685.286
685.037,685.287
685.038,685.287
685.038,685.287
685.039,685.288
685.040,685.288
685.040,685.288
685.041,685.288
685.041,685.289
685.041,685.289
685.048,685.292
685.047,685.292
685.047,685.292
685.047,685.292
685.047,685.291
685.047,685.291
685.047,685.291
685.046,685.291
685.046,685.291
685.046,685.291
685.046,685.291
685.046,685.291
685.046,685.291
685.046,685.291
685.040,685.288
685.043,685.289
685.037,685.287
685.040,685.288
685.043,685.290
685.037,685.287
685.040,685.288
685.035,685.286
685.028,685.282
685.030,685.283
685.031,685.284
685.036,685.286
685.037,685.287
685.030,685.283
685.031,685.284
685.033,685.285
685.034,685.285
685.035,685.286
685.036,685.286
685.029,685.283
685.030,685.284
685.032,685.284
685.033,685.285
685.034,685.285
685.027,685.282
685.029,685.283
685.030,685.284
685.032,685.284
685.025,685.281
685.027,685.282
685.021,685.279
685.023,685.280
685.025,685.281
685.027,685.282
685.029,685.283
685.030,685.284
685.026,685.282
685.028,685.282
685.030,685.283
685.031,685.284
685.032,685.285
685.034,685.285
685.035,685.286
685.036,685.286
685.037,685.287
685.037,685.287
685.038,685.287
685.039,685.288
685.039,685.288
685.040,685.288
685.040,685.288
685.035,685.286
685.038,685.287
685.039,685.288
685.040,685.288
685.040,685.288
685.041,685.288
685.041,685.289
685.041,685.289
685.042,685.289
685.042,685.289
685.042,685.289
685.043,685.289
685.043,685.290
685.035,685.286
685.036,685.286
685.037,685.287
685.038,685.287
685.030,685.284
685.024,685.280
685.018,685.278
685.012,685.275
685.016,685.277
685.018,685.278
685.013,685.275
685.008,685.273
685.004,685.271
685.008,685.273
685.011,685.274
685.014,685.276
685.017,685.277
685.020,685.279
685.014,685.276
685.017,685.277
685.012,685.275
685.007,685.272
685.011,685.274
685.014,685.276
685.017,685.277
685.012,685.275
685.015,685.276
685.010,685.274
685.013,685.275
685.016,685.277
685.011,685.274
685.014,685.276
685.017,685.277
685.012,685.275
685.007,685.272
685.010,685.274
685.014,685.276
685.009,685.273
685.004,685.271
685.000,685.269
684.996,685.267
685.001,685.270
684.997,685.268
685.002,685.270
684.998,685.268
685.002,685.270
685.006,685.272
685.010,685.274
685.013,685.276
685.008,685.273
685.012,685.275
685.015,685.276
685.018,685.278
685.013,685.275
685.008,685.273
685.011,685.274
685.014,685.276
685.017,685.277
685.012,685.275
685.015,685.276
685.010,685.274
685.005,685.272
685.009,685.273
685.005,685.271
685.000,685.269
685.005,685.271
685.001,685.269
685.005,685.271
685.001,685.269
684.997,685.268
684.993,685.266
684.998,685.268
684.995,685.267
684.992,685.265
684.997,685.268
685.001,685.270
684.997,685.268
685.002,685.270
685.006,685.272
685.010,685.274
685.005,685.272
685.009,685.273
685.012,685.275
685.007,685.273
685.003,685.271
684.999,685.269
684.995,685.267
685.000,685.269
684.996,685.267
685.001,685.270
684.997,685.268
684.994,685.266
684.999,685.268
685.003,685.271
685.007,685.272
685.003,685.270
684.999,685.268
684.995,685.267
685.000,685.269
685.004,685.271
685.008,685.273
685.012,685.275
685.015,685.276
685.018,685.278
685.014,685.276
685.017,685.277
685.014,685.276
685.011,685.275
685.009,685.273
685.004,685.271
685.008,685.273
685.012,685.275
685.007,685.272
685.011,685.274
685.014,685.276
685.017,685.277
685.020,685.278
685.016,685.277
685.013,685.275
685.018,685.278
685.013,685.275
685.016,685.277
685.019,685.278
685.013,685.275
685.011,685.274
685.008,685.273
685.014,685.276
685.011,685.274
685.006,685.272
685.002,685.270
684.998,685.268
685.003,685.270
685.007,685.272
685.010,685.274
685.016,685.277
685.013,685.275
685.010,685.274
685.005,685.272
685.009,685.274
685.005,685.271
685.009,685.273
685.012,685.275
685.015,685.276
685.020,685.279
685.017,685.277
685.020,685.278
685.022,685.280
685.016,685.277
685.011,685.274
685.008,685.273
685.014,685.276
685.017,685.277
685.020,685.279
685.022,685.280
685.027,685.282
685.023,685.280
685.019,685.278
685.014,685.276
685.009,685.273
685.012,685.275
685.015,685.276
685.018,685.278
685.015,685.276
685.012,685.275
685.009,685.274
685.005,685.271
685.009,685.273
685.004,685.271
685.000,685.269
684.996,685.267
684.993,685.266
684.990,685.264
684.995,685.267
684.992,685.265
684.989,685.264
684.994,685.266
684.999,685.269
685.004,685.271
685.000,685.269
684.998,685.268
684.997,685.268
684.993,685.266
684.998,685.268
684.995,685.267
685.000,685.269
685.004,685.271
685.008,685.273
685.011,685.275
685.007,685.272
685.010,685.274
685.006,685.272
685.001,685.270
685.005,685.272
685.001,685.270
684.997,685.268
684.994,685.266
684.991,685.265
684.996,685.267
685.001,685.269
685.005,685.271
685.009,685.273
685.012,685.275
685.015,685.276
685.018,685.278
685.013,685.275
685.008,685.273
685.011,685.275
685.007,685.272
685.010,685.274
685.016,685.277
685.013,685.275
685.008,685.273
685.011,685.275
685.007,685.272
685.010,685.274
685.006,685.272
685.012,685.275
685.009,685.273
685.012,685.275
685.016,685.277
685.018,685.278
685.015,685.276
685.012,685.275
685.015,685.276
685.018,685.278
685.013,685.275
685.016,685.277
685.019,685.278
685.013,685.275
685.008,685.273
685.006,685.272
685.004,685.271
685.008,685.273
685.003,685.271
685.007,685.273
685.003,685.270
684.999,685.269
684.998,685.268
684.996,685.267
684.993,685.266
684.990,685.264
684.987,685.263
684.993,685.266
684.990,685.264
684.995,685.267
684.992,685.265
684.989,685.264
684.986,685.263
684.992,685.265
684.997,685.268
685.001,685.270
685.006,685.272
685.009,685.274
685.013,685.275
685.016,685.277
685.013,685.275
685.010,685.274
685.008,685.273
685.005,685.272
685.003,685.271
685.002,685.270
685.006,685.272
685.010,685.274
685.005,685.271
685.003,685.270
685.001,685.270
685.008,685.273
685.003,685.271
685.007,685.273
685.011,685.274
685.006,685.272
685.002,685.270
685.006,685.272
685.002,685.270
684.998,685.268
685.005,685.271
685.008,685.273
685.012,685.275
685.015,685.276
685.020,685.279
685.017,685.277
685.011,685.275
685.007,685.272
685.010,685.274
685.014,685.276
685.009,685.273
685.012,685.275
685.017,685.277
685.014,685.276
685.011,685.275
685.007,685.272
685.010,685.274
685.014,685.276
685.017,685.277
685.019,685.278
685.016,685.277
685.011,685.274
685.006,685.272
685.010,685.274
685.005,685.272
685.009,685.273
685.012,685.275
685.015,685.276
685.010,685.274
685.014,685.276
685.009,685.273
685.012,685.275
685.015,685.276
685.010,685.274
685.005,685.272
685.001,685.270
685.005,685.272
685.001,685.270
685.005,685.272
685.009,685.273
685.005,685.271
685.000,685.269
684.999,685.269
684.995,685.267
684.992,685.265
684.991,685.265
684.988,685.264
684.994,685.266
684.999,685.268
685.003,685.271
684.999,685.269
684.995,685.267
685.000,685.269
684.996,685.267
684.993,685.266
684.990,685.264
684.987,685.263
684.985,685.262
684.983,685.261
684.981,685.260
684.981,685.260
684.981,685.260
684.987,685.263
684.993,685.266
684.998,685.268
684.994,685.266
684.993,685.266
684.990,685.265
684.990,685.264
684.995,685.267
685.000,685.269
684.996,685.267
684.995,685.267
685.000,685.269
685.004,685.271
685.000,685.269
684.996,685.267
684.993,685.266
684.990,685.264
684.995,685.267
685.000,685.269
685.004,685.271
685.000,685.269
684.996,685.267
684.993,685.266
684.990,685.264
684.989,685.264
684.995,685.267
684.992,685.265
684.989,685.264
684.988,685.264
684.986,685.262
684.983,685.261
684.981,685.260
684.979,685.259
684.978,685.258
684.976,685.258
684.979,685.259
684.977,685.258
684.976,685.258
684.974,685.257
684.973,685.256
684.972,685.256
684.971,685.255
684.970,685.255
684.969,685.254
684.971,685.255
684.970,685.255
684.969,685.254
684.968,685.254
684.967,685.254
684.967,685.253
684.966,685.253
684.974,685.257
684.973,685.256
684.964,685.252
684.966,685.253
684.965,685.252
684.965,685.252
684.959,685.249
684.951,685.246
684.952,685.246
684.952,685.246
684.953,685.247
684.954,685.247
684.954,685.247
684.955,685.248
684.956,685.248
684.956,685.248
684.957,685.248
684.957,685.249
684.957,685.249
684.958,685.249
684.958,685.249
684.953,685.247
684.953,685.247
684.946,685.243
684.948,685.244
684.949,685.245
684.950,685.245
684.951,685.246
684.952,685.246
684.947,685.244
684.948,685.245
684.950,685.245
684.951,685.246
684.952,685.246
684.945,685.243
684.946,685.244
684.948,685.244
684.949,685.245
684.950,685.245
684.951,685.246
684.952,685.246
684.953,685.247
684.954,685.247
684.954,685.247
684.955,685.248
684.956,685.248
684.958,685.249
684.959,685.249
684.959,685.249
684.959,685.250
684.967,685.254
684.967,685.253
684.966,685.253
684.966,685.253
684.965,685.253
684.965,685.252
684.967,685.253
684.966,685.253
684.966,685.253
684.965,685.253
684.965,685.252
684.964,685.252
684.956,685.248
684.957,685.248
684.957,685.249
684.957,685.249
684.950,685.245
684.951,685.246
684.946,685.243
684.948,685.244
684.949,685.245
684.950,685.245
684.951,685.246
684.954,685.247
684.955,685.248
684.955,685.248
684.956,685.248
684.956,685.248
684.957,685.249
684.957,685.249
684.950,685.245
684.945,685.243
684.946,685.244
684.948,685.244
684.941,685.241
684.943,685.242
684.945,685.243
684.946,685.244
684.948,685.244
684.951,685.246
684.952,685.246
684.945,685.243
684.938,685.240
684.941,685.241
684.935,685.238
684.937,685.239
684.939,685.240
684.936,685.238
684.938,685.240
684.940,685.241
684.942,685.242
684.936,685.239
684.938,685.240
684.940,685.241
684.942,685.242
684.936,685.239
684.941,685.241
684.943,685.242
684.945,685.243
684.946,685.243
684.940,685.240
684.934,685.237
684.928,685.235
684.923,685.233
684.919,685.231
684.923,685.232
684.927,685.234
684.930,685.236
684.933,685.237
684.936,685.238
684.938,685.240
684.942,685.242
684.944,685.243
684.946,685.243
684.947,685.244
684.949,685.245
684.950,685.245
684.951,685.246
684.952,685.246
684.953,685.247
684.953,685.247
684.956,685.248
684.957,685.249
684.957,685.249
684.958,685.249
684.960,685.250
684.960,685.250
684.960,685.250
684.960,685.250
684.960,685.250
684.961,685.250
684.961,685.250
684.961,685.250
684.961,685.250
684.961,685.250
684.961,685.250
684.963,685.251
684.963,685.251
684.963,685.251
684.963,685.251
684.962,685.251
684.962,685.251
684.962,685.251
684.954,685.247
684.955,685.248
684.955,685.248
684.956,685.248
684.956,685.248
684.957,685.249
684.957,685.249
684.950,685.245
684.943,685.242
684.936,685.239
684.931,685.236
684.934,685.238
684.936,685.239
684.939,685.240
684.933,685.237
684.935,685.238
684.930,685.236
684.925,685.233
684.923,685.232
684.926,685.234
684.930,685.236
684.925,685.233
684.928,685.235
684.931,685.236
684.926,685.234
684.924,685.233
684.927,685.234
684.922,685.232
684.926,685.234
684.929,685.235
684.935,685.238
684.937,685.239
684.931,685.236
684.926,685.234
684.930,685.236
684.924,685.233
684.928,685.235
684.931,685.236
684.926,685.234
684.929,685.235
684.924,685.233
684.928,685.235
684.923,685.232
684.927,685.234
684.922,685.232
684.926,685.234
684.929,685.235
684.924,685.233
684.928,685.235
684.931,685.236
684.934,685.238
684.936,685.239
684.941,685.241
684.951,685.246
684.960,685.250
684.960,685.250
684.960,685.250
684.960,685.250
684.960,685.250
684.960,685.250
684.960,685.250
684.960,685.250
684.960,685.250
684.961,685.250
684.961,685.250
684.961,685.250
684.961,685.250
684.953,685.247
684.954,685.247
684.954,685.247
684.947,685.244
684.948,685.244
684.942,685.241
684.943,685.242
684.945,685.243
684.941,685.241
684.943,685.242
684.945,685.243
684.946,685.243
684.948,685.244
684.943,685.242
684.945,685.243
684.940,685.241
684.934,685.238
684.937,685.239
684.939,685.240
684.941,685.241
684.943,685.242
684.939,685.240
684.941,685.241
684.945,685.243
684.947,685.244
684.948,685.244
684.949,685.245
684.951,685.246
684.951,685.246
684.952,685.246
684.955,685.248
684.956,685.248
684.956,685.248
684.957,685.249
684.957,685.249
684.958,685.249
684.958,685.249
684.958,685.249
684.961,685.250
684.961,685.250
684.961,685.250
684.963,685.251
684.963,685.251
684.963,685.251
684.963,685.251
684.962,685.251
684.962,685.251
684.962,685.251
684.962,685.251
684.962,685.251
684.962,685.251
684.962,685.251
684.962,685.251
684.962,685.251
684.962,685.251
684.962,685.251
684.961,685.251
684.961,685.251
684.961,685.251
684.956,685.248
684.956,685.248
684.957,685.248
684.957,685.249
684.957,685.249
684.958,685.249
684.958,685.249
684.958,685.249
684.953,685.247
684.954,685.247
684.954,685.247
684.955,685.248
684.956,685.248
684.948,685.244
684.941,685.241
684.943,685.242
684.939,685.240
684.933,685.237
684.936,685.239
684.938,685.240
684.940,685.241
684.942,685.242
684.936,685.239
684.931,685.236
684.925,685.234
684.921,685.231
684.925,685.233
684.920,685.231
684.924,685.233
684.920,685.231
684.924,685.233
684.927,685.234
684.930,685.236
684.933,685.237
684.936,685.239
684.941,685.241
684.943,685.242
684.944,685.243
684.940,685.241
684.934,685.238
684.929,685.235
684.932,685.237
684.935,685.238
684.937,685.239
684.934,685.237
684.936,685.239
684.939,685.240
684.941,685.241
684.943,685.242
684.944,685.243
684.946,685.243
684.947,685.244
684.943,685.242
684.945,685.243
684.938,685.240
684.940,685.241
684.942,685.242
684.944,685.243
684.946,685.243
684.941,685.241
684.943,685.242
684.937,685.239
684.939,685.240
684.933,685.237
684.936,685.239
684.938,685.240
684.932,685.237
684.935,685.238
684.938,685.239
684.940,685.240
684.942,685.241
684.944,685.242
684.945,685.243
684.941,685.241
684.935,685.238
684.938,685.239
684.940,685.240
684.942,685.241
684.946,685.243
684.947,685.244
684.951,685.246
684.952,685.246
684.953,685.247
684.953,685.247
684.954,685.247
684.947,685.244
684.951,685.246
684.951,685.246
684.947,685.244
684.948,685.244
684.949,685.245
684.950,685.245
684.951,685.246
684.946,685.244
684.948,685.244
684.949,685.245
684.950,685.245
684.951,685.246
684.944,685.243
684.946,685.243
684.939,685.240
684.941,685.241
684.935,685.238
684.938,685.239
684.942,685.242
684.928,685.235
684.931,685.236
684.934,685.238
684.929,685.235
684.926,685.234
684.921,685.232
684.917,685.230
684.921,685.232
684.925,685.233
684.928,685.235
684.924,685.233
684.919,685.231
684.923,685.232
684.927,685.234
684.930,685.236
684.933,685.237
684.928,685.235
684.931,685.236
684.926,685.234
684.929,685.235
684.932,685.237
684.935,685.238
684.937,685.239
684.940,685.240
684.942,685.241
684.943,685.242
684.945,685.243
684.947,685.244
684.948,685.244
684.949,685.245
684.950,685.245
684.951,685.246
684.944,685.243
684.938,685.240
684.932,685.237
684.935,685.238
684.929,685.235
684.924,685.233
684.930,685.236
684.933,685.237
684.930,685.236
684.933,685.237
684.928,685.235
684.923,685.232
684.918,685.230
684.914,685.228
684.919,685.231
684.915,685.229
684.919,685.231
684.923,685.233
684.926,685.234
684.930,685.236
684.932,685.237
684.937,685.239
684.940,685.240
684.934,685.238
684.936,685.239
684.931,685.236
684.926,685.234
684.929,685.235
684.926,685.234
684.930,685.236
684.932,685.237
684.927,685.234
684.922,685.232
684.920,685.231
684.924,685.233
684.928,685.235
684.923,685.232
684.919,685.230
684.915,685.228
684.911,685.227
684.908,685.225
684.905,685.224
684.902,685.223
684.911,685.227
684.910,685.226
684.906,685.225
684.912,685.227
684.908,685.225
684.913,685.228
684.918,685.230
684.914,685.228
684.918,685.230
684.922,685.232
684.918,685.230
684.922,685.232
684.918,685.230
684.922,685.232
684.920,685.231
684.924,685.233
684.922,685.232
684.917,685.230
684.914,685.228
684.910,685.226
684.915,685.229
684.911,685.227
684.916,685.229
684.915,685.228
684.911,685.227
684.908,685.225
684.913,685.228
684.909,685.226
684.914,685.228
684.919,685.230
684.923,685.232
684.926,685.234
684.930,685.236
684.925,685.233
684.922,685.232
684.918,685.230
684.914,685.228
684.919,685.230
684.923,685.232
684.926,685.234
684.930,685.236
684.925,685.233
684.928,685.235
684.923,685.233
684.919,685.230
684.917,685.230
684.913,685.228
684.910,685.226
684.907,685.225
684.912,685.227
684.917,685.229
684.915,685.229
684.911,685.227
684.916,685.229
684.920,685.231
684.924,685.233
684.928,685.235
684.931,685.236
684.934,685.238
684.936,685.239
684.931,685.236
684.926,685.234
684.923,685.233
684.919,685.230
684.923,685.232
684.919,685.230
684.915,685.228
684.919,685.231
684.923,685.232
684.927,685.234
684.930,685.236
684.925,685.233
684.928,685.235
684.923,685.233
684.919,685.231
684.923,685.232
684.921,685.231
684.925,685.233
684.928,685.235
684.931,685.236
684.926,685.234
684.924,685.233
684.927,685.234
684.922,685.232
684.918,685.230
684.922,685.232
684.926,685.234
684.929,685.235
684.932,685.237
684.927,685.234
684.922,685.232
684.918,685.230
684.922,685.232
684.926,685.234
684.923,685.233
684.919,685.231
684.915,685.229
684.911,685.227
684.908,685.225
684.913,685.228
684.910,685.226
684.907,685.225
684.904,685.223
684.904,685.223
684.909,685.226
684.914,685.228
684.910,685.226
684.915,685.229
684.920,685.231
684.916,685.229
684.912,685.227
684.917,685.229
684.921,685.231
684.917,685.229
684.913,685.228
684.917,685.230
684.922,685.232
684.917,685.230
684.914,685.228
684.918,685.230
684.922,685.232
684.918,685.230
684.914,685.228
684.918,685.230
684.914,685.228
684.911,685.227
684.916,685.229
684.912,685.227
684.917,685.229
684.913,685.228
684.909,685.226
684.906,685.225
684.912,685.227
684.908,685.225
684.908,685.225
684.913,685.227
684.909,685.226
684.906,685.224
684.906,685.224
684.903,685.223
684.900,685.222
684.898,685.221
684.896,685.220
684.894,685.219
684.901,685.222
684.906,685.225
684.912,685.227
684.908,685.225
684.905,685.224
684.903,685.223
684.900,685.222
684.906,685.224
684.903,685.223
684.903,685.223
684.901,685.222
684.898,685.221
684.896,685.220
684.894,685.219
684.901,685.222
684.901,685.222
684.898,685.221
684.896,685.220
684.895,685.219
684.901,685.222
684.899,685.221
684.897,685.220
684.895,685.219
684.893,685.218
684.894,685.218
684.892,685.218
684.899,685.221
684.897,685.220
684.897,685.220
684.903,685.223
684.911,685.227
684.916,685.229
684.912,685.227
684.909,685.226
684.908,685.225
684.913,685.228
684.909,685.226
684.914,685.228
684.911,685.227
684.908,685.225
684.905,685.224
684.902,685.222
684.900,685.221
684.905,685.224
684.913,685.228
684.910,685.226
684.909,685.226
684.906,685.224
684.903,685.223
684.901,685.222
684.898,685.221
684.904,685.224
684.902,685.222
684.907,685.225
684.904,685.224
684.902,685.222
684.899,685.221
684.897,685.220
684.895,685.219
684.894,685.218
684.894,685.219
684.893,685.218
684.893,685.218
684.900,685.221
684.906,685.224
684.911,685.227
684.910,685.226
684.915,685.229
684.919,685.231
684.923,685.233
684.921,685.231
684.917,685.229
684.913,685.228
684.910,685.226
684.906,685.225
684.904,685.223
684.901,685.222
684.907,685.225
684.904,685.223
684.901,685.222
684.899,685.221
684.897,685.220
684.895,685.219
684.893,685.218
684.892,685.218
684.898,685.221
684.896,685.220
684.895,685.219
684.901,685.222
684.907,685.225
684.904,685.223
684.909,685.226
684.906,685.224
684.911,685.227
684.908,685.225
684.905,685.224
684.910,685.226
684.907,685.225
684.904,685.224
684.902,685.222
684.907,685.225
684.907,685.225
684.904,685.223
684.901,685.222
684.907,685.225
684.904,685.223
684.910,685.226
684.917,685.229
684.913,685.228
684.918,685.230
684.914,685.228
684.910,685.226
684.909,685.226
684.906,685.224
684.911,685.227
684.908,685.225
684.905,685.224
684.902,685.223
684.900,685.222
684.898,685.220
684.904,685.223
684.904,685.223
684.901,685.222
684.899,685.221
684.897,685.220
684.903,685.223
684.908,685.225
684.905,685.224
684.903,685.223
684.908,685.225
684.905,685.224
684.903,685.223
684.900,685.222
684.906,685.224
684.903,685.223
684.901,685.222
684.906,685.225
684.904,685.223
684.901,685.222
684.901,685.222
684.899,685.221
684.905,685.224
684.902,685.222
684.900,685.221
684.898,685.220
684.896,685.219
684.894,685.219
684.892,685.218
684.891,685.217
684.889,685.216
684.888,685.216
684.887,685.215
684.886,685.215
684.885,685.215
684.885,685.214
684.884,685.214
684.883,685.213
684.883,685.213
684.882,685.213
684.882,685.213
684.881,685.212
684.881,685.212
684.880,685.212
684.880,685.212
684.880,685.212
684.882,685.213
684.881,685.213
684.881,685.212
684.880,685.212
684.880,685.212
684.880,685.212
684.880,685.212
684.887,685.215
684.886,685.215
684.885,685.215
684.885,685.214
684.892,685.218
684.893,685.218
684.891,685.217
684.892,685.218
684.891,685.217
684.889,685.216
684.888,685.216
684.895,685.219
684.893,685.218
684.892,685.218
684.893,685.218
684.891,685.217
684.892,685.218
684.899,685.221
684.905,685.224
684.910,685.226
684.915,685.229
684.911,685.227
684.908,685.225
684.907,685.225
684.912,685.227
684.909,685.226
684.906,685.224
684.903,685.223
684.903,685.223
684.909,685.226
684.914,685.228
684.910,685.226
684.907,685.225
684.906,685.224
684.911,685.227
684.908,685.225
684.905,685.224
684.903,685.223
684.908,685.225
684.913,685.228
684.910,685.226
684.907,685.225
684.912,685.227
684.909,685.226
684.906,685.224
684.903,685.223
684.908,685.225
684.905,685.224
684.903,685.223
684.900,685.222
684.898,685.221
684.896,685.220
684.894,685.219
684.893,685.218
684.891,685.217
684.890,685.217
684.889,685.216
684.887,685.216
684.886,685.215
684.880,685.212
684.880,685.212
684.887,685.215
684.886,685.215
684.885,685.215
684.885,685.214
684.884,685.214
684.883,685.214
684.883,685.213
684.882,685.213
684.882,685.213
684.881,685.213
684.881,685.212
684.888,685.216
684.887,685.215
684.886,685.215
684.880,685.212
684.879,685.212
684.879,685.212
684.879,685.212
684.879,685.211
684.879,685.211
684.878,685.211
684.878,685.211
684.880,685.212
684.880,685.212
684.888,685.216
684.889,685.216
684.888,685.216
684.887,685.215
684.886,685.215
684.885,685.214
684.879,685.211
684.878,685.211
684.878,685.211
684.878,685.211
684.880,685.212
684.880,685.212
684.880,685.212
684.879,685.212
684.879,685.212
684.881,685.213
684.881,685.212
684.880,685.212
684.882,685.213
684.882,685.213
684.881,685.213
684.881,685.212
684.881,685.212
684.882,685.213
684.882,685.213
684.889,685.216
684.888,685.216
684.887,685.215
684.894,685.219
684.893,685.218
684.891,685.217
684.890,685.217
684.889,685.216
684.887,685.216
684.886,685.215
684.888,685.216
684.887,685.215
684.886,685.215
684.885,685.214
684.884,685.214
684.884,685.214
684.883,685.213
684.882,685.213
684.882,685.213
684.881,685.213
684.881,685.212
684.881,685.212
684.883,685.213
684.882,685.213
684.878,685.211
684.878,685.211
684.878,685.211
684.878,685.211
684.870,685.207
684.871,685.208
684.871,685.208
684.872,685.208
684.864,685.205
684.866,685.205
684.867,685.206
684.868,685.206
684.869,685.207
684.869,685.207
684.870,685.207
684.873,685.209
684.873,685.209
684.874,685.209
684.866,685.205
684.867,685.206
684.868,685.206
684.869,685.207
684.870,685.207
684.870,685.207
684.871,685.208
684.915,685.229
684.920,685.231
684.916,685.229
684.912,685.227
684.909,685.226
684.906,685.224
684.905,685.224
684.903,685.223
684.900,685.222
684.906,685.224
684.905,685.224
684.911,685.227
684.915,685.229
684.912,685.227
684.917,685.229
684.913,685.228
684.912,685.227
684.908,685.225
684.905,685.224
684.903,685.223
684.908,685.225
684.913,685.228
684.912,685.227
684.917,685.229
684.913,685.228
684.909,685.226
684.906,685.224
684.904,685.223
684.901,685.222
684.899,685.221
684.897,685.220
684.895,685.219
684.893,685.218
684.892,685.217
684.898,685.221
684.906,685.225
684.904,685.223
684.903,685.223
684.901,685.222
684.898,685.221
684.904,685.224
684.912,685.227
684.917,685.229
684.913,685.228
684.910,685.226
684.914,685.228
684.913,685.228
684.910,685.226
684.907,685.225
684.912,685.227
684.908,685.226
684.905,685.224
684.903,685.223
684.900,685.222
684.898,685.221
684.896,685.220
684.897,685.220
684.903,685.223
684.908,685.225
684.905,685.224
684.905,685.224
684.910,685.226
684.915,685.229
684.911,685.227
684.908,685.225
684.913,685.228
684.918,685.230
684.914,685.228
684.910,685.226
684.907,685.225
684.912,685.227
684.919,685.231
684.915,685.229
684.912,685.227
684.908,685.225
684.905,685.224
684.911,685.227
684.915,685.229
684.920,685.231
684.916,685.229
684.912,685.227
684.909,685.226
684.914,685.228
684.910,685.226
684.907,685.225
684.904,685.223
684.910,685.226
684.906,685.225
684.904,685.223
684.909,685.226
684.914,685.228
684.911,685.227
684.915,685.229
684.914,685.228
684.918,685.230
684.917,685.229
684.913,685.228
684.909,685.226
684.914,685.228
684.919,685.230
684.915,685.229
684.911,685.227
684.908,685.225
684.905,685.224
684.902,685.223
684.908,685.225
684.913,685.228
684.910,685.226
684.914,685.228
684.911,685.227
684.908,685.225
684.913,685.228
684.909,685.226
684.906,685.224
684.906,685.224
684.903,685.223
684.901,685.222
684.898,685.221
684.898,685.221
684.896,685.220
684.895,685.219
684.893,685.218
684.891,685.217
684.890,685.217
684.889,685.216
684.888,685.216
684.887,685.215
684.886,685.215
684.877,685.211
684.885,685.214
684.884,685.214
684.884,685.214
684.891,685.217
684.892,685.218
684.890,685.217
684.889,685.216
684.896,685.220
684.894,685.219
684.893,685.218
684.891,685.217
684.890,685.217
684.891,685.217
684.889,685.216
684.888,685.216
684.887,685.215
684.886,685.215
684.880,685.212
684.879,685.212
684.879,685.212
684.879,685.211
684.889,685.216
684.888,685.216
684.887,685.215
684.886,685.215
684.885,685.214
684.884,685.214
684.886,685.215
684.893,685.218
684.891,685.217
684.890,685.217
684.889,685.216
684.896,685.219
684.894,685.219
684.900,685.222
684.898,685.221
684.904,685.223
684.902,685.222
684.899,685.221
684.897,685.220
684.895,685.219
684.902,685.222
684.899,685.221
684.897,685.220
684.903,685.223
684.901,685.222
684.898,685.221
684.904,685.224
684.902,685.222
684.907,685.225
684.905,685.224
684.904,685.223
684.902,685.222
684.907,685.225
684.912,685.227
684.917,685.230
684.913,685.228
684.918,685.230
684.916,685.229
684.920,685.231
684.916,685.229
684.913,685.227
684.911,685.227
684.908,685.225
684.905,685.224
684.902,685.223
684.908,685.225
684.905,685.224
684.910,685.226
684.915,685.229
684.912,685.227
684.916,685.229
684.921,685.231
684.916,685.229
684.921,685.231
684.917,685.229
684.921,685.231
684.917,685.229
684.921,685.231
684.917,685.229
684.913,685.228
684.909,685.226
684.906,685.224
684.911,685.227
684.910,685.226
684.907,685.225
684.904,685.224
684.910,685.226
684.909,685.226
684.914,685.228
684.918,685.230
684.922,685.232
684.918,685.230
684.922,685.232
684.918,685.230
684.922,685.232
684.926,685.234
684.921,685.232
684.925,685.233
684.923,685.232
684.926,685.234
684.930,685.236
684.924,685.233
684.928,685.235
684.923,685.233
684.919,685.230
684.915,685.229
684.911,685.227
684.908,685.225
684.907,685.225
684.904,685.224
684.902,685.222
684.902,685.222
684.899,685.221
684.897,685.220
684.895,685.219
684.902,685.222
684.907,685.225
684.904,685.224
684.902,685.222
684.899,685.221
684.899,685.221
684.897,685.220
684.895,685.219
684.894,685.218
684.892,685.218
684.891,685.217
684.889,685.216
684.888,685.216
684.889,685.216
684.888,685.216
684.887,685.215
684.886,685.215
684.885,685.215
684.885,685.214
684.884,685.214
684.883,685.213
684.877,685.210
684.877,685.210
684.877,685.210
684.887,685.215
684.886,685.215
684.885,685.214
684.884,685.214
684.884,685.214
684.883,685.213
684.883,685.213
684.882,685.213
684.881,685.213
684.881,685.212
684.883,685.213
684.882,685.213
684.890,685.217
684.891,685.217
684.890,685.217
684.896,685.220
684.889,685.216
684.888,685.216
684.887,685.215
684.886,685.215
684.885,685.214
684.884,685.214
684.891,685.217
684.890,685.217
684.889,685.216
684.888,685.216
684.887,685.215
684.886,685.215
684.885,685.214
684.892,685.218
684.891,685.217
684.889,685.216
684.888,685.216
684.889,685.216
684.888,685.216
684.887,685.215
684.886,685.215
684.885,685.215
684.885,685.214
684.884,685.214
684.883,685.213
684.883,685.213
684.882,685.213
684.876,685.210
684.876,685.210
684.876,685.210
684.876,685.210
684.876,685.210
684.876,685.210
684.876,685.210
684.876,685.210
684.876,685.210
684.876,685.210
684.877,685.210
684.877,685.210
684.877,685.210
684.877,685.210
684.877,685.210
684.877,685.210
684.877,685.210
684.877,685.210
684.885,685.214
684.884,685.214
684.891,685.217
684.890,685.217
684.891,685.217
684.890,685.217
684.888,685.216
684.887,685.215
684.886,685.215
684.885,685.215
684.885,685.214
684.892,685.218
684.891,685.217
684.889,685.216
684.890,685.217
684.889,685.216
684.888,685.216
684.895,685.219
684.893,685.218
684.892,685.217
684.890,685.217
684.889,685.216
684.888,685.216
684.887,685.215
684.886,685.215
684.885,685.214
684.878,685.211
684.878,685.211
684.878,685.211
684.886,685.215
684.887,685.215
684.886,685.215
684.885,685.215
684.885,685.214
684.892,685.218
684.891,685.217
684.891,685.217
684.890,685.217
684.897,685.220
684.895,685.219
684.893,685.218
684.892,685.218
684.893,685.218
684.891,685.217
684.890,685.217
684.888,685.216
684.895,685.219
684.894,685.218
684.900,685.222
684.906,685.224
684.903,685.223
684.909,685.226
684.914,685.228
684.910,685.226
684.901,685.222
684.899,685.221
684.905,685.224
684.902,685.223
684.900,685.221
684.892,685.218
684.890,685.217
684.889,685.216
684.896,685.220
684.894,685.219
684.893,685.218
684.893,685.218
684.892,685.218
684.898,685.221
684.896,685.220
684.897,685.220
684.895,685.219
684.893,685.218
684.892,685.217
684.890,685.217
684.897,685.220
684.895,685.219
684.893,685.218
684.900,685.221
684.898,685.220
684.896,685.219
684.894,685.219
684.892,685.218
684.891,685.217
684.890,685.217
684.888,685.216
684.887,685.215
684.886,685.215
684.885,685.215
684.885,685.214
684.884,685.214
684.883,685.213
684.885,685.214
684.884,685.214
684.883,685.214
684.883,685.213
684.882,685.213
684.874,685.209
684.874,685.209
684.882,685.213
684.884,685.214
684.883,685.214
684.883,685.213
684.882,685.213
684.882,685.213
684.881,685.213
684.881,685.212
684.881,685.212
684.882,685.213
684.882,685.213
684.881,685.213
684.881,685.212
684.881,685.212
684.880,685.212
684.880,685.212
684.880,685.212
684.879,685.212
684.879,685.212
684.879,685.212
684.873,685.209
684.873,685.209
684.874,685.209
684.882,685.213
684.882,685.213
684.881,685.213
684.881,685.212
684.888,685.216
684.890,685.217
684.888,685.216
684.895,685.219
684.894,685.218
684.892,685.218
684.891,685.217
684.889,685.216
684.888,685.216
684.895,685.219
684.893,685.218
684.892,685.218
684.890,685.217
684.889,685.216
684.888,685.216
684.887,685.215
684.886,685.215
684.885,685.214
684.876,685.210
684.876,685.210
684.877,685.210
684.877,685.210
684.877,685.210
684.877,685.210
684.877,685.210
684.877,685.210
684.877,685.210
684.877,685.210
684.877,685.210
684.877,685.210
684.877,685.210
684.877,685.210
684.885,685.214
684.884,685.214
684.883,685.214
684.883,685.213
684.874,685.209
684.874,685.209
684.875,685.209
684.875,685.210
684.875,685.210
684.875,685.210
684.875,685.210
684.876,685.210
684.876,685.210
684.882,685.213
684.881,685.213
684.881,685.212
684.880,685.212
684.880,685.212
684.882,685.213
684.882,685.213
684.881,685.213
684.889,685.216
684.888,685.216
684.887,685.215
684.886,685.215
684.885,685.214
684.884,685.214
684.883,685.214
684.883,685.213
684.882,685.213
684.890,685.217
684.889,685.216
684.888,685.216
684.889,685.216
684.888,685.216
684.887,685.215
684.886,685.215
684.885,685.214
684.876,685.210
684.876,685.210
684.876,685.210
684.876,685.210
684.876,685.210
684.876,685.210
684.877,685.210
684.877,685.210
684.877,685.210
684.877,685.210
684.877,685.210
684.877,685.210
684.877,685.210
684.869,685.207
684.870,685.207
684.862,685.204
684.864,685.204
684.859,685.202
684.861,685.203
684.862,685.204
684.858,685.201
684.860,685.202
684.861,685.203
684.865,685.205
684.874,685.209
684.875,685.209
684.875,685.209
684.883,685.213
684.882,685.213
684.882,685.213
684.881,685.213
684.883,685.214
684.883,685.213
684.882,685.213
684.882,685.213
684.889,685.216
684.890,685.217
684.881,685.212
684.881,685.212
684.880,685.212
684.880,685.212
684.880,685.212
684.879,685.212
684.879,685.212
684.879,685.211
684.879,685.211
684.879,685.211
684.878,685.211
684.878,685.211
684.880,685.212
684.880,685.212
684.880,685.212
684.882,685.213
684.881,685.213
684.881,685.212
684.881,685.212
684.880,685.212
684.880,685.212
684.880,685.212
684.882,685.213
684.881,685.213
684.881,685.212
684.883,685.213
684.882,685.213
684.882,685.213
684.881,685.213
684.881,685.212
684.883,685.213
684.882,685.213
684.890,685.217
684.888,685.216
684.887,685.215
684.886,685.215
684.893,685.218
684.892,685.218
684.890,685.217
684.889,685.216
684.888,685.216
684.887,685.215
684.894,685.219
684.892,685.218
684.891,685.217
684.890,685.217
684.888,685.216
684.887,685.215
684.886,685.215
684.885,685.215
684.885,685.214
684.884,685.214
684.875,685.210
684.875,685.210
684.876,685.210
684.876,685.210
684.876,685.210
684.876,685.210
684.868,685.206
684.861,685.203
684.862,685.204
684.864,685.204
684.865,685.205
684.866,685.205
684.867,685.206
684.868,685.206
684.869,685.207
684.870,685.207
684.862,685.204
684.866,685.205
684.867,685.206
684.868,685.206
684.869,685.207
684.870,685.207
684.870,685.207
684.863,685.204
684.864,685.205
684.866,685.205
684.867,685.206
684.868,685.206
684.869,685.207
684.869,685.207
684.870,685.207
684.871,685.208
684.871,685.208
684.864,685.204
684.857,685.201
684.859,685.202
684.861,685.203
684.865,685.205
684.866,685.205
684.867,685.206
684.860,685.202
684.861,685.203
684.863,685.204
684.858,685.202
684.860,685.203
684.870,685.207
684.870,685.207
684.871,685.208
684.866,685.205
684.867,685.206
684.868,685.206
684.871,685.208
684.872,685.208
684.872,685.208
684.881,685.212
684.880,685.212
684.874,685.209
684.874,685.209
684.875,685.209
684.875,685.210
684.877,685.211
684.877,685.211
684.877,685.211
684.877,685.211
684.877,685.211
684.877,685.211
684.877,685.211
684.869,685.207
684.864,685.204
684.857,685.201
684.859,685.202
684.853,685.199
684.855,685.200
684.857,685.201
684.859,685.202
684.861,685.203
684.862,685.204
684.866,685.205
684.859,685.202
684.853,685.199
684.855,685.200
684.857,685.201
684.851,685.198
684.854,685.199
684.858,685.202
684.860,685.202
684.862,685.203
684.863,685.204
684.864,685.205
684.866,685.205
684.867,685.206
684.868,685.206
684.871,685.208
684.871,685.208
684.872,685.208
684.872,685.208
684.873,685.209
684.867,685.206
684.868,685.206
684.869,685.207
684.872,685.208
684.873,685.208
684.873,685.209
684.873,685.209
684.874,685.209
684.874,685.209
684.866,685.205
684.867,685.206
684.868,685.206
684.869,685.207
684.870,685.207
684.871,685.207
684.871,685.208
684.872,685.208
684.872,685.208
684.873,685.208
684.867,685.206
684.868,685.206
684.869,685.207
684.870,685.207
684.870,685.207
684.865,685.205
684.866,685.205
684.867,685.206
684.868,685.206
684.871,685.208
684.872,685.208
684.864,685.205
684.866,685.205
684.867,685.206
684.868,685.206
684.869,685.207
684.869,685.207
684.870,685.207
684.863,685.204
684.856,685.201
684.858,685.202
684.852,685.199
684.854,685.200
684.848,685.197
684.853,685.199
684.856,685.200
684.858,685.201
684.859,685.202
684.861,685.203
684.863,685.204
684.864,685.204
684.865,685.205
684.869,685.207
684.869,685.207
684.870,685.207
684.865,685.205
684.866,685.205
684.867,685.206
684.868,685.206
684.869,685.207
684.870,685.207
684.870,685.207
684.871,685.208
684.874,685.209
684.882,685.213
684.882,685.213
684.881,685.213
684.881,685.212
684.880,685.212
684.880,685.212
684.880,685.212
684.880,685.212
684.879,685.212
684.879,685.212
684.879,685.211
684.881,685.212
684.873,685.208
684.873,685.209
684.873,685.209
684.874,685.209
684.874,685.209
684.874,685.209
684.875,685.209
684.875,685.210
684.875,685.210
684.877,685.211
684.877,685.211
684.877,685.211
684.885,685.215
684.885,685.214
684.878,685.211
684.878,685.211
684.878,685.211
684.880,685.212
684.880,685.212
684.879,685.212
684.879,685.212
684.879,685.211
684.879,685.211
684.879,685.211
684.881,685.212
684.880,685.212
684.880,685.212
684.882,685.213
684.881,685.213
684.881,685.212
684.881,685.212
684.880,685.212
684.880,685.212
684.880,685.212
684.887,685.216
684.889,685.216
684.888,685.216
684.887,685.215
684.878,685.211
684.878,685.211
684.878,685.211
684.878,685.211
684.877,685.211
684.877,685.211
684.877,685.211
684.877,685.211
684.877,685.211
684.880,685.212
684.879,685.212
684.879,685.212
684.879,685.211
684.879,685.211
684.878,685.211
684.878,685.211
684.878,685.211
684.880,685.212
684.880,685.212
684.880,685.212
684.879,685.212
684.879,685.212
684.879,685.212
684.879,685.211
684.879,685.211
684.881,685.212
684.880,685.212
684.880,685.212
684.882,685.213
684.882,685.213
684.881,685.212
684.883,685.213
684.882,685.213
684.882,685.213
684.881,685.213
684.889,685.216
684.882,685.213
684.874,685.209
684.866,685.205
684.867,685.206
684.868,685.206
684.869,685.207
684.878,685.211
684.877,685.211
684.877,685.211
684.877,685.211
684.877,685.211
684.877,685.211
684.877,685.211
684.877,685.211
684.877,685.211
684.877,685.211
684.877,685.211
684.877,685.211
684.880,685.212
684.879,685.212
684.871,685.208
684.864,685.204
684.865,685.205
684.866,685.205
684.867,685.206
684.868,685.206
684.869,685.207
684.870,685.207
684.862,685.204
684.864,685.204
684.865,685.205
684.866,685.205
684.867,685.206
684.860,685.203
684.862,685.203
684.863,685.204
684.865,685.205
684.866,685.205
684.867,685.206
684.868,685.206
684.869,685.207
684.869,685.207
684.870,685.207
684.871,685.208
684.871,685.208
684.872,685.208
684.872,685.208
684.873,685.209
684.873,685.209
684.874,685.209
684.874,685.209
684.874,685.209
684.877,685.210
684.877,685.210
684.877,685.210
684.877,685.210
684.877,685.210
684.877,685.210
684.877,685.210
684.869,685.207
684.870,685.207
684.870,685.207
684.871,685.208
684.872,685.208
684.872,685.208
684.882,685.213
684.881,685.213
684.873,685.209
684.873,685.209
684.874,685.209
684.874,685.209
684.874,685.209
684.875,685.209
684.869,685.207
684.878,685.211
684.878,685.211
684.878,685.211
684.878,685.211
684.878,685.211
684.878,685.211
684.872,685.208
684.872,685.208
684.865,685.205
684.860,685.202
684.854,685.199
684.856,685.200
684.850,685.198
684.844,685.195
684.848,685.197
684.842,685.194
684.859,685.202
684.861,685.203
684.862,685.204
684.864,685.204
684.867,685.206
684.868,685.206
684.869,685.207
684.870,685.207
684.870,685.207
684.879,685.212
684.879,685.211
684.879,685.211
684.870,685.207
684.863,685.204
684.859,685.202
684.852,685.199
684.855,685.200
684.859,685.202
684.861,685.203
684.862,685.204
684.864,685.204
684.857,685.201
684.859,685.202
684.861,685.203
684.862,685.203
684.856,685.201
684.858,685.202
684.852,685.199
684.857,685.201
684.858,685.202
684.860,685.203
684.862,685.203
684.863,685.204
684.865,685.205
684.866,685.205
684.861,685.203
684.863,685.204
684.856,685.200
684.858,685.201
684.860,685.202
684.861,685.203
684.863,685.204
684.856,685.201
684.850,685.198
684.853,685.199
684.855,685.200
684.857,685.201
684.859,685.202
684.853,685.199
684.855,685.200
684.851,685.198
684.854,685.199
684.856,685.201
684.858,685.201
684.860,685.202
684.853,685.199
684.856,685.200
684.858,685.201
684.860,685.202
684.861,685.203
684.855,685.200
684.857,685.201
684.861,685.203
684.863,685.204
684.856,685.200
684.858,685.201
684.860,685.202
684.861,685.203
684.857,685.201
684.859,685.202
684.853,685.199
684.855,685.200
684.857,685.201
684.851,685.198
684.848,685.197
684.850,685.198
684.853,685.199
684.855,685.200
684.849,685.197
684.852,685.199
684.854,685.200
684.856,685.201
684.853,685.199
684.855,685.200
684.857,685.201
684.851,685.198
684.845,685.195
684.848,685.197
684.853,685.199
684.856,685.200
684.858,685.201
684.859,685.202
684.861,685.203
684.863,685.204
684.864,685.204
684.857,685.201
684.851,685.198
684.854,685.199
684.856,685.200
684.858,685.201
684.860,685.202
684.853,685.199
684.848,685.197
684.842,685.194
684.838,685.192
684.841,685.194
684.837,685.191
684.833,685.189
684.829,685.188
684.825,685.186
684.830,685.188
684.835,685.190
684.831,685.189
684.835,685.191
684.833,685.190
684.829,685.188
684.834,685.190
684.830,685.188
684.835,685.190
684.831,685.188
684.835,685.191
684.839,685.192
684.835,685.190
684.833,685.190
684.837,685.192
684.833,685.190
684.837,685.192
684.833,685.190
684.837,685.192
684.841,685.193
684.836,685.191
684.832,685.189
684.839,685.192
684.842,685.194
684.838,685.192
684.833,685.190
684.837,685.192
684.841,685.193
684.845,685.195
684.848,685.197
684.851,685.198
684.845,685.195
684.842,685.194
684.846,685.196
684.849,685.197
684.851,685.198
684.854,685.199
684.848,685.197
684.843,685.194
684.838,685.192
684.834,685.190
684.838,685.192
684.841,685.194
684.845,685.195
684.848,685.197
684.843,685.194
684.846,685.196
684.841,685.193
684.836,685.191
684.832,685.189
684.836,685.191
684.832,685.189
684.839,685.192
684.842,685.194
684.846,685.196
684.851,685.198
684.853,685.199
684.856,685.200
684.858,685.201
684.852,685.198
684.846,685.196
684.843,685.194
684.846,685.196
684.841,685.194
684.845,685.195
684.848,685.197
684.843,685.194
684.838,685.192
684.842,685.194
684.845,685.195
684.840,685.193
684.836,685.191
684.839,685.193
684.835,685.191
684.839,685.192
684.835,685.190
684.831,685.188
684.835,685.191
684.839,685.192
684.843,685.194
684.846,685.196
684.849,685.197
684.852,685.198
684.846,685.196
684.841,685.193
684.836,685.191
684.832,685.189
684.836,685.191
684.832,685.189
684.837,685.191
684.840,685.193
684.846,685.196
684.841,685.193
684.836,685.191
684.832,685.189
684.829,685.188
684.833,685.190
684.837,685.192
684.841,685.193
684.845,685.195
684.840,685.193
684.835,685.191
684.839,685.193
684.843,685.194
684.846,685.196
684.849,685.197
684.852,685.198
684.846,685.196
684.841,685.193
684.844,685.195
684.842,685.194
684.845,685.195
684.848,685.197
684.843,685.194
684.840,685.193
684.844,685.195
684.847,685.196
684.842,685.194
684.837,685.192
684.833,685.190
684.837,685.192
684.841,685.193
684.839,685.192
684.834,685.190
684.830,685.188
684.827,685.187
684.824,685.185
684.821,685.184
684.826,685.186
684.831,685.189
684.835,685.191
684.839,685.193
684.843,685.194
684.838,685.192
684.834,685.190
684.838,685.192
684.834,685.190
684.838,685.192
684.836,685.191
684.832,685.189
684.828,685.187
684.833,685.189
684.829,685.188
684.833,685.190
684.838,685.192
684.841,685.194
684.837,685.191
684.833,685.189
684.829,685.188
684.825,685.186
684.822,685.184
684.819,685.183
684.817,685.182
684.815,685.181
684.821,685.184
684.818,685.182
684.824,685.185
684.821,685.184
684.818,685.182
684.818,685.182
684.815,685.181
684.821,685.184
684.819,685.183
684.816,685.182
684.814,685.181
684.812,685.180
684.810,685.179
684.809,685.178
684.815,685.181
684.813,685.180
684.811,685.179
684.809,685.178
684.808,685.178
684.809,685.178
684.815,685.181
684.813,685.180
684.819,685.183
684.817,685.182
684.814,685.181
684.812,685.180
684.818,685.183
684.824,685.185
684.821,685.184
684.818,685.183
684.816,685.181
684.814,685.180
684.812,685.179
684.810,685.179
684.816,685.182
684.822,685.184
684.827,685.187
684.832,685.189
684.828,685.187
684.825,685.186
684.822,685.184
684.819,685.183
684.817,685.182
684.822,685.185
684.820,685.183
684.817,685.182
684.815,685.181
684.821,685.184
684.818,685.182
684.816,685.181
684.816,685.181
684.814,685.180
684.812,685.179
684.810,685.179
684.816,685.182
684.822,685.184
684.819,685.183
684.817,685.182
684.815,685.181
684.820,685.184
684.818,685.182
684.815,685.181
684.813,685.180
684.811,685.179
684.810,685.178
684.808,685.178
684.809,685.178
684.807,685.177
684.814,685.181
684.820,685.183
684.817,685.182
684.815,685.181
684.815,685.181
684.821,685.184
684.826,685.186
684.823,685.185
684.828,685.187
684.833,685.190
684.837,685.192
684.833,685.190
684.831,685.189
684.828,685.187
684.824,685.185
684.821,685.184
684.819,685.183
684.816,685.182
684.822,685.184
684.819,685.183
684.817,685.182
684.815,685.181
684.812,685.180
684.811,685.179
684.809,685.178
684.807,685.177
684.814,685.181
684.812,685.180
684.810,685.179
684.809,685.178
684.807,685.177
684.806,685.177
684.805,685.176
684.803,685.176
684.802,685.175
684.802,685.175
684.801,685.174
684.802,685.175
684.801,685.175
684.809,685.178
684.807,685.177
684.806,685.177
684.812,685.180
684.811,685.179
684.809,685.178
684.807,685.177
684.806,685.177
684.805,685.176
684.804,685.176
684.811,685.179
684.809,685.178
684.807,685.177
684.814,685.181
684.812,685.180
684.810,685.179
684.811,685.179
684.809,685.178
684.807,685.177
684.806,685.177
684.805,685.176
684.812,685.179
684.810,685.179
684.808,685.178
684.807,685.177
684.805,685.176
684.804,685.176
684.811,685.179
684.809,685.178
684.808,685.178
684.806,685.177
684.813,685.180
684.811,685.179
684.809,685.178
684.808,685.178
684.806,685.177
684.805,685.176
684.804,685.176
684.803,685.175
684.802,685.175
684.809,685.178
684.808,685.178
684.814,685.181
684.812,685.180
684.813,685.180
684.811,685.179
684.809,685.178
684.807,685.177
684.806,685.177
684.805,685.176
684.804,685.176
684.803,685.175
684.802,685.175
684.801,685.174
684.800,685.174
684.807,685.177
684.806,685.177
684.805,685.176
684.804,685.176
684.803,685.175
684.802,685.175
684.801,685.174
684.800,685.174
684.799,685.174
684.799,685.173
684.798,685.173
684.798,685.173
684.797,685.173
684.797,685.172
684.797,685.172
684.796,685.172
684.796,685.172
684.796,685.172
684.795,685.172
684.795,685.172
684.795,685.171
684.795,685.171
684.794,685.171
684.794,685.171
684.816,685.182
684.822,685.184
684.827,685.187
684.824,685.185
684.829,685.188
684.826,685.186
684.823,685.185
684.820,685.183
684.817,685.182
684.815,685.181
684.813,685.180
684.811,685.179
684.809,685.178
684.808,685.178
684.806,685.177
684.805,685.176
684.804,685.176
684.803,685.175
684.804,685.176
684.803,685.175
684.804,685.176
684.803,685.175
684.802,685.175
684.801,685.175
684.801,685.174
684.791,685.169
684.791,685.169
684.791,685.170
684.791,685.170
684.791,685.170
684.791,685.170
684.792,685.170
684.792,685.170
684.792,685.170
684.792,685.170
684.792,685.170
684.784,685.166
684.785,685.167
684.786,685.167
684.786,685.167
684.787,685.168
684.788,685.168
684.788,685.168
684.789,685.168
684.789,685.169
684.789,685.169
684.782,685.165
684.783,685.166
684.784,685.166
684.785,685.167
684.784,685.166
684.777,685.163
684.779,685.164
684.780,685.164
684.776,685.162
684.777,685.163
684.779,685.164
684.780,685.164
684.781,685.165
684.782,685.165
684.783,685.166
684.776,685.163
684.786,685.167
684.786,685.167
684.787,685.168
684.788,685.168
684.788,685.168
684.789,685.168
684.789,685.169
684.789,685.169
684.790,685.169
684.790,685.169
684.790,685.169
684.791,685.169
684.791,685.169
684.791,685.170
684.791,685.170
684.791,685.170
684.783,685.166
684.784,685.166
684.777,685.163
684.773,685.161
684.767,685.158
684.769,685.159
684.771,685.160
684.773,685.161
684.767,685.158
684.772,685.161
684.766,685.158
684.761,685.155
684.766,685.158
684.760,685.155
684.756,685.153
684.759,685.154
684.754,685.152
684.758,685.154
684.761,685.155
684.756,685.153
684.760,685.155
684.755,685.152
684.759,685.154
684.762,685.156
684.765,685.157
684.767,685.158
684.770,685.160
684.772,685.161
684.774,685.162
684.776,685.162
684.772,685.160
684.766,685.158
684.762,685.156
684.757,685.154
684.761,685.155
684.764,685.157
684.758,685.154
684.762,685.156
684.765,685.157
684.770,685.159
684.764,685.157
684.759,685.154
684.762,685.156
684.765,685.157
684.767,685.158
684.770,685.160
684.772,685.161
684.766,685.158
684.769,685.159
684.763,685.156
684.766,685.158
684.763,685.156
684.757,685.154
684.753,685.151
684.757,685.153
684.760,685.155
684.755,685.153
684.759,685.154
684.762,685.156
684.765,685.157
684.760,685.155
684.763,685.156
684.766,685.158
684.768,685.159
684.763,685.156
684.765,685.157
684.768,685.159
684.770,685.160
684.773,685.161
684.767,685.158
684.769,685.159
684.763,685.156
684.766,685.158
684.769,685.159
684.771,685.160
684.773,685.161
684.767,685.158
684.769,685.159
684.764,685.157
684.766,685.158
684.769,685.159
684.771,685.160
684.773,685.161
684.767,685.158
684.762,685.156
684.757,685.153
684.760,685.155
684.755,685.153
684.751,685.150
684.747,685.149
684.751,685.151
684.755,685.153
684.759,685.154
684.754,685.152
684.750,685.150
684.746,685.148
684.742,685.146
684.747,685.149
684.743,685.147
684.748,685.149
684.744,685.147
684.743,685.147
684.748,685.149
684.752,685.151
684.748,685.149
684.752,685.151
684.748,685.149
684.744,685.147
684.741,685.146
684.746,685.148
684.742,685.146
684.747,685.149
684.752,685.151
684.755,685.153
684.759,685.154
684.762,685.156
684.765,685.157
684.770,685.160
684.764,685.157
684.759,685.154
684.762,685.156
684.765,685.157
684.760,685.155
684.755,685.152
684.759,685.154
684.762,685.156
684.757,685.153
684.760,685.155
684.763,685.156
684.766,685.158
684.769,685.159
684.763,685.156
684.758,685.154
684.761,685.155
684.764,685.157
684.767,685.158
684.761,685.156
684.764,685.157
684.759,685.154
684.762,685.156
684.757,685.154
684.761,685.155
684.756,685.153
684.751,685.151
684.755,685.153
684.751,685.150
684.755,685.152
684.750,685.150
684.755,685.152
684.758,685.154
684.753,685.152
684.757,685.154
684.761,685.155
684.756,685.153
684.751,685.151
684.755,685.153
684.759,685.154
684.762,685.156
684.765,685.157
684.768,685.158
684.770,685.160
684.772,685.161
684.766,685.158
684.769,685.159
684.771,685.160
684.773,685.161
684.767,685.158
684.769,685.159
684.772,685.160
684.774,685.161
684.768,685.158
684.770,685.160
684.764,685.157
684.759,685.154
684.762,685.156
684.765,685.157
684.768,685.159
684.770,685.160
684.764,685.157
684.767,685.158
684.761,685.156
684.764,685.157
684.767,685.158
684.770,685.159
684.764,685.157
684.758,685.154
684.754,685.152
684.750,685.150
684.746,685.148
684.750,685.150
684.754,685.152
684.750,685.150
684.754,685.152
684.758,685.154
684.761,685.155
684.764,685.157
684.759,685.154
684.754,685.152
684.758,685.154
684.761,685.155
684.764,685.157
684.767,685.158
684.761,685.155
684.756,685.153
684.752,685.151
684.750,685.150
684.754,685.152
684.758,685.154
684.753,685.152
684.749,685.150
684.745,685.148
684.742,685.146
684.747,685.148
684.743,685.147
684.740,685.145
684.737,685.144
684.742,685.146
684.739,685.145
684.736,685.143
684.742,685.146
684.746,685.148
684.751,685.150
684.755,685.152
684.758,685.154
684.762,685.156
684.757,685.153
684.752,685.151
684.756,685.153
684.760,685.155
684.755,685.152
684.750,685.150
684.754,685.152
684.758,685.154
684.753,685.152
684.749,685.150
684.753,685.152
684.749,685.150
684.745,685.148
684.750,685.150
684.746,685.148
684.742,685.146
684.747,685.149
684.743,685.147
684.748,685.149
684.744,685.147
684.741,685.146
684.746,685.148
684.742,685.146
684.739,685.145
684.744,685.147
684.741,685.146
684.746,685.148
684.742,685.146
684.747,685.149
684.744,685.147
684.740,685.145
684.745,685.148
684.750,685.150
684.746,685.148
684.750,685.150
684.754,685.152
684.758,685.154
684.753,685.152
684.757,685.153
684.761,685.155
684.766,685.158
684.768,685.159
684.771,685.160
684.773,685.161
684.775,685.162
684.768,685.159
684.771,685.160
684.765,685.157
684.768,685.158
684.770,685.160
684.772,685.161
684.774,685.162
684.776,685.162
684.780,685.164
684.773,685.161
684.767,685.158
684.761,685.155
684.756,685.153
684.752,685.151
684.748,685.149
684.752,685.151
684.748,685.149
684.744,685.147
684.741,685.146
684.738,685.144
684.743,685.147
684.748,685.149
684.752,685.151
684.756,685.153
684.760,685.155
684.755,685.152
684.758,685.154
684.754,685.152
684.757,685.154
684.761,685.155
684.756,685.153
684.759,685.155
684.763,685.156
684.765,685.157
684.768,685.159
684.770,685.160
684.765,685.157
684.759,685.154
684.762,685.156
684.765,685.157
684.760,685.155
684.755,685.152
684.759,685.154
684.754,685.152
684.758,685.154
684.753,685.152
684.749,685.149
684.745,685.148
684.750,685.150
684.746,685.148
684.750,685.150
684.746,685.148
684.751,685.150
684.747,685.149
684.743,685.147
684.740,685.145
684.737,685.144
684.734,685.143
684.732,685.141
684.738,685.144
684.735,685.143
684.732,685.142
684.730,685.141
684.730,685.141
684.736,685.144
684.742,685.146
684.739,685.145
684.744,685.147
684.748,685.149
684.745,685.148
684.749,685.150
684.745,685.148
684.742,685.146
684.739,685.145
684.736,685.143
684.741,685.146
684.738,685.144
684.738,685.144
684.735,685.143
684.740,685.145
684.737,685.144
684.743,685.147
684.742,685.146
684.739,685.145
684.736,685.143
684.741,685.146
684.746,685.148
684.743,685.147
684.747,685.149
684.744,685.147
684.748,685.149
684.745,685.147
684.741,685.146
684.746,685.148
684.743,685.147
684.739,685.145
684.736,685.144
684.734,685.142
684.731,685.141
684.729,685.140
684.727,685.139
684.734,685.142
684.731,685.141
684.729,685.140
684.727,685.139
684.725,685.138
684.723,685.137
684.722,685.137
684.721,685.136
684.720,685.136
684.719,685.135
684.726,685.138
684.724,685.138
684.723,685.137
684.721,685.136
684.720,685.136
684.727,685.139
684.725,685.138
684.724,685.138
684.722,685.137
684.721,685.136
684.720,685.136
684.719,685.135
684.718,685.135
684.717,685.134
684.724,685.138
684.723,685.137
684.721,685.136
684.720,685.136
684.719,685.135
684.718,685.135
684.725,685.138
684.732,685.141
684.737,685.144
684.735,685.143
684.732,685.142
684.738,685.144
684.737,685.144
684.735,685.143
684.732,685.142
684.738,685.144
684.743,685.147
684.748,685.149
684.754,685.152
684.750,685.150
684.754,685.152
684.758,685.154
684.761,685.155
684.756,685.153
684.752,685.151
684.756,685.153
684.759,685.154
684.737,685.144
684.734,685.142
684.732,685.141
684.729,685.140
684.727,685.139
684.726,685.138
684.732,685.142
684.738,685.144
684.743,685.147
684.740,685.145
684.737,685.144
684.734,685.143
684.740,685.145
684.745,685.148
684.749,685.150
684.754,685.152
684.757,685.154
684.753,685.151
684.749,685.149
684.745,685.148
684.741,685.146
684.738,685.144
684.743,685.147
684.740,685.145
684.737,685.144
684.742,685.146
684.747,685.149
684.744,685.147
684.740,685.145
684.745,685.148
684.742,685.146
684.741,685.146
684.738,685.144
684.735,685.143
684.733,685.142
684.738,685.145
684.727,685.139
684.726,685.139
684.724,685.138
684.731,685.141
684.729,685.140
684.727,685.139
684.733,685.142
684.731,685.141
684.729,685.140
684.735,685.143
684.732,685.142
684.730,685.141
684.728,685.140
684.726,685.139
684.724,685.138
684.723,685.137
684.722,685.137
684.720,685.136
684.719,685.135
684.718,685.135
684.717,685.135
684.709,685.130
684.709,685.130
684.709,685.130
684.709,685.130
684.701,685.127
684.701,685.127
684.702,685.127
684.703,685.128
684.703,685.128
684.704,685.128
684.704,685.128
684.705,685.129
684.705,685.129
684.698,685.125
684.699,685.126
684.700,685.126
684.708,685.130
684.708,685.130
684.717,685.134
684.716,685.134
684.715,685.133
684.715,685.133
684.714,685.133
684.714,685.133
684.713,685.132
684.715,685.133
684.714,685.133
684.714,685.133
684.713,685.133
684.713,685.132
684.712,685.132
684.712,685.132
684.712,685.132
684.711,685.132
684.711,685.132
684.711,685.132
684.711,685.131
684.711,685.131
684.710,685.131
684.710,685.131
684.710,685.131
684.710,685.131
684.710,685.131
684.710,685.131
684.718,685.135
684.717,685.134
684.716,685.134
684.715,685.134
684.715,685.133
684.714,685.133
684.714,685.133
684.707,685.130
684.708,685.130
684.708,685.130
684.710,685.131
684.710,685.131
684.710,685.131
684.710,685.131
684.712,685.132
684.711,685.132
684.711,685.132
684.711,685.132
684.711,685.131
684.711,685.131
684.710,685.131
684.710,685.131
684.710,685.131
684.710,685.131
684.710,685.131
684.710,685.131
684.718,685.135
684.709,685.130
684.709,685.130
684.709,685.130
684.709,685.130
684.709,685.130
684.709,685.130
684.709,685.130
684.709,685.130
684.709,685.130
684.709,685.130
684.709,685.130
684.709,685.130
684.709,685.130
684.709,685.130
684.709,685.130
684.709,685.130
684.709,685.130
684.709,685.130
684.709,685.130
684.717,685.134
684.716,685.134
684.715,685.134
684.715,685.133
684.714,685.133
684.714,685.133
684.713,685.133
684.713,685.132
684.712,685.132
684.712,685.132
684.712,685.132
684.711,685.132
684.711,685.132
684.711,685.132
684.711,685.131
684.711,685.131
684.710,685.131
684.710,685.131
684.710,685.131
684.710,685.131
684.710,685.131
684.718,685.135
684.717,685.134
684.716,685.134
684.715,685.134
684.715,685.133
684.714,685.133
684.714,685.133
684.713,685.133
684.713,685.132
684.712,685.132
684.712,685.132
684.714,685.133
684.714,685.133
684.713,685.132
684.713,685.132
684.704,685.128
684.705,685.129
684.705,685.129
684.705,685.129
684.706,685.129
684.706,685.129
684.706,685.129
684.707,685.129
684.707,685.130
684.707,685.130
684.707,685.130
684.707,685.130
684.707,685.130
684.708,685.130
684.716,685.134
684.715,685.133
684.714,685.133
684.722,685.137
684.721,685.136
684.720,685.136
684.719,685.135
684.718,685.135
684.717,685.134
684.724,685.138
684.731,685.141
684.728,685.140
684.727,685.139
684.733,685.142
684.733,685.142
684.730,685.141
684.728,685.140
684.727,685.139
684.733,685.142
684.731,685.141
684.728,685.140
684.727,685.139
684.725,685.138
684.723,685.137
684.722,685.137
684.721,685.136
684.728,685.139
684.726,685.139
684.724,685.138
684.731,685.141
684.729,685.140
684.727,685.139
684.725,685.138
684.724,685.137
684.722,685.137
684.721,685.136
684.728,685.139
684.726,685.139
684.724,685.138
684.723,685.137
684.721,685.136
684.728,685.140
684.726,685.139
684.725,685.138
684.723,685.137
684.722,685.137
684.721,685.136
684.720,685.136
684.719,685.135
684.718,685.135
684.717,685.134
684.716,685.134
684.715,685.134
684.715,685.133
684.714,685.133
684.714,685.133
684.713,685.133
684.713,685.132
684.712,685.132
684.712,685.132
684.712,685.132
684.711,685.132
684.711,685.132
684.711,685.131
684.711,685.131
684.711,685.131
684.710,685.131
684.710,685.131
684.710,685.131
684.710,685.131
684.710,685.131
684.718,685.135
684.725,685.138
684.723,685.137
684.722,685.137
684.721,685.136
684.728,685.139
684.726,685.139
684.732,685.142
684.730,685.141
684.728,685.140
684.734,685.143
684.732,685.141
684.730,685.140
684.736,685.143
684.735,685.143
684.733,685.142
684.738,685.145
684.736,685.143
684.733,685.142
684.739,685.145
684.736,685.143
684.733,685.142
684.731,685.141
684.731,685.141
684.737,685.144
684.742,685.146
684.747,685.149
684.743,685.147
684.740,685.145
684.737,685.144
684.734,685.143
684.740,685.145
684.737,685.144
684.734,685.143
684.732,685.141
684.730,685.140
684.736,685.143
684.733,685.142
684.731,685.141
684.729,685.140
684.727,685.139
684.725,685.138
684.724,685.138
684.722,685.137
684.721,685.136
684.728,685.140
684.726,685.139
684.724,685.138
684.723,685.137
684.721,685.137
684.720,685.136
684.719,685.135
684.718,685.135
684.717,685.135
684.716,685.134
684.716,685.134
684.715,685.133
684.714,685.133
684.714,685.133
684.721,685.136
684.720,685.136
684.727,685.139
684.733,685.142
684.739,685.145
684.736,685.144
684.742,685.146
684.738,685.145
684.736,685.143
684.733,685.142
684.731,685.141
684.729,685.140
684.727,685.139
684.725,685.138
684.724,685.137
684.722,685.137
684.721,685.136
684.720,685.136
684.719,685.135
684.718,685.135
684.717,685.134
684.716,685.134
684.723,685.137
684.722,685.137
684.729,685.140
684.727,685.139
684.725,685.138
684.724,685.138
684.730,685.141
684.728,685.140
684.726,685.139
684.725,685.138
684.723,685.137
684.714,685.133
684.713,685.133
684.713,685.132
684.713,685.132
684.712,685.132
684.712,685.132
684.712,685.132
684.711,685.132
684.719,685.135
684.718,685.135
684.717,685.134
684.719,685.135
684.718,685.135
684.717,685.134
684.716,685.134
684.715,685.134
684.715,685.133
684.714,685.133
684.714,685.133
684.713,685.133
684.713,685.132
684.720,685.136
684.727,685.139
684.726,685.138
684.724,685.138
684.731,685.141
684.728,685.140
684.727,685.139
684.725,685.138
684.723,685.137
684.722,685.137
684.721,685.136
684.720,685.136
684.719,685.135
684.718,685.135
684.717,685.134
684.716,685.134
684.707,685.130
684.707,685.130
684.700,685.126
684.692,685.123
684.694,685.123
684.695,685.124
684.697,685.125
684.698,685.125
684.699,685.126
684.700,685.126
684.701,685.127
684.709,685.131
684.709,685.131
684.709,685.131
684.709,685.131
684.709,685.131
684.709,685.131
684.709,685.131
684.709,685.131
684.709,685.131
684.709,685.131
684.709,685.131
684.709,685.131
684.709,685.131
684.709,685.131
684.709,685.131
684.709,685.131
684.701,685.127
684.702,685.127
684.703,685.128
684.704,685.128
684.704,685.128
684.705,685.128
684.705,685.129
684.705,685.129
684.706,685.129
684.714,685.133
684.713,685.133
684.713,685.132
684.713,685.132
684.712,685.132
684.712,685.132
684.712,685.132
684.703,685.128
684.704,685.128
684.704,685.128
684.705,685.129
684.705,685.129
684.714,685.133
684.713,685.132
684.705,685.128
684.705,685.129
684.705,685.129
684.705,685.129
684.706,685.129
684.706,685.129
684.706,685.129
684.706,685.129
684.699,685.126
684.700,685.126
684.700,685.126
684.701,685.127
684.702,685.127
684.703,685.128
684.703,685.128
684.704,685.128
684.696,685.125
684.690,685.121
684.691,685.122
684.693,685.123
684.695,685.124
684.696,685.124
684.697,685.125
684.692,685.123
684.694,685.123
684.695,685.124
684.697,685.125
684.698,685.125
684.699,685.126
684.700,685.126
684.701,685.127
684.701,685.127
684.702,685.127
684.703,685.128
684.703,685.128
684.704,685.128
684.696,685.125
684.698,685.125
684.699,685.126
684.700,685.126
684.700,685.126
684.701,685.127
684.702,685.127
684.703,685.128
684.703,685.128
684.704,685.128
684.704,685.128
684.705,685.129
684.705,685.129
684.705,685.129
684.698,685.125
684.691,685.122
684.693,685.123
684.694,685.123
684.687,685.120
684.689,685.121
684.691,685.122
684.685,685.119
684.681,685.117
684.684,685.119
684.678,685.116
684.673,685.114
684.677,685.115
684.680,685.117
684.682,685.118
684.685,685.119
684.687,685.120
684.689,685.121
684.683,685.118
684.688,685.120
684.690,685.121
684.692,685.122
684.685,685.119
684.680,685.117
684.682,685.118
684.679,685.116
684.682,685.118
684.676,685.115
684.672,685.113
684.675,685.114
684.678,685.116
684.681,685.117
684.684,685.119
684.686,685.120
684.688,685.121
684.690,685.122
684.692,685.123
684.694,685.123
684.687,685.120
684.689,685.121
684.691,685.122
684.685,685.119
684.687,685.120
684.689,685.121
684.691,685.122
684.685,685.119
684.687,685.120
684.689,685.121
684.691,685.122
684.685,685.119
684.687,685.120
684.689,685.121
684.683,685.118
684.677,685.116
684.672,685.113
684.676,685.115
684.671,685.112
684.675,685.114
684.670,685.112
684.674,685.114
684.677,685.115
684.680,685.117
684.675,685.114
684.678,685.116
684.673,685.113
684.676,685.115
684.679,685.116
684.674,685.114
684.678,685.116
684.681,685.117
684.683,685.118
684.686,685.119
684.688,685.120
684.690,685.121
684.692,685.122
684.693,685.123
684.695,685.124
684.696,685.124
684.697,685.125
684.690,685.122
684.684,685.119
684.687,685.120
684.689,685.121
684.691,685.122
684.692,685.123
684.694,685.123
684.695,685.124
684.697,685.125
684.698,685.125
684.699,685.126
684.700,685.126
684.701,685.127
684.701,685.127
684.702,685.127
684.703,685.128
684.695,685.124
684.697,685.125
684.690,685.121
684.692,685.122
684.685,685.119
684.688,685.120
684.690,685.121
684.691,685.122
684.685,685.119
684.687,685.120
684.689,685.121
684.691,685.122
684.685,685.119
684.687,685.120
684.689,685.121
684.683,685.118
684.686,685.119
684.688,685.120
684.690,685.121
684.692,685.122
684.693,685.123
684.695,685.124
684.696,685.124
684.697,685.125
684.698,685.125
684.699,685.126
684.700,685.126
684.701,685.127
684.694,685.123
684.695,685.124
684.688,685.121
684.690,685.122
684.692,685.123
684.686,685.120
684.688,685.121
684.690,685.121
684.692,685.122
684.693,685.123
684.695,685.124
684.696,685.124
684.697,685.125
684.698,685.126
684.691,685.122
684.693,685.123
684.695,685.124
684.696,685.124
684.697,685.125
684.698,685.125
684.701,685.127
684.702,685.127
684.703,685.128
684.703,685.128
684.704,685.128
684.704,685.128
684.697,685.125
684.698,685.125
684.691,685.122
684.693,685.123
684.694,685.124
684.696,685.124
684.689,685.121
684.691,685.122
684.685,685.119
684.687,685.120
684.689,685.121
684.683,685.118
684.685,685.119
684.688,685.120
684.690,685.121
684.683,685.118
684.686,685.120
684.688,685.121
684.690,685.122
684.692,685.122
684.693,685.123
684.695,685.124
684.688,685.121
684.690,685.122
684.692,685.122
684.686,685.119
684.688,685.120
684.690,685.121
684.692,685.122
684.693,685.123
684.695,685.124
684.688,685.121
684.682,685.118
684.685,685.119
684.687,685.120
684.681,685.117
684.676,685.115
684.679,685.116
684.674,685.114
684.677,685.115
684.680,685.117
684.683,685.118
684.685,685.119
684.688,685.120
684.690,685.121
684.683,685.118
684.686,685.120
684.688,685.121
684.690,685.122
684.684,685.119
684.686,685.120
684.688,685.121
684.682,685.118
684.685,685.119
684.687,685.120
684.681,685.117
684.684,685.119
684.686,685.120
684.688,685.121
684.690,685.122
684.684,685.119
684.678,685.116
684.681,685.117
684.684,685.119
684.678,685.116
684.681,685.117
684.684,685.119
684.686,685.120
684.688,685.121
684.690,685.122
684.684,685.119
684.686,685.120
684.689,685.121
684.682,685.118
684.677,685.115
684.680,685.117
684.683,685.118
684.677,685.115
684.680,685.117
684.675,685.114
684.678,685.116
684.673,685.113
684.669,685.111
684.664,685.109
684.661,685.108
684.665,685.110
684.669,685.112
684.673,685.113
684.669,685.111
684.672,685.113
684.676,685.115
684.681,685.117
684.684,685.119
684.686,685.120
684.680,685.117
684.683,685.118
684.685,685.119
684.688,685.120
684.682,685.118
684.676,685.115
684.679,685.116
684.682,685.118
684.677,685.115
684.680,685.117
684.682,685.118
684.677,685.115
684.672,685.113
684.670,685.112
684.665,685.110
684.662,685.108
684.666,685.110
684.670,685.112
684.674,685.114
684.669,685.112
684.665,685.110
684.661,685.108
684.658,685.106
684.655,685.105
684.652,685.103
684.657,685.106
684.654,685.104
684.651,685.103
684.657,685.106
684.654,685.104
684.659,685.107
684.656,685.105
684.661,685.108
684.657,685.106
684.662,685.108
684.667,685.110
684.671,685.112
684.674,685.114
684.678,685.116
684.681,685.117
684.683,685.118
684.678,685.116
684.681,685.117
684.675,685.115
684.679,685.116
684.681,685.117
684.684,685.119
684.686,685.120
684.689,685.121
684.682,685.118
684.677,685.115
684.672,685.113
684.668,685.111
684.671,685.113
684.667,685.111
684.671,685.112
684.667,685.110
684.671,685.112
684.666,685.110
684.670,685.112
684.666,685.110
684.670,685.112
684.666,685.110
684.670,685.112
684.674,685.114
684.677,685.115
684.680,685.117
684.683,685.118
684.677,685.115
684.672,685.113
684.668,685.111
684.664,685.109
684.660,685.107
684.665,685.109
684.669,685.111
684.665,685.109
684.661,685.108
684.665,685.110
684.661,685.108
684.666,685.110
684.662,685.108
684.667,685.110
684.671,685.112
684.666,685.110
684.662,685.108
684.659,685.107
684.655,685.105
684.661,685.107
684.665,685.110
684.669,685.112
684.673,685.113
684.676,685.115
684.680,685.117
684.674,685.114
684.678,685.116
684.681,685.117
684.677,685.116
684.672,685.113
684.676,685.115
684.671,685.113
684.667,685.110
684.663,685.109
684.659,685.107
684.664,685.109
684.660,685.107
684.665,685.109
684.669,685.111
684.665,685.109
684.669,685.111
684.673,685.113
684.668,685.111
684.672,685.113
684.668,685.111
684.672,685.113
684.675,685.114
684.678,685.116
684.673,685.114
684.677,685.115
684.680,685.117
684.682,685.118
684.685,685.119
684.687,685.120
684.691,685.122
684.685,685.119
684.687,685.120
684.687,685.120
684.681,685.117
684.676,685.115
684.679,685.116
684.682,685.118
684.684,685.119
684.679,685.116
684.682,685.118
684.684,685.119
684.678,685.116
684.666,685.110
684.662,685.108
684.658,685.106
684.663,685.109
684.660,685.107
684.656,685.105
684.653,685.104
684.651,685.103
684.656,685.105
684.661,685.108
684.658,685.106
684.663,685.108
684.659,685.107
684.656,685.105
684.661,685.108
684.665,685.110
684.669,685.112
684.665,685.110
684.661,685.108
684.666,685.110
684.662,685.108
684.666,685.110
684.662,685.108
684.659,685.107
684.656,685.105
684.653,685.104
684.651,685.103
684.648,685.102
684.646,685.101
684.644,685.100
684.650,685.103
684.648,685.101
684.654,685.104
684.659,685.107
684.656,685.105
684.653,685.104
684.658,685.106
684.663,685.109
684.667,685.111
684.663,685.109
684.659,685.107
684.656,685.105
684.661,685.108
684.658,685.106
684.655,685.105
684.652,685.103
684.657,685.106
684.662,685.108
684.669,685.111
684.665,685.109
684.661,685.108
684.665,685.110
684.661,685.108
684.658,685.106
684.663,685.109
684.659,685.107
684.656,685.105
684.661,685.108
684.658,685.106
684.654,685.105
684.660,685.107
684.656,685.105
684.661,685.108
684.658,685.106
684.663,685.108
684.667,685.111
684.671,685.112
684.667,685.110
684.663,685.108
684.667,685.111
684.663,685.109
684.667,685.111
684.663,685.109
684.660,685.107
684.664,685.109
684.661,685.108
684.657,685.106
684.654,685.104
684.651,685.103
684.649,685.102
684.646,685.101
684.652,685.104
684.650,685.102
684.647,685.101
684.653,685.104
684.659,685.107
684.663,685.109
684.660,685.107
684.664,685.109
684.661,685.108
684.665,685.110
684.661,685.108
684.658,685.106
684.655,685.105
684.660,685.107
684.656,685.106
684.661,685.108
684.658,685.106
684.655,685.105
684.652,685.103
684.649,685.102
684.655,685.105
684.660,685.107
684.665,685.110
684.661,685.108
684.658,685.106
684.654,685.105
684.652,685.103
684.649,685.102
684.647,685.101
684.653,685.104
684.650,685.102
684.656,685.105
684.653,685.104
684.650,685.102
684.648,685.101
684.645,685.100
684.643,685.099
684.650,685.102
684.655,685.105
684.652,685.104
684.650,685.102
684.655,685.105
684.652,685.104
684.650,685.102
684.655,685.105
684.653,685.104
684.658,685.106
684.655,685.105
684.652,685.103
684.649,685.102
684.655,685.105
684.652,685.103
684.649,685.102
684.655,685.105
684.652,685.104
684.650,685.102
684.655,685.105
684.660,685.107
684.665,685.110
684.661,685.108
684.658,685.106
684.663,685.108
684.659,685.107
684.664,685.109
684.660,685.107
684.665,685.109
684.669,685.111
684.673,685.113
684.668,685.111
684.664,685.109
684.660,685.107
684.657,685.106
684.662,685.108
684.658,685.106
684.661,685.108
684.657,685.106
684.662,685.108
684.659,685.107
684.664,685.109
684.660,685.107
684.656,685.106
684.661,685.108
684.666,685.110
684.662,685.108
684.667,685.110
684.663,685.108
684.659,685.107
684.656,685.105
684.653,685.104
684.650,685.103
684.648,685.101
684.646,685.100
684.644,685.099
684.642,685.099
684.640,685.098
684.639,685.097
684.640,685.097
684.638,685.097
684.637,685.096
684.644,685.099
684.642,685.099
684.640,685.098
684.639,685.097
684.637,685.096
684.636,685.096
684.635,685.095
684.634,685.095
684.633,685.094
684.632,685.094
684.632,685.094
684.639,685.097
684.638,685.097
684.636,685.096
684.635,685.096
684.634,685.095
684.633,685.095
684.633,685.094
684.632,685.094
684.631,685.094
684.631,685.093
684.630,685.093
684.638,685.097
684.636,685.096
684.635,685.095
684.634,685.095
684.633,685.095
684.633,685.094
684.640,685.098
684.646,685.101
684.652,685.104
684.650,685.102
684.647,685.101
684.645,685.100
684.643,685.099
684.641,685.098
684.648,685.101
684.646,685.100
684.644,685.099
684.642,685.099
684.640,685.098
684.639,685.097
684.637,685.096
684.636,685.096
684.635,685.095
684.634,685.095
684.641,685.098
684.640,685.098
684.646,685.101
684.644,685.100
684.642,685.099
684.641,685.098
684.639,685.097
684.638,685.097
684.637,685.096
684.635,685.096
684.634,685.095
684.634,685.095
684.633,685.094
684.632,685.094
684.639,685.097
684.646,685.101
684.652,685.103
684.649,685.102
684.655,685.105
684.652,685.103
684.649,685.102
684.647,685.101
684.645,685.100
684.643,685.099
684.641,685.098
684.640,685.098
684.638,685.097
684.637,685.096
684.638,685.097
684.637,685.096
684.644,685.099
684.642,685.099
684.640,685.098
684.647,685.101
684.645,685.100
684.643,685.099
684.649,685.102
684.655,685.105
684.652,685.103
684.649,685.102
684.647,685.101
684.645,685.100
684.643,685.099
684.649,685.102
684.647,685.101
684.645,685.100
684.643,685.099
684.649,685.102
684.647,685.101
684.645,685.100
684.643,685.099
684.641,685.098
684.648,685.101
684.653,685.104
684.659,685.107
684.663,685.109
684.660,685.107
684.656,685.106
684.653,685.104
684.659,685.107
684.655,685.105
684.652,685.104
684.650,685.102
684.647,685.101
684.653,685.104
684.651,685.103
684.648,685.102
684.654,685.104
684.651,685.103
684.649,685.102
684.654,685.105
684.652,685.103
684.649,685.102
684.655,685.105
684.660,685.107
684.656,685.106
684.661,685.108
684.658,685.106
684.655,685.105
684.660,685.107
684.657,685.106
684.654,685.104
684.651,685.103
684.648,685.102
684.646,685.101
684.644,685.100
684.642,685.099
684.641,685.098
684.639,685.097
684.638,685.097
684.636,685.096
684.643,685.099
684.642,685.098
684.640,685.098
684.647,685.101
684.644,685.100
684.643,685.099
684.641,685.098
684.639,685.097
684.638,685.097
684.637,685.096
684.635,685.096
684.634,685.095
684.634,685.095
684.633,685.094
684.632,685.094
684.631,685.094
684.631,685.093
684.630,685.093
684.630,685.093
684.629,685.093
684.629,685.092
684.628,685.092
684.628,685.092
684.628,685.092
684.627,685.092
684.627,685.092
684.627,685.091
684.627,685.091
684.627,685.091
684.626,685.091
684.626,685.091
684.626,685.091
684.626,685.091
684.626,685.091
684.626,685.091
684.626,685.091
684.626,685.091
684.625,685.091
684.625,685.091
684.633,685.095
684.633,685.094
684.632,685.094
684.631,685.094
684.631,685.093
684.630,685.093
684.630,685.093
684.629,685.093
684.629,685.092
684.628,685.092
684.636,685.096
684.643,685.099
684.649,685.102
684.647,685.101
684.645,685.100
684.643,685.099
684.641,685.098
684.640,685.098
684.646,685.101
684.652,685.103
684.650,685.102
684.647,685.101
684.653,685.104
684.658,685.106
684.655,685.105
684.652,685.104
684.650,685.102
684.647,685.101
684.645,685.100
684.643,685.099
684.641,685.098
684.640,685.098
684.638,685.097
684.637,685.096
684.636,685.096
684.643,685.099
684.649,685.102
684.647,685.101
684.645,685.100
684.643,685.099
684.641,685.098
684.648,685.101
684.645,685.100
684.643,685.099
684.642,685.099
684.640,685.098
684.639,685.097
684.637,685.096
684.636,685.096
684.643,685.099
684.641,685.098
684.640,685.098
684.638,685.097
684.637,685.096
684.644,685.100
684.642,685.099
684.640,685.098
684.639,685.097
684.638,685.097
684.644,685.100
684.642,685.099
684.641,685.098
684.639,685.097
684.638,685.097
684.645,685.100
684.643,685.099
684.641,685.098
684.639,685.097
684.638,685.097
684.637,685.096
684.636,685.096
684.635,685.095
684.634,685.095
684.641,685.098
684.639,685.097
684.638,685.097
684.637,685.096
684.633,685.095
684.633,685.094
684.632,685.094
684.631,685.094
684.631,685.093
684.638,685.097
684.637,685.096
684.636,685.096
684.635,685.095
684.634,685.095
684.633,685.094
684.632,685.094
684.631,685.094
684.631,685.093
684.630,685.093
684.630,685.093
684.629,685.093
684.629,685.092
684.628,685.092
684.628,685.092
684.628,685.092
684.627,685.092
684.627,685.092
684.627,685.091
684.627,685.091
684.627,685.091
684.626,685.091
684.626,685.091
684.626,685.091
684.634,685.095
684.641,685.098
684.640,685.098
684.646,685.101
684.644,685.100
684.642,685.099
684.641,685.098
684.639,685.097
684.638,685.097
684.645,685.100
684.643,685.099
684.641,685.098
684.639,685.097
684.662,685.108
684.659,685.107
684.655,685.105
684.652,685.104
684.650,685.102
684.655,685.105
684.653,685.104
684.650,685.102
684.656,685.105
684.653,685.104
684.658,685.106
684.663,685.109
684.667,685.111
684.671,685.113
684.667,685.110
684.663,685.109
684.659,685.107
684.664,685.109
684.660,685.107
684.657,685.106
684.654,685.104
684.651,685.103
684.656,685.106
684.654,685.104
684.651,685.103
684.656,685.105
684.653,685.104
684.651,685.103
684.648,685.102
684.646,685.101
684.652,685.103
684.649,685.102
684.655,685.105
684.660,685.107
684.665,685.110
684.669,685.112
684.665,685.110
684.661,685.108
684.666,685.110
684.662,685.108
684.666,685.110
684.662,685.108
684.659,685.107
684.655,685.105
684.653,685.104
684.658,685.106
684.663,685.109
684.659,685.107
684.666,685.110
684.670,685.112
684.674,685.114
684.677,685.115
684.672,685.113
684.668,685.111
684.664,685.109
684.660,685.107
684.656,685.106
684.654,685.104
684.651,685.103
684.648,685.102
684.654,685.104
684.651,685.103
684.657,685.106
684.656,685.105
684.653,685.104
684.650,685.103
684.648,685.101
684.646,685.100
684.652,685.103
684.649,685.102
684.647,685.101
684.645,685.100
684.651,685.103
684.656,685.105
684.653,685.104
684.651,685.103
684.656,685.105
684.653,685.104
684.658,685.106
684.663,685.109
684.660,685.107
684.656,685.105
684.653,685.104
684.651,685.103
684.648,685.102
684.646,685.101
684.644,685.100
684.642,685.099
684.640,685.098
684.639,685.097
684.638,685.097
684.644,685.100
684.643,685.099
684.641,685.098
684.639,685.097
684.646,685.101
684.652,685.103
684.657,685.106
684.654,685.104
684.651,685.103
684.649,685.102
684.655,685.105
684.660,685.107
684.664,685.109
684.669,685.111
684.664,685.109
684.669,685.111
684.672,685.113
684.676,685.115
684.679,685.116
684.674,685.114
684.677,685.115
684.672,685.113
684.676,685.115
684.679,685.116
684.674,685.114
684.669,685.112
684.665,685.110
684.669,685.112
684.673,685.113
684.676,685.115
684.671,685.113
684.675,685.114
684.670,685.112
684.666,685.110
684.670,685.112
684.666,685.110
684.670,685.112
684.673,685.114
684.669,685.111
684.665,685.109
684.661,685.108
684.657,685.106
684.654,685.104
684.651,685.103
684.649,685.102
684.655,685.105
684.660,685.107
684.656,685.106
684.661,685.108
684.658,685.106
684.655,685.105
684.660,685.107
684.656,685.106
684.654,685.104
684.651,685.103
684.648,685.102
684.644,685.100
684.642,685.099
684.640,685.098
684.639,685.097
684.646,685.100
684.644,685.099
684.650,685.102
684.647,685.101
684.645,685.100
684.643,685.099
684.642,685.098
684.640,685.098
684.647,685.101
684.652,685.104
684.650,685.102
684.647,685.101
684.653,685.104
684.651,685.103
684.648,685.102
684.646,685.101
684.652,685.103
684.649,685.102
684.647,685.101
684.653,685.104
684.650,685.103
684.648,685.101
684.654,685.104
684.659,685.107
684.656,685.105
684.653,685.104
684.650,685.102
684.656,685.105
684.653,685.104
684.650,685.102
684.648,685.101
684.645,685.100
684.651,685.103
684.657,685.106
684.654,685.104
684.659,685.107
684.656,685.105
684.653,685.104
684.650,685.103
684.648,685.101
684.654,685.104
684.659,685.107
684.656,685.105
684.661,685.108
684.657,685.106
684.662,685.108
684.659,685.107
684.663,685.109
684.668,685.111
684.664,685.109
684.668,685.111
684.672,685.113
684.667,685.111
684.671,685.113
684.667,685.111
684.663,685.109
684.659,685.107
684.656,685.105
684.653,685.104
684.650,685.103
684.656,685.105
684.661,685.108
684.657,685.106
684.654,685.105
684.660,685.107
684.656,685.105
684.653,685.104
684.659,685.107
684.655,685.105
684.660,685.107
684.657,685.106
684.662,685.108
684.658,685.106
684.663,685.109
684.660,685.107
684.656,685.105
684.661,685.108
684.658,685.106
684.655,685.105
684.652,685.103
684.649,685.102
684.647,685.101
684.645,685.100
684.651,685.103
684.648,685.102
684.654,685.104
684.651,685.103
684.657,685.106
684.656,685.105
684.661,685.108
684.666,685.110
684.670,685.112
684.673,685.114
684.677,685.115
684.672,685.113
684.667,685.111
684.671,685.113
684.675,685.114
684.678,685.116
684.673,685.113
684.676,685.115
684.672,685.113
684.675,685.114
684.670,685.112
684.666,685.110
684.664,685.109
684.668,685.111
684.672,685.113
684.676,685.115
684.679,685.116
684.674,685.114
684.669,685.112
684.665,685.110
684.669,685.112
684.663,685.108
684.667,685.111
684.663,685.109
684.659,685.107
684.664,685.109
684.668,685.111
684.672,685.113
684.676,685.115
684.679,685.116
684.674,685.114
684.669,685.112
684.673,685.113
684.676,685.115
684.679,685.116
684.682,685.118
684.685,685.119
684.687,685.120
684.681,685.117
684.676,685.115
684.671,685.112
684.674,685.114
684.670,685.112
684.673,685.114
684.677,685.115
684.680,685.117
684.675,685.114
684.678,685.116
684.673,685.113
684.676,685.115
684.679,685.116
684.674,685.114
684.677,685.116
684.672,685.113
684.668,685.111
684.666,685.110
684.670,685.112
684.674,685.114
684.677,685.115
684.680,685.117
684.683,685.118
684.685,685.119
684.688,685.120
684.690,685.121
684.691,685.122
684.693,685.123
684.687,685.120
684.689,685.121
684.691,685.122
684.692,685.123
684.686,685.120
684.688,685.121
684.690,685.122
684.692,685.122
684.685,685.119
684.688,685.120
684.682,685.118
684.684,685.119
684.687,685.120
684.681,685.117
684.683,685.118
684.678,685.116
684.681,685.117
684.683,685.118
684.678,685.116
684.681,685.117
684.675,685.115
684.679,685.116
684.674,685.114
684.669,685.111
684.673,685.113
684.668,685.111
684.672,685.113
684.667,685.111
684.663,685.109
684.660,685.107
684.656,685.106
684.653,685.104
684.651,685.103
684.656,685.105
684.653,685.104
684.651,685.103
684.656,685.105
684.661,685.108
684.658,685.106
684.654,685.105
684.660,685.107
684.656,685.106
684.661,685.108
684.666,685.110
684.662,685.108
684.658,685.106
684.663,685.109
684.660,685.107
684.664,685.109
684.668,685.111
684.672,685.113
684.676,685.115
684.671,685.112
684.674,685.114
684.678,685.116
684.673,685.113
684.676,685.115
684.671,685.113
684.675,685.114
684.670,685.112
684.674,685.114
684.677,685.115
684.680,685.117
684.683,685.118
684.685,685.119
684.680,685.117
684.674,685.114
684.678,685.116
684.681,685.117
684.683,685.118
684.678,685.116
684.681,685.117
684.683,685.118
684.686,685.120
684.688,685.121
684.682,685.118
684.679,685.116
684.682,685.118
684.676,685.115
684.679,685.116
684.674,685.114
684.677,685.115
684.672,685.113
684.668,685.111
684.664,685.109
684.660,685.107
684.665,685.109
684.661,685.108
684.665,685.110
684.670,685.112
684.665,685.110
684.661,685.108
684.666,685.110
684.670,685.112
684.674,685.114
684.677,685.115
684.680,685.117
684.683,685.118
684.677,685.115
684.680,685.117
684.675,685.114
684.670,685.112
684.674,685.114
684.677,685.115
684.680,685.117
684.683,685.118
684.677,685.115
684.672,685.113
684.676,685.115
684.671,685.112
684.675,685.114
684.670,685.112
684.674,685.114
684.677,685.115
684.680,685.117
684.683,685.118
684.685,685.119
684.679,685.116
684.682,685.118
684.677,685.115
684.672,685.113
684.675,685.115
684.679,685.116
684.681,685.117
684.676,685.115
684.679,685.116
684.682,685.118
684.685,685.119
684.687,685.120
684.689,685.121
684.691,685.122
684.693,685.123
684.686,685.120
684.680,685.117
684.683,685.118
684.685,685.119
684.688,685.120
684.682,685.118
684.676,685.115
684.671,685.113
684.675,685.114
684.678,685.116
684.673,685.113
684.668,685.111
684.664,685.109
684.669,685.111
684.664,685.109
684.669,685.111
684.672,685.113
684.676,685.115
684.679,685.116
684.682,685.118
684.684,685.119
684.687,685.120
684.689,685.121
684.691,685.122
684.692,685.123
684.686,685.120
684.680,685.117
684.683,685.118
684.685,685.119
684.688,685.120
684.690,685.121
684.691,685.122
684.693,685.123
684.671,685.112
684.666,685.110
684.662,685.108
684.659,685.107
684.656,685.105
684.661,685.108
684.657,685.106
684.654,685.104
684.659,685.107
684.656,685.105
684.653,685.104
684.650,685.103
684.648,685.101
684.654,685.104
684.651,685.103
684.648,685.102
684.646,685.101
684.644,685.100
684.642,685.099
684.641,685.098
684.647,685.101
684.653,685.104
684.658,685.106
684.655,685.105
684.660,685.107
684.661,685.108
684.666,685.110
684.662,685.108
684.658,685.106
684.655,685.105
684.652,685.104
684.658,685.106
684.663,685.108
684.667,685.111
684.663,685.109
684.667,685.111
684.663,685.109
684.660,685.107
684.656,685.105
684.661,685.108
684.666,685.110
684.670,685.112
684.674,685.114
684.669,685.112
684.665,685.110
684.669,685.112
684.673,685.113
684.668,685.111
684.664,685.109
684.668,685.111
684.664,685.109
684.660,685.107
684.657,685.106
684.654,685.104
684.659,685.107
684.656,685.105
684.653,685.104
684.650,685.103
684.648,685.101
684.654,685.104
684.651,685.103
684.648,685.102
684.646,685.101
684.644,685.100
684.642,685.099
684.641,685.098
684.639,685.097
684.638,685.097
684.644,685.100
684.651,685.103
684.656,685.105
684.653,685.104
684.650,685.103
684.648,685.102
684.646,685.100
684.644,685.100
684.642,685.099
684.640,685.098
684.639,685.097
684.638,685.097
684.644,685.100
684.642,685.099
684.641,685.098
684.639,685.097
684.646,685.100
684.644,685.100
684.650,685.102
684.648,685.101
684.645,685.100
684.643,685.099
684.642,685.099
684.648,685.102
684.654,685.104
684.651,685.103
684.657,685.106
684.654,685.104
684.651,685.103
684.648,685.102
684.654,685.104
684.659,685.107
684.656,685.105
684.661,685.108
684.658,685.106
684.662,685.108
684.667,685.110
684.663,685.109
684.659,685.107
684.656,685.105
684.661,685.108
684.657,685.106
684.654,685.105
684.660,685.107
684.664,685.109
684.660,685.107
684.657,685.106
684.654,685.104
684.651,685.103
684.657,685.106
684.654,685.104
684.651,685.103
684.648,685.102
684.646,685.101
684.644,685.100
684.642,685.099
684.641,685.098
684.647,685.101
684.653,685.104
684.658,685.106
684.663,685.109
684.659,685.107
684.656,685.105
684.653,685.104
684.650,685.103
684.648,685.102
684.646,685.100
684.644,685.100
684.642,685.099
684.640,685.098
684.639,685.097
684.646,685.100
684.652,685.103
684.649,685.102
684.647,685.101
684.653,685.104
684.650,685.102
684.648,685.101
684.645,685.100
684.643,685.099
684.650,685.102
684.647,685.101
684.653,685.104
684.650,685.103
684.648,685.102
684.646,685.100
684.644,685.100
684.642,685.099
684.648,685.102
684.648,685.102
684.654,685.104
684.659,685.107
684.656,685.105
684.661,685.108
684.665,685.110
684.670,685.112
684.665,685.110
684.669,685.112
684.673,685.114
684.677,685.115
684.672,685.113
684.667,685.111
684.671,685.113
684.667,685.110
684.671,685.112
684.674,685.114
684.678,685.116
684.681,685.117
684.675,685.115
684.671,685.112
684.666,685.110
684.670,685.112
684.666,685.110
684.662,685.108
684.658,685.106
684.663,685.109
684.668,685.111
684.663,685.109
684.660,685.107
684.656,685.106
684.661,685.108
684.666,685.110
684.662,685.108
684.659,685.107
684.655,685.105
684.652,685.104
684.650,685.102
684.647,685.101
684.645,685.100
684.643,685.099
684.641,685.098
684.640,685.098
684.638,685.097
684.637,685.096
684.644,685.100
684.650,685.103
684.648,685.101
684.654,685.104
684.651,685.103
684.648,685.102
684.654,685.104
684.651,685.103
684.649,685.102
684.654,685.105
684.652,685.103
684.649,685.102
684.647,685.101
684.645,685.100
684.643,685.099
684.641,685.098
684.640,685.097
684.638,685.097
684.645,685.100
684.643,685.099
684.641,685.098
684.640,685.098
684.646,685.101
684.642,685.099
684.640,685.098
684.639,685.097
684.638,685.097
684.644,685.100
684.642,685.099
684.649,685.102
684.649,685.102
684.646,685.101
684.644,685.100
684.642,685.099
684.641,685.098
684.639,685.097
684.646,685.100
684.652,685.103
684.649,685.102
684.647,685.101
684.645,685.100
684.643,685.099
684.641,685.098
684.640,685.098
684.646,685.101
684.644,685.100
684.642,685.099
684.641,685.098
684.639,685.097
684.646,685.100
684.644,685.100
684.642,685.099
684.648,685.102
684.646,685.101
684.652,685.103
684.649,685.102
684.647,685.101
684.653,685.104
684.650,685.103
684.648,685.101
684.654,685.104
684.659,685.107
684.656,685.105
684.653,685.104
684.650,685.102
684.648,685.101
684.645,685.100
684.643,685.099
684.650,685.102
684.655,685.105
684.652,685.104
684.658,685.106
684.655,685.105
684.652,685.103
684.657,685.106
684.662,685.108
684.667,685.110
684.663,685.108
684.659,685.107
684.656,685.105
684.661,685.108
684.657,685.106
684.662,685.108
684.669,685.111
684.665,685.109
684.669,685.111
684.673,685.113
684.668,685.111
684.664,685.109
684.658,685.106
684.655,685.105
684.652,685.103
684.657,685.106
684.662,685.108
684.667,685.110
684.663,685.109
684.667,685.111
684.663,685.109
684.667,685.111
684.663,685.109
684.668,685.111
684.672,685.113
684.675,685.114
684.670,685.112
684.674,685.114
684.677,685.115
684.672,685.113
684.668,685.111
684.672,685.113
684.675,685.114
684.670,685.112
684.666,685.110
684.670,685.112
684.666,685.110
684.662,685.108
684.658,685.106
684.655,685.105
684.652,685.104
684.650,685.102
684.647,685.101
684.653,685.104
684.651,685.103
684.648,685.102
684.646,685.101
684.652,685.103
684.649,685.102
684.647,685.101
684.643,685.099
684.641,685.098
684.639,685.097
684.646,685.101
684.636,685.096
684.635,685.095
684.634,685.095
684.641,685.098
684.648,685.101
684.645,685.100
684.643,685.099
684.642,685.099
684.648,685.102
684.646,685.101
684.652,685.103
684.657,685.106
684.654,685.104
684.654,685.104
684.651,685.103
684.648,685.102
684.646,685.101
684.644,685.100
684.642,685.099
684.641,685.098
684.647,685.101
684.653,685.104
684.658,685.106
684.663,685.109
684.667,685.111
684.671,685.113
684.667,685.111
684.663,685.109
684.667,685.111
684.671,685.113
684.667,685.110
684.663,685.109
684.659,685.107
684.664,685.109
684.660,685.107
684.657,685.106
684.654,685.104
684.651,685.103
684.648,685.102
684.654,685.104
684.651,685.103
684.649,685.102
684.647,685.101
684.644,685.100
684.643,685.099
684.641,685.098
684.639,685.097
684.638,685.097
684.637,685.096
684.635,685.096
684.634,685.095
684.634,685.095
684.633,685.094
684.632,685.094
684.639,685.097
684.646,685.101
684.644,685.100
684.650,685.102
684.656,685.105
684.653,685.104
684.650,685.102
684.648,685.101
684.645,685.100
684.643,685.099
684.642,685.099
684.640,685.098
684.639,685.097
684.642,685.099
684.641,685.098
684.639,685.097
684.638,685.097
684.637,685.096
684.635,685.096
684.642,685.099
684.649,685.102
684.646,685.101
684.644,685.100
684.642,685.099
684.649,685.102
684.646,685.101
684.644,685.100
684.643,685.099
684.641,685.098
684.639,685.097
684.638,685.097
684.645,685.100
684.643,685.099
684.641,685.098
684.640,685.097
684.638,685.097
684.637,685.096
684.636,685.096
684.615,685.086
684.616,685.086
684.625,685.091
684.625,685.091
684.625,685.091
684.625,685.091
684.625,685.091
684.625,685.091
684.633,685.094
684.632,685.094
684.631,685.094
684.631,685.093
684.630,685.093
684.630,685.093
684.629,685.093
684.629,685.092
684.628,685.092
684.636,685.096
684.643,685.099
684.641,685.098
684.640,685.098
684.638,685.097
684.637,685.096
684.636,685.096
684.635,685.095
684.640,685.098
684.639,685.097
684.645,685.100
684.643,685.099
684.641,685.098
684.640,685.098
684.638,685.097
684.637,685.096
684.636,685.096
684.635,685.095
684.634,685.095
684.633,685.094
684.632,685.094
684.632,685.094
684.631,685.093
684.630,685.093
684.630,685.093
684.637,685.096
684.636,685.096
684.635,685.095
684.634,685.095
684.633,685.094
684.632,685.094
684.632,685.094
684.631,685.093
684.630,685.093
684.630,685.093
684.629,685.093
684.629,685.092
684.628,685.092
684.636,685.096
684.635,685.095
684.628,685.092
684.628,685.092
684.628,685.092
684.627,685.092
684.635,685.095
684.634,685.095
684.633,685.094
684.632,685.094
684.632,685.094
684.631,685.093
684.630,685.093
684.630,685.093
684.621,685.089
684.622,685.089
684.622,685.089
684.622,685.089
684.622,685.089
684.623,685.089
684.623,685.090
684.623,685.090
684.623,685.090
684.623,685.090
684.623,685.090
684.624,685.090
684.624,685.090
684.622,685.089
684.622,685.089
684.622,685.089
684.614,685.086
684.615,685.086
684.616,685.086
684.617,685.087
684.618,685.087
684.619,685.087
684.619,685.088
684.612,685.084
684.613,685.085
684.614,685.085
684.615,685.086
684.616,685.086
684.617,685.087
684.618,685.087
684.618,685.087
684.619,685.088
684.619,685.088
684.620,685.088
685.649,685.578
689.703,687.508
694.193,689.646
696.350,690.673
696.469,690.729
696.551,690.769
697.050,691.006
696.990,690.978
697.524,691.232
697.637,691.285
697.572,691.254
698.294,691.598
699.285,692.070
700.231,692.521
702.256,693.485
703.874,694.255
705.433,694.997
706.543,695.526
707.070,695.777
708.521,696.467
710.694,697.502
712.955,698.579
711.516,697.893
711.634,697.949
711.070,697.681
710.388,697.356
710.421,697.372
709.762,697.059
709.628,696.995
710.619,697.466
709.419,696.895
709.326,696.851
713.288,698.737
714.623,699.373
715.942,700.000
715.084,699.592
714.951,699.529
714.964,699.535
717.339,700.666
717.482,700.734
716.580,700.304
715.613,699.844
714.652,699.387
714.516,699.322
713.860,699.009
713.333,698.759
712.374,698.302
712.238,698.237
711.595,697.931
710.379,697.352
710.155,697.245
709.344,696.859
709.376,696.874
708.371,696.396
707.518,695.990
707.014,695.750
706.494,695.502
705.545,695.050
704.935,694.760
704.183,694.402
703.379,694.019
702.629,693.662
701.797,693.266
700.906,692.842
700.247,692.528
700.072,692.445
699.218,692.038
699.042,691.954
698.308,691.605
697.707,691.319
697.533,691.236
697.387,691.167
696.850,690.911
696.633,690.808
696.502,690.745
695.865,690.442
695.776,690.400
695.689,690.358
695.645,690.337
695.573,690.303
695.493,690.265
695.415,690.228
695.374,690.208
695.359,690.201
695.368,690.205
695.386,690.214
695.396,690.219
695.391,690.216
695.377,690.209
695.355,690.199
695.319,690.182
695.287,690.167
695.259,690.153
695.242,690.145
695.219,690.134
695.198,690.124
695.179,690.115
695.170,690.111
695.146,690.100
695.132,690.093
695.120,690.087
695.109,690.082
695.099,690.077
695.090,690.073
695.082,690.069
695.075,690.066
695.068,690.062
695.062,690.060
695.057,690.057
695.052,690.055
695.047,690.053
695.043,690.051
695.040,690.049
695.036,690.047
695.033,690.046
695.031,690.045
695.004,690.032
694.967,690.015
694.413,689.751
694.283,689.689
694.196,689.647
694.118,689.610
694.063,689.584
694.025,689.566
693.977,689.543
693.940,689.526
693.911,689.512
693.872,689.493
693.839,689.478
693.812,689.464
693.783,689.451
693.749,689.435
693.716,689.419
693.681,689.402
693.647,689.386
693.625,689.376
693.601,689.364
693.584,689.356
693.573,689.351
693.555,689.342
693.543,689.336
693.519,689.325
693.494,689.313
693.480,689.306
693.462,689.298
693.447,689.291
693.433,689.284
693.412,689.274
693.393,689.265
693.380,689.259
693.369,689.253
693.358,689.248
693.341,689.240
693.325,689.233
693.311,689.226
693.306,689.224
693.293,689.218
693.282,689.212
693.264,689.203
693.247,689.196
693.240,689.192
693.230,689.187
693.220,689.183
693.219,689.182
693.219,689.182
693.210,689.178
693.207,689.176
693.200,689.173
693.193,689.170
693.187,689.167
693.181,689.164
693.181,689.164
693.180,689.164
693.180,689.163
693.179,689.163
693.179,689.163
693.170,689.159
693.171,689.159
693.163,689.155
693.156,689.152
693.145,689.147
693.136,689.142
693.131,689.140
693.127,689.138
693.124,689.137
693.120,689.135
693.113,689.132
693.111,689.131
693.109,689.130
693.099,689.125
693.094,689.123
693.085,689.118
693.078,689.115
693.074,689.113
693.068,689.110
693.062,689.107
693.060,689.106
693.055,689.104
693.050,689.102
693.046,689.100
693.050,689.102
693.046,689.100
693.045,689.099
693.042,689.098
693.046,689.100
693.046,689.100
693.042,689.098
693.038,689.096
693.039,689.096
693.039,689.097
693.036,689.095
693.041,689.097
693.041,689.098
693.038,689.096
693.043,689.098
693.043,689.098
693.039,689.097
693.044,689.099
693.040,689.097
693.037,689.095
693.034,689.094
693.039,689.097
693.040,689.097
693.036,689.095
693.033,689.094
693.031,689.092
693.028,689.091
693.021,689.088
693.012,689.083
693.003,689.079
692.995,689.076
692.988,689.072
692.977,689.067
692.963,689.060
692.955,689.056
692.935,689.047
692.909,689.035
692.894,689.028
692.872,689.017
692.853,689.008
692.838,689.001
692.814,688.989
692.791,688.979
692.767,688.967
692.749,688.958
692.725,688.947
692.711,688.940
692.698,688.934
692.687,688.929
692.677,688.924
692.659,688.916
692.644,688.908
692.622,688.898
692.609,688.892
692.590,688.883
692.573,688.875
692.566,688.871
692.551,688.864
692.537,688.858
692.525,688.852
692.506,688.843
692.489,688.835
692.473,688.827
692.459,688.820
692.438,688.810
692.419,688.801
692.402,688.793
692.379,688.782
692.365,688.776
692.345,688.766
692.327,688.758
692.311,688.750
692.288,688.739
692.267,688.729
692.256,688.724
692.238,688.715
692.222,688.708
692.200,688.697
692.176,688.685
692.149,688.673
692.122,688.660
692.093,688.646
692.058,688.630
692.027,688.615
691.999,688.601
691.965,688.585
691.926,688.567
691.891,688.550
691.848,688.530
691.805,688.509
691.762,688.488
691.715,688.466
691.676,688.447
691.632,688.427
691.593,688.408
691.562,688.393
691.526,688.376
691.494,688.361
691.456,688.343
691.422,688.327
691.387,688.310
691.355,688.295
691.326,688.281
691.308,688.272
691.280,688.259
691.254,688.247
691.227,688.234
691.202,688.222
691.184,688.213
691.155,688.200
691.134,688.189
691.110,688.178
691.092,688.170
691.077,688.162
691.058,688.153
691.046,688.148
691.027,688.138
691.010,688.130
690.994,688.123
690.983,688.118
690.970,688.111
690.953,688.103
690.647,687.958
690.642,687.955
690.645,687.957
690.640,687.954
690.635,687.952
690.631,687.950
690.627,687.948
690.624,687.947
690.621,687.945
690.618,687.944
690.615,687.942
690.613,687.941
690.611,687.940
690.617,687.943
690.614,687.942
690.612,687.941
690.610,687.940
690.603,687.937
690.605,687.938
690.599,687.935
690.598,687.934
690.590,687.930
690.590,687.930
690.590,687.930
690.590,687.930
690.442,687.860
690.448,687.863
690.449,687.863
690.446,687.862
690.444,687.861
690.442,687.860
690.440,687.859
690.441,687.860
690.439,687.859
690.433,687.856
690.432,687.855
690.431,687.855
690.425,687.852
690.416,687.848
690.420,687.850
690.420,687.850
690.423,687.851
690.415,687.847
690.416,687.848
690.411,687.845
690.412,687.846
690.408,687.844
690.410,687.845
690.406,687.843
690.407,687.844
690.404,687.842
690.397,687.839
690.392,687.836
690.386,687.834
690.385,687.833
690.380,687.831
690.371,687.826
690.368,687.825
690.365,687.823
690.362,687.822
690.360,687.821
690.366,687.824
690.363,687.822
690.352,687.817
690.351,687.817
690.341,687.812
690.341,687.812
690.340,687.812
690.340,687.812
690.340,687.811
690.331,687.807
690.324,687.804
690.325,687.804
690.313,687.799
690.307,687.796
690.302,687.793
690.297,687.791
690.293,687.789
690.289,687.787
690.286,687.786
690.286,687.786
690.282,687.784
690.279,687.783
690.277,687.781
690.278,687.782
690.267,687.777
690.258,687.772
690.249,687.768
690.244,687.766
690.240,687.764
690.241,687.764
690.234,687.761
690.236,687.762
690.232,687.760
690.226,687.757
690.229,687.758
690.231,687.760
690.225,687.757
690.219,687.754
690.214,687.752
690.210,687.749
690.201,687.745
690.198,687.744
690.195,687.742
690.184,687.737
690.182,687.736
690.181,687.736
690.180,687.735
690.178,687.734
690.169,687.730
690.164,687.728
690.156,687.724
690.152,687.722
690.149,687.721
690.146,687.719
690.143,687.718
690.137,687.715
690.132,687.712
690.127,687.710
690.123,687.708
690.119,687.706
690.116,687.705
690.116,687.705
690.116,687.705
690.112,687.703
690.110,687.702
690.107,687.701
690.105,687.699
690.102,687.698
690.101,687.697
690.099,687.697
690.097,687.696
690.096,687.695
690.095,687.695
690.093,687.694
690.092,687.694
690.091,687.693
690.091,687.693
690.090,687.692
690.081,687.688
690.081,687.688
690.081,687.688
690.081,687.688
690.081,687.688
690.073,687.685
690.074,687.685
690.075,687.685
690.068,687.682
690.064,687.680
690.058,687.677
690.060,687.678
690.062,687.679
690.056,687.676
690.059,687.677
690.061,687.679
690.063,687.680
690.065,687.680
690.058,687.677
690.052,687.675
690.047,687.672
690.042,687.670
690.046,687.672
690.045,687.671
690.040,687.669
690.044,687.671
690.040,687.669
690.031,687.664
690.028,687.663
690.025,687.661
690.022,687.660
690.020,687.659
690.021,687.660
690.011,687.655
690.009,687.654
690.008,687.654
690.002,687.651
690.002,687.651
690.001,687.650
690.001,687.650
690.001,687.650
690.000,687.650
690.000,687.650
690.000,687.650
690.000,687.649
689.995,687.647
689.987,687.643
689.988,687.644
689.981,687.640
689.982,687.641
689.984,687.642
689.977,687.639
689.979,687.640
689.973,687.637
689.975,687.638
689.977,687.639
689.979,687.640
689.973,687.637
689.975,687.638
689.964,687.633
689.968,687.634
689.970,687.636
689.968,687.634
689.963,687.632
689.958,687.630
689.962,687.631
689.957,687.629
689.953,687.627
689.949,687.625
689.946,687.624
689.943,687.622
689.940,687.621
689.937,687.620
689.935,687.619
689.933,687.618
689.931,687.617
689.929,687.616
689.928,687.615
689.926,687.615
689.925,687.614
689.924,687.613
689.926,687.614
689.925,687.614
689.924,687.613
689.923,687.613
689.914,687.608
689.914,687.608
689.914,687.608
689.913,687.608
689.913,687.608
689.913,687.608
689.908,687.606
689.909,687.606
689.904,687.604
689.905,687.604
689.906,687.605
689.906,687.605
689.907,687.605
689.908,687.606
689.900,687.602
689.893,687.599
689.895,687.600
689.897,687.600
689.890,687.597
689.892,687.598
689.886,687.595
689.889,687.597
689.883,687.594
689.886,687.595
689.888,687.596
689.883,687.594
689.886,687.595
689.888,687.596
689.882,687.594
689.877,687.591
689.873,687.589
689.876,687.591
689.872,687.589
689.876,687.590
689.871,687.588
689.867,687.586
689.867,687.586
689.863,687.584
689.868,687.587
689.864,687.585
689.860,687.583
689.857,687.582
689.855,687.580
689.852,687.579
689.850,687.578
689.848,687.577
689.846,687.576
689.844,687.575
689.843,687.575
689.833,687.570
689.825,687.566
