# Physical_Baseline=686.12pF, Trigger_Distance=161.6cm, Atten_Ratio=261.15
Raw_Capacitance(pF),Normalized_Capacitance(pF)
686.141,690.647
686.143,691.237
686.145,691.779
686.147,692.273
686.149,692.719
686.148,692.480
686.147,692.257
686.138,689.961
686.141,690.631
686.135,689.133
686.138,689.882
686.140,690.551
686.140,690.519
686.140,690.487
686.140,690.456
686.142,691.077
686.136,689.531
686.139,690.232
686.139,690.232
686.147,692.320
686.141,690.663
686.143,691.253
686.145,691.794
686.144,691.635
686.144,691.492
686.146,692.002
686.148,692.464
686.149,692.894
686.143,691.173
686.134,688.989
686.135,689.101
686.135,689.196
686.135,689.292
686.136,689.372
686.130,687.985
686.134,688.830
686.137,689.595
686.131,688.192
686.132,688.384
686.133,688.559
686.133,688.718
686.128,687.395
686.124,686.200
686.120,685.116
686.116,684.144
686.112,683.267
686.107,681.833
686.110,682.630
686.113,683.347
686.115,684.000
686.120,685.228
686.116,684.239
686.121,685.451
686.117,684.447
686.111,682.900
686.106,681.498
686.111,682.964
686.116,684.287
686.113,683.395
686.110,682.582
686.105,681.211
686.100,679.968
686.096,678.852
686.102,680.573
686.108,682.135
686.105,681.450
686.101,680.191
686.104,681.147
686.110,682.645
686.107,681.912
686.105,681.243
686.100,680.000
686.104,680.972
686.107,681.849
686.104,681.179
686.110,682.677
686.107,681.928
686.113,683.363
686.115,684.016
686.118,684.606
686.112,683.044
686.109,682.263
686.114,683.666
686.119,684.925
686.123,686.072
686.125,686.471
686.126,686.821
686.119,685.052
686.116,684.080
686.112,683.203
686.109,682.406
686.106,681.689
686.109,682.502
686.112,683.235
686.115,683.889
686.120,685.132
686.116,684.160
686.112,683.283
686.109,682.486
686.104,681.131
686.100,679.904
686.103,680.876
686.101,680.302
686.099,679.792
686.105,681.418
686.111,682.900
686.108,682.135
686.111,682.900
686.114,683.586
686.116,684.207
686.113,683.315
686.118,684.606
686.114,683.681
686.116,684.303
686.119,684.861
686.120,685.371
686.117,684.367
686.113,683.458
686.118,684.733
686.114,683.793
686.117,684.399
686.119,684.957
686.113,683.363
686.118,684.654
686.122,685.817
686.110,682.534
686.112,683.267
686.117,684.574
686.114,683.650
686.111,682.821
686.108,682.072
686.113,683.490
686.108,682.040
686.111,682.821
686.113,683.522
686.118,684.797
686.115,683.857
686.111,682.996
686.108,682.215
686.111,682.980
686.106,681.578
686.104,680.940
686.101,680.366
686.099,679.840
686.106,681.466
686.109,682.295
686.112,683.044
686.109,682.263
686.114,683.666
686.119,684.925
686.123,686.072
686.125,686.471
686.126,686.821
686.127,687.140
686.123,685.977
686.119,684.925
686.123,686.072
686.127,687.108
686.120,685.307
686.122,685.770
686.118,684.733
686.114,683.793
686.111,682.948
686.108,682.183
686.106,681.482
686.101,680.223
686.104,681.163
686.110,682.661
686.115,684.016
686.120,685.244
686.124,686.359
686.126,686.726
686.127,687.061
686.128,687.363
686.124,686.168
686.127,687.188
686.123,686.009
686.127,687.045
686.120,685.244
686.122,685.706
686.123,686.136
686.127,687.156
686.131,688.081
686.126,686.821
686.130,687.778
686.131,688.001
686.131,688.208
686.124,686.311
686.125,686.678
686.121,685.562
686.117,684.542
686.114,683.618
686.108,682.151
686.111,682.916
686.114,683.602
686.116,684.223
686.121,685.435
686.125,686.535
686.121,685.419
686.125,686.519
686.129,687.507
686.130,687.762
686.130,687.985
686.131,688.192
686.124,686.296
686.128,687.300
686.123,686.120
686.119,685.052
686.124,686.184
686.125,686.566
686.134,689.005
686.135,689.117
686.135,689.212
686.130,687.842
686.133,688.702
686.128,687.379
686.129,687.650
686.125,686.439
686.120,685.339
686.125,686.439
686.128,687.443
686.132,688.352
686.133,688.527
686.125,686.598
686.129,687.587
686.132,688.479
686.135,689.276
686.130,687.905
686.133,688.766
686.134,688.894
686.134,689.021
686.129,687.682
686.125,686.471
686.128,687.459
686.132,688.368
686.127,687.077
686.128,687.379
686.129,687.650
686.130,687.889
686.123,686.009
686.116,684.319
686.121,685.514
686.117,684.494
686.114,683.586
686.110,682.757
686.108,682.008
686.103,680.701
686.106,681.609
686.101,680.334
686.097,679.187
686.095,678.772
686.094,678.406
686.101,680.175
686.099,679.665
686.102,680.669
686.106,681.578
686.101,680.302
686.099,679.792
686.105,681.418
686.111,682.900
686.108,682.135
686.113,683.538
686.116,684.176
686.118,684.749
686.120,685.259
686.114,683.634
686.119,684.893
686.115,683.937
686.112,683.076
686.109,682.295
686.106,681.593
686.109,682.406
686.112,683.140
686.115,683.809
686.109,682.327
686.112,683.076
686.117,684.399
686.121,685.594
686.117,684.574
686.114,683.650
686.119,684.909
686.121,685.403
686.122,685.865
686.116,684.192
686.110,682.661
686.107,681.912
686.113,683.347
686.110,682.534
686.107,681.801
686.110,682.598
686.113,683.315
686.110,682.518
686.107,681.785
686.104,681.131
686.102,680.542
686.108,682.104
686.111,682.869
686.114,683.570
686.116,684.192
686.113,683.299
686.109,682.502
686.107,681.769
686.112,683.203
686.109,682.406
686.104,681.052
686.107,681.928
686.110,682.709
686.113,683.426
686.110,682.614
686.107,681.880
686.105,681.211
686.102,680.605
686.108,682.151
686.111,682.916
686.106,681.514
686.109,682.343
686.106,681.625
686.104,680.988
686.109,682.502
686.112,683.235
686.115,683.889
686.112,683.028
686.109,682.247
686.106,681.546
686.103,680.908
686.144,691.603
686.146,692.113
686.140,690.472
686.140,690.440
686.140,690.408
686.134,688.925
686.129,687.587
686.124,686.375
686.126,686.742
686.127,687.077
686.128,687.379
686.124,686.184
686.128,687.204
686.131,688.128
686.126,686.869
686.127,687.188
686.129,687.475
686.124,686.280
686.128,687.300
686.131,688.208
686.126,686.933
686.128,687.236
686.129,687.523
686.122,685.690
686.118,684.654
686.127,686.981
686.122,685.833
686.116,684.160
686.110,682.645
686.105,681.275
686.108,682.119
686.105,681.434
686.111,682.900
686.108,682.135
686.105,681.450
686.109,682.279
686.112,683.028
686.117,684.351
686.113,683.442
686.118,684.718
686.114,683.777
686.111,682.932
686.114,683.618
686.116,684.239
686.121,685.451
686.125,686.535
686.121,685.419
686.125,686.519
686.129,687.507
686.130,687.762
686.111,682.821
686.116,684.160
686.112,683.283
686.115,683.937
686.109,682.438
686.104,681.083
686.107,681.944
686.113,683.363
686.118,684.654
686.122,685.817
686.126,686.869
686.127,687.188
686.129,687.475
686.122,685.642
686.126,686.710
686.129,687.682
686.133,688.559
686.128,687.252
686.123,686.072
686.127,687.108
686.128,687.395
686.121,685.562
686.123,686.009
686.116,684.319
686.121,685.514
686.125,686.598
686.129,687.587
686.124,686.375
686.126,686.742
686.119,684.973
686.121,685.467
686.115,683.825
686.117,684.431
686.113,683.522
686.110,682.693
686.115,684.048
686.112,683.171
686.109,682.374
686.106,681.657
686.109,682.470
686.112,683.203
686.115,683.873
686.111,683.012
686.108,682.231
686.114,683.634
686.111,682.805
686.116,684.144
686.118,684.718
686.112,683.140
686.115,683.809
686.109,682.327
686.106,681.609
686.112,683.060
686.109,682.279
686.106,681.578
686.112,683.044
686.109,682.263
686.111,683.012
686.114,683.697
686.116,684.319
686.121,685.514
686.125,686.598
686.121,685.483
686.123,685.929
686.124,686.327
686.128,687.332
686.131,688.240
686.135,689.069
686.129,687.714
686.130,687.953
686.134,688.814
686.137,689.579
686.139,690.280
686.139,690.264
686.139,690.264
686.139,690.264
686.142,690.902
686.136,689.372
686.130,687.985
686.134,688.830
686.129,687.507
686.122,685.674
686.123,686.104
686.125,686.487
686.126,686.837
686.130,687.794
686.125,686.566
686.121,685.451
686.122,685.897
686.124,686.311
686.133,688.766
686.136,689.547
686.139,690.248
686.142,690.886
686.141,690.822
686.141,690.758
686.143,691.348
686.145,691.874
686.139,690.264
686.139,690.264
686.139,690.264
686.139,690.264
686.142,690.902
686.144,691.476
686.143,691.348
686.151,693.325
686.152,693.659
686.153,693.978
686.155,694.265
686.161,695.971
686.161,696.066
686.162,696.146
686.168,697.676
686.165,696.959
686.173,699.047
686.172,698.840
686.177,700.115
686.184,701.900
686.182,701.422
686.178,700.354
686.185,702.123
686.191,703.717
686.194,704.514
686.191,703.797
686.202,706.682
686.207,707.845
686.211,708.897
686.212,709.216
686.223,712.228
686.234,714.954
686.235,715.336
686.245,717.775
686.243,717.249
686.243,717.409
686.249,719.002
686.249,719.002
686.255,720.437
686.254,720.294
686.254,720.166
686.253,720.054
686.253,719.943
686.258,721.298
686.265,723.163
686.269,724.199
686.275,725.793
686.286,728.677
686.291,729.841
686.292,730.255
686.296,731.276
686.300,732.200
686.303,733.029
686.306,733.778
686.300,732.359
686.304,733.172
686.312,735.356
686.314,735.882
686.313,735.723
686.315,736.217
686.314,736.025
686.316,736.488
686.326,739.006
686.324,738.544
686.325,738.767
686.323,738.321
686.324,738.576
686.325,738.799
686.326,739.006
686.327,739.197
686.333,740.807
686.325,738.719
686.334,741.030
686.331,740.377
686.331,740.425
686.329,739.819
686.329,739.930
686.322,738.034
686.323,738.305
686.322,737.906
686.323,738.193
686.324,738.448
686.325,738.687
686.326,738.910
686.324,738.448
686.325,738.687
686.331,740.345
686.331,740.409
686.329,739.819
686.329,739.930
686.335,741.477
686.335,741.429
686.335,741.381
686.340,742.784
686.348,744.696
686.344,743.692
686.343,743.437
686.347,744.648
686.354,746.386
686.352,745.876
686.350,745.413
686.349,744.983
686.378,752.714
686.382,753.686
686.383,753.909
686.386,754.770
686.389,755.551
686.384,754.164
686.379,752.905
686.383,753.861
686.384,754.068
686.379,752.825
686.382,753.781
686.378,752.554
686.382,753.542
686.385,754.435
686.386,754.594
686.381,753.303
686.384,754.228
686.385,754.403
686.388,755.216
686.391,755.949
686.391,755.965
686.385,754.531
686.380,753.240
686.381,753.511
686.385,754.403
686.388,755.216
686.388,755.296
686.391,756.029
686.391,756.029
686.386,754.594
686.389,755.391
686.397,757.559
686.399,758.069
686.401,758.531
686.400,758.308
686.393,756.651
686.393,756.603
686.393,756.555
686.395,757.161
686.395,757.065
686.389,755.535
686.392,756.236
686.392,756.220
686.394,756.858
686.396,757.432
686.396,757.304
686.390,755.742
686.390,755.774
686.393,756.459
686.395,757.081
686.395,756.985
686.397,757.559
686.399,758.069
686.398,757.878
686.400,758.356
686.394,756.698
686.393,756.635
686.388,755.136
686.391,755.885
686.393,756.555
686.395,757.161
686.395,757.065
686.397,757.623
686.399,758.133
686.398,757.942
686.392,756.332
686.387,754.865
686.382,753.542
686.377,752.347
686.378,752.698
686.382,753.670
686.377,752.459
686.381,753.463
686.377,752.267
686.378,752.634
686.382,753.622
686.375,751.773
686.371,750.737
686.375,751.901
686.377,752.299
686.381,753.319
686.382,753.590
686.385,754.483
686.380,753.192
686.373,751.375
686.377,752.474
686.373,751.375
686.375,751.821
686.379,752.873
686.380,753.176
686.376,752.012
686.380,753.048
686.381,753.335
686.384,754.244
686.387,755.073
686.380,753.080
686.383,754.021
686.387,754.865
686.379,752.889
686.375,751.757
686.376,752.172
686.372,751.104
686.368,750.131
686.365,749.255
686.370,750.562
686.372,751.088
686.376,752.219
686.372,751.152
686.374,751.630
686.378,752.714
686.380,753.032
686.375,751.885
686.379,752.937
686.375,751.789
686.371,750.753
686.373,751.263
686.369,750.275
686.374,751.486
686.367,749.829
686.364,748.984
686.367,749.669
686.364,748.840
686.361,748.091
686.358,747.406
686.356,746.784
686.359,747.677
686.357,747.039
686.354,746.465
686.352,745.939
686.351,745.461
686.346,744.377
686.345,744.059
686.342,743.118
686.341,742.911
686.340,742.720
686.345,743.995
686.352,745.796
686.348,744.680
686.346,744.330
686.345,744.011
686.349,745.158
686.348,744.760
686.346,744.393
686.345,744.059
686.344,743.756
686.343,743.485
686.342,743.246
686.347,744.473
686.346,744.138
686.344,743.836
686.349,744.999
686.347,744.617
686.344,743.612
686.351,745.445
686.349,745.015
686.353,746.067
686.351,745.573
686.355,746.577
686.353,746.035
686.351,745.557
686.355,746.561
686.353,746.035
686.356,746.991
686.354,746.418
686.350,745.254
686.348,744.840
686.355,746.561
686.353,746.035
686.351,745.557
686.355,746.561
686.353,746.035
686.348,744.903
686.347,744.521
686.351,745.621
686.349,745.174
686.348,744.776
686.344,743.756
686.343,743.485
686.340,742.592
686.339,742.433
686.338,742.289
686.338,742.162
686.338,742.050
686.343,743.389
686.342,743.150
686.349,745.031
686.347,744.648
686.346,744.298
686.350,745.413
686.349,744.983
686.345,743.947
686.344,743.660
686.343,743.405
686.347,744.617
686.346,744.266
686.350,745.398
686.349,744.967
686.345,743.931
686.344,743.644
686.343,743.389
686.339,742.465
686.339,742.321
686.344,743.628
686.343,743.373
686.339,742.497
686.339,742.353
686.338,742.226
686.335,741.461
686.335,741.413
686.332,740.727
686.333,740.743
686.341,742.863
686.340,742.688
686.339,742.529
686.336,741.732
686.344,743.756
686.349,744.935
686.347,744.553
686.343,743.565
686.342,743.310
686.349,745.174
686.356,746.864
686.354,746.306
686.349,745.143
686.348,744.744
686.374,751.678
686.370,750.657
686.372,751.183
686.377,752.299
686.370,750.578
686.375,751.757
686.376,752.172
686.372,751.104
686.368,750.131
686.371,750.705
686.375,751.869
686.371,750.833
686.373,751.327
686.377,752.427
686.379,752.777
686.382,753.750
686.378,752.538
686.373,751.438
686.370,750.434
686.372,750.976
686.368,750.020
686.373,751.247
686.377,752.363
686.381,753.367
686.374,751.534
686.416,762.452
686.416,762.500
686.416,762.548
686.414,761.942
686.414,762.038
686.414,762.118
686.415,762.197
686.420,763.712
686.420,763.632
686.428,765.656
686.432,766.836
686.431,766.469
686.430,766.134
686.429,765.831
686.433,766.995
686.432,766.612
686.438,768.366
686.434,767.202
686.432,766.804
686.431,766.437
686.427,765.449
686.426,765.210
686.425,764.987
686.425,764.795
686.424,764.620
686.423,764.461
686.428,765.768
686.427,765.497
686.418,763.170
686.418,763.154
686.424,764.572
686.431,766.517
686.430,766.182
686.429,765.879
686.433,767.043
686.432,766.660
686.430,766.310
686.429,765.991
686.434,767.138
686.432,766.740
686.431,766.373
686.435,767.489
686.431,766.405
686.430,766.071
686.428,765.768
686.425,764.843
686.424,764.668
686.424,764.508
686.431,766.453
686.427,765.465
686.426,765.226
686.433,767.107
686.429,766.055
686.426,765.114
686.425,764.907
686.424,764.716
686.421,763.903
686.421,763.807
686.421,763.727
686.418,763.010
686.418,763.010
686.418,763.010
686.418,763.010
686.415,762.357
686.424,764.508
686.423,764.365
686.422,764.238
686.419,763.457
686.419,763.409
686.427,765.465
686.426,765.226
686.423,764.365
686.422,764.238
686.422,764.110
686.419,763.345
686.424,764.748
686.424,764.572
686.423,764.413
686.423,764.269
686.422,764.142
686.419,763.377
686.419,763.329
686.427,765.385
686.424,764.508
686.428,765.800
686.427,765.529
686.427,765.289
686.426,765.066
686.430,766.310
686.429,765.991
686.428,765.704
686.427,765.449
686.432,766.660
686.430,766.310
686.429,765.991
686.436,767.792
686.432,766.676
686.438,768.414
686.436,767.888
686.435,767.425
686.431,766.341
686.429,766.023
686.428,765.736
686.427,765.465
686.432,766.676
686.436,767.760
686.442,769.402
686.440,768.780
686.435,767.569
686.434,767.122
686.432,766.724
686.431,766.357
686.437,768.127
686.433,766.979
686.432,766.597
686.430,766.246
686.429,765.927
686.433,767.091
686.432,766.692
686.439,768.429
686.437,767.904
686.432,766.788
686.439,768.525
686.437,767.999
686.443,769.609
686.446,770.422
686.443,769.705
686.441,769.067
686.447,770.581
686.442,769.211
686.439,768.621
686.437,768.079
686.443,769.689
686.446,770.486
686.444,769.768
686.441,769.115
686.439,768.525
686.434,767.346
686.433,766.931
686.439,768.653
686.445,770.199
686.448,770.948
686.453,772.287
686.450,771.394
686.447,770.597
686.444,769.864
686.447,770.645
686.452,772.016
686.457,773.243
686.451,771.617
686.453,772.239
686.450,771.362
686.447,770.565
686.444,769.848
686.439,768.541
686.437,768.015
686.435,767.537
686.441,769.195
686.437,767.951
686.435,767.473
686.441,769.131
686.447,770.645
686.444,769.912
686.447,770.693
686.452,772.048
686.449,771.187
686.454,772.494
686.456,773.036
686.450,771.426
686.455,772.717
686.451,771.793
686.456,773.052
686.458,773.530
686.462,774.614
686.466,775.602
686.461,774.391
686.455,772.653
686.457,773.179
686.453,772.207
686.458,773.418
686.454,772.430
686.450,771.522
686.453,772.143
686.449,771.267
686.454,772.574
686.451,771.665
686.448,770.836
686.458,773.626
686.463,774.709
686.466,775.682
686.470,776.558
686.470,776.702
686.471,776.829
686.466,775.506
686.461,774.311
686.457,773.227
686.461,774.343
686.463,774.709
686.466,775.682
686.470,776.558
686.465,775.267
686.468,776.192
686.469,776.383
686.472,777.196
686.475,777.929
686.477,778.599
686.472,777.116
686.475,777.865
686.475,777.897
686.477,778.567
686.472,777.084
686.475,777.834
686.475,777.865
686.475,777.897
686.469,776.479
686.472,777.292
686.475,778.025
686.475,778.041
686.475,778.041
686.478,778.694
686.480,779.284
686.474,777.722
686.477,778.407
686.477,778.375
686.479,778.997
686.481,779.571
686.483,780.081
686.485,780.543
686.484,780.320
686.486,780.766
686.487,781.165
686.481,779.427
686.475,777.865
686.475,777.897
686.475,777.913
686.477,778.583
686.480,779.188
686.482,779.746
686.484,780.240
686.485,780.687
686.485,780.448
686.478,778.790
686.472,777.276
686.475,778.009
686.470,776.574
686.470,776.718
686.471,776.845
686.466,775.522
686.461,774.327
686.465,775.347
686.469,776.256
686.469,776.431
686.470,776.590
686.473,777.387
686.476,778.105
686.478,778.758
686.480,779.348
686.482,779.890
686.482,779.714
686.484,780.208
686.477,778.567
686.480,779.172
686.482,779.730
686.484,780.224
686.483,780.017
686.485,780.495
686.486,780.926
686.488,781.308
686.481,779.555
686.481,779.412
686.480,779.284
686.482,779.826
686.484,780.320
686.478,778.662
686.480,779.268
686.480,779.156
686.479,779.061
686.481,779.619
686.475,778.025
686.478,778.678
686.472,777.180
686.472,777.276
686.473,777.355
686.467,775.985
686.471,776.845
686.466,775.522
686.469,776.415
686.472,777.228
686.473,777.308
686.473,777.387
686.476,778.105
686.478,778.758
686.488,781.452
686.490,781.786
686.488,781.436
686.495,783.205
686.493,782.727
686.494,782.934
686.495,783.125
686.503,785.389
686.503,785.357
686.501,784.671
686.498,784.050
686.496,783.492
686.497,783.635
686.497,783.763
686.498,783.874
686.498,783.986
686.498,784.082
686.499,784.161
686.497,783.588
686.495,783.062
686.495,783.237
686.496,783.396
686.496,783.540
686.497,783.683
686.497,783.811
686.495,783.269
686.501,784.863
686.502,784.879
686.502,784.895
686.502,784.895
686.502,784.895
686.502,784.895
686.499,784.257
686.499,784.321
686.492,782.281
686.493,782.536
686.493,782.775
686.486,780.894
686.480,779.188
686.487,781.181
686.486,780.894
686.488,781.276
686.489,781.627
686.490,781.946
686.483,780.145
686.483,779.953
686.482,779.778
686.484,780.272
686.486,780.719
686.487,781.117
686.489,781.484
686.495,783.253
686.488,781.324
686.489,781.675
686.490,781.994
686.484,780.177
686.483,779.985
686.477,778.360
686.479,778.981
686.481,779.555
686.483,780.065
686.485,780.527
686.484,780.304
686.486,780.750
686.487,781.149
686.489,781.515
686.490,781.850
686.489,781.500
686.487,781.181
686.489,781.547
686.490,781.866
686.491,782.169
686.492,782.440
686.493,782.679
686.491,782.249
686.490,781.850
686.491,782.153
686.492,782.424
686.493,782.663
686.494,782.886
686.495,783.077
686.495,783.253
686.493,782.759
686.501,784.655
686.501,784.687
686.493,782.615
686.494,782.838
686.492,782.392
686.490,781.994
686.489,781.627
686.482,779.858
686.484,780.352
686.486,780.798
686.487,781.197
686.486,780.910
686.485,780.639
686.484,780.400
686.486,780.830
686.488,781.229
686.497,783.683
686.497,783.811
686.498,783.922
686.496,783.364
686.494,782.870
686.492,782.424
686.485,780.575
686.487,780.989
686.480,779.268
686.502,785.054
686.502,785.054
686.500,784.400
686.497,783.811
686.498,783.922
686.498,784.018
686.499,784.114
686.499,784.193
686.499,784.273
686.497,783.683
686.495,783.157
686.493,782.679
686.486,780.798
686.487,781.197
686.489,781.563
686.482,779.794
686.476,778.184
686.478,778.838
686.486,780.862
686.488,781.260
686.489,781.611
686.490,781.930
686.491,782.217
686.500,784.576
686.500,784.608
686.501,784.640
686.506,786.106
686.514,788.098
686.513,787.795
686.512,787.524
686.511,787.285
686.510,787.062
686.509,786.871
686.508,786.696
686.508,786.536
686.507,786.393
686.507,786.265
686.498,784.050
686.499,784.145
686.499,784.225
686.499,784.289
686.497,783.699
686.495,783.173
686.488,781.245
686.481,779.507
686.483,780.033
686.482,779.858
686.484,780.352
686.486,780.798
686.487,781.197
686.489,781.563
686.488,781.229
686.481,779.491
686.483,780.017
686.485,780.495
686.478,778.822
686.481,779.412
686.483,779.937
686.490,781.850
686.491,782.153
686.492,782.424
686.493,782.663
686.494,782.886
686.495,783.077
686.493,782.599
686.491,782.169
686.492,782.440
686.485,780.591
686.487,781.005
686.486,780.734
686.487,781.133
686.481,779.396
686.483,779.922
686.476,778.312
686.476,778.296
686.471,776.829
686.474,777.610
686.468,776.208
686.469,776.383
686.470,776.542
686.473,777.339
686.475,778.073
686.470,776.638
686.471,776.782
686.474,777.563
686.468,776.176
686.463,774.917
686.465,775.220
686.466,775.490
686.469,776.399
686.464,775.124
686.468,776.064
686.471,776.909
686.471,777.021
686.474,777.770
686.477,778.455
686.471,776.973
686.474,777.738
686.482,779.858
686.482,779.698
686.476,778.105
686.470,776.670
686.465,775.363
686.466,775.618
686.459,773.769
686.463,774.837
686.459,773.705
686.455,772.685
686.459,773.849
686.455,772.813
686.460,773.976
686.456,772.924
686.452,771.968
686.449,771.107
686.451,771.777
686.448,770.932
686.453,772.271
686.458,773.482
686.462,774.582
686.463,774.917
686.467,775.873
686.470,776.734
686.473,777.515
686.476,778.232
686.479,778.870
686.478,778.806
686.481,779.396
686.483,779.922
686.484,780.400
686.486,780.830
686.488,781.229
686.486,780.926
686.485,780.655
686.479,778.965
686.481,779.539
686.483,780.049
686.482,779.858
686.482,779.698
686.476,778.105
686.478,778.758
686.480,779.348
686.482,779.890
686.482,779.714
686.476,778.120
686.478,778.774
686.480,779.364
686.482,779.890
686.484,780.368
686.491,782.249
686.490,781.850
686.491,782.153
686.492,782.424
686.485,780.575
686.492,782.424
686.491,782.010
686.484,780.193
686.485,780.655
686.487,781.069
686.488,781.436
686.487,781.117
686.486,780.830
686.488,781.229
686.489,781.579
686.490,781.898
686.483,780.097
686.485,780.559
686.484,780.320
686.483,780.113
686.485,780.575
686.479,778.901
686.481,779.475
686.483,780.001
686.482,779.826
686.482,779.667
686.481,779.523
686.483,780.049
686.477,778.423
686.479,779.045
686.473,777.515
686.474,777.579
686.468,776.192
686.471,777.021
686.474,777.770
686.477,778.455
686.477,778.423
686.479,779.045
686.481,779.603
686.483,780.113
686.485,780.575
686.487,780.989
686.486,780.719
686.485,780.463
686.486,780.894
686.488,781.276
686.489,781.627
686.488,781.292
686.489,781.643
686.490,781.962
686.483,780.161
686.485,780.623
686.479,778.949
686.481,779.523
686.483,780.049
686.485,780.511
686.486,780.942
686.485,780.671
686.484,780.432
686.486,780.862
686.480,779.156
686.474,777.610
686.468,776.208
686.469,776.383
686.470,776.542
686.465,775.251
686.460,774.088
686.456,773.036
686.458,773.514
686.452,771.856
686.448,771.012
686.445,770.247
686.443,769.545
686.438,768.270
686.436,767.760
686.442,769.402
686.448,770.884
686.451,771.569
686.455,772.845
686.452,771.904
686.457,773.147
686.458,773.626
686.460,774.056
686.464,775.092
686.460,773.944
686.456,772.892
686.458,773.387
686.454,772.398
686.450,771.506
686.455,772.781
686.457,773.291
686.453,772.303
686.450,771.410
686.455,772.701
686.459,773.865
686.461,774.263
686.457,773.179
686.461,774.295
686.465,775.315
686.466,775.586
686.461,774.391
686.465,775.395
686.461,774.215
686.454,772.494
686.451,771.585
686.456,772.861
686.452,771.920
686.449,771.059
686.451,771.729
686.456,772.988
686.452,772.032
686.449,771.171
686.452,771.825
686.456,773.068
686.453,772.111
686.457,773.339
686.459,773.801
686.463,774.869
686.459,773.737
686.463,774.805
686.467,775.777
686.468,776.001
686.468,776.208
686.471,777.037
686.466,775.698
686.462,774.486
686.463,774.837
686.467,775.793
686.462,774.566
686.463,774.901
686.456,773.116
686.453,772.143
686.457,773.371
686.462,774.470
686.463,774.821
686.464,775.140
686.460,773.976
686.456,772.924
686.458,773.418
686.459,773.865
686.463,774.917
686.459,773.785
686.463,774.853
686.459,773.721
686.460,774.136
686.464,775.172
686.460,774.008
686.464,775.044
686.457,773.243
686.461,774.359
686.457,773.275
686.461,774.391
686.457,773.307
686.461,774.423
686.457,773.339
686.462,774.439
686.457,773.339
686.451,771.697
686.448,770.868
686.445,770.119
686.442,769.434
686.446,770.262
686.451,771.665
686.456,772.924
686.452,771.968
686.454,772.558
686.456,773.084
686.453,772.127
686.449,771.251
686.446,770.454
686.449,771.187
686.446,770.406
686.443,769.689
686.449,771.139
686.446,770.358
686.449,771.091
686.454,772.414
686.447,770.645
686.450,771.362
686.452,772.000
686.449,771.139
686.446,770.358
686.449,771.091
686.446,770.310
686.443,769.609
686.441,768.971
686.436,767.744
686.434,767.282
686.441,768.971
686.438,768.398
686.442,769.322
686.440,768.716
686.438,768.174
686.436,767.680
686.431,766.581
686.436,767.680
686.442,769.322
686.440,768.716
686.443,769.609
686.449,771.075
686.446,770.294
686.443,769.593
686.436,767.728
686.432,766.628
686.430,766.278
686.429,765.959
686.428,765.672
686.424,764.764
686.432,766.692
686.431,766.341
686.437,768.111
686.441,769.067
686.439,768.477
686.437,767.951
686.443,769.577
686.446,770.390
686.443,769.689
686.441,769.051
686.439,768.477
686.442,769.402
686.440,768.780
686.438,768.222
686.433,767.075
686.432,766.676
686.430,766.326
686.429,766.007
686.426,765.066
686.425,764.859
686.424,764.684
686.421,763.871
686.421,763.775
686.420,763.696
686.426,765.066
686.425,764.859
686.424,764.684
686.421,763.871
686.413,761.687
686.405,759.711
686.404,759.376
686.397,757.623
686.399,758.133
686.398,757.942
686.400,758.420
686.402,758.850
686.401,758.595
686.402,759.010
686.396,757.288
686.395,757.177
686.398,757.718
686.399,758.213
686.399,758.005
686.400,758.468
686.402,758.898
686.404,759.280
686.402,758.978
686.404,759.360
686.405,759.695
686.404,759.360
686.405,759.695
686.406,759.998
686.407,760.285
686.406,759.886
686.407,760.173
686.408,760.444
686.406,760.030
686.407,760.301
686.408,760.556
686.407,760.125
686.408,760.396
686.409,760.635
686.407,760.205
686.408,760.460
686.409,760.699
686.407,760.269
686.408,760.524
686.409,760.747
686.410,760.954
686.408,760.492
686.409,760.731
686.410,760.938
686.408,760.476
686.409,760.715
686.410,760.922
686.416,762.564
686.416,762.596
686.416,762.628
686.422,764.094
686.422,763.982
686.421,763.887
686.418,763.154
686.418,763.138
686.418,763.122
686.416,762.452
686.416,762.500
686.416,762.548
686.416,762.580
686.414,761.958
686.406,759.966
686.407,760.253
686.406,759.854
686.407,760.141
686.408,760.412
686.406,759.998
686.407,760.285
686.408,760.540
686.407,760.125
686.408,760.396
686.401,758.547
686.400,758.308
686.407,760.189
686.408,760.444
686.401,758.595
686.408,760.460
686.409,760.699
686.407,760.269
686.408,760.524
686.417,762.851
686.417,762.867
686.415,762.229
686.415,762.293
686.415,762.357
686.416,762.420
686.413,761.815
686.414,761.926
686.414,762.022
686.412,761.464
686.412,761.608
686.413,761.735
686.413,761.847
686.411,761.305
686.412,761.464
686.412,761.608
686.410,761.082
686.411,761.257
686.412,761.416
686.410,760.906
686.410,761.098
686.411,761.273
686.412,761.432
686.412,761.576
686.405,759.615
686.414,762.022
686.412,761.464
686.412,761.608
686.413,761.735
686.411,761.193
686.403,759.265
686.405,759.615
686.411,761.368
686.418,762.962
686.418,762.962
686.426,765.050
686.430,766.294
686.427,765.321
686.426,765.098
686.425,764.891
686.424,764.700
686.424,764.540
686.423,764.381
686.428,765.688
686.427,765.433
686.426,765.194
686.425,764.987
686.422,764.142
686.430,766.118
686.429,765.815
686.427,765.545
686.432,766.740
686.431,766.373
686.429,766.055
686.436,767.856
686.440,768.828
686.438,768.270
686.444,769.864
686.442,769.211
686.445,770.055
686.442,769.386
686.448,770.868
686.445,770.119
686.448,770.884
686.453,772.223
686.450,771.346
686.447,770.549
686.449,771.267
686.446,770.470
686.444,769.752
686.441,769.099
686.444,769.960
686.450,771.394
686.455,772.685
686.459,773.849
686.461,774.247
686.465,775.267
686.468,776.192
686.471,777.021
686.464,775.028
686.459,773.881
686.455,772.845
686.457,773.339
686.454,772.351
686.450,771.458
686.447,770.645
686.442,769.258
686.439,768.653
686.437,768.111
686.433,766.963
686.431,766.581
686.430,766.230
686.437,768.015
686.433,766.883
686.431,766.517
686.430,766.182
686.434,767.314
686.433,766.899
686.431,766.517
686.427,765.529
686.427,765.289
686.426,765.066
686.433,766.963
686.437,768.031
686.443,769.641
686.441,769.003
686.436,767.776
686.434,767.314
686.433,766.899
686.429,765.879
686.425,764.955
686.424,764.764
686.424,764.588
686.429,765.879
686.425,764.955
686.432,766.852
686.431,766.485
686.435,767.585
686.431,766.501
686.430,766.166
686.429,765.863
686.425,764.939
686.424,764.748
686.424,764.572
686.421,763.759
686.420,763.680
686.420,763.616
686.417,762.899
686.417,762.899
686.417,762.899
686.425,765.003
686.430,766.246
686.429,765.927
686.428,765.640
686.424,764.732
686.424,764.556
686.415,762.309
686.413,761.719
686.405,759.743
686.406,760.046
686.405,759.679
686.406,759.998
686.407,760.285
686.406,759.886
686.407,760.173
686.408,760.444
686.406,760.030
686.399,758.213
686.399,758.005
686.392,756.380
686.395,757.001
686.394,756.921
686.397,757.495
686.399,758.021
686.398,757.846
686.392,756.236
686.394,756.874
686.394,756.794
686.396,757.384
686.390,755.822
686.390,755.854
686.385,754.435
686.388,755.248
686.396,757.432
686.398,757.958
686.400,758.436
686.399,758.213
686.401,758.659
686.403,759.073
686.402,758.786
686.403,759.185
686.396,757.447
686.396,757.320
686.390,755.758
686.390,755.790
686.390,755.822
686.393,756.507
686.387,755.025
686.390,755.774
686.393,756.459
686.395,757.081
686.395,756.985
686.405,759.647
686.404,759.312
686.405,759.663
686.406,759.982
686.407,760.269
686.406,759.870
686.407,760.157
686.408,760.428
686.406,760.014
686.407,760.301
686.408,760.556
686.409,760.779
686.408,760.332
686.409,760.587
686.401,758.723
686.400,758.468
686.394,756.794
686.388,755.280
686.391,756.013
686.385,754.578
686.386,754.722
686.379,752.761
686.382,753.734
686.386,754.610
686.378,752.666
686.374,751.550
686.376,751.980
686.372,750.928
686.368,749.972
686.370,750.562
686.375,751.741
686.379,752.809
686.380,753.128
686.384,754.068
686.387,754.913
686.395,757.129
686.397,757.687
686.399,758.181
686.407,760.077
686.408,760.348
686.401,758.499
686.400,758.276
686.401,758.723
686.403,759.121
686.404,759.488
686.403,759.169
686.404,759.535
686.406,759.854
686.407,760.141
686.405,759.759
686.406,760.061
686.408,760.332
686.406,759.934
686.407,760.221
686.408,760.476
686.409,760.715
686.407,760.285
686.408,760.540
686.409,760.763
686.407,760.317
686.416,762.660
686.425,764.779
686.424,764.604
686.421,763.791
686.412,761.624
686.413,761.751
686.411,761.209
686.411,761.368
686.412,761.512
686.410,761.002
686.411,761.193
686.403,759.265
686.405,759.615
686.406,759.934
686.407,760.221
686.406,759.822
686.407,760.125
686.408,760.396
686.382,753.606
686.385,754.499
686.386,754.658
686.389,755.439
686.392,756.156
686.392,756.156
686.392,756.156
686.394,756.810
686.396,757.400
686.396,757.272
686.407,760.189
686.408,760.444
686.401,758.595
686.400,758.356
686.402,758.786
686.403,759.185
686.402,758.898
686.396,757.192
686.398,757.734
686.397,757.575
686.399,758.085
686.401,758.547
686.400,758.308
686.401,758.754
686.401,758.499
686.402,758.930
686.404,759.312
686.402,759.010
686.404,759.376
686.405,759.711
686.404,759.376
686.405,759.711
686.398,757.926
686.400,758.404
686.399,758.181
686.401,758.627
686.395,756.953
686.402,758.962
686.396,757.256
686.390,755.710
686.392,756.396
686.395,757.017
686.397,757.575
686.396,757.432
686.390,755.870
686.393,756.539
686.395,757.145
686.395,757.049
686.397,757.607
686.405,759.551
686.398,757.782
686.428,765.640
686.432,766.820
686.431,766.453
686.430,766.118
686.434,767.266
686.432,766.852
686.431,766.485
686.438,768.238
686.436,767.728
686.432,766.628
686.438,768.366
686.444,769.944
686.439,768.621
686.437,768.079
686.443,769.689
686.441,769.051
686.436,767.824
686.434,767.362
686.433,766.947
686.431,766.565
686.436,767.664
686.434,767.218
686.432,766.820
686.431,766.453
686.427,765.465
686.432,766.676
686.438,768.414
686.436,767.888
686.440,768.860
686.438,768.302
686.436,767.792
686.434,767.330
686.438,768.350
686.436,767.840
686.435,767.378
686.441,769.051
686.439,768.477
686.445,770.039
686.442,769.370
686.440,768.764
686.438,768.206
686.444,769.800
686.439,768.493
686.445,770.055
686.442,769.386
686.437,768.127
686.435,767.633
686.434,767.186
686.432,766.788
686.436,767.872
686.440,768.844
686.438,768.286
686.436,767.776
686.432,766.660
686.436,767.744
686.434,767.282
686.433,766.867
686.431,766.501
686.427,765.513
686.424,764.620
686.423,764.461
686.431,766.405
686.435,767.521
686.439,768.525
686.437,767.999
686.435,767.521
686.433,767.091
686.437,768.143
686.441,769.099
686.447,770.613
686.444,769.880
686.450,771.314
686.444,769.864
686.450,771.299
686.455,772.606
686.451,771.681
686.448,770.852
686.442,769.450
686.440,768.828
686.438,768.270
686.433,767.107
686.438,768.159
686.436,767.664
686.442,769.306
686.448,770.804
686.445,770.055
686.442,769.386
686.440,768.780
686.446,770.326
686.451,771.713
686.453,772.319
686.450,771.426
686.455,772.717
686.451,771.793
686.448,770.948
686.451,771.633
686.448,770.804
686.445,770.055
686.442,769.386
686.440,768.780
686.443,769.673
686.449,771.123
686.454,772.446
686.450,771.538
686.445,770.071
686.450,771.490
686.455,772.765
686.452,771.825
686.448,770.980
686.451,771.665
686.453,772.287
686.450,771.394
686.455,772.685
686.459,773.849
686.461,774.247
686.462,774.614
686.458,773.498
686.454,772.494
686.459,773.673
686.460,774.104
686.456,773.036
686.453,772.080
686.449,771.203
686.444,769.768
686.449,771.219
686.446,770.438
686.452,771.825
686.456,773.068
686.453,772.111
686.457,773.339
686.454,772.351
686.450,771.458
686.445,769.992
686.442,769.322
686.448,770.804
686.445,770.055
686.440,768.732
686.438,768.174
686.436,767.680
686.434,767.234
686.438,768.270
686.436,767.760
686.442,769.402
686.440,768.780
686.446,770.326
686.449,771.075
686.454,772.398
686.450,771.506
686.447,770.693
686.444,769.960
686.447,770.741
686.445,769.992
686.442,769.322
686.440,768.716
686.443,769.609
686.441,768.971
686.438,768.398
686.436,767.872
686.440,768.844
686.438,768.286
686.436,767.776
686.434,767.314
686.430,766.246
686.437,768.031
686.443,769.641
686.441,769.003
686.439,768.429
686.434,767.250
686.432,766.836
686.431,766.469
686.435,767.585
686.434,767.138
686.432,766.740
686.431,766.373
686.427,765.401
686.424,764.524
686.423,764.381
686.431,766.341
686.429,766.023
686.434,767.170
686.432,766.772
686.431,766.405
686.430,766.071
686.428,765.768
686.433,766.947
686.439,768.669
686.437,768.127
686.435,767.633
686.439,768.637
686.437,768.095
686.435,767.601
686.434,767.154
686.432,766.756
686.436,767.840
686.443,769.466
686.448,770.948
686.453,772.287
686.455,772.845
686.460,773.992
686.464,775.044
686.467,775.985
686.471,776.845
686.471,776.973
686.474,777.738
686.477,778.423
686.471,776.957
686.466,775.618
686.467,775.857
686.468,776.080
686.471,776.925
686.466,775.602
686.459,773.753
686.455,772.733
686.459,773.897
686.464,774.949
686.467,775.905
686.460,774.024
686.456,772.972
686.452,772.016
686.449,771.155
686.446,770.374
686.443,769.673
686.441,769.035
686.439,768.461
686.442,769.386
686.440,768.780
686.446,770.326
686.443,769.625
686.438,768.334
686.436,767.824
686.434,767.362
686.433,766.947
686.437,768.015
686.443,769.625
686.441,768.987
686.438,768.414
686.442,769.338
686.440,768.732
686.438,768.174
686.436,767.680
686.431,766.581
686.428,765.592
686.427,765.337
686.426,765.114
686.423,764.253
686.422,764.126
686.422,764.014
686.421,763.919
686.418,763.170
686.418,763.154
686.418,763.138
686.426,765.210
686.423,764.349
686.422,764.222
686.422,764.094
686.430,766.086
686.434,767.234
686.432,766.820
686.431,766.453
686.430,766.118
686.426,765.162
686.425,764.955
686.417,762.675
686.417,762.707
686.414,762.086
686.415,762.165
686.407,760.141
686.405,759.759
686.406,760.061
686.400,758.244
686.399,758.037
686.393,756.411
686.395,757.033
686.395,756.937
686.397,757.511
686.399,758.021
686.400,758.484
686.400,758.260
686.401,758.707
686.403,759.105
686.402,758.818
686.403,759.217
686.405,759.567
686.411,761.337
686.404,759.392
686.413,761.831
686.419,763.377
686.419,763.329
686.419,763.297
686.416,762.612
686.422,764.094
686.422,763.982
686.421,763.887
686.421,763.791
686.420,763.712
686.420,763.632
686.417,762.915
686.417,762.915
686.409,760.827
686.410,761.034
686.408,760.572
686.401,758.707
686.395,757.017
686.397,757.575
686.399,758.085
686.393,756.459
686.393,756.427
686.395,757.049
686.397,757.607
686.405,759.551
686.406,759.870
686.407,760.157
686.405,759.775
686.407,760.077
686.408,760.348
686.406,759.950
686.407,760.237
686.408,760.492
686.407,760.077
686.408,760.348
686.409,760.603
686.409,760.827
686.410,761.034
686.411,761.209
686.411,761.368
686.410,760.874
686.410,761.066
686.411,761.241
686.409,760.747
686.410,760.954
686.411,761.145
686.409,760.667
686.402,758.786
686.403,759.185
686.402,758.898
686.404,759.280
686.405,759.631
686.404,759.296
686.405,759.647
686.398,757.862
686.405,759.791
686.407,760.093
686.408,760.364
686.406,759.966
686.407,760.253
686.408,760.508
686.407,760.093
686.400,758.276
686.401,758.723
686.400,758.468
686.402,758.898
686.404,759.280
686.410,761.066
686.403,759.153
686.404,759.520
686.406,759.838
686.407,760.141
686.400,758.308
686.399,758.101
686.401,758.563
686.402,758.978
686.396,757.256
686.398,757.798
686.397,757.639
686.399,758.149
686.401,758.611
686.403,759.025
686.401,758.754
686.395,757.065
686.397,757.623
686.397,757.479
686.391,755.901
686.393,756.571
686.393,756.523
686.395,757.129
686.384,754.196
686.385,754.371
686.388,755.184
686.383,753.829
686.383,754.052
686.387,754.897
686.390,755.662
686.390,755.710
686.392,756.396
686.387,754.929
686.387,755.041
686.390,755.790
686.393,756.475
686.401,758.531
686.402,758.946
686.404,759.328
686.403,759.025
686.404,759.392
686.397,757.639
686.399,758.149
686.401,758.611
686.403,759.025
686.401,758.754
686.403,759.153
686.396,757.416
686.380,753.176
686.381,753.463
686.377,752.267
686.372,751.183
686.374,751.646
686.370,750.626
686.364,749.064
686.369,750.386
686.374,751.582
686.376,752.012
686.380,753.048
686.373,751.247
686.369,750.275
686.366,749.382
686.363,748.585
686.360,747.852
686.363,748.633
686.360,747.900
686.355,746.593
686.353,746.051
686.351,745.573
686.347,744.489
686.346,744.154
686.342,743.198
686.341,742.991
686.348,744.887
686.347,744.521
686.354,746.274
686.357,747.215
686.355,746.625
686.350,745.429
686.341,742.911
686.338,742.082
686.337,741.971
686.334,741.222
686.334,741.190
686.334,741.174
686.334,741.158
686.334,741.142
686.331,740.472
686.332,740.520
686.340,742.656
686.331,740.393
686.331,740.441
686.329,739.835
686.329,739.946
686.327,739.389
686.328,739.532
686.326,739.022
686.327,739.213
686.325,738.735
686.326,738.942
686.324,738.480
686.317,736.615
686.310,734.926
686.312,735.499
686.314,736.025
686.314,735.850
686.316,736.328
686.315,736.121
686.309,734.479
686.308,734.447
686.311,735.069
686.310,734.973
686.313,735.547
686.312,735.420
686.314,735.946
686.313,735.770
686.315,736.264
686.315,736.057
686.316,736.519
686.315,736.296
686.309,734.639
686.309,734.591
686.311,735.197
686.311,735.101
686.313,735.659
686.312,735.515
686.314,736.025
686.314,735.850
686.316,736.328
686.315,736.121
686.309,734.479
686.308,734.447
686.311,735.069
686.310,734.973
686.305,733.443
686.305,733.507
686.299,732.120
686.300,732.312
686.303,733.140
686.304,733.236
686.307,733.969
686.309,734.639
686.311,735.244
686.314,735.786
686.307,734.176
686.310,734.814
686.310,734.750
686.312,735.340
686.311,735.228
686.313,735.770
686.313,735.611
686.315,736.121
686.306,733.842
686.301,732.423
686.296,731.132
686.289,729.331
686.293,730.431
686.286,728.693
686.283,727.769
686.288,729.028
686.289,729.506
686.286,728.502
686.280,726.940
686.277,726.175
686.274,725.490
686.269,724.215
686.275,725.808
686.278,726.605
686.276,725.872
686.279,726.653
686.276,725.920
686.281,727.355
686.284,727.992
686.280,727.131
686.275,725.713
686.272,725.059
686.268,723.832
686.274,725.458
686.277,726.287
686.283,727.689
686.279,726.860
686.274,725.458
686.272,724.836
686.275,725.713
686.272,725.059
686.276,725.920
686.273,725.251
686.276,726.095
686.274,725.410
686.271,724.788
686.275,725.681
686.280,727.131
686.283,727.801
686.280,726.956
686.282,727.641
686.279,726.813
686.284,728.151
686.281,727.275
686.278,726.478
686.275,725.761
686.273,725.107
686.278,726.621
686.276,725.888
686.279,726.669
686.276,725.936
686.279,726.717
686.276,725.968
686.273,725.298
686.277,726.143
686.282,727.546
686.284,728.167
686.289,729.379
686.291,729.825
686.287,728.789
686.283,727.849
686.280,727.004
686.277,726.239
686.280,726.988
686.277,726.223
686.280,726.972
686.277,726.207
686.280,726.956
686.285,728.295
686.287,728.853
686.291,730.000
686.287,728.948
686.284,727.992
686.288,729.219
686.290,729.682
686.286,728.662
686.288,729.188
686.285,728.215
686.281,727.339
686.276,725.888
686.273,725.219
686.268,723.975
686.266,723.497
686.270,724.501
686.268,723.975
686.274,725.585
686.278,726.398
686.275,725.681
686.278,726.478
686.275,725.761
686.281,727.211
686.275,725.777
686.281,727.227
686.283,727.881
686.280,727.036
686.277,726.271
686.274,725.569
686.272,724.932
686.267,723.720
686.266,723.258
686.272,724.948
686.267,723.736
686.266,723.274
686.270,724.310
686.268,723.800
686.266,723.338
686.270,724.358
686.268,723.848
686.266,723.386
686.270,724.406
686.268,723.880
686.272,724.852
686.270,724.294
686.268,723.784
686.271,724.772
686.277,726.318
686.280,727.068
686.277,726.287
686.274,725.585
686.270,724.310
686.268,723.800
686.263,722.700
686.262,722.334
686.266,723.449
686.273,725.107
686.278,726.621
686.281,727.339
686.278,726.542
686.273,725.171
686.271,724.581
686.266,723.402
686.264,722.971
686.263,722.589
686.259,721.601
686.258,721.346
686.257,721.122
686.262,722.366
686.261,722.031
686.265,723.178
686.264,722.780
686.262,722.413
686.267,723.529
686.265,723.099
686.261,722.063
686.260,721.760
686.259,721.489
686.255,720.596
686.255,720.437
686.254,720.294
686.251,719.513
686.251,719.449
686.248,718.763
686.256,720.867
686.256,720.676
686.253,719.863
686.252,719.768
686.249,719.050
686.249,719.034
686.255,720.469
686.254,720.325
686.254,720.198
686.251,719.433
686.251,719.385
686.251,719.337
686.250,719.305
686.250,719.273
686.248,718.604
686.256,720.724
686.255,720.549
686.255,720.389
686.254,720.246
686.259,721.569
686.258,721.314
686.255,720.437
686.254,720.294
686.254,720.166
686.251,719.401
686.251,719.353
686.248,718.668
686.248,718.700
686.248,718.716
686.248,718.731
686.248,718.747
686.254,720.214
686.253,720.086
686.253,719.975
686.258,721.314
686.265,723.178
686.261,722.127
686.268,723.912
686.266,723.434
686.262,722.366
686.269,724.135
686.273,725.091
686.270,724.501
686.276,726.063
686.279,726.829
686.284,728.167
686.279,726.637
686.276,725.904
686.273,725.235
686.268,723.991
686.267,723.513
686.265,723.083
686.263,722.684
686.262,722.334
686.258,721.361
686.257,721.122
686.257,720.915
686.253,720.086
686.261,722.079
686.257,721.138
686.257,720.931
686.256,720.740
686.261,722.015
686.260,721.728
686.259,721.457
686.263,722.668
686.270,724.406
686.273,725.330
686.279,726.813
686.274,725.426
686.280,726.908
686.277,726.143
686.274,725.458
686.272,724.836
686.267,723.625
686.257,721.090
686.256,720.883
686.253,720.054
686.261,722.047
686.257,721.106
686.257,720.899
686.256,720.708
686.261,721.983
686.260,721.696
686.256,720.788
686.263,722.700
686.270,724.438
686.266,723.274
686.264,722.860
686.260,721.840
686.259,721.569
686.256,720.676
686.255,720.533
686.260,721.824
686.267,723.641
686.271,724.645
686.269,724.103
686.267,723.609
686.265,723.163
686.264,722.764
686.268,723.848
686.266,723.386
686.262,722.318
686.269,724.087
686.264,722.955
686.263,722.573
686.262,722.222
686.260,721.903
686.259,721.616
686.256,720.724
686.255,720.549
686.260,721.840
686.259,721.569
686.258,721.314
686.263,722.525
686.261,722.190
686.266,723.322
686.276,725.952
686.281,727.386
686.276,725.936
686.273,725.267
686.276,726.111
686.274,725.426
686.269,724.167
686.267,723.673
686.263,722.573
686.262,722.222
686.260,721.903
686.257,720.979
686.256,720.788
686.253,719.975
686.261,721.967
686.260,721.680
686.259,721.425
686.258,721.186
686.254,720.325
686.254,720.198
686.251,719.433
686.251,719.385
686.251,719.337
686.248,718.652
686.248,718.684
686.248,718.700
686.246,718.078
686.246,718.158
686.244,717.584
686.244,717.711
686.237,715.735
686.243,717.488
686.252,719.720
686.252,719.640
686.251,719.576
686.259,721.616
686.264,722.812
686.262,722.445
686.261,722.111
686.260,721.808
686.259,721.537
686.256,720.644
686.255,720.485
686.254,720.341
686.251,719.560
686.251,719.497
686.251,719.449
686.248,718.763
686.240,716.691
686.239,716.261
686.240,716.516
686.241,716.739
686.241,716.946
686.242,717.138
686.240,716.659
686.249,718.971
686.249,718.971
686.247,718.317
686.247,718.381
686.245,717.791
686.245,717.903
686.245,717.998
686.246,718.094
686.246,718.174
686.244,717.600
686.244,717.727
686.245,717.839
686.253,720.039
686.253,719.927
686.258,721.282
686.257,721.059
686.256,720.851
686.256,720.660
686.263,722.589
686.267,723.689
686.273,725.330
686.277,726.175
686.274,725.490
686.272,724.868
686.267,723.657
686.273,725.298
686.277,726.143
686.274,725.458
686.272,724.836
686.269,724.278
686.268,723.768
686.271,724.756
686.277,726.303
686.280,727.052
686.277,726.271
686.274,725.569
686.270,724.294
686.268,723.784
686.271,724.772
686.269,724.215
686.267,723.704
686.263,722.605
686.262,722.254
686.260,721.935
686.257,721.011
686.256,720.820
686.253,719.991
686.253,719.895
686.260,721.903
686.265,723.067
686.263,722.668
686.262,722.318
686.258,721.346
686.257,721.122
686.254,720.278
686.254,720.150
686.253,720.039
686.250,719.289
686.250,719.257
686.242,717.138
686.240,716.659
686.241,716.883
686.239,716.436
686.240,716.675
686.239,716.245
686.245,717.950
686.246,718.046
686.251,719.576
686.251,719.513
686.251,719.449
686.256,720.851
686.256,720.660
686.260,721.935
686.257,721.011
686.264,722.908
686.260,721.887
686.259,721.601
686.264,722.796
686.262,722.429
686.253,720.007
686.250,719.257
686.258,721.314
686.263,722.525
686.261,722.190
686.252,719.783
686.250,719.066
686.249,719.050
686.249,719.034
686.247,718.381
686.247,718.429
686.247,718.476
686.245,717.871
686.237,715.878
686.238,716.165
686.237,715.783
686.238,716.086
686.237,715.719
686.238,716.022
686.239,716.293
686.245,717.982
686.246,718.078
686.246,718.158
686.252,719.672
686.252,719.608
686.249,718.907
686.249,718.907
686.249,718.907
686.254,720.357
686.254,720.214
686.251,719.449
686.251,719.401
686.251,719.353
686.248,718.668
686.248,718.700
686.248,718.716
686.246,718.094
686.246,718.174
686.244,717.600
686.244,717.727
686.245,717.839
686.243,717.297
686.243,717.456
686.249,719.050
686.249,719.034
686.249,719.018
686.247,718.365
686.247,718.413
686.245,717.823
686.245,717.935
686.246,718.030
686.246,718.110
686.254,720.278
686.251,719.513
686.251,719.449
686.248,718.763
686.248,718.779
686.248,718.795
686.257,720.899
686.256,720.708
686.253,719.895
686.252,719.799
686.250,719.066
686.249,719.050
686.257,721.138
686.257,720.931
686.256,720.740
686.261,722.015
686.268,723.816
686.266,723.354
686.262,722.286
686.261,721.967
686.257,721.027
686.254,720.182
686.253,720.054
686.245,717.855
686.243,717.313
686.243,717.472
686.241,716.962
686.240,716.500
686.233,714.635
686.234,715.050
686.225,712.691
686.227,713.280
686.221,711.718
686.222,711.766
686.224,712.452
686.219,710.969
686.219,711.081
686.214,709.742
686.217,710.619
686.218,710.762
686.221,711.543
686.223,712.244
686.223,712.244
686.226,712.882
686.220,711.368
686.220,711.447
686.223,712.165
686.223,712.165
686.226,712.802
686.228,713.392
686.227,713.280
686.227,713.169
686.229,713.711
686.228,713.567
686.228,713.440
686.230,713.966
686.229,713.790
686.231,714.284
686.233,714.731
686.232,714.492
686.234,714.906
686.227,713.201
686.227,713.105
686.221,711.559
686.223,712.260
686.223,712.244
686.223,712.244
686.218,710.794
686.221,711.575
686.221,711.639
686.216,710.236
686.219,711.065
686.219,711.176
686.214,709.822
686.209,708.594
686.211,708.929
686.212,709.232
686.207,708.068
686.203,707.016
686.205,707.510
686.201,706.506
686.198,705.598
686.203,706.873
686.205,707.383
686.201,706.395
686.206,707.590
686.199,705.932
686.196,705.072
686.193,704.291
686.196,705.040
686.198,705.725
686.203,706.984
686.208,708.116
686.209,708.499
686.205,707.399
686.201,706.411
686.203,706.953
686.207,708.084
686.203,707.016
686.205,707.510
686.201,706.506
686.198,705.598
686.192,704.131
686.190,703.446
686.187,702.824
686.191,703.717
686.194,704.514
686.199,705.885
686.196,705.040
686.198,705.725
686.195,704.880
686.192,704.131
686.195,704.896
686.198,705.582
686.203,706.857
686.207,708.005
686.201,706.315
686.195,704.785
686.192,704.036
686.189,703.366
686.187,702.761
686.190,703.653
686.196,705.104
686.193,704.323
686.190,703.621
686.193,704.434
686.191,703.717
686.188,703.063
686.184,701.836
686.182,701.374
686.188,703.047
686.186,702.458
686.181,701.294
686.188,702.968
686.186,702.394
686.189,703.318
686.187,702.713
686.185,702.155
686.183,701.661
686.179,700.577
686.177,700.226
686.176,699.907
686.175,699.621
686.174,699.366
686.179,700.577
686.177,700.226
686.176,699.907
686.183,701.709
686.187,702.697
686.190,703.605
686.188,702.968
686.186,702.394
686.192,703.972
686.187,702.665
686.182,701.485
686.181,701.055
686.179,700.657
686.170,698.202
686.169,698.074
686.166,697.325
686.164,696.640
686.156,694.568
686.157,694.791
686.157,694.998
686.151,693.293
686.150,692.990
686.151,693.357
686.152,693.691
686.154,693.994
686.152,693.627
686.153,693.946
686.154,694.233
686.155,694.488
686.154,694.074
686.152,693.707
686.154,694.010
686.155,694.281
686.148,692.432
686.147,692.225
686.148,692.671
686.142,690.982
686.142,690.902
686.141,690.838
686.141,690.774
686.143,691.364
686.145,691.890
686.147,692.368
686.154,694.249
686.155,694.504
686.130,687.858
686.131,688.081
686.134,688.925
686.129,687.587
686.132,688.479
686.135,689.276
686.136,689.356
686.144,691.524
686.138,689.946
686.141,690.615
686.135,689.117
686.135,689.212
686.136,689.308
686.136,689.388
686.139,690.105
686.141,690.758
686.135,689.244
686.128,687.236
686.131,688.160
686.126,686.901
686.122,685.754
686.126,686.821
686.122,685.690
686.123,686.120
686.125,686.503
686.129,687.491
686.124,686.296
686.128,687.300
686.129,687.571
686.122,685.722
686.123,686.152
686.119,685.084
686.124,686.216
686.128,687.236
686.131,688.160
686.132,688.352
686.133,688.527
686.136,689.324
686.138,690.041
686.141,690.695
686.141,690.647
686.141,690.599
686.143,691.205
686.137,689.643
686.139,690.328
686.142,690.950
686.142,690.870
686.141,690.806
686.141,690.743
686.143,691.332
686.145,691.858
686.147,692.336
686.146,692.129
686.146,691.938
686.145,691.779
686.147,692.273
686.149,692.719
686.150,693.117
686.149,692.831
686.148,692.575
686.142,690.886
686.144,691.460
686.146,691.986
686.148,692.448
686.147,692.225
686.138,689.946
686.141,690.615
686.143,691.221
686.137,689.659
686.137,689.706
686.137,689.754
686.137,689.802
686.138,689.834
686.140,690.503
686.142,691.109
686.145,691.667
686.146,692.161
686.146,691.970
686.145,691.794
686.139,690.185
686.141,690.822
686.136,689.308
686.138,690.025
686.146,692.129
686.146,691.938
686.145,691.779
686.147,692.273
686.141,690.615
686.135,689.117
686.130,687.762
686.130,687.985
686.131,688.192
686.140,690.472
686.142,691.093
686.145,691.651
686.138,690.057
686.130,687.969
686.123,686.088
686.117,684.383
686.121,685.578
686.125,686.662
686.129,687.634
686.130,687.873
686.131,688.097
686.134,688.941
686.137,689.706
686.140,690.392
686.140,690.376
686.140,690.360
686.140,690.344
686.139,690.328
686.134,688.862
686.129,687.523
686.132,688.415
686.133,688.591
686.133,688.750
686.134,688.894
686.137,689.659
686.140,690.344
686.139,690.328
686.139,690.312
686.134,688.846
686.137,689.611
686.139,690.312
686.142,690.934
686.150,692.958
686.148,692.687
686.150,693.086
686.143,691.348
686.145,691.874
686.145,691.715
686.144,691.571
686.146,692.081
686.140,690.440
686.142,691.061
686.142,690.982
686.142,690.902
686.144,691.476
686.146,692.002
686.148,692.464
686.149,692.894
686.148,692.639
686.139,690.312
686.134,688.846
686.129,687.523
686.132,688.415
686.141,690.679
686.143,691.268
686.145,691.810
686.139,690.201
686.139,690.201
686.147,692.289
686.149,692.735
686.150,693.133
686.152,693.500
686.150,693.181
686.149,692.894
686.151,693.277
686.152,693.627
686.153,693.946
686.152,693.596
686.151,693.277
686.152,693.627
686.153,693.946
686.154,694.233
686.153,693.851
686.152,693.500
686.153,693.819
686.154,694.122
686.155,694.393
686.148,692.528
686.147,692.305
686.146,692.097
686.148,692.560
686.142,690.870
686.144,691.444
686.151,693.420
686.150,693.117
686.152,693.484
686.153,693.819
686.154,694.122
686.161,695.843
686.159,695.301
686.157,694.807
686.149,692.910
686.151,693.293
686.144,691.539
686.138,689.946
686.138,689.961
686.138,689.977
686.141,690.631
686.143,691.237
686.137,689.675
686.140,690.360
686.140,690.344
686.139,690.328
686.139,690.312
686.142,690.934
686.136,689.404
686.139,690.121
686.139,690.121
686.139,690.121
686.141,690.774
686.143,691.364
686.145,691.890
686.139,690.264
686.139,690.264
686.139,690.264
686.139,690.264
686.142,690.902
686.144,691.476
686.146,692.002
686.145,691.826
686.145,691.667
686.138,690.073
686.141,690.727
686.143,691.316
686.143,691.205
686.142,691.109
686.145,691.667
686.146,692.161
686.148,692.607
686.147,692.384
686.149,692.815
686.151,693.213
686.144,691.476
686.138,689.898
686.130,687.826
686.131,688.049
686.132,688.256
686.135,689.085
686.130,687.730
686.133,688.607
686.136,689.404
686.139,690.121
686.139,690.121
686.139,690.121
686.141,690.774
686.143,691.364
686.137,689.802
686.140,690.487
686.148,692.544
686.147,692.320
686.146,692.113
686.148,692.575
686.142,690.886
686.136,689.356
686.136,689.436
686.136,689.499
686.139,690.201
686.141,690.838
686.136,689.324
686.136,689.404
686.136,689.483
686.136,689.547
686.131,688.144
686.126,686.885
686.130,687.842
686.131,688.065
686.132,688.272
686.132,688.447
686.135,689.260
686.138,689.993
686.133,688.559
686.136,689.356
686.136,689.436
686.136,689.499
686.139,690.201
686.141,690.838
686.144,691.412
686.143,691.300
686.143,691.189
686.137,689.643
686.139,690.328
686.142,690.950
686.142,690.870
686.133,688.718
686.128,687.395
686.124,686.200
686.120,685.116
686.124,686.232
686.120,685.148
686.116,684.176
686.110,682.661
686.113,683.379
686.118,684.670
686.114,683.729
686.119,684.989
686.123,686.120
686.127,687.140
686.128,687.427
686.129,687.682
686.125,686.471
686.128,687.459
686.124,686.264
686.120,685.180
686.122,685.658
686.123,686.088
686.125,686.471
686.120,685.371
686.117,684.367
686.113,683.458
686.116,684.096
686.118,684.670
686.120,685.196
686.122,685.674
686.115,684.016
686.112,683.140
686.117,684.447
686.121,685.626
686.115,683.968
686.117,684.558
686.119,685.100
686.124,686.232
686.120,685.148
686.116,684.176
686.121,685.387
686.117,684.383
686.111,682.837
686.113,683.538
686.118,684.813
686.123,685.961
686.119,684.909
686.115,683.952
686.117,684.542
686.119,685.084
686.121,685.562
686.125,686.646
686.129,687.618
686.124,686.407
686.120,685.307
686.124,686.407
686.118,684.670
686.120,685.196
686.122,685.674
686.126,686.742
686.121,685.610
686.126,686.694
686.129,687.666
686.130,687.905
686.131,688.128
686.124,686.232
686.128,687.252
686.123,686.072
686.119,685.004
686.115,684.048
686.120,685.275
686.122,685.738
686.124,686.168
686.125,686.551
686.126,686.901
686.130,687.858
686.125,686.614
686.121,685.499
686.125,686.582
686.121,685.467
686.125,686.551
686.121,685.435
686.122,685.881
686.124,686.296
686.120,685.212
686.116,684.223
686.113,683.331
686.118,684.622
686.122,685.785
686.124,686.200
686.125,686.582
686.118,684.829
686.120,685.339
686.125,686.439
686.128,687.443
686.124,686.248
686.125,686.614
686.127,686.949
686.128,687.252
686.131,688.176
686.134,689.005
686.137,689.754
686.140,690.440
686.148,692.512
686.147,692.289
686.141,690.631
686.135,689.133
686.130,687.778
686.131,688.001
686.131,688.208
686.132,688.399
686.125,686.471
686.120,685.371
686.125,686.471
686.120,685.371
686.130,687.921
686.131,688.144
686.126,686.885
686.130,687.842
686.133,688.702
686.134,688.846
686.134,688.973
686.137,689.722
686.132,688.304
686.124,686.391
686.120,685.291
686.116,684.303
686.113,683.411
686.115,684.048
686.118,684.638
686.112,683.076
686.117,684.399
686.113,683.490
686.110,682.677
686.107,681.928
686.110,682.709
686.113,683.426
686.115,684.064
686.118,684.654
686.114,683.729
686.111,682.885
686.116,684.223
686.110,682.693
686.105,681.307
686.108,682.151
686.114,683.554
686.118,684.829
686.115,683.889
686.120,685.132
686.118,684.638
686.112,683.076
686.114,683.745
686.109,682.263
686.106,681.562
686.103,680.924
686.101,680.350
686.099,679.824
686.103,680.812
686.098,679.617
686.102,680.621
686.106,681.530
686.111,682.996
686.108,682.215
686.114,683.618
686.119,684.877
686.115,683.921
686.109,682.422
686.112,683.156
686.107,681.737
686.110,682.534
686.099,679.713
686.097,679.250
686.095,678.836
686.094,678.453
686.093,678.119
686.092,677.816
686.082,675.441
686.082,675.393
686.082,675.345
686.088,676.764
686.092,678.039
686.089,677.099
686.094,678.342
686.100,680.111
686.098,679.617
686.097,679.171
686.103,680.860
686.101,680.286
686.097,679.139
686.093,678.103
686.097,679.250
686.101,680.286
686.099,679.776
686.097,679.314
686.096,678.884
686.102,680.605
686.108,682.151
686.103,680.828
686.107,681.721
686.118,684.622
686.112,683.060
686.117,684.383
686.113,683.474
686.110,682.661
686.115,684.016
686.112,683.140
686.117,684.447
686.113,683.538
686.108,682.072
686.111,682.837
686.113,683.538
686.108,682.072
686.103,680.749
686.098,679.553
686.094,678.469
686.098,679.585
686.097,679.139
686.095,678.740
686.102,680.478
686.100,679.952
686.106,681.562
686.109,682.374
686.112,683.124
686.109,682.343
686.114,683.729
686.111,682.885
686.116,684.223
686.118,684.797
686.120,685.307
686.124,686.407
686.128,687.411
686.132,688.320
686.135,689.133
686.130,687.778
686.131,688.001
686.131,688.208
686.135,689.037
686.129,687.682
686.125,686.471
686.128,687.459
686.124,686.264
686.125,686.630
686.119,684.877
686.121,685.387
686.117,684.383
686.121,685.578
686.117,684.558
686.122,685.738
686.115,684.064
686.110,682.550
686.112,683.283
686.107,681.849
686.104,681.179
686.102,680.573
686.108,682.135
686.119,684.989
686.121,685.483
686.123,685.929
686.127,686.981
686.122,685.833
686.118,684.797
686.123,685.945
686.116,684.255
686.118,684.813
686.115,683.873
686.120,685.116
686.116,684.144
686.118,684.718
686.112,683.140
686.109,682.359
686.114,683.745
686.119,685.004
686.123,686.136
686.119,685.068
686.121,685.562
686.123,686.009
686.119,684.957
686.123,686.088
686.119,685.020
686.123,686.152
686.119,685.084
686.121,685.562
686.123,686.009
686.124,686.407
686.120,685.307
686.124,686.407
686.128,687.411
686.124,686.216
686.125,686.598
686.126,686.933
686.130,687.889
686.125,686.646
686.121,685.530
686.125,686.614
686.127,686.949
686.120,685.164
686.124,686.280
686.128,687.300
686.131,688.208
686.126,686.933
686.128,687.236
686.137,689.611
686.137,689.659
686.132,688.256
686.135,689.085
686.130,687.730
686.133,688.607
686.133,688.750
686.134,688.894
686.129,687.555
686.124,686.343
686.120,685.259
686.116,684.271
686.113,683.379
686.118,684.670
686.112,683.108
686.114,683.777
686.117,684.383
686.113,683.474
686.110,682.661
686.107,681.912
686.105,681.243
686.102,680.637
686.100,680.095
686.096,678.964
686.092,677.943
686.096,679.107
686.093,678.071
686.099,679.872
686.106,681.498
686.111,682.964
686.108,682.199
686.111,682.964
686.114,683.650
686.116,684.271
686.110,682.741
686.108,681.992
686.113,683.411
686.110,682.598
686.107,681.864
686.110,682.661
686.113,683.379
686.115,684.032
686.112,683.156
686.109,682.374
686.114,683.761
686.119,685.020
686.115,684.048
686.112,683.171
686.117,684.478
686.114,683.570
686.116,684.192
686.110,682.661
686.105,681.291
686.111,682.773
686.108,682.024
686.105,681.338
686.103,680.717
686.109,682.263
686.111,683.012
686.114,683.697
686.111,682.853
686.108,682.088
686.113,683.506
686.110,682.677
686.115,684.032
686.118,684.622
686.120,685.148
686.113,683.538
686.110,682.709
686.107,681.960
686.113,683.379
686.115,684.032
686.118,684.622
686.120,685.148
686.116,684.176
686.121,685.387
686.117,684.383
686.113,683.474
686.108,682.024
686.111,682.805
686.113,683.506
686.118,684.781
686.115,683.841
686.119,685.084
686.121,685.562
686.123,686.009
686.119,684.957
686.115,684.000
686.120,685.228
686.116,684.239
686.110,682.709
686.113,683.426
686.124,686.168
686.127,687.188
686.131,688.113
686.126,686.853
686.122,685.706
686.123,686.136
686.117,684.431
686.111,682.885
686.114,683.586
686.108,682.119
686.113,683.522
686.118,684.797
686.123,685.945
686.116,684.255
686.118,684.813
686.120,685.323
686.125,686.423
686.120,685.323
686.125,686.423
686.126,686.774
686.127,687.092
686.120,685.291
686.116,684.303
686.121,685.499
686.117,684.494
686.119,685.036
686.121,685.530
686.123,685.977
686.124,686.375
686.120,685.275
686.116,684.287
686.113,683.395
686.110,682.582
686.113,683.299
686.109,682.502
686.107,681.769
686.104,681.115
686.110,682.614
686.107,681.880
686.105,681.211
686.108,682.072
686.111,682.837
686.113,683.538
686.118,684.813
686.115,683.873
686.111,683.012
686.108,682.231
686.111,682.980
686.114,683.666
686.116,684.287
686.121,685.483
686.117,684.478
686.122,685.658
686.126,686.726
686.119,684.957
686.121,685.451
686.125,686.535
686.121,685.419
686.125,686.519
686.129,687.507
686.132,688.399
686.133,688.575
686.133,688.734
686.128,687.411
686.124,686.216
686.120,685.132
686.121,685.610
686.123,686.040
686.125,686.439
686.118,684.702
686.122,685.865
686.126,686.917
686.122,685.770
686.118,684.733
686.120,685.259
686.122,685.722
686.123,686.152
686.119,685.084
686.124,686.216
686.128,687.236
686.131,688.160
686.132,688.352
686.133,688.527
686.133,688.686
686.128,687.379
686.132,688.288
686.135,689.117
686.138,689.866
686.138,689.898
686.130,687.826
686.123,685.961
686.127,686.997
686.122,685.849
686.118,684.797
686.123,685.945
686.116,684.255
686.118,684.813
686.123,685.961
686.119,684.909
686.115,683.952
686.120,685.180
686.122,685.658
686.123,686.088
686.127,687.124
686.123,685.961
686.127,686.997
686.122,685.849
686.132,688.352
686.125,686.439
686.128,687.443
686.124,686.248
686.128,687.268
686.131,688.192
686.132,688.384
686.133,688.559
686.128,687.252
686.123,686.072
686.127,687.108
686.123,685.945
686.124,686.343
686.126,686.710
686.127,687.045
686.130,687.985
686.134,688.830
686.137,689.595
686.145,691.747
686.144,691.603
686.146,692.113
686.148,692.575
686.150,692.990
686.149,692.719
686.152,693.675
686.153,693.978
686.155,694.265
686.156,694.520
686.162,696.194
686.162,696.257
686.162,696.321
686.163,696.385
686.160,695.795
686.158,695.269
686.159,695.429
686.160,695.572
686.158,695.062
686.156,694.600
686.157,694.823
686.157,695.030
686.158,695.205
686.164,696.815
686.162,696.178
686.170,698.345
686.170,698.218
686.175,699.541
686.171,698.648
686.171,698.489
686.170,698.345
686.157,694.807
686.157,695.014
686.156,694.552
686.162,696.226
686.162,696.289
686.171,698.441
686.168,697.660
686.165,696.943
686.165,696.943
686.173,699.031
686.170,698.186
686.175,699.509
686.182,701.358
686.180,700.944
686.184,702.011
686.188,702.984
686.186,702.410
686.184,701.884
686.187,702.856
686.191,703.749
686.188,703.095
686.194,704.594
686.189,703.223
686.192,704.068
686.189,703.382
686.187,702.761
686.193,704.291
686.188,702.952
686.186,702.378
686.184,701.852
686.190,703.478
686.185,702.219
686.183,701.709
686.181,701.246
686.177,700.194
686.182,701.326
686.180,700.912
686.179,700.529
686.175,699.541
686.174,699.286
686.173,699.063
686.172,698.855
686.169,698.027
686.174,699.366
686.173,699.126
686.172,698.919
686.177,700.178
686.176,699.876
686.175,699.589
686.182,701.422
686.178,700.354
686.185,702.123
686.183,701.629
686.181,701.183
686.185,702.235
686.183,701.725
686.181,701.262
686.188,702.936
686.191,703.813
686.194,704.609
686.191,703.876
686.189,703.223
686.184,701.980
686.190,703.589
686.188,702.952
686.191,703.828
686.186,702.537
686.184,702.011
686.180,700.880
686.184,701.948
686.182,701.469
686.180,701.039
686.185,702.091
686.183,701.597
686.181,701.151
686.179,700.752
686.184,701.836
686.187,702.824
686.185,702.266
686.183,701.756
686.179,700.657
686.175,699.668
686.174,699.413
686.173,699.174
686.178,700.418
686.177,700.083
686.176,699.780
686.172,698.871
686.177,700.131
686.184,701.916
686.182,701.438
686.180,701.007
686.176,699.971
686.175,699.684
686.182,701.517
686.186,702.537
686.182,701.358
686.180,700.944
686.187,702.649
686.182,701.469
686.186,702.490
686.184,701.964
686.182,701.485
686.178,700.418
686.182,701.533
686.189,703.191
686.186,702.601
686.190,703.510
686.188,702.888
686.185,702.314
686.183,701.804
686.179,700.704
686.178,700.338
686.177,700.019
686.175,699.732
686.180,700.912
686.184,701.980
686.190,703.589
686.188,702.952
686.183,701.740
686.179,700.641
686.178,700.290
686.176,699.971
686.181,701.135
686.185,702.187
686.183,701.693
686.181,701.246
686.188,702.920
686.183,701.709
686.179,700.609
686.185,702.346
686.184,701.836
686.179,700.720
686.178,700.354
686.177,700.035
686.175,699.732
686.180,700.912
686.179,700.529
686.177,700.194
686.182,701.326
686.178,700.274
686.176,699.955
686.175,699.668
686.182,701.501
686.178,700.418
686.174,699.445
686.173,699.206
686.173,698.983
686.177,700.242
686.176,699.923
686.183,701.725
686.187,702.713
686.182,701.517
686.181,701.087
686.187,702.776
686.183,701.581
686.189,703.223
686.187,702.617
686.184,702.075
686.180,700.944
686.184,702.011
686.182,701.533
686.189,703.191
686.192,704.052
686.197,705.470
686.194,704.657
686.192,703.924
686.195,704.705
686.192,703.972
686.189,703.302
686.184,702.059
686.180,700.928
686.179,700.545
686.177,700.194
686.182,701.326
686.188,703.000
686.194,704.514
686.191,703.797
686.194,704.594
686.191,703.860
686.189,703.207
686.184,701.964
686.182,701.485
686.189,703.143
686.186,702.553
686.190,703.462
686.185,702.203
686.183,701.709
686.181,701.246
686.185,702.282
686.183,701.772
686.182,701.310
686.180,700.896
686.176,699.876
686.175,699.589
686.174,699.334
686.171,698.457
686.168,697.676
686.167,697.612
686.167,697.548
686.172,698.935
686.172,698.744
686.171,698.569
686.170,698.409
686.167,697.628
686.165,696.927
686.165,696.927
686.165,696.927
686.165,696.927
686.170,698.377
686.170,698.234
686.169,698.106
686.166,697.357
686.164,696.672
686.164,696.704
686.164,696.720
686.170,698.186
686.167,697.421
686.166,697.373
686.166,697.325
686.164,696.640
686.161,696.018
686.162,696.098
686.162,696.178
686.162,696.241
686.160,695.668
686.160,695.795
686.161,695.907
686.167,697.453
686.167,697.405
686.166,697.357
686.166,697.309
686.164,696.624
686.161,696.018
686.162,696.098
686.162,696.178
686.160,695.604
686.166,697.182
686.166,697.150
686.174,699.222
686.178,700.449
686.174,699.477
686.174,699.238
686.181,701.103
686.177,700.067
686.176,699.764
686.175,699.493
686.182,701.342
686.178,700.274
686.182,701.406
686.180,700.975
686.179,700.593
686.183,701.693
686.187,702.681
686.185,702.139
686.183,701.645
686.187,702.649
686.182,701.469
686.180,701.039
686.179,700.641
686.175,699.652
686.174,699.397
686.173,699.158
686.172,698.951
686.169,698.122
686.169,698.011
686.169,697.915
686.168,697.819
686.168,697.740
686.173,699.111
686.172,698.903
686.172,698.712
686.171,698.537
686.168,697.740
686.165,697.022
686.165,697.007
686.165,697.007
686.165,697.007
686.163,696.353
686.163,696.401
686.163,696.449
686.163,696.497
686.161,695.891
686.161,695.986
686.161,696.082
686.162,696.162
686.168,697.692
686.173,699.063
686.172,698.855
686.171,698.664
686.176,699.955
686.181,701.119
686.179,700.720
686.178,700.354
686.174,699.381
686.171,698.505
686.170,698.361
686.170,698.218
686.169,698.090
686.174,699.429
686.179,700.641
686.178,700.290
686.184,702.059
686.188,703.016
686.186,702.442
686.184,701.916
686.182,701.438
686.178,700.370
686.174,699.397
686.173,699.158
686.172,698.951
686.172,698.760
686.177,700.035
686.173,699.095
686.172,698.887
686.172,698.696
686.171,698.521
686.168,697.724
686.165,697.007
686.165,697.007
686.165,697.007
686.157,694.903
686.155,694.456
686.162,696.146
686.162,696.226
686.154,694.201
686.153,693.819
686.151,693.468
686.150,693.149
686.152,693.516
686.153,693.835
686.152,693.484
686.150,693.165
686.152,693.516
686.153,693.835
686.154,694.122
686.155,694.393
686.154,693.994
686.152,693.627
686.153,693.946
686.154,694.233
686.155,694.488
686.154,694.074
686.152,693.707
686.154,694.010
686.155,694.281
686.156,694.536
686.154,694.122
686.153,693.755
686.146,691.954
686.148,692.432
686.149,692.862
686.148,692.607
686.147,692.384
686.149,692.815
686.151,693.213
686.144,691.476
686.138,689.898
686.132,688.463
686.133,688.623
686.133,688.766
686.134,688.894
686.137,689.659
686.140,690.344
686.142,690.966
686.142,690.886
686.133,688.734
686.126,686.774
686.130,687.746
686.133,688.623
686.128,687.316
686.131,688.224
686.132,688.415
686.133,688.591
686.133,688.750
686.152,693.548
686.153,693.867
686.146,692.065
686.140,690.424
686.140,690.408
686.140,690.392
686.140,690.376
686.134,688.894
686.137,689.659
686.140,690.344
686.139,690.328
686.131,688.224
686.132,688.415
686.135,689.228
686.130,687.858
686.133,688.718
686.136,689.499
686.137,689.563
686.137,689.627
686.131,688.224
686.127,686.949
686.122,685.801
686.118,684.765
686.123,685.929
686.124,686.327
686.138,689.946
686.138,689.961
686.138,689.977
686.138,689.993
686.141,690.647
686.135,689.149
686.130,687.794
686.123,685.929
686.124,686.327
686.126,686.694
686.129,687.666
686.133,688.543
686.128,687.236
686.129,687.523
686.130,687.778
686.131,688.001
686.134,688.846
686.137,689.611
686.139,690.312
686.134,688.846
686.134,688.973
686.135,689.085
686.135,689.196
686.130,687.826
686.133,688.686
686.136,689.467
686.139,690.185
686.139,690.185
686.139,690.185
686.139,690.185
686.133,688.734
686.136,689.515
686.131,688.128
686.134,688.973
686.127,686.997
686.128,687.300
686.129,687.571
686.124,686.359
686.120,685.259
686.124,686.375
686.120,685.275
686.114,683.650
686.116,684.271
686.113,683.379
686.118,684.670
686.122,685.833
686.126,686.885
686.128,687.204
686.129,687.491
686.132,688.384
686.135,689.196
686.138,689.930
686.141,690.599
686.135,689.101
686.135,689.196
686.128,687.204
686.129,687.491
686.130,687.746
686.130,687.985
686.134,688.830
686.137,689.595
686.131,688.192
686.134,689.021
686.135,689.133
686.127,687.140
686.120,685.339
686.122,685.801
686.118,684.765
686.115,683.825
686.119,685.068
686.124,686.200
686.125,686.582
686.126,686.917
686.122,685.770
686.118,684.733
686.122,685.897
686.127,686.949
686.120,685.164
686.122,685.642
686.123,686.072
686.127,687.108
686.131,688.049
686.132,688.256
686.132,688.447
686.125,686.519
686.129,687.507
686.132,688.399
686.135,689.212
686.136,689.308
686.136,689.388
686.136,689.467
686.139,690.185
686.133,688.734
686.128,687.411
686.132,688.320
686.132,688.495
686.133,688.654
686.134,688.798
686.137,689.579
686.139,690.280
686.142,690.918
686.141,690.854
686.141,690.790
686.141,690.727
686.143,691.316
686.145,691.842
686.147,692.320
686.146,692.113
686.146,691.922
686.145,691.763
686.147,692.257
686.141,690.599
686.143,691.205
686.137,689.643
686.137,689.691
686.137,689.738
686.137,689.786
686.132,688.368
686.135,689.180
686.130,687.826
686.131,688.049
686.132,688.256
686.140,690.535
686.143,691.141
686.137,689.595
686.139,690.296
686.142,690.934
686.142,690.870
686.141,690.806
686.135,689.292
686.130,687.921
686.125,686.678
686.127,687.013
686.128,687.316
686.129,687.587
686.132,688.479
686.135,689.276
686.130,687.905
686.131,688.128
686.132,688.320
686.132,688.495
686.128,687.204
686.131,688.128
686.134,688.973
686.127,686.997
686.128,687.300
686.131,688.208
686.135,689.037
686.137,689.786
686.138,689.818
686.138,689.850
686.138,689.882
686.140,690.551
686.143,691.157
686.145,691.699
686.144,691.555
686.144,691.428
686.146,691.954
686.148,692.432
686.147,692.225
686.146,692.034
686.148,692.496
686.149,692.910
686.151,693.293
686.152,693.643
686.151,693.309
686.150,693.006
686.149,692.735
686.150,693.133
686.144,691.396
686.146,691.922
686.147,692.400
686.147,692.193
686.154,694.090
686.152,693.723
686.154,694.026
686.147,692.209
686.148,692.655
686.142,690.966
686.142,690.886
686.141,690.822
686.136,689.308
686.138,690.025
686.141,690.679
686.135,689.180
686.135,689.276
686.136,689.356
686.130,687.985
686.134,688.830
686.129,687.507
686.130,687.762
686.130,687.985
686.131,688.192
686.134,689.021
686.129,687.682
686.125,686.471
686.126,686.821
686.127,687.140
686.128,687.427
686.132,688.336
686.135,689.149
686.130,687.794
686.125,686.566
686.129,687.555
686.130,687.810
686.131,688.033
686.123,686.152
686.125,686.535
686.121,685.419
686.125,686.519
686.121,685.403
686.117,684.399
686.111,682.853
686.114,683.554
686.108,682.088
686.111,682.853
686.116,684.192
686.121,685.403
686.117,684.399
686.119,684.957
686.121,685.451
686.117,684.447
686.121,685.626
686.118,684.606
686.122,685.785
686.124,686.200
686.125,686.582
686.126,686.917
686.130,687.873
686.125,686.630
686.129,687.603
686.132,688.495
686.133,688.654
686.134,688.798
686.134,688.925
686.129,687.587
686.132,688.479
686.135,689.276
686.136,689.356
686.136,689.436
686.144,691.603
686.146,692.113
686.148,692.575
686.150,692.990
686.151,693.357
686.150,693.054
686.141,690.695
686.141,690.647
686.143,691.237
686.145,691.779
686.147,692.273
686.146,692.081
686.146,691.906
686.137,689.643
686.139,690.328
686.142,690.950
686.144,691.524
686.136,689.308
686.128,687.300
686.129,687.571
686.124,686.359
686.120,685.259
686.124,686.375
686.128,687.379
686.129,687.650
686.138,689.977
686.141,690.631
686.143,691.237
686.145,691.779
686.147,692.273
686.146,692.081
686.146,691.906
686.145,691.747
686.147,692.241
686.140,690.583
686.143,691.189
686.142,691.093
686.142,691.013
686.144,691.571
686.146,692.081
686.140,690.440
686.140,690.408
686.140,690.392
686.140,690.376
686.134,688.894
686.137,689.659
686.140,690.344
686.142,690.966
686.142,690.886
686.141,690.822
686.141,690.758
686.135,689.244
686.130,687.873
686.133,688.734
686.128,687.411
686.129,687.682
686.130,687.921
686.131,688.144
686.134,688.973
686.137,689.722
686.140,690.408
686.142,691.029
686.150,693.038
686.149,692.767
686.142,691.061
686.144,691.619
686.146,692.129
686.146,691.938
686.145,691.779
686.147,692.273
686.141,690.615
686.135,689.117
686.138,689.866
686.138,689.898
686.138,689.930
686.141,690.599
686.143,691.205
686.137,689.643
686.137,689.691
686.137,689.738
686.140,690.424
686.134,688.941
686.129,687.603
686.132,688.495
686.133,688.654
686.134,688.798
686.137,689.579
686.139,690.280
686.142,690.918
686.141,690.854
686.141,690.790
686.143,691.380
686.146,691.906
686.147,692.384
686.147,692.177
686.148,692.623
686.150,693.038
686.151,693.404
686.150,693.101
686.149,692.831
686.151,693.213
686.152,693.564
686.153,693.882
686.152,693.532
686.151,693.213
686.152,693.564
686.153,693.882
686.154,694.169
686.161,695.875
686.167,697.421
686.172,698.824
686.171,698.648
686.171,698.489
686.170,698.345
686.167,697.564
686.164,696.863
686.164,696.863
686.164,696.863
686.162,696.226
686.160,695.652
686.158,695.126
686.150,693.197
686.152,693.548
686.151,693.229
686.149,692.942
686.148,692.687
686.150,693.086
686.143,691.348
686.145,691.874
686.147,692.352
686.146,692.145
686.146,691.954
686.148,692.432
686.149,692.862
686.151,693.245
686.152,693.596
686.151,693.277
686.150,692.990
686.143,691.268
686.145,691.810
686.139,690.201
686.139,690.201
686.139,690.201
686.141,690.838
686.144,691.412
686.146,691.938
686.145,691.779
686.144,691.619
686.146,692.129
686.148,692.591
686.147,692.368
686.138,690.073
686.139,690.089
686.141,690.743
686.143,691.332
686.145,691.858
686.153,693.787
686.151,693.452
686.145,691.683
686.147,692.177
686.153,693.819
686.154,694.122
686.153,693.755
686.151,693.420
686.153,693.755
686.154,694.058
686.155,694.329
686.156,694.584
686.154,694.169
686.153,693.787
686.154,694.090
686.155,694.361
686.156,694.600
686.154,694.185
686.153,693.803
686.146,692.002
686.145,691.826
686.145,691.667
686.144,691.524
686.146,692.034
686.148,692.496
686.149,692.910
686.148,692.655
686.150,693.054
686.151,693.420
686.213,709.630
686.217,710.507
686.220,711.304
686.220,711.384
686.215,710.013
686.210,708.770
686.211,709.088
686.215,710.029
686.218,710.874
686.213,709.551
686.214,709.806
686.217,710.666
686.220,711.447
686.221,711.511
686.223,712.212
686.226,712.850
686.225,712.786
686.228,713.376
686.227,713.264
686.221,711.702
686.224,712.388
686.224,712.372
686.224,712.356
686.218,710.889
686.219,711.017
686.219,711.129
686.222,711.878
686.225,712.547
686.224,712.515
686.227,713.121
686.229,713.679
686.228,713.535
686.228,713.408
686.222,711.846
686.216,710.427
686.225,712.675
686.227,713.264
686.221,711.702
686.221,711.750
686.216,710.348
686.211,709.072
686.212,709.359
686.216,710.268
686.211,708.993
686.212,709.296
686.208,708.116
686.203,707.048
686.205,707.542
686.210,708.626
686.211,708.961
686.212,709.264
686.216,710.188
686.216,710.379
686.219,711.192
686.222,711.926
686.222,711.941
686.225,712.611
686.219,711.113
686.219,711.208
686.222,711.941
686.225,712.611
686.227,713.217
686.229,713.759
686.229,713.599
686.231,714.109
686.232,714.571
686.231,714.348
686.233,714.779
686.235,715.177
686.242,716.978
686.234,715.066
686.233,714.795
686.235,715.193
686.236,715.544
686.235,715.225
686.236,715.576
686.237,715.894
686.236,715.544
686.237,715.862
686.238,716.149
686.245,717.855
686.245,717.950
686.243,717.393
686.244,717.536
686.236,715.576
686.235,715.257
686.236,715.607
686.237,715.926
686.236,715.576
686.237,715.894
686.236,715.544
686.237,715.862
686.238,716.149
686.237,715.767
686.236,715.432
686.245,717.855
686.243,717.313
686.243,717.472
686.244,717.616
686.242,717.090
686.251,719.353
686.248,718.668
686.248,718.700
686.248,718.716
686.246,718.094
686.246,718.174
686.252,719.688
686.252,719.608
686.249,718.907
686.249,718.907
686.249,718.907
686.246,718.269
686.247,718.333
686.239,716.293
686.245,717.982
686.246,718.078
686.252,719.608
686.249,718.907
686.249,718.907
686.246,718.269
686.247,718.333
686.239,716.293
686.237,715.894
686.238,716.181
686.237,715.799
686.238,716.102
686.231,714.284
686.238,716.165
686.239,716.420
686.240,716.659
686.247,718.317
686.255,720.469
686.252,719.672
686.252,719.608
686.251,719.544
686.257,720.931
686.256,720.740
686.255,720.564
686.260,721.856
686.259,721.569
686.250,719.226
686.256,720.644
686.255,720.485
686.252,719.688
686.252,719.608
686.243,717.456
686.249,719.050
686.249,719.034
686.249,719.018
686.255,720.453
686.254,720.309
686.259,721.616
686.258,721.361
686.265,723.226
686.269,724.262
686.267,723.752
686.263,722.653
686.254,720.198
686.253,720.070
686.250,719.321
686.250,719.289
686.258,721.346
686.263,722.557
686.262,722.206
686.266,723.338
686.264,722.923
686.271,724.645
686.274,725.553
686.280,727.020
686.275,725.601
686.272,724.964
686.275,725.840
686.273,725.187
686.279,726.685
686.273,725.298
686.271,724.693
686.274,725.585
686.272,724.948
686.270,724.374
686.273,725.298
686.271,724.693
686.266,723.497
686.257,720.963
686.256,720.772
686.253,719.959
686.253,719.863
686.252,719.768
686.249,719.050
686.249,719.034
686.255,720.469
686.254,720.325
686.254,720.198
686.259,721.521
686.258,721.266
686.255,720.405
686.254,720.262
686.262,722.222
686.266,723.354
686.264,722.939
686.268,724.007
686.267,723.529
686.265,723.099
686.261,722.063
686.260,721.760
686.264,722.939
686.263,722.557
686.262,722.206
686.266,723.338
686.264,722.923
686.268,723.991
686.275,725.601
686.272,724.964
686.270,724.390
686.276,725.968
686.271,724.661
686.269,724.119
686.273,725.075
686.278,726.589
686.276,725.856
686.279,726.637
686.276,725.904
686.279,726.685
686.276,725.952
686.279,726.733
686.276,725.984
686.273,725.314
686.277,726.159
686.274,725.474
686.269,724.215
686.267,723.704
686.266,723.242
686.261,722.190
686.260,721.871
686.265,723.035
686.271,724.741
686.277,726.287
686.280,727.036
686.285,728.359
686.287,728.901
686.284,727.944
686.280,727.084
686.275,725.665
686.272,725.027
686.270,724.454
686.266,723.290
686.264,722.876
686.260,721.856
686.259,721.569
686.256,720.676
686.255,720.517
686.254,720.357
686.259,721.664
686.258,721.409
686.263,722.621
686.262,722.270
686.261,721.951
686.257,721.027
686.256,720.820
686.261,722.079
686.260,721.776
686.259,721.505
686.255,720.612
686.255,720.453
686.260,721.760
686.267,723.593
686.265,723.147
686.264,722.748
686.262,722.382
686.258,721.409
686.266,723.274
686.264,722.860
686.263,722.493
686.261,722.158
686.258,721.202
686.257,720.979
686.256,720.788
686.253,719.975
686.253,719.879
686.250,719.146
686.250,719.130
686.255,720.564
686.263,722.509
686.261,722.174
686.258,721.218
686.257,720.995
686.262,722.238
686.260,721.919
686.257,720.995
686.256,720.804
686.255,720.628
686.255,720.469
686.262,722.413
686.259,721.441
686.258,721.202
686.265,723.083
686.269,724.135
686.267,723.641
686.271,724.645
686.277,726.191
686.272,724.852
686.278,726.382
686.275,725.665
686.278,726.478
686.283,727.849
686.285,728.438
686.290,729.634
686.292,730.064
686.296,731.100
686.291,729.937
686.293,730.335
686.289,729.251
686.282,727.625
686.279,726.797
686.276,726.048
686.279,726.813
686.276,726.063
686.271,724.741
686.267,723.545
686.265,723.099
686.269,724.151
686.267,723.657
686.271,724.645
686.269,724.103
686.275,725.713
686.278,726.510
686.275,725.793
686.273,725.139
686.271,724.549
686.268,724.007
686.272,724.964
686.270,724.390
686.265,723.226
686.264,722.812
686.262,722.445
686.259,721.473
686.258,721.234
686.249,718.923
686.255,720.373
686.254,720.230
686.259,721.553
686.258,721.298
686.257,721.075
686.262,722.318
686.261,721.999
686.260,721.712
686.259,721.441
686.258,721.202
686.254,720.341
686.254,720.214
686.259,721.537
686.258,721.282
686.257,721.059
686.256,720.851
686.256,720.660
686.253,719.847
686.252,719.752
686.252,719.672
686.249,718.955
686.249,718.955
686.247,718.301
686.247,718.365
686.247,718.413
686.245,717.823
686.245,717.935
686.246,718.030
686.246,718.110
686.246,718.190
686.244,717.616
686.244,717.743
686.253,719.959
686.250,719.210
686.250,719.178
686.255,720.596
686.255,720.437
686.254,720.294
686.251,719.513
686.251,719.449
686.248,718.763
686.248,718.779
686.248,718.795
686.246,718.158
686.254,720.325
686.259,721.632
686.258,721.377
686.257,721.138
686.254,720.278
686.254,720.150
686.253,720.039
686.253,719.927
686.252,719.831
686.250,719.098
686.250,719.082
686.247,718.429
686.247,718.476
686.247,718.524
686.253,720.007
686.253,719.911
686.250,719.178
686.250,719.146
686.258,721.218
686.246,718.094
686.252,719.624
686.251,719.560
686.257,720.947
686.256,720.756
686.261,722.031
686.260,721.728
686.259,721.457
686.266,723.306
686.264,722.892
686.260,721.871
686.267,723.689
686.263,722.589
686.270,724.342
686.268,723.832
686.263,722.716
686.262,722.350
686.258,721.377
686.266,723.242
686.264,722.828
686.271,724.549
686.268,724.007
686.264,722.876
686.263,722.493
686.267,723.593
686.253,720.086
686.253,719.975
686.258,721.314
686.257,721.090
686.254,720.246
686.254,720.118
686.261,722.095
686.268,723.896
686.266,723.418
686.262,722.350
686.261,722.031
686.265,723.178
686.264,722.780
686.268,723.864
686.266,723.402
686.264,722.971
686.263,722.589
686.270,724.342
686.265,723.178
686.264,722.780
686.268,723.864
686.266,723.402
686.273,725.075
686.270,724.485
686.276,726.048
686.279,726.813
686.284,728.151
686.279,726.637
686.276,725.904
686.281,727.339
686.284,727.992
686.280,727.131
686.283,727.801
686.280,726.956
686.282,727.641
686.287,728.901
686.284,727.944
686.278,726.446
686.275,725.729
686.278,726.526
686.283,727.896
686.286,728.486
686.282,727.578
686.287,728.853
686.289,729.347
686.285,728.359
686.287,728.901
686.284,727.944
686.280,727.084
686.285,728.407
686.282,727.498
686.279,726.685
686.284,728.040
686.286,728.614
686.291,729.793
686.284,728.120
686.281,727.243
686.283,727.896
686.288,729.140
686.292,730.255
686.288,729.172
686.284,728.199
686.287,728.757
686.283,727.817
686.277,726.334
686.275,725.633
686.278,726.446
686.275,725.729
686.278,726.526
686.283,727.896
686.288,729.140
686.284,728.167
686.281,727.291
686.276,725.856
686.273,725.203
686.276,726.048
686.274,725.362
686.271,724.756
686.269,724.199
686.267,723.704
686.263,722.605
686.262,722.254
686.266,723.386
686.272,725.059
686.270,724.470
686.266,723.306
686.264,722.892
686.260,721.871
686.259,721.585
686.258,721.330
686.265,723.194
686.264,722.796
686.260,721.792
686.267,723.609
686.263,722.525
686.261,722.190
686.266,723.322
686.264,722.908
686.263,722.525
686.267,723.625
686.265,723.178
686.261,722.127
686.260,721.824
686.259,721.553
686.266,723.402
686.273,725.075
686.276,725.936
686.273,725.267
686.276,726.111
686.274,725.426
686.277,726.255
686.282,727.657
686.279,726.829
686.276,726.079
686.274,725.394
686.277,726.223
686.282,727.625
686.285,728.247
686.281,727.355
686.278,726.558
686.283,727.928
686.280,727.068
686.275,725.649
686.272,725.011
686.268,723.784
686.266,723.322
686.264,722.908
686.260,721.887
686.259,721.601
686.256,720.708
686.255,720.533
686.252,719.736
686.260,721.760
686.256,720.851
686.256,720.660
686.255,720.501
686.252,719.704
686.252,719.624
686.249,718.907
686.249,718.907
686.249,718.907
686.257,721.011
686.264,722.908
686.268,723.975
686.266,723.497
686.262,722.413
686.269,724.183
686.267,723.689
686.271,724.677
686.269,724.135
686.265,723.003
686.263,722.621
686.262,722.270
686.258,721.314
686.257,721.090
686.254,720.246
686.254,720.118
686.253,720.007
686.253,719.911
686.252,719.815
686.258,721.170
686.257,720.963
686.256,720.772
686.253,719.959
686.253,719.863
686.258,721.218
686.257,720.995
686.262,722.238
686.260,721.919
686.259,721.632
686.256,720.724
686.255,720.549
686.252,719.752
686.252,719.672
686.260,721.696
686.264,722.876
686.263,722.493
686.259,721.505
686.258,721.266
686.257,721.043
686.262,722.286
686.261,721.967
686.257,721.027
686.256,720.820
686.256,720.644
686.252,719.831
686.252,719.752
686.257,721.122
686.257,720.915
686.256,720.724
686.253,719.911
686.252,719.815
686.258,721.170
686.265,723.051
686.263,722.653
686.267,723.736
686.274,725.378
686.269,724.119
686.267,723.625
686.271,724.629
686.266,723.449
686.265,723.019
686.261,721.983
686.260,721.696
686.259,721.425
686.255,720.549
686.255,720.389
686.252,719.608
686.251,719.544
686.251,719.481
686.251,719.433
686.251,719.385
686.248,718.700
686.248,718.716
686.246,718.094
686.246,718.174
686.246,718.237
686.252,719.752
686.252,719.672
686.252,719.608
686.243,717.456
686.244,717.600
686.242,717.090
686.243,717.265
686.249,718.875
686.249,718.875
686.249,718.875
686.246,718.237
686.247,718.301
686.244,717.711
686.245,717.823
686.245,717.935
686.243,717.393
686.244,717.536
686.244,717.664
686.242,717.138
686.243,717.313
686.249,718.907
686.249,718.907
686.249,718.907
686.246,718.269
686.247,718.333
686.247,718.397
686.245,717.807
686.245,717.919
686.245,718.014
686.243,717.456
686.244,717.600
686.236,715.639
686.243,717.393
686.236,715.448
686.237,715.783
686.236,715.432
686.237,715.767
686.238,716.070
686.237,715.703
686.238,716.006
686.236,715.639
686.238,715.958
686.239,716.245
686.237,715.862
686.238,716.149
686.231,714.316
686.231,714.109
686.232,714.571
686.231,714.348
686.233,714.779
686.235,715.177
686.242,716.978
686.242,717.169
686.235,715.241
686.244,717.680
686.245,717.791
686.243,717.249
686.235,715.321
686.236,715.655
686.235,715.321
686.245,717.759
686.242,717.233
686.235,715.305
686.236,715.655
686.235,715.321
686.236,715.655
686.238,715.974
686.236,715.607
686.237,715.926
686.244,717.664
686.245,717.791
686.245,717.903
686.251,719.449
686.251,719.401
686.248,718.716
686.246,718.094
686.246,718.174
686.252,719.688
686.252,719.608
686.243,717.456
686.241,716.946
686.242,717.138
686.240,716.659
686.239,716.229
686.240,716.484
686.238,716.070
686.239,716.341
686.246,718.030
686.246,718.110
686.254,720.278
686.259,721.601
686.258,721.346
686.255,720.469
686.254,720.325
686.254,720.198
686.251,719.433
686.251,719.385
686.248,718.700
686.248,718.716
686.246,718.094
686.252,719.624
686.251,719.560
686.249,718.859
686.249,718.859
686.249,718.859
686.254,720.309
686.254,720.182
686.259,721.505
686.258,721.266
686.257,721.043
686.254,720.198
686.253,720.070
686.258,721.409
686.266,723.274
686.270,724.310
686.268,723.800
686.266,723.338
686.262,722.270
686.269,724.039
686.264,722.908
686.263,722.525
686.259,721.537
686.258,721.282
686.265,723.147
686.264,722.748
686.262,722.382
686.258,721.409
686.258,721.170
686.262,722.397
686.261,722.063
686.260,721.760
686.267,723.593
686.265,723.147
686.269,724.199
686.267,723.704
686.266,723.242
686.269,724.278
686.268,723.768
686.271,724.756
686.269,724.199
686.273,725.139
686.271,724.549
686.268,724.007
686.264,722.876
686.263,722.493
686.259,721.505
686.266,723.354
686.264,722.939
686.260,721.919
686.259,721.632
686.264,722.828
686.263,722.461
686.261,722.127
686.260,721.824
686.267,723.641
686.263,722.557
686.270,724.310
686.273,725.251
686.271,724.645
686.269,724.103
686.272,725.059
686.278,726.574
686.281,727.291
686.278,726.494
686.273,725.123
686.278,726.621
686.276,725.888
686.271,724.581
686.269,724.039
686.272,724.996
686.270,724.422
686.268,723.896
686.272,724.868
686.270,724.310
686.273,725.251
686.271,724.645
686.269,724.103
686.264,722.971
686.263,722.589
686.267,723.689
686.266,723.242
686.264,722.828
686.260,721.808
686.249,718.923
686.255,720.373
686.254,720.230
686.253,720.102
686.251,719.353
686.250,719.305
686.248,718.620
686.248,718.652
686.248,718.684
686.246,718.062
686.246,718.142
686.252,719.656
686.252,719.592
686.251,719.528
686.257,720.915
686.256,720.724
686.261,721.999
686.260,721.712
686.256,720.804
686.263,722.716
686.268,723.800
686.274,725.426
686.271,724.804
686.267,723.609
686.273,725.251
686.246,718.110
686.252,719.640
686.251,719.576
686.251,719.513
686.249,718.811
686.249,718.827
686.246,718.190
686.246,718.253
686.247,718.317
686.255,720.469
686.246,718.237
686.252,719.752
686.252,719.672
686.252,719.608
686.249,718.907
686.249,718.907
686.246,718.269
686.247,718.333
686.247,718.397
686.245,717.807
686.245,717.919
686.237,715.926
686.236,715.576
686.237,715.894
686.236,715.544
686.268,723.816
686.274,725.442
686.269,724.183
686.267,723.689
686.271,724.677
686.277,726.223
686.274,725.522
686.277,726.334
686.275,725.633
686.270,724.358
686.276,725.936
686.273,725.267
686.271,724.661
686.269,724.119
686.267,723.625
686.265,723.178
686.269,724.215
686.267,723.704
686.266,723.242
686.264,722.828
686.263,722.461
686.267,723.577
686.265,723.131
686.269,724.183
686.267,723.689
686.263,722.589
686.262,722.238
686.258,721.282
686.257,721.059
686.254,720.214
686.261,722.190
686.260,721.871
686.259,721.585
686.258,721.330
686.255,720.453
686.254,720.309
686.259,721.616
686.258,721.361
686.263,722.573
686.262,722.222
686.258,721.266
686.257,721.043
686.254,720.198
686.261,722.174
686.258,721.218
686.257,720.995
686.256,720.804
686.255,720.628
686.255,720.469
686.260,721.776
686.259,721.505
686.263,722.700
686.262,722.334
686.261,722.015
686.260,721.728
686.259,721.457
686.255,720.580
686.255,720.421
686.252,719.640
686.251,719.576
686.257,720.963
686.256,720.772
686.253,719.959
686.253,719.863
686.260,721.871
686.259,721.585
686.258,721.330
686.263,722.541
686.261,722.190
686.266,723.322
686.264,722.908
686.268,723.975
686.274,725.585
686.278,726.398
686.275,725.681
686.272,725.043
686.270,724.454
686.276,726.016
686.279,726.781
686.276,726.032
686.279,726.797
686.276,726.048
686.271,724.725
686.277,726.271
686.272,724.932
686.278,726.462
686.275,725.745
686.273,725.091
686.270,724.501
686.274,725.410
686.271,724.788
686.275,725.681
686.272,725.043
686.278,726.558
686.283,727.928
686.280,727.068
686.275,725.649
686.272,725.011
686.268,723.784
686.266,723.322
686.270,724.342
686.276,725.920
686.271,724.613
686.277,726.175
686.282,727.578
686.279,726.749
686.284,728.104
686.286,728.677
686.283,727.753
686.285,728.359
686.290,729.554
686.291,729.984
686.295,731.021
686.291,729.873
686.295,730.925
686.299,731.881
686.302,732.742
686.305,733.523
686.305,733.587
686.308,734.288
686.308,734.272
686.302,732.806
686.303,732.933
686.306,733.698
686.300,732.296
686.303,733.124
686.298,731.770
686.299,731.993
686.294,730.750
686.295,731.068
686.299,732.009
686.300,732.216
686.295,730.957
686.296,731.260
686.292,730.080
686.293,730.463
686.297,731.467
686.300,732.375
686.296,731.100
686.291,729.937
686.287,728.885
686.292,730.032
686.295,731.068
686.299,732.009
686.292,730.128
686.288,729.060
686.290,729.538
686.286,728.534
686.288,729.060
686.284,728.104
686.286,728.677
686.291,729.841
686.292,730.255
686.296,731.276
686.300,732.200
686.303,733.029
686.306,733.778
686.306,733.810
686.301,732.391
686.293,730.463
686.297,731.467
686.290,729.634
686.286,728.614
686.288,729.140
686.284,728.167
686.281,727.291
686.278,726.494
686.275,725.777
686.278,726.574
686.284,727.944
686.286,728.534
686.282,727.625
686.277,726.159
686.282,727.562
686.279,726.733
686.284,728.088
686.281,727.211
686.275,725.777
686.273,725.123
686.276,725.984
686.273,725.314
686.271,724.709
686.275,725.601
686.272,724.964
686.275,725.840
686.281,727.275
686.286,728.582
686.282,727.657
686.287,728.917
686.281,727.323
686.278,726.526
686.273,725.155
686.271,724.565
686.268,724.023
686.272,724.980
686.278,726.494
686.273,725.123
686.270,724.533
686.268,724.007
686.264,722.876
686.263,722.493
686.259,721.505
686.258,721.266
686.263,722.493
686.269,724.246
686.267,723.736
686.271,724.725
686.277,726.271
686.280,727.020
686.277,726.255
686.280,727.004
686.277,726.239
686.272,724.900
686.278,726.430
686.275,725.713
686.272,725.059
686.270,724.470
686.268,723.944
686.266,723.465
686.262,722.397
686.261,722.063
686.265,723.210
686.264,722.796
686.268,723.880
686.274,725.506
686.280,726.972
686.285,728.295
686.289,729.506
686.291,729.953
686.287,728.901
686.289,729.395
686.285,728.407
686.287,728.948
686.284,727.992
686.288,729.219
686.290,729.682
686.286,728.662
686.288,729.188
686.285,728.215
686.287,728.773
686.291,729.937
686.287,728.885
686.284,727.944
686.280,727.084
686.283,727.753
686.280,726.908
686.282,727.594
686.287,728.869
686.281,727.275
686.286,728.582
686.288,729.108
686.292,730.240
686.288,729.156
686.290,729.634
686.286,728.614
686.288,729.140
686.284,728.167
686.287,728.741
686.291,729.905
686.293,730.303
686.296,731.323
686.292,730.144
686.293,730.526
686.297,731.515
686.298,731.770
686.302,732.646
686.302,732.790
686.297,731.467
686.300,732.375
686.301,732.535
686.304,733.332
686.304,733.411
686.307,734.129
686.307,734.129
686.302,732.678
686.302,732.822
686.297,731.499
686.298,731.754
686.293,730.526
686.289,729.427
686.285,728.422
686.282,727.514
686.284,728.136
686.281,727.259
686.275,725.824
686.273,725.171
686.279,726.669
686.276,725.936
686.273,725.267
686.271,724.661
686.269,724.119
686.275,725.713
686.272,725.059
686.268,723.832
686.266,723.370
686.262,722.302
686.261,721.983
686.265,723.131
686.272,724.820
686.267,723.609
686.265,723.163
686.272,724.852
686.267,723.641
686.265,723.194
686.269,724.230
686.267,723.720
686.274,725.362
686.271,724.756
686.277,726.303
686.275,725.601
686.272,724.964
686.275,725.840
686.273,725.187
686.276,726.032
686.274,725.362
686.271,724.756
686.269,724.199
686.267,723.704
686.271,724.693
686.277,726.239
686.280,726.988
686.285,728.311
686.287,728.869
686.291,730.016
686.293,730.415
686.289,729.315
686.285,728.327
686.287,728.885
686.292,730.032
686.293,730.415
686.289,729.315
686.283,727.689
686.279,726.860
686.284,728.199
686.279,726.669
686.276,725.936
686.271,724.629
686.269,724.087
686.272,725.043
686.278,726.558
686.275,725.824
686.278,726.621
686.276,725.888
686.279,726.669
686.276,725.936
686.271,724.629
686.277,726.175
686.274,725.490
686.280,726.956
686.285,728.295
686.281,727.402
686.284,728.040
686.281,727.179
686.278,726.398
686.280,727.131
686.285,728.438
686.279,726.892
686.277,726.127
686.279,726.892
686.285,728.231
686.289,729.443
686.285,728.438
686.290,729.634
686.286,728.614
686.283,727.689
686.285,728.295
686.289,729.506
686.291,729.953
686.287,728.901
686.284,727.944
686.280,727.084
686.277,726.303
686.280,727.052
686.277,726.271
686.280,727.020
686.285,728.343
686.279,726.797
686.284,728.136
686.281,727.259
686.283,727.912
686.280,727.052
686.283,727.721
686.279,726.876
686.274,725.474
686.272,724.852
686.270,724.294
686.273,725.235
686.271,724.629
686.274,725.537
686.280,727.004
686.274,725.585
686.280,727.052
686.283,727.721
686.279,726.876
686.277,726.127
686.282,727.530
686.287,728.805
686.281,727.227
686.278,726.430
686.281,727.163
686.280,727.036
686.285,728.359
686.282,727.466
686.279,726.653
686.281,727.370
686.278,726.574
686.273,725.203
686.271,724.613
686.269,724.071
686.264,722.939
686.263,722.557
686.259,721.569
686.258,721.314
686.257,721.090
686.262,722.334
686.261,722.015
686.265,723.163
686.272,724.852
686.275,725.729
686.281,727.179
686.278,726.398
686.280,727.131
686.277,726.350
686.280,727.084
686.277,726.303
686.277,726.175
686.274,725.490
686.277,726.318
686.275,725.617
686.270,724.342
686.268,723.832
686.271,724.804
686.277,726.334
686.275,725.633
686.278,726.446
686.275,725.729
686.278,726.526
686.275,725.808
686.270,724.517
686.268,723.991
686.264,722.860
686.263,722.493
686.269,724.246
686.267,723.736
686.266,723.274
686.262,722.222
686.260,721.903
686.265,723.067
686.263,722.668
686.267,723.752
686.266,723.290
686.264,722.876
686.263,722.493
686.261,722.158
686.266,723.290
686.272,724.964
686.267,723.752
686.274,725.394
686.269,724.135
686.267,723.641
686.273,725.282
686.277,726.127
686.274,725.442
686.277,726.271
686.274,725.569
686.272,724.932
686.275,725.808
686.273,725.155
686.276,726.016
686.274,725.346
686.277,726.175
686.274,725.490
686.269,724.215
686.275,725.808
686.281,727.243
686.278,726.446
686.275,725.729
686.270,724.438
686.268,723.912
686.272,724.884
686.270,724.310
686.273,725.251
686.271,724.645
686.277,726.191
686.282,727.594
686.287,728.869
686.281,727.275
686.286,728.582
686.288,729.108
686.292,730.240
686.294,730.606
686.289,729.490
686.286,728.486
686.288,729.028
686.284,728.072
686.286,728.646
686.283,727.721
686.277,726.239
686.280,726.988
686.285,728.311
686.287,728.869
686.283,727.928
686.280,727.068
686.275,725.649
686.272,725.011
686.268,723.784
686.266,723.322
686.264,722.908
686.268,723.975
686.266,723.497
686.265,723.067
686.261,722.031
686.260,721.728
686.264,722.908
686.263,722.525
686.261,722.190
686.258,721.234
686.257,721.011
686.254,720.166
686.253,720.054
686.253,719.943
686.258,721.298
686.257,721.075
686.254,720.230
686.253,720.102
686.253,719.991
686.250,719.242
686.250,719.210
686.250,719.178
686.247,718.508
686.247,718.540
686.245,717.935
686.246,718.030
686.246,718.110
686.244,717.552
686.244,717.680
686.242,717.154
686.243,717.329
686.241,716.835
686.242,717.026
686.242,717.201
686.249,718.811
686.249,718.827
686.257,720.931
686.261,722.190
686.260,721.871
686.259,721.585
686.264,722.780
686.270,724.501
686.266,723.322
686.272,724.996
686.270,724.422
686.266,723.258
686.272,724.948
686.267,723.736
686.266,723.274
686.262,722.222
686.260,721.903
686.259,721.616
686.258,721.361
686.265,723.226
686.269,724.262
686.267,723.752
686.263,722.653
686.262,722.302
686.261,721.983
686.260,721.696
686.259,721.425
686.255,720.549
686.255,720.389
686.260,721.696
686.259,721.425
686.266,723.290
686.262,722.238
686.260,721.919
686.265,723.083
686.271,724.788
686.269,724.230
686.275,725.824
686.273,725.171
686.268,723.928
686.266,723.449
686.262,722.382
686.261,722.047
686.257,721.106
686.257,720.899
686.256,720.708
686.253,719.895
686.252,719.799
686.250,719.066
686.249,719.050
686.249,719.034
686.247,718.381
686.247,718.429
686.253,719.927
686.252,719.831
686.252,719.752
686.249,719.034
686.249,719.018
686.247,718.365
686.247,718.413
686.247,718.461
686.253,719.959
686.253,719.863
686.258,721.218
686.257,720.995
686.256,720.804
686.261,722.079
686.260,721.776
686.251,719.417
686.248,718.731
686.248,718.747
686.246,718.126
686.246,718.206
686.255,720.373
686.252,719.592
686.251,719.528
686.249,718.827
686.257,720.931
686.256,720.740
686.261,722.015
686.260,721.728
686.259,721.457
686.255,720.580
686.255,720.421
686.252,719.640
686.251,719.576
686.251,719.513
686.249,718.811
686.249,718.827
686.249,718.843
686.246,718.206
686.246,718.269
686.244,717.695
686.245,717.807
686.245,717.919
686.243,717.377
686.244,717.520
686.244,717.648
686.242,717.122
686.243,717.297
686.241,716.803
686.242,717.010
686.242,717.185
686.243,717.345
686.243,717.488
686.242,716.978
686.250,719.257
686.256,720.676
686.255,720.517
686.260,721.808
686.259,721.537
686.264,722.732
686.270,724.470
686.266,723.306
686.272,724.980
686.270,724.406
686.273,725.330
686.271,724.725
686.275,725.617
686.272,724.980
686.268,723.768
686.266,723.306
686.264,722.892
686.263,722.509
686.261,722.174
686.266,723.306
686.264,722.892
686.263,722.509
686.267,723.609
686.265,723.163
686.269,724.199
686.267,723.704
686.266,723.242
686.269,724.278
686.268,723.768
686.263,722.668
686.262,722.318
686.261,721.999
686.257,721.059
686.264,722.955
686.263,722.573
686.262,722.222
686.260,721.903
686.265,723.067
686.271,724.772
686.267,723.577
686.265,723.131
686.264,722.732
686.268,723.816
686.266,723.354
686.262,722.286
686.261,721.967
686.260,721.680
686.259,721.425
686.266,723.290
686.270,724.326
686.268,723.816
686.271,724.804
686.269,724.246
686.259,721.648
686.264,722.828
686.263,722.461
686.259,721.489
686.266,723.338
686.264,722.923
686.260,721.903
686.259,721.616
686.256,720.724
686.255,720.549
686.263,722.493
686.267,723.593
686.273,725.251
686.276,726.095
686.274,725.410
686.279,726.892
686.277,726.127
686.274,725.442
686.280,726.924
686.277,726.159
686.280,726.924
686.285,728.263
686.287,728.821
686.283,727.881
686.280,727.036
686.277,726.271
686.274,725.569
686.278,726.382
686.275,725.665
686.278,726.478
686.275,725.761
686.273,725.107
686.268,723.880
686.266,723.402
686.264,722.971
686.271,724.677
686.274,725.569
686.272,724.932
686.275,725.808
686.273,725.155
686.271,724.565
686.266,723.386
686.264,722.955
686.260,721.935
686.259,721.648
686.264,722.828
686.263,722.461
686.261,722.127
686.258,721.186
686.257,720.963
686.262,722.222
686.260,721.903
686.259,721.616
686.256,720.724
686.255,720.549
686.255,720.389
686.260,721.696
686.259,721.425
686.258,721.186
686.254,720.325
686.254,720.198
686.251,719.433
686.243,717.297
686.251,719.544
686.257,720.931
686.256,720.740
686.255,720.564
686.252,719.768
686.252,719.688
686.249,718.971
686.249,718.971
686.249,718.971
686.255,720.405
686.254,720.262
686.254,720.134
686.251,719.369
686.250,719.321
686.248,718.636
686.248,718.668
686.248,718.700
686.256,720.820
686.256,720.644
686.260,721.919
686.259,721.632
686.258,721.377
686.257,721.138
686.257,720.931
686.261,722.190
686.260,721.871
686.257,720.947
686.264,722.844
686.271,724.565
686.268,724.023
686.275,725.633
686.278,726.446
686.283,727.833
686.277,726.334
686.275,725.633
686.272,724.996
686.268,723.768
686.266,723.306
686.264,722.892
686.260,721.871
686.259,721.585
686.264,722.780
686.262,722.413
686.259,721.441
686.258,721.202
686.257,720.979
686.262,722.222
686.268,724.007
686.272,724.964
686.270,724.390
686.268,723.864
686.272,724.836
686.269,724.278
686.268,723.768
686.266,723.306
686.264,722.892
686.260,721.871
686.267,723.689
686.271,724.677
686.269,724.135
686.267,723.641
686.271,724.645
686.269,724.103
686.264,722.971
686.271,724.677
686.269,724.135
686.265,723.003
686.255,720.517
686.254,720.357
686.254,720.214
686.253,720.086
686.251,719.337
686.250,719.305
686.248,718.620
686.248,718.652
686.256,720.772
686.263,722.684
686.270,724.422
686.266,723.258
686.264,722.844
686.260,721.824
686.259,721.553
686.264,722.748
686.262,722.382
686.258,721.409
686.263,722.621
686.254,720.182
686.248,718.620
686.253,720.102
686.253,719.991
686.250,719.242
686.258,721.314
686.257,721.090
686.256,720.883
686.253,720.054
686.253,719.943
686.253,719.847
686.250,719.114
686.250,719.098
686.247,718.445
686.247,718.492
686.247,718.540
686.253,720.023
686.261,722.015
686.257,721.075
686.256,720.867
686.256,720.676
686.253,719.863
686.252,719.768
686.249,719.050
686.241,716.946
686.242,717.138
686.228,713.535
686.228,713.408
686.230,713.934
686.229,713.759
686.231,714.253
686.241,716.787
686.242,716.994
686.242,717.185
686.248,718.795
686.249,718.811
686.249,718.827
686.246,718.190
686.238,716.165
686.237,715.783
686.238,716.086
686.239,716.357
686.238,715.958
686.239,716.245
686.240,716.500
686.238,716.086
686.239,716.357
686.238,715.958
686.239,716.245
686.240,716.500
686.238,716.086
686.239,716.357
686.232,714.508
686.231,714.284
686.225,712.627
686.227,713.233
686.227,713.137
686.237,715.783
686.244,717.520
686.244,717.648
686.253,719.863
686.250,719.130
686.250,719.114
686.247,718.461
686.247,718.508
686.247,718.540
686.253,720.023
686.245,717.823
686.245,717.935
686.235,715.289
686.228,713.535
686.230,714.045
686.230,713.870
686.231,714.348
686.233,714.779
686.232,714.524
686.234,714.938
686.235,715.321
686.234,715.018
686.235,715.384
686.237,715.719
686.235,715.384
686.229,713.631
686.231,714.141
686.224,712.499
686.227,713.105
686.229,713.663
686.220,711.431
686.223,712.149
686.223,712.149
686.225,712.786
686.228,713.376
686.227,713.264
686.227,713.153
686.221,711.607
686.216,710.204
686.216,710.395
686.219,711.208
686.222,711.941
686.217,710.507
686.220,711.304
686.220,711.384
686.223,712.101
686.225,712.754
686.225,712.691
686.227,713.280
686.229,713.822
686.229,713.663
686.231,714.157
686.238,716.054
686.239,716.325
686.232,714.476
686.231,714.253
686.225,712.611
686.225,712.563
686.227,713.169
686.229,713.711
686.228,713.567
686.230,714.077
686.232,714.540
686.231,714.316
686.233,714.747
686.227,713.057
686.226,712.977
686.228,713.535
686.230,714.045
686.238,715.958
686.239,716.245
686.232,714.412
686.239,716.293
686.240,716.548
686.241,716.771
686.239,716.341
686.232,714.492
686.239,716.357
686.240,716.596
686.241,716.819
686.239,716.373
686.240,716.612
686.241,716.835
686.247,718.476
686.247,718.524
686.248,718.556
686.245,717.950
686.238,715.958
686.239,716.245
686.245,717.950
686.246,718.046
686.238,716.038
686.237,715.671
686.230,713.886
686.232,714.364
686.231,714.157
686.232,714.603
686.240,716.468
686.240,716.707
686.241,716.914
686.248,718.556
686.248,718.588
686.248,718.620
686.245,717.998
686.243,717.440
686.236,715.496
686.235,715.177
686.236,715.528
686.237,715.847
686.236,715.496
686.229,713.727
686.223,712.133
686.223,712.133
686.225,712.786
686.228,713.376
686.227,713.264
686.229,713.806
686.223,712.196
686.215,710.108
686.218,710.953
686.221,711.718
686.222,711.766
686.222,711.798
686.224,712.483
686.224,712.452
686.219,710.969
686.221,711.718
686.222,711.766
686.216,710.348
686.219,711.160
686.214,709.806
686.207,707.941
686.203,706.889
686.199,705.948
686.202,706.538
686.206,707.718
686.202,706.698
686.207,707.861
686.208,708.275
686.204,707.192
686.206,707.670
686.208,708.100
686.211,709.136
686.213,709.423
686.208,708.228
686.204,707.160
686.214,709.726
686.215,709.965
686.218,710.810
686.221,711.575
686.221,711.639
686.216,710.236
686.216,710.427
686.220,711.240
686.222,711.973
686.225,712.627
686.225,712.579
686.219,711.097
686.222,711.846
686.230,713.966
686.224,712.340
686.226,712.962
686.226,712.882
686.220,711.368
686.223,712.085
686.215,709.997
686.210,708.754
686.206,707.622
686.199,705.964
686.196,705.104
686.201,706.411
686.206,707.606
686.207,708.036
686.211,709.072
686.207,707.925
686.208,708.323
686.204,707.239
686.200,706.251
686.203,706.809
686.197,705.231
686.193,704.434
686.191,703.717
686.186,702.426
686.192,703.988
686.189,703.318
686.192,704.163
686.198,705.566
686.203,706.841
686.205,707.351
686.209,708.451
686.213,709.439
686.214,709.694
686.217,710.571
686.220,711.368
686.220,711.447
686.223,712.165
686.226,712.802
686.225,712.738
686.225,712.691
686.219,711.192
686.220,711.288
686.223,712.021
686.217,710.587
686.218,710.730
686.221,711.511
686.215,710.124
686.216,710.316
686.217,710.491
686.220,711.288
686.220,711.368
686.223,712.085
686.217,710.650
686.218,710.794
686.221,711.575
686.224,712.276
686.223,712.260
686.223,712.244
686.226,712.882
686.218,710.730
686.221,711.511
686.215,710.124
686.216,710.316
686.219,711.129
686.222,711.878
686.222,711.910
686.222,711.941
686.217,710.507
686.220,711.304
686.220,711.384
686.223,712.101
686.225,712.754
686.225,712.691
686.225,712.643
686.219,711.145
686.222,711.878
686.214,709.822
686.207,707.957
686.203,706.905
686.207,708.052
686.201,706.347
686.197,705.454
686.194,704.641
686.189,703.271
686.192,704.115
686.190,703.430
686.193,704.259
686.188,702.920
686.194,704.450
686.199,705.821
686.201,706.427
686.206,707.622
686.210,708.690
686.211,709.025
686.207,707.877
686.203,706.841
686.205,707.351
686.201,706.363
686.197,705.470
686.200,706.108
686.205,707.319
686.201,706.331
686.203,706.889
686.205,707.383
686.209,708.483
686.213,709.471
686.214,709.726
686.209,708.515
686.205,707.415
686.207,707.861
686.211,708.913
686.206,707.765
686.208,708.180
686.204,707.112
686.208,708.228
686.209,708.594
686.205,707.479
686.209,708.562
686.211,708.897
686.214,709.853
686.210,708.626
686.211,708.961
686.214,709.901
686.210,708.674
686.211,709.009
686.215,709.949
686.218,710.810
686.218,710.937
686.221,711.702
686.216,710.300
686.217,710.475
686.220,711.272
686.222,712.005
686.223,712.021
686.217,710.587
686.212,709.280
686.213,709.551
686.216,710.443
686.220,711.256
686.220,711.336
686.215,709.965
686.218,710.810
686.218,710.937
686.221,711.702
686.224,712.388
686.224,712.372
686.226,712.993
686.228,713.551
686.236,715.512
686.237,715.831
686.238,716.117
686.237,715.735
686.238,716.038
686.231,714.221
686.230,714.029
686.224,712.404
686.224,712.388
686.224,712.372
686.226,712.993
686.226,712.914
686.226,712.850
686.220,711.336
686.223,712.053
686.223,712.069
686.217,710.634
686.218,710.778
686.218,710.905
686.221,711.670
686.224,712.356
686.226,712.977
686.228,713.535
686.228,713.408
686.230,713.934
686.232,714.412
686.231,714.205
686.225,712.563
686.227,713.169
686.227,713.073
686.229,713.631
686.228,713.488
686.230,713.998
686.232,714.460
686.231,714.237
686.233,714.683
686.234,715.081
686.240,716.548
686.233,714.683
686.232,714.444
686.231,714.221
686.233,714.667
686.232,714.428
686.231,714.205
686.233,714.651
686.234,715.050
686.233,714.779
686.227,713.073
686.226,712.993
686.226,712.914
686.228,713.488
686.228,713.360
686.227,713.248
686.221,711.702
686.224,712.388
686.224,712.372
686.218,710.905
686.221,711.670
686.221,711.718
686.216,710.316
686.219,711.129
686.219,711.224
686.203,706.937
686.199,705.980
686.202,706.570
686.198,705.646
686.203,706.905
686.205,707.399
686.207,707.845
686.211,708.897
686.206,707.765
686.208,708.180
686.212,709.200
686.207,708.036
686.209,708.435
686.213,709.439
686.208,708.244
686.209,708.610
686.213,709.598
686.217,710.491
686.217,710.650
686.212,709.343
686.216,710.252
686.216,710.427
686.217,710.587
686.212,709.280
686.208,708.100
686.209,708.483
686.213,709.471
686.208,708.275
686.210,708.642
686.213,709.614
686.209,708.403
686.210,708.754
686.214,709.726
686.217,710.603
686.218,710.746
686.213,709.439
686.208,708.244
686.209,708.610
686.213,709.598
686.209,708.387
686.210,708.754
686.206,707.622
686.207,708.052
686.209,708.451
686.213,709.439
686.216,710.348
686.217,710.523
686.212,709.232
686.207,708.068
686.201,706.363
686.205,707.558
686.210,708.642
686.211,708.977
686.212,709.280
686.208,708.100
686.209,708.483
686.210,708.833
686.214,709.790
686.217,710.666
686.218,710.810
686.221,711.575
686.216,710.188
686.216,710.379
686.219,711.192
686.222,711.926
686.222,711.941
686.225,712.611
686.227,713.217
686.227,713.121
686.229,713.679
686.231,714.173
686.230,713.982
686.232,714.444
686.225,712.770
686.225,712.707
686.219,711.208
686.222,711.941
686.222,711.957
686.225,712.627
686.227,713.233
686.227,713.137
686.229,713.695
686.223,712.101
686.215,710.013
686.216,710.220
686.211,708.961
686.214,709.901
686.223,712.212
686.226,712.850
686.228,713.424
686.227,713.296
686.229,713.838
686.223,712.228
686.223,712.228
686.226,712.866
686.220,711.352
686.223,712.069
686.223,712.085
686.225,712.738
686.228,713.328
686.227,713.217
686.229,713.759
686.223,712.165
686.223,712.165
686.218,710.714
686.221,711.495
686.221,711.559
686.221,711.623
686.224,712.324
686.218,710.858
686.219,710.985
686.219,711.097
686.214,709.742
686.209,708.530
686.211,708.881
686.212,709.200
686.215,710.124
686.210,708.865
686.204,707.096
686.200,706.124
686.205,707.335
686.198,705.709
686.193,704.227
686.198,705.630
686.195,704.801
686.198,705.502
686.192,704.052
686.189,703.366
686.187,702.761
686.185,702.203
686.181,701.055
686.187,702.761
686.185,702.203
686.189,703.143
686.186,702.553
686.184,702.011
686.190,703.621
686.193,704.434
686.199,705.805
686.203,707.048
686.205,707.542
686.202,706.538
686.198,705.630
686.200,706.251
686.197,705.359
686.202,706.650
686.198,705.725
686.201,706.331
686.195,704.801
686.192,704.052
686.189,703.366
686.185,702.107
686.183,701.613
686.181,701.167
686.187,702.856
686.191,703.749
686.186,702.458
686.184,701.932
686.190,703.542
686.185,702.266
686.181,701.119
686.179,700.720
686.178,700.354
686.174,699.381
686.179,700.593
686.177,700.242
686.176,699.923
686.181,701.087
686.179,700.688
686.178,700.338
686.185,702.107
686.188,703.063
686.186,702.474
686.184,701.948
686.188,702.920
686.185,702.346
686.184,701.836
686.182,701.374
686.186,702.394
686.184,701.868
686.190,703.494
686.188,702.872
686.191,703.749
686.188,703.095
686.186,702.506
686.190,703.430
686.187,702.808
686.193,704.339
686.190,703.637
686.186,702.362
686.184,701.852
686.182,701.390
686.178,700.322
686.177,700.003
686.175,699.716
686.174,699.445
686.171,698.569
686.170,698.409
686.170,698.266
686.167,697.501
686.172,698.903
686.172,698.712
686.176,699.987
686.173,699.047
686.180,700.944
686.179,700.561
686.183,701.661
686.179,700.577
686.185,702.314
686.181,701.167
686.187,702.856
686.185,702.298
686.191,703.876
686.194,704.657
686.192,703.924
686.189,703.255
686.184,702.011
686.190,703.621
686.188,702.984
686.194,704.498
686.197,705.231
686.193,704.434
686.191,703.717
686.186,702.426
686.189,703.350
686.187,702.745
686.185,702.187
686.189,703.143
686.186,702.553
686.184,702.011
686.182,701.533
686.178,700.449
686.177,700.115
686.181,701.262
686.177,700.210
686.176,699.892
686.175,699.605
686.180,700.800
686.178,700.433
686.185,702.187
686.180,701.039
686.187,702.745
686.190,703.637
686.194,704.450
686.199,705.821
686.204,707.064
686.205,707.542
686.202,706.538
686.198,705.630
686.200,706.251
686.205,707.463
686.201,706.458
686.198,705.550
686.200,706.172
686.205,707.383
686.201,706.395
686.195,704.849
686.190,703.446
686.187,702.824
686.185,702.266
686.181,701.119
686.179,700.720
686.178,700.354
686.182,701.469
686.186,702.490
686.192,704.052
686.197,705.470
686.200,706.108
686.205,707.319
686.201,706.331
686.203,706.889
686.199,705.948
686.204,707.176
686.206,707.654
686.202,706.634
686.206,707.797
686.208,708.212
686.204,707.144
686.208,708.260
686.210,708.626
686.211,708.961
686.206,707.813
686.202,706.777
686.204,707.287
686.201,706.299
686.197,705.406
686.202,706.698
686.204,707.223
686.200,706.251
686.197,705.359
686.200,706.012
686.196,705.151
686.201,706.458
686.203,707.000
686.200,706.044
686.204,707.271
686.206,707.734
686.208,708.148
686.212,709.168
686.213,709.455
686.206,707.622
686.202,706.602
686.206,707.781
686.208,708.196
686.209,708.578
686.205,707.463
686.201,706.458
686.203,707.000
686.208,708.132
686.204,707.064
686.205,707.542
686.210,708.626
686.205,707.510
686.207,707.957
686.208,708.355
686.212,709.359
686.216,710.268
686.208,708.355
686.212,709.359
686.208,708.180
686.209,708.562
686.213,709.551
686.216,710.443
686.225,712.691
686.219,711.192
686.222,711.926
686.222,711.941
686.225,712.611
686.219,711.113
686.219,711.208
686.214,709.853
686.218,710.714
686.218,710.858
686.221,711.623
686.216,710.220
686.216,710.411
686.219,711.224
686.214,709.869
686.215,710.093
686.216,710.284
686.219,711.113
686.219,711.208
686.222,711.941
686.217,710.507
686.217,710.666
686.220,711.447
686.215,710.061
686.224,712.356
686.224,712.340
686.226,712.962
686.218,710.794
686.218,710.921
686.221,711.686
686.216,710.284
686.217,710.459
686.212,709.168
686.207,708.005
686.201,706.315
686.197,705.422
686.194,704.609
686.189,703.239
686.184,701.995
686.190,703.605
686.196,705.056
686.190,703.637
686.188,703.000
686.186,702.426
686.189,703.350
686.185,702.091
686.191,703.685
686.196,705.135
686.199,705.805
686.195,704.960
686.201,706.283
686.203,706.841
686.389,755.471
686.408,760.380
686.425,764.811
686.440,768.828
686.454,772.462
686.467,775.746
686.478,778.726
686.488,781.420
686.498,783.859
686.506,786.058
686.506,785.962
686.505,785.867
686.505,785.787
686.513,787.811
686.520,789.644
686.526,791.302
686.532,792.800
686.537,794.155
686.542,795.382
686.546,796.482
686.542,795.382
686.546,796.482
686.550,797.486
686.545,796.291
686.549,797.311
686.612,813.840
686.618,815.290
686.623,816.597
686.628,817.777
686.624,816.757
686.620,815.832
686.617,814.987
686.614,814.222
686.617,814.972
686.622,816.310
686.627,817.522
686.631,818.622
686.635,819.610
686.635,819.849
686.636,820.056
686.640,820.917
686.634,819.594
686.630,818.398
686.634,819.419
686.635,819.674
686.638,820.566
686.641,821.379
686.644,822.112
686.655,824.870
686.654,824.599
686.655,825.029
686.657,825.412
686.658,825.762
686.657,825.412
686.658,825.762
686.659,826.081
686.660,826.368
686.661,826.623
686.660,826.193
686.661,826.464
686.662,826.703
686.663,826.926
686.669,828.552
686.669,828.599
686.669,828.647
686.669,828.679
686.677,830.815
686.682,832.074
686.689,833.875
686.687,833.413
686.686,832.999
686.690,834.051
686.688,833.572
686.686,833.142
686.685,832.760
686.692,834.497
686.687,833.317
686.685,832.919
686.692,834.640
686.698,836.202
686.701,836.952
686.698,836.202
686.703,837.621
686.706,838.243
686.711,839.470
686.715,840.570
686.719,841.574
686.722,842.482
686.723,842.642
686.726,843.439
686.721,842.068
686.721,842.259
686.724,843.104
686.727,843.869
686.730,844.554
686.732,845.176
686.735,845.734
686.737,846.244
686.738,846.706
686.740,847.121
686.747,848.922
686.748,849.129
686.748,849.320
686.741,847.392
686.742,847.742
686.743,848.061
686.745,848.348
686.738,846.515
686.739,846.945
686.741,847.344
686.742,847.694
686.741,847.344
686.742,847.694
686.735,845.925
686.737,846.419
686.739,846.866
686.740,847.264
686.734,845.527
686.736,846.053
686.738,846.531
686.739,846.961
686.738,846.690
686.740,847.105
686.741,847.487
686.735,845.734
686.734,845.575
686.736,846.101
686.738,846.579
686.739,847.009
686.741,847.392
686.742,847.742
686.743,848.061
686.745,848.348
686.743,847.949
686.744,848.252
686.745,848.523
686.738,846.674
686.740,847.089
686.733,845.367
686.735,845.909
686.737,846.403
686.739,846.850
686.738,846.579
686.739,847.009
686.741,847.392
686.742,847.742
686.743,848.061
686.742,847.679
686.735,845.909
686.737,846.403
686.739,846.850
686.740,847.248
686.734,845.511
686.736,846.037
686.738,846.515
686.739,846.945
686.741,847.344
686.742,847.694
686.743,848.013
686.742,847.647
686.743,847.965
686.744,848.268
686.745,848.539
686.746,848.778
686.739,846.897
686.746,848.730
686.747,848.954
686.748,849.161
686.748,849.336
686.749,849.496
686.750,849.639
686.758,851.870
686.758,851.791
686.758,851.727
686.757,851.663
686.757,851.600
686.754,850.882
686.762,853.002
686.762,852.811
686.761,852.652
686.760,852.508
686.760,852.365
686.759,852.237
686.759,852.126
686.759,852.030
686.758,851.934
686.766,853.959
686.765,853.688
686.762,852.779
686.761,852.620
686.760,852.476
686.757,851.679
686.757,851.615
686.757,851.568
686.757,851.520
686.757,851.472
686.756,851.440
686.756,851.408
686.756,851.376
686.756,851.344
686.753,850.659
686.754,850.691
686.754,850.723
686.754,850.755
686.754,850.787
686.754,850.819
686.754,850.850
686.754,850.866
686.762,852.986
686.762,852.811
686.758,851.982
686.758,851.902
686.758,851.823
686.758,851.759
686.757,851.695
686.757,851.631
686.757,851.584
686.757,851.536
686.757,851.488
686.748,849.352
686.749,849.512
686.747,849.001
686.748,849.193
686.748,849.368
686.749,849.527
686.747,849.001
686.740,847.105
686.741,847.487
686.743,847.822
686.744,848.125
686.742,847.742
686.741,847.392
686.742,847.742
686.743,848.061
686.742,847.679
686.743,847.997
686.744,848.284
686.745,848.555
686.738,846.706
686.740,847.121
686.739,846.834
686.740,847.232
686.734,845.495
686.728,843.933
686.722,842.514
686.725,843.327
686.720,841.972
686.715,840.745
686.711,839.629
686.707,838.625
686.712,839.805
686.708,838.785
686.704,837.860
686.699,836.362
686.696,835.660
686.694,835.039
686.691,834.465
686.689,833.955
686.693,834.911
686.691,834.353
686.689,833.843
686.687,833.381
686.691,834.401
686.697,835.995
686.695,835.342
686.692,834.736
686.690,834.194
686.686,833.046
686.685,832.664
686.691,834.417
686.689,833.907
686.685,832.775
686.684,832.425
686.682,832.106
686.681,831.819
686.688,833.652
686.695,835.310
686.692,834.720
686.690,834.178
686.696,835.788
686.694,835.150
686.692,834.577
686.690,834.051
686.688,833.572
686.678,831.038
686.678,830.847
686.674,830.018
686.682,832.026
686.681,831.739
686.680,831.484
686.685,832.680
686.683,832.329
686.690,834.114
686.688,833.636
686.692,834.624
686.690,834.098
686.688,833.620
686.687,833.190
686.685,832.791
686.681,831.771
686.680,831.516
686.679,831.277
686.678,831.070
686.675,830.209
686.675,830.098
686.674,830.002
686.674,829.906
686.666,827.723
686.658,825.746
686.659,826.065
686.652,824.248
686.643,821.953
686.638,820.534
686.633,819.243
686.626,817.426
686.620,815.784
686.617,814.956
686.614,814.206
686.611,813.521
686.609,812.899
686.607,812.342
686.597,809.744
686.596,809.489
686.592,808.596
686.592,808.437
686.591,808.293
686.591,808.166
686.598,810.158
686.605,811.959
686.603,811.481
686.602,811.051
686.600,810.668
686.607,812.421
686.605,811.911
686.611,813.537
686.609,812.915
686.612,813.792
686.618,815.243
686.615,814.462
686.612,813.744
686.618,815.195
686.615,814.414
686.620,815.800
686.625,817.060
686.629,818.207
686.631,818.574
686.634,819.562
686.646,822.559
686.648,823.180
686.658,825.826
686.657,825.475
686.658,825.810
686.659,826.113
686.661,826.400
686.661,826.655
686.660,826.225
686.666,827.930
686.667,828.042
686.667,828.137
686.676,830.321
686.675,830.193
686.675,830.082
686.674,829.986
686.674,829.891
686.674,829.811
686.671,829.078
686.671,829.078
686.671,829.078
686.679,831.166
686.686,833.062
686.693,834.768
686.696,835.660
686.694,835.039
686.691,834.465
686.689,833.955
686.688,833.493
686.686,833.062
686.685,832.680
686.691,834.433
686.689,833.923
686.696,835.549
686.693,834.927
686.691,834.369
686.697,835.963
686.695,835.310
686.692,834.720
686.696,835.613
686.693,834.991
686.699,836.521
686.697,835.804
686.694,835.166
686.692,834.577
686.690,834.051
686.688,833.572
686.692,834.577
686.698,836.139
686.703,837.557
686.708,838.848
686.710,839.342
686.714,840.458
686.723,842.753
686.718,841.446
686.714,840.267
686.715,840.633
686.719,841.622
686.722,842.514
686.717,841.239
686.721,842.180
686.724,843.024
686.727,843.789
686.722,842.387
686.717,841.112
686.712,839.964
686.716,841.016
686.720,841.972
686.723,842.833
686.718,841.526
686.722,842.435
686.717,841.159
686.721,842.100
686.724,842.961
686.719,841.638
686.714,840.442
686.718,841.446
686.714,840.267
686.748,849.368
686.749,849.527
686.750,849.671
686.750,849.798
686.751,849.926
686.751,850.037
686.759,852.237
686.759,852.126
686.759,852.030
686.758,851.934
686.758,851.855
686.758,851.775
686.757,851.711
686.757,851.647
686.757,851.600
686.754,850.882
686.754,850.898
686.754,850.914
686.754,850.930
686.755,850.946
686.755,850.962
686.752,850.308
686.752,850.388
686.753,850.452
686.745,848.412
686.738,846.611
686.737,846.372
686.739,846.818
686.740,847.216
686.750,849.687
686.750,849.814
686.751,849.942
686.751,850.053
686.743,848.061
686.745,848.348
686.746,848.603
686.746,848.842
686.745,848.396
686.746,848.651
686.739,846.786
686.732,845.096
686.732,845.001
686.734,845.575
686.736,846.101
686.738,846.579
686.739,847.009
686.738,846.722
686.740,847.137
686.741,847.503
686.743,847.838
686.741,847.487
686.743,847.822
686.744,848.125
686.745,848.412
686.746,848.667
686.747,848.890
686.739,847.009
686.741,847.392
686.734,845.654
686.728,844.076
686.731,844.746
686.733,845.351
686.727,843.805
686.730,844.491
686.724,843.024
686.719,841.701
686.714,840.490
686.710,839.406
686.707,838.418
686.701,836.856
686.706,838.211
686.702,837.334
686.691,834.449
686.681,831.835
686.672,829.476
686.670,828.775
686.670,828.807
686.670,828.823
686.670,828.839
686.670,828.854
686.662,826.782
686.655,824.902
686.648,823.196
686.642,821.650
686.637,820.263
686.632,819.004
686.628,817.857
686.629,818.255
686.623,816.534
686.625,817.060
686.619,815.450
686.613,813.983
686.610,813.314
686.608,812.708
686.606,812.166
686.604,811.672
686.610,813.330
686.608,812.724
686.606,812.182
686.604,811.688
686.602,811.242
686.606,812.278
686.610,813.202
686.608,812.613
686.614,814.175
686.611,813.489
686.617,814.972
686.622,816.310
686.624,816.852
686.628,818.016
686.632,819.068
686.636,820.024
686.639,820.885
686.640,820.997
686.640,821.092
686.643,821.841
686.646,822.527
686.648,823.148
686.650,823.706
686.650,823.547
686.652,824.073
686.645,822.447
686.648,823.069
686.650,823.642
686.652,824.152
686.651,823.961
686.653,824.439
686.655,824.870
686.656,825.268
686.658,825.635
686.659,825.954
686.660,826.240
686.661,826.511
686.662,826.751
686.663,826.974
686.669,828.599
686.661,826.543
686.654,824.678
686.656,825.093
686.657,825.475
686.658,825.810
686.659,826.113
686.658,825.730
686.657,825.380
686.650,823.626
686.652,824.137
686.646,822.511
686.640,821.028
686.635,819.690
686.638,820.582
686.641,821.395
686.636,820.024
686.639,820.885
686.634,819.562
686.630,818.367
686.626,817.283
686.622,816.310
686.618,815.418
686.607,812.517
686.603,811.337
686.599,810.270
686.595,809.297
686.592,808.421
686.597,809.712
686.596,809.457
686.595,809.218
686.594,809.010
686.585,806.731
686.585,806.763
686.585,806.779
686.585,806.795
686.578,804.723
686.578,804.946
686.579,805.137
686.572,803.224
686.565,801.487
686.559,799.909
686.562,800.579
686.553,798.443
686.546,796.514
686.547,796.849
686.551,797.821
686.546,796.594
686.542,795.494
686.538,794.490
686.535,793.581
686.540,794.856
686.536,793.916
686.533,793.071
686.535,793.741
686.538,794.346
686.540,794.888
686.534,793.294
686.536,793.948
686.533,793.087
686.530,792.322
686.527,791.621
686.525,790.983
686.531,792.513
686.528,791.796
686.534,793.247
686.531,792.466
686.536,793.852
686.541,795.096
686.545,796.227
686.541,795.159
686.543,795.622
686.539,794.601
686.543,795.781
686.547,796.849
686.543,795.717
686.539,794.697
686.536,793.773
686.540,795.032
686.545,796.163
686.541,795.096
686.537,794.139
686.542,795.367
686.538,794.378
686.534,793.486
686.539,794.777
686.536,793.836
686.533,792.992
686.527,791.573
686.530,792.386
686.528,791.685
686.525,791.047
686.523,790.473
686.521,789.947
686.519,789.469
686.517,789.039
686.524,790.744
686.522,790.202
686.528,791.796
686.526,791.143
686.523,790.553
686.521,790.027
686.525,790.983
686.528,791.844
686.534,793.278
686.539,794.585
686.535,793.677
686.540,794.952
686.536,793.996
686.533,793.135
686.530,792.354
686.527,791.653
686.525,791.015
686.520,789.788
686.516,788.672
