# Physical_Baseline=686.70pF, Trigger_Distance=65.2cm, Atten_Ratio=42.51
Raw_Capacitance(pF),Normalized_Capacitance(pF)
686.685,686.284
686.690,686.458
686.693,686.614
686.699,686.863
686.696,686.749
686.694,686.645
686.697,686.782
686.703,687.016
686.700,686.886
686.697,686.769
686.702,687.006
686.697,686.769
686.702,687.006
686.707,687.218
686.704,687.070
686.701,686.936
686.698,686.814
686.695,686.705
686.698,686.837
686.701,686.956
686.698,686.832
686.704,687.060
686.701,686.928
686.695,686.699
686.693,686.601
686.691,686.510
686.689,686.430
686.687,686.357
686.691,686.523
686.689,686.440
686.695,686.707
686.693,686.606
686.691,686.515
686.689,686.435
686.687,686.359
686.686,686.292
686.684,686.232
686.683,686.178
686.682,686.129
686.681,686.084
686.677,685.937
686.685,686.251
686.683,686.193
686.690,686.484
686.696,686.746
686.699,686.876
686.697,686.759
686.694,686.655
686.700,686.902
686.705,687.125
686.702,686.985
686.707,687.200
686.712,687.395
686.705,687.122
686.702,686.982
686.699,686.855
686.704,687.083
686.706,687.179
686.703,687.034
686.708,687.244
686.712,687.434
686.714,687.499
686.718,687.665
686.713,687.473
686.709,687.299
686.711,687.374
686.707,687.211
686.704,687.063
686.701,686.928
686.698,686.806
686.695,686.697
686.693,686.598
686.691,686.507
686.686,686.318
686.685,686.256
686.683,686.199
686.682,686.147
686.681,686.100
686.680,686.059
686.679,686.020
686.686,686.326
686.685,686.261
686.684,686.204
686.682,686.152
686.681,686.105
686.688,686.404
686.687,686.334
686.685,686.269
686.684,686.212
686.690,686.500
686.689,686.419
686.687,686.347
686.693,686.622
686.697,686.762
686.700,686.889
686.705,687.112
686.702,686.974
686.699,686.850
686.702,686.969
686.699,686.845
686.696,686.731
686.702,686.969
686.707,687.185
686.711,687.379
686.707,687.216
686.704,687.068
686.706,687.166
686.711,687.364
686.707,687.200
686.703,687.052
686.700,686.920
686.706,687.140
686.702,687.000
686.699,686.873
686.702,686.990
686.699,686.863
686.688,686.406
686.687,686.336
686.685,686.271
686.689,686.445
686.687,686.370
686.694,686.642
686.692,686.549
686.695,686.697
686.701,686.938
686.698,686.816
686.701,686.938
686.703,687.050
686.708,687.257
686.705,687.104
686.701,686.967
686.704,687.076
686.701,686.941
686.698,686.819
686.695,686.707
686.701,686.948
686.698,686.827
686.696,686.715
686.693,686.614
686.688,686.414
686.687,686.341
686.685,686.276
686.689,686.450
686.688,686.375
686.686,686.308
686.685,686.245
686.683,686.188
686.682,686.136
686.689,686.432
686.687,686.359
686.686,686.292
686.682,686.123
686.686,686.313
686.685,686.251
686.683,686.193
686.682,686.142
686.686,686.328
686.693,686.606
686.699,686.858
686.696,686.744
686.694,686.640
686.700,686.886
686.705,687.109
686.707,687.203
686.704,687.055
686.700,686.923
686.698,686.803
686.701,686.928
686.706,687.148
686.702,687.006
686.699,686.878
686.697,686.762
686.702,686.998
686.699,686.871
686.696,686.754
686.699,686.881
686.705,687.107
686.702,686.969
686.699,686.845
686.696,686.731
686.694,686.629
686.699,686.878
686.697,686.762
686.700,686.889
686.705,687.112
686.702,686.974
686.699,686.850
686.696,686.736
686.691,686.526
686.697,686.785
686.695,686.679
686.692,686.583
686.688,686.385
686.686,686.315
686.685,686.253
686.683,686.196
686.680,686.038
686.687,686.341
686.685,686.276
686.689,686.450
686.688,686.375
686.686,686.308
686.685,686.245
686.691,686.531
686.697,686.788
686.695,686.681
686.692,686.583
686.690,686.494
686.697,686.756
686.702,686.993
686.707,687.205
686.704,687.057
686.701,686.925
686.698,686.803
686.703,687.034
686.705,687.135
686.702,686.995
686.699,686.868
686.696,686.754
686.694,686.650
686.692,686.557
686.690,686.471
686.688,686.393
686.692,686.557
686.690,686.471
686.688,686.393
686.694,686.663
686.700,686.910
686.695,686.681
686.692,686.583
686.690,686.494
686.688,686.414
686.687,686.341
686.685,686.276
686.684,686.217
686.683,686.162
686.681,686.113
686.688,686.411
686.695,686.681
686.692,686.583
686.690,686.494
686.688,686.414
686.695,686.684
686.698,686.819
686.695,686.707
686.701,686.948
686.698,686.827
686.701,686.948
686.706,687.166
686.703,687.024
686.700,686.894
686.697,686.777
686.703,687.011
686.699,686.881
686.705,687.107
686.699,686.860
686.696,686.746
686.702,686.985
686.696,686.751
686.694,686.648
686.692,686.554
686.698,686.811
686.701,686.933
686.706,687.153
686.703,687.011
686.699,686.881
686.702,686.998
686.699,686.871
686.696,686.754
686.702,686.990
686.699,686.863
686.702,686.980
686.699,686.852
686.704,687.081
686.701,686.946
686.696,686.715
686.693,686.614
686.691,686.523
686.689,686.440
686.687,686.365
686.691,686.531
686.689,686.448
686.695,686.712
686.693,686.611
686.696,686.754
686.699,686.881
686.705,687.107
686.702,686.969
686.704,687.078
686.701,686.943
686.698,686.821
686.695,686.710
686.701,686.951
686.698,686.829
686.696,686.718
686.701,686.959
686.698,686.834
686.696,686.723
686.693,686.622
686.697,686.762
686.694,686.655
686.692,686.559
686.690,686.474
686.688,686.396
686.684,686.217
686.691,686.505
686.689,686.424
686.687,686.352
686.691,686.518
686.689,686.435
686.695,686.702
686.701,686.943
686.698,686.821
686.703,687.052
686.700,686.920
686.706,687.140
686.708,687.231
686.704,687.081
686.709,687.286
686.713,687.473
686.709,687.299
686.703,687.034
686.700,686.902
686.697,686.782
686.695,686.676
686.698,686.811
686.695,686.702
686.693,686.603
686.691,686.513
686.694,686.663
686.700,686.910
686.697,686.790
686.695,686.681
686.690,686.476
686.688,686.398
686.694,686.668
686.692,686.572
686.690,686.484
686.686,686.297
686.684,686.238
686.691,686.523
686.689,686.440
686.693,686.598
686.691,686.507
686.689,686.427
686.687,686.354
686.683,686.180
686.690,686.471
686.696,686.736
686.702,686.974
686.691,686.510
686.697,686.769
686.692,686.557
686.690,686.471
686.696,686.736
686.702,686.974
686.704,687.081
686.701,686.946
686.706,687.164
686.703,687.021
686.700,686.891
686.702,687.006
686.699,686.878
686.697,686.762
686.694,686.655
686.689,686.453
686.696,686.718
686.693,686.616
686.691,686.526
686.697,686.785
686.703,687.019
686.700,686.889
686.697,686.772
686.694,686.666
686.690,686.461
686.668,685.524
686.668,685.537
686.666,685.441
686.666,685.462
686.667,685.480
686.667,685.495
686.665,685.402
686.663,685.319
686.663,685.350
686.664,685.379
686.665,685.405
686.663,685.322
686.664,685.353
686.672,685.724
686.672,685.719
686.680,686.053
686.685,686.248
686.683,686.191
686.682,686.139
686.681,686.092
686.677,685.942
686.677,685.916
686.684,686.232
686.683,686.178
686.690,686.468
686.701,686.967
686.699,686.842
686.701,686.961
686.698,686.837
686.696,686.725
686.701,686.964
686.704,687.073
686.706,687.172
686.703,687.026
686.700,686.897
686.697,686.780
686.700,686.907
686.697,686.788
686.703,687.021
686.700,686.891
686.705,687.115
686.699,686.868
686.696,686.754
686.702,686.990
686.696,686.754
686.694,686.650
686.692,686.557
686.690,686.471
686.688,686.393
686.686,686.323
686.700,686.886
686.697,686.769
686.694,686.663
686.692,686.567
686.690,686.481
686.688,686.404
686.692,686.564
686.690,686.479
686.688,686.401
686.687,686.331
686.685,686.266
686.684,686.209
686.682,686.157
686.673,685.768
686.670,685.649
686.670,685.649
686.662,685.309
686.663,685.342
686.664,685.374
686.662,685.293
686.663,685.327
686.664,685.358
686.664,685.387
686.665,685.412
686.671,685.669
686.671,685.669
686.671,685.669
686.668,685.560
686.669,685.571
686.669,685.579
686.669,685.586
686.669,685.594
686.669,685.599
686.675,685.838
686.674,685.820
686.674,685.804
686.674,685.791
686.674,685.778
686.673,685.768
686.670,685.649
686.670,685.649
686.670,685.649
686.679,685.991
686.683,686.191
686.682,686.139
686.681,686.092
686.688,686.391
686.686,686.321
686.690,686.489
686.688,686.409
686.687,686.336
686.691,686.505
686.689,686.424
686.687,686.352
686.685,686.287
686.692,686.567
686.698,686.821
686.695,686.710
686.693,686.609
686.696,686.751
686.694,686.648
686.692,686.554
686.695,686.702
686.698,686.834
686.696,686.723
686.693,686.622
686.691,686.531
686.687,686.339
686.685,686.274
686.684,686.214
686.691,686.502
686.689,686.422
686.687,686.349
686.685,686.284
686.692,686.564
686.687,686.370
686.686,686.302
686.692,686.583
686.698,686.837
686.701,686.956
686.696,686.725
686.693,686.624
686.691,686.533
686.689,686.450
686.693,686.609
686.699,686.860
686.696,686.746
686.694,686.642
686.692,686.549
686.690,686.463
686.696,686.728
686.701,686.967
686.699,686.842
686.696,686.731
686.702,686.969
686.699,686.845
686.696,686.731
686.694,686.629
686.691,686.536
686.697,686.793
686.695,686.684
686.693,686.585
686.698,686.837
686.696,686.725
686.701,686.964
686.698,686.840
686.701,686.959
686.698,686.834
686.696,686.723
686.693,686.622
686.691,686.531
686.689,686.448
686.688,686.372
686.694,686.645
686.697,686.782
686.703,687.016
686.708,687.229
686.704,687.078
686.701,686.943
686.698,686.821
686.695,686.710
686.693,686.609
686.691,686.518
686.689,686.435
686.695,686.702
686.690,686.494
686.688,686.414
686.687,686.341
686.683,686.167
686.682,686.118
686.680,686.074
686.680,686.035
686.687,686.341
686.685,686.276
686.692,686.559
686.687,686.365
686.694,686.637
686.700,686.886
686.697,686.769
686.702,687.006
686.699,686.878
686.705,687.104
686.709,687.307
686.703,687.042
686.700,686.910
686.705,687.133
686.708,687.226
686.704,687.076
686.701,686.941
686.698,686.819
686.695,686.707
686.690,686.500
686.689,686.419
686.687,686.347
686.685,686.282
686.684,686.222
686.680,686.061
686.687,686.365
686.694,686.637
686.692,686.544
686.690,686.458
686.696,686.723
686.693,686.622
686.691,686.531
686.689,686.448
686.685,686.263
686.684,686.206
686.682,686.155
686.687,686.339
686.685,686.274
686.692,686.557
686.690,686.471
686.688,686.393
686.686,686.323
686.685,686.261
686.692,686.544
686.687,686.352
686.693,686.627
686.691,686.533
686.689,686.450
686.688,686.375
686.683,686.199
686.682,686.147
686.681,686.100
686.680,686.059
686.685,686.253
686.691,686.539
686.689,686.456
686.688,686.380
686.692,686.544
686.698,686.801
686.695,686.692
686.693,686.593
686.691,686.505
686.689,686.424
686.687,686.352
686.691,686.518
686.694,686.668
686.692,686.572
686.690,686.484
686.688,686.406
686.692,686.567
686.698,686.821
686.703,687.052
686.700,686.920
686.698,686.801
686.695,686.692
686.693,686.593
686.691,686.505
686.694,686.658
686.700,686.904
686.705,687.128
686.707,687.221
686.712,687.413
686.708,687.247
686.705,687.096
686.709,687.301
686.711,687.377
686.707,687.213
686.704,687.065
686.709,687.273
686.711,687.351
686.707,687.190
686.703,687.044
686.700,686.912
686.697,686.793
686.703,687.026
686.697,686.788
686.695,686.681
686.692,686.583
686.698,686.837
686.696,686.725
686.691,686.515
686.689,686.435
686.687,686.359
686.686,686.292
686.690,686.463
686.688,686.385
686.686,686.315
686.685,686.253
686.683,686.196
686.682,686.144
686.689,686.440
686.687,686.365
686.686,686.297
686.684,686.238
686.683,686.183
686.690,686.474
686.688,686.396
686.684,686.217
686.683,686.162
686.681,686.113
686.686,686.302
686.684,686.240
686.683,686.186
686.674,685.794
686.674,685.781
686.673,685.768
686.670,685.649
686.670,685.649
686.670,685.649
686.670,685.649
686.668,685.542
686.666,685.446
686.666,685.467
686.667,685.485
686.667,685.501
686.665,685.407
686.673,685.773
686.673,685.763
686.681,686.095
686.680,686.053
686.687,686.357
686.686,686.289
686.684,686.230
686.691,686.515
686.697,686.775
686.702,687.008
686.705,687.112
686.702,686.974
686.707,687.190
686.703,687.044
686.700,686.912
686.697,686.793
686.695,686.684
686.701,686.928
686.703,687.039
686.700,686.907
686.705,687.130
686.702,686.990
686.699,686.863
686.704,687.089
686.701,686.951
686.698,686.829
686.701,686.951
686.698,686.829
686.696,686.718
686.701,686.959
686.698,686.834
686.701,686.956
686.706,687.174
686.703,687.029
686.697,686.790
686.703,687.024
686.700,686.894
686.697,686.777
686.695,686.671
686.690,686.466
686.688,686.388
686.686,686.318
686.693,686.596
686.696,686.738
686.702,686.977
686.699,686.852
686.696,686.738
686.694,686.635
686.691,686.541
686.690,686.458
686.688,686.383
686.692,686.546
686.690,686.461
686.688,686.385
686.686,686.315
686.685,686.253
686.683,686.196
686.682,686.144
686.681,686.097
686.688,686.396
686.686,686.326
686.685,686.261
686.684,686.204
686.682,686.152
686.681,686.105
686.678,685.955
686.677,685.926
686.676,685.900
686.684,686.219
686.680,686.059
686.677,685.913
686.684,686.230
686.683,686.175
686.687,686.359
686.694,686.635
686.700,686.884
686.697,686.767
686.700,686.894
686.697,686.777
686.695,686.671
686.692,686.575
686.696,686.720
686.693,686.619
686.699,686.868
686.696,686.754
686.691,686.541
686.690,686.458
686.688,686.383
686.686,686.313
686.685,686.251
686.689,686.427
686.687,686.354
686.694,686.629
686.691,686.536
686.689,686.453
686.688,686.378
686.683,686.201
686.682,686.149
686.681,686.103
686.680,686.061
686.679,686.022
686.684,686.219
686.683,686.165
686.681,686.116
686.688,686.414
686.687,686.341
686.683,686.167
686.682,686.118
686.680,686.074
686.680,686.035
686.687,686.341
686.685,686.276
686.684,686.217
686.683,686.162
686.681,686.113
686.686,686.302
686.692,686.583
686.690,686.494
686.688,686.414
686.684,686.235
686.680,686.071
686.680,686.033
686.679,685.996
686.678,685.965
686.683,686.167
686.682,686.118
686.689,686.417
686.687,686.344
686.683,686.170
686.679,686.014
686.678,685.981
686.678,685.950
686.677,685.921
686.676,685.895
686.684,686.214
686.691,686.502
686.689,686.422
686.687,686.349
686.685,686.284
686.684,686.225
686.683,686.170
686.682,686.121
686.672,685.734
686.670,685.617
686.670,685.620
686.670,685.623
686.670,685.625
686.670,685.628
686.670,685.630
686.670,685.633
686.670,685.636
686.670,685.638
686.670,685.641
686.676,685.874
686.681,686.087
686.680,686.046
686.679,686.009
686.678,685.975
686.677,685.944
686.685,686.258
686.683,686.201
686.682,686.149
686.681,686.103
686.686,686.292
686.684,686.232
686.683,686.178
686.682,686.129
686.678,685.975
686.677,685.944
686.677,685.916
686.676,685.890
686.684,686.209
686.682,686.157
686.681,686.110
686.680,686.066
686.679,686.027
686.679,685.991
686.678,685.960
686.677,685.931
686.677,685.905
686.676,685.882
686.681,686.092
686.680,686.051
686.687,686.354
686.694,686.629
686.689,686.430
686.687,686.357
686.686,686.289
686.684,686.230
686.680,686.066
686.679,686.027
686.679,685.991
686.678,685.960
686.677,685.931
686.685,686.245
686.691,686.531
686.689,686.448
686.688,686.372
686.683,686.196
686.682,686.144
686.689,686.440
686.687,686.365
686.686,686.297
686.684,686.238
686.683,686.183
686.682,686.134
686.681,686.087
686.674,685.786
686.679,686.007
686.678,685.973
686.685,686.284
686.692,686.564
686.690,686.479
686.688,686.401
686.695,686.671
686.690,686.466
686.696,686.731
686.702,686.969
686.696,686.736
686.702,686.974
686.699,686.850
686.704,687.078
686.709,687.283
686.705,687.128
686.702,686.987
686.699,686.860
686.704,687.086
686.701,686.951
686.698,686.829
686.704,687.057
686.701,686.925
686.698,686.803
686.690,686.466
686.688,686.388
686.686,686.318
686.685,686.256
686.689,686.432
686.687,686.359
686.686,686.292
686.684,686.232
686.683,686.178
686.690,686.468
686.696,686.733
686.694,686.632
686.689,686.432
686.687,686.359
686.686,686.292
686.684,686.232
686.680,686.069
686.685,686.263
686.684,686.206
686.682,686.155
686.681,686.108
686.680,686.064
686.687,686.367
686.686,686.300
686.682,686.131
686.675,685.825
686.674,685.809
686.674,685.794
686.674,685.781
686.671,685.662
686.671,685.662
686.668,685.553
686.668,685.563
686.669,685.571
686.669,685.579
686.666,685.477
686.667,685.495
686.667,685.511
686.668,685.524
686.660,685.195
686.653,684.896
686.652,684.860
686.654,684.935
686.655,685.003
686.657,685.065
686.658,685.122
686.657,685.065
686.664,685.353
686.664,685.381
686.665,685.407
686.665,685.431
686.666,685.451
686.666,685.472
686.667,685.490
686.675,685.848
686.675,685.830
686.672,685.706
686.672,685.700
686.672,685.695
686.672,685.693
686.671,685.690
686.671,685.687
686.671,685.685
686.671,685.682
686.671,685.680
686.677,685.911
686.676,685.887
686.676,685.867
686.675,685.846
686.672,685.719
686.672,685.713
686.672,685.708
686.672,685.703
686.672,685.698
686.672,685.693
686.671,685.690
686.671,685.687
686.671,685.685
686.663,685.340
686.661,685.262
686.660,685.192
686.661,685.236
686.662,685.275
686.663,685.311
686.671,685.685
686.671,685.682
686.671,685.680
686.671,685.677
686.679,686.017
686.676,685.874
686.675,685.854
686.675,685.835
686.674,685.817
686.672,685.693
686.671,685.690
686.671,685.687
686.671,685.685
686.671,685.682
686.669,685.571
686.669,685.579
686.669,685.586
686.677,685.934
686.682,686.142
686.681,686.095
686.680,686.053
686.679,686.014
686.678,685.981
686.678,685.950
686.682,686.155
686.689,686.448
686.688,686.372
686.686,686.305
686.682,686.136
686.678,685.983
686.678,685.952
686.677,685.924
686.676,685.898
686.676,685.874
686.675,685.854
686.675,685.835
686.674,685.817
686.674,685.802
686.666,685.446
686.664,685.358
686.672,685.726
686.672,685.719
686.672,685.713
686.677,685.942
686.677,685.916
686.676,685.890
686.684,686.209
686.690,686.497
686.694,686.650
686.684,686.214
686.683,686.162
686.673,685.773
686.673,685.763
686.678,685.986
686.675,685.846
686.675,685.828
686.674,685.812
686.674,685.796
686.671,685.675
686.671,685.672
686.671,685.669
686.671,685.669
686.668,685.560
686.674,685.802
686.682,686.129
686.681,686.084
686.680,686.043
686.684,686.240
686.683,686.186
686.682,686.136
686.681,686.090
686.680,686.048
686.679,686.012
686.676,685.869
686.675,685.848
686.667,685.488
686.659,685.163
686.660,685.210
686.659,685.145
686.660,685.195
686.661,685.239
686.662,685.278
686.663,685.314
686.663,685.348
686.662,685.270
686.662,685.306
686.663,685.340
686.664,685.371
686.665,685.397
686.665,685.423
686.663,685.337
686.664,685.368
686.665,685.397
686.665,685.423
686.666,685.446
686.672,685.698
686.669,685.586
686.669,685.594
686.661,685.259
686.654,684.956
686.648,684.681
686.650,684.774
686.657,685.091
686.659,685.145
686.660,685.195
686.661,685.239
686.662,685.278
686.668,685.547
686.668,685.558
686.669,685.568
686.661,685.236
686.662,685.275
686.668,685.545
686.666,685.446
686.666,685.467
686.667,685.485
686.667,685.501
686.665,685.407
686.665,685.431
686.666,685.451
686.666,685.472
686.667,685.490
686.659,685.166
686.658,685.104
686.656,685.049
686.658,685.106
686.667,685.501
686.667,685.516
686.665,685.420
686.663,685.335
686.664,685.366
686.656,685.052
686.658,685.109
686.651,684.821
686.653,684.901
686.652,684.865
686.654,684.940
686.655,685.008
686.649,684.727
686.651,684.816
686.653,684.896
686.646,684.626
686.649,684.725
686.651,684.813
686.653,684.894
686.654,684.966
686.656,685.031
686.655,684.982
686.648,684.704
686.650,684.795
686.644,684.535
686.647,684.642
686.649,684.738
686.651,684.826
686.653,684.904
686.655,684.977
686.656,685.041
686.650,684.759
686.649,684.735
686.651,684.823
686.653,684.904
686.655,684.977
686.654,684.932
686.653,684.894
686.646,684.624
686.649,684.722
686.643,684.471
686.645,684.582
686.645,684.577
686.645,684.572
686.648,684.676
686.650,684.769
686.652,684.855
686.654,684.930
686.655,685.000
686.654,684.953
686.656,685.021
686.649,684.740
686.651,684.829
686.661,685.249
686.662,685.288
686.660,685.215
686.661,685.257
686.662,685.296
686.663,685.329
686.664,685.361
686.664,685.389
686.665,685.415
686.663,685.329
686.653,684.912
686.655,684.982
686.648,684.704
686.650,684.795
686.652,684.878
686.646,684.611
686.648,684.709
686.642,684.458
686.643,684.463
686.637,684.234
686.640,684.369
686.643,684.491
686.638,684.260
686.638,684.286
686.641,684.416
686.644,684.533
686.639,684.299
686.634,684.087
686.637,684.237
686.632,684.030
686.633,684.076
686.634,684.118
686.638,684.263
686.633,684.055
686.637,684.209
686.632,684.006
686.628,683.822
686.624,683.656
686.626,683.739
686.630,683.921
686.634,684.087
686.637,684.237
686.632,684.030
686.636,684.185
686.637,684.216
686.632,684.011
686.628,683.827
686.632,684.001
686.635,684.159
686.636,684.193
686.631,683.991
686.633,684.040
686.636,684.193
686.640,684.333
686.643,684.460
686.637,684.232
686.648,684.709
686.651,684.800
686.652,684.881
686.654,684.953
686.656,685.021
686.657,685.080
686.650,684.795
686.650,684.769
686.649,684.746
686.651,684.831
686.645,684.569
686.648,684.673
686.650,684.766
686.652,684.852
686.659,685.161
686.660,685.207
686.661,685.249
686.662,685.288
686.660,685.215
686.659,685.150
686.660,685.200
686.653,684.901
686.655,684.974
686.648,684.696
686.648,684.681
686.650,684.774
686.644,684.517
686.646,684.626
686.649,684.725
686.643,684.473
686.643,684.478
686.646,684.590
686.648,684.691
686.650,684.782
686.652,684.865
686.651,684.831
686.651,684.803
686.652,684.883
686.654,684.956
686.656,685.023
686.655,684.977
686.656,685.041
686.658,685.101
686.659,685.153
686.660,685.200
686.666,685.475
686.667,685.493
686.667,685.508
686.667,685.521
686.673,685.768
686.681,686.097
686.680,686.056
686.679,686.017
686.678,685.983
686.675,685.843
686.675,685.825
686.674,685.809
686.674,685.794
686.674,685.781
686.679,686.001
686.678,685.968
686.677,685.939
686.677,685.913
686.676,685.890
686.673,685.760
686.673,685.750
686.673,685.742
686.672,685.734
686.672,685.726
686.672,685.719
686.672,685.713
686.672,685.708
686.672,685.703
686.677,685.931
686.677,685.905
686.676,685.882
686.675,685.861
686.675,685.841
686.675,685.822
686.672,685.698
686.672,685.693
686.671,685.690
686.671,685.687
686.671,685.685
686.671,685.682
686.679,686.022
686.678,685.988
686.678,685.957
686.677,685.929
686.674,685.794
686.674,685.781
686.673,685.768
686.665,685.415
686.666,685.438
686.666,685.459
686.666,685.477
686.664,685.387
686.665,685.412
686.665,685.436
686.666,685.457
686.664,685.368
686.662,685.288
686.660,685.215
686.661,685.257
686.662,685.296
686.663,685.329
686.661,685.252
686.662,685.291
686.663,685.324
686.664,685.355
686.664,685.384
686.665,685.410
686.665,685.433
686.666,685.454
686.666,685.472
686.667,685.490
686.665,685.397
686.657,685.080
686.650,684.795
686.644,684.535
686.647,684.642
686.649,684.738
686.649,684.717
686.651,684.805
686.653,684.886
686.646,684.619
686.641,684.375
686.635,684.154
686.639,684.297
686.639,684.318
686.642,684.445
686.637,684.219
686.632,684.014
686.636,684.170
686.639,684.312
686.642,684.439
686.645,684.556
686.637,684.211
686.637,684.240
686.632,684.032
686.628,683.845
686.624,683.677
686.629,683.866
686.633,684.037
686.636,684.190
686.637,684.222
686.640,684.359
686.643,684.484
686.646,684.595
686.648,684.696
686.650,684.787
686.650,684.761
686.657,685.080
686.650,684.795
686.652,684.878
686.654,684.953
686.666,685.446
686.666,685.467
686.664,685.376
686.665,685.402
686.665,685.425
686.666,685.446
686.666,685.467
686.667,685.485
686.659,685.161
686.658,685.101
686.659,685.153
686.652,684.860
686.654,684.935
686.655,685.003
686.649,684.722
686.651,684.811
686.650,684.782
686.652,684.865
686.654,684.940
686.655,685.008
686.657,685.070
686.656,685.018
686.657,685.078
686.658,685.132
686.659,685.182
686.655,685.005
686.657,685.067
686.658,685.124
686.659,685.176
686.666,685.454
686.666,685.472
686.667,685.490
686.667,685.506
686.667,685.521
686.668,685.534
686.668,685.545
686.668,685.555
686.660,685.223
686.661,685.265
686.662,685.301
686.663,685.335
686.664,685.366
686.662,685.285
686.663,685.322
686.664,685.353
686.664,685.381
686.657,685.067
686.656,685.015
686.654,684.969
686.656,685.034
686.657,685.093
686.659,685.148
686.652,684.855
686.651,684.823
686.653,684.904
686.655,684.977
686.656,685.041
686.658,685.101
686.659,685.153
686.657,685.093
686.659,685.148
686.660,685.197
686.653,684.899
686.655,684.971
686.656,685.036
686.649,684.753
686.649,684.730
686.651,684.818
686.645,684.556
686.647,684.660
686.649,684.756
686.643,684.499
686.646,684.608
686.648,684.707
686.650,684.798
686.652,684.878
686.654,684.953
686.653,684.912
686.655,684.982
686.656,685.047
686.658,685.104
686.651,684.816
686.645,684.554
686.647,684.657
686.647,684.644
686.641,684.401
686.636,684.177
686.631,683.978
686.635,684.138
686.630,683.941
686.634,684.105
686.635,684.144
686.638,684.286
686.641,684.416
686.644,684.533
686.647,684.639
686.646,684.629
686.649,684.727
686.651,684.816
686.653,684.896
686.654,684.969
686.648,684.694
686.648,684.678
686.650,684.772
686.652,684.855
686.654,684.930
686.647,684.657
686.641,684.411
686.636,684.188
686.631,683.985
686.633,684.037
686.628,683.850
686.632,684.022
686.636,684.177
686.639,684.318
686.634,684.105
686.630,683.910
686.639,684.310
686.639,684.331
686.642,684.458
686.645,684.572
686.648,684.676
686.650,684.769
686.652,684.855
686.651,684.823
686.653,684.904
686.655,684.977
686.648,684.699
686.650,684.790
686.652,684.873
686.651,684.839
686.651,684.808
686.645,684.548
686.647,684.655
686.649,684.751
686.651,684.836
686.653,684.914
686.652,684.878
686.654,684.953
686.656,685.021
686.657,685.080
686.658,685.135
686.660,685.184
686.666,685.462
686.664,685.371
686.665,685.397
686.657,685.080
686.650,684.795
686.652,684.878
686.646,684.611
686.648,684.709
686.648,684.691
686.650,684.782
686.652,684.865
686.654,684.940
686.655,685.008
686.657,685.070
686.658,685.124
686.657,685.067
686.650,684.782
686.652,684.865
686.654,684.940
686.655,685.008
686.654,684.961
686.656,685.026
686.655,684.977
686.648,684.699
686.642,684.450
686.645,684.564
686.639,684.325
686.642,684.452
686.642,684.458
686.645,684.572
686.645,684.567
686.639,684.328
686.634,684.113
686.638,684.260
686.641,684.393
686.641,684.406
686.644,684.525
686.647,684.631
686.649,684.730
686.651,684.818
686.653,684.899
686.646,684.629
686.646,684.619
686.641,684.375
686.643,684.497
686.646,684.608
686.640,684.367
686.643,684.489
686.646,684.600
686.640,684.359
686.633,684.035
686.636,684.188
686.639,684.328
686.642,684.455
686.643,684.460
686.645,684.574
686.645,684.569
686.639,684.331
686.634,684.115
686.638,684.263
686.633,684.055
686.637,684.209
686.640,684.346
686.635,684.128
686.628,683.825
686.629,683.889
686.633,684.058
686.629,683.869
686.625,683.697
686.629,683.884
686.633,684.053
686.637,684.206
686.632,684.004
686.641,684.393
686.641,684.406
686.644,684.525
686.639,684.292
686.634,684.079
686.637,684.229
686.632,684.024
686.628,683.838
686.629,683.902
686.625,683.729
686.630,683.913
686.634,684.079
686.637,684.229
686.640,684.364
686.635,684.146
686.638,684.289
686.634,684.079
686.637,684.229
686.638,684.258
686.638,684.284
686.633,684.074
686.637,684.224
686.640,684.362
686.635,684.144
686.638,684.286
686.641,684.416
686.642,684.427
686.644,684.543
686.647,684.650
686.641,684.403
686.644,684.523
686.647,684.631
686.641,684.388
686.641,684.401
686.644,684.520
686.646,684.629
686.641,684.385
686.636,684.164
686.639,684.307
686.634,684.094
686.629,683.902
686.631,683.962
686.632,684.014
686.636,684.170
686.639,684.312
686.634,684.100
686.630,683.908
686.633,684.074
686.637,684.224
686.640,684.362
686.641,684.377
686.641,684.390
686.644,684.510
686.646,684.619
686.649,684.717
686.651,684.805
686.650,684.779
686.649,684.753
686.643,684.499
686.646,684.608
686.648,684.707
686.650,684.798
686.652,684.878
686.652,684.844
686.653,684.922
686.644,684.543
686.639,684.307
686.634,684.094
686.637,684.242
686.641,684.377
686.641,684.390
686.644,684.510
686.638,684.276
686.633,684.066
686.629,683.876
686.633,684.045
686.628,683.858
686.624,683.687
686.626,683.767
686.622,683.607
686.619,683.461
686.616,683.329
686.613,683.210
686.619,683.443
686.616,683.313
686.618,683.428
686.623,683.640
686.628,683.832
686.624,683.664
686.628,683.853
686.624,683.684
686.629,683.871
686.630,683.934
686.631,683.988
686.635,684.146
686.638,684.289
686.642,684.419
686.644,684.535
686.639,684.302
686.642,684.432
686.634,684.100
686.635,684.138
686.638,684.284
686.633,684.074
686.637,684.224
686.640,684.362
686.635,684.144
686.630,683.946
686.634,684.110
686.635,684.149
686.636,684.185
686.639,684.325
686.642,684.452
686.645,684.567
686.647,684.670
686.650,684.764
686.649,684.740
686.643,684.486
686.646,684.598
686.648,684.699
686.650,684.790
686.642,684.424
686.642,684.434
686.637,684.209
686.640,684.346
686.643,684.471
686.637,684.242
686.641,684.377
686.643,684.499
686.643,684.502
686.646,684.611
686.648,684.709
686.651,684.800
686.652,684.881
686.646,684.613
686.640,684.372
686.641,684.385
686.644,684.507
686.638,684.276
686.641,684.408
686.636,684.185
686.639,684.325
686.642,684.452
686.637,684.227
686.638,684.255
686.633,684.048
686.628,683.858
686.632,684.030
686.628,683.843
686.632,684.014
686.628,683.830
686.632,684.004
686.627,683.819
686.621,683.547
686.618,683.407
686.623,683.620
686.627,683.814
686.631,683.991
686.635,684.149
686.631,683.952
686.632,684.006
686.635,684.162
686.639,684.305
686.642,684.434
686.645,684.551
686.639,684.315
686.642,684.442
686.642,684.450
686.642,684.458
686.645,684.572
686.640,684.333
686.643,684.460
686.645,684.574
686.640,684.336
686.643,684.460
686.643,684.465
686.645,684.580
686.640,684.341
686.643,684.465
686.637,684.237
686.632,684.030
686.628,683.843
686.624,683.674
686.626,683.754
686.622,683.594
686.627,683.791
686.623,683.627
686.619,683.479
686.622,683.578
686.624,683.669
686.626,683.749
686.622,683.588
686.619,683.443
686.624,683.653
686.628,683.843
686.632,684.014
686.633,684.063
686.637,684.214
686.640,684.351
686.643,684.476
686.646,684.587
686.648,684.689
686.648,684.673
686.642,684.424
686.644,684.541
686.639,684.305
686.634,684.092
686.637,684.240
686.641,684.375
686.635,684.154
686.631,683.957
686.624,683.669
686.626,683.749
686.630,683.931
686.626,683.754
686.630,683.936
686.634,684.100
686.638,684.247
686.633,684.040
686.634,684.087
686.629,683.895
686.625,683.721
686.621,683.562
686.618,683.420
686.623,683.633
686.625,683.718
686.621,683.562
686.626,683.762
686.630,683.941
686.634,684.105
686.635,684.144
686.636,684.180
686.637,684.211
686.640,684.349
686.630,683.923
686.626,683.747
686.622,683.586
686.627,683.783
686.631,683.962
686.635,684.123
686.635,684.162
686.636,684.196
686.637,684.227
686.632,684.022
686.628,683.835
686.632,684.009
686.636,684.164
686.639,684.307
686.639,684.328
686.640,684.346
686.635,684.128
686.636,684.164
686.636,684.198
686.640,684.336
686.635,684.120
686.638,684.266
686.633,684.055
686.629,683.866
686.633,684.037
686.647,684.657
686.649,684.753
686.651,684.839
686.645,684.574
686.640,684.336
686.632,684.014
686.628,683.830
686.624,683.661
686.628,683.850
686.632,684.022
686.628,683.835
686.632,684.009
686.636,684.164
686.636,684.198
686.640,684.336
686.643,684.460
686.637,684.232
686.632,684.027
686.636,684.183
686.639,684.323
686.642,684.450
686.645,684.564
686.645,684.559
686.645,684.556
686.647,684.660
686.632,683.996
686.635,684.154
686.631,683.957
686.634,684.118
686.630,683.923
686.634,684.089
686.637,684.237
686.640,684.372
686.643,684.494
686.635,684.157
686.631,683.957
686.626,683.778
686.631,683.957
686.634,684.118
686.635,684.157
686.631,683.957
686.634,684.118
686.627,683.817
686.631,683.991
686.635,684.149
686.639,684.292
686.642,684.421
686.636,684.198
686.632,683.996
686.627,683.812
686.631,683.988
686.633,684.040
686.634,684.087
686.637,684.237
686.632,684.030
686.636,684.185
686.639,684.325
686.642,684.452
686.637,684.227
686.640,684.362
686.643,684.484
686.643,684.486
686.635,684.149
686.631,683.952
686.634,684.113
686.630,683.918
686.626,683.742
686.630,683.923
686.634,684.089
686.629,683.897
686.625,683.723
686.621,683.565
686.618,683.422
686.615,683.293
686.612,683.176
686.618,683.412
686.620,683.518
686.623,683.614
686.627,683.809
686.631,683.985
686.627,683.804
686.623,683.638
686.620,683.487
686.616,683.352
686.614,683.230
686.608,683.012
686.612,683.155
686.609,683.051
686.607,682.958
686.613,683.215
686.611,683.106
686.616,683.350
686.622,683.570
686.616,683.321
686.621,683.544
686.626,683.744
686.630,683.926
686.626,683.749
686.630,683.931
686.631,683.988
686.627,683.806
686.623,683.640
686.620,683.490
686.625,683.695
686.621,683.539
686.623,683.633
686.628,683.825
686.629,683.889
686.625,683.716
686.621,683.560
686.626,683.760
686.630,683.941
686.634,684.105
686.630,683.910
686.633,684.076
686.629,683.884
686.625,683.710
686.627,683.788
686.628,683.858
686.632,684.030
686.628,683.843
686.624,683.674
686.620,683.521
686.625,683.723
686.630,683.908
686.625,683.734
686.627,683.809
686.629,683.876
686.633,684.045
686.636,684.198
686.640,684.336
686.643,684.460
686.637,684.232
686.632,684.027
686.633,684.074
686.637,684.224
686.640,684.362
686.643,684.484
686.646,684.595
686.640,684.354
686.635,684.136
686.638,684.281
686.639,684.305
686.639,684.325
686.642,684.452
686.645,684.567
686.647,684.670
686.642,684.424
686.636,684.201
686.632,683.998
686.635,684.157
686.631,683.957
686.632,684.011
686.628,683.827
686.624,683.661
686.628,683.850
686.624,683.682
686.621,683.529
686.617,683.389
686.622,683.604
686.624,683.692
686.626,683.770
686.630,683.949
686.634,684.113
686.630,683.918
686.626,683.742
686.622,683.583
686.618,683.438
686.623,683.648
686.620,683.498
686.622,683.594
686.616,683.342
686.613,683.220
686.611,683.111
686.608,683.012
686.606,682.922
686.604,682.841
686.611,683.108
686.608,683.010
686.604,682.813
686.600,682.634
686.604,682.813
686.600,682.634
686.598,682.579
686.605,682.872
686.603,682.797
686.602,682.727
686.600,682.665
686.599,682.608
686.606,682.898
686.604,682.820
686.610,683.090
686.613,683.225
686.619,683.456
686.616,683.324
686.621,683.547
686.618,683.407
686.623,683.620
686.627,683.814
686.631,683.991
686.627,683.809
686.629,683.876
686.633,684.045
686.628,683.858
686.624,683.687
686.621,683.534
686.625,683.736
686.622,683.578
686.618,683.435
686.621,683.539
686.623,683.633
686.620,683.485
686.616,683.350
686.614,683.228
686.611,683.116
686.609,683.018
686.615,683.269
686.620,683.498
686.625,683.703
686.627,683.780
686.631,683.959
686.635,684.120
686.630,683.926
686.634,684.089
686.637,684.237
686.640,684.372
686.635,684.154
686.631,683.957
686.634,684.118
686.635,684.157
686.639,684.299
686.631,683.980
686.635,684.138
686.638,684.284
686.641,684.414
686.636,684.190
686.639,684.331
686.640,684.349
686.643,684.473
686.637,684.245
686.633,684.037
686.636,684.190
686.639,684.331
686.642,684.458
686.645,684.572
686.645,684.567
686.637,684.222
686.632,684.017
686.633,684.063
686.626,683.767
686.622,683.607
686.627,683.801
686.631,683.978
686.635,684.138
686.638,684.284
686.633,684.074
686.629,683.882
686.622,683.601
686.624,683.690
686.621,683.537
686.626,683.739
686.630,683.921
686.634,684.087
686.637,684.237
686.640,684.372
686.643,684.494
686.635,684.157
686.639,684.299
686.642,684.429
686.645,684.546
686.647,684.652
686.649,684.748
686.649,684.727
686.643,684.473
686.643,684.478
686.646,684.590
686.640,684.351
686.643,684.476
686.646,684.587
686.648,684.689
686.650,684.779
686.652,684.862
686.654,684.938
686.653,684.899
686.652,684.862
686.646,684.598
686.648,684.699
686.650,684.790
686.644,684.530
686.647,684.637
686.641,684.393
686.644,684.512
686.644,684.512
686.644,684.512
686.638,684.279
686.633,684.068
686.629,683.879
686.633,684.048
686.628,683.858
686.624,683.687
686.629,683.874
686.633,684.042
686.634,684.089
686.635,684.131
686.630,683.934
686.626,683.757
686.630,683.939
686.634,684.102
686.638,684.250
686.641,684.385
686.636,684.164
686.639,684.307
686.639,684.328
686.632,684.006
686.633,684.055
686.629,683.866
686.625,683.695
686.621,683.539
686.618,683.399
686.615,683.272
686.612,683.158
686.615,683.287
686.620,683.513
686.617,683.376
686.614,683.251
686.619,683.479
686.616,683.345
686.619,683.456
686.613,683.217
686.611,683.108
686.608,683.010
686.614,683.262
686.620,683.490
686.617,683.355
686.622,683.573
686.626,683.770
686.628,683.840
686.629,683.905
686.633,684.071
686.634,684.113
686.630,683.918
686.626,683.742
686.622,683.583
686.618,683.438
686.615,683.308
686.621,683.531
686.623,683.625
686.625,683.710
686.619,683.448
686.613,683.210
686.611,683.101
686.608,683.002
686.614,683.254
686.612,683.142
686.617,683.381
686.620,683.490
686.617,683.355
686.619,683.466
686.616,683.334
686.621,683.555
686.618,683.412
686.623,683.625
686.619,683.477
686.624,683.684
686.629,683.871
686.630,683.934
686.634,684.097
686.637,684.245
686.633,684.037
686.628,683.850
686.624,683.682
686.626,683.762
686.628,683.835
686.629,683.900
686.633,684.066
686.629,683.876
686.633,684.045
686.636,684.198
686.632,683.996
686.633,684.045
686.634,684.089
686.635,684.131
686.636,684.167
686.631,683.967
686.635,684.128
686.630,683.931
686.634,684.094
686.635,684.136
686.638,684.281
686.639,684.305
686.634,684.092
686.637,684.240
686.632,684.032
686.628,683.845
686.630,683.910
686.623,683.627
686.619,683.479
686.616,683.345
686.621,683.565
686.626,683.765
686.627,683.783
686.631,683.962
686.627,683.783
686.623,683.620
686.619,683.472
686.622,683.570
686.618,683.428
686.621,683.531
686.617,683.391
686.614,683.264
686.620,683.492
686.617,683.358
686.614,683.236
686.611,683.124
686.617,683.365
686.614,683.241
686.619,683.472
686.622,683.570
686.616,683.321
686.621,683.544
686.626,683.744
686.630,683.926
686.634,684.089
686.637,684.237
686.640,684.372
686.617,683.389
686.614,683.264
686.612,683.150
686.615,683.280
686.617,683.396
686.615,683.269
686.620,683.498
686.625,683.703
686.629,683.889
686.633,684.058
686.629,683.869
686.625,683.697
686.626,683.775
686.631,683.954
686.634,684.115
686.630,683.921
686.634,684.087
686.637,684.237
686.640,684.372
686.641,684.385
686.641,684.398
686.636,684.177
686.631,683.978
686.627,683.796
686.631,683.972
686.625,683.734
686.622,683.575
686.624,683.666
686.628,683.856
686.624,683.684
686.629,683.871
686.625,683.700
686.621,683.544
686.626,683.744
686.630,683.926
686.634,684.089
686.627,683.791
686.631,683.967
686.627,683.786
686.623,683.622
686.619,683.474
686.624,683.682
686.621,683.529
686.625,683.731
686.630,683.915
686.634,684.081
686.627,683.783
686.620,683.513
686.625,683.718
686.629,683.902
686.633,684.068
686.629,683.879
686.625,683.708
686.621,683.552
686.618,683.412
686.615,683.285
686.612,683.168
686.607,682.955
686.603,682.763
686.599,682.590
686.595,682.434
686.594,682.400
686.601,682.709
686.600,682.649
686.607,682.935
686.605,682.852
686.611,683.119
686.617,683.360
686.622,683.578
686.624,683.669
686.626,683.749
686.622,683.588
686.619,683.443
686.616,683.313
686.613,683.194
686.610,683.088
686.608,682.992
686.606,682.903
686.612,683.166
686.610,683.062
686.605,682.859
686.601,682.678
686.599,682.621
686.606,682.909
686.612,683.171
686.610,683.067
686.616,683.313
686.613,683.194
686.618,683.428
686.621,683.531
686.625,683.734
686.630,683.915
686.626,683.739
686.630,683.921
686.626,683.744
686.622,683.586
686.624,683.674
686.626,683.754
686.630,683.936
686.626,683.760
686.630,683.941
686.626,683.762
686.630,683.941
686.626,683.762
686.630,683.941
686.632,683.996
686.633,684.045
686.628,683.858
686.624,683.687
686.629,683.874
686.633,684.042
686.636,684.196
686.632,683.993
686.635,684.151
686.631,683.954
686.632,684.009
686.628,683.825
686.632,683.998
686.635,684.157
686.639,684.299
686.634,684.087
686.629,683.895
686.633,684.063
686.629,683.874
686.625,683.703
686.627,683.780
686.628,683.850
686.630,683.915
686.626,683.739
686.622,683.581
686.626,683.778
686.623,683.614
686.619,683.466
686.616,683.334
686.621,683.555
686.618,683.412
686.615,683.285
686.618,683.402
686.615,683.274
686.620,683.500
686.625,683.705
686.629,683.892
686.625,683.718
686.629,683.902
686.633,684.068
686.637,684.219
686.638,684.247
686.638,684.273
686.633,684.063
686.637,684.214
686.632,684.009
686.636,684.164
686.631,683.965
686.627,683.783
686.623,683.620
686.627,683.814
686.623,683.648
686.625,683.731
686.622,683.573
686.616,683.324
686.610,683.098
686.608,682.999
686.606,682.911
686.612,683.173
686.618,683.409
686.615,683.282
686.612,683.166
686.615,683.295
686.618,683.412
686.612,683.176
686.615,683.303
686.621,683.526
686.625,683.729
686.630,683.913
686.634,684.079
686.629,683.887
686.633,684.055
686.634,684.100
686.635,684.138
686.630,683.941
686.634,684.105
686.630,683.910
686.633,684.076
686.637,684.227
686.632,684.022
686.636,684.177
686.639,684.318
686.642,684.445
686.642,684.452
686.642,684.458
686.645,684.572
686.648,684.676
686.650,684.769
686.644,684.512
686.646,684.621
686.649,684.720
686.651,684.808
686.642,684.439
686.642,684.447
686.634,684.113
686.630,683.918
686.634,684.084
686.629,683.892
686.633,684.061
686.629,683.871
686.633,684.040
686.636,684.193
686.637,684.224
686.632,684.019
686.633,684.066
686.629,683.876
686.633,684.045
686.628,683.858
686.632,684.030
686.628,683.843
686.630,683.908
686.631,683.965
686.627,683.783
686.628,683.853
686.624,683.684
686.621,683.531
686.617,683.391
686.622,683.607
686.627,683.801
686.631,683.978
686.632,684.030
686.636,684.185
686.637,684.216
686.640,684.354
686.635,684.136
686.630,683.939
686.634,684.102
686.638,684.250
686.633,684.042
686.636,684.196
686.637,684.227
686.638,684.255
686.641,684.388
686.636,684.167
686.631,683.967
686.627,683.786
686.623,683.622
686.627,683.817
686.631,683.991
686.627,683.809
686.623,683.643
686.620,683.492
686.614,683.249
686.617,683.370
686.619,683.479
686.624,683.687
686.626,683.767
686.628,683.840
686.624,683.671
686.628,683.861
686.632,684.032
686.628,683.845
686.632,684.017
686.636,684.172
686.639,684.312
686.642,684.439
686.642,684.447
686.642,684.455
686.637,684.227
686.622,683.578
686.618,683.435
686.621,683.539
686.623,683.633
686.625,683.718
686.621,683.562
686.618,683.420
686.623,683.633
686.620,683.485
686.624,683.692
686.621,683.537
686.617,683.396
686.612,683.163
686.610,683.059
686.607,682.966
686.613,683.223
686.611,683.114
686.609,683.015
686.606,682.924
686.604,682.844
686.603,682.771
686.599,682.597
686.606,682.888
686.604,682.810
686.602,682.740
686.609,683.018
686.606,682.927
686.613,683.186
686.618,683.422
686.615,683.293
686.612,683.176
686.610,683.070
686.608,682.974
686.614,683.228
686.608,683.010
686.612,683.153
686.609,683.049
686.607,682.955
686.605,682.870
686.603,682.794
686.602,682.724
686.600,682.662
686.607,682.948
686.605,682.865
686.603,682.789
686.599,682.613
686.603,682.794
686.607,682.958
686.605,682.872
686.603,682.797
686.610,683.070
686.608,682.974
686.606,682.888
686.604,682.810
686.602,682.740
686.609,683.018
686.606,682.927
686.605,682.846
686.603,682.771
686.599,682.597
686.595,682.439
686.592,682.296
686.591,682.276
686.599,682.597
686.606,682.888
686.604,682.810
686.602,682.740
686.601,682.675
686.607,682.958
686.605,682.872
686.603,682.797
686.602,682.727
686.600,682.665
686.599,682.608
686.598,682.556
686.597,682.509
686.596,682.468
686.592,682.322
686.597,682.532
686.596,682.488
686.595,682.449
686.594,682.413
686.594,682.379
686.593,682.351
686.592,682.325
686.592,682.302
686.591,682.278
686.591,682.257
686.598,682.582
686.603,682.766
686.607,682.932
686.605,682.849
686.608,683.007
686.604,682.810
686.600,682.634
686.598,682.579
686.605,682.872
686.603,682.797
686.610,683.070
686.616,683.316
686.613,683.197
686.610,683.090
686.608,682.994
686.606,682.906
686.612,683.168
686.610,683.064
686.607,682.968
686.611,683.116
686.609,683.018
686.615,683.269
686.617,683.389
686.612,683.155
686.609,683.051
686.607,682.958
686.605,682.872
686.603,682.797
686.602,682.727
686.608,683.005
686.606,682.916
686.604,682.836
686.603,682.763
686.601,682.698
686.600,682.639
686.604,682.818
686.600,682.639
686.596,682.478
686.600,682.673
686.597,682.509
686.604,682.807
686.602,682.737
686.600,682.673
686.599,682.615
686.598,682.564
686.597,682.517
686.596,682.475
686.595,682.436
686.602,682.743
686.609,683.020
686.604,682.823
686.610,683.093
686.608,682.994
686.611,683.140
686.609,683.038
686.607,682.945
686.605,682.862
686.603,682.787
686.602,682.719
686.600,682.657
686.599,682.600
686.606,682.890
686.604,682.813
686.600,682.634
686.596,682.473
686.603,682.776
686.601,682.709
686.600,682.649
686.599,682.595
686.605,682.885
686.612,683.150
686.617,683.389
686.614,683.264
686.612,683.150
686.617,683.389
686.620,683.495
686.622,683.594
686.616,683.342
686.619,683.454
686.613,683.215
686.619,683.448
686.616,683.316
686.613,683.197
686.610,683.090
686.608,682.994
686.606,682.906
686.604,682.826
686.602,682.753
686.601,682.688
686.599,682.628
686.598,682.574
686.597,682.525
686.596,682.481
686.595,682.442
686.594,682.405
686.593,682.374
686.593,682.346
686.592,682.320
686.595,682.457
686.592,682.312
686.591,682.289
686.591,682.268
686.591,682.250
686.590,682.231
686.582,681.876
686.582,681.894
686.583,681.910
686.583,681.925
686.583,681.938
686.583,681.951
686.592,682.304
686.591,682.281
686.591,682.260
686.590,682.242
686.590,682.226
686.582,681.871
686.588,682.122
686.585,682.011
686.591,682.250
686.590,682.231
686.590,682.216
686.589,682.203
686.589,682.190
686.605,682.867
686.603,682.792
686.602,682.722
686.600,682.660
686.604,682.836
686.608,682.997
686.604,682.802
686.607,682.966
686.605,682.880
686.604,682.802
686.602,682.732
686.600,682.670
686.599,682.613
686.598,682.561
686.597,682.514
686.596,682.473
686.595,682.434
686.594,682.400
686.593,682.369
686.593,682.340
686.600,682.657
686.596,682.494
686.601,682.686
686.607,682.968
686.605,682.883
686.604,682.805
686.602,682.735
686.608,683.012
686.614,683.264
686.620,683.492
686.622,683.591
686.624,683.679
686.621,683.526
686.617,683.389
686.614,683.264
686.620,683.492
686.617,683.358
686.614,683.236
686.611,683.124
686.614,683.256
686.617,683.376
686.622,683.594
686.619,683.448
686.624,683.658
686.620,683.508
686.625,683.713
686.629,683.897
686.633,684.063
686.626,683.767
686.622,683.607
686.619,683.461
686.624,683.669
686.620,683.516
686.625,683.718
686.629,683.902
686.633,684.068
686.629,683.879
686.625,683.708
686.627,683.786
686.623,683.622
686.627,683.817
686.623,683.651
686.628,683.843
686.632,684.014
686.628,683.830
686.632,684.004
686.625,683.713
686.621,683.557
686.618,683.415
686.615,683.287
686.620,683.513
686.617,683.376
686.622,683.594
686.627,683.791
686.623,683.627
686.627,683.819
686.629,683.887
686.625,683.713
686.621,683.557
686.626,683.757
686.622,683.596
686.619,683.451
686.616,683.319
686.613,683.199
686.618,683.433
686.623,683.646
686.617,683.389
686.614,683.264
686.612,683.150
686.615,683.280
686.609,683.057
686.615,683.303
686.621,683.526
686.625,683.729
686.630,683.913
686.634,684.079
686.629,683.887
686.625,683.713
686.629,683.897
686.631,683.957
686.632,684.011
686.628,683.827
686.632,684.001
686.635,684.159
686.639,684.302
686.634,684.089
686.637,684.237
686.632,684.030
686.633,684.076
686.634,684.118
686.638,684.263
686.641,684.395
686.636,684.175
686.639,684.315
686.642,684.442
686.645,684.559
686.639,684.323
686.640,684.341
686.640,684.359
686.643,684.484
686.643,684.486
686.638,684.255
686.641,684.388
686.636,684.167
686.631,683.967
686.627,683.786
686.628,683.856
686.622,683.578
686.624,683.669
686.626,683.749
686.622,683.588
686.619,683.443
686.616,683.313
686.621,683.537
686.617,683.396
686.615,683.269
686.620,683.498
686.625,683.703
686.621,683.547
686.626,683.747
686.627,683.819
686.632,683.993
686.627,683.809
686.631,683.985
686.635,684.144
686.638,684.286
686.641,684.416
686.642,684.427
686.642,684.434
686.637,684.209
686.632,684.006
686.628,683.822
686.632,683.996
686.627,683.812
686.631,683.988
686.633,684.040
686.634,684.087
686.635,684.128
686.630,683.931
686.634,684.094
686.637,684.242
686.633,684.035
686.628,683.848
686.632,684.019
686.628,683.832
686.624,683.664
686.628,683.853
686.630,683.915
686.623,683.633
686.628,683.825
686.624,683.658
686.628,683.848
686.632,684.019
686.636,684.175
686.639,684.315
686.639,684.312
686.640,684.333
686.634,684.118
686.638,684.263
686.633,684.055
686.629,683.866
686.633,684.037
686.628,683.850
686.632,684.022
686.636,684.177
686.637,684.211
686.637,684.240
686.638,684.266
686.638,684.289
686.634,684.079
686.629,683.887
686.625,683.713
686.621,683.557
686.623,683.648
686.625,683.731
686.627,683.806
686.629,683.874
686.625,683.703
686.629,683.889
686.625,683.716
686.652,684.852
686.651,684.821
686.650,684.792
686.652,684.875
686.654,684.951
686.648,684.676
686.642,684.427
686.644,684.543
686.647,684.650
686.647,684.637
686.638,684.286
686.633,684.076
686.637,684.227
686.640,684.362
686.643,684.484
686.646,684.595
686.640,684.354
686.643,684.478
686.643,684.484
686.638,684.253
686.633,684.045
686.636,684.198
686.640,684.336
686.635,684.120
686.638,684.266
686.611,683.116
686.614,683.249
686.611,683.137
686.609,683.036
686.615,683.285
686.620,683.511
686.617,683.373
686.614,683.249
686.619,683.477
686.630,683.918
686.634,684.084
686.637,684.234
686.640,684.369
686.643,684.491
686.643,684.494
686.646,684.606
686.648,684.707
686.642,684.455
686.645,684.569
686.639,684.331
686.642,684.458
686.643,684.463
686.637,684.234
686.640,684.369
686.643,684.491
686.637,684.237
686.638,684.263
686.633,684.055
686.634,684.100
686.627,683.799
686.623,683.635
686.628,683.827
686.624,683.661
686.620,683.511
686.625,683.716
686.621,683.560
686.626,683.760
686.630,683.941
686.632,683.996
686.625,683.705
686.629,683.892
686.633,684.061
686.637,684.214
686.632,684.009
686.636,684.164
686.631,683.965
686.627,683.783
686.628,683.853
686.624,683.684
686.629,683.871
686.633,684.040
686.636,684.193
686.640,684.333
686.643,684.460
686.643,684.465
686.643,684.471
686.645,684.582
686.648,684.683
686.650,684.777
686.652,684.860
686.646,684.595
686.640,684.354
686.640,684.369
686.643,684.491
686.638,684.260
686.641,684.393
686.644,684.512
686.646,684.621
686.641,684.377
686.643,684.499
686.643,684.502
686.638,684.271
686.641,684.403
686.636,684.180
686.631,683.980
686.635,684.138
686.630,683.941
686.626,683.762
686.622,683.601
686.624,683.690
686.629,683.876
686.633,684.045
686.636,684.198
686.632,683.996
686.627,683.812
686.631,683.988
686.627,683.806
686.629,683.874
686.630,683.936
686.623,683.651
686.628,683.843
686.624,683.674
686.620,683.521
686.617,683.383
686.622,683.599
686.619,683.454
686.616,683.321
686.613,683.202
686.610,683.093
686.606,682.888
686.601,682.704
686.600,682.644
686.604,682.823
686.608,682.984
686.603,682.789
686.602,682.722
686.600,682.660
686.607,682.945
686.613,683.202
686.610,683.093
686.616,683.337
686.619,683.448
686.621,683.550
686.618,683.409
686.623,683.622
686.619,683.474
686.624,683.682
686.621,683.529
686.617,683.389
686.622,683.604
686.619,683.459
686.613,683.220
686.619,683.451
686.624,683.661
686.620,683.511
686.617,683.373
686.622,683.591
686.627,683.788
686.631,683.965
686.635,684.126
686.628,683.822
686.629,683.889
686.633,684.058
686.629,683.869
686.625,683.697
686.629,683.884
686.633,684.053
686.628,683.863
686.633,684.035
686.636,684.188
686.637,684.219
686.640,684.356
686.635,684.138
686.638,684.284
686.641,684.414
686.644,684.533
686.647,684.639
686.646,684.629
686.649,684.727
686.651,684.816
686.653,684.896
686.654,684.969
686.656,685.034
686.655,684.984
686.654,684.940
686.647,684.668
686.642,684.421
686.636,684.198
686.632,683.996
686.633,684.045
686.634,684.089
686.635,684.131
686.638,684.276
686.641,684.408
686.644,684.528
686.639,684.294
686.639,684.315
686.634,684.102
686.638,684.250
686.641,684.385
686.636,684.164
686.639,684.307
686.642,684.434
686.642,684.442
686.645,684.559
686.647,684.663
686.641,684.416
686.644,684.533
686.639,684.299
686.634,684.087
686.637,684.237
686.638,684.263
686.641,684.395
686.644,684.515
686.646,684.624
686.649,684.722
686.651,684.811
686.653,684.891
686.652,684.855
686.651,684.823
686.645,684.561
686.639,684.325
686.634,684.110
686.630,683.915
686.634,684.081
686.629,683.889
686.638,684.289
686.634,684.079
686.637,684.229
686.640,684.364
686.656,685.026
686.663,685.319
686.663,685.350
686.664,685.379
686.657,685.065
686.666,685.462
686.667,685.480
686.667,685.495
686.665,685.402
686.665,685.425
686.666,685.446
686.658,685.124
686.651,684.834
686.645,684.572
686.640,684.333
686.640,684.351
686.635,684.133
686.638,684.279
686.641,684.411
686.644,684.530
686.647,684.637
686.649,684.733
686.648,684.712
686.651,684.803
686.652,684.883
686.672,685.721
686.672,685.716
686.680,686.051
686.677,685.905
686.684,686.222
686.683,686.167
686.682,686.118
686.680,686.074
686.680,686.035
686.679,685.999
686.678,685.965
686.677,685.937
686.674,685.802
686.674,685.789
686.673,685.776
686.673,685.765
686.670,685.646
686.670,685.646
686.670,685.646
686.670,685.646
686.670,685.646
686.670,685.646
686.670,685.646
686.670,685.646
686.670,685.646
686.659,685.179
686.658,685.117
686.657,685.060
686.658,685.117
686.659,685.169
686.660,685.215
686.661,685.257
686.660,685.187
686.658,685.124
686.659,685.176
686.660,685.223
686.661,685.265
686.660,685.195
686.666,685.472
686.667,685.490
686.667,685.506
686.667,685.521
686.668,685.534
686.666,685.438
686.666,685.459
686.666,685.477
686.667,685.495
686.667,685.511
686.668,685.524
686.668,685.537
686.671,685.675
686.669,685.566
686.669,685.573
686.677,685.924
686.676,685.898
686.681,686.108
686.680,686.064
686.679,686.025
686.678,685.988
686.678,685.957
686.677,685.929
686.682,686.136
686.681,686.090
686.680,686.048
686.679,686.012
686.678,685.978
686.675,685.841
686.675,685.822
686.674,685.807
686.674,685.791
686.674,685.778
686.671,685.659
686.671,685.659
686.671,685.659
686.671,685.659
686.671,685.659
686.671,685.659
686.668,685.550
686.668,685.560
686.669,685.571
686.669,685.579
686.669,685.586
686.669,685.594
686.669,685.599
686.669,685.604
686.670,685.610
686.678,685.955
686.682,686.160
686.681,686.113
686.680,686.069
686.679,686.030
686.676,685.887
686.684,686.206
686.682,686.155
686.681,686.108
686.680,686.064
686.679,686.025
686.678,685.988
686.678,685.957
686.677,685.929
686.676,685.903
686.676,685.879
686.675,685.859
686.675,685.841
686.675,685.822
686.674,685.807
686.671,685.685
686.671,685.682
686.671,685.680
686.663,685.337
686.664,685.368
686.665,685.397
686.663,685.314
686.663,685.348
686.664,685.376
686.665,685.402
686.665,685.425
686.663,685.340
686.661,685.262
686.662,685.298
686.663,685.332
686.664,685.363
686.656,685.049
686.655,685.000
686.657,685.062
686.658,685.119
686.659,685.171
686.660,685.218
686.667,685.493
686.667,685.508
686.667,685.521
686.668,685.534
686.668,685.545
686.674,685.789
686.673,685.776
686.673,685.765
686.673,685.755
686.670,685.638
686.678,685.981
686.678,685.950
686.677,685.921
686.674,685.789
686.673,685.776
686.673,685.765
686.673,685.755
686.673,685.745
686.673,685.737
686.678,685.963
686.677,685.934
686.677,685.908
686.676,685.885
686.676,685.864
686.673,685.737
686.680,686.071
686.688,686.372
686.694,686.645
686.692,686.552
686.690,686.466
686.688,686.388
686.686,686.318
686.685,686.256
686.681,686.090
686.672,685.708
686.672,685.703
686.680,686.040
686.676,685.895
686.676,685.872
686.675,685.851
686.675,685.833
686.674,685.817
686.674,685.802
686.679,686.020
686.678,685.986
686.678,685.955
686.677,685.926
686.668,685.560
686.669,685.571
686.669,685.579
686.674,685.820
686.674,685.804
686.674,685.791
686.674,685.778
686.671,685.659
686.671,685.659
686.663,685.316
686.663,685.348
686.664,685.376
686.665,685.402
686.663,685.319
686.663,685.350
686.656,685.039
686.658,685.099
686.651,684.811
686.653,684.891
686.652,684.855
686.654,684.930
686.655,685.000
686.657,685.062
686.658,685.119
686.659,685.171
686.660,685.218
686.661,685.259
686.662,685.298
686.663,685.332
686.664,685.363
686.664,685.392
686.665,685.418
686.666,685.441
686.666,685.462
686.667,685.480
686.675,685.838
686.674,685.820
686.674,685.804
686.674,685.791
686.674,685.778
686.673,685.768
686.679,685.991
686.678,685.960
686.677,685.931
686.677,685.905
686.676,685.882
686.673,685.752
686.673,685.742
686.664,685.392
686.665,685.418
686.666,685.441
686.666,685.462
686.664,685.371
686.665,685.397
686.665,685.423
686.666,685.446
686.666,685.467
686.664,685.376
686.665,685.402
686.665,685.425
686.666,685.446
686.666,685.467
686.664,685.376
686.665,685.402
686.657,685.086
686.659,685.140
686.660,685.189
686.658,685.124
686.657,685.067
686.658,685.124
686.659,685.176
686.652,684.881
686.652,684.847
686.653,684.925
686.655,684.995
686.657,685.057
686.650,684.772
686.657,685.088
686.667,685.483
686.667,685.498
686.667,685.514
686.668,685.527
686.673,685.771
686.671,685.651
686.671,685.651
686.671,685.651
686.671,685.651
686.671,685.651
686.671,685.651
686.676,685.885
686.676,685.864
686.675,685.843
686.675,685.825
686.674,685.809
686.671,685.687
686.671,685.685
686.671,685.682
686.671,685.680
686.669,685.568
686.669,685.576
686.669,685.584
686.669,685.591
686.669,685.597
686.675,685.835
686.674,685.817
686.674,685.802
686.674,685.789
686.671,685.667
686.671,685.667
686.663,685.324
686.664,685.355
686.664,685.384
686.665,685.410
686.663,685.324
686.664,685.355
686.664,685.384
686.673,685.750
686.673,685.742
686.672,685.734
686.670,685.617
686.670,685.620
686.670,685.623
686.662,685.285
686.660,685.213
686.661,685.254
686.662,685.293
686.663,685.327
686.664,685.358
686.662,685.278
686.663,685.314
686.663,685.348
686.664,685.376
686.665,685.402
686.663,685.319
686.663,685.350
686.664,685.379
686.665,685.405
686.663,685.322
686.664,685.353
686.664,685.381
686.665,685.407
686.665,685.431
686.671,685.685
686.669,685.573
686.669,685.581
686.669,685.589
686.669,685.594
686.669,685.599
686.667,685.495
686.667,685.511
686.668,685.524
686.668,685.537
686.668,685.547
686.668,685.558
686.669,685.568
686.669,685.576
686.669,685.584
686.669,685.591
686.675,685.830
686.674,685.815
686.674,685.799
686.674,685.786
686.681,686.116
686.680,686.071
686.680,686.033
686.679,685.996
686.678,685.965
686.683,686.167
686.679,686.012
686.678,685.978
686.677,685.947
686.677,685.918
686.676,685.892
686.676,685.869
686.667,685.508
686.667,685.521
686.668,685.534
686.668,685.545
686.666,685.446
686.664,685.358
686.664,685.387
686.665,685.412
686.665,685.436
686.663,685.348
686.664,685.376
686.665,685.402
686.665,685.425
686.666,685.446
686.664,685.358
686.662,685.278
686.663,685.314
686.663,685.348
686.664,685.376
686.665,685.402
686.665,685.425
686.663,685.340
686.661,685.262
686.662,685.298
686.663,685.332
686.664,685.363
686.670,685.623
686.667,685.519
686.668,685.532
686.668,685.545
686.668,685.555
686.674,685.796
686.674,685.783
686.673,685.771
686.673,685.760
686.670,685.643
686.662,685.303
686.661,685.228
686.662,685.270
686.662,685.306
686.663,685.340
686.664,685.371
686.662,685.291
686.663,685.324
686.664,685.355
686.664,685.384
686.665,685.410
686.663,685.324
686.664,685.355
686.664,685.384
686.665,685.410
686.665,685.433
686.666,685.454
686.664,685.366
686.664,685.394
686.665,685.420
686.666,685.444
686.664,685.355
686.664,685.384
686.665,685.410
686.665,685.433
686.666,685.454
686.658,685.132
686.657,685.075
686.658,685.130
686.651,684.839
686.653,684.917
686.652,684.878
686.652,684.844
686.651,684.813
686.645,684.551
686.647,684.657
686.649,684.753
686.651,684.839
686.653,684.917
686.647,684.647
686.649,684.743
686.651,684.829
686.653,684.907
686.655,684.977
686.654,684.932
686.655,685.003
686.657,685.065
686.658,685.122
686.659,685.174
686.658,685.111
686.656,685.054
686.658,685.111
686.651,684.821
686.653,684.901
686.655,684.974
686.656,685.039
686.658,685.099
686.659,685.150
686.660,685.200
686.661,685.244
686.667,685.516
686.668,685.529
686.668,685.542
686.668,685.553
686.668,685.563
686.647,684.631
686.649,684.730
686.651,684.818
686.653,684.899
686.652,684.862
686.654,684.938
686.655,685.005
686.657,685.067
686.658,685.124
686.659,685.176
686.660,685.223
686.661,685.265
686.660,685.195
686.661,685.239
686.662,685.278
686.663,685.314
686.661,685.239
686.654,684.938
686.655,685.005
686.657,685.067
686.650,684.782
686.649,684.756
686.649,684.733
686.651,684.821
686.645,684.559
686.662,685.293
686.655,684.987
686.656,685.052
686.655,685.000
686.657,685.062
686.658,685.119
686.659,685.171
686.658,685.109
686.656,685.052
686.658,685.109
686.659,685.161
686.660,685.207
686.661,685.249
686.662,685.288
686.660,685.215
686.661,685.257
686.662,685.296
686.655,684.990
686.656,685.052
686.658,685.109
686.656,685.052
686.655,685.000
686.657,685.062
686.650,684.777
686.644,684.520
686.646,684.629
686.649,684.727
686.648,684.707
686.642,684.455
686.645,684.569
686.648,684.673
686.650,684.766
686.649,684.743
686.651,684.829
686.653,684.907
686.655,684.977
686.656,685.041
686.658,685.101
686.659,685.153
686.657,685.093
686.659,685.148
686.660,685.197
686.661,685.241
686.662,685.280
686.663,685.316
686.661,685.241
686.662,685.280
686.663,685.316
686.663,685.348
686.662,685.270
686.662,685.306
686.661,685.231
686.662,685.272
686.662,685.309
686.663,685.342
686.664,685.374
686.670,685.633
686.662,685.293
686.663,685.327
686.664,685.358
686.664,685.387
686.665,685.412
686.671,685.669
686.671,685.669
686.663,685.327
686.664,685.358
686.656,685.044
686.655,684.995
686.657,685.057
686.663,685.348
686.664,685.376
686.665,685.402
686.665,685.425
686.658,685.106
686.656,685.052
686.658,685.109
686.659,685.161
686.652,684.868
686.654,684.943
686.655,685.010
686.654,684.964
686.656,685.028
686.657,685.088
686.659,685.143
686.660,685.192
686.661,685.236
686.659,685.169
686.660,685.215
686.661,685.257
686.662,685.296
686.663,685.329
686.661,685.252
686.659,685.182
686.658,685.119
686.659,685.171
686.652,684.875
686.654,684.951
686.664,685.358
686.670,685.620
686.670,685.623
686.670,685.625
686.670,685.628
686.670,685.630
686.670,685.633
686.668,685.527
686.676,685.879
686.675,685.859
686.675,685.841
686.672,685.716
686.672,685.711
686.680,686.046
686.679,686.009
686.678,685.975
686.677,685.944
686.677,685.916
686.676,685.890
686.676,685.867
686.675,685.846
686.675,685.828
686.674,685.812
686.679,686.030
686.679,685.994
686.678,685.963
686.677,685.934
686.674,685.799
686.674,685.786
686.673,685.773
686.673,685.763
686.673,685.752
686.673,685.742
686.672,685.734
686.672,685.726
686.672,685.719
686.672,685.713
686.672,685.708
686.672,685.703
686.669,685.591
686.669,685.597
686.661,685.262
686.662,685.298
686.663,685.332
686.669,685.597
686.669,685.602
686.669,685.607
686.670,685.612
686.678,685.957
686.683,686.162
686.679,686.007
686.678,685.973
686.677,685.942
686.677,685.916
686.676,685.890
686.676,685.867
686.673,685.739
686.672,685.732
686.672,685.724
686.672,685.719
686.669,685.604
686.670,685.610
686.667,685.506
686.667,685.521
686.668,685.534
686.660,685.205
686.659,685.140
686.660,685.189
686.653,684.894
686.654,684.966
686.656,685.031
686.657,685.091
686.656,685.036
686.655,684.987
686.648,684.709
686.651,684.800
686.652,684.881
686.646,684.613
686.646,684.606
686.646,684.598
686.640,684.356
686.643,684.481
686.646,684.593
686.648,684.694
686.648,684.678
686.650,684.772
686.652,684.855
686.654,684.930
686.655,685.000
686.654,684.953
686.656,685.021
686.657,685.080
686.658,685.135
686.660,685.184
686.661,685.228
686.662,685.270
686.662,685.306
686.663,685.340
686.664,685.371
686.665,685.397
686.671,685.654
686.671,685.654
686.671,685.654
686.671,685.654
686.663,685.314
686.663,685.348
686.670,685.610
686.670,685.615
686.670,685.620
686.670,685.623
686.662,685.285
686.668,685.553
686.666,685.454
686.666,685.472
686.667,685.490
686.675,685.848
686.675,685.830
686.672,685.706
686.672,685.700
686.680,686.038
686.679,686.001
686.678,685.968
686.683,686.170
686.674,685.781
686.673,685.768
686.673,685.758
686.673,685.747
686.670,685.630
686.662,685.291
686.660,685.218
686.661,685.259
686.662,685.298
686.663,685.332
686.661,685.254
686.662,685.293
686.663,685.327
686.664,685.358
686.664,685.387
686.665,685.412
686.663,685.327
686.664,685.358
686.664,685.387
686.665,685.412
686.663,685.327
686.664,685.358
686.664,685.387
686.665,685.412
686.665,685.436
686.666,685.457
686.664,685.368
686.665,685.397
686.657,685.080
686.658,685.135
686.657,685.075
686.656,685.023
686.657,685.083
686.658,685.137
686.660,685.187
686.661,685.231
686.667,685.503
686.659,685.176
686.660,685.223
686.653,684.922
686.647,684.650
686.649,684.746
686.649,684.725
686.648,684.704
686.650,684.795
686.652,684.878
686.654,684.953
686.661,685.252
686.668,685.524
686.660,685.195
686.661,685.239
686.662,685.278
686.660,685.205
686.661,685.249
686.662,685.288
686.663,685.324
686.664,685.355
686.670,685.617
686.670,685.620
686.670,685.623
686.670,685.625
686.678,685.970
686.677,685.939
686.685,686.253
686.683,686.196
686.690,686.487
686.696,686.749
686.694,686.645
686.700,686.891
686.697,686.775
686.692,686.559
686.690,686.474
686.688,686.396
686.686,686.326
686.685,686.261
686.681,686.095
686.680,686.053
686.679,686.014
686.678,685.981
686.678,685.950
686.674,685.815
686.680,686.033
686.679,685.996
686.678,685.965
686.677,685.937
686.682,686.142
686.681,686.095
686.680,686.053
686.679,686.014
686.678,685.981
686.675,685.841
686.675,685.822
686.674,685.807
686.674,685.791
686.674,685.778
686.673,685.768
686.673,685.758
686.673,685.747
686.678,685.970
686.677,685.939
686.677,685.913
686.676,685.890
686.676,685.867
686.681,686.079
686.680,686.038
686.687,686.341
686.685,686.276
686.684,686.217
686.688,686.396
686.694,686.666
686.692,686.570
686.690,686.484
686.694,686.637
686.692,686.544
686.690,686.458
686.688,686.383
686.686,686.313
686.685,686.251
686.691,686.536
686.697,686.793
686.695,686.684
686.690,686.479
686.686,686.292
686.682,686.123
686.681,686.079
686.680,686.038
686.679,686.001
686.683,686.201
686.682,686.149
686.681,686.103
686.680,686.061
686.679,686.022
686.678,685.988
686.683,686.191
686.682,686.139
686.681,686.092
686.680,686.051
686.679,686.014
686.676,685.872
686.673,685.742
686.672,685.734
686.672,685.726
686.672,685.719
686.672,685.713
686.677,685.942
686.677,685.916
686.676,685.890
686.684,686.209
686.674,685.815
686.680,686.033
686.679,685.996
686.678,685.965
686.677,685.937
686.677,685.911
686.676,685.887
686.676,685.867
686.675,685.846
686.675,685.828
686.674,685.812
686.671,685.690
686.663,685.345
686.664,685.374
686.665,685.399
686.663,685.316
686.661,685.241
686.662,685.280
686.663,685.316
686.663,685.348
686.664,685.376
686.662,685.296
686.663,685.329
686.672,685.700
686.672,685.695
686.672,685.693
686.671,685.690
686.677,685.918
686.676,685.892
686.676,685.869
686.675,685.848
686.672,685.721
686.672,685.716
686.672,685.711
686.672,685.706
686.672,685.700
686.672,685.695
686.669,685.584
686.669,685.591
686.677,685.939
686.685,686.253
686.683,686.196
686.680,686.038
686.679,686.001
686.678,685.968
686.677,685.939
686.677,685.913
686.676,685.890
686.676,685.867
686.683,686.188
686.682,686.136
686.678,685.983
686.678,685.952
686.677,685.924
686.684,686.240
686.689,686.417
686.687,686.344
686.693,686.619
686.691,686.528
686.681,686.103
686.680,686.061
686.679,686.022
686.678,685.988
686.678,685.957
686.677,685.929
686.674,685.794
686.671,685.672
686.671,685.669
686.671,685.669
686.671,685.669
686.668,685.560
686.677,685.911
686.684,686.227
686.691,686.515
686.694,686.666
686.690,686.461
686.688,686.385
686.686,686.315
686.685,686.253
686.683,686.196
686.680,686.038
686.671,685.659
686.665,685.402
686.665,685.425
686.666,685.446
686.666,685.467
686.667,685.485
686.667,685.501
686.667,685.516
686.668,685.529
686.668,685.542
686.668,685.553
686.666,685.454
686.666,685.472
686.667,685.490
686.667,685.506
686.667,685.521
686.668,685.534
686.666,685.438
686.658,685.117
686.659,685.169
686.660,685.215
686.661,685.257
686.668,685.527
686.668,685.540
686.668,685.550
686.668,685.560
686.675,685.848
686.675,685.830
686.666,685.472
686.672,685.721
686.672,685.716
686.672,685.711
686.672,685.706
686.672,685.700
686.677,685.929
686.674,685.794
686.674,685.781
686.673,685.768
686.673,685.758
686.670,685.641
686.662,685.301
686.663,685.335
686.664,685.366
686.662,685.285
686.663,685.322
686.661,685.246
686.662,685.285
686.663,685.322
686.656,685.013
686.654,684.966
686.656,685.031
686.657,685.078
686.656,685.026
686.657,685.086
686.656,685.031
686.657,685.091
686.659,685.145
686.660,685.195
686.666,685.472
686.667,685.490
686.667,685.506
686.659,685.179
686.661,685.226
686.661,685.267
686.660,685.197
686.661,685.241
686.654,684.940
686.655,685.008
686.657,685.070
686.656,685.018
686.655,684.971
686.656,685.036
686.657,685.096
686.659,685.150
686.660,685.200
686.666,685.475
686.667,685.493
686.667,685.508
686.667,685.521
686.668,685.534
686.666,685.438
686.666,685.459
686.666,685.477
686.667,685.495
686.659,685.169
686.660,685.215
686.659,685.150
686.657,685.091
686.659,685.145
686.660,685.195
686.661,685.239
686.662,685.278
686.668,685.547
686.668,685.558
686.669,685.568
686.669,685.576
686.669,685.584
686.669,685.591
686.669,685.597
686.667,685.495
686.667,685.511
686.660,685.184
686.661,685.228
686.654,684.927
686.655,684.997
686.657,685.060
686.658,685.117
686.659,685.169
686.660,685.215
686.661,685.257
686.660,685.187
686.661,685.231
686.654,684.930
686.655,685.000
686.657,685.062
686.658,685.119
686.659,685.171
686.660,685.218
686.661,685.259
686.662,685.298
686.663,685.332
686.661,685.254
686.662,685.293
686.663,685.327
686.664,685.358
686.664,685.387
686.665,685.412
686.665,685.436
686.666,685.457
686.666,685.475
686.667,685.493
686.665,685.399
686.665,685.423
686.666,685.446
686.658,685.124
686.659,685.176
686.660,685.223
686.667,685.498
686.667,685.514
686.668,685.527
686.668,685.540
686.666,685.444
686.666,685.464
686.667,685.483
686.667,685.498
686.667,685.514
686.665,685.420
686.666,685.444
686.666,685.464
686.667,685.483
686.667,685.498
686.665,685.405
686.665,685.428
686.666,685.449
686.666,685.470
686.667,685.488
686.667,685.503
686.667,685.519
686.668,685.532
686.668,685.545
686.668,685.555
686.674,685.796
686.674,685.783
686.671,685.664
686.663,685.322
686.664,685.353
686.664,685.381
686.665,685.407
686.663,685.322
686.664,685.353
686.664,685.381
686.665,685.407
686.657,685.091
686.659,685.145
686.657,685.086
686.659,685.140
686.660,685.189
686.661,685.233
686.659,685.166
686.658,685.104
686.659,685.156
686.660,685.202
686.661,685.246
686.662,685.285
686.660,685.213
686.661,685.254
686.662,685.293
686.663,685.327
686.664,685.358
686.664,685.387
686.670,685.646
686.670,685.646
686.670,685.646
686.670,685.646
686.668,685.540
686.668,685.550
686.666,685.451
686.666,685.472
686.667,685.490
686.667,685.506
686.659,685.179
686.666,685.457
686.666,685.475
686.675,685.833
686.674,685.817
686.674,685.802
686.674,685.789
686.673,685.776
686.673,685.765
686.673,685.755
686.673,685.745
686.678,685.968
686.683,686.170
686.682,686.121
686.681,686.077
686.680,686.038
686.679,686.001
686.683,686.201
686.682,686.149
686.681,686.103
686.680,686.061
686.679,686.022
686.684,686.219
686.683,686.165
686.681,686.116
686.680,686.071
686.685,686.263
686.692,686.546
686.690,686.461
686.688,686.385
686.684,686.209
686.690,686.497
686.689,686.417
686.687,686.344
686.685,686.279
686.681,686.113
686.680,686.069
686.679,686.030
686.679,685.994
686.678,685.963
686.683,686.165
686.681,686.116
686.680,686.071
686.680,686.033
686.684,686.230
686.680,686.066
686.679,686.027
686.679,685.991
686.670,685.617
686.667,685.514
686.668,685.527
686.660,685.197
686.661,685.241
686.662,685.280
686.668,685.547
686.668,685.558
686.669,685.568
686.677,685.918
686.682,686.126
686.681,686.082
686.680,686.040
686.679,686.004
686.678,685.970
686.677,685.939
686.677,685.913
686.676,685.890
686.676,685.867
686.681,686.079
686.680,686.038
686.679,686.001
686.686,686.310
686.685,686.248
686.683,686.191
686.688,686.372
686.686,686.305
686.684,686.243
686.691,686.528
686.687,686.336
686.685,686.271
686.684,686.212
686.690,686.500
686.697,686.762
686.692,686.549
686.690,686.463
686.688,686.385
686.686,686.315
686.685,686.253
686.683,686.196
686.680,686.038
686.679,686.001
686.670,685.628
686.670,685.630
686.668,685.524
686.676,685.877
686.675,685.856
686.675,685.838
686.674,685.820
686.674,685.804
686.674,685.791
686.682,686.121
686.689,686.417
686.684,686.235
686.683,686.180
686.682,686.131
686.681,686.087
686.680,686.046
686.679,686.009
686.676,685.867
686.675,685.846
686.675,685.828
686.674,685.812
686.674,685.796
686.674,685.783
686.665,685.431
686.666,685.451
686.666,685.472
686.664,685.381
686.665,685.407
686.665,685.431
686.666,685.451
686.674,685.812
686.679,686.030
686.687,686.336
686.685,686.271
686.684,686.212
686.688,686.391
686.686,686.321
686.685,686.258
686.683,686.201
686.682,686.149
686.689,686.443
686.693,686.601
686.691,686.510
686.689,686.430
686.687,686.357
686.683,686.183
686.682,686.134
686.686,686.321
686.685,686.258
686.683,686.201
686.682,686.149
686.679,685.994
686.678,685.963
686.677,685.934
686.677,685.908
686.676,685.885
686.676,685.864
686.673,685.737
686.672,685.729
686.672,685.721
686.672,685.716
686.677,685.944
686.677,685.916
686.676,685.890
686.684,686.209
686.682,686.157
686.679,686.001
686.678,685.968
686.677,685.939
686.677,685.913
686.676,685.890
686.673,685.760
686.673,685.750
686.673,685.742
686.672,685.734
686.672,685.726
686.678,685.952
686.677,685.924
686.676,685.898
686.676,685.874
686.675,685.854
686.680,686.066
686.677,685.918
686.676,685.892
686.676,685.869
686.675,685.848
686.672,685.721
686.672,685.716
686.672,685.711
686.672,685.706
686.672,685.700
686.672,685.695
686.669,685.584
686.669,685.591
686.669,685.597
686.669,685.602
686.667,685.498
686.673,685.747
686.673,685.739
686.672,685.732
686.672,685.724
686.672,685.719
686.677,685.944
686.677,685.916
686.676,685.890
686.676,685.867
686.675,685.846
686.672,685.719
686.680,686.053
686.687,686.357
686.694,686.632
686.689,686.432
686.687,686.359
686.686,686.292
686.684,686.232
686.683,686.178
686.682,686.129
686.681,686.084
686.680,686.043
686.679,686.007
686.676,685.864
686.675,685.843
686.675,685.825
686.674,685.809
686.671,685.687
686.671,685.685
686.671,685.682
686.671,685.680
686.677,685.911
686.684,686.227
686.683,686.173
686.690,686.466
686.688,686.388
686.686,686.318
686.682,686.147
686.689,686.440
686.695,686.707
686.701,686.948
686.698,686.827
686.701,686.948
686.698,686.827
686.696,686.715
686.693,686.614
686.688,686.414
686.687,686.341
686.685,686.276
686.684,686.217
686.683,686.162
686.679,686.007
686.678,685.973
686.677,685.942
686.677,685.916
686.684,686.232
686.691,686.518
686.697,686.777
686.695,686.671
686.690,686.466
686.688,686.388
686.686,686.318
686.685,686.256
686.683,686.199
686.696,686.754
686.694,686.650
686.692,686.557
686.695,686.705
686.693,686.606
686.691,686.515
686.689,686.435
686.693,686.593
686.691,686.505
686.689,686.424
686.687,686.352
686.685,686.287
686.690,686.461
686.688,686.385
686.686,686.315
686.685,686.253
686.683,686.196
686.682,686.144
686.689,686.440
686.687,686.365
686.686,686.297
686.692,686.577
686.690,686.489
686.686,686.302
686.684,686.240
686.683,686.201
686.682,686.149
686.681,686.103
686.680,686.061
686.685,686.256
686.683,686.199
686.690,686.489
686.688,686.409
686.684,686.230
686.688,686.409
686.687,686.336
686.693,686.614
686.691,686.523
686.687,686.334
686.685,686.269
686.684,686.212
686.682,686.160
686.681,686.113
686.686,686.302
686.684,686.240
686.683,686.186
686.682,686.136
686.678,685.983
686.678,685.952
686.677,685.924
686.695,686.686
686.693,686.588
686.690,686.500
686.694,686.653
686.689,686.450
686.688,686.375
686.686,686.308
686.685,686.245
686.683,686.188
686.687,686.370
686.686,686.302
686.684,686.240
686.683,686.186
686.682,686.136
686.681,686.090
686.677,685.939
686.677,685.913
686.676,685.890
686.676,685.867
686.681,686.079
686.680,686.038
686.679,686.001
686.678,685.968
686.677,685.939
686.674,685.804
686.674,685.791
686.665,685.436
686.666,685.457
686.672,685.708
686.680,686.046
686.687,686.349
686.685,686.284
686.684,686.225
686.680,686.064
686.679,686.025
686.687,686.331
686.693,686.609
686.691,686.518
686.689,686.435
686.685,686.253
686.691,686.539
686.697,686.795
686.695,686.686
686.701,686.930
686.698,686.808
686.695,686.699
686.690,686.492
686.694,686.645
686.684,686.209
686.674,685.815
686.666,685.459
686.666,685.477
686.664,685.387
686.665,685.412
686.673,685.776
686.673,685.765
686.681,686.095
686.677,685.944
686.685,686.258
686.691,686.541
686.698,686.798
686.700,686.923
686.698,686.803
686.703,687.034
686.700,686.902
686.705,687.125
686.699,686.876
686.697,686.759
686.694,686.655
686.692,686.559
686.695,686.707
686.693,686.606
686.691,686.515
686.689,686.435
686.685,686.253
686.691,686.539
686.689,686.456
686.688,686.380
686.684,686.204
686.682,686.152
686.681,686.105
686.680,686.064
686.679,686.025
686.676,685.882
686.675,685.861
686.675,685.841
686.675,685.822
686.674,685.807
686.679,686.025
686.676,685.882
686.675,685.861
686.675,685.841
686.675,685.822
686.680,686.040
686.679,686.004
686.678,685.970
686.677,685.939
686.677,685.913
686.676,685.890
686.681,686.100
686.680,686.059
686.679,686.020
686.678,685.986
686.686,686.295
686.692,686.575
686.698,686.829
686.704,687.057
686.701,686.925
686.698,686.803
686.695,686.694
686.693,686.596
686.691,686.507
686.689,686.427
686.695,686.694
686.701,686.936
686.698,686.814
686.695,686.705
686.698,686.837
686.704,687.065
686.709,687.273
686.705,687.120
686.707,687.213
686.701,686.956
686.698,686.832
686.696,686.720
686.693,686.619
686.691,686.528
686.689,686.445
686.687,686.370
686.691,686.536
686.689,686.453
686.688,686.378
686.686,686.310
686.685,686.248
686.681,686.084
686.688,686.385
686.694,686.658
686.700,686.904
686.697,686.785
686.695,686.679
686.692,686.583
686.698,686.837
686.701,686.956
686.698,686.832
686.696,686.720
686.701,686.959
686.706,687.177
686.703,687.032
686.700,686.902
686.705,687.125
686.699,686.876
686.697,686.759
686.694,686.655
686.692,686.559
686.695,686.707
686.693,686.606
686.699,686.858
686.696,686.744
686.691,686.531
686.697,686.788
686.703,687.021
686.700,686.891
686.702,687.006
686.699,686.878
686.705,687.104
686.701,686.967
686.704,687.076
686.701,686.941
686.706,687.159
686.711,687.356
686.712,687.426
686.716,687.600
686.712,687.416
686.708,687.249
686.702,686.990
686.707,687.205
686.712,687.400
686.708,687.234
686.702,686.974
686.699,686.850
686.704,687.078
686.701,686.943
686.704,687.055
686.708,687.262
686.705,687.109
686.710,687.312
686.706,687.153
686.703,687.011
686.699,686.881
686.697,686.764
686.700,686.891
686.697,686.775
686.702,687.008
686.705,687.112
686.710,687.314
686.706,687.156
686.711,687.353
686.715,687.532
686.711,687.353
686.715,687.532
686.719,687.696
686.712,687.395
686.716,687.571
686.719,687.729
686.720,687.766
686.716,687.566
686.711,687.384
686.715,687.561
686.709,687.273
686.705,687.120
686.702,686.980
686.699,686.852
686.696,686.738
686.694,686.635
686.700,686.884
686.697,686.767
686.694,686.660
686.700,686.907
686.697,686.788
686.700,686.912
686.697,686.793
686.695,686.684
686.701,686.928
686.703,687.039
686.708,687.249
686.713,687.439
686.714,687.501
686.710,687.325
686.706,687.166
686.703,687.024
686.705,687.128
686.707,687.221
686.704,687.073
686.709,687.281
686.711,687.358
686.707,687.198
686.711,687.392
686.716,687.569
686.711,687.387
686.716,687.563
686.711,687.382
686.713,687.449
686.709,687.278
686.705,687.125
686.707,687.218
686.704,687.070
686.701,686.936
686.706,687.156
686.711,687.353
686.707,687.192
686.703,687.047
686.700,686.915
686.695,686.686
686.701,686.930
686.698,686.808
686.687,686.357
686.686,686.289
686.682,686.121
686.681,686.077
686.680,686.038
686.679,686.001
686.686,686.310
686.693,686.588
686.690,686.500
686.689,686.419
686.687,686.347
686.683,686.173
686.690,686.466
686.696,686.731
686.702,686.969
686.704,687.078
686.709,687.283
686.713,687.470
686.709,687.299
686.706,687.143
686.702,687.000
686.699,686.873
686.697,686.756
686.692,686.544
686.698,686.801
686.687,686.349
686.685,686.284
686.684,686.225
686.680,686.064
686.679,686.025
686.687,686.331
686.685,686.266
686.684,686.209
686.682,686.157
686.681,686.110
686.680,686.066
686.679,686.027
686.679,685.991
686.678,685.960
686.677,685.931
686.677,685.905
686.684,686.222
686.683,686.167
686.690,686.461
686.688,686.385
686.692,686.549
686.698,686.806
686.695,686.697
686.693,686.598
686.691,686.507
686.697,686.767
686.702,687.003
686.707,687.216
686.704,687.068
686.701,686.933
686.698,686.811
686.695,686.702
686.698,686.834
686.696,686.723
686.693,686.622
686.699,686.871
686.696,686.754
686.694,686.650
686.700,686.897
686.697,686.780
686.695,686.673
686.690,686.468
686.688,686.391
686.694,686.663
686.692,686.567
686.695,686.712
686.701,686.954
686.698,686.829
686.701,686.951
686.698,686.829
686.696,686.718
686.693,686.616
686.697,686.759
686.694,686.655
686.700,686.902
686.697,686.782
686.700,686.907
686.705,687.130
686.702,686.990
686.699,686.863
686.696,686.749
686.699,686.878
686.705,687.104
686.701,686.967
686.707,687.182
686.709,687.270
686.705,687.117
686.702,686.977
686.707,687.192
686.703,687.047
686.706,687.148
686.702,687.006
686.707,687.218
686.704,687.070
686.706,687.169
686.703,687.026
686.700,686.897
686.697,686.780
686.703,687.013
686.708,687.226
686.712,687.418
686.708,687.249
686.710,687.330
686.714,687.512
686.710,687.335
686.706,687.174
686.708,687.262
686.705,687.109
686.710,687.312
686.714,687.496
686.710,687.322
686.714,687.504
686.710,687.327
686.714,687.509
686.708,687.224
686.704,687.076
686.701,686.941
686.698,686.819
686.693,686.601
686.691,686.510
686.689,686.430
686.687,686.357
686.686,686.289
686.682,686.121
686.681,686.077
686.680,686.038
686.687,686.341
686.685,686.276
686.692,686.559
686.698,686.814
686.695,686.705
686.698,686.837
686.696,686.725
686.701,686.964
686.698,686.840
686.696,686.728
686.701,686.967
686.707,687.182
686.711,687.379
686.705,687.107
686.702,686.969
686.699,686.845
686.704,687.073
686.698,686.829
686.704,687.057
686.701,686.925
686.698,686.803
686.701,686.928
686.706,687.148
686.702,687.006
686.707,687.218
686.704,687.070
686.701,686.936
686.698,686.814
686.695,686.705
686.693,686.606
686.691,686.515
686.689,686.435
686.695,686.702
686.693,686.603
686.691,686.513
686.689,686.432
686.687,686.359
686.694,686.635
686.691,686.541
686.690,686.458
686.696,686.723
686.699,686.855
686.704,687.083
686.709,687.288
686.705,687.133
686.710,687.332
686.714,687.514
686.718,687.678
686.714,687.486
686.710,687.312
686.714,687.496
686.718,687.662
686.713,687.470
686.709,687.299
686.706,687.143
686.702,687.000
686.699,686.873
686.694,686.650
686.692,686.557
686.698,686.811
686.695,686.702
686.693,686.603
686.691,686.513
686.686,686.323
686.693,686.601
686.699,686.852
686.702,686.972
686.707,687.187
686.703,687.042
686.708,687.252
686.702,686.993
686.699,686.865
686.696,686.751
686.694,686.648
686.697,686.785
686.695,686.679
686.692,686.583
686.690,686.494
686.688,686.414
686.684,686.235
686.683,686.180
686.690,686.471
686.696,686.736
686.699,686.865
686.696,686.751
686.694,686.648
686.692,686.554
686.690,686.468
686.696,686.733
686.691,686.518
686.689,686.435
686.693,686.593
686.691,686.505
686.689,686.424
686.687,686.352
686.693,686.627
686.697,686.767
686.702,687.003
686.699,686.876
686.702,686.993
686.707,687.205
686.704,687.057
686.708,687.265
686.702,687.003
686.699,686.876
686.705,687.102
686.701,686.964
686.698,686.840
686.704,687.068
686.701,686.933
686.706,687.153
686.703,687.011
686.699,686.881
686.705,687.107
686.713,687.470
686.717,687.639
686.721,687.792
686.722,687.820
686.717,687.615
686.720,687.771
686.721,687.802
686.724,687.940
686.727,688.064
686.730,688.176
686.724,687.937
686.719,687.719
686.715,687.522
686.716,687.576
686.712,687.395
686.708,687.229
686.710,687.312
686.706,687.153
686.711,687.353
686.715,687.532
686.719,687.696
686.714,687.501
686.715,687.558
686.711,687.377
686.715,687.553
686.707,687.205
686.704,687.057
686.706,687.156
686.711,687.353
686.715,687.532
686.711,687.353
686.715,687.532
686.719,687.696
686.722,687.844
686.725,687.976
686.728,688.095
686.736,688.438
686.735,688.407
686.737,688.487
686.739,688.560
686.740,688.625
686.742,688.684
686.741,688.630
686.742,688.687
686.743,688.739
686.742,688.679
686.740,688.625
686.742,688.684
686.743,688.736
686.742,688.677
686.726,688.004
686.721,687.781
686.716,687.579
686.717,687.628
686.721,687.781
686.724,687.921
686.724,687.940
686.727,688.064
686.730,688.176
686.730,688.168
686.732,688.269
686.734,688.363
686.734,688.337
686.736,688.422
686.738,688.500
686.737,688.461
686.736,688.427
686.738,688.505
686.739,688.575
686.741,688.638
686.742,688.695
686.743,688.747
686.744,688.793
686.745,688.835
686.738,688.531
686.737,688.490
686.731,688.220
686.733,688.316
686.733,688.295
686.735,688.386
686.729,688.126
686.729,688.124
686.729,688.121
686.723,687.888
686.726,688.017
686.729,688.134
686.731,688.241
686.731,688.228
686.733,688.324
686.735,688.412
686.735,688.383
686.737,688.464
686.738,688.539
686.740,688.606
686.741,688.666
686.735,688.381
686.729,688.121
686.731,688.228
686.733,688.324
686.727,688.069
686.727,688.072
686.722,687.841
686.725,687.973
686.725,687.986
686.728,688.106
686.723,687.872
686.731,688.235
686.731,688.222
686.733,688.318
686.735,688.407
686.735,688.378
686.737,688.461
686.738,688.536
686.740,688.604
686.741,688.664
686.743,688.718
686.741,688.658
686.743,688.713
686.744,688.762
686.742,688.700
686.735,688.409
686.737,688.490
686.731,688.220
686.733,688.316
686.735,688.404
686.735,688.376
686.737,688.459
686.738,688.534
686.740,688.601
686.741,688.661
686.743,688.715
686.744,688.765
686.745,688.811
686.746,688.853
686.744,688.783
686.745,688.827
686.746,688.866
686.744,688.793
686.745,688.835
686.746,688.874
686.747,688.910
686.748,688.941
686.749,688.970
686.749,688.996
686.750,689.019
686.750,689.040
686.751,689.058
686.751,689.076
686.749,688.983
686.750,689.009
686.758,689.372
686.750,689.019
686.750,689.040
686.751,689.058
686.749,688.967
686.749,688.993
686.750,689.016
686.750,689.037
686.751,689.058
686.751,689.076
686.749,688.983
686.750,689.009
686.750,689.032
686.742,688.710
686.744,688.762
686.737,688.466
686.736,688.433
686.738,688.510
686.739,688.581
686.741,688.643
686.742,688.700
686.741,688.643
686.742,688.700
686.743,688.752
686.745,688.798
686.743,688.734
686.744,688.783
686.745,688.827
686.746,688.866
686.747,688.902
686.740,688.593
686.741,688.656
686.742,688.710
686.744,688.762
686.745,688.809
686.754,689.193
686.754,689.198
686.754,689.203
686.754,689.206
686.752,689.102
686.752,689.115
686.752,689.128
686.753,689.138
686.753,689.149
686.753,689.157
686.753,689.164
686.753,689.172
686.754,689.180
686.754,689.185
686.754,689.190
686.754,689.195
686.754,689.201
686.754,689.206
686.754,689.208
686.754,689.211
686.754,689.214
686.760,689.450
686.757,689.323
686.757,689.315
686.757,689.307
686.756,689.302
686.756,689.297
686.756,689.291
686.756,689.286
686.756,689.281
686.756,689.278
686.756,689.276
686.756,689.273
686.761,689.502
686.760,689.476
686.760,689.452
686.759,689.432
686.767,689.756
686.766,689.707
686.765,689.662
686.764,689.624
686.761,689.478
686.760,689.455
686.760,689.434
686.765,689.649
686.764,689.611
686.763,689.574
686.762,689.543
686.761,689.515
686.761,689.489
686.760,689.465
686.768,689.784
686.767,689.733
686.765,689.686
686.764,689.644
686.764,689.605
686.763,689.572
686.762,689.541
686.767,689.745
686.766,689.699
686.765,689.655
686.764,689.616
686.763,689.579
686.762,689.548
686.759,689.411
686.759,689.395
686.758,689.380
686.758,689.367
686.758,689.354
686.757,689.343
686.765,689.675
686.764,689.634
686.761,689.489
686.760,689.465
686.768,689.784
686.767,689.733
686.765,689.686
686.762,689.535
686.761,689.507
686.761,689.481
686.766,689.691
686.765,689.649
686.772,689.953
686.778,690.228
686.776,690.135
686.766,689.709
686.765,689.665
686.764,689.624
686.769,689.821
686.767,689.766
686.766,689.717
686.763,689.564
686.762,689.533
686.761,689.504
686.761,689.478
686.760,689.455
686.757,689.325
686.757,689.317
686.757,689.310
686.756,689.304
686.756,689.299
686.756,689.294
686.756,689.289
686.756,689.284
686.764,689.621
686.763,689.585
686.762,689.551
686.759,689.413
686.759,689.398
686.766,689.725
686.773,690.021
686.772,689.945
686.767,689.769
686.766,689.720
686.765,689.673
686.770,689.865
686.768,689.805
686.775,690.093
686.773,690.013
686.771,689.940
686.767,689.766
686.766,689.717
686.765,689.673
686.764,689.631
686.771,689.935
686.770,689.870
686.768,689.810
686.767,689.756
686.763,689.598
686.763,689.564
686.762,689.533
686.761,689.504
686.761,689.478
686.760,689.455
686.760,689.434
686.759,689.416
686.759,689.400
686.758,689.385
686.758,689.372
686.758,689.359
686.758,689.349
686.757,689.338
686.755,689.221
686.755,689.224
686.755,689.227
686.755,689.229
686.755,689.229
686.755,689.229
686.752,689.123
686.752,689.133
686.753,689.144
686.753,689.154
686.753,689.162
686.753,689.169
686.753,689.177
686.754,689.182
686.746,688.848
686.744,688.778
686.737,688.482
686.739,688.555
686.732,688.280
686.734,688.370
686.736,688.453
686.738,688.529
686.740,688.596
686.741,688.658
686.743,688.713
686.744,688.762
686.745,688.809
686.746,688.850
686.747,688.887
686.745,688.811
686.746,688.853
686.747,688.889
686.747,688.923
686.748,688.954
686.749,688.983
686.750,689.009
686.750,689.032
686.751,689.053
686.751,689.071
686.749,688.980
686.749,689.006
686.750,689.029
686.742,688.708
686.736,688.417
686.737,688.495
686.739,688.565
686.733,688.287
686.735,688.378
686.737,688.461
686.730,688.194
686.733,688.292
686.727,688.041
686.721,687.815
686.725,687.950
686.727,688.072
686.730,688.184
686.732,688.285
686.735,688.376
686.737,688.459
686.736,688.425
686.730,688.163
686.724,687.924
686.724,687.942
686.725,687.958
686.728,688.080
686.728,688.082
686.730,688.194
686.733,688.292
686.732,688.274
686.726,688.025
686.729,688.142
686.729,688.139
686.729,688.137
686.723,687.901
686.726,688.028
686.727,688.036
686.729,688.150
686.724,687.914
686.724,687.932
686.727,688.056
686.722,687.828
686.717,687.620
686.726,688.007
686.721,687.784
686.716,687.582
686.720,687.740
686.715,687.543
686.719,687.704
686.722,687.849
686.723,687.872
686.726,688.002
686.729,688.119
686.729,688.116
686.723,687.883
686.726,688.012
686.721,687.789
686.724,687.927
686.719,687.711
686.722,687.857
686.726,687.989
686.720,687.766
686.716,687.566
686.719,687.724
686.720,687.761
686.723,687.901
686.718,687.688
686.722,687.836
686.717,687.628
686.713,687.441
686.717,687.613
686.720,687.768
686.721,687.800
686.716,687.595
686.712,687.410
686.708,687.244
686.702,686.985
686.699,686.858
686.696,686.744
686.694,686.640
686.689,686.437
686.695,686.705
686.701,686.946
686.698,686.824
686.701,686.946
686.698,686.824
686.695,686.712
686.693,686.611
686.688,686.411
686.695,686.681
686.692,686.583
686.690,686.494
686.688,686.414
686.687,686.341
686.693,686.616
686.699,686.865
686.702,686.982
686.699,686.855
686.696,686.741
686.694,686.637
686.700,686.886
686.697,686.769
686.694,686.663
686.692,686.567
686.690,686.481
686.686,686.295
686.692,686.575
686.698,686.829
686.696,686.718
686.690,686.476
686.688,686.398
686.686,686.328
686.693,686.606
686.696,686.749
686.694,686.645
686.692,686.552
686.690,686.466
686.688,686.388
686.692,686.552
686.698,686.808
686.695,686.699
686.698,686.832
686.696,686.720
686.693,686.619
686.691,686.528
686.697,686.788
686.695,686.681
686.692,686.583
686.690,686.494
686.688,686.414
686.687,686.341
686.685,686.276
686.684,686.217
686.683,686.162
686.718,687.670
686.711,687.371
686.715,687.550
686.711,687.371
686.707,687.208
686.701,686.951
686.706,687.169
686.711,687.366
686.713,687.436
686.709,687.268
686.713,687.454
686.717,687.626
686.713,687.439
686.706,687.161
686.703,687.019
686.708,687.231
686.712,687.423
686.708,687.255
686.713,687.444
686.717,687.615
686.720,687.771
686.716,687.569
686.711,687.387
686.708,687.224
686.701,686.967
686.698,686.827
686.696,686.715
686.699,686.847
686.696,686.733
686.694,686.632
686.697,686.772
686.694,686.666
686.692,686.570
686.698,686.824
686.695,686.712
686.693,686.611
686.691,686.520
686.689,686.437
686.693,686.596
686.691,686.507
686.689,686.427
686.687,686.354
686.694,686.629
686.689,686.430
686.687,686.357
686.686,686.289
686.690,686.461
686.696,686.725
686.701,686.964
686.698,686.840
686.696,686.728
686.699,686.858
686.704,687.083
686.701,686.948
686.698,686.827
686.701,686.948
686.698,686.827
686.704,687.057
686.708,687.265
686.710,687.345
686.707,687.185
686.703,687.039
686.700,686.907
686.703,687.021
686.700,686.891
686.697,686.775
686.694,686.668
686.692,686.572
686.698,686.827
686.696,686.715
686.701,686.956
686.704,687.065
686.701,686.930
686.698,686.808
686.703,687.039
686.706,687.140
686.702,687.000
686.699,686.873
686.697,686.756
686.702,686.993
686.707,687.205
686.704,687.057
686.708,687.265
686.702,687.003
686.699,686.876
686.705,687.102
686.701,686.964
686.698,686.840
686.704,687.068
686.701,686.933
686.706,687.153
686.700,686.902
686.697,686.782
686.695,686.676
686.692,686.580
686.698,686.834
686.704,687.063
686.701,686.928
686.695,686.699
686.698,686.832
686.696,686.720
686.693,686.619
686.691,686.528
686.689,686.445
686.687,686.370
686.686,686.302
686.690,686.474
686.685,686.287
686.684,686.227
686.683,686.173
686.682,686.123
686.681,686.079
686.680,686.038
686.687,686.341
686.685,686.276
686.684,686.217
686.680,686.056
686.687,686.359
686.686,686.292
686.692,686.572
686.688,686.378
686.694,686.650
686.700,686.897
686.697,686.780
686.703,687.013
686.700,686.884
686.697,686.767
686.702,687.003
686.705,687.107
686.710,687.309
686.706,687.151
686.702,687.008
686.699,686.878
686.705,687.104
686.709,687.307
686.706,687.151
686.700,686.902
686.697,686.782
686.695,686.676
686.692,686.580
686.696,686.725
686.693,686.624
686.691,686.533
686.689,686.450
686.688,686.375
686.686,686.308
686.685,686.245
686.683,686.188
686.687,686.370
686.691,686.536
686.689,686.453
686.688,686.378
686.686,686.310
686.690,686.481
686.688,686.404
686.695,686.673
686.700,686.917
686.706,687.138
686.700,686.889
686.697,686.772
686.694,686.666
686.692,686.570
686.696,686.715
686.701,686.956
686.706,687.174
686.703,687.029
686.700,686.899
686.703,687.013
686.708,687.226
686.712,687.418
686.708,687.249
686.702,686.990
686.699,686.863
686.704,687.089
686.701,686.951
686.706,687.169
686.708,687.257
686.705,687.104
686.701,686.967
686.707,687.182
686.703,687.037
686.700,686.904
686.705,687.128
686.702,686.987
686.696,686.754
686.694,686.650
686.692,686.557
686.690,686.471
686.688,686.393
686.686,686.323
686.693,686.601
686.691,686.510
686.697,686.769
686.692,686.557
686.690,686.471
686.688,686.393
686.686,686.323
686.682,686.152
686.689,686.445
686.687,686.370
686.686,686.302
686.692,686.583
686.690,686.494
686.688,686.414
686.695,686.684
686.690,686.479
686.688,686.401
686.687,686.331
686.685,686.266
686.689,686.440
686.687,686.365
686.694,686.637
686.697,686.777
686.703,687.011
686.708,687.224
686.704,687.076
686.706,687.174
686.703,687.029
686.708,687.239
686.712,687.428
686.716,687.600
686.712,687.416
686.716,687.589
686.709,687.296
686.711,687.374
686.707,687.211
686.704,687.063
686.701,686.928
686.706,687.148
686.702,687.006
686.707,687.218
686.709,687.301
686.703,687.037
686.700,686.904
686.697,686.785
686.695,686.679
686.698,686.814
686.703,687.044
686.700,686.912
686.697,686.793
686.703,687.026
686.705,687.128
686.702,686.987
686.699,686.860
686.696,686.746
686.694,686.642
686.700,686.889
686.697,686.772
686.702,687.008
686.707,687.221
686.701,686.964
686.698,686.840
686.696,686.728
686.701,686.967
686.707,687.182
686.703,687.037
686.708,687.247
686.713,687.436
686.714,687.499
686.710,687.322
686.706,687.164
686.711,687.361
686.704,687.091
686.709,687.296
686.706,687.140
686.702,687.000
686.699,686.873
686.702,686.990
686.699,686.863
686.696,686.749
686.694,686.645
686.697,686.782
686.695,686.676
686.692,686.580
686.690,686.492
686.696,686.754
686.699,686.881
686.705,687.107
686.702,686.969
686.699,686.845
686.704,687.073
686.701,686.938
686.698,686.816
686.695,686.705
686.693,686.606
686.688,686.409
686.695,686.679
686.692,686.583
686.698,686.837
686.696,686.725
686.693,686.624
686.691,686.533
686.689,686.450
686.696,686.715
686.699,686.847
686.696,686.733
686.702,686.972
686.699,686.847
686.701,686.967
686.704,687.076
686.701,686.941
686.698,686.819
686.695,686.707
686.698,686.840
686.696,686.728
686.693,686.627
686.689,686.427
686.687,686.354
686.685,686.287
686.684,686.227
686.683,686.173
686.682,686.123
686.678,685.970
686.677,685.939
686.677,685.913
686.676,685.890
686.676,685.867
686.675,685.846
686.675,685.828
686.674,685.812
686.674,685.796
686.674,685.783
686.671,685.664
686.671,685.664
686.671,685.664
686.671,685.664
686.671,685.664
686.676,685.895
686.676,685.872
686.675,685.851
686.675,685.833
686.674,685.817
686.674,685.802
686.674,685.789
686.673,685.776
686.673,685.765
686.673,685.755
686.670,685.638
686.662,685.298
686.663,685.332
686.664,685.363
686.664,685.392
686.665,685.418
686.666,685.441
686.666,685.462
686.667,685.480
686.672,685.729
686.672,685.721
686.672,685.716
686.672,685.711
686.672,685.706
686.680,686.043
686.676,685.898
686.676,685.874
686.675,685.854
686.675,685.835
686.682,686.160
686.681,686.113
686.678,685.963
686.677,685.934
686.677,685.908
686.676,685.885
686.673,685.755
686.673,685.745
686.673,685.737
686.672,685.729
686.672,685.721
686.672,685.716
686.677,685.944
686.677,685.916
686.668,685.550
686.668,685.560
686.669,685.571
686.666,685.470
686.672,685.721
686.664,685.374
686.657,685.060
686.650,684.774
686.652,684.857
686.651,684.826
686.661,685.246
686.662,685.285
686.663,685.322
686.656,685.013
686.657,685.075
686.656,685.023
686.657,685.083
686.658,685.137
686.668,685.527
686.668,685.540
686.668,685.550
686.666,685.451
686.666,685.472
686.667,685.490
686.667,685.506
686.667,685.521
686.665,685.425
686.666,685.446
686.666,685.467
686.667,685.485
686.667,685.501
686.667,685.516
686.665,685.420
686.666,685.444
686.666,685.464
686.667,685.483
686.664,685.392
686.665,685.418
686.663,685.332
686.664,685.363
686.664,685.392
686.657,685.075
686.650,684.790
686.650,684.764
686.652,684.849
686.654,684.927
686.655,684.997
686.649,684.720
686.651,684.808
686.650,684.779
686.649,684.753
686.651,684.839
686.653,684.917
686.647,684.647
686.649,684.743
686.643,684.489
686.643,684.491
686.646,684.603
686.648,684.704
686.642,684.452
686.645,684.567
686.639,684.328
686.642,684.455
686.651,684.803
686.644,684.543
686.639,684.307
686.642,684.434
686.645,684.551
686.645,684.548
686.647,684.655
686.649,684.751
686.651,684.836
686.653,684.914
686.652,684.878
686.654,684.953
686.656,685.021
686.657,685.080
686.658,685.135
686.665,685.418
686.666,685.441
686.666,685.462
686.667,685.480
686.659,685.156
686.652,684.862
686.651,684.829
686.645,684.567
686.647,684.670
686.650,684.764
686.652,684.849
686.654,684.927
686.661,685.228
686.662,685.270
686.662,685.306
686.663,685.340
686.664,685.371
686.665,685.397
686.671,685.654
686.671,685.654
686.671,685.654
686.671,685.654
686.671,685.654
686.668,685.545
686.668,685.555
686.669,685.566
686.661,685.233
686.662,685.275
686.663,685.311
686.655,685.003
686.654,684.956
686.648,684.681
686.650,684.774
686.644,684.517
686.646,684.626
686.649,684.725
686.648,684.704
686.650,684.795
686.652,684.878
686.654,684.953
686.656,685.021
686.655,684.974
686.654,684.930
686.655,685.000
686.657,685.062
686.650,684.777
686.652,684.860
686.654,684.935
686.653,684.896
686.654,684.969
686.648,684.694
686.642,684.445
686.645,684.559
686.639,684.323
686.640,684.341
686.640,684.359
686.643,684.484
686.646,684.595
686.640,684.354
686.643,684.478
686.646,684.590
686.645,684.582
686.648,684.683
686.642,684.434
686.645,684.551
686.647,684.657
686.647,684.644
686.647,684.631
686.646,684.621
686.649,684.720
686.643,684.468
686.645,684.582
686.648,684.683
686.647,684.668
686.650,684.761
686.652,684.847
686.653,684.925
686.644,684.533
686.639,684.299
686.642,684.429
686.645,684.546
686.647,684.652
686.649,684.748
686.649,684.727
686.643,684.473
686.645,684.585
686.640,684.346
686.643,684.471
686.643,684.476
686.643,684.481
686.646,684.593
686.640,684.351
686.635,684.133
686.638,684.279
686.641,684.411
686.644,684.530
686.644,684.530
686.644,684.530
686.639,684.297
686.642,684.427
686.644,684.543
686.639,684.307
686.619,683.479
686.616,683.345
686.613,683.223
686.619,683.454
686.616,683.321
686.618,683.435
686.623,683.646
686.620,683.495
686.617,683.360
686.614,683.238
686.611,683.127
686.614,683.259
686.620,683.487
686.625,683.695
686.626,683.773
686.623,683.612
686.619,683.464
686.616,683.332
686.613,683.212
686.611,683.103
686.608,683.005
686.606,682.916
686.610,683.070
686.605,682.867
686.603,682.792
686.625,683.710
686.621,683.555
686.615,683.306
686.618,683.422
686.621,683.526
686.623,683.620
686.625,683.705
686.629,683.892
686.633,684.061
686.629,683.871
686.625,683.700
686.629,683.887
686.633,684.055
686.629,683.866
686.625,683.695
686.621,683.539
686.615,683.293
686.618,683.409
686.623,683.622
686.619,683.474
686.624,683.682
686.621,683.529
686.625,683.731
686.622,683.573
686.618,683.430
686.604,682.844
686.600,682.662
686.599,682.605
686.606,682.896
686.612,683.158
686.609,683.054
686.607,682.961
686.605,682.875
686.611,683.140
686.609,683.038
686.607,682.945
686.605,682.862
686.603,682.787
686.599,682.610
686.603,682.792
686.607,682.955
686.611,683.103
686.606,682.898
686.604,682.820
686.602,682.748
686.609,683.025
686.607,682.935
686.605,682.852
686.603,682.776
686.601,682.709
686.600,682.649
686.599,682.595
686.597,682.545
686.594,682.392
686.591,682.255
686.596,682.470
686.592,682.325
686.597,682.532
686.594,682.382
686.593,682.351
686.592,682.325
686.592,682.302
686.599,682.621
686.598,682.569
686.597,682.522
686.604,682.820
686.602,682.748
686.601,682.683
686.599,682.623
686.604,682.805
686.607,682.968
686.605,682.883
686.612,683.147
686.609,683.044
686.607,682.950
686.613,683.207
686.619,683.441
686.623,683.651
686.620,683.500
686.617,683.363
686.611,683.132
686.606,682.924
686.610,683.077
686.613,683.215
686.619,683.448
686.616,683.316
686.613,683.197
686.618,683.430
686.623,683.643
686.620,683.492
686.617,683.358
686.614,683.236
686.619,683.466
686.624,683.674
686.626,683.754
686.620,683.487
686.622,683.586
686.619,683.441
686.613,683.202
686.608,682.986
686.606,682.898
686.604,682.820
686.602,682.748
686.601,682.683
686.599,682.623
686.590,682.229
686.590,682.213
686.589,682.200
686.589,682.187
686.589,682.177
686.597,682.509
686.596,682.468
686.595,682.429
686.591,682.286
686.588,682.159
686.596,682.491
686.595,682.449
686.592,682.307
686.597,682.517
686.593,682.366
686.593,682.338
686.592,682.312
686.591,682.289
686.588,682.161
686.588,682.154
686.580,681.803
686.581,681.829
686.581,681.853
686.582,681.873
686.574,681.552
686.575,681.601
686.576,681.645
686.577,681.687
686.578,681.723
686.579,681.757
686.580,681.785
686.580,681.811
686.578,681.728
686.576,681.653
686.575,681.585
686.576,681.632
686.574,681.567
686.573,681.508
686.572,681.453
686.571,681.404
686.578,681.700
686.578,681.736
686.587,682.109
686.585,681.998
686.590,682.237
686.587,682.115
686.587,682.109
686.587,682.104
686.587,682.102
686.587,682.099
686.587,682.097
686.587,682.094
686.587,682.091
686.587,682.089
686.587,682.086
686.587,682.084
686.587,682.081
686.595,682.421
686.594,682.387
686.599,682.590
686.605,682.880
686.609,683.036
686.604,682.836
686.600,682.657
686.596,682.494
686.593,682.346
686.592,682.320
686.592,682.296
686.591,682.276
686.591,682.255
686.590,682.237
686.590,682.221
686.589,682.205
686.589,682.193
686.597,682.522
686.596,682.478
686.595,682.439
686.594,682.403
686.593,682.372
686.593,682.343
686.592,682.317
686.589,682.187
686.594,682.410
686.594,682.377
686.593,682.348
686.598,682.556
686.594,682.403
686.591,682.263
686.598,682.584
686.597,682.535
686.596,682.491
686.595,682.449
686.594,682.413
686.602,682.722
686.600,682.660
686.599,682.602
686.598,682.551
686.596,682.504
686.596,682.462
686.595,682.426
686.594,682.392
686.593,682.361
686.584,681.993
686.585,682.001
686.585,682.006
686.585,682.011
686.585,682.016
686.585,682.021
686.585,682.026
686.585,682.032
686.585,682.034
686.586,682.037
686.586,682.039
686.578,681.702
686.578,681.736
686.577,681.661
686.583,681.933
686.581,681.840
686.581,681.860
686.582,681.881
686.582,681.899
686.583,681.915
686.583,681.930
686.581,681.837
686.579,681.751
686.577,681.674
686.575,681.604
686.576,681.648
686.577,681.687
686.576,681.617
686.574,681.552
686.573,681.495
686.572,681.443
686.570,681.396
686.572,681.461
686.571,681.412
686.570,681.367
686.569,681.326
686.570,681.396
686.572,681.461
686.573,681.518
686.575,681.570
686.576,681.617
686.577,681.661
686.578,681.700
686.578,681.736
686.579,681.767
686.580,681.796
686.580,681.821
686.589,682.187
686.597,682.517
686.596,682.475
686.595,682.436
686.594,682.400
686.593,682.369
686.593,682.340
686.592,682.314
686.591,682.291
686.596,682.504
686.593,682.356
686.592,682.327
686.589,682.195
686.586,682.076
686.592,682.309
686.589,682.180
686.586,682.063
686.586,682.063
686.586,682.063
686.584,681.956
686.589,682.200
686.589,682.187
686.597,682.517
686.596,682.475
686.595,682.436
686.602,682.743
686.609,683.020
686.607,682.929
686.605,682.846
686.603,682.771
686.601,682.704
686.600,682.644
686.599,682.590
686.597,682.540
686.596,682.496
686.595,682.455
686.594,682.418
686.594,682.385
686.593,682.353
686.598,682.558
686.594,682.405
686.599,682.608
686.595,682.449
686.592,682.307
686.591,682.283
686.588,682.156
686.586,682.039
686.583,681.936
686.581,681.842
686.581,681.863
686.582,681.884
686.582,681.902
686.583,681.917
686.583,681.933
686.583,681.946
686.584,681.956
686.584,681.967
686.584,681.977
686.584,681.985
686.584,681.993
686.585,682.001
686.585,682.006
686.585,682.011
686.585,682.016
686.585,682.021
686.585,682.026
686.585,682.032
686.585,682.034
686.594,682.379
686.593,682.351
686.592,682.325
686.592,682.302
686.591,682.278
686.591,682.257
686.590,682.239
686.598,682.564
686.594,682.410
686.591,682.270
686.596,682.483
686.593,682.335
686.589,682.203
686.589,682.190
686.589,682.180
686.581,681.827
686.581,681.850
686.574,681.531
686.572,681.474
686.571,681.422
686.578,681.718
686.584,681.985
686.584,681.993
686.585,682.001
686.585,682.006
686.585,682.011
686.585,682.016
686.585,682.021
686.585,682.026
686.585,682.032
686.585,682.034
686.586,682.037
686.586,682.039
686.586,682.042
686.586,682.045
686.586,682.047
686.586,682.050
686.586,682.052
686.586,682.055
686.586,682.055
686.586,682.055
686.586,682.055
686.586,682.055
686.586,682.055
686.586,682.055
686.586,682.055
686.586,682.055
686.586,682.055
686.586,682.055
686.586,682.055
686.586,682.055
686.586,682.055
686.586,682.055
686.586,682.055
686.586,682.055
686.578,681.715
686.579,681.749
686.579,681.780
686.578,681.700
686.584,681.967
686.584,681.977
686.582,681.879
686.580,681.790
686.578,681.710
686.579,681.744
686.579,681.775
686.580,681.803
686.581,681.829
686.579,681.744
686.579,681.775
686.580,681.803
686.581,681.829
686.581,681.853
686.582,681.873
686.582,681.892
686.591,682.250
686.590,682.231
686.590,682.216
686.589,682.203
686.597,682.532
686.596,682.488
686.595,682.449
686.602,682.756
686.601,682.691
686.599,682.631
686.590,682.237
686.590,682.221
686.589,682.205
686.589,682.193
686.589,682.180
686.589,682.169
686.586,682.052
686.591,682.286
686.591,682.265
686.590,682.247
686.590,682.229
686.595,682.447
686.592,682.304
686.589,682.174
686.589,682.164
686.588,682.154
686.586,682.039
686.586,682.042
686.581,681.845
686.581,681.866
686.582,681.884
686.582,681.902
686.583,681.917
686.583,681.933
686.581,681.840
686.581,681.860
686.582,681.881
686.580,681.793
686.586,682.052
686.583,681.946
686.589,682.190
686.586,682.071
686.594,682.410
686.591,682.270
686.588,682.143
686.588,682.135
686.588,682.130
686.588,682.125
686.587,682.120
686.587,682.115
686.587,682.109
686.593,682.338
686.600,682.654
686.572,681.482
686.574,681.536
686.572,681.479
686.574,681.536
686.575,681.588
686.576,681.635
686.577,681.676
686.570,681.373
686.571,681.437
686.573,681.497
686.566,681.209
686.568,681.290
686.570,681.365
686.571,681.432
686.573,681.492
686.574,681.546
686.575,681.596
686.576,681.640
686.577,681.681
686.578,681.718
686.579,681.751
686.580,681.783
686.580,681.809
686.589,682.174
686.589,682.164
686.587,682.120
686.585,682.008
686.590,682.247
686.590,682.229
686.582,681.873
686.582,681.892
686.582,681.907
686.575,681.580
686.573,681.521
686.572,681.466
686.565,681.183
686.567,681.266
686.569,681.341
686.571,681.412
686.572,681.474
686.574,681.531
686.567,681.240
686.561,680.978
686.555,680.740
686.558,680.867
686.561,680.981
686.555,680.742
686.550,680.527
686.553,680.675
686.557,680.807
686.559,680.926
686.562,681.035
686.556,680.791
686.567,681.253
686.569,681.331
686.571,681.401
686.572,681.463
686.581,681.863
686.590,682.224
686.590,682.208
686.589,682.195
686.594,682.416
686.591,682.276
686.588,682.148
686.585,682.034
686.586,682.037
686.586,682.039
686.583,681.936
686.589,682.182
686.586,682.065
686.586,682.065
686.586,682.065
686.586,682.065
686.586,682.065
686.586,682.065
686.586,682.065
686.586,682.065
686.586,682.065
686.586,682.065
686.586,682.065
686.586,682.065
686.586,682.065
686.586,682.065
686.578,681.725
686.579,681.759
686.580,681.788
686.580,681.814
686.581,681.837
686.581,681.858
686.587,682.112
686.585,682.001
686.585,682.006
686.582,681.905
686.580,681.814
686.578,681.731
686.579,681.762
686.580,681.790
686.572,681.476
686.574,681.533
686.575,681.585
686.576,681.632
686.577,681.674
686.578,681.710
686.579,681.744
686.579,681.775
686.580,681.803
686.573,681.487
686.574,681.541
686.575,681.591
686.576,681.637
686.577,681.679
686.578,681.715
686.584,681.982
686.582,681.884
686.588,682.135
686.593,682.361
686.592,682.333
686.597,682.540
686.594,682.387
686.591,682.250
686.596,682.465
686.595,682.426
686.594,682.392
686.593,682.361
686.592,682.333
686.597,682.540
686.594,682.387
686.593,682.356
686.592,682.327
686.592,682.302
686.591,682.278
686.591,682.257
686.590,682.239
686.590,682.224
686.590,682.208
686.589,682.195
686.589,682.182
686.589,682.172
686.588,682.161
686.588,682.154
686.588,682.146
686.588,682.138
686.588,682.130
686.588,682.125
686.587,682.120
686.587,682.115
686.587,682.109
686.585,681.998
686.590,682.237
686.587,682.115
686.587,682.109
686.587,682.104
686.584,681.993
686.590,682.234
686.587,682.112
686.585,682.001
686.590,682.239
686.587,682.115
686.587,682.109
686.585,681.998
686.590,682.237
686.595,682.455
686.592,682.312
686.589,682.182
686.586,682.065
686.584,681.959
686.581,681.863
686.579,681.775
686.577,681.694
686.584,681.964
686.582,681.868
686.579,681.780
686.580,681.809
686.581,681.834
686.581,681.858
686.579,681.770
686.577,681.692
686.578,681.728
686.579,681.759
686.580,681.788
686.580,681.814
686.581,681.837
686.581,681.858
686.582,681.879
686.582,681.897
686.583,681.912
686.591,682.268
686.591,682.250
686.598,682.574
686.597,682.525
686.596,682.481
686.595,682.442
686.594,682.405
686.593,682.374
686.593,682.346
686.592,682.320
686.589,682.187
686.586,682.068
686.584,681.962
686.581,681.866
686.582,681.884
686.588,682.135
686.585,682.021
686.583,681.917
686.583,681.933
686.583,681.946
686.584,681.956
686.584,681.967
686.584,681.977
686.584,681.985
686.584,681.993
686.585,682.001
686.585,682.006
686.585,682.011
686.585,682.016
686.593,682.361
686.592,682.333
686.592,682.307
686.591,682.283
686.596,682.496
686.593,682.348
686.598,682.556
686.597,682.509
686.596,682.468
686.595,682.429
686.594,682.395
686.593,682.364
686.593,682.335
686.584,681.969
686.584,681.980
686.584,681.988
686.593,682.338
686.592,682.312
686.591,682.289
686.591,682.268
686.591,682.250
686.598,682.574
686.597,682.525
686.596,682.481
686.595,682.442
686.594,682.405
686.593,682.374
686.593,682.346
686.592,682.320
686.592,682.296
686.589,682.167
686.586,682.050
686.583,681.943
686.584,681.956
686.592,682.309
686.591,682.286
686.591,682.265
686.590,682.247
686.590,682.229
686.590,682.213
686.589,682.200
686.589,682.187
686.589,682.177
686.589,682.167
686.588,682.156
686.588,682.148
686.588,682.141
686.588,682.133
686.588,682.128
686.588,682.122
686.587,682.117
686.587,682.112
686.587,682.107
686.587,682.104
686.587,682.102
686.579,681.757
686.580,681.785
686.580,681.811
686.586,682.068
686.584,681.962
686.584,681.972
686.584,681.982
686.584,681.990
686.582,681.892
686.580,681.801
686.586,682.060
686.586,682.060
686.586,682.060
686.584,681.954
686.581,681.858
686.579,681.770
686.580,681.798
686.581,681.824
686.581,681.847
686.582,681.868
686.582,681.886
686.582,681.905
686.575,681.580
686.576,681.627
686.577,681.668
686.578,681.707
686.571,681.401
686.572,681.463
686.581,681.863
686.582,681.884
686.582,681.902
686.583,681.917
686.583,681.933
686.583,681.946
686.584,681.956
686.584,681.967
686.584,681.977
686.584,681.985
686.584,681.993
686.585,682.001
686.585,682.006
686.585,682.011
686.585,682.016
686.583,681.915
686.580,681.821
686.578,681.738
686.579,681.770
686.580,681.798
686.578,681.718
686.584,681.985
686.590,682.226
686.587,682.104
686.587,682.102
686.587,682.099
686.587,682.097
686.587,682.094
686.587,682.091
686.587,682.089
686.587,682.086
686.587,682.084
686.587,682.081
686.587,682.081
686.587,682.081
686.587,682.081
686.587,682.081
686.587,682.081
686.587,682.081
686.592,682.312
686.597,682.522
686.596,682.478
686.603,682.782
686.601,682.714
686.600,682.652
686.599,682.597
686.598,682.548
686.596,682.501
686.595,682.460
686.595,682.423
686.594,682.390
686.593,682.359
686.592,682.330
686.592,682.304
686.591,682.281
686.591,682.260
686.596,682.475
686.592,682.330
686.589,682.198
686.594,682.418
686.594,682.385
686.593,682.353
686.590,682.218
686.587,682.097
686.584,681.988
686.582,681.889
686.580,681.798
686.578,681.718
686.579,681.751
686.577,681.674
686.575,681.604
686.574,681.541
686.573,681.484
686.571,681.432
686.578,681.725
686.576,681.650
686.575,681.583
686.573,681.523
686.572,681.469
686.571,681.419
686.570,681.373
686.569,681.331
686.571,681.401
686.572,681.463
686.573,681.521
686.572,681.466
686.573,681.523
686.575,681.575
686.576,681.622
686.577,681.663
686.578,681.702
686.578,681.736
686.579,681.767
686.580,681.796
686.580,681.821
686.581,681.845
686.581,681.866
686.590,682.226
686.590,682.211
686.595,682.431
686.594,682.398
686.593,682.366
686.601,682.680
686.599,682.623
686.598,682.571
686.597,682.525
686.596,682.481
686.603,682.782
686.601,682.714
686.600,682.652
686.599,682.597
686.598,682.548
686.596,682.501
686.595,682.460
686.595,682.423
686.594,682.390
686.593,682.359
686.592,682.330
686.592,682.304
686.591,682.281
686.591,682.260
686.598,682.584
686.597,682.535
686.596,682.491
686.595,682.449
686.602,682.756
686.598,682.584
686.597,682.535
686.594,682.385
686.590,682.247
686.596,682.462
686.600,682.657
686.596,682.494
686.595,682.452
686.594,682.416
686.591,682.276
686.588,682.148
686.588,682.141
686.588,682.133
686.596,682.468
686.595,682.429
686.602,682.735
686.600,682.673
686.599,682.615
686.598,682.564
686.597,682.517
686.596,682.475
686.603,682.779
686.593,682.369
686.593,682.340
686.592,682.314
686.583,681.951
686.584,681.962
686.584,681.972
686.584,681.982
686.584,681.990
686.585,681.998
686.590,682.237
686.587,682.115
686.585,682.003
686.577,681.668
686.578,681.707
686.579,681.741
686.579,681.772
686.580,681.801
686.581,681.827
686.579,681.744
686.579,681.775
686.580,681.803
686.581,681.829
686.581,681.853
686.582,681.873
686.582,681.892
686.580,681.801
686.586,682.060
686.584,681.954
686.584,681.964
686.576,681.640
686.585,682.021
686.585,682.026
686.585,682.032
686.585,682.034
686.586,682.037
686.586,682.039
686.586,682.042
686.586,682.045
686.586,682.047
686.586,682.050
686.578,681.710
686.579,681.744
686.571,681.432
686.573,681.492
686.574,681.546
686.575,681.596
686.576,681.640
686.569,681.339
686.563,681.066
686.565,681.162
686.567,681.248
686.569,681.326
686.570,681.396
686.572,681.461
686.597,682.519
686.601,682.709
686.600,682.649
686.599,682.595
686.597,682.545
686.596,682.499
686.595,682.457
686.595,682.421
686.594,682.387
686.593,682.356
686.600,682.670
686.599,682.613
686.606,682.903
686.612,683.166
686.610,683.062
686.607,682.968
686.605,682.883
686.601,682.698
686.605,682.872
686.601,682.688
686.599,682.628
686.596,682.468
686.595,682.429
686.594,682.395
686.593,682.364
686.594,682.377
686.593,682.348
686.600,682.662
686.607,682.948
686.613,683.204
686.610,683.095
686.608,682.997
686.612,683.142
686.617,683.381
686.622,683.596
686.619,683.451
686.624,683.661
686.628,683.850
686.632,684.022
686.628,683.835
686.624,683.666
686.628,683.856
686.624,683.684
686.621,683.531
686.617,683.391
686.614,683.264
686.612,683.150
686.609,683.046
686.607,682.953
686.611,683.101
686.601,682.696
686.597,682.530
686.602,682.719
686.600,682.657
686.599,682.600
686.598,682.548
686.596,682.501
686.595,682.460
686.595,682.423
686.594,682.390
686.593,682.359
686.600,682.673
686.599,682.615
686.598,682.564
686.597,682.517
686.596,682.475
686.595,682.436
686.594,682.400
686.593,682.369
686.593,682.340
686.592,682.314
686.589,682.185
686.589,682.174
686.594,682.398
686.593,682.366
686.593,682.338
686.600,682.654
686.599,682.600
686.598,682.548
686.596,682.501
686.604,682.802
686.602,682.732
686.600,682.670
686.599,682.613
686.606,682.903
686.612,683.166
686.615,683.295
686.618,683.412
686.620,683.518
686.617,683.381
686.612,683.150
686.607,682.940
686.613,683.199
686.610,683.093
686.608,682.994
686.606,682.906
686.604,682.826
686.602,682.753
686.601,682.688
686.599,682.628
686.606,682.916
686.610,683.070
686.613,683.207
686.616,683.332
686.621,683.552
686.618,683.412
686.612,683.176
686.618,683.412
686.615,683.285
686.620,683.511
686.617,683.373
686.614,683.249
686.611,683.137
686.615,683.269
686.609,683.049
686.613,683.189
686.616,683.316
686.613,683.197
686.618,683.430
686.623,683.643
686.628,683.835
686.632,684.009
686.628,683.825
686.632,683.998
686.627,683.814
686.629,683.882
686.630,683.941
686.634,684.105
686.630,683.910
686.625,683.734
686.622,683.575
686.626,683.773
686.631,683.952
686.634,684.113
686.630,683.918
686.626,683.742
686.622,683.583
686.618,683.438
686.621,683.542
686.615,683.295
686.610,683.072
686.613,683.210
686.619,683.443
686.616,683.313
686.613,683.194
686.618,683.428
686.623,683.640
686.625,683.723
686.621,683.565
686.624,683.656
686.617,683.396
686.615,683.269
686.620,683.498
686.625,683.703
686.629,683.889
686.625,683.716
686.621,683.560
686.618,683.417
686.623,683.630
686.625,683.716
686.627,683.791
686.631,683.967
686.635,684.128
686.630,683.931
686.626,683.754
686.622,683.594
686.627,683.791
686.631,683.967
686.635,684.128
686.630,683.931
686.631,683.988
686.627,683.806
686.623,683.640
686.620,683.490
686.625,683.695
686.621,683.539
686.618,683.399
686.623,683.614
686.625,683.700
686.621,683.544
686.626,683.744
686.630,683.926
686.634,684.089
686.629,683.897
686.633,684.063
686.637,684.214
686.632,684.009
686.636,684.164
686.636,684.198
686.632,683.996
686.625,683.705
686.629,683.892
686.625,683.718
686.629,683.902
686.625,683.729
686.622,683.570
686.618,683.428
686.621,683.531
686.617,683.391
686.612,683.158
686.615,683.287
686.618,683.404
686.612,683.171
686.610,683.067
686.607,682.971
686.613,683.225
686.611,683.116
686.609,683.018
686.606,682.927
686.605,682.846
686.603,682.771
686.609,683.046
686.613,683.186
686.608,682.974
686.611,683.121
686.606,682.914
686.610,683.067
686.616,683.313
686.621,683.537
686.626,683.739
686.638,684.263
686.657,685.078
686.682,686.157
686.705,687.133
686.750,689.040
687.284,711.722
687.357,714.830
687.382,715.881
687.459,719.189
687.507,721.200
687.559,723.434
687.620,726.008
687.666,727.970
687.702,729.519
687.746,731.387
687.773,732.505
687.801,733.719
687.826,734.757
687.847,735.655
687.865,736.438
687.890,737.497
687.904,738.065
687.915,738.569
687.934,739.376
687.943,739.739
687.959,740.419
687.965,740.675
687.979,741.257
687.983,741.430
687.986,741.589
687.993,741.851
687.987,741.623
687.982,741.418
687.986,741.576
687.984,741.493
687.990,741.763
688.001,742.230
688.003,742.310
688.013,742.725
688.022,743.099
688.030,743.439
688.045,744.087
688.051,744.331
688.056,744.552
688.061,744.752
688.065,744.933
688.061,744.754
688.057,744.593
688.062,744.791
688.058,744.627
688.062,744.819
688.066,744.993
688.070,745.151
688.074,745.294
688.077,745.424
688.079,745.540
688.082,745.647
688.084,745.743
688.078,745.488
688.081,745.600
688.083,745.701
688.093,746.132
688.102,746.524
688.114,746.999
688.124,747.427
688.125,747.473
688.131,747.735
688.137,747.974
688.142,748.190
688.138,748.044
688.138,748.031
688.135,747.899
688.132,747.780
688.138,748.013
688.134,747.883
688.140,748.106
688.136,747.969
688.128,747.621
688.121,747.305
688.119,747.242
688.118,747.185
688.117,747.133
688.116,747.087
688.115,747.045
688.106,746.666
688.098,746.324
688.090,746.013
688.092,746.072
688.093,746.127
688.086,745.836
688.080,745.572
688.074,745.333
688.077,745.457
688.072,745.229
688.062,744.798
688.058,744.632
688.049,744.259
688.041,743.921
688.031,743.498
688.022,743.114
688.009,742.544
688.002,742.250
687.988,741.646
687.983,741.438
687.978,741.251
687.977,741.200
687.973,741.036
687.962,740.546
687.951,740.102
687.942,739.700
687.936,739.453
687.928,739.113
687.921,738.807
687.917,738.646
687.911,738.384
687.916,738.605
687.918,738.688
687.920,738.763
687.930,739.173
687.941,739.661
687.943,739.762
687.951,740.076
687.957,740.359
687.964,740.616
687.977,741.189
687.981,741.368
687.993,741.872
688.004,742.326
688.005,742.396
688.015,742.800
688.032,743.509
688.039,743.807
688.048,744.196
688.056,744.549
688.072,745.211
688.078,745.468
688.088,745.922
688.098,746.332
688.110,746.825
688.117,747.149
688.132,747.785
688.138,748.018
688.137,748.008
688.137,747.998
688.134,747.870
688.131,747.754
688.129,747.650
688.127,747.554
688.117,747.126
688.116,747.082
688.115,747.040
688.114,747.004
688.113,746.970
688.112,746.939
688.112,746.913
688.114,747.006
688.116,747.092
688.118,747.170
688.119,747.240
688.118,747.185
688.125,747.476
688.123,747.398
688.124,747.447
688.125,747.492
688.123,747.411
688.130,747.681
688.135,747.925
688.133,747.803
688.130,747.694
688.139,748.057
688.138,748.042
688.143,748.252
688.148,748.441
688.144,748.270
688.148,748.457
688.144,748.286
688.151,748.592
688.150,748.527
688.153,748.690
688.149,748.496
688.145,748.319
688.149,748.501
688.145,748.324
688.144,748.286
688.143,748.249
688.142,748.215
688.147,748.407
688.143,748.241
688.147,748.431
688.143,748.262
688.140,748.109
688.137,747.972
688.134,747.847
688.134,747.852
688.134,747.857
688.134,747.863
688.126,747.525
688.124,747.442
688.122,747.367
688.129,747.639
688.135,747.886
688.132,747.769
688.132,747.782
688.138,748.016
688.143,748.228
688.139,748.078
688.144,748.283
688.140,748.127
688.140,748.106
688.139,748.088
688.139,748.070
688.136,747.935
688.141,748.153
688.145,748.350
688.144,748.309
688.144,748.270
688.143,748.236
688.142,748.205
688.147,748.400
688.143,748.234
688.147,748.426
688.143,748.257
688.151,748.566
688.157,748.846
688.155,748.755
688.158,748.895
688.161,749.022
688.156,748.797
688.154,748.711
688.152,748.633
688.142,748.221
688.134,747.847
688.134,747.852
688.126,747.515
688.119,747.209
688.104,746.591
688.099,746.373
688.092,746.059
688.085,745.774
688.079,745.517
688.065,744.941
688.048,744.196
688.029,743.405
688.012,742.689
688.005,742.383
687.991,741.765
687.969,740.865
687.950,740.050
687.941,739.653
687.924,738.953
687.904,738.094
687.891,737.541
687.879,737.043
687.869,736.592
687.851,735.842
687.486,720.321
687.481,720.095
687.476,719.890
687.472,719.703
687.468,719.534
687.456,719.041
687.454,718.938
687.451,718.842
687.449,718.756
687.439,718.336
687.438,718.297
687.430,717.921
687.424,717.695
687.425,717.718
687.425,717.739
687.434,718.100
687.425,717.744
687.426,717.762
687.426,717.778
687.419,717.451
687.420,717.498
687.421,717.539
687.422,717.578
687.430,717.954
687.430,717.952
687.495,720.694
687.505,721.115
687.514,721.496
687.514,721.499
687.514,721.501
687.514,721.504
687.522,721.849
687.521,721.818
687.521,721.792
687.520,721.766
687.528,722.085
687.534,722.373
687.532,722.293
687.531,722.220
687.529,722.155
687.528,722.095
687.535,722.383
687.533,722.303
687.531,722.230
687.529,722.163
687.536,722.443
687.534,722.357
687.540,722.619
687.540,722.630
687.538,722.526
687.433,718.048
687.432,718.037
687.432,718.027
687.432,718.019
687.434,718.126
687.434,718.107
687.434,718.092
687.433,718.076
687.433,718.063
687.427,717.825
687.428,717.835
687.428,717.845
687.428,717.853
687.428,717.861
687.428,717.869
687.429,717.876
687.429,717.882
687.429,717.887
687.432,718.006
687.432,718.001
687.431,717.996
687.431,717.991
687.431,717.985
687.431,717.980
687.431,717.975
687.425,717.744
687.426,717.762
687.426,717.778
687.427,717.793
687.427,717.806
687.427,717.819
687.427,717.830
687.428,717.840
687.428,717.851
687.428,717.858
687.428,717.866
687.429,717.874
687.429,717.879
687.429,717.884
687.432,718.004
687.431,717.998
687.431,717.993
687.431,717.988
687.431,717.983
687.426,717.752
687.426,717.770
687.426,717.786
687.427,717.801
687.427,717.814
687.427,717.827
687.428,717.838
687.428,717.848
687.428,717.856
687.428,717.863
687.428,717.871
687.429,717.876
687.437,718.224
687.431,717.970
687.431,717.967
687.431,717.965
687.431,717.962
687.431,717.959
687.433,718.071
687.433,718.058
687.441,718.388
687.448,718.686
687.449,718.730
687.447,718.655
687.445,718.587
687.444,718.525
687.443,718.471
687.444,718.535
687.443,718.478
687.442,718.427
687.440,718.380
687.442,718.452
687.441,718.403
687.440,718.359
687.447,718.660
687.453,718.932
687.451,718.839
687.449,718.753
687.447,718.676
687.446,718.606
687.444,718.543
687.451,718.829
687.457,719.086
687.454,718.977
687.460,719.220
687.465,719.441
687.470,719.641
687.466,719.480
687.471,719.675
687.475,719.851
687.479,720.012
687.482,720.157
687.480,720.061
687.483,720.201
687.486,720.328
687.481,720.100
687.484,720.238
687.487,720.360
687.490,720.471
687.492,720.572
687.494,720.663
687.496,720.746
687.498,720.821
687.502,721.003
687.506,721.166
687.507,721.200
687.508,721.231
687.508,721.260
687.509,721.286
687.517,721.652
687.525,721.981
687.524,721.940
687.526,722.015
687.533,722.311
687.531,722.235
687.538,722.510
687.538,722.531
687.539,722.549
687.539,722.568
687.539,722.583
687.545,722.824
687.542,722.702
687.539,722.591
687.537,722.490
687.538,722.513
687.538,722.534
687.536,722.438
687.542,722.692
687.547,722.923
687.544,722.791
687.541,722.671
687.539,722.562
687.545,722.806
687.550,723.027
687.554,723.227
687.559,723.406
687.562,723.569
687.566,723.717
687.569,723.849
687.567,723.743
687.562,723.533
687.557,723.343
687.553,723.172
687.549,723.016
687.546,722.876
687.551,723.089
687.548,722.941
687.553,723.149
687.549,722.996
687.554,723.198
687.558,723.380
687.554,723.203
687.558,723.385
687.562,723.551
687.558,723.359
687.564,723.642
687.570,723.896
687.576,724.127
687.581,724.337
687.585,724.526
687.581,724.355
687.577,724.202
687.571,723.948
687.569,723.831
687.564,723.613
687.567,723.756
687.570,723.886
687.565,723.662
687.568,723.800
687.563,723.585
687.558,723.390
687.557,723.328
687.553,723.157
687.557,723.343
687.553,723.172
687.549,723.016
687.554,723.216
687.553,723.170
687.552,723.128
687.549,722.975
687.553,723.180
687.550,723.024
687.554,723.224
687.551,723.063
687.550,723.032
687.557,723.346
687.556,723.289
687.552,723.123
687.548,722.972
687.545,722.835
687.542,722.710
687.540,722.599
687.540,722.612
687.538,722.508
687.535,722.414
687.541,722.671
687.547,722.905
687.555,723.229
687.553,723.182
687.550,723.027
687.549,722.998
687.546,722.858
687.543,722.731
687.540,722.617
687.538,722.513
687.544,722.762
687.541,722.645
687.538,722.539
687.544,722.785
687.541,722.666
687.539,722.557
687.536,722.459
687.534,722.370
687.532,722.290
687.531,722.217
687.529,722.152
687.528,722.093
687.526,722.038
687.517,721.649
687.509,721.296
687.512,721.434
687.513,721.444
687.513,721.452
687.516,721.574
687.515,721.569
687.515,721.566
687.507,721.221
687.508,721.249
687.503,721.050
687.504,721.096
687.500,720.910
687.501,720.969
687.503,721.024
687.496,720.731
687.497,720.806
687.499,720.876
687.501,720.938
687.497,720.767
687.490,720.497
687.495,720.710
687.497,720.788
687.491,720.518
687.485,720.271
687.480,720.048
687.475,719.848
687.479,720.009
687.474,719.812
687.470,719.633
687.466,719.472
687.463,719.327
687.460,719.195
687.465,719.418
687.462,719.278
687.459,719.150
687.456,719.036
687.453,718.932
687.451,718.839
687.449,718.753
687.447,718.676
687.446,718.606
687.444,718.543
687.443,718.486
687.442,718.434
687.441,718.388
687.440,718.346
687.439,718.307
687.438,718.271
687.437,718.240
687.445,718.554
687.443,718.494
687.442,718.442
687.441,718.395
687.440,718.351
687.439,718.312
687.438,718.276
687.437,718.245
687.437,718.216
687.431,717.962
687.431,717.959
687.430,717.957
687.430,717.954
687.430,717.952
687.433,718.066
687.433,718.053
687.432,718.043
687.432,718.032
687.435,718.139
687.434,718.120
687.434,718.102
687.434,718.087
687.433,718.074
687.433,718.061
687.427,717.822
687.428,717.832
687.428,717.843
687.428,717.853
