# Physical_Baseline=687.79pF, Trigger_Distance=68.8cm, Atten_Ratio=47.33
Raw_Capacitance(pF),Normalized_Capacitance(pF)
687.816,688.859
687.812,688.639
687.810,688.570
687.806,688.379
687.805,688.336
687.802,688.165
687.799,688.012
687.804,688.255
687.800,688.093
687.797,687.946
687.802,688.194
687.799,688.038
687.804,688.278
687.803,688.243
687.800,688.082
687.797,687.937
687.802,688.186
687.802,688.160
687.807,688.388
687.811,688.593
687.815,688.778
687.818,688.945
687.813,688.717
687.809,688.512
687.808,688.454
687.804,688.272
687.801,688.108
687.805,688.339
687.805,688.298
687.801,688.134
687.801,688.113
687.798,687.966
687.795,687.830
687.792,687.709
687.793,687.729
687.790,687.616
687.791,687.645
687.797,687.923
687.802,688.171
687.801,688.148
687.798,687.995
687.795,687.859
687.793,687.735
687.793,687.752
687.791,687.639
687.791,687.665
687.789,687.559
687.787,687.463
687.785,687.377
687.784,687.299
687.790,687.608
687.796,687.888
687.793,687.761
687.791,687.645
687.791,687.671
687.789,687.564
687.790,687.599
687.788,687.501
687.789,687.541
687.787,687.446
687.793,687.741
687.798,688.006
687.796,687.868
687.801,688.122
687.798,687.972
687.798,687.966
687.795,687.830
687.787,687.457
687.785,687.371
687.791,687.674
687.789,687.567
687.795,687.850
687.795,687.856
687.801,688.113
687.800,688.096
687.797,687.949
687.794,687.816
687.792,687.694
687.784,687.333
687.783,687.258
687.776,686.940
687.775,686.903
687.777,686.998
687.776,686.955
687.770,686.666
687.770,686.654
687.770,686.646
687.778,687.018
687.777,686.975
687.776,686.935
687.783,687.278
687.782,687.209
687.780,687.145
687.787,687.469
687.785,687.382
687.784,687.304
687.790,687.613
687.783,687.261
687.789,687.573
687.790,687.605
687.788,687.504
687.786,687.414
687.784,687.333
687.785,687.388
687.784,687.310
687.785,687.368
687.783,687.290
687.777,686.969
687.776,686.929
687.775,686.894
687.782,687.241
687.784,687.304
687.782,687.232
687.775,686.917
687.775,686.883
687.782,687.232
687.781,687.169
687.782,687.241
687.781,687.174
687.780,687.117
687.779,687.062
687.777,687.013
687.777,686.969
687.776,686.929
687.778,687.024
687.779,687.108
687.786,687.434
687.785,687.351
687.783,687.275
687.782,687.206
687.780,687.145
687.787,687.469
687.788,687.512
687.789,687.550
687.787,687.455
687.796,687.879
687.801,688.134
687.801,688.113
687.798,687.966
687.803,688.212
687.807,688.434
687.798,688.004
687.795,687.865
687.801,688.119
687.806,688.350
687.802,688.180
687.802,688.154
687.798,688.001
687.795,687.862
687.793,687.738
687.793,687.755
687.791,687.639
687.789,687.535
687.789,687.573
687.787,687.475
687.788,687.518
687.786,687.426
687.792,687.723
687.790,687.611
687.791,687.639
687.789,687.535
687.797,687.952
687.794,687.819
687.792,687.697
687.798,687.969
687.795,687.833
687.792,687.712
687.793,687.732
687.790,687.619
687.791,687.648
687.789,687.544
687.787,687.449
687.785,687.365
687.783,687.287
687.785,687.348
687.783,687.273
687.784,687.333
687.791,687.639
687.789,687.535
687.795,687.822
687.792,687.700
687.792,687.720
687.790,687.611
687.788,687.509
687.786,687.420
687.787,687.466
687.793,687.758
687.791,687.642
687.797,687.920
687.794,687.790
687.791,687.671
687.789,687.564
687.795,687.848
687.788,687.507
687.786,687.417
687.784,687.336
687.783,687.261
687.781,687.195
687.780,687.134
687.787,687.457
687.785,687.371
687.783,687.293
687.782,687.223
687.781,687.160
687.779,687.102
687.781,687.180
687.780,687.119
687.773,686.813
687.773,686.787
687.772,686.764
687.772,686.744
687.779,687.105
687.778,687.053
687.777,687.007
687.779,687.093
687.778,687.041
687.780,687.125
687.779,687.070
687.788,687.495
687.786,687.405
687.787,687.455
687.785,687.368
687.783,687.290
687.782,687.221
687.789,687.538
687.789,687.573
687.787,687.475
687.788,687.518
687.786,687.426
687.787,687.472
687.785,687.385
687.786,687.437
687.793,687.732
687.790,687.619
687.788,687.518
687.786,687.426
687.784,687.342
687.786,687.397
687.784,687.316
687.785,687.374
687.792,687.677
687.789,687.570
687.787,687.475
687.782,687.238
687.784,687.301
687.782,687.229
687.783,687.296
687.782,687.226
687.789,687.541
687.795,687.827
687.792,687.706
687.793,687.726
687.790,687.613
687.788,687.512
687.786,687.420
687.779,687.085
687.778,687.033
687.777,686.987
687.779,687.076
687.778,687.027
687.777,686.981
687.776,686.940
687.778,687.033
687.785,687.368
687.783,687.290
687.785,687.351
687.791,687.654
687.792,687.680
687.797,687.954
687.803,688.200
687.799,688.044
687.796,687.902
687.788,687.524
687.786,687.431
687.785,687.348
687.783,687.273
687.784,687.333
687.783,687.258
687.781,687.192
687.780,687.131
687.779,687.076
687.786,687.405
687.792,687.703
687.790,687.593
687.796,687.874
687.793,687.749
687.791,687.637
687.788,687.533
687.789,687.570
687.787,687.475
687.785,687.388
687.784,687.310
687.782,687.238
687.781,687.171
687.782,687.244
687.789,687.559
687.790,687.593
687.788,687.495
687.789,687.535
687.787,687.443
687.788,687.489
687.786,687.400
687.784,687.319
687.782,687.247
687.781,687.180
687.782,687.249
687.781,687.183
687.783,687.252
687.781,687.186
687.780,687.125
687.781,687.200
687.772,686.758
687.766,686.487
687.766,686.493
687.767,686.498
687.767,686.504
687.767,686.510
687.770,686.643
687.778,687.015
687.779,687.102
687.778,687.050
687.777,687.004
687.779,687.091
687.778,687.039
687.772,686.741
687.771,686.724
687.771,686.706
687.773,686.822
687.773,686.796
687.772,686.773
687.772,686.753
687.774,686.862
687.774,686.833
687.773,686.807
687.775,686.914
687.775,686.880
687.774,686.848
687.776,686.949
687.775,686.911
687.775,686.877
687.774,686.845
687.776,686.946
687.783,687.290
687.785,687.351
687.783,687.275
687.782,687.206
687.780,687.145
687.779,687.088
687.778,687.036
687.780,687.119
687.779,687.065
687.778,687.015
687.777,686.972
687.776,686.932
687.775,686.897
687.774,686.865
687.776,686.966
687.776,686.926
687.775,686.891
687.769,686.608
687.769,686.602
687.763,686.345
687.764,686.365
687.764,686.383
687.765,686.400
687.773,686.796
687.772,686.773
687.764,686.371
687.767,686.519
687.767,686.521
687.767,686.524
687.767,686.527
687.767,686.530
687.767,686.533
687.767,686.536
687.770,686.666
687.770,686.654
687.770,686.646
687.772,686.767
687.772,686.747
687.774,686.859
687.774,686.831
687.773,686.805
687.773,686.781
687.775,686.888
687.774,686.857
687.774,686.828
687.773,686.802
687.773,686.779
687.772,686.758
687.772,686.738
687.774,686.851
687.773,686.822
687.776,686.926
687.775,686.891
687.774,686.859
687.774,686.831
687.773,686.805
687.773,686.781
687.772,686.758
687.774,686.868
687.774,686.839
687.773,686.813
687.773,686.787
687.764,686.386
687.759,686.149
687.760,686.186
687.763,686.351
687.764,686.371
687.764,686.389
687.765,686.403
687.765,686.417
687.765,686.429
687.765,686.441
687.758,686.071
687.759,686.117
687.759,686.157
687.755,685.944
687.756,686.001
687.749,685.675
687.754,685.889
687.755,685.952
687.756,686.010
687.757,686.062
687.761,686.238
687.762,686.267
687.765,686.423
687.765,686.435
687.766,686.446
687.768,686.585
687.768,686.582
687.768,686.579
687.768,686.576
687.763,686.322
687.763,686.345
687.764,686.365
687.767,686.513
687.759,686.137
687.760,686.178
687.753,685.834
687.754,685.903
687.755,685.964
687.756,686.019
687.758,686.071
687.750,685.736
687.752,685.814
687.746,685.504
687.748,685.606
687.744,685.444
687.747,685.551
687.749,685.646
687.745,685.481
687.747,685.582
687.741,685.294
687.744,685.412
687.746,685.522
687.748,685.620
687.750,685.710
687.746,685.539
687.740,685.256
687.743,685.380
687.745,685.493
687.739,685.213
687.742,685.340
687.745,685.455
687.747,685.559
687.743,685.403
687.746,685.513
687.740,685.233
687.742,685.357
687.745,685.470
687.750,685.704
687.752,685.785
687.748,685.606
687.750,685.695
687.751,685.776
687.753,685.851
687.754,685.918
687.756,685.978
687.765,686.412
687.765,686.426
687.765,686.438
687.766,686.449
687.760,686.207
687.761,686.238
687.762,686.267
687.762,686.293
687.763,686.319
687.766,686.472
687.766,686.481
687.761,686.235
687.762,686.264
687.762,686.293
687.763,686.319
687.763,686.342
687.764,686.363
687.764,686.380
687.764,686.397
687.765,686.412
687.765,686.426
687.765,686.438
687.758,686.068
687.758,686.114
687.762,686.285
687.763,686.311
687.763,686.334
687.764,686.354
687.756,685.993
687.757,686.045
687.758,686.094
687.762,686.267
687.762,686.293
687.763,686.319
687.763,686.342
687.764,686.363
687.764,686.380
687.764,686.397
687.768,686.542
687.768,686.542
687.770,686.672
687.770,686.660
687.770,686.649
687.770,686.640
687.769,686.631
687.761,686.244
687.754,685.895
687.758,686.088
687.759,686.131
687.760,686.172
687.763,686.337
687.764,686.357
687.764,686.374
687.772,686.770
687.775,686.880
687.766,686.469
687.766,686.478
687.766,686.484
687.766,686.490
687.767,686.495
687.767,686.501
687.770,686.637
687.769,686.628
687.769,686.623
687.764,686.365
687.772,686.764
687.772,686.744
687.771,686.727
687.771,686.709
687.771,686.695
687.770,686.680
687.762,686.287
687.763,686.313
687.763,686.337
687.758,686.105
687.759,686.149
687.760,686.186
687.761,686.221
687.761,686.253
687.762,686.282
687.755,685.926
687.764,686.365
687.764,686.383
687.767,686.530
687.767,686.533
687.767,686.536
687.767,686.539
687.762,686.287
687.763,686.313
687.763,686.337
687.766,686.487
687.766,686.493
687.767,686.498
687.767,686.504
687.767,686.510
687.759,686.134
687.760,686.175
687.760,686.209
687.761,686.241
687.762,686.270
687.762,686.296
687.763,686.319
687.766,686.472
687.766,686.481
687.766,686.487
687.766,686.493
687.767,686.498
687.761,686.253
687.762,686.282
687.763,686.308
687.763,686.331
687.763,686.351
687.772,686.750
687.772,686.732
687.771,686.715
687.771,686.701
687.771,686.686
687.765,686.423
687.765,686.435
687.766,686.446
687.766,686.458
687.766,686.467
687.766,686.475
687.766,686.484
687.769,686.620
687.769,686.614
687.769,686.608
687.769,686.602
687.769,686.597
687.769,686.594
687.769,686.591
687.768,686.588
687.768,686.585
687.768,686.582
687.763,686.328
687.763,686.348
687.759,686.117
687.751,685.779
687.753,685.851
687.749,685.666
687.751,685.750
687.752,685.825
687.754,685.895
687.755,685.958
687.756,686.016
687.758,686.068
687.750,685.733
687.752,685.811
687.748,685.629
687.750,685.715
687.752,685.796
687.748,685.617
687.750,685.707
687.754,685.918
687.756,685.978
687.757,686.033
687.753,685.831
687.754,685.900
687.755,685.961
687.759,686.146
687.752,685.805
687.748,685.626
687.750,685.715
687.752,685.796
687.756,685.999
687.757,686.051
687.758,686.100
687.759,686.143
687.760,686.183
687.761,686.218
687.761,686.250
687.757,686.027
687.758,686.077
687.759,686.123
687.760,686.163
687.760,686.201
687.764,686.365
687.764,686.383
687.767,686.530
687.767,686.533
687.767,686.536
687.762,686.287
687.763,686.313
687.763,686.337
687.764,686.357
687.759,686.123
687.760,686.163
687.760,686.201
687.764,686.365
687.764,686.383
687.773,686.779
687.772,686.758
687.772,686.738
687.766,686.469
687.766,686.478
687.769,686.614
687.769,686.608
687.772,686.732
687.771,686.715
687.771,686.701
687.771,686.686
687.770,686.675
687.770,686.663
687.770,686.651
687.772,686.773
687.772,686.753
687.774,686.862
687.774,686.833
687.773,686.807
687.773,686.784
687.772,686.761
687.772,686.741
687.771,686.724
687.771,686.706
687.771,686.692
687.770,686.677
687.773,686.796
687.772,686.773
687.772,686.753
687.772,686.732
687.763,686.337
687.764,686.357
687.764,686.374
687.759,686.140
687.760,686.181
687.761,686.215
687.764,686.377
687.764,686.394
687.765,686.409
687.765,686.423
687.765,686.435
687.766,686.446
687.766,686.458
687.766,686.467
687.769,686.605
687.769,686.599
687.763,686.342
687.764,686.363
687.764,686.380
687.772,686.750
687.772,686.732
687.771,686.715
687.779,687.079
687.778,687.030
687.772,686.732
687.771,686.715
687.771,686.701
687.771,686.686
687.770,686.675
687.770,686.663
687.770,686.651
687.764,686.391
687.765,686.406
687.765,686.420
687.765,686.432
687.760,686.192
687.761,686.227
687.762,686.259
687.765,686.417
687.765,686.429
687.765,686.441
687.760,686.201
687.761,686.235
687.762,686.264
687.764,686.365
687.764,686.383
687.765,686.400
687.765,686.415
687.765,686.429
687.768,686.571
687.768,686.568
687.768,686.568
687.768,686.568
687.760,686.186
687.761,686.221
687.761,686.253
687.757,686.030
687.766,686.461
687.766,686.469
687.769,686.608
687.769,686.602
687.769,686.597
687.777,686.972
687.776,686.932
687.775,686.897
687.774,686.865
687.776,686.966
687.784,687.307
687.782,687.235
687.763,686.319
687.758,686.091
687.751,685.756
687.753,685.831
687.754,685.900
687.758,686.091
687.759,686.134
687.752,685.793
687.753,685.866
687.755,685.932
687.756,685.990
687.760,686.172
687.760,686.209
687.756,685.990
687.757,686.045
687.758,686.094
687.754,685.886
687.755,685.949
687.756,686.007
687.752,685.808
687.754,685.880
687.755,685.944
687.756,686.001
687.752,685.802
687.753,685.874
687.770,686.663
687.770,686.651
687.770,686.643
687.772,686.764
687.772,686.744
687.771,686.727
687.774,686.839
687.781,687.192
687.775,686.880
687.774,686.848
687.773,686.819
687.768,686.542
687.768,686.542
687.768,686.542
687.762,686.290
687.763,686.316
687.758,686.088
687.767,686.513
687.767,686.516
687.759,686.140
687.760,686.181
687.753,685.837
687.754,685.906
687.755,685.967
687.759,686.152
687.752,685.811
687.748,685.629
687.750,685.715
687.744,685.415
687.741,685.270
687.743,685.392
687.746,685.502
687.748,685.603
687.752,685.822
687.754,685.892
687.755,685.955
687.759,686.143
687.760,686.183
687.761,686.218
687.761,686.250
687.762,686.279
687.763,686.305
687.763,686.328
687.766,686.478
687.766,686.484
687.766,686.490
687.769,686.625
687.769,686.620
687.777,686.992
687.776,686.952
687.770,686.663
687.770,686.651
687.770,686.643
687.764,686.383
687.765,686.400
687.765,686.415
687.760,686.178
687.761,686.212
687.753,685.866
687.747,685.551
687.743,685.395
687.746,685.504
687.748,685.606
687.752,685.825
687.754,685.895
687.755,685.958
687.756,686.016
687.758,686.068
687.758,686.114
687.759,686.155
687.763,686.322
687.763,686.345
687.764,686.365
687.764,686.383
687.756,686.019
687.750,685.689
687.751,685.770
687.756,685.975
687.757,686.030
687.750,685.701
687.754,685.912
687.755,685.973
687.757,686.027
687.750,685.698
687.751,685.779
687.753,685.851
687.754,685.918
687.756,685.978
687.757,686.033
687.758,686.082
687.753,685.874
687.755,685.938
687.759,686.126
687.760,686.166
687.760,686.204
687.761,686.238
687.754,685.889
687.758,686.082
687.759,686.129
687.752,685.788
687.753,685.860
687.755,685.926
687.756,685.987
687.749,685.660
687.751,685.744
687.752,685.822
687.754,685.892
687.755,685.955
687.748,685.632
687.750,685.718
687.746,685.545
687.748,685.640
687.750,685.727
687.752,685.805
687.753,685.877
687.750,685.689
687.751,685.770
687.747,685.594
687.749,685.686
687.751,685.770
687.747,685.594
687.749,685.686
687.751,685.770
687.753,685.845
687.754,685.912
687.755,685.973
687.757,686.027
687.760,686.207
687.753,685.860
687.755,685.926
687.759,686.117
687.759,686.157
687.760,686.195
687.761,686.230
687.754,685.880
687.755,685.944
687.756,686.001
687.749,685.675
687.743,685.377
687.745,685.490
687.747,685.591
687.749,685.684
687.751,685.767
687.747,685.591
687.741,685.302
687.744,685.421
687.746,685.528
687.740,685.244
687.743,685.369
687.737,685.100
687.732,684.857
687.727,684.638
687.726,684.568
687.722,684.378
687.726,684.586
687.733,684.904
687.736,685.060
687.731,684.823
687.735,684.987
687.738,685.138
687.741,685.273
687.735,685.016
687.733,684.912
687.736,685.068
687.739,685.210
687.737,685.086
687.732,684.846
687.730,684.756
687.733,684.927
687.729,684.701
687.732,684.878
687.736,685.036
687.733,684.930
687.729,684.704
687.732,684.880
687.728,684.661
687.732,684.840
687.738,685.132
687.741,685.268
687.735,685.010
687.738,685.158
687.733,684.909
687.728,684.687
687.732,684.863
687.735,685.025
687.731,684.791
687.737,685.088
687.740,685.227
687.734,684.973
687.729,684.742
687.728,684.664
687.732,684.843
687.730,684.753
687.725,684.545
687.721,684.358
687.726,684.566
687.722,684.375
687.726,684.583
687.722,684.389
687.718,684.216
687.715,684.057
687.715,684.043
687.720,684.282
687.716,684.118
687.716,684.098
687.721,684.332
687.717,684.164
687.717,684.141
687.722,684.369
687.721,684.326
687.725,684.537
687.729,684.727
687.733,684.901
687.731,684.805
687.734,684.973
687.738,685.123
687.740,685.259
687.743,685.383
687.740,685.242
687.743,685.366
687.745,685.478
687.742,685.328
687.744,685.444
687.739,685.169
687.736,685.051
687.739,685.192
687.742,685.322
687.736,685.060
687.739,685.201
687.734,684.950
687.732,684.852
687.735,685.013
687.738,685.161
687.733,684.912
687.736,685.068
687.731,684.828
687.729,684.742
687.725,684.534
687.729,684.724
687.727,684.646
687.723,684.447
687.719,684.268
687.719,684.233
687.723,684.453
687.720,684.274
687.719,684.239
687.716,684.080
687.712,683.936
687.710,683.806
687.710,683.814
687.715,684.074
687.715,684.060
687.720,684.297
687.725,684.511
687.723,684.453
687.728,684.652
687.731,684.834
687.730,684.748
687.733,684.918
687.739,685.204
687.742,685.331
687.744,685.447
687.741,685.299
687.736,685.039
687.739,685.184
687.736,685.062
687.731,684.826
687.729,684.739
687.725,684.531
687.729,684.724
687.736,685.028
687.731,684.794
687.726,684.580
687.725,684.516
687.721,684.332
687.717,684.164
687.722,684.392
687.718,684.219
687.723,684.441
687.727,684.644
687.731,684.826
687.735,684.990
687.741,685.268
687.735,685.010
687.733,684.906
687.736,685.062
687.731,684.826
687.729,684.739
687.725,684.531
687.729,684.724
687.727,684.646
687.731,684.828
687.738,685.123
687.732,684.880
687.728,684.661
687.724,684.462
687.722,684.410
687.727,684.615
687.731,684.800
687.737,685.097
687.740,685.236
687.745,685.490
687.739,685.210
687.734,684.958
687.732,684.857
687.727,684.638
687.723,684.441
687.719,684.262
687.716,684.100
687.713,683.953
687.718,684.202
687.723,684.424
687.719,684.248
687.718,684.216
687.715,684.057
687.712,683.915
687.717,684.167
687.722,684.395
687.727,684.600
687.725,684.534
687.721,684.346
687.718,684.176
687.722,684.401
687.721,684.355
687.726,684.563
687.724,684.502
687.721,684.317
687.725,684.531
687.724,684.473
687.728,684.670
687.724,684.467
687.728,684.667
687.726,684.594
687.730,684.779
687.726,684.568
687.724,684.505
687.721,684.320
687.717,684.152
687.717,684.129
687.721,684.360
687.726,684.568
687.722,684.378
687.726,684.586
687.722,684.392
687.718,684.219
687.723,684.441
687.719,684.262
687.727,684.609
687.731,684.794
687.734,684.961
687.737,685.112
687.740,685.247
687.746,685.502
687.748,685.603
687.750,685.692
687.754,685.903
687.747,685.585
687.749,685.678
687.751,685.762
687.753,685.837
687.757,686.033
687.758,686.082
687.751,685.747
687.747,685.574
687.749,685.666
687.751,685.750
687.744,685.447
687.747,685.551
687.743,685.395
687.746,685.504
687.748,685.606
687.744,685.444
687.739,685.169
687.741,685.302
687.739,685.169
687.733,684.921
687.737,685.077
687.732,684.837
687.727,684.620
687.731,684.805
687.729,684.722
687.733,684.895
687.728,684.672
687.732,684.852
687.735,685.013
687.738,685.161
687.741,685.294
687.736,685.034
687.739,685.178
687.736,685.057
687.739,685.198
687.737,685.077
687.740,685.218
687.742,685.346
687.747,685.591
687.749,685.684
687.751,685.767
687.753,685.842
687.754,685.909
687.755,685.970
687.757,686.025
687.758,686.074
687.761,686.250
687.762,686.279
687.754,685.923
687.750,685.733
687.752,685.811
687.754,685.880
687.747,685.565
687.741,685.279
687.743,685.400
687.740,685.259
687.735,685.002
687.738,685.149
687.733,684.904
687.736,685.060
687.739,685.201
687.742,685.331
687.744,685.447
687.749,685.681
687.751,685.764
687.753,685.840
687.754,685.906
687.755,685.967
687.759,686.152
687.729,684.730
687.733,684.904
687.739,685.190
687.742,685.320
687.744,685.438
687.741,685.294
687.744,685.412
687.746,685.522
687.743,685.369
687.737,685.100
687.740,685.239
687.743,685.363
687.745,685.476
687.747,685.577
687.744,685.418
687.738,685.146
687.733,684.901
687.731,684.805
687.726,684.592
687.722,684.398
687.721,684.352
687.726,684.560
687.724,684.499
687.729,684.696
687.732,684.872
687.726,684.568
687.724,684.505
687.729,684.698
687.732,684.875
687.730,684.782
687.734,684.950
687.729,684.722
687.733,684.895
687.736,685.054
687.731,684.817
687.727,684.603
687.730,684.788
687.726,684.577
687.730,684.765
687.728,684.684
687.732,684.863
687.730,684.774
687.726,684.563
687.722,684.372
687.726,684.580
687.730,684.768
687.734,684.938
687.737,685.091
687.743,685.360
687.745,685.473
687.741,685.273
687.743,685.395
687.740,685.253
687.735,684.996
687.730,684.765
687.726,684.554
687.721,684.363
687.721,684.320
687.725,684.534
687.729,684.724
687.733,684.898
687.736,685.057
687.739,685.198
687.742,685.328
687.744,685.444
687.747,685.551
687.743,685.395
687.746,685.504
687.740,685.224
687.742,685.351
687.740,685.216
687.742,685.343
687.737,685.077
687.740,685.218
687.737,685.094
687.732,684.852
687.727,684.632
687.731,684.814
687.727,684.600
687.722,684.407
687.727,684.612
687.723,684.415
687.727,684.618
687.723,684.421
687.719,684.245
687.716,684.083
687.715,684.066
687.720,684.303
687.725,684.516
687.724,684.459
687.728,684.658
687.724,684.459
687.722,684.407
687.727,684.612
687.731,684.797
687.726,684.583
687.722,684.389
687.726,684.594
687.725,684.528
687.729,684.722
687.733,684.895
687.736,685.054
687.739,685.195
687.734,684.944
687.737,685.097
687.740,685.236
687.735,684.982
687.730,684.750
687.725,684.542
687.729,684.733
687.736,685.036
687.731,684.800
687.726,684.586
687.730,684.774
687.726,684.563
687.730,684.753
687.736,685.054
687.739,685.195
687.734,684.944
687.732,684.846
687.735,685.008
687.738,685.155
687.744,685.418
687.738,685.146
687.736,685.028
687.739,685.172
687.741,685.302
687.736,685.042
687.739,685.187
687.742,685.317
687.736,685.054
687.731,684.817
687.727,684.603
687.730,684.788
687.729,684.704
687.732,684.880
687.728,684.661
687.726,684.589
687.722,684.395
687.727,684.600
687.725,684.534
687.721,684.346
687.718,684.176
687.714,684.022
687.706,683.632
687.712,683.910
687.709,683.780
687.715,684.043
687.720,684.282
687.716,684.118
687.716,684.098
687.713,683.950
687.710,683.817
687.707,683.699
687.708,683.719
687.706,683.609
687.703,683.508
687.704,683.546
687.702,683.450
687.700,683.367
687.699,683.289
687.708,683.728
687.714,683.996
687.719,684.239
687.724,684.459
687.728,684.658
687.724,684.459
687.722,684.407
687.727,684.612
687.723,684.415
687.722,684.366
687.718,684.193
687.715,684.037
687.720,684.277
687.724,684.493
687.720,684.308
687.717,684.141
687.714,683.991
687.713,683.982
687.711,683.846
687.708,683.725
687.708,683.742
687.714,684.011
687.711,683.872
687.708,683.748
687.709,683.762
687.714,684.028
687.719,684.268
687.716,684.106
687.713,683.959
687.718,684.204
687.718,684.176
687.722,684.401
687.719,684.225
687.718,684.196
687.723,684.421
687.727,684.623
687.731,684.808
687.726,684.594
687.730,684.779
687.729,684.696
687.724,684.493
687.728,684.690
687.727,684.615
687.731,684.800
687.734,684.967
687.737,685.117
687.732,684.875
687.730,684.782
687.726,684.571
687.722,684.381
687.718,684.207
687.715,684.051
687.712,683.910
687.717,684.161
687.714,684.008
687.711,683.869
687.711,683.872
687.716,684.126
687.721,684.358
687.726,684.566
687.730,684.753
687.733,684.924
687.737,685.080
687.740,685.221
687.734,684.967
687.729,684.739
687.733,684.912
687.736,685.068
687.731,684.828
687.729,684.742
687.725,684.534
687.721,684.346
687.718,684.176
687.714,684.022
687.719,684.262
687.719,684.228
687.715,684.069
687.720,684.306
687.717,684.138
687.714,683.988
687.711,683.852
687.711,683.858
687.708,683.733
687.706,683.621
687.704,683.520
687.704,683.557
687.711,683.843
687.708,683.722
687.706,683.612
687.712,683.892
687.712,683.895
687.709,683.768
687.706,683.653
687.704,683.549
687.710,683.835
687.716,684.095
687.713,683.947
687.713,683.944
687.710,683.811
687.707,683.693
687.705,683.586
687.706,683.618
687.712,683.898
687.709,683.771
687.701,683.404
687.700,683.323
687.698,683.251
687.697,683.185
687.698,683.254
687.697,683.187
687.703,683.508
687.702,683.419
687.708,683.716
687.714,683.985
687.711,683.849
687.716,684.106
687.721,684.340
687.717,684.170
687.717,684.144
687.722,684.372
687.718,684.199
687.709,683.791
687.707,683.673
687.713,683.947
687.710,683.814
687.710,683.823
687.708,683.702
687.705,683.592
687.703,683.494
687.709,683.785
687.707,683.670
687.707,683.693
687.705,683.586
687.703,683.488
687.701,683.398
687.699,683.317
687.701,683.375
687.699,683.297
687.698,683.228
687.699,683.291
687.705,683.601
687.711,683.881
687.717,684.135
687.716,684.115
687.721,684.346
687.728,684.687
687.732,684.863
687.735,685.025
687.739,685.169
687.736,685.051
687.739,685.192
687.742,685.322
687.739,685.187
687.734,684.935
687.732,684.837
687.727,684.620
687.731,684.805
687.726,684.592
687.717,684.147
687.714,683.996
687.711,683.861
687.711,683.866
687.716,684.121
687.721,684.352
687.726,684.560
687.722,684.369
687.726,684.577
687.722,684.386
687.718,684.213
687.723,684.436
687.719,684.256
687.716,684.095
687.715,684.077
687.712,683.933
687.718,684.181
687.725,684.537
687.721,684.349
687.726,684.560
687.722,684.369
687.726,684.577
687.730,684.765
687.728,684.684
687.724,684.482
687.728,684.678
687.727,684.606
687.723,684.412
687.719,684.236
687.718,684.204
687.715,684.048
687.720,684.285
687.724,684.502
687.729,684.698
687.724,684.496
687.720,684.311
687.720,684.274
687.724,684.490
687.723,684.436
687.727,684.638
687.723,684.441
687.722,684.389
687.718,684.216
687.715,684.057
687.720,684.294
687.725,684.508
687.729,684.701
687.727,684.626
687.731,684.808
687.734,684.973
687.738,685.123
687.735,685.008
687.738,685.155
687.733,684.906
687.728,684.684
687.732,684.863
687.727,684.644
687.726,684.574
687.722,684.384
687.718,684.210
687.718,684.181
687.714,684.028
687.711,683.889
687.712,683.892
687.709,683.765
687.706,683.650
687.707,683.676
687.713,683.950
687.718,684.199
687.717,684.170
687.714,684.017
687.714,684.005
687.711,683.866
687.708,683.742
687.714,684.011
687.711,683.872
687.716,684.126
687.713,683.976
687.710,683.840
687.708,683.719
687.706,683.609
687.706,683.638
687.704,683.534
687.702,683.442
687.708,683.736
687.706,683.624
687.704,683.523
687.705,683.560
687.703,683.465
687.709,683.759
687.706,683.644
687.712,683.921
687.717,684.173
687.722,684.398
687.721,684.352
687.718,684.181
687.717,684.155
687.714,684.002
687.711,683.863
687.711,683.869
687.716,684.124
687.713,683.973
687.713,683.967
687.710,683.835
687.710,683.840
687.708,683.719
687.714,683.988
687.719,684.230
687.718,684.199
687.715,684.043
687.712,683.901
687.712,683.901
687.717,684.152
687.714,683.999
687.714,683.991
687.711,683.855
687.708,683.731
687.706,683.618
687.706,683.647
687.704,683.543
687.705,683.577
687.703,683.479
687.701,683.393
687.699,683.315
687.701,683.372
687.699,683.294
687.705,683.603
687.706,683.632
687.704,683.531
687.710,683.820
687.716,684.080
687.722,684.392
687.726,684.597
687.725,684.531
687.721,684.343
687.720,684.303
687.725,684.516
687.721,684.332
687.725,684.542
687.732,684.863
687.735,685.025
687.731,684.791
687.729,684.707
687.732,684.883
687.736,685.042
687.731,684.805
687.734,684.973
687.729,684.742
687.725,684.534
687.729,684.724
687.733,684.898
687.736,685.057
687.731,684.820
687.729,684.733
687.725,684.525
687.729,684.719
687.746,685.519
687.751,685.747
687.744,685.444
687.747,685.551
687.741,685.265
687.743,685.386
687.745,685.496
687.748,685.597
687.741,685.308
687.747,685.556
687.741,685.270
687.743,685.392
687.746,685.502
687.748,685.603
687.750,685.692
687.751,685.773
687.753,685.848
687.754,685.915
687.747,685.594
687.749,685.686
687.746,685.516
687.740,685.236
687.735,684.982
687.732,684.880
687.728,684.661
687.731,684.823
687.735,684.987
687.733,684.886
687.728,684.664
687.726,684.592
687.722,684.398
687.719,684.222
687.723,684.444
687.719,684.265
687.724,684.482
687.728,684.678
687.724,684.476
687.728,684.672
687.727,684.600
687.722,684.407
687.719,684.230
687.715,684.072
687.712,683.927
687.710,683.797
687.710,683.809
687.715,684.069
687.720,684.306
687.728,684.649
687.731,684.831
687.735,684.996
687.738,685.143
687.735,685.025
687.739,685.169
687.744,685.429
687.746,685.536
687.740,685.253
687.738,685.126
687.732,684.880
687.728,684.661
687.732,684.840
687.730,684.750
687.733,684.921
687.731,684.826
687.727,684.609
687.731,684.794
687.726,684.580
687.730,684.768
687.734,684.938
687.732,684.840
687.735,685.002
687.730,684.771
687.734,684.941
687.737,685.094
687.732,684.852
687.727,684.632
687.723,684.436
687.727,684.638
687.723,684.441
687.719,684.262
687.724,684.479
687.720,684.297
687.717,684.132
687.713,683.982
687.719,684.228
687.715,684.069
687.720,684.306
687.725,684.519
687.729,684.713
687.725,684.508
687.729,684.701
687.727,684.626
687.731,684.808
687.726,684.594
687.725,684.528
687.729,684.722
687.725,684.516
687.721,684.332
687.717,684.164
687.722,684.392
687.721,684.346
687.718,684.176
687.714,684.022
687.711,683.884
687.717,684.138
687.722,684.369
687.721,684.326
687.725,684.537
687.729,684.727
687.733,684.901
687.731,684.805
687.726,684.592
687.717,684.147
687.714,683.996
687.711,683.861
687.708,683.736
687.701,683.372
687.699,683.294
687.697,683.225
687.696,683.161
687.703,683.485
687.701,683.395
687.699,683.315
687.706,683.624
687.712,683.901
687.709,683.774
687.707,683.658
687.712,683.933
687.710,683.803
687.715,684.066
687.712,683.921
687.709,683.791
687.710,683.803
687.715,684.066
687.712,683.921
687.712,683.921
687.709,683.791
687.707,683.673
687.707,683.696
687.705,683.589
687.703,683.491
687.709,683.783
687.715,684.046
687.712,683.904
687.709,683.777
687.715,684.040
687.720,684.280
687.719,684.245
687.724,684.464
687.728,684.664
687.724,684.464
687.723,684.412
687.727,684.615
687.731,684.800
687.726,684.586
687.722,684.392
687.726,684.597
687.725,684.531
687.721,684.343
687.717,684.173
687.714,684.020
687.714,684.008
687.711,683.869
687.711,683.872
687.716,684.126
687.721,684.358
687.718,684.187
687.717,684.161
687.714,684.008
687.711,683.869
687.716,684.124
687.721,684.355
687.728,684.693
687.732,684.869
687.728,684.649
687.723,684.450
687.720,684.271
687.716,684.109
687.721,684.340
687.717,684.170
687.714,684.017
687.711,683.878
687.711,683.881
687.709,683.754
687.706,683.641
687.707,683.667
687.713,683.941
687.718,684.190
687.723,684.415
687.727,684.618
687.731,684.802
687.729,684.719
687.733,684.892
687.728,684.670
687.734,684.979
687.730,684.748
687.733,684.918
687.737,685.074
687.740,685.216
687.737,685.091
687.740,685.230
687.734,684.976
687.732,684.875
687.736,685.034
687.733,684.927
687.737,685.083
687.740,685.221
687.737,685.097
687.732,684.854
687.735,685.016
687.741,685.294
687.744,685.412
687.741,685.270
687.743,685.392
687.738,685.123
687.732,684.880
687.739,685.169
687.741,685.302
687.744,685.421
687.738,685.149
687.733,684.904
687.728,684.681
687.724,684.479
687.723,684.424
687.727,684.626
687.723,684.430
687.719,684.251
687.718,684.219
687.715,684.060
687.720,684.297
687.719,684.259
687.716,684.098
687.713,683.950
687.713,683.947
687.710,683.814
687.707,683.696
687.705,683.589
687.703,683.491
687.701,683.401
687.708,683.702
687.708,683.722
687.706,683.612
687.703,683.511
687.704,683.549
687.710,683.835
687.716,684.095
687.713,683.947
687.718,684.196
687.723,684.421
687.722,684.372
687.726,684.580
687.730,684.768
687.734,684.938
687.732,684.840
687.735,685.002
687.733,684.898
687.736,685.057
687.731,684.820
687.735,684.984
687.732,684.883
687.728,684.661
687.724,684.462
687.720,684.280
687.724,684.496
687.728,684.693
687.727,684.618
687.731,684.802
687.734,684.970
687.737,685.120
687.732,684.878
687.736,685.036
687.733,684.930
687.729,684.704
687.724,684.499
687.731,684.826
687.727,684.609
687.731,684.794
687.726,684.580
687.725,684.516
687.721,684.332
687.720,684.291
687.716,684.126
687.713,683.976
687.710,683.840
687.703,683.468
687.709,683.762
687.706,683.647
687.704,683.543
687.702,683.450
687.700,683.367
687.702,683.419
687.700,683.338
687.698,683.263
687.705,683.575
687.706,683.606
687.711,683.887
687.711,683.889
687.717,684.144
687.722,684.372
687.721,684.329
687.725,684.540
687.721,684.352
687.718,684.181
687.717,684.155
687.714,684.002
687.711,683.863
687.708,683.739
687.706,683.627
687.704,683.525
687.705,683.563
687.703,683.468
687.701,683.381
687.699,683.303
687.698,683.231
687.704,683.546
687.705,683.580
687.703,683.482
687.701,683.395
687.702,683.445
687.708,683.739
687.709,683.757
687.714,684.022
687.711,683.884
687.709,683.757
687.709,683.771
687.715,684.037
687.720,684.277
687.716,684.112
687.721,684.343
687.717,684.173
687.714,684.020
687.711,683.881
687.709,683.754
687.709,683.768
687.715,684.034
687.712,683.892
687.712,683.895
687.717,684.150
687.716,684.126
687.713,683.976
687.710,683.840
687.708,683.719
687.714,683.988
687.711,683.852
687.716,684.109
687.713,683.962
687.710,683.829
687.716,684.089
687.721,684.323
687.725,684.534
687.729,684.724
687.736,685.028
687.731,684.794
687.734,684.961
687.729,684.733
687.733,684.906
687.736,685.062
687.734,684.953
687.729,684.724
687.733,684.898
687.728,684.675
687.727,684.603
687.722,684.410
687.719,684.233
687.715,684.074
687.712,683.930
687.710,683.800
687.710,683.811
687.707,683.693
687.705,683.586
687.711,683.869
687.716,684.124
687.713,683.973
687.713,683.967
687.718,684.213
687.715,684.054
687.723,684.421
687.719,684.245
687.716,684.083
687.713,683.939
687.718,684.187
687.723,684.412
687.721,684.363
687.726,684.571
687.730,684.759
687.736,685.060
687.731,684.823
687.729,684.736
687.725,684.528
687.721,684.340
687.717,684.170
687.714,684.017
687.719,684.259
687.716,684.098
687.716,684.080
687.720,684.314
687.717,684.147
687.714,683.996
687.719,684.239
687.724,684.459
687.720,684.277
687.724,684.493
687.720,684.308
687.725,684.522
687.729,684.716
687.735,685.019
687.730,684.785
687.726,684.574
687.733,684.892
687.728,684.670
687.724,684.467
687.723,684.415
687.727,684.618
687.731,684.802
687.729,684.719
687.725,684.514
687.721,684.329
687.725,684.540
687.721,684.352
687.718,684.181
687.709,683.774
687.715,684.040
687.712,683.898
687.709,683.771
687.715,684.037
687.712,683.895
687.686,682.682
687.694,683.049
687.695,683.130
687.694,683.075
687.693,683.026
687.687,682.728
687.687,682.711
687.694,683.078
687.693,683.029
687.695,683.112
687.702,683.439
687.708,683.736
687.714,684.005
687.711,683.866
687.708,683.742
687.706,683.629
687.704,683.528
687.710,683.817
687.707,683.699
687.697,683.211
687.690,682.896
687.698,683.242
687.704,683.557
687.705,683.592
687.703,683.494
687.710,683.823
687.716,684.083
687.713,683.939
687.712,683.936
687.718,684.184
687.714,684.028
687.711,683.889
687.709,683.762
687.709,683.777
687.707,683.661
687.704,683.557
687.705,683.592
687.711,683.875
687.709,683.751
687.706,683.638
687.707,683.664
687.705,683.560
687.711,683.846
687.711,683.852
687.708,683.728
687.706,683.615
687.712,683.895
687.704,683.517
687.702,683.424
687.700,683.341
687.707,683.699
687.713,683.970
687.718,684.216
687.715,684.057
687.720,684.294
687.711,683.878
687.717,684.132
687.713,683.982
687.711,683.846
687.711,683.852
687.708,683.728
687.708,683.745
687.706,683.632
687.704,683.531
687.702,683.439
687.700,683.355
687.701,683.407
687.700,683.326
687.698,683.254
687.699,683.317
687.698,683.245
687.705,683.560
687.705,683.595
687.703,683.497
687.701,683.407
687.700,683.326
687.698,683.254
687.697,683.187
687.698,683.257
687.697,683.190
687.695,683.130
687.702,683.456
687.701,683.369
687.707,683.673
687.705,683.566
687.705,683.598
687.711,683.878
687.709,683.754
687.709,683.768
687.715,684.034
687.712,683.892
687.720,684.277
687.724,684.493
687.728,684.690
687.727,684.615
687.723,684.418
687.727,684.620
687.723,684.424
687.719,684.248
687.716,684.086
687.713,683.941
687.713,683.939
687.718,684.187
687.717,684.161
687.714,684.008
687.711,683.869
687.711,683.872
687.708,683.748
687.706,683.635
687.704,683.534
687.702,683.442
687.700,683.358
687.699,683.283
687.700,683.343
687.706,683.650
687.712,683.927
687.710,683.797
687.710,683.809
687.715,684.069
687.712,683.924
687.712,683.924
687.709,683.794
687.707,683.676
687.713,683.950
687.713,683.947
687.710,683.814
687.707,683.696
687.705,683.589
687.711,683.872
687.708,683.748
687.709,683.762
687.706,683.647
687.704,683.543
687.702,683.450
687.708,683.745
687.706,683.632
687.707,683.658
687.704,683.554
687.710,683.840
687.711,683.846
687.716,684.103
687.713,683.956
687.718,684.204
687.726,684.557
687.730,684.748
687.725,684.540
687.721,684.352
687.726,684.560
687.722,684.369
687.729,684.707
687.724,684.502
687.721,684.317
687.712,683.898
687.709,683.771
687.707,683.655
687.704,683.551
687.697,683.205
687.704,683.523
687.710,683.811
687.707,683.693
687.713,683.965
687.718,684.210
687.718,684.181
687.714,684.028
687.719,684.268
687.727,684.615
687.723,684.418
687.719,684.242
687.724,684.462
687.720,684.280
687.716,684.115
687.716,684.095
687.713,683.947
687.718,684.196
687.723,684.421
687.722,684.372
687.718,684.199
687.715,684.043
687.714,684.031
687.711,683.889
687.709,683.762
687.709,683.777
687.707,683.661
687.704,683.557
687.705,683.592
687.703,683.494
687.709,683.785
687.710,683.797
687.715,684.060
687.712,683.918
687.709,683.788
687.710,683.800
687.707,683.681
687.705,683.575
687.703,683.479
687.701,683.393
687.702,683.442
687.700,683.358
687.699,683.283
687.697,683.213
687.696,683.150
687.697,683.222
687.696,683.159
687.698,683.231
687.696,683.167
687.703,683.488
687.709,683.780
687.707,683.664
687.713,683.939
687.718,684.187
687.717,684.161
687.714,684.008
687.714,683.999
687.719,684.242
687.724,684.462
687.720,684.280
687.719,684.245
687.716,684.083
687.721,684.317
687.717,684.150
687.722,684.378
687.726,684.586
687.733,684.904
687.728,684.681
687.724,684.479
687.728,684.675
687.727,684.603
687.730,684.788
687.726,684.577
687.730,684.765
687.726,684.554
687.730,684.745
687.728,684.667
687.724,684.467
687.720,684.285
687.716,684.121
687.713,683.973
687.710,683.837
687.708,683.716
687.708,683.733
687.706,683.621
687.704,683.520
687.702,683.427
687.703,683.473
687.701,683.387
687.707,683.687
687.708,683.707
687.705,683.598
687.703,683.499
687.701,683.410
687.700,683.329
687.701,683.384
687.707,683.684
687.708,683.705
687.713,683.976
687.710,683.840
687.708,683.719
687.708,683.736
687.706,683.624
687.712,683.901
687.709,683.774
687.707,683.658
687.704,683.554
687.705,683.589
687.711,683.872
687.708,683.748
687.709,683.762
687.706,683.647
687.704,683.543
687.702,683.450
687.708,683.745
687.706,683.632
687.715,684.040
687.720,684.280
687.716,684.115
687.716,684.095
687.721,684.329
687.717,684.161
687.717,684.138
687.714,683.988
687.719,684.230
687.718,684.199
687.715,684.043
687.720,684.282
687.716,684.118
687.708,683.716
687.706,683.606
687.706,683.635
687.704,683.534
687.702,683.442
687.700,683.358
687.699,683.283
687.697,683.213
687.696,683.150
687.695,683.092
687.694,683.040
687.693,682.994
687.694,683.081
687.701,683.410
687.700,683.329
687.698,683.257
687.699,683.317
687.698,683.245
687.699,683.309
687.706,683.618
687.704,683.517
687.702,683.424
687.703,683.471
687.701,683.384
687.707,683.684
687.705,683.577
687.703,683.479
687.709,683.771
687.709,683.785
687.707,683.670
687.705,683.563
687.703,683.468
687.703,683.511
687.702,683.421
687.708,683.719
687.706,683.609
687.703,683.508
687.710,683.797
687.707,683.679
687.705,683.572
687.703,683.476
687.701,683.390
687.707,683.690
687.713,683.962
687.718,684.207
687.718,684.178
687.714,684.025
687.711,683.887
687.711,683.889
687.709,683.762
687.706,683.647
687.707,683.673
687.705,683.566
687.703,683.471
687.701,683.384
687.702,683.433
687.700,683.349
687.706,683.653
687.704,683.549
687.702,683.453
687.701,683.369
687.707,683.673
687.705,683.566
687.705,683.598
687.703,683.499
687.709,683.791
687.707,683.673
687.705,683.566
687.703,683.471
687.703,683.511
687.710,683.800
687.707,683.681
687.705,683.575
687.706,683.606
687.703,683.505
687.701,683.416
687.708,683.713
687.705,683.603
687.703,683.505
687.701,683.416
687.694,683.083
687.701,683.413
687.700,683.332
687.698,683.260
687.697,683.193
687.695,683.133
687.694,683.078
687.693,683.029
687.687,682.731
687.687,682.714
687.686,682.699
687.694,683.066
687.693,683.017
687.692,682.974
687.694,683.063
687.693,683.014
687.692,682.971
687.691,682.930
687.693,683.023
687.692,682.979
687.691,682.939
687.691,682.901
687.690,682.870
687.689,682.841
687.691,682.942
687.691,682.904
687.690,682.873
687.697,683.222
687.707,683.670
687.705,683.563
687.705,683.595
687.711,683.875
687.717,684.129
687.721,684.360
687.721,684.317
687.725,684.531
687.721,684.343
687.726,684.554
687.721,684.363
687.718,684.193
687.717,684.167
687.714,684.014
687.719,684.256
687.724,684.476
687.720,684.294
687.717,684.129
687.713,683.979
687.711,683.843
687.708,683.722
687.708,683.739
687.706,683.627
687.712,683.904
687.712,683.904
687.709,683.777
687.707,683.661
687.715,684.066
687.720,684.303
687.725,684.516
687.729,684.710
687.733,684.886
687.714,684.022
687.711,683.884
687.717,684.138
687.714,683.988
687.711,683.852
687.711,683.858
687.716,684.115
687.713,683.967
687.710,683.835
687.708,683.713
687.705,683.603
687.703,683.505
687.701,683.416
687.700,683.335
687.701,683.390
687.699,683.312
687.706,683.621
687.706,683.650
687.712,683.927
687.710,683.797
687.710,683.809
687.707,683.690
687.705,683.583
687.706,683.615
687.704,683.514
687.700,683.338
687.698,683.263
687.705,683.575
687.706,683.606
687.703,683.505
687.701,683.416
687.702,683.462
687.709,683.757
687.714,684.022
687.711,683.884
687.711,683.887
687.709,683.759
687.714,684.025
687.711,683.887
687.709,683.759
687.706,683.644
687.704,683.540
687.697,683.193
687.695,683.133
687.694,683.078
687.693,683.029
687.700,683.364
687.707,683.667
687.713,683.941
687.710,683.809
687.713,683.939
687.710,683.809
687.707,683.690
687.705,683.583
687.703,683.485
687.701,683.395
687.699,683.315
687.698,683.242
687.696,683.176
687.698,683.245
687.696,683.179
687.695,683.121
687.702,683.447
687.703,683.491
687.701,683.401
687.702,683.450
687.700,683.367
687.699,683.289
687.697,683.219
687.691,682.904
687.690,682.873
687.697,683.222
687.699,683.289
687.697,683.219
687.704,683.537
687.702,683.445
687.703,683.488
687.709,683.780
687.707,683.664
687.707,683.687
687.705,683.580
687.711,683.863
687.708,683.739
687.706,683.627
687.712,683.904
687.717,684.155
687.717,684.132
687.713,683.982
687.719,684.228
687.715,684.069
687.720,684.306
687.717,684.138
687.716,684.115
687.713,683.967
687.710,683.835
687.708,683.713
687.708,683.731
687.706,683.618
687.704,683.517
687.704,683.554
687.702,683.459
687.709,683.754
687.709,683.768
687.706,683.653
687.704,683.549
687.702,683.453
687.708,683.748
687.706,683.635
687.704,683.534
687.705,683.569
687.711,683.852
687.708,683.728
687.706,683.615
687.706,683.644
687.704,683.540
687.705,683.575
687.711,683.858
687.708,683.733
687.706,683.621
687.704,683.520
687.702,683.427
687.708,683.725
687.708,683.742
687.714,684.011
687.711,683.872
687.708,683.748
687.709,683.762
687.706,683.647
687.704,683.543
687.702,683.450
687.695,683.112
687.694,683.060
687.693,683.011
687.692,682.968
687.691,682.927
687.690,682.893
687.690,682.861
687.692,682.962
687.699,683.303
687.698,683.231
687.699,683.294
687.697,683.225
687.696,683.161
687.695,683.104
687.688,682.800
687.688,682.777
687.688,682.757
687.682,682.485
687.682,682.491
687.682,682.497
687.682,682.503
687.682,682.509
687.685,682.641
687.685,682.633
687.685,682.627
687.685,682.621
687.685,682.615
687.684,682.610
687.684,682.604
687.684,682.598
687.687,682.722
687.687,682.708
687.686,682.693
687.686,682.682
687.694,683.049
687.701,683.381
687.699,683.303
687.698,683.231
687.699,683.294
687.697,683.225
687.696,683.161
687.703,683.485
687.701,683.395
687.699,683.315
687.701,683.372
687.699,683.294
687.697,683.225
687.696,683.161
687.695,683.104
687.688,682.800
687.688,682.777
687.688,682.757
687.682,682.485
687.682,682.491
687.682,682.497
687.690,682.884
687.692,682.982
687.691,682.942
687.691,682.904
687.690,682.873
687.689,682.844
687.689,682.818
687.688,682.792
687.696,683.150
687.689,682.841
687.689,682.815
687.688,682.792
687.691,682.899
687.690,682.867
687.689,682.838
687.697,683.190
687.695,683.130
687.694,683.075
687.693,683.026
687.692,682.982
687.694,683.072
687.693,683.023
687.700,683.358
687.701,683.410
687.700,683.329
687.698,683.257
687.697,683.190
687.698,683.260
687.697,683.193
687.695,683.133
687.694,683.078
687.693,683.029
687.692,682.982
687.691,682.942
687.691,682.904
687.693,683.000
687.692,682.956
687.694,683.046
687.693,683.000
687.692,682.956
687.691,682.919
687.693,683.014
687.692,682.971
687.699,683.312
687.698,683.239
687.696,683.176
687.703,683.497
687.701,683.407
687.700,683.326
687.698,683.254
687.697,683.187
687.695,683.127
687.697,683.202
687.696,683.141
687.689,682.835
687.689,682.809
687.688,682.786
687.688,682.763
687.687,682.743
687.687,682.725
687.687,682.708
687.686,682.693
687.694,683.060
687.701,683.393
687.699,683.315
687.701,683.372
687.699,683.294
687.697,683.225
687.696,683.161
687.695,683.104
687.702,683.433
687.708,683.731
687.698,683.239
687.699,683.303
687.698,683.231
687.696,683.167
687.695,683.109
687.697,683.185
687.695,683.124
687.694,683.069
687.693,683.020
687.687,682.725
687.687,682.708
687.686,682.693
687.678,682.301
687.678,682.324
687.682,682.474
687.682,682.483
687.682,682.488
687.685,682.624
687.685,682.618
687.685,682.613
687.684,682.607
687.687,682.731
687.687,682.714
687.686,682.699
687.681,682.433
687.681,682.445
687.681,682.457
687.681,682.465
687.682,682.474
687.682,682.483
687.682,682.488
687.682,682.494
687.682,682.500
687.682,682.506
687.682,682.511
687.682,682.517
687.685,682.650
687.677,682.260
687.678,682.289
687.678,682.315
687.679,682.338
687.679,682.358
687.680,682.379
687.683,682.523
687.683,682.526
687.683,682.529
687.685,682.659
687.685,682.650
687.685,682.641
687.680,682.381
687.680,682.399
687.688,682.795
687.688,682.771
687.687,682.751
687.690,682.861
687.681,682.454
687.681,682.462
687.684,682.601
687.684,682.598
687.684,682.595
687.684,682.592
687.684,682.589
687.687,682.714
687.686,682.699
687.686,682.685
687.688,682.800
687.688,682.777
687.688,682.757
687.687,682.737
687.687,682.719
687.686,682.705
687.686,682.691
687.686,682.679
687.686,682.667
687.685,682.656
687.685,682.647
687.685,682.639
687.680,682.379
687.680,682.396
687.680,682.410
687.681,682.425
687.681,682.436
687.681,682.448
687.681,682.459
687.676,682.217
687.677,682.249
687.677,682.277
687.678,682.303
687.678,682.327
687.682,682.477
687.690,682.864
687.697,683.213
687.699,683.280
687.697,683.211
687.696,683.150
687.695,683.092
687.702,683.421
687.703,683.468
687.701,683.381
687.699,683.303
687.700,683.361
687.699,683.286
687.697,683.216
687.696,683.153
687.695,683.095
687.696,683.173
687.703,683.494
687.701,683.404
687.700,683.323
687.698,683.251
687.697,683.185
687.695,683.124
687.697,683.199
687.696,683.138
687.702,683.462
687.701,683.375
687.699,683.297
687.698,683.228
687.696,683.164
687.698,683.237
687.696,683.173
687.695,683.115
687.694,683.063
687.693,683.014
687.692,682.971
687.691,682.930
687.690,682.896
687.693,682.991
687.692,682.951
687.691,682.913
687.690,682.878
687.692,682.977
687.691,682.936
687.693,683.029
687.692,682.982
687.691,682.942
687.691,682.904
687.690,682.873
687.692,682.971
687.691,682.930
687.690,682.896
687.693,682.991
687.692,682.951
687.691,682.913
687.690,682.878
687.692,682.977
687.691,682.936
687.691,682.901
687.690,682.870
687.692,682.968
687.691,682.927
687.690,682.893
687.690,682.861
687.692,682.962
687.691,682.925
687.690,682.890
687.690,682.858
687.697,683.211
687.696,683.150
687.695,683.092
687.688,682.789
687.688,682.766
687.687,682.745
687.687,682.728
687.681,682.459
687.681,682.468
687.682,682.477
687.676,682.231
687.674,682.136
687.675,682.176
687.679,682.341
687.679,682.361
687.680,682.379
687.680,682.396
687.680,682.410
687.681,682.425
687.681,682.436
687.681,682.448
687.684,682.587
687.684,682.584
687.684,682.581
687.684,682.578
687.684,682.575
687.684,682.572
687.684,682.572
687.684,682.572
687.684,682.572
687.686,682.699
687.686,682.685
687.686,682.673
687.678,682.283
687.678,682.309
687.679,682.332
687.682,682.471
687.674,682.098
687.675,682.142
687.675,682.182
687.676,682.217
687.677,682.249
687.677,682.277
687.678,682.303
687.678,682.327
687.679,682.350
687.679,682.370
687.680,682.387
687.680,682.405
687.675,682.168
687.676,682.205
687.677,682.240
687.677,682.269
687.678,682.298
687.673,682.069
687.674,682.116
687.667,681.778
687.668,681.853
687.673,682.049
687.674,682.098
687.675,682.142
687.683,682.561
687.683,682.561
687.683,682.561
687.683,682.561
687.686,682.688
687.686,682.676
687.678,682.286
687.678,682.312
687.673,682.084
687.674,682.130
687.675,682.171
687.676,682.208
687.677,682.243
687.672,682.020
687.673,682.072
687.674,682.118
687.675,682.159
687.678,682.327
687.671,681.968
687.672,682.023
687.673,682.075
687.674,682.121
687.675,682.162
687.676,682.199
687.677,682.234
687.669,681.884
687.670,681.948
687.674,682.136
687.675,682.176
687.676,682.214
687.677,682.246
687.677,682.275
687.678,682.301
687.678,682.324
687.679,682.347
687.682,682.494
687.674,682.121
687.675,682.162
687.676,682.199
687.671,681.983
687.667,681.786
687.669,681.858
687.670,681.925
687.671,681.986
687.672,682.040
687.668,681.838
687.662,681.526
687.664,681.624
687.657,681.333
687.663,681.578
687.665,681.671
687.666,681.754
687.668,681.830
687.669,681.899
687.671,681.962
687.664,681.639
687.666,681.726
687.659,681.425
687.662,681.532
687.658,681.379
687.661,681.492
687.663,681.593
687.665,681.685
687.675,682.147
687.676,682.188
687.676,682.223
687.677,682.254
687.678,682.283
687.681,682.439
687.681,682.451
687.681,682.462
687.682,682.471
687.682,682.480
687.674,682.107
687.675,682.150
687.676,682.188
687.679,682.353
687.679,682.373
687.680,682.390
687.680,682.407
687.672,682.040
687.673,682.090
687.674,682.133
687.675,682.173
687.676,682.211
687.679,682.373
687.680,682.390
687.680,682.407
687.680,682.422
687.681,682.433
687.681,682.445
687.681,682.457
687.681,682.465
687.676,682.223
687.677,682.254
687.670,681.905
687.671,681.965
687.672,682.023
687.668,681.821
687.669,681.890
687.671,681.954
687.672,682.012
687.673,682.064
687.666,681.731
687.668,681.809
687.669,681.882
687.670,681.945
687.664,681.624
687.666,681.714
687.662,681.544
687.664,681.639
687.658,681.347
687.652,681.081
687.647,680.842
687.653,681.133
687.656,681.269
687.651,681.012
687.646,680.778
687.649,680.948
687.645,680.723
687.640,680.518
687.636,680.333
687.641,680.544
687.637,680.356
687.633,680.186
687.630,680.033
687.635,680.272
687.634,680.238
687.634,680.206
687.630,680.050
687.627,679.908
687.625,679.781
687.622,679.666
687.623,679.689
687.623,679.709
687.624,679.729
687.629,679.998
687.626,679.862
687.624,679.738
687.621,679.625
687.622,679.651
687.628,679.929
687.625,679.799
687.623,679.680
687.628,679.955
687.634,680.203
687.638,680.428
687.643,680.631
687.638,680.434
687.635,680.255
687.631,680.093
687.628,679.949
687.625,679.816
687.626,679.825
687.626,679.833
687.631,680.093
687.636,680.327
687.633,680.160
687.638,680.388
687.637,680.342
687.636,680.301
687.635,680.264
687.631,680.102
687.636,680.336
687.641,680.547
687.637,680.359
687.641,680.567
687.645,680.758
687.649,680.928
687.652,681.084
687.655,681.226
687.653,681.102
687.647,680.859
687.643,680.639
687.647,680.821
687.642,680.608
687.641,680.541
687.645,680.732
687.648,680.905
687.652,681.061
687.649,680.951
687.645,680.723
687.648,680.896
687.652,681.055
687.655,681.197
687.649,680.946
687.647,680.847
687.651,681.009
687.654,681.156
687.649,680.911
687.647,680.816
687.650,680.980
687.645,680.749
687.641,680.541
687.645,680.732
687.648,680.905
687.652,681.061
687.655,681.203
687.657,681.333
687.652,681.070
687.655,681.211
687.650,680.960
687.647,680.859
687.643,680.639
687.639,680.443
687.643,680.645
687.641,680.576
687.637,680.385
687.634,680.212
687.638,680.434
687.635,680.255
687.639,680.475
687.635,680.293
687.635,680.255
687.639,680.475
687.644,680.674
687.647,680.853
687.654,681.145
687.648,680.899
687.652,681.058
687.655,681.200
687.649,680.948
687.653,681.102
687.647,680.859
687.643,680.639
687.639,680.443
687.643,680.645
687.639,680.449
687.635,680.269
687.642,680.616
687.638,680.420
687.642,680.622
687.646,680.807
687.642,680.593
687.638,680.400
687.645,680.735
687.648,680.908
687.644,680.686
687.640,680.483
687.638,680.428
687.635,680.252
687.639,680.472
687.635,680.290
687.640,680.506
687.636,680.322
687.641,680.535
687.639,680.475
687.635,680.293
687.640,680.509
687.636,680.324
687.635,680.284
687.635,680.249
687.631,680.090
687.636,680.324
687.641,680.538
687.639,680.478
687.638,680.423
687.637,680.374
687.642,680.582
687.638,680.391
687.642,680.596
687.646,680.784
687.649,680.951
687.647,680.853
687.651,681.015
687.646,680.781
687.641,680.570
687.645,680.758
687.652,681.058
687.649,680.948
687.645,680.723
687.640,680.518
687.636,680.333
687.641,680.544
687.640,680.483
687.644,680.680
687.647,680.859
687.651,681.021
687.654,681.168
687.657,681.301
687.659,681.419
687.654,681.148
687.656,681.281
687.659,681.402
687.653,681.133
687.648,680.888
687.646,680.795
687.650,680.963
687.653,681.116
687.656,681.252
687.653,681.125
687.656,681.260
687.659,681.385
687.653,681.116
687.648,680.873
687.643,680.654
687.647,680.836
687.642,680.619
687.638,680.423
687.635,680.246
687.639,680.466
687.638,680.414
687.642,680.619
687.638,680.423
687.643,680.625
687.641,680.556
687.637,680.365
687.641,680.573
687.645,680.761
687.649,680.931
687.647,680.833
687.650,680.998
687.646,680.766
687.649,680.937
687.644,680.712
687.648,680.888
687.651,681.047
687.646,680.810
687.650,680.977
687.653,681.128
687.656,681.263
687.653,681.133
687.656,681.269
687.659,681.390
687.653,681.122
687.648,680.879
687.646,680.787
687.636,680.322
687.635,680.281
687.640,680.498
687.636,680.313
687.635,680.275
687.634,680.241
687.634,680.209
687.630,680.053
687.635,680.290
687.632,680.125
687.629,679.978
687.634,680.223
687.639,680.446
687.643,680.648
687.647,680.830
687.650,680.995
687.653,681.142
687.648,680.896
687.644,680.674
687.639,680.475
687.644,680.674
687.647,680.853
687.643,680.636
687.639,680.440
687.643,680.642
687.639,680.446
687.635,680.267
687.634,680.232
687.631,680.073
687.628,679.929
687.625,679.799
687.623,679.680
687.628,679.955
687.628,679.949
687.625,679.816
687.623,679.697
687.629,679.969
687.629,679.963
687.626,679.830
687.623,679.709
687.629,679.981
687.634,680.226
687.631,680.067
687.628,679.926
687.633,680.177
687.630,680.024
687.627,679.885
687.624,679.761
687.639,680.478
687.636,680.295
687.640,680.509
687.636,680.324
687.635,680.284
687.635,680.249
687.639,680.469
687.635,680.287
687.632,680.122
687.637,680.353
687.641,680.564
687.637,680.374
687.642,680.582
687.638,680.391
687.634,680.217
687.639,680.440
687.635,680.261
687.639,680.480
687.638,680.426
687.643,680.628
687.646,680.813
687.642,680.599
687.641,680.532
687.647,680.853
687.651,681.015
687.639,680.463
687.635,680.284
687.632,680.119
687.631,680.099
687.628,679.952
687.625,679.819
687.631,680.079
687.628,679.934
687.633,680.183
687.638,680.408
687.634,680.232
687.631,680.073
687.636,680.310
687.632,680.145
687.640,680.504
687.644,680.700
687.640,680.498
687.636,680.313
687.635,680.275
687.634,680.241
687.631,680.082
687.628,679.937
687.625,679.807
687.623,679.689
687.620,679.582
687.618,679.487
687.617,679.400
687.615,679.322
687.613,679.250
687.612,679.183
687.611,679.125
687.618,679.452
687.616,679.368
687.617,679.420
687.615,679.339
687.614,679.267
687.620,679.579
687.618,679.484
687.619,679.524
687.620,679.562
687.626,679.848
687.632,680.105
687.636,680.339
687.641,680.550
687.648,680.870
687.646,680.778
687.649,680.948
687.645,680.723
687.648,680.896
687.644,680.674
687.647,680.853
687.643,680.636
687.639,680.440
687.643,680.642
687.639,680.446
687.643,680.648
687.639,680.449
687.635,680.269
687.642,680.616
687.638,680.420
687.642,680.622
687.646,680.807
687.650,680.974
687.656,681.255
687.658,681.379
687.661,681.492
687.663,681.593
687.665,681.685
687.667,681.769
687.660,681.466
687.654,681.188
687.657,681.318
687.660,681.437
687.662,681.544
687.656,681.260
687.659,681.385
687.661,681.497
687.655,681.217
687.658,681.344
687.655,681.208
687.652,681.084
687.655,681.226
687.650,680.972
687.653,681.122
687.651,681.006
687.654,681.154
687.656,681.286
687.651,681.026
687.654,681.171
687.649,680.922
687.644,680.697
687.640,680.495
687.636,680.310
687.640,680.524
687.636,680.339
687.633,680.171
687.638,680.400
687.637,680.353
687.636,680.310
687.640,680.524
687.644,680.717
687.648,680.894
687.652,681.052
687.655,681.197
687.649,680.946
687.647,680.847
687.643,680.631
687.638,680.434
687.635,680.255
687.631,680.093
687.628,679.949
687.628,679.946
687.628,679.943
687.633,680.191
687.638,680.417
687.642,680.619
687.638,680.423
687.643,680.625
687.638,680.428
687.635,680.252
687.631,680.090
687.636,680.324
687.641,680.538
687.639,680.478
687.644,680.674
687.647,680.853
687.651,681.015
687.649,680.911
687.652,681.067
687.647,680.830
687.650,680.995
687.645,680.764
687.649,680.934
687.652,681.087
687.655,681.226
687.650,680.972
687.645,680.743
687.649,680.917
687.652,681.073
687.647,680.833
687.645,680.746
687.649,680.920
687.644,680.694
687.648,680.870
687.643,680.651
687.639,680.452
687.635,680.272
687.634,680.238
687.634,680.206
687.630,680.050
687.627,679.908
687.625,679.781
687.622,679.666
687.623,679.689
687.628,679.960
687.626,679.827
687.623,679.706
687.629,679.978
687.629,679.972
687.629,679.966
687.626,679.833
687.623,679.712
687.621,679.602
687.627,679.882
687.624,679.758
687.622,679.645
687.620,679.541
687.620,679.576
687.618,679.481
687.617,679.394
687.615,679.316
687.613,679.244
687.612,679.180
687.619,679.501
687.625,679.793
687.625,679.804
687.623,679.686
687.620,679.579
687.626,679.862
687.632,680.119
687.629,679.972
687.626,679.839
687.631,680.099
687.628,679.952
687.625,679.819
687.623,679.700
687.621,679.593
687.619,679.495
687.628,679.914
687.633,680.165
687.630,680.012
687.627,679.874
687.632,680.128
687.632,680.108
687.631,680.087
687.636,680.322
687.633,680.154
687.637,680.382
687.642,680.590
687.638,680.397
687.629,679.969
687.626,679.836
687.631,680.096
687.628,679.952
687.634,680.200
687.630,680.044
687.627,679.903
687.633,680.154
687.629,680.004
687.627,679.868
687.632,680.125
687.629,679.978
687.637,680.350
687.641,680.561
687.645,680.752
687.649,680.922
687.644,680.697
687.642,680.622
687.646,680.807
687.650,680.974
687.645,680.746
687.649,680.920
687.644,680.694
687.648,680.870
687.643,680.651
687.639,680.452
687.643,680.651
687.639,680.452
687.635,680.272
687.640,680.489
687.644,680.686
687.650,680.992
687.648,680.888
687.651,681.047
687.646,680.810
687.650,680.977
687.648,680.876
687.643,680.657
687.639,680.457
687.635,680.278
687.640,680.495
687.636,680.310
687.632,680.145
687.637,680.374
687.642,680.582
687.646,680.769
687.644,680.688
687.648,680.868
687.643,680.648
687.639,680.449
687.643,680.648
687.642,680.579
687.638,680.388
687.634,680.215
687.639,680.437
687.635,680.258
687.639,680.478
687.636,680.295
687.640,680.509
687.644,680.703
687.640,680.501
687.644,680.697
687.640,680.495
687.644,680.691
687.642,680.616
687.638,680.420
687.634,680.243
687.631,680.085
687.636,680.319
687.635,680.278
687.640,680.495
687.636,680.310
687.632,680.145
687.629,679.995
687.626,679.859
687.624,679.735
687.621,679.622
687.627,679.903
687.625,679.775
687.622,679.660
687.620,679.556
687.618,679.461
687.619,679.504
687.625,679.796
687.631,680.059
687.628,679.917
687.633,680.168
687.632,680.142
687.632,680.119
687.637,680.350
687.633,680.180
687.638,680.405
687.642,680.610
687.641,680.544
687.637,680.356
687.633,680.186
687.638,680.411
687.642,680.616
687.646,680.801
687.642,680.587
687.638,680.394
687.634,680.220
687.631,680.061
687.636,680.298
687.640,680.512
687.636,680.327
687.643,680.668
687.639,680.469
687.643,680.668
687.647,680.847
687.645,680.758
687.644,680.677
687.647,680.856
687.651,681.018
687.646,680.784
687.641,680.573
687.640,680.509
687.636,680.324
687.641,680.538
687.645,680.729
687.640,680.524
687.639,680.466
687.638,680.414
687.634,680.238
687.631,680.079
687.628,679.934
687.625,679.804
687.625,679.813
687.631,680.073
687.628,679.929
687.625,679.799
687.623,679.680
687.620,679.573
687.621,679.605
687.627,679.885
687.632,680.139
687.637,680.371
687.642,680.579
687.638,680.388
687.634,680.215
687.633,680.186
687.638,680.411
687.642,680.616
687.638,680.420
687.634,680.243
687.642,680.593
687.646,680.781
687.641,680.570
687.645,680.758
687.641,680.550
687.640,680.489
687.644,680.686
687.648,680.865
687.651,681.026
687.646,680.792
687.642,680.582
687.646,680.769
687.649,680.940
687.652,681.093
687.647,680.853
687.651,681.015
687.654,681.162
687.659,681.422
687.654,681.151
687.656,681.284
687.659,681.405
687.653,681.133
687.648,680.888
687.643,680.668
687.639,680.469
687.635,680.287
687.632,680.122
687.629,679.975
687.634,680.220
687.631,680.061
687.628,679.920
687.625,679.790
687.630,680.053
687.627,679.911
687.625,679.784
687.622,679.669
687.620,679.565
687.618,679.469
687.616,679.383
687.615,679.305
687.613,679.235
687.612,679.172
687.619,679.492
687.617,679.403
687.615,679.322
687.616,679.377
687.623,679.680
687.628,679.955
687.626,679.822
687.626,679.830
687.626,679.839
687.623,679.718
687.621,679.608
687.619,679.510
687.617,679.420
687.618,679.466
687.619,679.510
687.617,679.420
687.623,679.718
687.621,679.608
687.619,679.510
687.617,679.420
687.623,679.718
687.621,679.608
687.627,679.888
687.624,679.761
687.630,680.027
687.630,680.015
687.635,680.258
687.639,680.478
687.636,680.295
687.640,680.509
687.644,680.703
687.648,680.879
687.643,680.660
687.639,680.460
687.635,680.281
687.632,680.116
687.629,679.969
687.637,680.345
687.627,679.905
687.625,679.778
687.633,680.171
687.632,680.145
687.637,680.374
687.634,680.200
687.630,680.044
687.627,679.903
687.627,679.903
687.627,679.903
687.625,679.775
687.630,680.041
687.627,679.900
687.625,679.773
687.630,680.038
687.627,679.897
687.624,679.770
687.622,679.654
687.620,679.550
687.618,679.458
687.624,679.752
687.630,680.018
687.627,679.879
687.624,679.755
687.622,679.643
687.649,680.940
687.652,681.093
687.655,681.232
687.650,680.977
687.653,681.128
687.656,681.263
687.651,681.006
687.654,681.154
687.648,680.908
687.646,680.813
687.642,680.599
687.638,680.405
687.642,680.610
687.646,680.795
687.650,680.963
687.653,681.116
687.656,681.252
687.658,681.376
687.661,681.489
687.658,681.338
687.663,681.584
687.657,681.298
687.651,681.038
687.654,681.182
687.652,681.061
687.649,680.951
687.645,680.723
687.640,680.518
687.644,680.712
687.640,680.506
687.644,680.703
687.640,680.501
687.644,680.697
687.648,680.873
687.651,681.032
687.654,681.177
687.657,681.307
687.651,681.047
687.657,681.318
687.654,681.185
687.649,680.937
687.644,680.712
687.648,680.888
687.643,680.668
687.642,680.596
687.646,680.784
687.649,680.951
687.653,681.104
687.658,681.370
687.653,681.104
687.648,680.862
687.651,681.024
687.654,681.171
687.660,681.431
687.654,681.159
687.649,680.914
687.644,680.691
687.642,680.616
687.646,680.801
687.650,680.969
687.653,681.119
687.656,681.255
687.650,680.998
687.646,680.766
687.644,680.686
687.648,680.865
687.651,681.026
687.654,681.171
687.643,680.671
687.642,680.599
687.638,680.405
687.634,680.229
687.639,680.452
687.643,680.651
687.642,680.582
687.648,680.899
687.652,681.058
687.647,680.821
687.642,680.608
687.646,680.792
687.642,680.582
687.640,680.518
687.644,680.712
687.648,680.888
687.651,681.047
687.646,680.810
687.645,680.723
687.643,680.645
687.639,680.449
687.635,680.269
687.632,680.108
687.628,679.960
687.628,679.955
687.628,679.949
687.633,680.197
687.638,680.423
687.643,680.625
687.638,680.428
687.643,680.631
687.646,680.813
687.642,680.599
687.638,680.405
687.634,680.229
687.639,680.452
687.635,680.272
687.632,680.111
687.631,680.090
687.636,680.324
687.633,680.157
687.637,680.385
687.634,680.212
687.630,680.056
687.630,680.041
687.635,680.281
687.632,680.116
687.629,679.969
687.626,679.836
687.631,680.096
687.628,679.952
687.628,679.949
687.628,679.946
687.625,679.816
687.623,679.697
687.621,679.591
687.619,679.492
687.625,679.784
687.625,679.796
687.631,680.059
687.628,679.917
687.625,679.787
687.622,679.671
687.620,679.567
687.621,679.599
687.619,679.501
687.612,679.160
687.605,678.851
687.596,678.444
687.589,678.074
687.590,678.120
687.591,678.163
687.591,678.201
687.592,678.236
687.601,678.646
687.601,678.637
687.603,678.759
687.611,679.120
687.610,679.068
687.617,679.400
687.623,679.700
687.621,679.593
687.619,679.495
687.617,679.406
687.615,679.325
687.614,679.253
687.612,679.186
687.606,678.874
687.605,678.845
687.604,678.819
687.604,678.796
687.603,678.773
687.603,678.753
687.603,678.735
687.602,678.718
687.605,678.831
687.607,678.932
687.606,678.897
687.613,679.247
687.620,679.562
687.618,679.466
687.616,679.380
687.615,679.302
687.616,679.359
687.617,679.411
687.623,679.712
687.621,679.602
687.627,679.882
687.624,679.758
687.622,679.645
687.628,679.923
687.628,679.923
687.633,680.174
687.638,680.400
687.642,680.605
687.638,680.411
687.634,680.235
687.634,680.203
687.638,680.428
687.643,680.631
687.638,680.434
687.643,680.636
687.641,680.567
687.637,680.376
687.642,680.584
687.646,680.772
687.649,680.943
687.644,680.717
687.648,680.894
687.643,680.671
687.639,680.472
687.635,680.290
687.632,680.125
687.637,680.356
687.633,680.186
687.630,680.033
687.627,679.894
687.624,679.767
687.622,679.651
687.620,679.547
687.618,679.455
687.616,679.371
687.614,679.293
687.621,679.602
687.627,679.882
687.624,679.758
687.622,679.645
687.620,679.541
687.618,679.449
687.616,679.365
687.614,679.290
687.613,679.221
687.612,679.157
687.613,679.229
687.606,678.915
687.614,679.261
687.620,679.576
687.626,679.859
687.626,679.865
687.624,679.741
687.630,680.009
687.635,680.252
687.631,680.090
687.628,679.946
687.636,680.324
687.633,680.157
687.629,680.007
687.627,679.871
687.632,680.125
687.637,680.356
687.641,680.564
687.640,680.501
687.636,680.316
687.641,680.530
687.645,680.723
687.640,680.518
687.647,680.842
687.643,680.625
687.638,680.428
687.635,680.252
687.634,680.220
687.633,680.191
687.641,680.544
687.637,680.356
687.633,680.186
687.638,680.411
687.634,680.235
687.631,680.076
687.628,679.931
687.633,680.180
687.638,680.405
687.634,680.229
687.631,680.070
687.628,679.926
687.633,680.177
687.630,680.024
687.627,679.885
687.632,680.139
687.637,680.371
687.634,680.200
687.630,680.044
687.635,680.284
687.632,680.119
687.629,679.972
687.634,680.217
687.639,680.440
687.635,680.261
687.639,680.480
687.636,680.298
687.640,680.512
687.636,680.327
687.633,680.160
687.632,680.137
687.632,680.113
687.629,679.966
687.634,680.212
687.633,680.183
687.633,680.157
687.637,680.385
687.634,680.212
687.630,680.056
687.635,680.293
687.635,680.255
687.639,680.475
687.635,680.293
687.632,680.128
687.637,680.359
687.641,680.567
687.637,680.376
687.636,680.333
687.641,680.544
687.645,680.735
687.641,680.530
687.645,680.723
687.643,680.645
687.639,680.449
687.635,680.269
687.632,680.108
687.637,680.342
687.641,680.553
687.645,680.743
687.649,680.917
687.644,680.694
687.640,680.492
687.644,680.688
687.640,680.486
687.638,680.431
687.635,680.255
687.639,680.475
687.635,680.293
687.632,680.128
687.629,679.981
687.634,680.226
687.631,680.067
687.628,679.926
687.625,679.796
687.622,679.677
687.628,679.952
687.625,679.819
687.631,680.079
687.628,679.934
687.625,679.804
687.625,679.813
687.626,679.822
687.631,680.082
687.628,679.937
687.625,679.807
687.625,679.816
687.626,679.825
687.623,679.706
687.621,679.596
687.619,679.498
687.617,679.409
687.623,679.709
687.621,679.599
687.619,679.501
687.620,679.539
687.620,679.573
687.618,679.478
687.616,679.391
687.615,679.313
687.613,679.241
687.612,679.177
687.613,679.247
687.612,679.183
687.619,679.504
687.617,679.414
687.615,679.333
687.622,679.640
687.622,679.666
687.631,680.070
687.636,680.307
687.640,680.521
687.644,680.714
687.648,680.891
687.643,680.668
687.647,680.847
687.643,680.631
687.646,680.813
687.642,680.599
687.638,680.405
687.634,680.229
687.631,680.070
687.630,680.056
687.628,679.914
687.625,679.787
687.622,679.671
687.620,679.567
687.613,679.218
687.606,678.903
687.608,678.998
687.607,678.958
687.607,678.920
687.606,678.886
687.613,679.235
687.620,679.550
687.626,679.836
687.623,679.715
687.621,679.605
687.627,679.885
687.624,679.761
687.622,679.648
687.620,679.544
687.618,679.452
687.624,679.747
687.622,679.634
687.619,679.533
687.617,679.440
687.616,679.357
687.614,679.281
687.613,679.212
687.611,679.151
687.610,679.097
687.609,679.045
687.608,678.998
687.607,678.958
687.615,679.302
687.613,679.232
687.612,679.169
687.611,679.111
687.609,679.059
687.616,679.391
687.615,679.313
687.613,679.241
687.620,679.556
687.618,679.461
687.619,679.504
687.617,679.414
687.615,679.333
687.622,679.640
687.620,679.539
687.620,679.573
687.621,679.605
687.627,679.885
687.624,679.761
687.622,679.648
687.620,679.544
687.626,679.830
687.626,679.839
687.626,679.845
687.623,679.723
687.621,679.614
687.619,679.513
687.617,679.423
687.618,679.469
687.619,679.510
687.617,679.420
687.623,679.718
687.621,679.608
687.619,679.510
687.620,679.547
687.620,679.582
687.618,679.487
687.625,679.778
687.622,679.663
687.620,679.559
687.621,679.593
687.619,679.495
687.625,679.787
687.622,679.671
687.623,679.695
687.621,679.588
687.656,681.278
687.651,681.021
687.654,681.168
687.657,681.301
687.651,681.041
687.649,680.934
687.652,681.087
687.655,681.226
687.661,681.480
687.663,681.581
687.665,681.674
687.666,681.757
687.660,681.454
687.662,681.558
687.656,681.272
687.661,681.523
687.664,681.622
687.665,681.711
687.670,681.919
687.671,681.980
687.672,682.035
687.673,682.084
687.674,682.130
687.678,682.301
687.678,682.324
687.684,682.610
687.684,682.604
687.687,682.728
687.687,682.711
687.686,682.696
687.686,682.682
687.680,682.419
687.689,682.812
687.696,683.167
687.698,683.237
687.696,683.173
687.695,683.115
687.694,683.063
687.696,683.144
687.695,683.089
687.693,683.037
687.695,683.121
687.694,683.066
687.693,683.017
687.692,682.974
687.694,683.063
687.693,683.014
687.692,682.971
687.691,682.930
687.690,682.896
687.690,682.864
687.692,682.962
687.691,682.925
687.690,682.890
687.692,682.988
687.692,682.948
687.694,683.040
687.693,682.994
687.692,682.953
687.699,683.297
687.706,683.606
687.703,683.505
687.701,683.416
687.702,683.462
687.701,683.375
687.702,683.427
687.708,683.725
687.706,683.615
687.706,683.644
687.712,683.921
687.709,683.791
687.718,684.184
687.714,684.028
687.714,684.017
687.711,683.878
687.717,684.132
687.716,684.112
687.713,683.965
687.718,684.210
687.718,684.181
687.722,684.407
687.721,684.360
687.726,684.568
687.722,684.378
687.721,684.334
687.725,684.545
687.729,684.736
687.733,684.909
687.736,685.065
687.739,685.207
687.742,685.334
687.744,685.450
687.747,685.554
687.741,685.268
687.743,685.389
687.745,685.499
687.756,685.978
687.757,686.033
687.758,686.082
687.761,686.256
687.762,686.285
687.763,686.311
687.766,686.464
687.766,686.472
687.769,686.611
687.769,686.605
687.769,686.599
687.769,686.594
687.771,686.721
687.771,686.703
687.773,686.819
687.773,686.793
687.772,686.770
687.772,686.750
687.780,687.111
687.778,687.059
687.785,687.391
687.792,687.691
687.798,687.963
687.803,688.209
687.807,688.431
687.814,688.763
687.810,688.552
687.806,688.362
687.802,688.188
687.807,688.414
687.811,688.616
687.810,688.550
687.814,688.740
687.812,688.662
687.816,688.841
687.812,688.625
687.807,688.428
687.812,688.630
687.815,688.812
687.819,688.977
687.822,689.127
687.820,689.012
687.823,689.159
687.820,689.041
687.815,688.804
687.819,688.968
687.822,689.119
687.817,688.876
687.820,689.035
687.823,689.179
687.826,689.309
687.820,689.046
687.823,689.188
687.818,688.937
687.813,688.711
687.809,688.506
687.813,688.700
687.817,688.876
687.820,689.035
687.815,688.798
687.819,688.966
687.817,688.864
687.820,689.023
687.826,689.298
687.828,689.416
687.825,689.275
687.820,689.015
687.823,689.162
687.826,689.295
687.820,689.035
687.818,688.928
687.821,689.081
687.827,689.350
687.829,689.462
687.826,689.315
687.829,689.434
687.826,689.289
687.823,689.159
687.826,689.292
687.831,689.540
687.825,689.257
687.822,689.130
687.825,689.266
687.822,689.139
687.825,689.272
687.828,689.393
687.833,689.633
687.827,689.341
687.824,689.205
687.826,689.332
687.832,689.578
687.834,689.671
687.830,689.503
687.832,689.601
687.834,689.691
687.828,689.393
687.830,689.503
687.832,689.601
687.834,689.691
687.836,689.772
687.837,689.847
687.841,690.043
687.843,690.092
687.843,690.136
687.844,690.176
687.845,690.211
687.840,689.991
687.841,690.043
687.845,690.222
687.846,690.254
687.847,690.283
687.847,690.309
687.840,689.951
687.833,689.627
687.835,689.714
687.831,689.543
687.833,689.639
687.829,689.474
687.824,689.197
687.826,689.327
687.832,689.572
687.833,689.665
687.838,689.879
687.839,689.942
687.843,690.130
687.844,690.170
687.837,689.827
687.833,689.645
687.835,689.731
687.828,689.428
687.831,689.535
687.833,689.630
687.835,689.717
687.831,689.546
687.825,689.260
687.828,689.382
687.822,689.113
687.825,689.249
687.822,689.122
687.825,689.257
687.830,689.512
687.832,689.610
687.837,689.829
687.838,689.899
687.840,689.959
687.841,690.014
687.842,690.066
687.843,690.113
687.836,689.775
687.837,689.847
687.839,689.913
687.832,689.593
687.834,689.682
687.830,689.514
687.832,689.613
687.834,689.702
687.828,689.402
687.822,689.130
687.825,689.266
687.820,689.009
687.823,689.156
687.828,689.419
687.823,689.148
687.820,689.029
687.823,689.174
687.821,689.055
687.824,689.197
687.829,689.457
687.823,689.179
687.826,689.309
687.828,689.428
687.831,689.535
687.833,689.630
687.827,689.338
687.829,689.454
687.831,689.558
687.833,689.653
687.835,689.737
687.837,689.815
687.830,689.506
687.832,689.604
687.826,689.315
687.829,689.434
687.831,689.540
687.825,689.257
687.830,689.512
687.824,689.231
687.822,689.107
687.825,689.243
687.822,689.116
687.825,689.252
687.827,689.376
687.830,689.488
687.832,689.590
687.826,689.301
687.823,689.168
687.826,689.298
687.823,689.168
687.826,689.298
687.831,689.546
687.833,689.642
687.827,689.347
687.821,689.081
687.819,688.971
687.814,688.740
687.820,689.044
687.815,688.807
687.811,688.593
687.815,688.778
687.810,688.567
687.814,688.755
687.818,688.925
687.821,689.078
687.824,689.217
687.827,689.344
687.829,689.460
687.831,689.564
687.833,689.656
687.835,689.740
687.837,689.818
687.841,690.017
687.842,690.069
687.843,690.115
687.844,690.156
687.837,689.812
687.838,689.881
687.834,689.694
687.836,689.775
687.837,689.847
687.839,689.913
687.832,689.593
687.834,689.682
687.828,689.384
687.830,689.494
687.832,689.595
687.829,689.436
687.823,689.162
687.828,689.425
687.823,689.150
687.817,688.902
687.821,689.058
687.816,688.821
687.811,688.604
687.815,688.789
687.819,688.957
687.825,689.240
687.819,688.986
687.822,689.133
687.825,689.269
687.828,689.390
687.825,689.249
687.819,688.992
687.822,689.139
687.820,689.023
687.823,689.168
687.826,689.298
687.828,689.416
687.823,689.145
687.825,689.278
687.828,689.399
687.822,689.127
687.828,689.393
687.822,689.122
687.820,689.006
687.823,689.153
687.820,689.035
687.815,688.798
687.811,688.584
687.815,688.772
687.813,688.691
687.817,688.867
687.815,688.778
687.818,688.945
687.813,688.717
687.809,688.512
687.805,688.327
687.802,688.160
687.801,688.136
687.798,687.986
687.795,687.850
687.793,687.726
687.790,687.613
687.788,687.512
687.786,687.420
687.787,687.466
687.793,687.758
687.794,687.772
687.791,687.657
687.792,687.683
687.789,687.576
687.795,687.859
687.793,687.735
687.790,687.622
687.788,687.521
687.786,687.429
687.784,687.345
687.783,687.270
687.776,686.949
687.783,687.293
687.785,687.353
687.783,687.278
687.782,687.209
687.780,687.145
687.782,687.218
687.780,687.154
687.779,687.096
687.781,687.174
687.780,687.117
687.781,687.192
687.780,687.131
687.782,687.206
687.780,687.145
687.782,687.218
687.780,687.154
687.787,687.478
687.785,687.391
687.792,687.691
687.792,687.712
687.790,687.602
687.788,687.501
687.794,687.790
687.794,687.801
687.792,687.683
687.797,687.954
687.803,688.200
687.799,688.044
687.799,688.032
687.804,688.272
687.809,688.489
687.805,688.304
687.801,688.136
687.798,687.986
687.798,687.980
687.803,688.226
687.794,687.816
687.800,688.076
687.800,688.061
687.797,687.917
687.797,687.917
687.794,687.787
687.791,687.668
687.797,687.943
687.794,687.810
687.795,687.822
687.792,687.700
687.798,687.972
687.795,687.836
687.795,687.845
687.800,688.102
687.800,688.084
687.797,687.940
687.794,687.807
687.792,687.689
687.789,687.582
687.813,688.703
687.820,689.009
687.823,689.156
687.820,689.038
687.823,689.182
687.826,689.312
687.829,689.431
687.823,689.156
687.820,689.038
687.823,689.182
687.829,689.442
687.831,689.546
687.828,689.390
687.830,689.500
687.832,689.601
687.826,689.312
687.831,689.561
687.825,689.275
687.831,689.526
687.833,689.624
687.829,689.462
687.831,689.567
687.833,689.659
687.835,689.743
687.829,689.439
687.830,689.503
687.835,689.734
687.837,689.812
687.841,690.011
687.842,690.063
687.838,689.858
687.839,689.925
687.843,690.115
687.844,690.156
687.847,690.323
687.840,689.965
687.833,689.642
687.838,689.858
687.831,689.543
687.828,689.387
687.830,689.497
687.827,689.347
687.829,689.462
687.831,689.567
687.833,689.659
687.835,689.743
687.837,689.821
687.830,689.509
687.824,689.228
687.827,689.353
687.820,689.046
687.818,688.940
687.821,689.093
687.827,689.361
687.821,689.096
687.819,688.983
687.822,689.133
687.825,689.269
687.828,689.390
687.830,689.500
687.824,689.220
687.821,689.096
687.816,688.853
687.814,688.763
687.818,688.934
687.816,688.838
687.811,688.622
687.818,688.937
687.813,688.711
687.817,688.885
687.820,689.044
687.815,688.807
687.819,688.971
687.814,688.740
687.818,688.914
687.816,688.818
687.822,689.113
687.825,689.249
687.822,689.122
687.825,689.257
687.822,689.130
687.825,689.266
687.830,689.517
687.832,689.616
687.829,689.454
687.831,689.558
687.833,689.653
687.827,689.358
687.829,689.471
687.832,689.572
687.833,689.665
687.835,689.749
687.837,689.824
687.838,689.893
687.832,689.575
687.826,689.286
687.828,689.408
687.830,689.517
687.824,689.234
687.819,688.980
687.822,689.130
687.825,689.266
687.822,689.139
687.817,688.893
687.823,689.182
687.826,689.312
687.831,689.561
687.833,689.656
687.838,689.870
687.839,689.933
687.840,689.991
687.836,689.795
687.838,689.867
687.831,689.552
687.825,689.266
687.828,689.387
687.830,689.497
687.824,689.217
687.827,689.344
687.832,689.590
687.834,689.682
687.836,689.766
687.837,689.841
687.839,689.907
687.840,689.968
687.841,690.023
687.834,689.694
687.831,689.523
687.833,689.621
687.834,689.711
687.828,689.410
687.822,689.139
687.825,689.272
687.831,689.523
687.833,689.621
687.826,689.330
687.829,689.445
687.831,689.549
687.825,689.263
687.828,689.384
687.830,689.494
687.832,689.595
687.834,689.685
687.828,689.387
687.825,689.249
687.819,688.992
687.817,688.890
687.820,689.049
687.818,688.942
687.813,688.714
687.812,688.639
687.808,688.440
687.812,688.639
687.808,688.440
687.812,688.639
687.816,688.821
687.819,688.986
687.814,688.755
687.813,688.674
687.808,688.472
687.804,688.290
687.801,688.125
687.798,687.975
687.803,688.220
687.810,688.573
687.814,688.760
687.813,688.680
687.808,688.477
687.813,688.674
687.811,688.602
687.815,688.786
687.810,688.573
687.814,688.760
687.813,688.680
687.816,688.859
687.815,688.769
687.818,688.940
687.824,689.223
687.819,688.968
687.822,689.119
687.825,689.254
687.830,689.509
687.832,689.607
687.829,689.445
687.831,689.549
687.833,689.645
687.830,689.480
687.832,689.581
687.828,689.422
687.831,689.529
687.835,689.757
687.837,689.832
687.841,690.032
687.837,689.829
687.838,689.899
687.842,690.089
687.843,690.133
687.844,690.173
687.845,690.208
687.838,689.861
687.839,689.928
687.835,689.737
687.837,689.815
687.841,690.014
687.834,689.685
687.828,689.387
687.830,689.497
687.832,689.598
687.826,689.309
687.828,689.428
687.823,689.153
687.820,689.035
687.815,688.798
687.819,688.966
687.822,689.116
687.817,688.873
687.815,688.784
687.810,688.573
687.814,688.760
687.810,688.550
687.814,688.740
687.818,688.914
687.816,688.818
687.819,688.983
687.825,689.263
687.828,689.384
687.830,689.494
687.824,689.214
687.827,689.341
687.821,689.075
687.824,689.217
687.819,688.963
687.814,688.734
687.818,688.908
687.821,689.064
687.818,688.954
687.822,689.107
687.819,688.994
687.814,688.763
687.821,689.064
687.816,688.824
687.814,688.737
687.818,688.911
687.813,688.685
687.809,688.483
687.807,688.428
687.812,688.630
687.810,688.564
687.814,688.752
687.813,688.674
687.808,688.472
687.812,688.668
687.816,688.847
687.822,689.139
687.825,689.272
687.828,689.393
687.830,689.503
687.835,689.734
687.829,689.431
687.834,689.668
687.827,689.370
687.822,689.101
687.816,688.859
687.815,688.769
687.810,688.558
687.814,688.749
687.810,688.541
687.806,688.353
687.802,688.183
687.807,688.408
687.803,688.232
687.808,688.451
687.804,688.272
687.809,688.489
687.807,688.434
687.804,688.255
687.808,688.474
687.812,688.671
687.816,688.850
687.820,689.012
687.815,688.778
687.810,688.567
687.809,688.506
687.805,688.321
687.802,688.154
687.806,688.382
687.811,688.587
687.815,688.775
687.818,688.942
687.821,689.096
687.819,688.983
687.822,689.133
687.820,689.018
687.815,688.784
687.818,688.951
687.822,689.104
687.819,688.992
687.814,688.760
687.821,689.061
687.824,689.202
687.818,688.951
687.816,688.853
687.820,689.015
687.823,689.162
687.818,688.914
687.813,688.688
687.817,688.864
687.815,688.775
687.818,688.942
687.816,688.844
687.812,688.628
687.802,688.180
687.799,688.024
687.799,688.012
687.796,687.874
687.804,688.258
687.800,688.096
687.800,688.079
687.805,688.313
687.809,688.526
687.814,688.720
687.812,688.645
687.816,688.827
687.822,689.122
687.825,689.257
687.822,689.130
687.817,688.885
687.812,688.662
687.808,688.463
687.807,688.411
687.803,688.235
687.800,688.076
687.797,687.931
687.802,688.180
687.799,688.024
687.799,688.012
687.796,687.874
687.796,687.876
687.793,687.749
687.791,687.637
687.797,687.914
687.794,687.784
687.799,688.047
687.799,688.035
687.804,688.275
687.809,688.492
687.813,688.688
687.809,688.486
687.813,688.682
687.808,688.480
687.813,688.677
687.808,688.474
687.807,688.422
687.803,688.243
687.803,688.212
687.799,688.053
687.804,688.290
687.809,688.503
687.813,688.697
687.817,688.873
687.815,688.784
687.818,688.951
687.822,689.104
687.817,688.862
687.812,688.642
687.816,688.824
687.819,688.989
687.825,689.266
687.828,689.387
687.830,689.497
687.824,689.217
687.827,689.344
687.821,689.078
687.819,688.968
687.822,689.119
687.820,689.003
687.815,688.769
687.818,688.940
687.821,689.093
687.824,689.231
687.827,689.356
687.829,689.468
687.823,689.191
687.818,688.940
687.813,688.711
687.817,688.885
687.823,689.174
687.826,689.304
687.823,689.171
687.818,688.922
687.816,688.827
687.811,688.610
687.810,688.544
687.814,688.734
687.818,688.908
687.821,689.064
687.818,688.954
687.822,689.107
687.825,689.243
687.827,689.367
687.822,689.098
687.819,688.986
687.822,689.133
687.820,689.018
687.815,688.784
687.813,688.700
687.809,688.495
687.813,688.691
687.817,688.867
687.820,689.026
687.823,689.171
687.821,689.052
687.824,689.194
687.821,689.072
687.816,688.833
687.822,689.127
687.825,689.263
687.822,689.136
687.817,688.890
687.807,688.417
687.803,688.240
687.800,688.079
687.797,687.934
687.797,687.931
687.802,688.180
687.807,688.405
687.803,688.229
687.811,688.578
687.806,688.385
687.806,688.342
687.810,688.552
687.809,688.492
687.805,688.307
687.804,688.269
687.801,688.105
687.805,688.336
687.810,688.547
687.809,688.486
687.813,688.682
687.803,688.229
687.800,688.070
687.797,687.926
687.802,688.174
687.802,688.151
687.798,687.998
687.795,687.859
687.795,687.865
687.793,687.741
687.801,688.139
687.806,688.368
687.810,688.576
687.814,688.763
687.821,689.064
687.816,688.824
687.814,688.737
687.818,688.911
687.813,688.685
687.809,688.483
687.813,688.680
687.811,688.607
687.807,688.411
687.803,688.235
687.808,688.454
687.807,688.402
687.803,688.226
687.808,688.446
687.804,688.266
687.803,688.232
687.808,688.451
687.804,688.272
687.809,688.489
687.805,688.304
687.801,688.136
687.801,688.116
687.798,687.969
687.798,687.963
687.795,687.830
687.800,688.090
687.797,687.943
687.802,688.191
687.807,688.417
687.811,688.619
687.815,688.804
687.819,688.968
687.822,689.119
687.825,689.254
687.827,689.379
687.822,689.110
687.817,688.867
687.820,689.026
687.815,688.792
687.819,688.960
687.814,688.732
687.817,688.905
687.815,688.810
687.819,688.974
687.817,688.873
687.812,688.654
687.811,688.584
687.807,688.391
687.796,687.894
687.793,687.767
687.794,687.781
687.791,687.665
687.789,687.559
687.787,687.463
687.788,687.507
687.786,687.417
687.792,687.715
687.798,687.983
687.795,687.848
687.795,687.853
687.801,688.110
687.800,688.093
687.805,688.327
687.804,688.287
687.801,688.122
687.800,688.102
687.797,687.954
687.795,687.822
687.792,687.700
687.798,687.972
687.803,688.217
687.802,688.188
687.799,688.032
687.821,689.078
687.824,689.217
687.819,688.963
687.814,688.734
687.812,688.656
687.816,688.836
687.822,689.127
687.825,689.263
687.830,689.514
687.832,689.613
687.826,689.321
687.829,689.436
687.831,689.543
687.828,689.387
687.830,689.497
687.832,689.598
687.834,689.688
687.836,689.769
687.837,689.844
687.833,689.662
687.835,689.746
687.832,689.572
687.833,689.665
687.827,689.370
687.830,689.483
687.832,689.584
687.836,689.806
687.838,689.876
687.834,689.691
687.836,689.772
687.840,689.977
687.841,690.032
687.842,690.081
687.843,690.124
687.836,689.783
687.838,689.855
687.839,689.922
687.840,689.983
687.841,690.037
687.850,690.465
687.853,690.604
687.853,690.598
687.856,690.722
687.858,690.835
687.858,690.809
687.860,690.916
687.867,691.262
687.869,691.326
687.867,691.251
687.866,691.184
687.864,691.124
687.863,691.069
687.857,690.768
687.856,690.748
687.859,690.861
687.858,690.832
687.858,690.806
687.857,690.783
687.857,690.760
687.856,690.739
687.856,690.722
687.855,690.705
687.855,690.690
687.855,690.676
687.863,691.043
687.864,691.127
687.863,691.072
687.870,691.401
687.868,691.320
687.867,691.248
687.866,691.181
687.864,691.121
687.863,691.066
687.865,691.147
687.856,690.711
687.858,690.826
687.860,690.930
687.859,690.893
687.862,690.991
687.861,690.947
687.860,690.910
687.867,691.257
687.866,691.190
687.864,691.129
687.871,691.456
687.870,691.369
687.868,691.291
687.874,691.600
687.875,691.629
687.873,691.525
687.871,691.433
687.877,691.730
687.875,691.618
687.873,691.517
687.871,691.424
687.877,691.722
687.877,691.739
687.875,691.626
687.873,691.525
687.871,691.433
687.869,691.349
687.870,691.404
687.869,691.323
687.867,691.251
687.866,691.184
687.864,691.124
687.866,691.199
687.873,691.517
687.873,691.554
687.874,691.589
687.872,691.491
687.878,691.782
687.878,691.794
687.884,692.057
687.881,691.912
687.878,691.782
687.876,691.664
687.876,691.687
687.877,691.710
687.882,691.979
687.882,691.973
687.887,692.219
687.892,692.441
687.891,692.392
687.887,692.216
687.892,692.438
687.891,692.389
687.887,692.213
687.884,692.054
687.881,691.910
687.878,691.780
687.878,691.794
687.868,691.294
687.866,691.222
687.865,691.158
687.867,691.231
687.865,691.167
687.867,691.239
687.865,691.173
687.864,691.112
687.871,691.439
687.869,691.355
687.870,691.410
687.877,691.707
687.874,691.598
687.875,691.629
687.881,691.907
687.878,691.777
687.870,691.410
687.877,691.707
687.874,691.598
687.872,691.496
687.870,691.407
687.869,691.326
687.870,691.384
687.876,691.684
687.877,691.707
687.882,691.979
687.880,691.843
687.885,692.100
687.882,691.953
687.879,691.820
687.876,691.699
687.874,691.589
687.875,691.621
687.881,691.898
687.873,691.520
687.879,691.808
687.876,691.690
687.877,691.713
687.874,691.603
687.872,691.502
687.870,691.413
687.869,691.332
687.867,691.257
687.858,690.809
687.857,690.783
687.849,690.381
687.849,690.399
687.849,690.413
687.850,690.425
687.844,690.185
687.845,690.219
687.849,690.381
687.849,690.399
687.849,690.413
687.852,690.557
687.852,690.557
687.847,690.306
687.848,690.329
687.843,690.101
687.844,690.144
687.847,690.312
687.842,690.084
687.835,689.749
687.829,689.445
687.823,689.171
687.826,689.301
687.823,689.168
687.818,688.919
687.816,688.824
687.811,688.607
687.810,688.541
687.806,688.353
687.805,688.313
687.809,688.526
687.814,688.720
687.809,688.515
687.805,688.327
687.802,688.160
687.801,688.136
687.798,687.986
687.795,687.850
687.801,688.108
687.800,688.090
687.805,688.324
687.804,688.287
687.809,688.500
687.805,688.316
687.801,688.148
687.801,688.125
687.806,688.356
687.805,688.316
687.810,688.529
687.808,688.472
687.804,688.290
687.801,688.125
687.798,687.975
687.798,687.969
687.795,687.833
687.800,688.090
687.797,687.943
687.794,687.810
687.792,687.691
687.792,687.712
687.798,687.980
687.803,688.226
687.800,688.067
687.797,687.923
687.797,687.923
687.794,687.793
687.791,687.674
687.792,687.697
687.790,687.587
687.788,687.489
687.786,687.400
687.787,687.449
687.785,687.365
687.786,687.417
687.792,687.715
687.798,687.983
687.803,688.226
687.802,688.197
687.799,688.041
687.796,687.900
687.794,687.772
687.791,687.657
687.792,687.683
687.789,687.576
687.787,687.478
687.785,687.391
687.784,687.310
687.782,687.238
687.773,686.793
687.775,686.900
687.774,686.868
687.774,686.839
687.773,686.813
687.773,686.787
687.764,686.386
687.757,686.022
687.752,685.819
687.754,685.889
687.755,685.952
687.759,686.140
687.760,686.181
687.763,686.345
687.764,686.365
687.756,686.004
687.760,686.186
687.753,685.842
687.757,686.039
687.758,686.088
687.759,686.131
687.760,686.172
687.760,686.209
687.753,685.863
687.747,685.548
687.741,685.265
687.743,685.386
687.745,685.496
687.748,685.597
687.752,685.816
687.746,685.507
687.750,685.736
687.752,685.814
687.746,685.504
687.748,685.606
687.742,685.317
687.744,685.435
687.746,685.542
687.748,685.637
687.750,685.724
687.755,685.932
687.748,685.611
687.750,685.701
687.746,685.530
687.748,685.629
687.742,685.337
687.736,685.071
687.731,684.831
687.727,684.615
687.725,684.548
687.729,684.739
687.733,684.912
687.731,684.817
687.735,684.982
687.730,684.750
687.733,684.921
687.729,684.696
687.724,684.493
687.720,684.308
687.717,684.141
687.722,684.369
687.721,684.326
687.725,684.537
687.724,684.476
687.728,684.672
687.732,684.852
687.735,685.013
687.738,685.161
687.741,685.294
687.744,685.412
687.738,685.140
687.733,684.895
687.728,684.672
687.718,684.219
687.715,684.060
687.712,683.918
687.709,683.788
687.707,683.670
687.705,683.563
687.703,683.468
687.709,683.762
687.706,683.647
687.707,683.673
687.705,683.566
687.711,683.849
687.708,683.725
687.706,683.615
687.704,683.514
687.704,683.551
687.702,683.456
687.709,683.751
687.706,683.638
687.704,683.534
687.702,683.442
687.703,683.485
687.709,683.777
687.717,684.170
687.714,684.017
687.719,684.259
687.724,684.479
687.723,684.424
687.719,684.248
687.716,684.086
687.715,684.069
687.720,684.306
687.725,684.519
687.729,684.713
687.733,684.889
687.736,685.048
687.731,684.811
687.734,684.976
687.740,685.256
687.743,685.380
687.753,685.871
687.755,685.935
687.759,686.123
687.760,686.163
687.763,686.331
687.772,686.732
687.774,686.845
687.781,687.197
687.788,687.515
687.786,687.423
687.792,687.720
687.793,687.738
687.798,688.006
687.798,687.998
687.803,688.240
687.816,688.841
687.828,689.384
687.830,689.494
687.832,689.595
687.834,689.685
687.836,689.766
687.840,689.971
687.849,690.407
687.849,690.422
687.858,690.815
687.857,690.789
687.857,690.765
687.859,690.875
687.866,691.225
687.873,691.540
687.879,691.826
687.885,692.086
687.890,692.320
687.894,692.531
687.898,692.721
687.896,692.646
687.908,693.207
687.919,693.715
687.924,693.926
687.925,693.984
687.926,694.039
687.935,694.466
687.943,694.853
687.945,694.955
687.947,695.047
687.954,695.379
687.953,695.301
687.959,695.610
687.965,695.891
688.054,700.120
688.051,699.970
688.048,699.834
688.046,699.710
688.051,699.979
688.057,700.221
688.061,700.441
688.057,700.262
688.062,700.478
688.066,700.675
688.062,700.473
688.058,700.288
688.062,700.502
688.059,700.317
688.063,700.528
688.067,700.718
688.063,700.510
688.059,700.322
688.063,700.533
688.059,700.343
688.063,700.551
688.068,700.741
688.071,700.912
688.074,701.068
688.069,700.828
688.051,699.970
688.048,699.834
688.046,699.710
688.043,699.600
688.041,699.499
688.039,699.410
688.046,699.707
688.038,699.346
688.039,699.401
688.040,699.450
688.041,699.496
688.039,699.407
688.038,699.326
688.036,699.251
688.035,699.184
688.041,699.505
688.039,699.412
688.038,699.329
688.036,699.254
688.035,699.187
688.033,699.126
688.032,699.072
688.031,699.022
688.030,698.976
688.029,698.936
688.047,699.753
688.052,700.019
688.057,700.259
688.054,700.094
688.051,699.947
688.048,699.814
688.053,700.074
688.050,699.930
688.048,699.797
688.045,699.678
688.046,699.701
688.043,699.592
688.049,699.872
688.046,699.745
688.044,699.629
688.042,699.525
688.043,699.563
688.043,699.597
688.044,699.629
688.045,699.658
688.045,699.684
688.046,699.707
688.046,699.727
688.044,699.615
688.050,699.892
688.047,699.765
688.044,699.649
688.042,699.545
688.040,699.450
688.038,699.363
688.037,699.285
688.043,699.594
688.041,699.493
688.047,699.782
688.045,699.664
688.042,699.557
688.040,699.462
688.047,699.753
688.044,699.638
688.042,699.534
688.048,699.820
688.045,699.698
688.051,699.970
688.056,700.216
688.061,700.438
688.065,700.637
688.069,700.819
688.073,700.984
688.068,700.753
688.071,700.923
688.075,701.077
688.078,701.215
688.080,701.342
688.075,701.077
688.078,701.215
688.080,701.342
688.075,701.077
688.070,700.837
688.073,700.999
688.076,701.146
688.071,700.897
688.069,700.805
688.075,701.103
688.070,700.860
688.073,701.019
688.068,700.782
688.072,700.949
688.075,701.100
688.070,700.857
688.065,700.637
688.069,700.819
688.065,700.603
688.060,700.406
688.068,700.741
688.066,700.663
688.064,700.594
688.071,700.912
688.069,700.819
688.075,701.117
688.073,701.004
688.071,700.903
688.069,700.811
688.067,700.727
688.066,700.652
688.064,700.582
688.063,700.519
688.062,700.461
688.060,700.409
688.060,700.363
688.067,700.704
688.065,700.629
688.064,700.562
688.062,700.502
688.061,700.447
688.068,700.779
688.067,700.698
688.073,701.007
688.071,700.903
688.077,701.192
688.083,701.452
688.079,701.308
688.085,701.556
688.081,701.400
688.078,701.259
688.076,701.131
688.073,701.016
688.071,700.912
688.074,701.068
688.069,700.828
688.065,700.611
688.069,700.796
688.064,700.582
688.060,700.389
688.064,700.594
688.068,700.779
688.072,700.947
688.075,701.100
688.070,700.857
688.073,701.016
688.076,701.160
688.079,701.290
688.074,701.030
688.069,700.793
688.072,700.961
688.067,700.730
688.071,700.903
688.066,700.678
688.062,700.476
688.058,700.291
688.062,700.504
688.059,700.317
688.055,700.149
688.060,700.377
688.064,700.582
688.068,700.767
688.064,700.556
688.060,700.366
688.064,700.574
688.060,700.380
688.064,700.585
688.060,700.392
688.064,700.597
688.060,700.400
688.065,700.603
688.068,700.788
688.064,700.574
688.068,700.762
688.063,700.551
688.068,700.741
688.071,700.912
688.074,701.068
688.077,701.209
688.072,700.955
688.070,700.857
688.068,700.767
688.074,701.068
688.069,700.828
688.073,700.990
688.076,701.137
688.079,701.270
688.081,701.391
688.084,701.501
688.080,701.351
688.083,701.464
688.077,701.186
688.072,700.935
688.067,700.707
688.070,700.880
688.074,701.039
688.069,700.802
688.072,700.967
688.067,700.736
688.063,700.528
688.059,700.340
688.063,700.548
688.059,700.357
688.064,700.565
688.068,700.753
688.063,700.542
688.059,700.351
688.056,700.178
688.060,700.403
688.065,700.606
688.069,700.791
688.072,700.958
688.067,700.727
688.071,700.900
688.074,701.056
688.077,701.198
688.072,700.947
688.067,700.718
688.063,700.510
688.067,700.704
688.070,700.877
688.066,700.655
688.069,700.834
688.073,700.996
688.068,700.762
688.072,700.932
688.075,701.085
688.078,701.224
688.072,700.970
688.067,700.739
688.071,700.909
688.074,701.065
688.077,701.207
688.072,700.952
688.067,700.724
688.071,700.897
688.074,701.053
688.072,700.947
688.067,700.718
688.065,700.643
688.064,700.574
688.063,700.513
688.059,700.325
688.055,700.155
688.052,700.002
688.057,700.244
688.056,700.216
688.053,700.057
688.050,699.912
688.047,699.782
688.045,699.664
688.042,699.557
688.048,699.840
688.046,699.716
688.052,699.984
688.049,699.849
688.046,699.724
688.052,699.993
688.057,700.236
688.053,700.074
688.050,699.930
688.048,699.797
688.048,699.808
688.053,700.068
688.045,699.675
688.045,699.698
688.054,700.100
688.046,699.704
688.046,699.724
688.046,699.745
688.052,700.010
688.052,700.002
688.057,700.244
688.062,700.464
688.058,700.282
688.054,700.117
688.051,699.967
688.048,699.831
688.054,700.088
688.051,699.941
688.048,699.808
688.045,699.687
688.043,699.577
688.036,699.230
688.029,698.916
688.031,699.011
688.022,698.586
688.022,698.583
688.030,698.959
688.029,698.918
688.036,699.262
688.035,699.193
688.034,699.132
688.032,699.077
688.034,699.158
688.036,699.230
688.029,698.916
688.031,699.011
688.025,698.716
688.016,698.320
688.025,698.722
688.024,698.705
688.024,698.690
688.024,698.676
688.024,698.664
688.023,698.653
688.023,698.641
688.023,698.632
688.026,698.757
688.028,698.869
688.022,698.589
688.022,698.583
688.022,698.580
688.022,698.577
688.022,698.575
688.022,698.572
688.022,698.569
688.022,698.566
688.024,698.696
688.019,698.433
688.022,698.575
688.024,698.705
688.027,698.820
688.026,698.794
688.026,698.771
688.025,698.748
688.025,698.728
688.019,698.462
688.014,698.219
688.018,698.381
688.021,698.528
688.021,698.528
688.021,698.528
688.021,698.528
688.021,698.528
688.013,698.150
688.016,698.320
688.020,698.473
688.023,698.612
688.017,698.358
688.018,698.375
688.018,698.393
688.018,698.407
688.018,698.419
688.019,698.430
688.019,698.442
688.019,698.450
688.019,698.459
688.019,698.468
688.020,698.473
688.014,698.231
688.010,698.011
688.006,697.812
688.002,697.633
688.004,697.719
688.005,697.797
688.007,697.870
688.008,697.933
688.009,697.991
688.013,698.176
688.017,698.343
688.009,697.982
688.002,697.656
688.004,697.740
688.014,698.196
688.014,698.228
688.015,698.257
688.010,698.034
688.006,697.835
688.010,698.034
688.006,697.835
688.002,697.653
688.004,697.737
688.006,697.815
688.007,697.884
688.008,697.948
688.010,698.005
688.014,698.187
688.009,697.974
688.010,698.029
688.011,698.078
688.012,698.121
688.013,698.161
688.014,698.199
688.014,698.231
688.023,698.641
688.026,698.762
688.028,698.872
688.030,698.973
688.024,698.684
688.027,698.803
688.034,699.158
688.033,699.100
688.040,699.427
688.038,699.343
688.036,699.268
688.035,699.199
688.034,699.135
688.032,699.077
688.039,699.407
688.046,699.704
688.043,699.594
688.049,699.875
688.049,699.880
688.049,699.886
688.047,699.759
688.047,699.776
688.047,699.791
688.048,699.802
688.048,699.814
688.048,699.826
688.048,699.834
688.046,699.710
688.046,699.730
688.047,699.748
688.047,699.765
688.047,699.779
688.047,699.794
688.056,700.187
688.063,700.542
688.070,700.866
688.068,700.776
688.067,700.695
688.065,700.623
688.072,700.938
688.078,701.224
688.080,701.348
688.077,701.212
688.083,701.472
688.088,701.706
688.084,701.536
688.081,701.383
688.078,701.244
688.084,701.501
688.088,701.732
688.085,701.562
688.090,701.787
688.091,701.859
688.092,701.923
688.088,701.732
688.093,701.940
688.089,701.750
688.085,701.576
688.090,701.802
688.094,702.004
688.098,702.189
688.094,701.975
688.089,701.781
688.091,701.854
688.092,701.920
688.094,701.978
688.095,702.033
688.117,703.076
688.116,703.024
688.115,702.978
688.114,702.937
688.113,702.900
688.112,702.865
688.112,702.833
688.111,702.804
688.105,702.530
688.108,702.663
688.111,702.784
688.110,702.761
688.118,703.119
688.117,703.064
688.116,703.015
688.115,702.969
688.114,702.928
688.113,702.891
688.112,702.856
688.114,702.957
688.108,702.668
688.103,702.408
688.106,702.553
688.109,702.683
688.111,702.801
688.107,702.628
688.107,702.619
688.110,702.744
688.112,702.856
688.106,702.579
688.106,702.576
688.106,702.573
688.106,702.570
688.106,702.567
688.106,702.564
688.106,702.562
688.106,702.559
688.106,702.556
688.106,702.556
688.106,702.556
688.101,702.304
688.096,702.079
688.099,702.255
688.103,702.414
688.106,702.559
688.109,702.689
688.108,702.674
688.108,702.663
688.100,702.270
688.100,702.296
688.080,701.311
688.082,701.429
688.084,701.536
688.086,701.631
688.088,701.718
688.090,701.796
688.099,702.247
688.092,701.894
688.093,701.955
688.086,701.631
688.088,701.718
688.090,701.796
688.086,701.617
688.083,701.455
688.088,701.692
688.092,701.906
688.088,701.718
688.085,701.547
688.081,701.394
688.078,701.256
688.084,701.510
688.086,701.608
688.080,701.316
688.082,701.432
688.084,701.539
688.086,701.634
688.088,701.721
688.090,701.799
688.083,701.490
688.085,701.591
688.087,701.680
688.089,701.761
688.083,701.455
688.085,701.559
688.087,701.651
688.089,701.735
688.082,701.432
688.084,701.539
688.078,701.253
688.073,700.996
688.068,700.762
688.063,700.551
688.068,700.741
688.071,700.912
688.066,700.687
688.062,700.481
688.066,700.678
688.062,700.476
688.066,700.672
688.070,700.851
688.073,701.013
688.076,701.157
688.079,701.290
688.074,701.030
688.079,701.308
688.077,701.178
688.074,701.059
688.069,700.819
688.065,700.603
688.060,700.406
688.057,700.230
688.061,700.450
688.057,700.268
688.062,700.484
688.058,700.299
688.055,700.132
688.051,699.982
688.049,699.846
688.046,699.722
688.054,700.123
688.046,699.724
688.044,699.612
688.044,699.641
688.045,699.667
688.045,699.693
688.046,699.716
688.043,699.603
688.041,699.502
688.039,699.410
688.038,699.326
688.036,699.251
688.035,699.184
688.033,699.124
688.035,699.199
688.028,698.887
688.030,698.985
688.021,698.563
688.016,698.312
688.017,698.335
688.017,698.355
688.017,698.372
688.013,698.138
688.016,698.309
688.011,698.083
688.012,698.127
688.013,698.167
688.009,697.953
688.010,698.008
688.006,697.809
688.007,697.878
688.008,697.942
688.010,698.000
688.003,697.670
687.999,697.506
688.001,697.604
687.998,697.445
688.003,697.682
688.005,697.763
688.006,697.838
688.008,697.904
688.001,697.584
687.995,697.295
687.989,697.035
687.984,696.798
687.982,696.714
687.989,697.020
687.984,696.786
687.987,696.954
687.991,697.104
687.988,696.991
687.991,697.139
687.997,697.405
687.991,697.133
687.986,696.887
687.984,696.795
687.982,696.711
687.978,696.506
687.982,696.700
687.978,696.494
687.974,696.310
687.973,696.272
687.972,696.240
687.969,696.078
687.966,695.934
687.966,695.934
687.963,695.801
687.961,695.683
687.958,695.576
687.959,695.610
687.957,695.509
687.955,695.417
687.961,695.714
687.962,695.735
687.959,695.622
687.957,695.521
687.947,695.047
687.946,695.001
687.948,695.087
687.947,695.035
687.938,694.608
687.938,694.602
687.932,694.348
687.933,694.368
687.933,694.385
687.934,694.400
687.929,694.163
687.929,694.201
687.930,694.232
687.933,694.394
687.934,694.409
687.926,694.042
687.922,693.839
687.918,693.657
687.920,693.741
687.921,693.819
687.923,693.889
687.916,693.571
687.918,693.663
687.920,693.747
687.916,693.574
687.918,693.666
687.912,693.369
687.909,693.230
687.903,692.976
687.899,692.744
687.902,692.915
687.905,693.071
687.903,692.961
687.898,692.733
687.894,692.525
687.893,692.467
687.889,692.285
687.885,692.120
687.885,692.100
687.882,691.953
687.882,691.950
687.879,691.817
687.876,691.696
687.877,691.716
687.883,691.985
687.882,691.979
687.888,692.224
687.884,692.066
687.881,691.921
687.878,691.791
687.879,691.803
687.876,691.684
687.874,691.577
687.880,691.860
687.877,691.736
687.878,691.754
687.875,691.638
687.876,691.664
687.873,691.557
687.871,691.462
687.872,691.505
687.870,691.416
687.869,691.332
687.867,691.257
687.866,691.190
687.867,691.259
687.858,690.812
687.857,690.786
687.849,690.384
687.849,690.399
687.844,690.162
687.845,690.199
687.848,690.364
687.849,690.381
687.852,690.529
687.852,690.531
687.852,690.534
687.855,690.667
687.854,690.656
687.857,690.777
687.849,690.375
687.844,690.141
687.836,689.801
687.833,689.621
687.826,689.330
687.821,689.067
687.816,688.827
687.819,688.992
687.822,689.139
687.825,689.272
687.820,689.012
687.815,688.778
687.813,688.697
687.809,688.492
687.816,688.818
687.819,688.983
687.814,688.752
687.818,688.922
687.821,689.078
687.824,689.217
687.827,689.344
687.821,689.078
687.816,688.838
687.819,689.000
687.823,689.148
687.820,689.029
687.815,688.792
687.813,688.708
687.817,688.885
687.820,689.044
687.815,688.807
687.811,688.593
687.807,688.399
687.814,688.734
687.809,688.526
687.808,688.469
687.812,688.665
687.808,688.463
687.804,688.281
687.804,688.246
687.800,688.084
687.805,688.318
687.802,688.151
687.798,687.998
687.798,687.989
687.795,687.853
687.793,687.729
687.798,687.998
687.798,687.989
687.803,688.232
687.800,688.073
687.797,687.928
687.794,687.798
687.792,687.680
687.789,687.573
687.787,687.475
687.785,687.388
687.778,687.056
687.777,687.007
687.776,686.963
687.776,686.923
687.775,686.888
687.774,686.857
687.774,686.828
687.776,686.932
687.775,686.897
687.766,686.484
687.766,686.490
687.767,686.495
687.769,686.631
687.769,686.623
687.772,686.747
687.771,686.729
687.771,686.712
687.779,687.076
687.778,687.027
687.777,686.981
687.768,686.559
687.763,686.308
687.755,685.952
687.759,686.140
687.760,686.181
687.755,685.964
687.756,686.019
687.758,686.071
687.759,686.117
687.751,685.779
687.753,685.851
687.746,685.539
687.751,685.764
687.753,685.840
687.754,685.906
687.758,686.097
687.759,686.140
687.752,685.799
687.756,686.001
687.757,686.053
687.758,686.100
687.759,686.143
687.752,685.802
687.753,685.874
687.749,685.686
687.743,685.389
687.745,685.499
687.740,685.218
687.734,684.964
687.737,685.114
687.740,685.250
687.743,685.374
687.745,685.487
687.750,685.718
687.744,685.418
687.741,685.273
687.743,685.395
687.746,685.504
687.742,685.351
687.745,685.467
687.747,685.571
687.744,685.412
687.738,685.140
687.735,685.022
687.738,685.166
687.744,685.429
687.738,685.155
687.733,684.906
687.731,684.811
687.734,684.976
687.730,684.745
687.728,684.667
687.732,684.846
687.730,684.756
687.725,684.548
687.721,684.358
687.720,684.314
687.717,684.147
687.722,684.375
687.721,684.332
687.717,684.164
687.717,684.141
687.722,684.369
687.726,684.577
687.730,684.765
687.726,684.554
687.730,684.745
687.733,684.918
687.737,685.074
687.734,684.964
687.729,684.736
687.725,684.528
687.724,684.470
687.720,684.288
687.724,684.505
687.721,684.320
687.725,684.534
687.732,684.854
687.735,685.016
687.738,685.164
687.736,685.045
687.739,685.190
687.742,685.320
687.744,685.438
687.738,685.164
687.741,685.296
687.744,685.415
687.749,685.652
687.751,685.738
687.752,685.816
687.748,685.634
687.750,685.721
687.744,685.421
687.749,685.658
687.743,685.363
687.740,685.224
687.742,685.351
687.745,685.467
687.750,685.701
687.751,685.782
687.753,685.854
687.749,685.669
687.751,685.753
687.747,685.577
687.741,685.291
687.744,685.412
687.741,685.270
687.743,685.392
687.746,685.502
687.748,685.603
687.744,685.441
687.747,685.548
687.749,685.643
687.745,685.478
687.747,685.580
687.749,685.672
687.754,685.886
687.747,685.568
687.741,685.282
687.743,685.403
687.746,685.513
687.743,685.360
687.737,685.094
687.719,684.228
687.715,684.069
687.712,683.924
687.712,683.924
687.718,684.176
687.714,684.022
687.714,684.011
687.719,684.254
687.716,684.092
687.713,683.944
687.718,684.193
687.715,684.037
687.714,684.025
687.719,684.265
687.716,684.103
687.721,684.337
687.728,684.678
687.724,684.476
687.720,684.294
687.725,684.508
687.721,684.323
687.717,684.155
687.714,684.002
687.711,683.863
687.708,683.739
687.735,684.990
687.733,684.886
687.736,685.045
687.734,684.938
687.729,684.713
687.733,684.889
687.739,685.178
687.733,684.930
687.729,684.704
687.735,685.010
687.730,684.776
687.728,684.693
687.732,684.869
687.736,685.028
687.731,684.794
687.734,684.961
687.729,684.733
687.733,684.906
687.739,685.192
687.734,684.941
687.732,684.843
687.735,685.005
687.730,684.771
687.728,684.690
687.732,684.866
687.716,684.100
687.716,684.083
687.721,684.317
687.717,684.150
687.714,683.999
687.711,683.863
687.716,684.121
687.721,684.352
687.718,684.181
687.722,684.407
687.729,684.742
687.725,684.534
687.721,684.346
687.718,684.176
687.714,684.022
687.719,684.262
687.719,684.228
687.715,684.069
687.720,684.306
687.725,684.519
687.721,684.332
687.725,684.542
687.724,684.482
687.720,684.300
687.717,684.135
687.725,684.545
687.721,684.358
687.720,684.314
687.725,684.528
687.721,684.340
687.720,684.300
687.717,684.135
687.716,684.115
687.721,684.346
687.718,684.176
687.717,684.150
687.722,684.378
687.718,684.204
687.715,684.048
687.715,684.034
687.712,683.892
687.712,683.895
687.717,684.150
687.714,683.999
687.719,684.242
687.724,684.462
687.728,684.661
687.726,684.589
687.722,684.395
687.721,684.349
687.726,684.560
687.730,684.750
687.725,684.542
687.721,684.355
687.718,684.184
687.714,684.028
687.714,684.017
687.711,683.878
687.711,683.881
687.709,683.754
687.714,684.020
687.714,684.008
687.719,684.251
687.724,684.470
687.720,684.288
687.724,684.505
687.721,684.320
687.717,684.152
687.722,684.381
687.718,684.207
687.723,684.430
687.714,683.999
687.711,683.863
687.708,683.739
687.706,683.627
687.704,683.525
687.710,683.814
687.710,683.823
687.716,684.083
687.713,683.939
687.712,683.936
687.718,684.184
687.725,684.540
687.729,684.730
687.733,684.904
687.731,684.808
687.726,684.594
687.730,684.779
687.737,685.077
687.732,684.837
687.735,685.002
687.738,685.149
687.733,684.904
687.731,684.808
687.734,684.973
687.738,685.123
687.743,685.389
687.745,685.499
687.748,685.600
687.742,685.311
687.736,685.048
687.734,684.941
687.737,685.094
687.740,685.233
687.745,685.487
687.739,685.210
687.742,685.337
687.745,685.452
687.747,685.556
687.751,685.782
687.745,685.476
687.747,685.577
687.749,685.669
687.743,685.374
687.745,685.487
687.742,685.337
687.745,685.452
687.741,685.305
687.744,685.424
687.746,685.530
687.740,685.247
687.746,685.502
687.740,685.221
687.734,684.967
687.729,684.739
687.725,684.531
687.724,684.473
687.728,684.670
687.724,684.467
687.731,684.797
687.734,684.964
687.737,685.114
687.740,685.250
687.743,685.374
687.740,685.236
687.743,685.360
687.737,685.094
687.743,685.363
687.737,685.097
687.740,685.236
687.737,685.109
687.732,684.866
687.738,685.155
687.741,685.288
687.744,685.409
687.741,685.268
687.743,685.389
687.745,685.499
687.740,685.218
687.742,685.346
687.739,685.210
687.742,685.337
687.745,685.452
687.741,685.305
687.744,685.424
687.746,685.530
687.748,685.629
687.742,685.337
687.745,685.452
687.739,685.178
687.741,685.308
687.744,685.426
687.746,685.533
687.748,685.632
687.750,685.718
687.744,685.418
687.738,685.146
687.741,685.279
687.743,685.400
687.746,685.510
687.748,685.608
687.742,685.320
687.736,685.057
687.739,685.198
687.742,685.328
687.736,685.065
687.739,685.207
687.745,685.464
687.747,685.568
687.741,685.282
687.743,685.403
687.740,685.262
687.743,685.386
687.740,685.244
687.735,684.990
687.738,685.138
687.735,685.022
687.738,685.166
687.733,684.918
687.728,684.693
687.732,684.869
687.728,684.649
687.726,684.580
687.730,684.768
687.726,684.557
687.724,684.496
687.720,684.311
687.725,684.525
687.724,684.467
687.720,684.285
687.724,684.502
687.729,684.698
687.732,684.875
687.728,684.655
687.726,684.583
687.730,684.771
687.734,684.941
687.737,685.094
687.740,685.233
687.737,685.106
687.740,685.244
687.743,685.369
687.737,685.100
687.735,684.987
687.730,684.756
687.733,684.927
687.729,684.701
687.732,684.878
687.730,684.785
687.734,684.953
687.737,685.106
687.735,684.993
687.738,685.140
687.741,685.276
687.743,685.398
687.746,685.507
687.740,685.227
687.742,685.354
687.745,685.467
687.747,685.571
687.749,685.663
687.743,685.369
687.745,685.481
687.747,685.582
687.741,685.294
687.744,685.412
687.746,685.522
687.740,685.239
687.737,685.112
687.732,684.869
687.736,685.028
687.731,684.794
687.734,684.961
687.729,684.733
687.736,685.036
687.739,685.181
687.742,685.311
687.739,685.178
687.741,685.308
687.739,685.175
687.733,684.927
687.729,684.701
687.727,684.626
687.731,684.808
687.726,684.594
687.733,684.909
687.728,684.687
687.735,684.993
687.730,684.762
687.734,684.932
687.731,684.834
687.735,684.999
687.738,685.146
687.736,685.028
687.739,685.172
687.741,685.302
687.736,685.042
687.739,685.187
687.742,685.317
687.744,685.435
687.746,685.542
687.751,685.767
687.753,685.842
687.746,685.530
687.740,685.247
687.735,684.990
687.733,684.886
687.728,684.664
687.724,684.464
687.728,684.664
687.732,684.843
687.727,684.626
687.723,684.430
687.727,684.632
687.731,684.814
687.729,684.727
687.733,684.901
687.736,685.057
687.731,684.820
687.727,684.606
687.723,684.412
687.719,684.236
687.723,684.456
687.722,684.404
687.719,684.228
687.715,684.069
687.715,684.054
687.720,684.291
687.716,684.126
687.721,684.358
687.726,684.566
687.724,684.502
687.729,684.698
687.732,684.875
687.738,685.164
687.733,684.915
687.728,684.690
687.724,684.488
687.728,684.684
687.732,684.863
687.727,684.644
687.731,684.826
687.735,684.990
687.733,684.886
687.736,685.045
687.739,685.190
687.742,685.320
687.744,685.438
687.741,685.294
687.744,685.412
687.738,685.140
687.741,685.276
687.738,685.146
687.741,685.279
687.738,685.149
687.741,685.282
687.743,685.403
687.740,685.262
687.735,685.005
687.738,685.152
687.733,684.906
687.736,685.062
687.734,684.953
687.737,685.106
687.740,685.244
687.745,685.499
687.740,685.218
687.742,685.346
687.745,685.461
687.747,685.565
687.741,685.279
687.735,685.019
687.738,685.166
687.741,685.299
687.738,685.166
687.741,685.299
687.744,685.418
687.738,685.146
687.736,685.028
687.739,685.172
687.736,685.051
687.731,684.814
687.734,684.979
687.738,685.129
687.735,685.013
687.738,685.161
687.733,684.912
687.736,685.068
687.731,684.828
687.727,684.612
687.731,684.797
687.734,684.964
687.737,685.114
687.732,684.872
687.736,685.031
687.731,684.797
687.726,684.583
687.722,684.389
687.721,684.343
687.717,684.173
687.714,684.020
687.714,684.008
687.711,683.869
687.716,684.124
687.721,684.355
687.726,684.563
687.722,684.372
687.721,684.329
687.717,684.161
687.722,684.389
687.718,684.216
687.718,684.187
687.723,684.412
687.721,684.363
687.726,684.571
687.730,684.759
687.733,684.930
687.739,685.213
687.734,684.961
687.729,684.733
687.728,684.655
687.731,684.834
687.735,684.999
687.738,685.146
687.741,685.279
687.743,685.400
687.740,685.259
687.743,685.383
687.737,685.114
687.732,684.872
687.728,684.652
687.723,684.453
687.720,684.274
687.716,684.109
687.721,684.340
687.720,684.300
687.717,684.135
687.714,683.985
687.719,684.230
687.715,684.072
687.712,683.927
687.712,683.924
687.709,683.794
687.715,684.057
687.715,684.043
687.712,683.901
687.717,684.152
687.717,684.129
687.713,683.979
687.711,683.843
687.711,683.849
687.716,684.106
687.713,683.959
687.710,683.826
687.708,683.705
687.713,683.976
687.713,683.970
687.718,684.216
687.715,684.057
687.715,684.043
687.720,684.282
687.724,684.499
687.723,684.444
687.727,684.644
687.731,684.826
687.729,684.739
687.725,684.531
687.721,684.343
687.717,684.173
687.717,684.147
687.722,684.375
687.721,684.332
687.717,684.164
687.714,684.011
687.711,683.872
687.708,683.748
687.714,684.014
687.711,683.875
687.711,683.878
687.717,684.132
687.726,684.589
687.730,684.776
687.726,684.566
687.730,684.753
687.728,684.672
687.732,684.852
687.727,684.632
687.723,684.436
687.727,684.638
687.723,684.441
687.727,684.644
687.723,684.444
687.719,684.265
687.719,684.230
687.723,684.450
687.720,684.271
687.724,684.488
687.720,684.303
687.717,684.138
687.716,684.115
687.721,684.346
687.726,684.557
687.730,684.748
687.733,684.918
687.737,685.074
687.731,684.834
687.727,684.618
687.725,684.551
687.721,684.360
687.726,684.568
687.724,684.505
687.729,684.698
687.732,684.875
687.730,684.782
687.734,684.950
687.737,685.103
687.740,685.242
687.743,685.366
687.748,685.608
687.750,685.698
687.751,685.779
687.748,685.600
687.742,685.311
687.736,685.048
687.739,685.192
687.734,684.941
687.732,684.843
687.727,684.626
687.731,684.808
687.729,684.722
687.867,691.265
687.869,691.326
687.870,691.384
687.876,691.684
687.882,691.956
687.890,692.334
687.894,692.545
687.898,692.736
687.897,692.658
687.901,692.837
687.904,692.999
687.910,693.276
687.912,693.397
687.915,693.507
687.917,693.605
687.921,693.825
687.923,693.894
687.924,693.955
687.933,694.391
687.936,694.539
687.939,694.671
687.939,694.660
687.939,694.648
687.941,694.770
687.944,694.879
688.156,704.913
688.159,705.066
688.162,705.205
688.167,705.465
688.164,705.321
688.167,705.436
688.177,705.921
688.186,706.361
688.189,706.511
688.189,706.514
688.198,706.898
688.200,706.996
688.207,707.334
688.205,707.259
688.207,707.323
688.213,707.629
688.219,707.906
688.219,707.909
688.224,708.161
688.221,708.004
688.221,707.999
688.226,708.241
688.223,708.080
688.230,708.447
688.234,708.646
688.284,710.995
688.283,710.951
688.285,711.047
688.284,710.998
688.286,711.087
688.285,711.035
688.287,711.122
688.286,711.067
688.287,711.151
688.294,711.471
688.303,711.899
688.300,711.769
688.306,712.032
688.306,712.023
688.303,711.882
688.311,712.269
688.308,712.104
688.307,712.090
688.312,712.324
688.311,712.289
688.308,712.121
688.313,712.353
688.317,712.561
688.321,712.748
688.320,712.673
688.323,712.849
688.330,713.144
688.332,713.277
688.338,713.531
688.343,713.762
688.336,713.456
688.338,713.560
688.340,713.653
688.334,713.355
688.336,713.468
688.339,713.569
688.348,714.040
688.344,713.840
688.346,713.907
688.350,714.100
688.353,714.277
688.354,714.303
688.354,714.326
688.358,714.482
688.358,714.488
688.361,714.626
688.361,714.618
688.360,714.609
688.363,714.736
688.363,714.716
688.373,715.216
688.380,715.531
688.386,715.817
688.394,716.209
688.399,716.429
688.395,716.250
688.395,716.221
688.399,716.441
688.398,716.394
688.405,716.732
688.409,716.903
688.412,717.059
688.418,717.333
688.420,717.446
688.425,717.686
688.422,717.521
688.424,717.616
688.426,717.703
688.430,717.917
688.434,718.110
688.435,718.151
688.439,718.321
688.434,718.096
688.435,718.136
688.436,718.174
688.431,717.963
688.435,718.154
688.436,718.188
688.445,718.602
688.448,718.732
688.458,719.229
688.460,719.298
688.466,719.607
688.472,719.884
688.480,720.271
688.488,720.624
688.494,720.942
688.492,720.849
688.488,720.630
688.492,720.812
688.490,720.731
688.488,720.659
688.487,720.592
688.483,720.396
688.482,720.355
688.473,719.936
688.462,719.422
688.455,719.093
688.446,718.659
688.430,717.888
688.415,717.189
688.396,716.311
688.377,715.380
688.359,714.540
688.335,713.398
688.313,712.367
688.296,711.564
688.281,710.839
688.283,710.943
688.290,711.284
688.305,711.974
688.337,713.497
689.143,751.629
689.274,757.835
689.375,762.637
689.470,767.135
689.528,769.868
689.598,773.170
689.675,776.854
690.246,803.866
690.308,806.802
690.375,809.962
690.418,811.979
690.461,814.053
690.522,816.913
690.587,820.013
691.094,844.013
691.114,844.966
691.150,846.645
691.203,849.135
691.234,850.649
691.263,851.978
691.291,853.316
691.305,853.995
691.323,854.844
691.331,855.240
691.334,855.367
691.327,855.012
691.315,854.448
691.304,853.960
691.295,853.535
691.279,852.747
691.255,851.640
691.243,851.065
691.232,850.551
691.219,849.927
691.216,849.762
691.233,850.565
691.261,851.903
691.290,853.269
691.324,854.887
691.363,856.733
691.406,858.785
691.437,860.249
691.465,861.573
691.487,862.604
691.507,863.534
691.524,864.375
691.544,865.300
691.566,866.354
691.582,867.091
691.604,868.139
691.616,868.706
691.627,869.217
691.633,869.515
691.650,870.332
691.658,870.688
691.673,871.393
691.678,871.647
691.675,871.494
691.680,871.739
691.685,871.962
691.681,871.780
691.677,871.615
691.666,871.083
691.656,870.601
691.647,870.165
691.643,869.991
691.640,869.832
691.645,870.072
691.641,869.908
691.642,869.922
691.642,869.934
691.642,869.945
691.642,869.954
691.643,869.962
691.651,870.352
691.658,870.705
691.665,871.026
691.671,871.315
691.677,871.577
691.678,871.650
691.675,871.497
691.672,871.358
691.669,871.234
691.667,871.121
691.657,870.636
691.647,870.196
691.639,869.801
691.632,869.442
691.617,868.735
691.603,868.093
691.587,867.354
691.577,866.845
691.559,866.002
691.547,865.461
691.532,864.751
691.519,864.106
691.503,863.364
691.476,862.087
691.460,861.313
691.442,860.455
691.425,859.677
691.410,858.972
691.392,858.114
691.376,857.337
691.353,856.251
691.332,855.269
691.302,853.839
691.275,852.544
691.250,851.374
691.223,850.091
691.195,848.771
691.165,847.353
691.134,845.911
691.110,844.764
691.085,843.571
691.062,842.490
691.037,841.286
691.018,840.422
691.013,840.179
691.013,840.185
691.017,840.347
691.028,840.875
691.038,841.355
691.047,841.788
691.060,842.404
691.080,843.343
691.090,843.811
691.110,844.776
691.129,845.648
691.142,846.278
691.154,846.850
691.160,847.145
691.174,847.792
691.178,847.997
691.179,848.023
691.180,848.046
691.183,848.225
691.179,848.006
691.183,848.190
691.186,848.358
691.181,848.127
691.177,847.916
691.173,847.725
691.169,847.555
691.158,847.018
691.152,846.755
691.147,846.518
691.143,846.301
691.130,845.723
691.128,845.585
691.128,845.616
691.129,845.645
691.126,845.512
691.115,845.010
691.101,844.331
691.085,843.559
691.065,842.635
691.044,841.644
691.021,840.520
690.988,838.966
690.958,837.559
690.931,836.288
690.907,835.138
690.888,834.251
690.863,833.066
690.845,832.223
690.829,831.457
690.810,830.538
690.784,829.325
690.758,828.074
690.734,826.941
690.712,825.916
690.692,824.988
690.670,823.919
690.646,822.801
690.625,821.790
690.597,820.493
690.573,819.317
690.550,818.254
690.522,816.911
690.496,815.694
690.473,814.594
690.447,813.369
690.428,812.490
690.412,811.696
690.388,810.595
690.367,809.598
690.351,808.847
690.334,808.018
690.318,807.267
690.296,806.207
690.283,805.626
690.272,805.103
690.254,804.248
690.238,803.474
690.223,802.774
690.202,801.760
690.190,801.223
690.172,800.356
690.155,799.570
690.140,798.860
690.127,798.215
690.106,797.253
690.088,796.381
690.071,795.592
690.048,794.497
690.019,793.125
689.993,791.883
689.974,790.993
689.944,789.571
689.917,788.286
689.884,786.740
689.855,785.342
689.828,784.076
689.796,782.551
689.767,781.170
689.729,779.396
689.698,777.934
689.667,776.470
689.634,774.907
689.604,773.491
689.577,772.211
689.553,771.053
689.523,769.622
689.492,768.187
689.468,767.028
689.446,765.982
689.426,765.035
689.400,763.795
689.381,762.914
689.359,761.877
689.331,760.557
689.314,759.745
689.298,759.008
689.281,758.202
689.261,757.231
689.242,756.353
689.226,755.558
689.210,754.839
689.197,754.189
689.192,753.981
689.188,753.793
689.185,753.623
689.173,753.088
689.171,752.987
689.169,752.895
689.168,752.811
689.166,752.736
689.164,752.667
689.163,752.603
689.159,752.406
689.155,752.227
689.152,752.066
689.149,751.918
689.138,751.404
689.131,751.080
689.125,750.789
689.111,750.141
689.107,749.939
689.100,749.616
689.094,749.321
689.083,748.815
689.081,748.737
689.069,748.145
689.061,747.749
689.053,747.391
689.043,746.929
689.029,746.270
689.025,746.053
689.021,745.857
689.014,745.539
689.003,745.010
688.998,744.774
688.980,743.939
688.969,743.424
688.962,743.098
688.948,742.422
688.943,742.191
688.939,741.983
688.927,741.411
688.921,741.136
688.911,740.645
688.909,740.582
688.908,740.524
688.896,739.952
688.888,739.573
688.878,739.094
688.880,739.177
688.878,739.117
688.880,739.201
688.887,739.516
688.888,739.562
688.886,739.463
688.887,739.513
688.896,739.940
688.904,740.324
688.919,741.055
688.938,741.957
688.955,742.771
688.979,743.890
689.011,745.424
689.041,746.813
689.067,748.070
689.091,749.208
689.110,750.095
689.130,751.040
689.148,751.895
689.161,752.525
689.177,753.239
689.190,753.883
689.203,754.466
689.214,754.995
689.224,755.475
689.233,755.908
689.241,756.301
689.257,757.038
689.263,757.321
689.276,757.959
689.289,758.537
689.308,759.441
689.325,760.259
689.346,761.235
689.367,762.264
689.387,763.194
689.413,764.416
689.428,765.141
689.450,766.179
689.470,767.118
689.488,767.967
689.504,768.735
689.527,769.813
689.547,770.790
689.566,771.674
689.583,772.471
689.598,773.193
689.612,773.846
689.624,774.438
689.636,774.973
689.682,777.143
689.679,777.039
689.669,776.565
689.668,776.516
689.667,776.472
689.667,776.432
689.666,776.397
689.665,776.365
689.673,776.718
689.679,777.036
689.685,777.325
689.683,777.203
689.689,777.475
689.694,777.720
689.698,777.943
689.703,778.145
689.707,778.327
689.710,778.492
689.705,778.261
689.709,778.434
689.712,778.590
689.715,778.732
689.718,778.859
689.720,778.974
689.722,779.078
689.980,791.273
689.982,791.351
689.983,791.423
689.985,791.487
689.986,791.545
689.987,791.597
689.988,791.646
689.989,791.689
689.990,791.730
689.990,791.764
689.999,792.177
689.999,792.169
690.007,792.544
690.006,792.501
690.005,792.463
690.005,792.429
690.007,792.547
690.006,792.504
690.013,792.848
690.012,792.775
690.006,792.478
690.005,792.443
690.004,792.411
690.004,792.382
690.003,792.356
689.930,788.898
689.920,788.439
689.911,788.023
689.904,787.647
689.896,787.306
689.890,787.000
689.876,786.341
689.879,786.509
689.875,786.278
689.870,786.070
689.866,785.879
689.854,785.327
689.852,785.209
689.850,785.102
689.848,785.004
689.846,784.914
689.844,784.833
689.843,784.761
689.841,784.695
689.832,784.256
689.831,784.238
689.823,783.842
689.816,783.484
689.809,783.161
689.811,783.247
689.699,777.972
689.695,777.790
689.684,777.244
689.681,777.131
689.679,777.030
689.677,776.938
689.667,776.472
689.667,776.432
689.666,776.397
689.665,776.365
689.665,776.337
689.661,776.163
689.661,776.152
689.660,776.143
689.660,776.134
689.660,776.126
689.652,775.739
689.653,775.767
689.645,775.415
689.638,775.094
689.640,775.187
689.642,775.271
689.644,775.346
689.645,775.412
689.638,775.091
689.632,774.803
689.624,774.395
689.619,774.173
689.615,773.970
689.603,773.407
689.600,773.277
689.597,773.162
689.592,772.910
689.587,772.685
689.591,772.861
689.581,772.402
689.573,771.986
689.573,771.991
689.573,771.997
689.573,772.003
689.565,771.625
689.558,771.284
689.559,771.356
689.561,771.422
689.554,771.102
689.548,770.810
689.542,770.547
689.537,770.307
689.533,770.090
689.528,769.894
689.533,770.099
689.534,770.140
689.529,769.940
689.526,769.758
689.522,769.594
689.519,769.446
689.516,769.313
689.522,769.573
689.519,769.426
689.516,769.293
689.521,769.556
689.515,769.267
689.510,769.007
689.508,768.915
689.506,768.831
689.512,769.137
689.515,769.270
689.521,769.536
689.518,769.394
689.515,769.264
689.521,769.530
689.518,769.388
689.515,769.261
689.513,769.146
689.507,768.897
689.506,768.816
689.504,768.741
689.503,768.675
689.498,768.470
689.497,768.429
689.497,768.392
689.504,768.738
689.503,768.672
689.501,768.611
689.500,768.556
689.496,768.363
689.495,768.331
689.495,768.302
689.494,768.276
689.494,768.253
689.493,768.233
689.501,768.597
689.500,768.545
689.499,768.496
689.498,768.452
689.505,768.793
689.504,768.721
689.499,768.513
689.498,768.467
689.505,768.808
689.504,768.735
689.503,768.669
689.509,768.990
689.507,768.900
689.506,768.819
689.509,768.981
689.507,768.891
689.514,769.192
689.516,769.319
689.522,769.579
689.519,769.432
689.516,769.299
689.521,769.562
689.526,769.799
689.531,770.012
689.535,770.206
689.539,770.382
689.534,770.160
689.535,770.194
689.539,770.371
689.534,770.148
689.538,770.330
689.541,770.495
689.536,770.261
689.532,770.050
689.528,769.859
689.532,770.067
689.536,770.255
689.532,770.044
689.536,770.235
689.531,770.027
689.527,769.839
689.524,769.669
689.528,769.894
689.525,769.718
689.529,769.940
689.534,770.140
689.534,770.177
689.538,770.356
689.534,770.137
689.529,769.937
689.534,770.140
689.529,769.940
689.526,769.758
689.522,769.594
689.527,769.828
689.528,769.894
689.525,769.718
689.521,769.559
689.518,769.414
689.516,769.284
689.513,769.166
689.519,769.440
689.524,769.689
689.521,769.533
689.518,769.391
689.523,769.646
689.528,769.874
689.524,769.700
689.521,769.542
689.526,769.781
689.523,769.617
689.524,769.703
689.529,769.926
689.525,769.747
689.522,769.585
689.524,769.674
689.529,769.900
689.525,769.724
689.521,769.565
689.518,769.420
689.524,769.672
689.529,769.897
689.533,770.102
689.537,770.287
689.540,770.454
689.535,770.223
689.531,770.015
689.527,769.828
689.531,770.038
689.532,770.085
689.536,770.272
689.532,770.059
689.528,769.868
689.532,770.076
689.536,770.264
689.540,770.434
689.543,770.587
689.546,770.726
689.549,770.853
689.543,770.584
689.546,770.723
689.541,770.469
689.536,770.238
689.539,770.411
689.543,770.567
689.538,770.327
689.533,770.111
689.529,769.914
689.525,769.735
689.530,769.955
689.534,770.154
689.538,770.333
689.533,770.114
689.529,769.917
689.525,769.738
689.522,769.576
