# Physical_Baseline=687.18pF, Trigger_Distance=5.6cm, Atten_Ratio=0.31
Raw_Capacitance(pF),Normalized_Capacitance(pF)
687.203,687.189
687.201,687.188
687.198,687.188
687.204,687.189
687.210,687.191
687.207,687.190
687.204,687.189
687.201,687.188
687.207,687.190
687.204,687.189
687.202,687.189
687.207,687.190
687.204,687.189
687.202,687.189
687.199,687.188
687.205,687.190
687.203,687.189
687.200,687.188
687.206,687.190
687.203,687.189
687.201,687.188
687.198,687.188
687.196,687.187
687.195,687.186
687.193,687.186
687.191,687.185
687.190,687.185
687.189,687.185
687.196,687.187
687.194,687.186
687.184,687.183
687.183,687.183
687.183,687.183
687.182,687.183
687.182,687.182
687.181,687.182
687.189,687.185
687.188,687.184
687.195,687.186
687.193,687.186
687.192,687.185
687.190,687.185
687.189,687.185
687.188,687.184
687.195,687.186
687.193,687.186
687.191,687.185
687.190,687.185
687.189,687.185
687.185,687.183
687.184,687.183
687.184,687.183
687.183,687.183
687.182,687.183
687.182,687.182
687.173,687.180
687.182,687.182
687.181,687.182
687.181,687.182
687.180,687.182
687.180,687.182
687.180,687.182
687.171,687.179
687.164,687.177
687.165,687.177
687.166,687.177
687.167,687.178
687.168,687.178
687.169,687.178
687.170,687.179
687.170,687.179
687.171,687.179
687.172,687.179
687.172,687.179
687.172,687.179
687.173,687.180
687.173,687.180
687.174,687.180
687.174,687.180
687.166,687.177
687.167,687.178
687.168,687.178
687.169,687.178
687.170,687.179
687.168,687.178
687.169,687.178
687.169,687.179
687.170,687.179
687.171,687.179
687.163,687.177
687.157,687.174
687.159,687.175
687.160,687.176
687.162,687.176
687.163,687.177
687.165,687.177
687.158,687.175
687.151,687.173
687.154,687.174
687.148,687.172
687.143,687.170
687.146,687.171
687.149,687.172
687.149,687.172
687.144,687.170
687.139,687.169
687.134,687.167
687.130,687.166
687.135,687.168
687.131,687.166
687.135,687.168
687.139,687.169
687.143,687.170
687.146,687.171
687.141,687.170
687.136,687.168
687.132,687.167
687.136,687.168
687.140,687.169
687.136,687.168
687.132,687.167
687.136,687.168
687.132,687.167
687.136,687.168
687.132,687.167
687.136,687.168
687.132,687.167
687.128,687.166
687.125,687.165
687.130,687.166
687.134,687.167
687.130,687.166
687.127,687.165
687.123,687.164
687.120,687.163
687.118,687.162
687.115,687.162
687.113,687.161
687.111,687.160
687.109,687.160
687.108,687.159
687.106,687.159
687.105,687.158
687.104,687.158
687.103,687.158
687.102,687.157
687.101,687.157
687.098,687.156
687.097,687.156
687.105,687.158
687.112,687.160
687.107,687.159
687.106,687.159
687.104,687.158
687.103,687.158
687.110,687.160
687.109,687.159
687.107,687.159
687.106,687.159
687.104,687.158
687.103,687.158
687.102,687.157
687.101,687.157
687.100,687.157
687.100,687.157
687.099,687.156
687.098,687.156
687.090,687.154
687.090,687.154
687.088,687.153
687.088,687.153
687.089,687.153
687.089,687.153
687.097,687.156
687.094,687.155
687.094,687.155
687.094,687.155
687.094,687.155
687.102,687.157
687.101,687.157
687.100,687.157
687.099,687.157
687.099,687.156
687.106,687.159
687.105,687.158
687.104,687.158
687.103,687.158
687.110,687.160
687.108,687.159
687.107,687.159
687.105,687.158
687.104,687.158
687.103,687.158
687.102,687.157
687.101,687.157
687.100,687.157
687.100,687.157
687.107,687.159
687.106,687.158
687.104,687.158
687.103,687.158
687.102,687.157
687.099,687.156
687.098,687.156
687.097,687.156
687.097,687.156
687.097,687.156
687.088,687.153
687.089,687.153
687.089,687.153
687.089,687.153
687.090,687.153
687.098,687.156
687.097,687.156
687.102,687.157
687.101,687.157
687.101,687.157
687.097,687.156
687.097,687.156
687.088,687.153
687.089,687.153
687.089,687.153
687.089,687.153
687.087,687.153
687.088,687.153
687.088,687.153
687.089,687.153
687.089,687.153
687.089,687.153
687.090,687.153
687.090,687.154
687.090,687.154
687.090,687.154
687.083,687.151
687.083,687.152
687.084,687.152
687.085,687.152
687.078,687.150
687.079,687.150
687.072,687.148
687.074,687.149
687.076,687.149
687.078,687.150
687.079,687.150
687.080,687.151
687.081,687.151
687.083,687.151
687.075,687.149
687.074,687.149
687.076,687.149
687.075,687.149
687.077,687.149
687.078,687.150
687.080,687.150
687.081,687.151
687.082,687.151
687.075,687.149
687.069,687.147
687.063,687.145
687.058,687.143
687.053,687.142
687.049,687.141
687.045,687.139
687.049,687.141
687.045,687.140
687.050,687.141
687.054,687.142
687.058,687.143
687.053,687.142
687.049,687.141
687.053,687.142
687.057,687.143
687.060,687.144
687.063,687.145
687.066,687.146
687.060,687.144
687.063,687.145
687.058,687.144
687.053,687.142
687.057,687.143
687.061,687.144
687.056,687.143
687.051,687.141
687.047,687.140
687.051,687.141
687.047,687.140
687.043,687.139
687.048,687.140
687.044,687.139
687.049,687.141
687.053,687.142
687.057,687.143
687.060,687.144
687.063,687.145
687.058,687.144
687.061,687.145
687.056,687.143
687.052,687.142
687.056,687.143
687.051,687.141
687.052,687.142
687.048,687.140
687.044,687.139
687.049,687.141
687.053,687.142
687.049,687.141
687.045,687.139
687.039,687.138
687.036,687.137
687.033,687.136
687.031,687.135
687.037,687.137
687.034,687.136
687.032,687.135
687.029,687.135
687.027,687.134
687.026,687.133
687.032,687.135
687.030,687.135
687.036,687.137
687.033,687.136
687.028,687.134
687.026,687.134
687.024,687.133
687.023,687.133
687.021,687.132
687.020,687.132
687.027,687.134
687.033,687.136
687.039,687.138
687.044,687.139
687.041,687.138
687.046,687.140
687.042,687.139
687.039,687.138
687.028,687.134
687.026,687.134
687.024,687.133
687.031,687.135
687.029,687.134
687.027,687.134
687.025,687.133
687.023,687.133
687.022,687.132
687.021,687.132
687.019,687.131
687.018,687.131
687.017,687.131
687.016,687.131
687.016,687.130
687.023,687.133
687.022,687.132
687.020,687.132
687.019,687.131
687.018,687.131
687.025,687.133
687.024,687.133
687.022,687.132
687.029,687.134
687.035,687.136
687.032,687.135
687.030,687.135
687.028,687.134
687.026,687.134
687.024,687.133
687.023,687.133
687.021,687.132
687.020,687.132
687.019,687.131
687.018,687.131
687.017,687.131
687.016,687.130
687.015,687.130
687.015,687.130
687.022,687.132
687.021,687.132
687.020,687.131
687.018,687.131
687.017,687.131
687.017,687.131
687.013,687.129
687.013,687.129
687.012,687.129
687.004,687.127
687.004,687.127
687.002,687.126
687.003,687.126
687.003,687.126
687.004,687.127
687.004,687.127
687.004,687.127
687.005,687.127
687.005,687.127
687.005,687.127
687.006,687.127
687.006,687.127
687.006,687.127
687.006,687.127
687.006,687.127
687.007,687.127
687.007,687.127
687.007,687.128
687.007,687.128
687.007,687.128
687.007,687.128
687.005,687.127
686.997,687.124
686.990,687.122
686.984,687.120
686.986,687.121
686.980,687.119
686.983,687.120
686.985,687.121
686.987,687.121
686.989,687.122
686.991,687.123
686.993,687.123
686.986,687.121
686.988,687.122
686.990,687.122
686.992,687.123
686.993,687.123
686.992,687.123
686.994,687.123
686.995,687.124
686.996,687.124
686.989,687.122
686.989,687.122
686.990,687.122
686.992,687.123
686.994,687.123
686.995,687.124
686.988,687.122
686.990,687.122
686.992,687.123
686.985,687.121
686.988,687.121
686.982,687.120
686.976,687.118
686.971,687.116
686.975,687.117
686.970,687.116
686.973,687.117
686.969,687.116
686.972,687.117
686.968,687.115
686.972,687.116
686.967,687.115
686.971,687.116
686.975,687.117
686.947,687.109
686.945,687.108
686.943,687.107
686.941,687.107
686.939,687.106
686.938,687.106
686.945,687.108
686.951,687.110
686.948,687.109
686.946,687.108
686.952,687.110
686.949,687.109
686.944,687.108
686.942,687.107
686.940,687.107
686.947,687.109
686.945,687.108
686.951,687.110
686.948,687.109
686.954,687.111
686.959,687.113
686.956,687.111
686.953,687.111
686.950,687.110
686.955,687.111
686.947,687.109
686.942,687.107
686.940,687.107
686.939,687.106
686.935,687.105
686.934,687.105
686.933,687.104
686.940,687.107
686.944,687.108
686.942,687.107
686.948,687.109
686.946,687.108
686.944,687.108
686.942,687.107
686.948,687.109
686.946,687.108
686.944,687.108
686.942,687.107
686.940,687.107
686.947,687.109
686.953,687.110
686.950,687.110
686.947,687.109
686.945,687.108
686.943,687.108
686.930,687.103
686.926,687.102
686.918,687.100
686.919,687.100
686.919,687.100
686.920,687.100
686.928,687.103
686.933,687.104
686.932,687.104
686.931,687.104
686.928,687.103
686.928,687.103
686.927,687.103
686.919,687.100
686.917,687.099
686.909,687.097
686.908,687.097
686.902,687.095
686.904,687.095
686.898,687.093
686.900,687.094
686.894,687.092
686.897,687.093
686.900,687.094
686.894,687.092
686.897,687.093
686.891,687.091
686.895,687.092
686.897,687.093
686.892,687.091
686.895,687.092
686.890,687.091
686.885,687.089
686.881,687.088
686.885,687.089
686.880,687.088
686.885,687.089
686.888,687.090
686.892,687.091
686.895,687.092
686.897,687.093
686.900,687.094
686.902,687.095
686.904,687.095
686.906,687.096
686.908,687.096
686.909,687.097
686.911,687.097
686.912,687.098
686.905,687.096
686.899,687.094
686.901,687.094
686.903,687.095
686.905,687.096
686.899,687.094
686.893,687.092
686.894,687.092
686.897,687.093
686.891,687.091
686.886,687.090
686.890,687.091
686.893,687.092
686.893,687.092
686.888,687.090
686.884,687.089
686.888,687.090
686.883,687.089
686.884,687.089
686.888,687.090
686.883,687.089
686.887,687.090
686.891,687.091
686.886,687.090
686.889,687.091
686.893,687.092
686.896,687.093
686.898,687.094
686.901,687.094
686.903,687.095
686.902,687.095
686.896,687.093
686.896,687.093
686.899,687.094
686.901,687.094
686.901,687.094
686.903,687.095
686.905,687.096
686.904,687.095
686.906,687.096
686.908,687.096
686.901,687.094
686.904,687.095
686.911,687.097
686.904,687.095
686.906,687.096
686.900,687.094
686.902,687.095
686.904,687.095
686.898,687.093
686.900,687.094
686.903,687.095
686.897,687.093
686.899,687.094
686.902,687.094
686.904,687.095
686.898,687.093
686.900,687.094
686.902,687.095
686.896,687.093
686.891,687.091
686.886,687.090
686.882,687.088
686.886,687.090
686.889,687.091
686.893,687.092
686.896,687.093
686.898,687.093
686.893,687.092
686.888,687.090
686.883,687.089
686.879,687.087
686.875,687.086
686.880,687.088
686.884,687.089
686.880,687.088
686.884,687.089
686.880,687.088
686.881,687.088
686.885,687.089
686.889,687.091
686.882,687.088
686.886,687.090
686.889,687.091
686.893,687.092
686.888,687.090
686.883,687.089
686.887,687.090
686.891,687.091
686.886,687.090
686.881,687.088
686.877,687.087
686.882,687.088
686.886,687.090
686.881,687.088
686.885,687.089
686.878,687.087
686.883,687.089
686.879,687.087
686.875,687.086
686.872,687.085
686.877,687.087
686.873,687.086
686.875,687.086
686.880,687.088
686.884,687.089
686.880,687.088
686.884,687.089
686.888,687.090
686.883,687.089
686.885,687.089
686.880,687.088
686.876,687.087
686.881,687.088
686.885,687.089
686.881,687.088
686.885,687.089
686.878,687.087
686.882,687.088
686.886,687.090
686.887,687.090
686.883,687.089
686.887,687.090
686.882,687.088
686.878,687.087
686.874,687.086
686.871,687.085
686.876,687.087
686.881,687.088
686.885,687.089
686.878,687.087
686.882,687.088
686.878,687.087
686.874,687.086
686.871,687.085
686.876,687.087
686.881,687.088
686.882,687.088
686.886,687.090
686.890,687.091
686.885,687.089
686.889,687.090
686.884,687.089
686.880,687.088
686.873,687.086
686.870,687.085
686.867,687.084
686.865,687.083
686.862,687.082
686.860,687.081
686.866,687.083
686.864,687.083
686.861,687.082
686.867,687.084
686.870,687.085
686.867,687.084
686.865,687.083
686.862,687.082
686.865,687.083
686.863,687.082
686.861,687.082
686.859,687.081
686.857,687.080
686.855,687.080
686.854,687.079
686.858,687.081
686.856,687.080
686.854,687.080
686.861,687.082
686.859,687.081
686.863,687.082
686.860,687.082
686.858,687.081
686.865,687.083
686.862,687.082
686.860,687.081
686.866,687.083
686.864,687.083
686.861,687.082
686.867,687.084
686.865,687.083
686.870,687.085
686.875,687.086
686.872,687.085
686.877,687.087
686.873,687.086
686.870,687.085
686.867,687.084
686.870,687.085
686.867,687.084
686.864,687.083
686.862,687.082
686.860,687.081
686.858,687.081
686.856,687.080
686.855,687.080
686.853,687.079
686.852,687.079
686.851,687.079
686.850,687.078
686.846,687.077
686.845,687.077
686.850,687.078
686.849,687.078
686.848,687.078
686.848,687.078
686.847,687.077
686.846,687.077
686.843,687.076
686.835,687.073
686.835,687.074
686.835,687.074
686.836,687.074
686.836,687.074
686.836,687.074
686.837,687.074
686.837,687.074
686.837,687.074
686.837,687.074
686.838,687.074
686.846,687.077
686.845,687.077
686.845,687.077
686.850,687.078
686.849,687.078
686.848,687.078
686.847,687.077
686.846,687.077
686.846,687.077
686.837,687.074
686.837,687.074
686.835,687.074
686.835,687.074
686.836,687.074
686.836,687.074
686.834,687.073
686.834,687.073
686.835,687.074
686.827,687.071
686.828,687.072
686.829,687.072
686.836,687.074
686.836,687.074
686.834,687.073
686.835,687.073
686.835,687.074
686.835,687.074
686.836,687.074
686.836,687.074
686.836,687.074
686.837,687.074
686.829,687.072
686.830,687.072
686.828,687.072
686.829,687.072
686.828,687.071
686.821,687.069
686.823,687.070
686.824,687.070
686.826,687.071
686.827,687.071
686.828,687.071
686.821,687.069
686.815,687.067
686.817,687.068
686.819,687.069
686.821,687.069
686.823,687.070
686.825,687.070
686.826,687.071
686.827,687.071
686.828,687.072
686.821,687.069
686.823,687.070
686.825,687.070
686.826,687.071
686.827,687.071
686.826,687.071
686.827,687.071
686.826,687.071
686.827,687.071
686.828,687.072
686.821,687.069
686.823,687.070
686.825,687.070
686.826,687.071
686.827,687.071
686.828,687.072
686.835,687.074
686.835,687.074
686.836,687.074
686.836,687.074
686.836,687.074
686.837,687.074
686.834,687.073
686.835,687.074
686.835,687.074
686.836,687.074
686.836,687.074
686.836,687.074
686.834,687.073
686.835,687.073
686.835,687.074
686.836,687.074
686.828,687.071
686.829,687.072
686.830,687.072
686.831,687.072
686.824,687.070
686.825,687.071
686.827,687.071
686.820,687.069
686.830,687.072
686.823,687.070
686.824,687.070
686.834,687.073
686.826,687.071
686.827,687.071
686.829,687.072
686.827,687.071
686.828,687.071
686.829,687.072
686.830,687.072
686.829,687.072
686.830,687.072
686.831,687.072
686.831,687.072
686.832,687.073
686.825,687.070
686.826,687.071
686.828,687.071
686.829,687.072
686.830,687.072
686.823,687.070
686.824,687.070
686.826,687.071
686.827,687.071
686.820,687.069
686.822,687.070
686.816,687.068
686.815,687.067
686.818,687.068
686.817,687.068
686.811,687.066
686.811,687.066
686.814,687.067
686.806,687.064
686.801,687.063
686.802,687.063
686.798,687.062
686.794,687.061
686.791,687.060
686.793,687.060
686.789,687.059
686.794,687.061
686.798,687.062
686.802,687.063
686.798,687.062
686.794,687.061
686.798,687.062
686.794,687.061
686.790,687.060
686.795,687.061
686.799,687.062
686.803,687.064
686.806,687.065
686.802,687.063
686.797,687.062
686.801,687.063
686.797,687.062
686.801,687.063
686.797,687.062
686.801,687.063
686.804,687.064
686.808,687.065
686.803,687.063
686.784,687.058
686.781,687.057
686.779,687.056
686.777,687.055
686.774,687.055
686.781,687.057
686.778,687.056
686.776,687.055
686.774,687.054
686.780,687.056
686.775,687.055
686.781,687.057
686.776,687.055
686.774,687.055
686.781,687.057
686.778,687.056
686.776,687.055
686.774,687.054
686.772,687.054
686.770,687.053
686.777,687.055
686.775,687.055
686.773,687.054
686.779,687.056
686.774,687.055
686.777,687.056
686.775,687.055
686.779,687.056
686.784,687.058
686.782,687.057
686.785,687.058
686.782,687.057
686.777,687.055
686.775,687.055
686.773,687.054
686.771,687.054
686.769,687.053
686.766,687.052
686.773,687.054
686.779,687.056
686.785,687.058
686.782,687.057
686.779,687.056
686.777,687.055
686.775,687.055
686.779,687.056
686.782,687.057
686.779,687.056
686.777,687.055
686.775,687.055
686.773,687.054
686.771,687.054
686.770,687.053
686.768,687.053
686.764,687.052
686.764,687.051
686.763,687.051
686.762,687.051
686.761,687.051
686.761,687.050
686.760,687.050
686.752,687.047
686.744,687.045
686.745,687.045
686.746,687.046
686.744,687.045
686.745,687.045
686.746,687.046
686.747,687.046
686.748,687.046
686.748,687.046
686.747,687.046
686.747,687.046
686.748,687.046
686.746,687.046
686.747,687.046
686.748,687.046
686.756,687.049
686.756,687.049
686.756,687.049
686.764,687.051
686.771,687.054
686.770,687.053
686.768,687.053
686.773,687.054
686.771,687.054
686.769,687.053
686.768,687.053
686.767,687.052
686.766,687.052
686.765,687.052
686.764,687.051
686.763,687.051
686.762,687.051
686.762,687.051
686.761,687.050
686.760,687.050
686.760,687.050
686.759,687.050
686.759,687.050
686.759,687.050
686.758,687.050
686.758,687.049
686.750,687.047
686.750,687.047
686.751,687.047
686.748,687.046
686.749,687.047
686.750,687.047
686.748,687.046
686.748,687.046
686.754,687.048
686.755,687.048
686.755,687.048
686.760,687.050
686.760,687.050
686.759,687.050
686.759,687.050
686.758,687.050
686.756,687.049
686.755,687.049
686.747,687.046
686.748,687.046
686.746,687.046
686.739,687.044
686.741,687.044
686.742,687.044
686.743,687.045
686.744,687.045
686.745,687.045
686.738,687.043
686.740,687.044
686.733,687.042
686.735,687.042
686.737,687.043
686.739,687.043
686.740,687.044
686.739,687.044
686.741,687.044
686.742,687.045
686.735,687.042
686.737,687.043
686.739,687.044
686.740,687.044
686.742,687.044
686.743,687.045
686.744,687.045
686.743,687.045
686.744,687.045
686.737,687.043
686.731,687.041
686.725,687.039
686.725,687.039
686.728,687.040
686.723,687.038
686.726,687.039
686.726,687.039
686.729,687.040
686.731,687.041
686.731,687.041
686.733,687.042
686.727,687.040
686.722,687.038
686.725,687.039
686.728,687.040
686.730,687.041
686.733,687.042
686.735,687.042
686.734,687.042
686.736,687.043
686.738,687.043
686.732,687.041
686.734,687.042
686.736,687.043
686.738,687.043
686.739,687.044
686.741,687.044
686.742,687.045
686.743,687.045
686.744,687.045
686.745,687.046
686.744,687.045
686.745,687.045
686.746,687.046
686.744,687.045
686.745,687.045
686.746,687.046
686.747,687.046
686.748,687.046
686.748,687.046
686.755,687.048
686.755,687.048
686.755,687.048
686.752,687.048
686.752,687.048
686.753,687.048
686.753,687.048
686.753,687.048
686.753,687.048
686.753,687.048
686.754,687.048
686.754,687.048
686.754,687.048
686.754,687.048
686.746,687.046
686.739,687.043
686.740,687.044
686.742,687.044
686.743,687.045
686.742,687.044
686.743,687.045
686.744,687.045
686.735,687.042
686.734,687.042
686.728,687.040
686.722,687.038
686.723,687.039
686.726,687.039
686.721,687.038
686.722,687.038
686.725,687.039
686.728,687.040
686.730,687.041
686.733,687.042
686.735,687.042
686.737,687.043
686.736,687.043
686.738,687.043
686.739,687.044
686.741,687.044
686.740,687.044
686.741,687.044
686.742,687.045
686.736,687.042
686.737,687.043
686.731,687.041
686.733,687.042
686.727,687.040
686.722,687.038
686.717,687.037
686.713,687.035
686.717,687.037
686.720,687.038
686.716,687.036
686.719,687.037
686.715,687.036
686.716,687.036
686.712,687.035
686.708,687.034
686.712,687.035
686.716,687.036
686.720,687.038
686.723,687.039
686.724,687.039
686.724,687.039
686.727,687.040
686.730,687.041
686.730,687.041
686.732,687.041
686.734,687.042
686.734,687.042
686.736,687.042
686.738,687.043
686.731,687.041
686.733,687.042
686.736,687.042
686.735,687.042
686.737,687.043
686.738,687.043
686.732,687.041
686.734,687.042
686.736,687.043
686.738,687.043
686.737,687.043
686.739,687.043
686.740,687.044
686.739,687.044
686.733,687.041
686.727,687.040
686.721,687.038
686.725,687.039
686.719,687.037
686.723,687.038
686.726,687.039
686.729,687.040
686.731,687.041
686.733,687.042
686.735,687.042
686.737,687.043
686.739,687.044
686.741,687.044
686.742,687.044
686.735,687.042
686.729,687.040
686.723,687.039
686.726,687.040
686.721,687.038
686.722,687.038
686.725,687.039
686.728,687.040
686.728,687.040
686.730,687.041
686.733,687.042
686.732,687.041
686.732,687.041
686.734,687.042
686.728,687.040
686.728,687.040
686.731,687.041
686.733,687.042
686.733,687.041
686.735,687.042
686.729,687.040
686.731,687.041
686.731,687.041
686.725,687.039
686.720,687.038
686.715,687.036
686.708,687.034
686.713,687.035
686.709,687.034
686.705,687.033
686.707,687.034
686.712,687.035
686.716,687.036
686.720,687.037
686.721,687.038
686.724,687.039
686.719,687.037
686.714,687.036
686.716,687.036
686.711,687.035
686.707,687.034
686.704,687.033
686.701,687.032
686.698,687.031
686.703,687.032
686.698,687.031
686.703,687.032
686.708,687.034
686.704,687.033
686.701,687.032
686.706,687.033
686.703,687.032
686.705,687.033
686.710,687.034
686.706,687.033
686.703,687.032
686.708,687.034
686.712,687.035
686.716,687.036
686.712,687.035
686.716,687.036
686.720,687.038
686.723,687.039
686.718,687.037
686.714,687.036
686.710,687.034
686.714,687.036
686.710,687.034
686.706,687.033
686.711,687.035
686.707,687.033
686.712,687.035
686.716,687.036
686.717,687.037
686.713,687.035
686.709,687.034
686.705,687.033
686.702,687.032
686.707,687.033
686.703,687.032
686.708,687.034
686.713,687.035
686.717,687.037
686.712,687.035
686.708,687.034
686.713,687.035
686.709,687.034
686.713,687.035
686.717,687.037
686.721,687.038
686.724,687.039
686.727,687.040
686.722,687.038
686.717,687.037
686.712,687.035
686.714,687.036
686.707,687.034
686.712,687.035
686.716,687.036
686.717,687.037
686.713,687.035
686.709,687.034
686.705,687.033
686.699,687.031
686.696,687.030
686.694,687.029
686.692,687.029
686.687,687.027
686.686,687.027
686.684,687.026
686.683,687.026
686.690,687.028
686.688,687.028
686.686,687.027
686.693,687.029
686.699,687.031
686.704,687.033
686.709,687.034
686.705,687.033
686.710,687.034
686.706,687.033
686.703,687.032
686.700,687.031
686.697,687.030
686.695,687.030
686.700,687.031
686.698,687.031
686.695,687.030
686.698,687.031
686.701,687.032
686.698,687.031
686.695,687.030
686.693,687.029
686.699,687.031
686.696,687.030
686.702,687.032
686.707,687.033
686.703,687.032
686.698,687.031
686.695,687.030
686.693,687.029
686.699,687.031
686.696,687.030
686.702,687.032
686.699,687.031
686.696,687.030
686.694,687.029
686.689,687.028
686.687,687.027
686.686,687.027
686.692,687.029
686.698,687.031
686.696,687.030
686.693,687.029
686.691,687.028
686.689,687.028
686.687,687.027
686.686,687.027
686.673,687.023
686.673,687.023
686.670,687.022
686.676,687.024
686.675,687.024
686.675,687.023
686.666,687.021
686.667,687.021
686.673,687.023
686.672,687.023
686.672,687.023
686.680,687.025
686.679,687.025
686.676,687.024
686.675,687.024
686.675,687.023
686.675,687.023
686.672,687.022
686.672,687.022
686.671,687.022
686.671,687.022
686.671,687.022
686.669,687.021
686.669,687.022
686.669,687.022
686.660,687.019
686.659,687.018
686.660,687.019
686.653,687.017
686.655,687.017
686.656,687.018
686.658,687.018
686.656,687.018
686.658,687.018
686.659,687.018
686.660,687.019
686.653,687.017
686.655,687.017
686.654,687.017
686.655,687.017
686.657,687.018
686.658,687.018
686.659,687.019
686.658,687.018
686.656,687.018
686.658,687.018
686.659,687.018
686.660,687.019
686.661,687.019
686.662,687.019
686.664,687.020
686.665,687.020
686.663,687.020
686.664,687.020
686.656,687.018
686.650,687.016
686.652,687.016
686.654,687.017
686.655,687.017
686.657,687.018
686.655,687.017
686.649,687.015
686.643,687.013
686.645,687.014
686.648,687.015
686.650,687.016
686.649,687.015
686.649,687.015
686.643,687.013
686.638,687.012
686.641,687.013
686.644,687.014
686.638,687.012
686.633,687.010
686.634,687.011
686.638,687.012
686.633,687.010
686.628,687.009
686.632,687.010
686.633,687.010
686.634,687.011
686.635,687.011
686.639,687.012
686.634,687.011
686.637,687.012
686.640,687.013
686.649,687.015
686.651,687.016
686.653,687.016
686.654,687.017
686.656,687.017
686.657,687.018
686.659,687.018
686.660,687.019
686.661,687.019
686.662,687.019
686.663,687.020
686.669,687.022
686.667,687.021
686.664,687.020
686.665,687.020
686.666,687.020
686.666,687.021
686.658,687.018
686.657,687.018
686.658,687.018
686.659,687.019
686.661,687.019
686.661,687.019
686.660,687.019
686.653,687.016
686.655,687.017
686.656,687.018
686.657,687.018
686.659,687.018
686.657,687.018
686.659,687.018
686.660,687.019
686.658,687.018
686.657,687.018
686.658,687.018
686.651,687.016
686.653,687.017
686.655,687.017
686.656,687.018
686.655,687.017
686.654,687.017
686.656,687.017
686.649,687.015
686.651,687.016
686.653,687.017
686.655,687.017
686.654,687.017
686.653,687.016
686.654,687.017
686.656,687.017
686.657,687.018
686.659,687.018
686.660,687.019
686.661,687.019
686.654,687.017
686.653,687.016
686.652,687.016
686.646,687.014
686.640,687.012
686.643,687.013
686.638,687.012
686.633,687.010
686.628,687.009
686.632,687.010
686.625,687.008
686.630,687.009
686.626,687.008
686.630,687.009
686.626,687.008
686.622,687.007
686.627,687.008
686.631,687.010
686.632,687.010
686.636,687.011
686.631,687.010
686.627,687.008
686.631,687.010
686.635,687.011
686.638,687.012
686.639,687.012
686.642,687.013
686.644,687.014
686.639,687.012
686.642,687.013
686.642,687.013
686.645,687.014
686.647,687.015
686.641,687.013
686.644,687.014
686.647,687.015
686.649,687.015
686.648,687.015
686.648,687.015
686.650,687.016
686.644,687.014
686.647,687.015
686.641,687.013
686.644,687.014
686.638,687.012
686.641,687.013
686.642,687.013
686.642,687.013
686.636,687.011
686.640,687.012
686.635,687.011
686.638,687.012
686.641,687.013
686.644,687.014
686.638,687.012
686.639,687.012
686.642,687.013
686.645,687.014
686.639,687.012
686.634,687.011
686.638,687.012
686.641,687.013
686.644,687.014
686.646,687.014
686.646,687.014
686.646,687.014
686.646,687.014
686.637,687.012
686.641,687.013
686.635,687.011
686.639,687.012
686.642,687.013
686.645,687.014
686.647,687.015
686.649,687.015
686.643,687.014
686.635,687.011
686.639,687.012
686.642,687.013
686.636,687.011
686.632,687.010
686.635,687.011
686.631,687.010
686.627,687.008
686.628,687.009
686.630,687.009
686.634,687.010
686.629,687.009
686.633,687.010
686.629,687.009
686.625,687.008
686.629,687.009
686.625,687.008
686.621,687.007
686.623,687.007
686.620,687.006
686.625,687.008
686.629,687.009
686.625,687.008
686.629,687.009
686.633,687.010
686.629,687.009
686.630,687.009
686.631,687.010
686.627,687.008
686.631,687.010
686.627,687.008
686.623,687.007
686.620,687.006
686.625,687.008
686.621,687.006
686.626,687.008
686.619,687.006
686.624,687.008
686.629,687.009
686.625,687.008
686.621,687.006
686.626,687.008
686.622,687.007
686.619,687.006
686.615,687.005
686.613,687.004
686.610,687.003
686.613,687.004
686.619,687.006
686.624,687.007
686.626,687.008
686.627,687.009
686.623,687.007
686.620,687.006
686.617,687.005
686.614,687.004
686.611,687.003
686.609,687.003
686.607,687.002
686.605,687.001
686.608,687.003
686.612,687.004
686.609,687.003
686.607,687.002
686.605,687.002
686.611,687.004
686.617,687.005
686.614,687.004
686.619,687.006
686.622,687.007
686.618,687.006
686.615,687.005
686.613,687.004
686.618,687.006
686.615,687.005
686.620,687.006
686.617,687.005
686.614,687.004
686.612,687.004
686.609,687.003
686.607,687.002
686.605,687.001
686.611,687.003
686.614,687.004
686.612,687.004
686.617,687.005
686.614,687.004
686.612,687.004
686.617,687.005
686.622,687.007
686.619,687.006
686.616,687.005
686.613,687.004
686.610,687.003
686.614,687.004
686.616,687.005
686.614,687.004
686.611,687.003
686.606,687.002
686.602,687.000
686.600,687.000
686.607,687.002
686.605,687.001
686.611,687.003
686.609,687.003
686.615,687.005
686.612,687.004
686.610,687.003
686.607,687.002
686.605,687.002
686.601,687.000
686.600,687.000
686.598,686.999
686.605,687.002
686.611,687.004
686.609,687.003
686.615,687.005
686.612,687.004
686.618,687.005
686.615,687.005
686.612,687.004
686.610,687.003
686.607,687.002
686.605,687.002
686.604,687.001
686.602,687.001
686.606,687.002
686.609,687.003
686.605,687.001
686.600,687.000
686.597,686.999
686.593,686.998
686.590,686.997
686.587,686.996
686.587,686.996
686.587,686.996
686.587,686.996
686.587,686.996
686.587,686.996
686.587,686.996
686.587,686.996
686.587,686.996
686.587,686.996
686.587,686.996
686.587,686.996
686.587,686.996
686.587,686.996
686.584,686.995
686.592,686.997
686.592,686.997
686.597,686.999
686.593,686.998
686.590,686.997
686.598,686.999
686.597,686.999
686.596,686.999
686.595,686.998
686.594,686.998
686.593,686.998
686.592,686.998
686.592,686.997
686.591,686.997
686.591,686.997
686.590,686.997
686.595,686.999
686.595,686.998
686.591,686.997
686.596,686.999
686.593,686.998
686.598,686.999
686.597,686.999
686.596,686.999
686.595,686.998
686.594,686.998
686.601,687.000
686.600,687.000
686.599,686.999
686.605,687.002
686.604,687.001
686.602,687.001
686.606,687.002
686.604,687.001
686.600,687.000
686.596,686.999
686.601,687.000
686.607,687.002
686.613,687.004
686.611,687.003
686.616,687.005
686.614,687.004
686.611,687.003
686.609,687.003
686.612,687.004
686.615,687.005
686.618,687.005
686.615,687.005
686.612,687.004
686.610,687.003
686.607,687.002
686.605,687.002
686.604,687.001
686.602,687.001
686.600,687.000
686.599,687.000
686.598,686.999
686.597,686.999
686.596,686.999
686.595,686.998
686.594,686.998
686.593,686.998
686.590,686.997
686.587,686.996
686.587,686.996
686.587,686.996
686.587,686.996
686.584,686.995
686.585,686.995
686.593,686.998
686.592,686.997
686.592,686.997
686.591,686.997
686.591,686.997
686.590,686.997
686.590,686.997
686.589,686.997
686.589,686.997
686.589,686.996
686.586,686.996
686.584,686.995
686.581,686.994
686.579,686.993
686.580,686.994
686.589,686.996
686.594,686.998
686.591,686.997
686.590,686.997
686.590,686.997
686.589,686.997
686.589,686.997
686.589,686.996
686.589,686.996
686.588,686.996
686.588,686.996
686.588,686.996
686.596,686.999
686.603,687.001
686.599,687.000
686.595,686.998
686.600,687.000
686.604,687.001
686.600,687.000
686.596,686.999
686.593,686.998
686.589,686.997
686.589,686.997
686.589,686.996
686.594,686.998
686.591,686.997
686.598,686.999
686.595,686.998
686.594,686.998
686.593,686.998
686.593,686.998
686.592,686.997
686.591,686.997
686.591,686.997
686.591,686.997
686.590,686.997
686.590,686.997
686.589,686.997
686.589,686.997
686.586,686.996
686.592,686.997
686.599,687.000
686.598,686.999
686.597,686.999
686.596,686.999
686.595,686.998
686.586,686.996
686.586,686.996
686.578,686.993
686.579,686.993
686.580,686.994
686.580,686.994
686.568,686.990
686.570,686.990
686.571,686.991
686.573,686.991
686.574,686.992
686.575,686.992
686.582,686.994
686.580,686.994
686.578,686.993
686.579,686.993
686.579,686.993
686.580,686.994
686.578,686.993
686.576,686.992
686.575,686.992
686.581,686.994
686.587,686.996
686.587,686.996
686.587,686.996
686.587,686.996
686.579,686.993
686.569,686.990
686.563,686.988
686.565,686.989
686.564,686.989
686.567,686.989
686.568,686.990
686.570,686.991
686.572,686.991
686.573,686.991
686.574,686.992
686.573,686.991
686.566,686.989
686.574,686.992
686.575,686.992
686.576,686.992
686.577,686.993
686.575,686.992
686.574,686.992
686.572,686.991
686.571,686.991
686.570,686.991
686.564,686.989
686.566,686.989
686.568,686.990
686.569,686.990
686.571,686.991
686.573,686.991
686.571,686.991
686.578,686.993
686.576,686.993
686.577,686.993
686.576,686.992
686.582,686.994
686.580,686.994
686.578,686.993
686.584,686.995
686.585,686.995
686.585,686.995
686.585,686.995
686.577,686.993
686.578,686.993
686.571,686.991
686.572,686.991
686.573,686.992
686.575,686.992
686.576,686.992
686.574,686.992
686.567,686.990
686.567,686.989
686.566,686.989
686.565,686.989
686.559,686.987
686.554,686.985
686.557,686.986
686.560,686.987
686.562,686.988
686.565,686.989
686.567,686.989
686.560,686.988
686.560,686.988
686.560,686.987
686.563,686.988
686.565,686.989
686.565,686.989
686.564,686.989
686.564,686.989
686.563,686.988
686.563,686.988
686.563,686.988
686.570,686.991
686.561,686.988
686.564,686.989
686.563,686.988
686.555,686.986
686.547,686.983
686.541,686.981
686.534,686.979
686.537,686.980
686.539,686.981
686.541,686.981
686.537,686.980
686.534,686.979
686.536,686.980
686.539,686.981
686.533,686.979
686.535,686.980
686.537,686.980
686.542,686.982
686.538,686.981
686.543,686.982
686.547,686.983
686.551,686.984
686.554,686.986
686.557,686.986
686.560,686.987
686.562,686.988
686.557,686.986
686.551,686.985
686.555,686.986
686.558,686.987
686.552,686.985
686.556,686.986
686.551,686.984
686.546,686.983
686.550,686.984
686.553,686.985
686.548,686.984
686.552,686.985
686.555,686.986
686.558,686.987
686.561,686.988
686.563,686.988
686.565,686.989
686.567,686.990
686.561,686.988
686.564,686.988
686.558,686.987
686.560,686.988
686.563,686.988
686.565,686.989
686.567,686.990
686.569,686.990
686.563,686.988
686.565,686.989
686.567,686.990
686.569,686.990
686.570,686.991
686.564,686.989
686.566,686.989
686.568,686.990
686.570,686.990
686.563,686.988
686.557,686.987
686.552,686.985
686.547,686.983
686.551,686.985
686.546,686.983
686.550,686.984
686.546,686.983
686.549,686.984
686.542,686.982
686.536,686.980
686.530,686.978
686.533,686.979
686.536,686.980
686.538,686.980
686.543,686.982
686.547,686.983
686.542,686.982
686.547,686.983
686.550,686.984
686.554,686.985
686.549,686.984
686.552,686.985
686.548,686.983
686.543,686.982
686.547,686.983
686.551,686.985
686.554,686.986
686.557,686.987
686.560,686.987
686.555,686.986
686.550,686.984
686.545,686.983
686.549,686.984
686.545,686.983
686.549,686.984
686.552,686.985
686.547,686.983
686.543,686.982
686.539,686.981
686.541,686.981
686.543,686.982
686.544,686.983
686.546,686.983
686.547,686.983
686.548,686.984
686.542,686.982
686.538,686.980
686.542,686.982
686.547,686.983
686.550,686.984
686.546,686.983
686.550,686.984
686.553,686.985
686.556,686.986
686.559,686.987
686.554,686.985
686.549,686.984
686.550,686.984
686.543,686.982
686.536,686.980
686.539,686.981
686.533,686.979
686.527,686.977
686.522,686.976
686.528,686.977
686.534,686.979
686.531,686.978
686.536,686.980
686.541,686.981
686.537,686.980
686.542,686.982
686.546,686.983
686.542,686.982
686.544,686.982
686.545,686.983
686.546,686.983
686.548,686.984
686.541,686.981
686.543,686.982
686.547,686.983
686.543,686.982
686.539,686.981
686.543,686.982
686.539,686.981
686.544,686.982
686.540,686.981
686.536,686.980
686.541,686.981
686.545,686.983
686.547,686.983
686.548,686.984
686.541,686.981
686.543,686.982
686.539,686.981
686.535,686.980
686.532,686.979
686.529,686.978
686.527,686.977
686.532,686.979
686.537,686.980
686.540,686.981
686.534,686.979
686.536,686.980
686.538,686.981
686.543,686.982
686.547,686.983
686.551,686.984
686.554,686.986
686.557,686.986
686.560,686.987
686.562,686.988
686.557,686.986
686.559,686.987
686.562,686.988
686.564,686.989
686.558,686.987
686.561,686.988
686.555,686.986
686.558,686.987
686.558,686.987
686.559,686.987
686.559,686.987
686.559,686.987
686.553,686.985
686.549,686.984
686.544,686.982
686.548,686.984
686.544,686.982
686.540,686.981
686.536,686.980
686.541,686.981
686.545,686.983
686.539,686.981
686.533,686.979
686.535,686.980
686.538,686.980
686.542,686.982
686.538,686.981
686.535,686.979
686.540,686.981
686.536,686.980
686.533,686.979
686.538,686.980
686.535,686.979
686.531,686.978
686.529,686.978
686.526,686.977
686.524,686.976
686.519,686.975
686.523,686.976
686.526,686.977
686.530,686.978
686.535,686.980
686.529,686.978
686.532,686.979
686.529,686.978
686.527,686.977
686.532,686.979
686.538,686.980
686.542,686.982
686.538,686.981
686.543,686.982
686.539,686.981
686.535,686.980
686.538,686.980
686.534,686.979
686.531,686.978
686.528,686.977
686.526,686.977
686.524,686.976
686.522,686.975
686.520,686.975
686.526,686.977
686.521,686.975
686.525,686.976
686.528,686.977
686.523,686.976
686.521,686.975
686.519,686.975
686.518,686.974
686.516,686.974
686.523,686.976
686.529,686.978
686.526,686.977
686.524,686.976
686.519,686.975
686.523,686.976
686.527,686.977
686.524,686.976
686.522,686.976
686.528,686.977
686.534,686.979
686.531,686.978
686.536,686.980
686.533,686.979
686.535,686.980
686.530,686.978
686.525,686.976
686.522,686.976
686.520,686.975
686.519,686.974
686.525,686.976
686.523,686.976
686.521,686.975
686.527,686.977
686.525,686.976
686.528,686.977
686.526,686.977
686.529,686.978
686.534,686.979
686.531,686.978
686.528,686.977
686.526,686.977
686.524,686.976
686.530,686.978
686.527,686.977
686.525,686.976
686.522,686.976
686.521,686.975
686.519,686.974
686.517,686.974
686.521,686.975
686.517,686.974
686.515,686.973
686.514,686.973
686.521,686.975
686.519,686.975
686.518,686.974
686.516,686.974
686.523,686.976
686.521,686.975
686.527,686.977
686.533,686.979
686.530,686.978
686.535,686.980
686.540,686.981
686.542,686.982
686.536,686.980
686.532,686.979
686.529,686.978
686.527,686.977
686.533,686.979
686.530,686.978
686.527,686.977
686.525,686.976
686.530,686.978
686.528,686.977
686.511,686.972
686.510,686.972
686.507,686.971
686.504,686.970
686.509,686.972
686.517,686.974
686.515,686.973
686.514,686.973
686.513,686.973
686.512,686.972
686.508,686.971
686.505,686.970
686.510,686.972
686.510,686.972
686.509,686.971
686.508,686.971
686.508,686.971
686.507,686.971
686.504,686.970
686.501,686.969
686.502,686.969
686.502,686.969
686.502,686.969
686.502,686.969
686.502,686.969
686.500,686.969
686.492,686.966
686.493,686.966
686.491,686.966
686.498,686.968
686.498,686.968
686.499,686.968
686.499,686.968
686.491,686.966
686.484,686.964
686.483,686.963
686.483,686.963
686.484,686.964
686.486,686.964
686.488,686.965
686.489,686.965
686.490,686.965
686.489,686.965
686.488,686.965
686.489,686.965
686.490,686.965
686.491,686.966
686.492,686.966
686.493,686.966
686.494,686.967
686.509,686.971
686.508,686.971
686.508,686.971
686.507,686.971
686.506,686.971
686.504,686.970
686.495,686.967
686.496,686.967
686.489,686.965
686.482,686.963
686.481,686.963
686.481,686.962
686.483,686.963
686.484,686.964
686.478,686.962
686.472,686.960
686.467,686.958
686.470,686.959
686.471,686.959
686.471,686.960
686.466,686.958
686.462,686.957
686.465,686.958
686.461,686.956
686.462,686.957
686.479,686.962
686.478,686.962
686.486,686.964
686.480,686.962
686.482,686.963
686.476,686.961
686.478,686.962
686.478,686.962
686.480,686.962
686.482,686.963
686.484,686.964
686.486,686.964
686.485,686.964
686.484,686.964
686.486,686.964
686.487,686.965
686.489,686.965
686.490,686.965
686.491,686.966
686.484,686.964
686.483,686.963
686.477,686.961
686.479,686.962
686.482,686.963
686.483,686.963
686.485,686.964
686.484,686.964
686.483,686.963
686.491,686.966
686.492,686.966
686.493,686.966
686.486,686.964
686.487,686.965
686.481,686.962
686.483,686.963
686.490,686.965
686.489,686.965
686.482,686.963
686.484,686.963
686.485,686.964
686.487,686.964
686.486,686.964
686.485,686.964
686.487,686.964
686.488,686.965
686.489,686.965
686.488,686.965
686.487,686.964
686.488,686.965
686.482,686.963
686.484,686.963
686.485,686.964
686.479,686.962
686.487,686.964
686.488,686.965
686.489,686.965
686.491,686.966
686.492,686.966
686.490,686.965
686.497,686.968
686.497,686.968
686.498,686.968
686.498,686.968
686.498,686.968
686.496,686.967
686.494,686.967
686.495,686.967
686.496,686.967
686.488,686.965
686.490,686.965
686.488,686.965
686.490,686.965
686.491,686.966
686.492,686.966
686.493,686.966
686.491,686.966
686.490,686.965
686.483,686.963
686.485,686.964
686.486,686.964
686.485,686.964
686.492,686.966
686.485,686.964
686.487,686.964
686.488,686.965
686.490,686.965
686.483,686.963
686.482,686.963
686.481,686.963
686.481,686.963
686.480,686.962
686.480,686.962
686.482,686.963
686.484,686.964
686.478,686.962
686.480,686.962
686.482,686.963
686.481,686.963
686.481,686.963
686.483,686.963
686.485,686.964
686.478,686.962
686.481,686.962
686.483,686.963
686.484,686.964
686.486,686.964
686.488,686.965
686.489,686.965
686.490,686.965
686.491,686.966
686.498,686.968
686.496,686.967
686.488,686.965
686.490,686.965
686.491,686.966
686.492,686.966
686.490,686.966
686.483,686.963
686.483,686.963
686.482,686.963
686.484,686.963
686.478,686.962
686.472,686.960
686.480,686.962
686.488,686.965
686.489,686.965
686.490,686.966
686.491,686.966
686.492,686.966
686.485,686.964
686.487,686.964
686.486,686.964
686.493,686.966
686.502,686.969
686.502,686.969
686.502,686.969
686.502,686.969
686.494,686.967
686.495,686.967
686.493,686.966
686.491,686.966
686.484,686.964
686.478,686.962
686.480,686.962
686.480,686.962
686.479,686.962
686.481,686.963
686.483,686.963
686.485,686.964
686.484,686.964
686.486,686.964
686.487,686.965
686.481,686.963
686.483,686.963
686.482,686.963
686.484,686.964
686.486,686.964
686.487,686.965
686.489,686.965
686.487,686.965
686.494,686.967
686.493,686.966
686.485,686.964
686.487,686.964
686.488,686.965
686.487,686.965
686.486,686.964
686.488,686.965
686.489,686.965
686.490,686.965
686.491,686.966
686.490,686.965
686.491,686.966
686.492,686.966
686.493,686.966
686.494,686.967
686.487,686.964
686.485,686.964
686.485,686.964
686.486,686.964
686.488,686.965
686.487,686.964
686.485,686.964
686.487,686.965
686.480,686.962
686.482,686.963
686.484,686.964
686.486,686.964
686.485,686.964
686.484,686.964
686.486,686.964
686.479,686.962
686.473,686.960
686.468,686.959
686.469,686.959
686.470,686.959
686.465,686.957
686.460,686.956
686.456,686.955
686.450,686.953
686.455,686.954
686.459,686.956
686.463,686.957
686.467,686.958
686.468,686.958
686.471,686.959
686.474,686.960
686.469,686.959
686.472,686.960
686.475,686.961
686.475,686.961
686.477,686.961
686.480,686.962
686.482,686.963
686.484,686.963
686.483,686.963
686.482,686.963
686.484,686.964
686.478,686.962
686.480,686.962
686.482,686.963
686.482,686.963
686.475,686.961
686.470,686.959
686.473,686.960
686.476,686.961
686.476,686.961
686.470,686.959
686.465,686.958
686.469,686.959
686.472,686.960
686.467,686.958
686.468,686.958
686.468,686.959
686.471,686.960
686.474,686.961
686.477,686.961
686.479,686.962
686.482,686.963
686.481,686.963
686.480,686.962
686.474,686.961
686.477,686.961
686.479,686.962
686.482,686.963
686.484,686.963
686.477,686.961
686.477,686.961
686.477,686.961
686.471,686.960
686.474,686.960
686.477,686.961
686.471,686.960
686.472,686.960
686.475,686.961
686.477,686.961
686.471,686.960
686.466,686.958
686.459,686.956
686.453,686.954
686.455,686.954
686.451,686.953
686.448,686.952
686.451,686.953
686.448,686.952
686.445,686.951
686.442,686.950
686.440,686.950
686.446,686.952
686.449,686.952
686.446,686.952
686.451,686.953
686.456,686.955
686.452,686.954
686.446,686.952
686.452,686.953
686.456,686.955
686.453,686.954
686.457,686.955
686.459,686.956
686.461,686.956
686.457,686.955
686.453,686.954
686.450,686.953
686.452,686.954
686.454,686.954
686.451,686.953
686.456,686.955
686.460,686.956
686.454,686.954
686.448,686.952
686.445,686.951
686.442,686.950
686.440,686.950
686.443,686.951
686.449,686.953
686.454,686.954
686.448,686.952
686.451,686.953
686.455,686.955
686.460,686.956
686.464,686.957
686.467,686.958
686.468,686.959
686.471,686.960
686.474,686.961
686.469,686.959
686.472,686.960
686.472,686.960
686.473,686.960
686.467,686.958
686.463,686.957
686.464,686.957
686.465,686.958
686.461,686.956
686.464,686.957
686.468,686.959
686.471,686.960
686.472,686.960
686.472,686.960
686.475,686.961
686.477,686.961
686.480,686.962
686.474,686.960
686.466,686.958
686.461,686.956
686.465,686.958
686.461,686.956
686.465,686.957
686.460,686.956
686.456,686.955
686.452,686.954
686.457,686.955
686.451,686.953
686.448,686.952
686.445,686.951
686.442,686.950
686.448,686.952
686.451,686.953
686.455,686.955
686.460,686.956
686.464,686.957
686.459,686.956
686.461,686.956
686.462,686.957
686.458,686.955
686.454,686.954
686.459,686.956
686.452,686.954
686.455,686.954
686.457,686.955
686.461,686.956
686.465,686.958
686.460,686.956
686.462,686.957
686.463,686.957
686.467,686.958
686.462,686.957
686.466,686.958
686.469,686.959
686.470,686.959
686.470,686.959
686.465,686.958
686.461,686.956
686.465,686.958
686.466,686.958
686.467,686.958
686.462,686.957
686.466,686.958
686.469,686.959
686.464,686.957
686.460,686.956
686.464,686.957
686.459,686.956
686.464,686.957
686.465,686.957
686.458,686.955
686.459,686.956
686.463,686.957
686.467,686.958
686.468,686.959
686.469,686.959
686.472,686.960
686.467,686.958
686.462,686.957
686.466,686.958
686.467,686.958
686.470,686.959
686.465,686.958
686.469,686.959
686.472,686.960
686.472,686.960
686.467,686.958
686.462,686.957
686.458,686.955
686.460,686.956
686.461,686.956
686.457,686.955
686.453,686.954
686.458,686.955
686.454,686.954
686.456,686.955
686.452,686.954
686.457,686.955
686.453,686.954
686.447,686.952
686.442,686.950
686.448,686.952
686.453,686.954
686.450,686.953
686.444,686.951
686.447,686.952
686.452,686.954
686.449,686.953
686.454,686.954
686.459,686.956
686.460,686.956
686.456,686.955
686.453,686.954
686.449,686.953
686.452,686.953
686.456,686.955
686.461,686.956
686.457,686.955
686.458,686.956
686.455,686.954
686.451,686.953
686.448,686.952
686.443,686.951
686.440,686.950
686.438,686.949
686.444,686.951
686.447,686.952
686.450,686.953
686.455,686.954
686.459,686.956
686.455,686.955
686.457,686.955
686.453,686.954
686.450,686.953
686.447,686.952
686.450,686.953
686.444,686.951
686.442,686.950
686.439,686.950
686.445,686.951
686.440,686.950
686.444,686.951
686.449,686.953
686.446,686.952
686.448,686.952
686.445,686.951
686.443,686.951
686.448,686.952
686.451,686.953
686.456,686.955
686.460,686.956
686.464,686.957
686.460,686.956
686.461,686.956
686.465,686.958
686.469,686.959
686.472,686.960
686.475,686.961
686.475,686.961
686.475,686.961
686.477,686.961
686.472,686.960
686.475,686.961
686.475,686.961
686.469,686.959
686.464,686.957
686.468,686.959
686.461,686.956
686.465,686.957
686.447,686.952
686.444,686.951
686.449,686.953
686.446,686.952
686.449,686.953
686.446,686.952
686.443,686.951
686.449,686.953
686.444,686.951
686.441,686.950
686.447,686.952
686.444,686.951
686.447,686.952
686.442,686.950
686.439,686.950
686.437,686.949
686.441,686.950
686.439,686.949
686.445,686.951
686.442,686.950
686.445,686.951
686.443,686.951
686.440,686.950
686.438,686.949
686.434,686.948
686.447,686.952
686.450,686.953
686.447,686.952
686.452,686.954
686.449,686.953
686.451,686.953
686.448,686.952
686.453,686.954
686.455,686.955
686.457,686.955
686.462,686.957
686.457,686.955
686.462,686.957
686.463,686.957
686.467,686.958
686.462,686.957
686.455,686.955
686.449,686.953
686.454,686.954
686.459,686.956
686.455,686.954
686.459,686.956
686.461,686.956
686.457,686.955
686.453,686.954
686.450,686.953
686.444,686.951
686.447,686.952
686.444,686.951
686.442,686.950
686.445,686.951
686.442,686.950
686.440,686.950
686.435,686.948
686.439,686.949
686.437,686.949
686.435,686.948
686.434,686.948
686.430,686.946
686.428,686.946
686.427,686.946
686.432,686.947
686.439,686.949
686.437,686.949
686.432,686.947
686.436,686.949
686.435,686.948
686.433,686.948
686.432,686.947
686.430,686.947
686.429,686.946
686.428,686.946
686.427,686.946
686.424,686.945
686.423,686.944
686.422,686.944
686.428,686.946
686.427,686.946
686.426,686.945
686.430,686.947
686.437,686.949
686.443,686.951
686.441,686.950
686.436,686.949
686.440,686.950
686.438,686.949
686.436,686.948
686.440,686.950
686.438,686.949
686.436,686.948
686.434,686.948
686.438,686.949
686.436,686.948
686.442,686.950
686.440,686.950
686.443,686.951
686.441,686.950
686.439,686.949
686.437,686.949
686.443,686.951
686.446,686.952
686.451,686.953
686.448,686.952
686.451,686.953
686.453,686.954
686.458,686.955
686.462,686.957
686.458,686.955
686.459,686.956
686.455,686.955
686.452,686.953
686.457,686.955
686.458,686.956
686.463,686.957
686.466,686.958
686.462,686.957
686.457,686.955
686.451,686.953
686.456,686.955
686.452,686.954
686.457,686.955
686.453,686.954
686.455,686.955
686.460,686.956
686.456,686.955
686.452,686.954
686.446,686.952
686.444,686.951
686.441,686.950
686.444,686.951
686.439,686.950
686.437,686.949
686.435,686.948
686.431,686.947
686.430,686.947
686.421,686.944
686.426,686.945
686.425,686.945
686.424,686.945
686.421,686.944
686.421,686.944
686.421,686.944
686.418,686.943
686.418,686.943
686.418,686.943
686.415,686.942
686.413,686.941
686.413,686.941
686.414,686.942
686.412,686.941
686.418,686.943
686.418,686.943
686.418,686.943
686.415,686.942
686.421,686.944
686.421,686.944
686.420,686.944
686.426,686.945
686.433,686.948
686.439,686.950
686.443,686.951
686.440,686.950
686.438,686.949
686.436,686.949
686.435,686.948
686.438,686.949
686.436,686.949
686.435,686.948
686.433,686.948
686.429,686.946
686.428,686.946
686.435,686.948
686.441,686.950
686.437,686.949
686.440,686.950
686.438,686.949
686.436,686.949
686.432,686.947
686.431,686.947
686.429,686.946
686.428,686.946
686.427,686.946
686.424,686.945
686.431,686.947
686.430,686.947
686.434,686.948
686.433,686.947
686.431,686.947
686.430,686.947
686.426,686.945
686.423,686.944
686.422,686.944
686.422,686.944
686.422,686.944
686.419,686.943
686.419,686.943
686.418,686.943
686.424,686.945
686.423,686.945
686.423,686.944
686.422,686.944
686.419,686.943
686.419,686.943
686.419,686.943
686.424,686.945
686.424,686.945
686.423,686.944
686.428,686.946
686.427,686.946
686.426,686.945
686.423,686.944
686.422,686.944
686.422,686.944
686.422,686.944
686.419,686.943
686.419,686.943
686.418,686.943
686.418,686.943
686.416,686.942
686.416,686.942
686.416,686.942
686.414,686.942
686.414,686.942
686.414,686.942
686.415,686.942
686.420,686.944
686.420,686.944
686.420,686.943
686.425,686.945
686.424,686.945
686.424,686.945
686.421,686.944
686.420,686.944
686.412,686.941
686.413,686.941
686.413,686.941
686.422,686.944
686.421,686.944
686.418,686.943
686.418,686.943
686.426,686.945
686.431,686.947
686.435,686.948
686.434,686.948
686.440,686.950
686.446,686.952
686.449,686.952
686.446,686.952
686.443,686.951
686.441,686.950
686.436,686.948
686.442,686.950
686.440,686.950
686.435,686.948
686.434,686.948
686.432,686.947
686.431,686.947
686.427,686.946
686.434,686.948
686.432,686.947
686.431,686.947
686.435,686.948
686.434,686.948
686.432,686.947
686.428,686.946
686.427,686.946
686.426,686.945
686.425,686.945
686.422,686.944
686.422,686.944
686.421,686.944
686.418,686.943
686.416,686.942
686.416,686.942
686.416,686.942
686.416,686.942
686.422,686.944
686.422,686.944
686.421,686.944
686.418,686.943
686.410,686.940
686.411,686.941
686.409,686.940
686.410,686.940
686.411,686.941
686.409,686.940
686.410,686.940
686.410,686.940
686.409,686.940
686.401,686.938
686.403,686.938
686.396,686.936
686.396,686.936
686.398,686.937
686.400,686.937
686.407,686.939
686.408,686.940
686.417,686.943
686.417,686.943
686.414,686.942
686.423,686.944
686.422,686.944
686.422,686.944
686.419,686.943
686.419,686.943
686.419,686.943
686.424,686.945
686.424,686.945
686.423,686.944
686.422,686.944
686.422,686.944
686.422,686.944
686.421,686.944
686.426,686.945
686.426,686.945
686.425,686.945
686.424,686.945
686.421,686.944
686.421,686.944
686.420,686.944
686.418,686.943
686.418,686.943
686.418,686.943
686.418,686.943
686.423,686.944
686.423,686.944
686.422,686.944
686.427,686.946
686.426,686.945
686.425,686.945
686.422,686.944
686.427,686.946
686.426,686.945
686.425,686.945
686.422,686.944
686.422,686.944
686.421,686.944
686.427,686.946
686.434,686.948
686.432,686.947
686.431,686.947
686.435,686.948
686.433,686.948
686.432,686.947
686.436,686.949
686.434,686.948
686.433,686.947
686.431,686.947
686.427,686.946
686.427,686.946
686.426,686.945
686.422,686.944
686.422,686.944
686.422,686.944
686.421,686.944
686.418,686.943
686.418,686.943
686.410,686.940
686.408,686.940
686.409,686.940
686.410,686.940
686.416,686.942
686.416,686.942
686.417,686.942
686.417,686.942
686.422,686.944
686.422,686.944
686.421,686.944
686.427,686.946
686.426,686.945
686.417,686.943
686.417,686.943
686.417,686.943
686.417,686.943
686.423,686.944
686.422,686.944
686.422,686.944
686.419,686.943
686.419,686.943
686.419,686.943
686.419,686.943
686.416,686.942
686.416,686.942
686.416,686.942
686.414,686.942
686.414,686.942
686.414,686.942
686.415,686.942
686.423,686.944
686.420,686.944
686.420,686.943
686.428,686.946
686.435,686.948
686.431,686.947
686.429,686.946
686.411,686.941
686.409,686.940
686.410,686.940
686.411,686.941
686.409,686.940
686.410,686.940
686.410,686.940
686.417,686.942
686.409,686.940
686.417,686.943
686.415,686.942
686.421,686.944
686.428,686.946
686.427,686.946
686.432,686.947
686.431,686.947
686.429,686.946
686.428,686.946
686.433,686.947
686.431,686.947
686.430,686.947
686.426,686.945
686.426,686.945
686.425,686.945
686.416,686.942
686.423,686.944
686.431,686.947
686.429,686.946
686.428,686.946
686.425,686.945
686.424,686.945
686.423,686.945
686.428,686.946
686.427,686.946
686.418,686.943
686.416,686.942
686.414,686.941
686.414,686.942
686.414,686.942
686.412,686.941
686.413,686.941
686.413,686.941
686.422,686.944
686.419,686.943
686.419,686.943
686.418,686.943
686.418,686.943
686.416,686.942
686.416,686.942
686.416,686.942
686.433,686.948
686.431,686.947
686.428,686.946
686.419,686.943
686.419,686.943
686.416,686.942
686.416,686.942
686.408,686.940
686.407,686.939
686.408,686.940
686.409,686.940
686.409,686.940
686.402,686.938
686.404,686.938
686.411,686.941
686.411,686.941
686.412,686.941
686.410,686.940
686.411,686.941
686.411,686.941
686.409,686.940
686.410,686.940
686.419,686.943
686.419,686.943
686.424,686.945
686.426,686.945
686.417,686.943
686.414,686.942
686.415,686.942
686.415,686.942
686.413,686.941
686.405,686.939
686.398,686.937
686.398,686.936
686.400,686.937
686.393,686.935
686.393,686.935
686.395,686.936
686.398,686.936
686.397,686.936
686.399,686.937
686.398,686.937
686.397,686.936
686.391,686.935
686.394,686.935
686.394,686.935
686.396,686.936
686.398,686.937
686.397,686.936
686.399,686.937
686.398,686.937
686.400,686.937
686.402,686.938
686.395,686.936
686.403,686.938
686.404,686.939
686.406,686.939
686.407,686.939
686.400,686.937
686.401,686.938
686.403,686.938
686.404,686.939
686.406,686.939
686.404,686.939
686.406,686.939
686.407,686.939
686.405,686.939
686.406,686.939
686.407,686.940
686.406,686.939
686.407,686.939
686.408,686.940
686.401,686.938
686.395,686.935
686.397,686.936
686.396,686.936
686.398,686.937
686.400,686.937
686.394,686.935
686.388,686.933
686.383,686.932
686.392,686.935
686.394,686.935
686.396,686.936
686.396,686.936
686.398,686.937
686.400,686.937
686.402,686.938
686.403,686.938
686.404,686.939
686.406,686.939
686.404,686.939
686.406,686.939
686.407,686.939
686.405,686.939
686.406,686.939
686.408,686.940
686.406,686.939
686.399,686.937
686.393,686.935
686.393,686.935
686.395,686.936
686.389,686.934
686.389,686.934
686.384,686.932
686.387,686.933
686.388,686.933
686.391,686.934
686.391,686.934
686.393,686.935
686.395,686.936
686.395,686.936
686.389,686.934
686.392,686.935
686.392,686.935
686.394,686.935
686.396,686.936
686.398,686.937
686.392,686.935
686.392,686.935
686.395,686.936
686.397,686.936
686.396,686.936
686.390,686.934
686.393,686.935
686.393,686.935
686.395,686.936
686.387,686.933
686.390,686.934
686.392,686.935
686.392,686.935
686.395,686.936
686.394,686.935
686.396,686.936
686.398,686.937
686.398,686.937
686.400,686.937
686.393,686.935
686.393,686.935
686.388,686.933
686.382,686.932
686.383,686.932
686.386,686.933
686.381,686.931
686.382,686.932
686.386,686.933
686.389,686.934
686.389,686.934
686.392,686.935
686.392,686.935
686.394,686.935
686.396,686.936
686.396,686.936
686.398,686.937
686.400,686.937
686.399,686.937
686.401,686.937
686.394,686.935
686.394,686.935
686.396,686.936
686.398,686.937
686.398,686.936
686.400,686.937
686.393,686.935
686.393,686.935
686.395,686.936
686.395,686.936
686.397,686.936
686.391,686.934
686.383,686.932
686.386,686.933
686.381,686.931
686.374,686.929
686.370,686.928
686.375,686.929
686.376,686.930
686.372,686.929
686.374,686.929
686.378,686.930
686.382,686.932
686.383,686.932
686.386,686.933
686.389,686.934
686.389,686.934
686.392,686.935
686.395,686.935
686.394,686.935
686.396,686.936
686.398,686.937
686.392,686.935
686.387,686.933
686.387,686.933
686.382,686.932
686.385,686.933
686.394,686.935
686.396,686.936
686.398,686.937
686.398,686.936
686.399,686.937
686.393,686.935
686.393,686.935
686.387,686.933
686.390,686.934
686.390,686.934
686.393,686.935
686.387,686.933
686.390,686.934
686.393,686.935
686.387,686.933
686.387,686.933
686.382,686.932
686.378,686.930
686.379,686.931
686.375,686.929
686.379,686.931
686.382,686.932
686.386,686.933
686.381,686.931
686.376,686.930
686.380,686.931
686.376,686.930
686.372,686.928
686.368,686.927
686.370,686.928
686.375,686.929
686.379,686.931
686.380,686.931
686.376,686.930
686.372,686.928
686.373,686.929
686.378,686.930
686.373,686.929
686.375,686.929
686.379,686.931
686.375,686.929
686.376,686.930
686.372,686.929
686.377,686.930
686.378,686.930
686.374,686.929
686.375,686.929
686.379,686.931
686.375,686.929
686.369,686.927
686.365,686.926
686.370,686.928
686.372,686.928
686.368,686.927
686.373,686.929
686.375,686.929
686.379,686.931
686.383,686.932
686.383,686.932
686.379,686.931
686.382,686.932
686.383,686.932
686.378,686.930
686.374,686.929
686.384,686.932
686.387,686.933
686.390,686.934
686.398,686.937
686.400,686.937
686.402,686.938
686.403,686.938
686.404,686.939
686.406,686.939
686.404,686.939
686.411,686.941
686.412,686.941
686.412,686.941
686.418,686.943
686.416,686.942
686.416,686.942
686.416,686.942
686.414,686.942
686.414,686.942
686.414,686.942
686.412,686.941
686.413,686.941
686.421,686.944
686.421,686.944
686.426,686.945
686.425,686.945
686.424,686.945
686.429,686.946
686.428,686.946
686.427,686.946
686.426,686.945
686.423,686.944
686.422,686.944
686.422,686.944
686.419,686.943
686.419,686.943
686.419,686.943
686.416,686.942
686.416,686.942
686.416,686.942
686.414,686.942
686.414,686.942
686.415,686.942
686.412,686.941
686.413,686.941
686.403,686.938
686.404,686.939
686.406,686.939
686.412,686.941
686.413,686.941
686.413,686.941
686.411,686.941
686.412,686.941
686.412,686.941
686.410,686.940
686.411,686.941
686.412,686.941
686.410,686.940
686.410,686.940
686.403,686.938
686.402,686.938
686.403,686.938
686.405,686.939
686.404,686.938
686.410,686.940
686.403,686.938
686.402,686.938
686.403,686.938
686.397,686.936
686.399,686.937
686.400,686.937
686.402,686.938
686.404,686.938
686.402,686.938
686.404,686.938
686.405,686.939
686.404,686.938
686.405,686.939
686.406,686.939
686.405,686.939
686.406,686.939
686.407,686.939
686.414,686.942
686.414,686.942
686.414,686.942
686.412,686.941
686.405,686.939
686.398,686.937
686.397,686.936
686.399,686.937
686.401,686.938
686.400,686.937
686.394,686.935
686.396,686.936
686.396,686.936
686.398,686.936
686.400,686.937
686.399,686.937
686.401,686.937
686.402,686.938
686.401,686.938
686.395,686.936
686.397,686.936
686.404,686.939
686.406,686.939
686.407,686.939
686.405,686.939
686.398,686.937
686.400,686.937
686.402,686.938
686.395,686.936
686.395,686.936
686.395,686.936
686.389,686.934
686.384,686.932
686.387,686.933
686.390,686.934
686.390,686.934
686.393,686.935
686.387,686.933
686.387,686.933
686.390,686.934
686.385,686.932
686.385,686.933
686.388,686.934
686.383,686.932
686.384,686.932
686.387,686.933
686.390,686.934
686.393,686.935
686.393,686.935
686.387,686.933
686.387,686.933
686.390,686.934
686.393,686.935
686.393,686.935
686.395,686.936
686.397,686.936
686.397,686.936
686.396,686.936
686.398,686.937
686.398,686.936
686.391,686.935
686.394,686.935
686.394,686.935
686.396,686.936
686.398,686.937
686.392,686.935
686.400,686.937
686.402,686.938
686.393,686.935
686.395,686.936
686.389,686.934
686.392,686.935
686.392,686.935
686.394,686.935
686.396,686.936
686.396,686.936
686.398,686.937
686.400,686.937
686.399,686.937
686.401,686.937
686.402,686.938
686.401,686.938
686.403,686.938
686.402,686.938
686.403,686.938
686.397,686.936
686.396,686.936
686.398,686.937
686.392,686.935
686.392,686.935
686.394,686.935
686.389,686.934
686.389,686.934
686.392,686.935
686.392,686.935
686.394,686.935
686.396,686.936
686.396,686.936
686.390,686.934
686.393,686.935
686.392,686.935
686.395,686.936
686.397,686.936
686.388,686.934
686.391,686.934
686.391,686.934
686.386,686.933
686.381,686.931
686.384,686.932
686.379,686.931
686.384,686.932
686.388,686.933
686.382,686.932
686.391,686.934
686.391,686.934
686.394,686.935
686.396,686.936
686.396,686.936
686.390,686.934
686.392,686.935
686.392,686.935
686.395,686.936
686.389,686.934
686.389,686.934
686.392,686.935
686.394,686.935
686.394,686.935
686.396,686.936
686.398,686.937
686.398,686.936
686.399,686.937
686.401,686.938
686.400,686.937
686.402,686.938
686.403,686.938
686.401,686.937
686.402,686.938
686.409,686.940
686.402,686.938
686.404,686.938
686.402,686.938
686.396,686.936
686.398,686.937
686.397,686.936
686.399,686.937
686.401,686.938
686.400,686.937
686.399,686.937
686.401,686.938
686.400,686.937
686.394,686.935
686.396,686.936
686.404,686.938
686.405,686.939
686.398,686.937
686.397,686.936
686.391,686.935
686.386,686.933
686.386,686.933
686.381,686.931
686.385,686.932
686.385,686.933
686.388,686.934
686.391,686.934
686.394,686.935
686.388,686.933
686.388,686.934
686.391,686.934
686.386,686.933
686.389,686.934
686.389,686.934
686.392,686.935
686.386,686.933
686.389,686.934
686.392,686.935
686.392,686.935
686.394,686.935
686.396,686.936
686.396,686.936
686.398,686.937
686.400,686.937
686.399,686.937
686.393,686.935
686.385,686.932
686.380,686.931
686.383,686.932
686.384,686.932
686.387,686.933
686.390,686.934
686.390,686.934
686.393,686.935
686.393,686.935
686.395,686.936
686.389,686.934
686.389,686.934
686.384,686.932
686.387,686.933
686.388,686.933
686.391,686.934
686.385,686.933
686.386,686.933
686.381,686.931
686.384,686.932
686.385,686.932
686.380,686.931
686.375,686.930
686.369,686.927
686.366,686.926
686.371,686.928
686.375,686.929
686.379,686.931
686.380,686.931
686.381,686.931
686.385,686.932
686.380,686.931
686.383,686.932
686.387,686.933
686.390,686.934
686.398,686.937
686.400,686.937
686.401,686.938
686.400,686.937
686.394,686.935
686.394,686.935
686.388,686.933
686.383,686.932
686.376,686.930
686.372,686.928
686.368,686.927
686.373,686.929
686.377,686.930
686.378,686.930
686.374,686.929
686.378,686.930
686.379,686.931
686.383,686.932
686.378,686.930
686.380,686.931
686.375,686.929
686.371,686.928
686.376,686.930
686.380,686.931
686.381,686.931
686.384,686.932
686.379,686.931
686.380,686.931
686.384,686.932
686.387,686.933
686.388,686.933
686.382,686.932
686.375,686.929
686.379,686.931
686.383,686.932
686.376,686.930
686.372,686.928
686.368,686.927
686.370,686.928
686.367,686.927
686.369,686.927
686.374,686.929
686.378,686.930
686.379,686.931
686.375,686.929
686.379,686.931
686.380,686.931
686.376,686.930
686.377,686.930
686.373,686.929
686.377,686.930
686.379,686.930
686.382,686.932
686.386,686.933
686.386,686.933
686.381,686.931
686.377,686.930
686.378,686.930
686.374,686.929
686.370,686.928
686.374,686.929
686.378,686.930
686.380,686.931
686.375,686.929
686.379,686.931
686.380,686.931
686.384,686.932
686.379,686.931
686.383,686.932
686.384,686.932
686.387,686.933
686.387,686.933
686.390,686.934
686.393,686.935
686.393,686.935
686.387,686.933
686.390,686.934
686.390,686.934
686.393,686.935
686.387,686.933
686.390,686.934
686.385,686.932
686.385,686.933
686.380,686.931
686.376,686.930
686.377,686.930
686.381,686.931
686.377,686.930
686.380,686.931
686.384,686.932
686.387,686.933
686.388,686.933
686.390,686.934
686.393,686.935
686.393,686.935
686.387,686.933
686.382,686.932
686.377,686.930
686.381,686.931
686.382,686.932
686.386,686.933
686.381,686.931
686.382,686.931
686.385,686.933
686.388,686.934
686.391,686.934
686.393,686.935
686.393,686.935
686.396,686.936
686.398,686.936
686.397,686.936
686.399,686.937
686.401,686.937
686.400,686.937
686.402,686.938
686.403,686.938
686.404,686.939
686.406,686.939
686.404,686.939
686.406,686.939
686.399,686.937
686.398,686.937
686.400,686.937
686.402,686.938
686.401,686.937
686.402,686.938
686.371,686.928
686.367,686.927
686.364,686.926
686.369,686.928
686.374,686.929
686.375,686.929
686.371,686.928
686.376,686.930
686.377,686.930
686.373,686.929
686.377,686.930
686.379,686.930
686.382,686.932
686.378,686.930
686.381,686.931
686.385,686.932
686.385,686.933
686.389,686.934
686.391,686.934
686.399,686.937
686.401,686.938
686.403,686.938
686.401,686.938
686.403,686.938
686.404,686.939
686.403,686.938
686.405,686.939
686.398,686.937
686.397,686.936
686.399,686.937
686.393,686.935
686.393,686.935
686.395,686.936
686.395,686.936
686.397,686.936
686.399,686.937
686.398,686.937
686.400,686.937
686.399,686.937
686.393,686.935
686.395,686.936
686.395,686.936
686.389,686.934
686.392,686.935
686.392,686.935
686.394,686.935
686.396,686.936
686.396,686.936
686.398,686.937
686.397,686.936
686.397,686.936
686.391,686.934
686.391,686.934
686.385,686.933
686.388,686.934
686.389,686.934
686.383,686.932
686.384,686.932
686.387,686.933
686.382,686.932
686.383,686.932
686.386,686.933
686.381,686.931
686.374,686.929
686.370,686.928
686.364,686.926
686.369,686.928
686.366,686.927
686.368,686.927
686.365,686.926
686.368,686.927
686.364,686.926
686.369,686.928
686.371,686.928
686.368,686.927
686.370,686.928
686.367,686.927
686.363,686.926
686.366,686.927
686.371,686.928
686.375,686.930
686.369,686.927
686.366,686.926
686.368,686.927
686.373,686.929
686.377,686.930
686.378,686.930
686.382,686.932
686.377,686.930
686.379,686.931
686.374,686.929
686.368,686.927
686.365,686.926
686.359,686.924
686.365,686.926
686.370,686.928
686.364,686.926
686.369,686.927
686.366,686.926
686.368,686.927
686.373,686.929
686.377,686.930
686.378,686.930
686.382,686.932
686.377,686.930
686.379,686.931
686.382,686.932
686.383,686.932
686.378,686.930
686.382,686.932
686.375,686.929
686.379,686.931
686.383,686.932
686.384,686.932
686.379,686.931
686.374,686.929
686.376,686.930
686.372,686.928
686.374,686.929
686.378,686.930
686.382,686.931
686.385,686.933
686.386,686.933
686.381,686.931
686.382,686.931
686.377,686.930
686.373,686.929
686.377,686.930
686.373,686.929
686.375,686.929
686.371,686.928
686.367,686.927
686.370,686.928
686.366,686.927
686.363,686.926
686.368,686.927
686.373,686.929
686.375,686.929
686.371,686.928
686.367,686.927
686.370,686.928
686.374,686.929
686.376,686.930
686.380,686.931
686.383,686.932
686.376,686.930
686.372,686.928
686.366,686.926
686.371,686.928
686.367,686.927
686.370,686.928
686.374,686.929
686.370,686.928
686.375,686.929
686.371,686.928
686.373,686.929
686.377,686.930
686.381,686.931
686.376,686.930
686.372,686.929
686.374,686.929
686.378,686.930
686.374,686.929
686.368,686.927
686.372,686.929
686.374,686.929
686.393,686.935
686.393,686.935
686.395,686.936
686.389,686.934
686.389,686.934
686.384,686.932
686.387,686.933
686.388,686.933
686.391,686.934
686.391,686.934
686.385,686.933
686.380,686.931
686.381,686.931
686.385,686.932
686.380,686.931
686.381,686.931
686.384,686.932
686.388,686.933
686.388,686.933
686.383,686.932
686.386,686.933
686.389,686.934
686.384,686.932
686.384,686.932
686.380,686.931
686.371,686.928
686.367,686.927
686.364,686.926
686.367,686.927
686.371,686.928
686.376,686.930
686.377,686.930
686.381,686.931
686.385,686.932
686.385,686.933
686.380,686.931
686.384,686.932
686.385,686.932
686.388,686.933
686.388,686.933
686.383,686.932
686.386,686.933
686.379,686.931
686.374,686.929
686.370,686.928
686.372,686.929
686.377,686.930
686.373,686.929
686.374,686.929
686.378,686.930
686.374,686.929
686.376,686.930
686.380,686.931
686.383,686.932
686.384,686.932
686.379,686.931
686.383,686.932
686.384,686.932
686.387,686.933
686.390,686.934
686.390,686.934
686.385,686.932
686.388,686.933
686.396,686.936
686.398,686.937
686.400,686.937
686.402,686.938
686.401,686.937
686.402,686.938
686.404,686.938
686.395,686.935
686.389,686.934
686.391,686.935
686.391,686.935
686.394,686.935
686.396,686.936
686.388,686.933
686.391,686.934
686.385,686.933
686.386,686.933
686.381,686.931
686.384,686.932
686.385,686.932
686.388,686.933
686.391,686.934
686.383,686.932
686.378,686.930
686.374,686.929
686.376,686.930
686.380,686.931
686.383,686.932
686.378,686.930
686.374,686.929
686.376,686.930
686.380,686.931
686.375,686.929
686.371,686.928
686.368,686.927
686.364,686.926
686.370,686.928
686.366,686.927
686.368,686.927
686.365,686.926
686.370,686.928
686.372,686.928
686.376,686.930
686.372,686.929
686.377,686.930
686.372,686.929
686.374,686.929
686.370,686.928
686.367,686.927
686.361,686.925
686.367,686.927
686.371,686.928
686.373,686.929
686.370,686.928
686.372,686.928
686.376,686.930
686.380,686.931
686.381,686.931
686.377,686.930
686.380,686.931
686.381,686.931
686.385,686.932
686.385,686.933
686.389,686.934
686.391,686.934
686.391,686.934
686.394,686.935
686.396,686.936
686.388,686.933
686.390,686.934
686.391,686.934
686.385,686.933
686.380,686.931
686.373,686.929
686.369,686.928
686.371,686.928
686.368,686.927
686.365,686.926
686.367,686.927
686.364,686.926
686.367,686.927
686.371,686.928
686.368,686.927
686.365,686.926
686.362,686.925
686.359,686.924
686.356,686.924
686.354,686.923
686.358,686.924
686.355,686.923
686.353,686.923
686.357,686.924
686.355,686.923
686.358,686.924
686.361,686.925
686.359,686.924
686.362,686.925
686.367,686.927
686.364,686.926
686.366,686.927
686.363,686.926
686.366,686.927
686.371,686.928
686.367,686.927
686.370,686.928
686.366,686.927
686.368,686.927
686.365,686.926
686.362,686.925
686.365,686.926
686.362,686.925
686.367,686.927
686.370,686.928
686.374,686.929
686.378,686.930
686.379,686.931
686.383,686.932
686.378,686.930
686.374,686.929
686.378,686.930
686.374,686.929
686.370,686.928
686.367,686.927
686.369,686.927
686.374,686.929
686.378,686.930
686.379,686.931
686.375,686.929
686.379,686.931
686.380,686.931
686.384,686.932
686.387,686.933
686.390,686.934
686.392,686.935
686.384,686.932
686.387,686.933
686.390,686.934
686.385,686.932
686.388,686.933
686.391,686.934
686.391,686.934
686.393,686.935
686.396,686.936
686.398,686.937
686.397,686.936
686.399,686.937
686.393,686.935
686.395,686.936
686.397,686.936
686.391,686.934
686.391,686.934
686.394,686.935
686.396,686.936
686.398,686.937
686.392,686.935
686.392,686.935
686.394,686.935
686.396,686.936
686.391,686.934
686.385,686.933
686.386,686.933
686.381,686.931
686.376,686.930
686.372,686.928
686.376,686.930
686.378,686.930
686.382,686.931
686.377,686.930
686.378,686.930
686.374,686.929
686.378,686.930
686.382,686.932
686.385,686.933
686.386,686.933
686.389,686.934
686.392,686.935
686.392,686.935
686.394,686.935
686.396,686.936
686.390,686.934
686.393,686.935
686.395,686.936
686.395,686.936
686.397,686.936
686.399,686.937
686.401,686.937
686.402,686.938
686.396,686.936
686.395,686.936
686.389,686.934
686.392,686.935
686.392,686.935
686.386,686.933
686.389,686.934
686.390,686.934
686.384,686.932
686.385,686.932
686.388,686.933
686.391,686.934
686.391,686.934
686.393,686.935
686.393,686.935
686.393,686.935
686.395,686.936
686.389,686.934
686.384,686.932
686.387,686.933
686.388,686.933
686.391,686.934
686.393,686.935
686.387,686.933
686.388,686.933
686.391,686.934
686.391,686.934
686.393,686.935
686.388,686.933
686.388,686.933
686.391,686.934
686.393,686.935
686.393,686.935
686.387,686.933
686.382,686.932
686.378,686.930
686.381,686.931
686.382,686.932
686.386,686.933
686.389,686.934
686.381,686.931
686.377,686.930
686.380,686.931
686.384,686.932
686.379,686.931
686.380,686.931
686.384,686.932
686.387,686.933
686.388,686.933
686.390,686.934
686.391,686.934
686.393,686.935
686.387,686.933
686.388,686.933
686.391,686.934
686.385,686.933
686.386,686.933
686.389,686.934
686.392,686.935
686.394,686.935
686.396,686.936
686.396,686.936
686.398,686.937
686.400,686.937
686.399,686.937
686.401,686.937
686.402,686.938
686.401,686.938
686.395,686.936
686.389,686.934
686.384,686.932
686.379,686.931
686.380,686.931
686.376,686.930
686.380,686.931
686.381,686.931
686.376,686.930
686.370,686.928
686.366,686.927
686.363,686.926
686.366,686.926
686.371,686.928
686.375,686.929
686.377,686.930
686.381,686.931
686.384,686.932
686.379,686.931
686.383,686.932
686.384,686.932
686.387,686.933
686.390,686.934
686.390,686.934
686.393,686.935
686.393,686.935
686.395,686.936
686.397,686.936
686.396,686.936
686.391,686.934
686.393,686.935
686.393,686.935
686.387,686.933
686.388,686.933
686.390,686.934
686.385,686.933
686.386,686.933
686.381,686.931
686.384,686.932
686.377,686.930
686.381,686.931
686.374,686.929
686.370,686.928
686.374,686.929
686.378,686.930
686.382,686.932
686.383,686.932
686.378,686.930
686.382,686.932
686.383,686.932
686.378,686.930
686.371,686.928
686.368,686.927
686.365,686.926
686.367,686.927
686.364,686.926
686.361,686.925
686.356,686.923
686.354,686.923
686.349,686.921
686.356,686.923
686.359,686.924
686.365,686.926
686.362,686.925
686.357,686.924
686.354,686.923
686.352,686.922
686.359,686.924
686.356,686.923
686.359,686.925
686.365,686.926
686.362,686.925
686.365,686.926
686.370,686.928
686.374,686.929
686.376,686.930
686.372,686.928
686.368,686.927
686.370,686.928
686.375,686.929
686.379,686.931
686.380,686.931
686.384,686.932
686.384,686.932
686.388,686.933
686.382,686.932
686.383,686.932
686.378,686.930
686.382,686.932
686.383,686.932
686.378,686.930
686.380,686.931
686.383,686.932
686.386,686.933
686.387,686.933
686.390,686.934
686.392,686.935
686.392,686.935
686.395,686.936
686.394,686.935
686.389,686.934
686.391,686.935
686.391,686.935
686.386,686.933
686.378,686.930
686.374,686.929
686.370,686.928
686.372,686.928
686.368,686.927
686.365,686.926
686.370,686.928
686.367,686.927
686.361,686.925
686.358,686.924
686.364,686.926
686.361,686.925
686.358,686.924
686.362,686.925
686.359,686.924
686.362,686.925
686.367,686.927
686.364,686.926
686.359,686.924
686.356,686.923
686.352,686.922
686.358,686.924
686.364,686.926
686.369,686.927
686.373,686.929
686.370,686.928
686.372,686.928
686.376,686.930
686.386,686.933
686.381,686.931
686.374,686.929
686.370,686.928
686.372,686.929
686.369,686.927
686.363,686.926
686.360,686.925
686.366,686.926
686.360,686.925
686.365,686.926
686.370,686.928
686.375,686.929
686.379,686.931
686.380,686.931
686.384,686.932
686.376,686.930
686.380,686.931
686.376,686.930
686.377,686.930
686.373,686.929
686.367,686.927
686.364,686.926
686.361,686.925
686.364,686.926
686.360,686.925
686.365,686.926
686.368,686.927
686.364,686.926
686.367,686.927
686.364,686.926
686.369,686.927
686.366,686.926
686.362,686.925
686.360,686.925
686.365,686.926
686.368,686.927
686.364,686.926
686.361,686.925
686.359,686.924
686.364,686.926
686.367,686.927
686.364,686.926
686.361,686.925
686.366,686.927
686.363,686.926
686.366,686.926
686.363,686.926
686.360,686.925
686.357,686.924
686.355,686.923
686.351,686.922
686.349,686.921
686.353,686.922
686.351,686.922
686.357,686.924
686.361,686.925
686.358,686.924
686.356,686.923
686.359,686.924
686.365,686.926
686.367,686.927
686.372,686.928
686.368,686.927
686.370,686.928
686.367,686.927
686.364,686.926
686.358,686.924
686.356,686.923
686.359,686.924
686.357,686.924
686.355,686.923
686.353,686.922
686.351,686.922
686.355,686.923
686.353,686.922
686.351,686.922
686.355,686.923
686.361,686.925
686.364,686.926
686.361,686.925
686.358,686.924
686.361,686.925
686.367,686.927
686.363,686.926
686.361,686.925
686.358,686.924
686.361,686.925
686.359,686.924
686.362,686.925
686.359,686.924
686.365,686.926
686.367,686.927
686.364,686.926
686.366,686.927
686.363,686.926
686.360,686.925
686.363,686.926
686.368,686.927
686.363,686.925
686.360,686.925
686.365,686.926
686.362,686.925
686.359,686.925
686.363,686.925
686.368,686.927
686.370,686.928
686.367,686.927
686.363,686.926
686.358,686.924
686.356,686.923
686.359,686.924
686.365,686.926
686.362,686.925
686.359,686.924
686.365,686.926
686.367,686.927
686.364,686.926
686.366,686.927
686.363,686.926
686.368,686.927
686.363,686.925
686.360,686.925
686.355,686.923
686.353,686.922
686.351,686.922
686.355,686.923
686.353,686.922
686.359,686.924
686.365,686.926
686.362,686.925
686.356,686.924
686.354,686.923
686.360,686.925
686.363,686.926
686.368,686.927
686.365,686.926
686.370,686.928
686.367,686.927
686.369,686.927
686.366,686.926
686.362,686.925
686.360,686.925
686.357,686.924
686.355,686.923
686.353,686.922
686.357,686.924
686.362,686.925
686.360,686.925
686.363,686.925
686.360,686.925
686.355,686.923
686.353,686.922
686.351,686.922
686.355,686.923
686.353,686.922
686.351,686.922
686.347,686.921
686.346,686.920
686.350,686.921
686.348,686.921
686.344,686.920
686.351,686.922
686.350,686.921
686.356,686.923
686.362,686.925
686.365,686.926
686.362,686.925
686.359,686.924
686.365,686.926
686.370,686.928
686.364,686.926
686.369,686.927
686.365,686.926
686.368,686.927
686.365,686.926
686.370,686.928
686.366,686.927
686.371,686.928
686.373,686.929
686.377,686.930
686.371,686.928
686.367,686.927
686.372,686.928
686.366,686.926
686.371,686.928
686.373,686.929
686.369,686.927
686.373,686.929
686.375,686.929
686.371,686.928
686.365,686.926
686.370,686.928
686.367,686.927
686.363,686.926
686.361,686.925
686.364,686.926
686.361,686.925
686.366,686.927
686.363,686.926
686.360,686.925
686.355,686.923
686.353,686.922
686.357,686.924
686.354,686.923
686.352,686.922
686.348,686.921
686.347,686.921
686.345,686.920
686.342,686.919
686.349,686.921
686.353,686.922
686.351,686.922
686.347,686.921
686.354,686.923
686.360,686.925
686.363,686.926
686.360,686.925
686.355,686.923
686.353,686.922
686.357,686.924
686.362,686.925
686.360,686.925
686.357,686.924
686.363,686.926
686.358,686.924
686.355,686.923
686.359,686.924
686.356,686.923
686.362,686.925
686.357,686.924
686.363,686.926
686.357,686.924
686.355,686.923
686.353,686.922
686.351,686.922
686.349,686.921
686.348,686.921
686.355,686.923
686.350,686.922
686.348,686.921
686.355,686.923
686.359,686.924
686.364,686.926
686.359,686.924
686.356,686.923
686.362,686.925
686.365,686.926
686.362,686.925
686.359,686.924
686.354,686.923
686.352,686.922
686.356,686.923
686.354,686.923
686.352,686.922
686.348,686.921
686.346,686.920
686.351,686.922
686.357,686.924
686.363,686.926
686.360,686.925
686.365,686.926
686.362,686.925
686.360,686.925
686.363,686.925
686.360,686.925
686.363,686.926
686.360,686.925
686.355,686.923
686.353,686.922
686.359,686.924
686.365,686.926
686.370,686.928
686.372,686.928
686.368,686.927
686.370,686.928
686.375,686.929
686.368,686.927
686.365,686.926
686.370,686.928
686.364,686.926
686.361,686.925
686.356,686.923
686.362,686.925
686.359,686.924
686.357,686.924
686.354,686.923
686.352,686.922
686.343,686.919
686.342,686.919
686.341,686.919
686.332,686.916
686.332,686.916
686.332,686.916
686.333,686.916
686.333,686.916
686.333,686.916
686.330,686.915
686.331,686.915
686.336,686.917
686.336,686.917
686.333,686.916
686.333,686.916
686.341,686.919
686.341,686.919
686.340,686.918
686.337,686.917
686.336,686.917
686.334,686.916
686.334,686.916
686.331,686.916
686.331,686.916
686.329,686.915
686.337,686.918
686.337,686.917
686.337,686.917
686.336,686.917
686.342,686.919
686.341,686.919
686.346,686.920
686.344,686.920
686.343,686.919
686.340,686.918
686.347,686.921
686.344,686.919
686.343,686.919
686.342,686.919
686.341,686.919
686.340,686.918
686.337,686.917
686.337,686.917
686.334,686.916
686.342,686.919
686.341,686.919
686.332,686.916
686.332,686.916
686.324,686.914
686.325,686.914
686.326,686.914
686.327,686.914
686.333,686.916
686.333,686.916
686.333,686.916
686.333,686.916
686.331,686.915
686.331,686.916
686.339,686.918
686.344,686.920
686.343,686.919
686.340,686.918
686.339,686.918
686.336,686.917
686.336,686.917
686.335,686.917
686.335,686.917
686.335,686.917
686.332,686.916
686.333,686.916
686.338,686.918
686.338,686.918
686.345,686.920
686.344,686.920
686.343,686.919
686.340,686.918
686.339,686.918
686.346,686.920
686.343,686.919
686.342,686.919
686.339,686.918
686.338,686.918
686.335,686.917
686.335,686.917
686.343,686.919
686.342,686.919
686.341,686.919
686.338,686.918
686.345,686.920
686.342,686.919
686.349,686.921
686.356,686.923
686.351,686.922
686.349,686.921
686.345,686.920
686.344,686.920
686.349,686.921
686.355,686.923
686.361,686.925
686.356,686.923
686.354,686.923
686.357,686.924
686.355,686.923
686.353,686.922
686.349,686.921
686.347,686.921
686.343,686.919
686.342,686.919
686.347,686.921
686.346,686.920
686.345,686.920
686.344,686.919
686.351,686.922
686.357,686.924
686.355,686.923
686.350,686.922
686.349,686.921
686.345,686.920
686.344,686.919
686.343,686.919
686.342,686.919
686.349,686.921
686.353,686.922
686.359,686.924
686.362,686.925
686.359,686.924
686.357,686.924
686.360,686.925
686.366,686.926
686.368,686.927
686.365,686.926
686.367,686.927
686.364,686.926
686.361,686.925
686.358,686.924
686.356,686.923
686.359,686.924
686.336,686.917
686.344,686.920
686.348,686.921
686.347,686.921
686.351,686.922
686.349,686.921
686.348,686.921
686.344,686.920
686.343,686.919
686.339,686.918
686.339,686.918
686.336,686.917
686.336,686.917
686.335,686.917
686.333,686.916
686.333,686.916
686.338,686.918
686.338,686.918
686.337,686.918
686.335,686.917
686.334,686.917
686.340,686.918
686.339,686.918
686.339,686.918
686.338,686.918
686.323,686.913
686.324,686.913
686.322,686.913
686.315,686.911
686.314,686.910
686.316,686.911
686.315,686.911
686.317,686.911
686.316,686.911
686.318,686.911
686.317,686.911
686.318,686.912
686.317,686.911
686.319,686.912
686.312,686.910
686.314,686.910
686.308,686.908
686.308,686.908
686.310,686.909
686.310,686.909
686.312,686.910
686.312,686.910
686.314,686.910
686.313,686.910
686.307,686.908
686.310,686.909
686.312,686.910
686.314,686.910
686.316,686.911
686.323,686.913
686.324,686.913
686.322,686.913
686.315,686.911
686.315,686.910
686.308,686.908
686.308,686.908
686.303,686.907
686.303,686.907
686.306,686.908
686.306,686.908
686.309,686.909
686.311,686.909
686.313,686.910
686.313,686.910
686.315,686.910
686.314,686.910
686.316,686.911
686.315,686.911
686.317,686.911
686.324,686.913
686.325,686.914
686.323,686.913
686.324,686.913
686.330,686.915
686.331,686.915
686.328,686.915
686.329,686.915
686.327,686.914
686.327,686.914
686.326,686.914
686.326,686.914
686.324,686.914
686.317,686.911
686.316,686.911
686.318,686.911
686.311,686.909
686.305,686.908
686.308,686.908
686.308,686.908
686.310,686.909
686.310,686.909
686.312,686.910
686.312,686.910
686.314,686.910
686.313,686.910
686.315,686.911
686.314,686.910
686.308,686.908
686.308,686.908
686.310,686.909
686.313,686.910
686.315,686.910
686.308,686.908
686.311,686.909
686.313,686.910
686.315,686.910
686.309,686.909
686.311,686.909
686.303,686.907
686.305,686.908
686.306,686.908
686.308,686.908
686.308,686.908
686.303,686.907
686.303,686.907
686.298,686.905
686.299,686.905
686.294,686.904
686.295,686.904
686.299,686.906
686.300,686.906
686.295,686.904
686.296,686.905
686.300,686.906
686.295,686.904
686.298,686.905
686.302,686.906
686.305,686.907
686.299,686.906
686.303,686.907
686.306,686.908
686.314,686.910
686.316,686.911
686.315,686.910
686.317,686.911
686.316,686.911
686.317,686.911
686.319,686.912
686.312,686.910
686.314,686.910
686.308,686.908
686.310,686.909
686.305,686.907
686.305,686.907
686.299,686.906
686.303,686.907
686.306,686.908
686.308,686.908
686.311,686.909
686.310,686.909
686.312,686.910
686.312,686.910
686.314,686.910
686.308,686.908
686.310,686.909
686.304,686.907
686.307,686.908
686.302,686.906
686.297,686.905
686.300,686.906
686.303,686.907
686.306,686.908
686.309,686.909
686.309,686.909
686.311,686.909
686.311,686.909
686.305,686.907
686.305,686.907
686.308,686.908
686.302,686.906
686.305,686.907
686.305,686.907
686.308,686.908
686.308,686.908
686.310,686.909
686.304,686.907
686.307,686.908
686.302,686.906
686.294,686.904
686.290,686.903
686.292,686.903
686.296,686.904
686.297,686.905
686.300,686.906
686.301,686.906
686.304,686.907
686.304,686.907
686.307,686.908
686.307,686.908
686.309,686.909
686.309,686.909
686.303,686.907
686.304,686.907
686.299,686.905
686.302,686.906
686.305,686.907
686.300,686.906
686.295,686.904
686.298,686.905
686.302,686.906
686.297,686.905
686.298,686.905
686.301,686.906
686.302,686.906
686.305,686.907
686.305,686.907
686.300,686.906
686.300,686.906
686.303,686.907
686.304,686.907
686.299,686.905
686.299,686.906
686.303,686.907
686.306,686.908
686.308,686.908
686.308,686.908
686.310,686.909
686.310,686.909
686.312,686.910
686.314,686.910
686.308,686.908
686.302,686.907
686.303,686.907
686.298,686.905
686.299,686.905
686.294,686.904
686.295,686.904
686.291,686.903
686.295,686.904
686.290,686.903
686.292,686.903
686.296,686.905
686.289,686.902
686.285,686.901
686.282,686.900
686.279,686.899
686.284,686.901
686.289,686.902
686.293,686.904
686.297,686.905
686.300,686.906
686.295,686.904
686.291,686.903
686.295,686.904
686.299,686.905
686.299,686.906
686.303,686.907
686.303,686.907
686.306,686.908
686.306,686.908
686.309,686.909
686.309,686.909
686.311,686.909
686.311,686.909
686.313,686.910
686.312,686.910
686.314,686.910
686.305,686.908
686.308,686.908
686.302,686.907
686.297,686.905
686.301,686.906
686.293,686.904
686.289,686.902
686.283,686.901
686.280,686.899
686.282,686.900
686.279,686.899
686.274,686.898
686.280,686.899
686.274,686.898
686.280,686.900
686.277,686.899
686.274,686.898
686.280,686.900
686.285,686.901
686.289,686.903
686.291,686.903
686.295,686.904
686.296,686.905
686.292,686.903
686.293,686.904
686.297,686.905
686.298,686.905
686.301,686.906
686.302,686.906
686.297,686.905
686.298,686.905
686.293,686.904
686.295,686.904
686.290,686.903
686.292,686.903
686.296,686.905
686.297,686.905
686.292,686.903
686.288,686.902
686.292,686.903
686.296,686.905
686.292,686.903
686.293,686.904
686.289,686.902
686.285,686.901
686.287,686.902
686.292,686.903
686.293,686.904
686.297,686.905
686.300,686.906
686.296,686.904
686.291,686.903
686.295,686.904
686.291,686.903
686.292,686.903
686.288,686.902
686.290,686.903
686.286,686.902
686.288,686.902
686.284,686.901
686.287,686.902
686.291,686.903
686.285,686.901
686.289,686.902
686.291,686.903
686.295,686.904
686.296,686.905
686.292,686.903
686.288,686.902
686.292,686.903
686.288,686.902
686.282,686.900
686.287,686.902
686.289,686.902
686.285,686.901
686.279,686.899
686.284,686.901
686.286,686.902
686.291,686.903
686.295,686.904
686.290,686.903
686.286,686.902
686.288,686.902
686.285,686.901
686.279,686.899
686.276,686.898
686.271,686.897
686.269,686.896
686.267,686.895
686.265,686.895
686.272,686.897
686.267,686.896
686.273,686.898
686.277,686.899
686.282,686.900
686.284,686.901
686.289,686.902
686.285,686.901
686.290,686.903
686.286,686.901
686.280,686.900
686.277,686.899
686.272,686.897
686.270,686.896
686.273,686.897
686.279,686.899
686.276,686.898
686.274,686.898
686.279,686.899
686.274,686.898
686.271,686.897
686.275,686.898
686.272,686.897
686.270,686.897
686.266,686.895
686.264,686.895
686.260,686.893
686.267,686.896
686.263,686.894
686.262,686.894
686.260,686.893
686.257,686.892
686.256,686.892
686.261,686.894
686.260,686.893
686.256,686.892
686.256,686.892
686.263,686.894
686.262,686.894
686.260,686.893
686.257,686.892
686.256,686.892
686.264,686.894
686.262,686.894
686.261,686.894
686.265,686.895
686.272,686.897
686.267,686.896
686.273,686.898
686.279,686.899
686.282,686.900
686.279,686.899
686.273,686.897
686.271,686.897
686.274,686.898
686.272,686.897
686.275,686.898
686.273,686.897
686.268,686.896
686.274,686.898
686.272,686.897
686.278,686.899
686.275,686.898
686.278,686.899
686.275,686.898
686.270,686.897
686.268,686.896
686.267,686.895
686.270,686.897
686.268,686.896
686.272,686.897
686.278,686.899
686.275,686.898
686.273,686.897
686.270,686.897
686.274,686.898
686.271,686.897
686.267,686.895
686.265,686.895
686.264,686.894
686.260,686.893
686.259,686.893
686.263,686.894
686.262,686.894
686.266,686.895
686.265,686.895
686.263,686.894
686.267,686.896
686.266,686.895
686.264,686.895
686.263,686.894
686.261,686.894
686.266,686.895
686.272,686.897
686.275,686.898
686.273,686.897
686.268,686.896
686.266,686.895
686.278,686.899
686.283,686.901
686.285,686.901
686.282,686.900
686.279,686.899
686.276,686.898
686.273,686.898
686.269,686.896
686.267,686.895
686.271,686.897
686.268,686.896
686.272,686.897
686.278,686.899
686.275,686.898
686.278,686.899
686.275,686.898
686.270,686.897
686.268,686.896
686.272,686.897
686.278,686.899
686.275,686.898
686.278,686.899
686.275,686.898
686.270,686.897
686.276,686.898
686.274,686.898
686.277,686.899
686.274,686.898
686.277,686.899
686.275,686.898
686.272,686.897
686.276,686.898
686.281,686.900
686.276,686.898
686.273,686.897
686.271,686.897
686.266,686.895
686.265,686.895
686.263,686.894
686.259,686.893
686.258,686.893
686.263,686.894
686.262,686.894
686.260,686.893
686.257,686.892
686.256,686.892
686.261,686.894
686.260,686.893
686.259,686.893
686.263,686.894
686.274,686.898
686.272,686.897
686.270,686.896
686.273,686.897
686.271,686.897
686.266,686.895
686.265,686.895
686.263,686.894
686.262,686.894
686.261,686.894
686.257,686.892
686.256,686.892
686.253,686.891
686.253,686.891
686.252,686.891
686.252,686.891
686.260,686.893
686.256,686.892
686.256,686.892
686.263,686.894
686.259,686.893
686.258,686.893
686.263,686.894
686.262,686.894
686.260,686.893
686.236,686.886
686.235,686.885
686.236,686.886
686.237,686.886
686.236,686.886
686.237,686.886
686.238,686.886
686.237,686.886
686.230,686.884
686.229,686.884
686.231,686.884
686.233,686.885
686.232,686.885
686.226,686.882
686.228,686.883
686.227,686.883
686.229,686.884
686.231,686.884
686.230,686.884
686.224,686.882
686.224,686.882
686.227,686.883
686.229,686.883
686.228,686.883
686.230,686.884
686.232,686.884
686.231,686.884
686.225,686.882
686.233,686.885
686.234,686.885
686.236,686.886
686.234,686.885
686.236,686.886
686.235,686.885
686.225,686.882
686.220,686.881
686.222,686.882
686.223,686.882
686.225,686.882
686.227,686.883
686.227,686.883
686.229,686.884
686.231,686.884
686.230,686.884
686.232,686.884
686.234,686.885
686.241,686.887
686.241,686.887
686.242,686.888
686.240,686.887
686.241,686.887
686.242,686.888
686.240,686.887
686.241,686.887
686.234,686.885
686.235,686.886
686.234,686.885
686.235,686.886
686.237,686.886
686.235,686.886
686.237,686.886
686.238,686.886
686.236,686.886
686.235,686.886
686.236,686.886
686.243,686.888
686.241,686.887
686.234,686.885
686.235,686.886
686.234,686.885
686.236,686.886
686.234,686.885
686.241,686.887
686.242,686.888
686.240,686.887
686.239,686.887
686.232,686.884
686.233,686.885
686.232,686.885
686.226,686.883
686.220,686.881
686.220,686.881
686.223,686.882
686.218,686.880
686.218,686.880
686.221,686.881
686.224,686.882
686.218,686.880
686.219,686.880
686.221,686.881
686.216,686.880
686.217,686.880
686.220,686.881
686.223,686.882
686.223,686.882
686.225,686.882
686.219,686.881
686.220,686.881
686.220,686.881
686.223,686.882
686.223,686.882
686.215,686.879
686.218,686.880
686.219,686.880
686.211,686.878
686.207,686.877
686.203,686.875
686.205,686.876
686.209,686.877
686.213,686.878
686.214,686.879
686.209,686.877
686.205,686.876
686.209,686.877
686.210,686.878
686.206,686.876
686.210,686.878
686.211,686.878
686.215,686.879
686.210,686.878
686.206,686.876
686.207,686.877
686.211,686.878
686.215,686.879
686.216,686.879
686.211,686.878
686.214,686.879
686.215,686.879
686.219,686.880
686.213,686.879
686.214,686.879
686.218,686.880
686.221,686.881
686.221,686.881
686.224,686.882
686.226,686.883
686.226,686.883
686.225,686.882
686.228,686.883
686.222,686.881
686.222,686.881
686.224,686.882
686.219,686.880
686.211,686.878
686.207,686.877
686.203,686.875
686.205,686.876
686.206,686.877
686.203,686.875
686.199,686.874
686.204,686.876
686.208,686.877
686.201,686.875
686.203,686.876
686.200,686.874
686.196,686.873
686.199,686.874
686.204,686.876
686.200,686.874
686.194,686.873
686.191,686.872
686.197,686.874
686.202,686.875
686.196,686.873
686.201,686.875
686.206,686.876
686.207,686.877
686.201,686.875
686.205,686.876
686.209,686.877
686.211,686.878
686.206,686.876
686.202,686.875
686.199,686.874
686.193,686.872
686.190,686.871
686.188,686.871
686.191,686.872
686.186,686.870
686.184,686.870
686.190,686.871
686.193,686.872
686.191,686.872
686.188,686.871
686.186,686.870
686.182,686.869
686.180,686.868
686.178,686.868
686.175,686.867
686.179,686.868
686.178,686.868
686.177,686.867
686.173,686.866
686.180,686.868
686.179,686.868
686.185,686.870
686.189,686.871
686.195,686.873
686.192,686.872
686.197,686.874
686.192,686.872
686.189,686.871
686.187,686.870
686.190,686.871
686.188,686.871
686.186,686.870
686.184,686.869
686.187,686.871
686.185,686.870
686.183,686.869
686.182,686.869
686.185,686.870
686.181,686.869
686.180,686.868
686.186,686.870
686.190,686.871
686.195,686.873
686.192,686.872
686.187,686.870
686.193,686.872
686.190,686.871
686.188,686.871
686.191,686.872
686.197,686.873
686.194,686.873
686.191,686.872
686.194,686.873
686.199,686.874
686.196,686.873
686.193,686.872
686.196,686.873
686.193,686.872
686.190,686.871
686.185,686.870
686.181,686.869
686.187,686.871
686.185,686.870
686.181,686.869
686.177,686.867
686.184,686.869
686.182,686.869
686.186,686.870
686.181,686.869
686.188,686.871
686.186,686.870
686.189,686.871
686.192,686.872
686.190,686.871
686.187,686.871
686.183,686.869
686.187,686.870
686.185,686.870
686.175,686.867
686.179,686.868
686.183,686.869
686.190,686.871
686.187,686.870
686.185,686.870
686.181,686.868
686.187,686.870
686.193,686.872
686.196,686.873
686.190,686.872
686.188,686.871
686.194,686.873
686.191,686.872
686.186,686.870
686.182,686.869
686.180,686.868
686.179,686.868
686.177,686.867
686.174,686.866
686.173,686.866
686.172,686.866
686.169,686.865
686.166,686.864
686.174,686.866
686.173,686.866
686.170,686.865
686.169,686.865
686.169,686.865
686.176,686.867
686.181,686.869
686.179,686.868
686.178,686.868
686.174,686.866
686.173,686.866
686.181,686.868
686.179,686.868
686.183,686.869
686.181,686.869
686.180,686.868
686.178,686.868
686.177,686.867
686.176,686.867
686.183,686.869
686.179,686.868
686.177,686.867
686.176,686.867
686.175,686.867
686.172,686.866
686.169,686.865
686.168,686.865
686.168,686.864
686.165,686.864
686.171,686.865
686.178,686.868
686.177,686.867
686.173,686.866
686.178,686.868
686.177,686.867
686.175,686.867
686.174,686.866
686.171,686.865
686.168,686.864
686.168,686.864
686.159,686.862
686.157,686.861
686.164,686.863
686.164,686.863
686.164,686.863
686.164,686.863
686.162,686.862
686.167,686.864
686.167,686.864
686.164,686.863
686.170,686.865
686.178,686.867
686.176,686.867
686.175,686.867
686.180,686.868
686.186,686.870
686.184,686.870
686.182,686.869
686.186,686.870
686.184,686.870
686.182,686.869
686.181,686.868
686.177,686.867
686.173,686.866
686.172,686.866
686.172,686.866
686.177,686.867
686.181,686.869
686.179,686.868
686.178,686.868
686.182,686.869
686.186,686.870
686.184,686.870
686.182,686.869
686.186,686.870
686.192,686.872
686.198,686.874
686.194,686.873
686.189,686.871
686.184,686.870
686.182,686.869
686.181,686.868
686.185,686.870
686.180,686.868
686.179,686.868
686.178,686.867
686.176,686.867
686.181,686.868
686.185,686.870
686.183,686.869
686.173,686.866
686.170,686.865
686.167,686.864
686.167,686.864
686.159,686.861
686.159,686.862
686.157,686.861
686.155,686.861
686.156,686.861
686.157,686.861
686.158,686.861
686.156,686.861
686.154,686.860
686.155,686.861
686.156,686.861
686.149,686.859
686.148,686.858
686.150,686.859
686.151,686.859
686.152,686.860
686.159,686.862
686.165,686.864
686.165,686.864
686.165,686.864
686.163,686.863
686.160,686.862
686.161,686.862
686.161,686.862
686.161,686.862
686.159,686.862
686.157,686.861
686.158,686.861
686.159,686.862
686.159,686.862
686.165,686.864
686.173,686.866
686.172,686.866
686.172,686.866
686.177,686.867
686.175,686.867
686.174,686.866
686.174,686.866
686.170,686.865
686.167,686.864
686.167,686.864
686.167,686.864
686.167,686.864
686.164,686.863
686.162,686.862
686.162,686.863
686.162,686.863
686.162,686.863
686.168,686.865
686.168,686.864
686.168,686.864
686.167,686.864
686.173,686.866
686.172,686.866
686.171,686.865
686.171,686.865
686.168,686.864
686.167,686.864
686.167,686.864
686.159,686.862
686.151,686.859
686.158,686.861
686.156,686.861
686.157,686.861
686.158,686.861
686.159,686.861
686.157,686.861
686.155,686.860
686.156,686.861
686.157,686.861
686.157,686.861
686.164,686.863
686.161,686.862
686.162,686.862
686.162,686.863
686.168,686.864
686.173,686.866
686.164,686.863
686.164,686.863
686.164,686.863
686.162,686.863
686.160,686.862
686.158,686.861
686.158,686.861
686.159,686.862
686.151,686.859
686.150,686.859
686.157,686.861
686.150,686.859
686.143,686.857
686.145,686.857
686.145,686.857
686.152,686.859
686.153,686.860
686.154,686.860
686.155,686.861
686.162,686.863
686.160,686.862
686.160,686.862
686.161,686.862
686.161,686.862
686.159,686.862
686.157,686.861
686.158,686.861
686.158,686.861
686.146,686.857
686.153,686.860
686.152,686.859
686.153,686.860
686.154,686.860
686.155,686.860
686.154,686.860
686.152,686.859
686.153,686.860
686.154,686.860
686.155,686.861
686.154,686.860
686.160,686.862
686.161,686.862
686.161,686.862
686.162,686.862
686.167,686.864
686.165,686.863
686.165,686.863
686.165,686.863
686.165,686.863
686.162,686.863
686.160,686.862
686.161,686.862
686.161,686.862
686.141,686.856
686.141,686.856
686.141,686.856
686.141,686.856
686.143,686.857
686.145,686.857
686.147,686.858
686.146,686.858
686.137,686.855
686.140,686.856
686.142,686.856
686.142,686.856
686.142,686.856
686.144,686.857
686.146,686.858
686.140,686.856
686.140,686.856
686.140,686.856
686.140,686.856
686.134,686.854
686.137,686.855
686.139,686.856
686.139,686.855
686.134,686.854
686.137,686.855
686.131,686.853
686.135,686.854
686.129,686.852
686.130,686.853
686.131,686.853
686.134,686.854
686.137,686.855
686.140,686.856
686.140,686.856
686.140,686.856
686.140,686.856
686.142,686.856
686.144,686.857
686.146,686.858
686.148,686.858
686.147,686.858
686.146,686.858
686.148,686.858
686.150,686.859
686.143,686.857
686.145,686.857
686.144,686.857
686.144,686.857
686.143,686.857
686.137,686.855
686.132,686.853
686.135,686.854
686.143,686.857
686.143,686.857
686.145,686.857
686.147,686.858
686.149,686.858
686.150,686.859
686.149,686.859
686.148,686.858
686.142,686.856
686.136,686.854
686.130,686.853
686.134,686.854
686.137,686.855
686.137,686.855
686.137,686.855
686.137,686.855
686.132,686.853
686.135,686.854
686.138,686.855
686.140,686.856
686.140,686.856
686.140,686.856
686.140,686.856
686.142,686.856
686.136,686.855
686.139,686.855
686.133,686.854
686.134,686.854
686.134,686.854
686.135,686.854
686.138,686.855
686.132,686.853
686.135,686.854
686.130,686.853
686.131,686.853
686.132,686.853
686.132,686.853
686.127,686.852
686.123,686.850
686.119,686.849
686.115,686.848
686.117,686.849
686.112,686.847
686.117,686.848
686.113,686.847
686.118,686.849
686.122,686.850
686.118,686.849
686.120,686.850
686.122,686.850
686.124,686.851
686.128,686.852
686.123,686.850
686.127,686.852
686.123,686.850
686.127,686.851
686.128,686.852
686.129,686.852
686.130,686.852
686.125,686.851
686.121,686.850
686.125,686.851
686.129,686.852
686.132,686.853
686.133,686.853
686.133,686.854
686.134,686.854
686.126,686.851
686.122,686.850
686.118,686.849
686.114,686.848
686.117,686.848
686.119,686.849
686.113,686.847
686.110,686.846
686.107,686.845
686.112,686.847
686.109,686.846
686.107,686.845
686.110,686.846
686.112,686.847
686.115,686.848
686.120,686.849
686.116,686.848
686.113,686.847
686.109,686.846
686.107,686.845
686.110,686.846
686.112,686.847
686.115,686.848
686.112,686.847
686.117,686.848
686.113,686.847
686.110,686.846
686.113,686.847
686.115,686.848
686.110,686.846
686.112,686.847
686.109,686.846
686.115,686.848
686.111,686.847
686.116,686.848
686.113,686.847
686.107,686.845
686.110,686.846
686.116,686.848
686.112,686.847
686.109,686.846
686.115,686.848
686.111,686.847
686.108,686.846
686.111,686.847
686.106,686.845
686.109,686.846
686.112,686.847
686.117,686.848
686.113,686.847
686.110,686.846
686.107,686.845
686.105,686.845
686.108,686.846
686.111,686.847
686.106,686.845
686.109,686.846
686.114,686.848
686.111,686.847
686.116,686.848
686.121,686.850
686.122,686.850
686.116,686.848
686.110,686.846
686.113,686.847
686.107,686.845
686.105,686.845
686.102,686.844
686.100,686.843
686.106,686.845
686.112,686.847
686.115,686.848
686.117,686.848
686.119,686.849
686.123,686.850
686.127,686.852
686.123,686.850
686.119,686.849
686.115,686.848
686.117,686.849
686.119,686.849
686.121,686.850
686.117,686.849
686.122,686.850
686.126,686.851
686.122,686.850
686.126,686.851
686.119,686.849
686.121,686.850
686.122,686.850
686.116,686.848
686.118,686.849
686.115,686.848
686.111,686.847
686.116,686.848
686.121,686.850
686.123,686.850
686.124,686.851
686.128,686.852
686.132,686.853
686.135,686.854
686.130,686.852
686.125,686.851
686.126,686.851
686.127,686.852
686.128,686.852
686.124,686.851
686.120,686.849
686.116,686.848
686.113,686.847
686.109,686.846
686.107,686.845
686.110,686.846
686.112,686.847
686.115,686.848
686.112,686.847
686.109,686.846
686.106,686.845
686.104,686.844
686.101,686.844
686.105,686.845
686.100,686.843
686.104,686.844
686.107,686.845
686.113,686.847
686.118,686.849
686.114,686.848
686.119,686.849
686.113,686.847
686.115,686.848
686.110,686.846
686.112,686.847
686.107,686.845
686.104,686.845
686.102,686.844
686.100,686.843
686.098,686.843
686.104,686.845
686.108,686.846
686.111,686.846
686.108,686.846
686.113,686.847
686.118,686.849
686.123,686.850
686.119,686.849
686.121,686.850
686.114,686.848
686.109,686.846
686.111,686.847
686.108,686.846
686.106,686.845
686.103,686.844
686.101,686.843
686.099,686.843
686.097,686.842
686.096,686.842
686.092,686.841
686.088,686.839
686.093,686.841
686.097,686.842
686.093,686.841
686.100,686.843
686.098,686.843
686.105,686.845
686.100,686.843
686.096,686.842
686.100,686.843
686.103,686.844
686.101,686.844
686.099,686.843
686.105,686.845
686.111,686.847
686.108,686.846
686.111,686.847
686.114,686.847
686.116,686.848
686.118,686.849
686.115,686.848
686.111,686.847
686.108,686.846
686.106,686.845
686.109,686.846
686.112,686.847
686.106,686.845
686.109,686.846
686.107,686.845
686.112,686.847
686.117,686.849
686.114,686.847
686.119,686.849
686.115,686.848
686.117,686.849
686.111,686.847
686.106,686.845
686.109,686.846
686.106,686.845
686.112,686.847
686.109,686.846
686.106,686.845
686.104,686.844
686.109,686.846
686.104,686.844
686.108,686.845
686.103,686.844
686.098,686.842
686.094,686.841
686.098,686.843
686.096,686.842
686.095,686.842
686.094,686.841
686.100,686.843
686.098,686.843
686.105,686.845
686.102,686.844
686.106,686.845
686.109,686.846
686.104,686.844
686.107,686.845
686.110,686.846
686.107,686.845
686.105,686.845
686.110,686.846
686.108,686.846
686.105,686.845
686.103,686.844
686.100,686.843
686.096,686.842
686.100,686.843
686.096,686.842
686.100,686.843
686.098,686.843
686.096,686.842
686.095,686.842
686.093,686.841
686.092,686.841
686.091,686.840
686.090,686.840
686.087,686.839
686.084,686.838
686.081,686.837
686.078,686.836
686.084,686.838
686.081,686.837
686.079,686.836
686.084,686.838
686.090,686.840
686.089,686.840
686.088,686.839
686.087,686.839
686.087,686.839
686.086,686.839
686.093,686.841
686.092,686.841
686.091,686.840
686.090,686.840
686.089,686.840
686.088,686.839
686.087,686.839
686.087,686.839
686.092,686.841
686.088,686.839
686.085,686.838
686.082,686.838
686.080,686.837
686.077,686.836
686.075,686.835
686.076,686.835
686.076,686.836
686.076,686.836
686.077,686.836
686.077,686.836
686.077,686.836
686.078,686.836
686.078,686.836
686.076,686.836
686.074,686.835
686.072,686.834
686.078,686.836
686.076,686.836
686.082,686.837
686.079,686.837
686.085,686.838
686.082,686.838
686.082,686.837
686.090,686.840
686.081,686.837
686.081,686.837
686.081,686.837
686.081,686.837
686.081,686.837
686.081,686.837
686.081,686.837
686.081,686.837
686.081,686.837
686.086,686.839
686.091,686.840
686.088,686.839
686.085,686.838
686.090,686.840
686.086,686.839
686.083,686.838
686.083,686.838
686.083,686.838
686.083,686.838
686.082,686.838
686.082,686.838
686.093,686.841
686.097,686.842
686.101,686.844
686.099,686.843
686.097,686.842
686.096,686.842
686.094,686.841
686.093,686.841
686.092,686.841
686.091,686.840
686.095,686.842
686.091,686.840
686.088,686.839
686.085,686.838
686.082,686.837
686.079,686.837
686.077,686.836
686.083,686.838
686.080,686.837
686.080,686.837
686.072,686.834
686.073,686.835
686.074,686.835
686.082,686.838
686.082,686.838
686.072,686.834
686.073,686.835
686.074,686.835
686.074,686.835
686.075,686.835
686.075,686.835
686.076,686.836
686.076,686.836
686.077,686.836
686.075,686.835
686.073,686.835
686.071,686.834
686.069,686.834
686.068,686.833
686.075,686.835
686.073,686.835
686.074,686.835
686.074,686.835
686.075,686.835
686.075,686.835
686.076,686.836
686.076,686.836
686.077,686.836
686.077,686.836
686.069,686.833
686.054,686.829
686.054,686.829
686.054,686.829
686.062,686.831
686.061,686.831
686.061,686.831
686.060,686.831
686.060,686.830
686.059,686.830
686.059,686.830
686.066,686.833
686.065,686.832
686.067,686.833
686.068,686.833
686.069,686.833
686.070,686.834
686.071,686.834
686.072,686.834
686.073,686.835
686.073,686.835
686.074,686.835
686.075,686.835
686.073,686.835
686.071,686.834
686.070,686.834
686.068,686.833
686.067,686.833
686.066,686.832
686.065,686.832
686.064,686.832
686.063,686.831
686.070,686.834
686.071,686.834
686.072,686.834
686.073,686.835
686.073,686.835
686.074,686.835
686.083,686.838
686.083,686.838
686.082,686.838
686.082,686.838
686.079,686.837
686.077,686.836
686.075,686.835
686.073,686.835
686.071,686.834
686.072,686.834
686.073,686.835
686.082,686.837
686.081,686.837
686.081,686.837
686.081,686.837
686.081,686.837
686.081,686.837
686.079,686.836
686.084,686.838
686.089,686.840
686.086,686.839
686.091,686.840
686.096,686.842
686.092,686.841
686.088,686.839
686.088,686.839
686.087,686.839
686.086,686.839
686.094,686.841
686.092,686.841
686.091,686.840
686.090,686.840
686.087,686.839
686.092,686.841
686.088,686.839
686.085,686.838
686.082,686.838
686.080,686.837
686.085,686.838
686.082,686.838
686.080,686.837
686.080,686.837
686.080,686.837
686.080,686.837
686.072,686.834
686.065,686.832
686.058,686.830
686.060,686.831
686.062,686.831
686.064,686.832
686.065,686.832
686.067,686.833
686.068,686.833
686.069,686.833
686.068,686.833
686.067,686.833
686.065,686.832
686.064,686.832
686.063,686.832
686.063,686.831
686.064,686.832
686.066,686.832
686.067,686.833
686.068,686.833
686.062,686.831
686.063,686.832
686.065,686.832
686.066,686.833
686.068,686.833
686.069,686.833
686.062,686.831
686.064,686.832
686.063,686.831
686.065,686.832
686.066,686.832
686.073,686.835
686.071,686.834
686.070,686.834
686.068,686.833
686.075,686.835
686.073,686.835
686.071,686.834
686.070,686.834
686.068,686.833
686.067,686.833
686.066,686.832
686.067,686.833
686.068,686.833
686.070,686.834
686.071,686.834
686.080,686.837
686.080,686.837
686.080,686.837
686.080,686.837
686.080,686.837
686.080,686.837
686.080,686.837
686.078,686.836
686.075,686.835
686.073,686.835
686.072,686.834
686.070,686.834
686.069,686.833
686.075,686.835
686.081,686.837
686.087,686.839
686.084,686.838
686.081,686.837
686.078,686.836
686.076,686.836
686.082,686.838
686.080,686.837
686.085,686.838
686.085,686.838
686.084,686.838
686.073,686.835
686.074,686.835
686.075,686.835
686.075,686.835
686.076,686.836
686.076,686.836
686.077,686.836
686.077,686.836
686.077,686.836
686.078,686.836
686.078,686.836
686.078,686.836
686.078,686.836
686.078,686.836
686.076,686.836
686.082,686.838
686.080,686.837
686.077,686.836
686.075,686.835
686.073,686.835
686.071,686.834
686.078,686.836
686.076,686.835
686.082,686.837
686.081,686.837
686.089,686.840
686.089,686.840
686.088,686.839
686.087,686.839
686.086,686.839
686.086,686.839
686.077,686.836
686.078,686.836
686.078,686.836
686.078,686.836
686.078,686.836
686.070,686.834
686.071,686.834
686.072,686.834
686.073,686.835
686.074,686.835
686.074,686.835
686.072,686.834
686.071,686.834
686.069,686.833
686.068,686.833
686.075,686.835
686.073,686.835
686.071,686.834
686.069,686.834
686.068,686.833
686.075,686.835
686.073,686.835
686.071,686.834
686.070,686.834
686.063,686.831
686.056,686.829
686.058,686.830
686.061,686.831
686.062,686.831
686.062,686.831
686.061,686.831
686.052,686.828
686.053,686.828
686.045,686.826
686.046,686.826
686.055,686.829
686.055,686.829
686.055,686.829
686.047,686.826
686.039,686.824
686.041,686.825
686.042,686.825
686.043,686.825
686.044,686.826
686.045,686.826
686.046,686.826
686.047,686.827
686.056,686.829
686.056,686.829
686.056,686.829
686.056,686.829
686.055,686.829
686.055,686.829
686.055,686.829
686.055,686.829
686.055,686.829
686.055,686.829
686.055,686.829
686.063,686.832
686.070,686.834
686.069,686.833
686.076,686.835
686.074,686.835
686.074,686.835
686.075,686.835
686.075,686.835
686.076,686.836
686.068,686.833
686.069,686.834
686.070,686.834
686.063,686.832
686.057,686.830
686.059,686.830
686.061,686.831
686.055,686.829
686.049,686.827
686.052,686.828
686.055,686.829
686.057,686.830
686.060,686.830
686.053,686.829
686.048,686.827
686.051,686.828
686.054,686.829
686.056,686.829
686.059,686.830
686.061,686.831
686.055,686.829
686.057,686.830
686.051,686.828
686.046,686.826
686.041,686.825
686.037,686.823
686.041,686.825
686.037,686.823
686.038,686.824
686.040,686.824
686.041,686.825
686.043,686.825
686.044,686.826
686.045,686.826
686.048,686.827
686.051,686.828
686.046,686.826
686.049,686.827
686.052,686.828
686.055,686.829
686.057,686.830
686.051,686.828
686.046,686.826
686.049,686.827
686.052,686.828
686.047,686.827
686.050,686.828
686.045,686.826
686.040,686.824
686.036,686.823
686.032,686.822
686.042,686.825
686.046,686.826
686.047,686.826
686.050,686.827
686.053,686.828
686.056,686.829
686.050,686.827
686.053,686.828
686.055,686.829
686.058,686.830
686.049,686.827
686.050,686.827
686.050,686.828
686.051,686.828
686.051,686.828
686.043,686.825
686.045,686.826
686.046,686.826
686.046,686.826
686.047,686.827
686.048,686.827
686.049,686.827
686.041,686.825
686.042,686.825
686.036,686.823
686.037,686.824
686.039,686.824
686.041,686.824
686.034,686.822
686.036,686.823
686.046,686.826
686.047,686.826
686.042,686.825
686.045,686.826
686.041,686.825
686.042,686.825
686.043,686.825
686.044,686.826
686.045,686.826
686.046,686.826
686.047,686.827
686.048,686.827
686.048,686.827
686.049,686.827
686.050,686.827
686.050,686.827
686.050,686.828
686.051,686.828
686.051,686.828
686.052,686.828
686.052,686.828
686.052,686.828
686.055,686.829
686.055,686.829
686.055,686.829
686.057,686.830
686.059,686.830
686.059,686.830
686.059,686.830
686.058,686.830
686.058,686.830
686.058,686.830
686.060,686.830
686.062,686.831
686.063,686.832
686.065,686.832
686.058,686.830
686.060,686.831
686.062,686.831
686.064,686.832
686.066,686.832
686.067,686.833
686.068,686.833
686.069,686.834
686.070,686.834
686.071,686.834
686.070,686.834
686.068,686.833
686.067,686.833
686.066,686.832
686.065,686.832
686.064,686.832
686.063,686.832
686.062,686.831
686.061,686.831
686.053,686.828
686.053,686.828
686.053,686.828
686.045,686.826
686.038,686.824
686.032,686.822
686.034,686.822
686.028,686.821
686.031,686.821
686.033,686.822
686.035,686.823
686.037,686.823
686.039,686.824
686.040,686.824
686.043,686.825
686.039,686.824
686.043,686.825
686.044,686.826
686.045,686.826
686.046,686.826
686.047,686.826
686.047,686.827
686.048,686.827
686.041,686.825
686.036,686.823
686.038,686.824
686.040,686.824
686.044,686.825
686.047,686.827
686.050,686.828
686.053,686.828
686.056,686.829
686.050,686.827
686.045,686.826
686.048,686.827
686.051,686.828
686.054,686.829
686.057,686.829
686.056,686.829
686.032,686.822
686.029,686.821
686.034,686.822
686.036,686.823
686.038,686.824
686.031,686.822
686.025,686.820
686.020,686.818
686.023,686.819
686.018,686.818
686.022,686.819
686.025,686.820
686.028,686.820
686.033,686.822
686.029,686.821
686.026,686.820
686.031,686.822
686.036,686.823
686.032,686.822
686.037,686.823
686.041,686.825
686.037,686.823
686.033,686.822
686.037,686.823
686.033,686.822
686.028,686.820
686.025,686.820
686.022,686.819
686.019,686.818
686.017,686.817
686.015,686.817
686.013,686.816
686.017,686.817
686.013,686.816
686.009,686.815
686.005,686.813
686.002,686.812
686.007,686.814
686.011,686.815
686.018,686.817
686.024,686.819
686.021,686.818
686.027,686.820
686.024,686.819
686.021,686.818
686.027,686.820
686.032,686.822
686.036,686.823
686.041,686.825
686.044,686.826
686.040,686.824
686.044,686.825
686.047,686.827
686.042,686.825
686.046,686.826
686.047,686.826
686.047,686.827
686.048,686.827
686.049,686.827
686.049,686.827
686.050,686.827
686.050,686.828
686.043,686.825
686.044,686.826
686.045,686.826
686.046,686.826
686.039,686.824
686.040,686.824
686.042,686.825
686.043,686.825
686.044,686.826
686.047,686.827
686.048,686.827
686.049,686.827
686.052,686.828
686.054,686.829
686.049,686.827
686.044,686.826
686.047,686.827
686.042,686.825
686.038,686.824
686.034,686.822
686.030,686.821
686.035,686.823
686.039,686.824
686.035,686.823
686.032,686.822
686.028,686.821
686.025,686.820
686.022,686.819
686.028,686.821
686.030,686.821
686.027,686.820
686.024,686.819
686.029,686.821
686.032,686.822
686.034,686.822
686.028,686.821
686.031,686.821
686.033,686.822
686.027,686.820
686.022,686.819
686.017,686.817
686.023,686.819
686.020,686.818
686.026,686.820
686.023,686.819
686.029,686.821
686.033,686.822
686.030,686.821
686.027,686.820
686.024,686.819
686.029,686.821
686.024,686.819
686.018,686.818
686.022,686.819
686.025,686.820
686.028,686.820
686.022,686.819
686.017,686.817
686.023,686.819
686.029,686.821
686.026,686.820
686.031,686.821
686.028,686.820
686.025,686.819
686.022,686.819
686.019,686.818
686.017,686.817
686.023,686.819
686.029,686.821
686.025,686.820
686.031,686.821
686.027,686.820
686.022,686.819
686.025,686.820
686.028,686.821
686.030,686.821
686.033,686.822
686.027,686.820
686.029,686.821
686.024,686.819
686.019,686.818
686.022,686.819
686.028,686.820
686.033,686.822
686.037,686.823
686.041,686.825
686.045,686.826
686.040,686.824
686.044,686.826
686.040,686.824
686.035,686.823
686.040,686.824
686.036,686.823
686.040,686.824
686.044,686.825
686.039,686.824
686.035,686.823
686.031,686.822
686.036,686.823
686.032,686.822
686.029,686.821
686.034,686.822
686.030,686.821
686.027,686.820
686.021,686.818
686.025,686.819
686.019,686.818
686.023,686.819
686.026,686.820
686.029,686.821
686.031,686.822
686.033,686.822
686.035,686.823
686.029,686.821
686.032,686.822
686.026,686.820
686.021,686.818
686.024,686.819
686.027,686.820
686.032,686.822
686.028,686.821
686.025,686.820
686.031,686.821
686.035,686.823
686.040,686.824
686.043,686.825
686.039,686.824
686.035,686.823
686.039,686.824
686.041,686.824
686.042,686.825
686.043,686.825
686.044,686.826
686.045,686.826
686.046,686.826
686.047,686.826
686.040,686.824
686.041,686.825
686.042,686.825
686.044,686.825
686.047,686.827
686.042,686.825
686.043,686.825
686.047,686.826
686.050,686.827
686.045,686.826
686.040,686.824
686.036,686.823
686.032,686.822
686.029,686.821
686.034,686.822
686.030,686.821
686.027,686.820
686.024,686.819
686.021,686.818
686.024,686.819
686.027,686.820
686.022,686.819
686.017,686.817
686.013,686.816
686.009,686.814
686.013,686.816
686.009,686.815
686.005,686.813
686.002,686.812
686.009,686.815
686.008,686.814
686.015,686.816
686.013,686.816
686.020,686.818
686.017,686.817
686.015,686.817
686.013,686.816
686.020,686.818
686.023,686.819
686.026,686.820
686.021,686.818
686.024,686.819
686.027,686.820
686.030,686.821
686.032,686.822
686.037,686.823
686.033,686.822
686.029,686.821
686.026,686.820
686.023,686.819
686.029,686.821
686.026,686.820
686.031,686.821
686.027,686.820
686.032,686.822
686.037,686.823
686.033,686.822
686.027,686.820
686.022,686.819
686.017,686.817
686.021,686.818
686.016,686.817
686.011,686.815
686.008,686.814
686.012,686.816
686.016,686.817
686.014,686.816
686.020,686.818
686.026,686.820
686.023,686.819
686.021,686.818
686.026,686.820
686.031,686.822
686.028,686.821
686.033,686.822
686.027,686.820
686.030,686.821
686.032,686.822
686.034,686.823
686.036,686.823
686.038,686.824
686.032,686.822
686.026,686.820
686.029,686.821
686.023,686.819
686.026,686.820
686.023,686.819
686.021,686.818
686.016,686.817
686.022,686.819
686.019,686.818
686.017,686.817
686.015,686.817
686.013,686.816
686.012,686.815
686.010,686.815
686.006,686.814
686.011,686.815
686.007,686.814
686.012,686.815
686.016,686.817
686.019,686.818
686.023,686.819
686.018,686.817
686.021,686.818
686.025,686.819
686.027,686.820
686.024,686.819
686.022,686.819
686.019,686.818
686.017,686.817
686.023,686.819
686.021,686.818
686.018,686.817
686.016,686.817
686.020,686.818
686.023,686.819
686.018,686.817
686.022,686.819
686.025,686.820
686.028,686.820
686.022,686.819
686.017,686.817
686.021,686.818
686.018,686.818
686.024,686.819
686.022,686.819
686.019,686.818
686.017,686.817
686.015,686.816
686.021,686.818
686.019,686.818
686.014,686.816
686.018,686.817
686.022,686.819
686.025,686.820
686.028,686.820
686.022,686.819
686.025,686.820
686.020,686.818
686.018,686.817
686.024,686.819
686.021,686.818
686.019,686.818
686.017,686.817
686.023,686.819
686.020,686.818
686.015,686.817
686.019,686.818
686.014,686.816
686.010,686.815
686.015,686.816
686.013,686.816
686.011,686.815
686.002,686.812
686.001,686.812
686.001,686.812
686.000,686.812
685.997,686.811
686.003,686.813
686.008,686.814
686.004,686.813
686.001,686.812
686.006,686.814
686.003,686.813
686.000,686.812
686.005,686.813
686.004,686.813
686.003,686.813
686.011,686.815
686.017,686.817
686.023,686.819
686.021,686.818
686.018,686.818
686.024,686.819
686.022,686.819
686.027,686.820
686.024,686.819
686.029,686.821
686.032,686.822
686.034,686.822
686.028,686.821
686.031,686.821
686.033,686.822
686.027,686.820
686.030,686.821
686.032,686.822
686.034,686.822
686.028,686.821
686.031,686.821
686.033,686.822
686.037,686.824
686.033,686.822
686.030,686.821
686.035,686.823
686.031,686.821
686.028,686.820
686.025,686.820
686.028,686.820
686.022,686.819
686.025,686.820
686.020,686.818
686.018,686.817
686.016,686.817
686.014,686.816
686.012,686.816
686.019,686.818
686.016,686.817
686.014,686.816
686.013,686.816
686.017,686.817
686.012,686.816
686.016,686.817
686.012,686.816
686.008,686.814
686.013,686.816
686.011,686.815
686.010,686.815
686.008,686.814
686.015,686.816
686.013,686.816
686.012,686.815
686.008,686.814
686.012,686.816
686.008,686.814
686.005,686.813
686.009,686.815
686.011,686.815
686.015,686.816
686.019,686.818
686.017,686.817
686.015,686.816
686.021,686.818
686.018,686.818
686.016,686.817
686.022,686.819
686.026,686.820
686.020,686.818
686.016,686.817
686.011,686.815
686.010,686.815
686.008,686.814
686.007,686.814
686.006,686.814
686.005,686.813
686.010,686.815
686.006,686.814
686.003,686.813
686.008,686.814
686.007,686.814
686.006,686.814
686.005,686.813
686.004,686.813
686.003,686.813
686.003,686.813
686.002,686.812
685.999,686.811
685.996,686.811
686.002,686.812
686.007,686.814
686.014,686.816
686.012,686.816
686.011,686.815
686.009,686.815
686.008,686.814
686.007,686.814
686.014,686.816
686.010,686.815
686.014,686.816
686.010,686.815
686.006,686.814
686.005,686.813
686.004,686.813
686.003,686.813
686.003,686.813
686.002,686.812
686.001,686.812
685.998,686.811
685.998,686.811
686.004,686.813
686.008,686.814
686.005,686.813
686.010,686.815
686.748,687.046
688.457,687.582
690.066,688.087
690.669,688.276
690.690,688.282
691.887,688.658
693.246,689.084
693.486,689.159
694.399,689.446
694.446,689.460
694.491,689.474
694.469,689.468
694.402,689.447
694.372,689.437
694.323,689.422
694.280,689.408
695.590,689.819
697.041,690.274
697.114,690.297
697.196,690.323
697.282,690.350
697.353,690.372
697.323,690.363
697.266,690.345
697.235,690.335
696.634,690.146
696.417,690.079
696.330,690.051
696.208,690.013
695.609,689.825
695.520,689.797
695.010,689.637
694.880,689.596
694.792,689.569
694.759,689.559
694.757,689.558
694.771,689.562
694.706,689.542
694.117,689.357
693.964,689.309
693.812,689.262
693.265,689.090
693.092,689.036
692.948,688.991
692.415,688.823
692.284,688.783
692.199,688.756
692.122,688.732
692.021,688.700
691.396,688.504
691.265,688.463
691.164,688.431
691.081,688.405
690.996,688.378
690.922,688.355
690.426,688.200
690.381,688.186
690.395,688.190
690.388,688.188
690.360,688.179
690.340,688.173
690.312,688.164
690.279,688.154
690.252,688.145
690.220,688.135
690.173,688.120
690.133,688.108
690.090,688.094
690.043,688.080
690.003,688.067
689.958,688.053
689.919,688.041
689.410,687.881
689.407,687.880
689.435,687.889
689.405,687.880
689.369,687.868
689.345,687.861
689.314,687.851
689.278,687.840
689.238,687.827
689.205,687.817
689.165,687.804
689.114,687.788
688.617,687.633
688.615,687.632
688.614,687.631
688.613,687.631
688.613,687.631
688.613,687.631
688.613,687.631
688.613,687.631
688.601,687.628
688.592,687.625
688.578,687.620
688.566,687.616
688.552,687.612
688.540,687.608
688.524,687.603
688.519,687.602
688.520,687.602
688.512,687.600
688.508,687.598
688.494,687.594
688.483,687.591
688.463,687.584
688.448,687.579
688.431,687.574
688.408,687.567
688.381,687.559
688.358,687.551
688.336,687.544
688.309,687.536
688.284,687.528
688.262,687.521
688.242,687.515
688.223,687.509
688.204,687.503
688.187,687.497
688.171,687.493
688.149,687.486
688.139,687.483
688.128,687.479
688.118,687.476
688.101,687.471
688.085,687.466
688.071,687.461
688.061,687.458
688.052,687.455
688.041,687.452
688.031,687.449
688.022,687.446
688.014,687.443
688.009,687.442
688.002,687.440
687.996,687.438
687.993,687.437
687.988,687.435
687.983,687.434
687.979,687.432
687.969,687.429
687.966,687.428
687.955,687.425
687.954,687.424
687.947,687.422
687.938,687.419
687.930,687.417
687.922,687.415
687.924,687.415
687.925,687.415
687.921,687.414
687.922,687.415
687.916,687.412
687.912,687.411
687.915,687.412
687.911,687.411
687.914,687.412
687.908,687.410
687.897,687.407
687.893,687.405
687.889,687.404
687.886,687.403
687.882,687.402
687.874,687.400
687.872,687.399
687.870,687.398
687.863,687.396
687.854,687.393
687.854,687.393
687.854,687.393
687.846,687.391
687.846,687.391
687.839,687.388
687.832,687.386
687.829,687.385
687.831,687.386
687.833,687.387
687.827,687.385
687.821,687.383
687.819,687.382
687.814,687.381
687.810,687.379
687.806,687.378
687.805,687.378
687.801,687.377
687.806,687.378
687.802,687.377
687.799,687.376
687.799,687.376
687.796,687.375
687.793,687.374
687.799,687.376
687.807,687.378
687.811,687.380
687.810,687.379
687.814,687.381
687.812,687.380
687.816,687.381
687.814,687.381
687.818,687.382
687.813,687.380
687.817,687.381
687.820,687.383
687.823,687.383
687.826,687.384
687.828,687.385
687.831,687.386
687.835,687.387
687.837,687.388
687.838,687.388
687.832,687.386
687.828,687.385
687.823,687.383
687.817,687.382
687.821,687.383
687.810,687.379
687.806,687.378
687.795,687.375
687.787,687.372
687.785,687.372
687.775,687.368
687.777,687.369
687.768,687.366
687.760,687.364
687.761,687.364
687.754,687.362
687.755,687.362
687.751,687.361
687.744,687.359
687.739,687.357
687.733,687.355
687.729,687.354
687.724,687.353
687.720,687.351
687.720,687.351
687.716,687.350
687.713,687.349
687.710,687.348
687.708,687.347
687.708,687.347
687.706,687.347
687.704,687.346
687.704,687.346
687.702,687.346
687.701,687.345
687.699,687.345
687.700,687.345
687.698,687.344
687.697,687.344
687.698,687.344
687.697,687.344
687.696,687.344
687.687,687.341
687.681,687.339
687.681,687.339
687.681,687.339
687.682,687.339
687.682,687.339
687.682,687.339
687.682,687.339
687.682,687.339
687.685,687.340
687.685,687.340
687.685,687.340
687.685,687.340
687.684,687.340
687.684,687.340
687.684,687.340
687.684,687.340
687.684,687.340
687.684,687.340
687.684,687.340
687.679,687.338
687.682,687.339
687.682,687.339
687.682,687.339
687.677,687.338
687.677,687.338
687.678,687.338
687.678,687.338
687.674,687.337
687.674,687.337
687.675,687.337
687.668,687.335
687.664,687.334
687.669,687.335
687.670,687.336
687.671,687.336
687.665,687.334
687.666,687.334
687.660,687.332
687.654,687.331
687.649,687.329
687.644,687.327
687.640,687.326
687.628,687.322
687.625,687.321
687.623,687.321
687.620,687.320
687.618,687.319
687.611,687.317
687.605,687.315
687.607,687.316
687.609,687.316
687.602,687.314
687.605,687.315
687.607,687.316
687.598,687.313
687.598,687.313
687.598,687.313
687.590,687.310
687.583,687.308
687.585,687.309
687.586,687.309
687.582,687.308
687.584,687.308
687.585,687.309
687.578,687.307
687.572,687.305
687.575,687.306
687.569,687.304
687.564,687.302
687.559,687.301
687.555,687.299
687.546,687.297
687.551,687.298
687.547,687.297
687.536,687.294
687.526,687.290
687.525,687.290
687.519,687.288
687.518,687.288
687.510,687.285
687.502,687.283
687.495,687.281
687.497,687.281
687.491,687.279
687.485,687.277
687.480,687.276
687.475,687.274
687.479,687.276
687.474,687.274
687.473,687.274
687.469,687.272
687.465,687.271
687.462,687.270
687.461,687.270
687.458,687.269
687.456,687.268
687.453,687.268
687.451,687.267
687.444,687.265
687.442,687.264
687.441,687.264
687.440,687.263
687.434,687.261
687.434,687.261
687.433,687.261
687.433,687.261
687.433,687.261
687.435,687.262
687.435,687.262
687.434,687.262
687.434,687.261
687.433,687.261
687.433,687.261
687.433,687.261
687.433,687.261
687.432,687.261
687.432,687.261
687.432,687.261
687.432,687.261
687.432,687.261
687.431,687.261
687.431,687.261
687.431,687.261
687.431,687.261
687.431,687.261
687.431,687.261
687.431,687.260
687.431,687.260
687.431,687.260
687.425,687.259
687.426,687.259
687.426,687.259
687.427,687.259
687.427,687.259
687.427,687.259
687.427,687.259
687.430,687.260
687.430,687.260
687.430,687.260
687.430,687.260
687.430,687.260
687.391,687.248
687.394,687.249
687.398,687.250
687.396,687.249
687.391,687.248
687.395,687.249
687.390,687.248
687.386,687.246
687.382,687.245
687.386,687.247
687.383,687.245
687.379,687.244
687.384,687.246
687.380,687.245
687.377,687.244
687.374,687.243
687.371,687.242
687.369,687.241
687.375,687.243
687.372,687.242
687.369,687.241
687.367,687.241
687.365,687.240
687.363,687.239
687.362,687.239
687.285,687.215
687.291,687.216
687.288,687.216
687.288,687.216
687.293,687.217
687.290,687.216
687.288,687.216
687.285,687.215
687.291,687.217
687.296,687.218
687.301,687.220
687.297,687.219
687.294,687.217
687.291,687.216
687.296,687.218
687.292,687.217
687.289,687.216
687.289,687.216
687.295,687.218
687.300,687.219
687.296,687.218
687.301,687.220
687.292,687.217
687.289,687.216
687.286,687.215
687.284,687.214
687.282,687.214
687.280,687.213
687.273,687.211
687.271,687.211
687.271,687.210
687.270,687.210
687.269,687.210
687.268,687.209
687.267,687.209
687.267,687.209
687.266,687.209
687.266,687.209
687.265,687.209
687.268,687.209
687.267,687.209
687.266,687.209
687.266,687.209
687.266,687.209
687.265,687.209
687.265,687.208
687.264,687.208
687.264,687.208
687.264,687.208
687.264,687.208
687.263,687.208
687.263,687.208
687.263,687.208
687.263,687.208
687.263,687.208
687.263,687.208
687.263,687.208
687.262,687.208
687.262,687.208
687.262,687.208
687.254,687.205
687.255,687.205
687.255,687.205
687.256,687.206
687.256,687.206
687.257,687.206
687.257,687.206
687.258,687.206
687.258,687.206
687.250,687.204
687.251,687.204
687.252,687.204
687.245,687.202
687.239,687.200
687.233,687.198
687.236,687.199
687.238,687.200
687.232,687.198
687.235,687.199
687.237,687.200
687.232,687.198
687.234,687.199
687.237,687.200
687.231,687.198
687.226,687.196
687.229,687.197
687.224,687.196
687.220,687.194
687.216,687.193
687.212,687.192
687.217,687.193
687.221,687.195
687.225,687.196
687.228,687.197
687.232,687.198
687.234,687.199
687.229,687.197
687.224,687.196
687.219,687.194
687.223,687.195
687.219,687.194
687.215,687.193
687.211,687.192
687.216,687.193
687.212,687.192
687.217,687.193
687.221,687.195
687.225,687.196
687.229,687.197
687.232,687.198
687.226,687.196
687.230,687.197
687.233,687.198
687.235,687.199
687.230,687.197
687.233,687.198
687.228,687.197
687.223,687.195
687.226,687.196
687.230,687.197
687.233,687.198
687.227,687.197
687.223,687.195
687.218,687.194
687.214,687.193
687.211,687.191
687.208,687.190
687.205,687.190
687.210,687.191
687.207,687.190
687.204,687.189
687.209,687.191
687.206,687.190
687.203,687.189
687.209,687.191
687.214,687.192
687.210,687.191
687.207,687.190
687.204,687.189
687.202,687.189
687.207,687.190
687.213,687.192
687.209,687.191
687.206,687.190
687.203,687.189
687.201,687.188
687.199,687.188
687.196,687.187
687.195,687.186
687.193,687.186
687.191,687.185
687.182,687.182
687.190,687.185
687.188,687.184
687.187,687.184
687.186,687.184
687.185,687.183
687.185,687.183
687.184,687.183
687.191,687.185
687.190,687.185
687.189,687.185
687.195,687.187
687.194,687.186
687.192,687.186
687.191,687.185
687.189,687.185
687.196,687.187
687.194,687.186
687.193,687.186
687.191,687.185
687.190,687.185
687.189,687.185
687.188,687.184
687.186,687.184
