# Physical_Baseline=686.47pF, Trigger_Distance=11.8cm, Atten_Ratio=1.39
Raw_Capacitance(pF),Normalized_Capacitance(pF)
686.499,686.510
686.500,686.510
686.500,686.510
686.500,686.511
686.500,686.511
686.492,686.500
686.493,686.501
686.492,686.499
686.490,686.497
686.489,686.495
686.490,686.497
686.491,686.498
686.492,686.500
686.493,686.501
686.494,686.502
686.500,686.511
686.492,686.500
686.493,686.501
686.494,686.502
686.487,686.492
686.478,686.480
686.478,686.479
686.477,686.479
686.480,686.482
686.482,686.485
686.484,686.488
686.485,686.490
686.492,686.500
686.493,686.502
686.494,686.503
686.495,686.504
686.488,686.493
686.486,686.492
686.480,686.483
686.482,686.486
686.484,686.488
686.483,686.487
686.485,686.490
686.478,686.481
686.473,686.473
686.475,686.476
686.475,686.476
686.475,686.476
686.478,686.480
686.480,686.483
686.474,686.475
686.474,686.475
686.474,686.475
686.477,686.479
686.479,686.482
686.482,686.485
686.473,686.473
686.476,686.477
686.478,686.480
686.472,686.472
686.467,686.465
686.468,686.466
686.463,686.459
686.467,686.464
686.462,686.458
686.455,686.449
686.460,686.455
686.456,686.449
686.452,686.444
686.454,686.447
686.456,686.450
686.453,686.445
686.449,686.440
686.444,686.433
686.449,686.440
686.446,686.436
686.452,686.443
686.448,686.439
686.451,686.442
686.456,686.449
686.452,686.444
686.449,686.439
686.451,686.443
686.456,686.450
686.453,686.445
686.457,686.451
686.453,686.446
686.456,686.449
686.460,686.455
686.456,686.449
686.458,686.452
686.460,686.454
686.456,686.449
686.460,686.455
686.464,686.460
686.465,686.462
686.466,686.463
686.467,686.465
686.462,686.458
686.466,686.463
686.469,686.468
686.462,686.458
686.458,686.452
686.454,686.447
686.451,686.442
686.445,686.434
686.440,686.427
686.438,686.424
686.436,686.421
686.434,686.419
686.430,686.413
686.429,686.412
686.436,686.421
686.434,686.419
686.438,686.424
686.444,686.433
686.442,686.429
686.437,686.423
686.435,686.420
686.433,686.418
686.440,686.427
686.443,686.432
686.449,686.440
686.446,686.435
686.451,686.443
686.454,686.446
686.450,686.441
686.455,686.448
686.449,686.440
686.444,686.432
686.441,686.429
686.439,686.425
686.442,686.430
686.440,686.427
686.438,686.424
686.436,686.421
686.432,686.416
686.430,686.414
686.429,686.412
686.425,686.407
686.425,686.406
686.424,686.405
686.421,686.401
686.421,686.400
686.420,686.400
686.418,686.396
686.418,686.396
686.426,686.407
686.422,686.403
686.422,686.402
686.421,686.401
686.429,686.412
686.425,686.407
686.425,686.406
686.424,686.405
686.431,686.415
686.436,686.421
686.434,686.419
686.432,686.417
686.428,686.411
686.427,686.410
686.427,686.408
686.423,686.404
686.423,686.403
686.422,686.402
686.419,686.398
686.419,686.398
686.419,686.398
686.416,686.394
686.408,686.383
686.409,686.384
686.410,686.385
686.408,686.383
686.401,686.373
686.400,686.372
686.394,686.363
686.396,686.366
686.396,686.365
686.390,686.357
686.392,686.361
686.392,686.361
686.395,686.364
686.394,686.364
686.394,686.363
686.396,686.366
686.390,686.358
686.390,686.358
686.393,686.362
686.395,686.365
686.397,686.368
686.399,686.371
686.399,686.370
686.392,686.361
686.395,686.364
686.394,686.364
686.397,686.367
686.399,686.370
686.398,686.369
686.392,686.360
686.392,686.360
686.394,686.363
686.388,686.355
686.389,686.356
686.383,686.348
686.379,686.342
686.380,686.344
686.375,686.337
686.377,686.339
686.381,686.345
686.376,686.339
686.378,686.340
686.374,686.335
686.370,686.329
686.372,686.332
686.368,686.327
686.362,686.319
686.368,686.326
686.364,686.322
686.369,686.329
686.366,686.324
686.360,686.316
686.358,686.313
686.363,686.321
686.361,686.317
686.366,686.324
686.368,686.327
686.365,686.323
686.368,686.326
686.372,686.333
686.369,686.328
686.371,686.331
686.367,686.326
686.364,686.321
686.361,686.317
686.366,686.325
686.371,686.331
686.376,686.338
686.372,686.332
686.366,686.323
686.370,686.330
686.372,686.333
686.374,686.336
686.370,686.330
686.372,686.333
686.369,686.328
686.365,686.323
686.368,686.327
686.365,686.322
686.367,686.326
686.372,686.332
686.376,686.338
686.378,686.340
686.373,686.335
686.367,686.326
686.364,686.321
686.361,686.317
686.364,686.321
686.369,686.328
686.363,686.320
686.368,686.327
686.365,686.323
686.367,686.326
686.372,686.333
686.377,686.339
686.380,686.344
686.376,686.338
686.377,686.340
686.373,686.334
686.377,686.340
686.379,686.342
686.382,686.347
686.386,686.352
686.381,686.345
686.384,686.350
686.385,686.351
686.388,686.355
686.383,686.348
686.384,686.349
686.379,686.342
686.383,686.347
686.347,686.298
686.344,686.293
686.343,686.291
686.339,686.287
686.331,686.275
686.328,686.272
686.329,686.272
686.327,686.270
686.327,686.270
686.328,686.271
686.336,686.283
686.336,686.283
686.336,686.282
686.344,686.293
686.348,686.299
686.347,686.297
686.351,686.303
686.349,686.301
686.353,686.306
686.351,686.304
686.355,686.309
686.353,686.306
686.351,686.304
686.347,686.298
686.354,686.307
686.300,686.233
686.301,686.233
686.304,686.238
686.304,686.238
686.299,686.231
686.300,686.232
686.303,686.236
686.303,686.237
686.306,686.241
686.306,686.241
686.301,686.233
686.294,686.223
686.289,686.217
686.283,686.209
686.288,686.215
686.292,686.221
686.288,686.216
686.292,686.222
686.294,686.224
686.289,686.218
686.291,686.220
686.295,686.226
686.296,686.227
686.300,686.232
686.301,686.233
686.304,686.237
686.304,686.238
686.307,686.242
686.309,686.245
686.312,686.248
686.314,686.251
686.307,686.243
686.302,686.235
686.294,686.224
686.298,686.230
686.299,686.231
686.302,686.235
686.303,686.236
686.298,686.229
686.301,686.234
686.296,686.227
686.292,686.221
686.285,686.211
686.282,686.207
686.284,686.210
686.281,686.205
686.275,686.198
686.273,686.194
686.271,686.191
686.274,686.196
686.280,686.204
686.282,686.207
686.279,686.203
686.284,686.210
686.286,686.213
686.283,686.208
686.285,686.212
686.282,686.207
686.276,686.199
686.274,686.195
686.271,686.192
686.269,686.189
686.267,686.187
686.271,686.192
686.269,686.189
686.265,686.183
686.263,686.181
686.267,686.187
686.274,686.195
686.269,686.189
686.267,686.186
686.273,686.195
686.271,686.192
686.269,686.189
686.264,686.183
686.271,686.192
686.266,686.185
686.265,686.183
686.263,686.181
686.262,686.179
686.261,686.177
686.265,686.184
686.264,686.181
686.260,686.176
686.259,686.175
686.258,686.173
686.262,686.180
686.261,686.178
686.266,686.184
686.264,686.182
686.268,686.188
686.274,686.196
686.272,686.193
686.267,686.187
686.266,686.184
686.269,686.190
686.268,686.187
686.271,686.192
686.269,686.189
686.265,686.183
686.263,686.181
686.262,686.179
686.258,686.174
686.257,686.173
686.262,686.180
686.261,686.178
686.265,686.184
686.264,686.182
686.270,686.191
686.268,686.188
686.266,686.186
686.270,686.191
686.268,686.188
686.272,686.193
686.270,686.190
686.268,686.187
686.272,686.193
686.269,686.190
686.267,686.187
686.274,686.196
686.271,686.192
686.267,686.186
686.265,686.184
686.261,686.178
686.260,686.176
686.259,686.175
686.255,686.170
686.255,686.169
686.252,686.165
686.252,686.165
686.251,686.164
686.249,686.161
686.249,686.161
686.249,686.161
686.254,686.168
686.254,686.168
686.251,686.164
686.251,686.163
686.250,686.163
686.256,686.171
686.255,686.170
686.252,686.165
686.252,686.165
686.252,686.165
686.257,686.172
686.248,686.160
686.248,686.160
686.254,686.168
686.253,686.167
686.253,686.167
686.250,686.163
686.250,686.163
686.250,686.162
686.250,686.162
686.250,686.162
686.247,686.159
686.247,686.159
686.253,686.167
686.253,686.166
686.250,686.162
686.250,686.162
686.258,686.173
686.254,686.169
686.254,686.168
686.259,686.175
686.258,686.174
686.265,686.184
686.261,686.178
686.260,686.176
686.256,686.172
686.253,686.167
686.253,686.167
686.253,686.166
686.250,686.162
686.242,686.151
686.242,686.152
686.240,686.149
686.241,686.150
686.242,686.151
686.240,686.149
686.241,686.150
686.239,686.148
686.240,686.149
686.241,686.150
686.239,686.148
686.240,686.149
686.241,686.150
686.239,686.148
686.240,686.149
686.239,686.147
686.232,686.137
686.233,686.139
686.232,686.138
686.234,686.140
686.235,686.142
686.242,686.152
686.243,686.153
686.249,686.161
686.249,686.161
686.249,686.161
686.247,686.158
686.247,686.158
686.247,686.158
686.245,686.155
686.245,686.156
686.245,686.156
686.246,686.157
686.246,686.157
686.244,686.154
686.244,686.155
686.245,686.155
686.243,686.152
686.243,686.153
686.244,686.154
686.244,686.155
686.245,686.155
686.243,686.152
686.243,686.153
686.244,686.154
686.244,686.155
686.245,686.155
686.251,686.164
686.251,686.163
686.250,686.163
686.248,686.160
686.256,686.171
686.261,686.178
686.260,686.176
686.259,686.175
686.255,686.170
686.255,686.169
686.262,686.180
686.269,686.189
686.267,686.186
686.263,686.181
686.262,686.179
686.252,686.166
686.258,686.173
686.257,686.172
686.256,686.171
686.255,686.170
686.247,686.158
686.237,686.144
686.238,686.145
686.239,686.147
686.237,686.145
686.238,686.146
686.239,686.148
686.238,686.146
686.239,686.147
686.237,686.145
686.236,686.143
686.237,686.145
686.244,686.154
686.244,686.155
686.237,686.144
686.236,686.142
686.237,686.144
686.230,686.135
686.229,686.134
686.231,686.136
686.233,686.139
686.232,686.138
686.234,686.140
686.235,686.142
686.236,686.144
686.238,686.145
686.236,686.143
686.237,686.145
686.239,686.147
686.245,686.156
686.245,686.156
686.246,686.157
686.252,686.165
686.251,686.165
686.249,686.161
686.249,686.161
686.249,686.161
686.254,686.169
686.254,686.168
686.253,686.167
686.250,686.163
686.250,686.163
686.248,686.159
686.248,686.160
686.248,686.160
686.246,686.156
686.238,686.146
686.239,686.147
686.237,686.145
686.239,686.147
686.237,686.145
686.230,686.135
686.232,686.137
686.231,686.136
686.225,686.128
686.227,686.131
686.227,686.130
686.221,686.122
686.224,686.126
686.223,686.126
686.218,686.118
686.221,686.122
686.213,686.111
686.208,686.105
686.212,686.110
686.213,686.112
686.217,686.116
686.217,686.117
686.212,686.110
686.208,686.104
686.209,686.106
686.213,686.111
686.216,686.116
686.217,686.117
686.220,686.121
686.223,686.125
686.223,686.125
686.223,686.125
686.225,686.128
686.228,686.131
686.227,686.131
686.229,686.134
686.231,686.136
686.230,686.135
686.232,686.138
686.226,686.129
686.220,686.121
686.212,686.110
686.208,686.104
686.212,686.109
686.205,686.100
686.198,686.091
686.195,686.086
686.200,686.094
686.203,686.096
686.207,686.103
686.203,686.097
686.197,686.088
686.194,686.084
686.191,686.080
686.194,686.085
686.197,686.088
686.194,686.084
686.199,686.092
686.201,686.095
686.198,686.090
686.203,686.097
686.205,686.099
686.209,686.105
686.205,686.099
686.198,686.091
686.195,686.086
686.200,686.093
686.202,686.096
686.204,686.099
686.209,686.105
686.212,686.110
686.214,686.112
686.209,686.105
686.213,686.111
686.214,686.112
686.209,686.105
686.213,686.111
686.214,686.112
686.217,686.117
686.212,686.110
686.213,686.111
686.217,686.116
686.220,686.120
686.220,686.121
686.212,686.110
686.208,686.104
686.204,686.098
686.206,686.101
686.202,686.095
686.206,686.101
686.200,686.093
686.202,686.096
686.198,686.091
686.195,686.086
686.198,686.090
686.203,686.097
686.207,686.103
686.209,686.105
686.212,686.110
686.208,686.104
686.204,686.098
686.206,686.101
686.210,686.107
686.214,686.112
686.214,686.113
686.210,686.107
686.205,686.101
686.202,686.095
686.204,686.098
686.200,686.093
686.197,686.088
686.199,686.092
686.196,686.087
686.201,686.094
686.203,686.097
686.205,686.100
686.209,686.106
686.202,686.096
686.196,686.088
686.193,686.084
686.191,686.080
686.194,686.084
686.191,686.081
686.189,686.077
686.192,686.082
686.187,686.075
686.185,686.072
686.191,686.080
686.194,686.084
686.199,686.092
686.196,686.087
686.198,686.091
686.195,686.086
686.200,686.093
686.202,686.096
686.196,686.088
686.201,686.095
686.198,686.090
686.192,686.082
686.190,686.079
686.187,686.075
686.193,686.083
686.196,686.087
686.201,686.094
686.198,686.090
686.192,686.082
686.195,686.086
686.192,686.082
686.189,686.078
686.193,686.083
686.198,686.090
686.203,686.097
686.197,686.088
686.191,686.081
686.189,686.077
686.186,686.074
686.182,686.068
686.178,686.062
686.177,686.060
686.184,686.070
686.179,686.064
686.186,686.073
686.184,686.071
686.173,686.055
686.172,686.054
686.169,686.050
686.174,686.057
686.181,686.067
686.188,686.076
686.183,686.069
686.179,686.063
686.169,686.050
686.177,686.061
686.176,686.059
686.172,686.054
686.169,686.050
686.169,686.049
686.168,686.049
686.168,686.048
686.165,686.045
686.163,686.041
686.163,686.041
686.155,686.030
686.164,686.043
686.162,686.039
686.162,686.040
686.154,686.029
686.155,686.031
686.164,686.042
686.164,686.042
686.164,686.043
686.164,686.043
686.161,686.039
686.159,686.036
686.157,686.034
686.158,686.035
686.159,686.035
686.157,686.033
686.155,686.030
686.154,686.028
686.163,686.041
686.163,686.041
686.163,686.041
686.161,686.038
686.159,686.035
686.157,686.033
686.149,686.023
686.151,686.025
686.160,686.038
686.153,686.027
686.151,686.025
686.150,686.024
686.152,686.026
686.123,685.986
686.127,685.992
686.131,685.997
686.134,686.001
686.143,686.013
686.142,686.013
686.144,686.015
686.146,686.018
686.148,686.021
686.147,686.019
686.146,686.018
686.146,686.017
686.148,686.020
686.149,686.022
686.148,686.021
686.147,686.020
686.147,686.019
686.148,686.021
686.142,686.012
686.142,686.012
686.141,686.011
686.141,686.011
686.135,686.003
686.130,685.996
686.133,686.000
686.128,685.993
686.129,685.994
686.130,685.996
686.125,685.989
686.121,685.983
686.117,685.978
686.122,685.984
686.123,685.986
686.125,685.988
686.129,685.994
686.132,685.998
686.127,685.992
686.123,685.985
686.132,685.999
686.133,685.999
686.128,685.992
686.131,685.997
686.135,686.002
686.135,686.002
686.135,686.003
686.136,686.003
686.138,686.007
686.141,686.011
686.135,686.003
686.138,686.007
686.138,686.007
686.138,686.007
686.133,685.999
686.136,686.003
686.138,686.007
686.138,686.007
686.139,686.007
686.139,686.008
686.133,686.000
686.136,686.004
686.131,685.997
686.134,686.001
686.126,685.991
686.128,685.992
686.129,685.994
686.132,685.998
686.127,685.992
686.131,685.997
686.132,685.998
686.132,685.999
686.133,686.000
686.136,686.004
686.131,685.996
686.134,686.001
686.129,685.994
686.122,685.984
686.115,685.975
686.118,685.978
686.122,685.984
686.118,685.979
686.123,685.985
686.116,685.976
686.118,685.979
686.120,685.982
686.122,685.984
686.126,685.990
686.130,685.995
686.125,685.989
686.126,685.991
686.120,685.981
686.124,685.987
686.128,685.992
686.131,685.997
686.126,685.991
686.128,685.992
686.129,685.994
686.132,685.998
686.127,685.992
686.123,685.985
686.124,685.988
686.126,685.989
686.127,685.991
686.122,685.985
686.127,685.991
686.130,685.996
686.133,686.000
686.134,686.001
686.134,686.002
686.137,686.006
686.140,686.009
686.142,686.013
686.136,686.004
686.129,685.994
686.122,685.984
686.115,685.975
686.120,685.982
686.124,685.988
686.128,685.993
686.124,685.987
686.125,685.989
686.126,685.990
686.120,685.981
686.113,685.972
686.110,685.968
686.107,685.964
686.105,685.960
686.102,685.957
686.100,685.954
686.098,685.951
686.102,685.957
686.098,685.951
686.102,685.956
686.105,685.961
686.108,685.965
686.114,685.973
686.119,685.980
686.115,685.975
686.117,685.978
686.111,685.969
686.114,685.973
686.116,685.976
686.110,685.968
686.116,685.975
686.112,685.971
686.117,685.978
686.114,685.973
686.111,685.968
686.108,685.964
686.103,685.957
686.106,685.962
686.109,685.967
686.112,685.970
686.109,685.966
686.106,685.962
686.104,685.959
686.102,685.956
686.099,685.953
686.095,685.947
686.099,685.953
686.103,685.958
686.107,685.963
686.112,685.971
686.117,685.978
686.122,685.984
686.118,685.978
686.120,685.981
686.122,685.984
686.115,685.975
686.120,685.981
686.124,685.987
686.128,685.993
686.121,685.983
686.123,685.985
686.124,685.988
686.128,685.993
686.124,685.987
686.119,685.981
686.124,685.987
686.125,685.989
686.127,685.991
686.128,685.992
686.123,685.986
686.119,685.980
686.123,685.986
686.119,685.981
686.113,685.972
686.116,685.975
686.110,685.967
686.115,685.975
686.120,685.981
686.116,685.976
686.113,685.971
686.107,685.964
686.110,685.968
686.105,685.961
686.108,685.965
686.105,685.961
686.103,685.958
686.109,685.966
686.114,685.974
686.119,685.980
686.113,685.972
686.115,685.975
686.118,685.978
686.122,685.985
686.118,685.979
686.115,685.974
686.111,685.970
686.116,685.977
686.111,685.968
686.105,685.961
686.100,685.954
686.104,685.959
686.107,685.964
686.105,685.960
686.102,685.957
686.100,685.954
686.098,685.952
686.097,685.949
686.095,685.947
686.099,685.953
686.103,685.958
686.107,685.963
686.112,685.971
686.109,685.966
686.106,685.962
686.104,685.959
686.102,685.956
686.099,685.953
686.103,685.958
686.107,685.963
686.110,685.967
686.107,685.963
686.112,685.971
686.109,685.967
686.107,685.963
686.104,685.959
686.110,685.967
686.115,685.975
686.112,685.970
686.106,685.963
686.101,685.956
686.097,685.950
686.101,685.955
686.105,685.960
686.100,685.953
686.104,685.959
686.099,685.952
686.097,685.950
686.096,685.948
686.094,685.945
686.093,685.944
686.100,685.953
686.106,685.962
686.103,685.958
686.099,685.952
686.103,685.957
686.098,685.951
686.094,685.945
686.090,685.940
686.095,685.946
686.091,685.941
686.088,685.936
686.087,685.935
686.086,685.935
686.086,685.934
686.085,685.933
686.085,685.932
686.084,685.932
686.084,685.931
686.076,685.920
686.076,685.920
686.074,685.918
686.080,685.926
686.078,685.923
686.083,685.931
686.089,685.938
686.088,685.937
686.087,685.936
686.079,685.924
686.087,685.935
686.086,685.934
686.086,685.934
686.091,685.941
686.087,685.936
686.092,685.943
686.097,685.949
686.093,685.944
686.089,685.938
686.088,685.937
686.087,685.936
686.087,685.935
686.086,685.934
686.078,685.923
686.078,685.923
686.078,685.923
686.078,685.923
686.084,685.932
686.081,685.928
686.087,685.935
686.084,685.931
686.083,685.931
686.083,685.930
686.083,685.930
686.083,685.929
686.082,685.929
686.082,685.929
686.074,685.918
686.075,685.918
686.075,685.919
686.076,685.920
686.076,685.920
686.076,685.921
686.077,685.921
686.075,685.919
686.073,685.916
686.079,685.925
686.085,685.933
686.090,685.940
686.087,685.935
686.083,685.931
686.083,685.930
686.083,685.930
686.083,685.930
686.074,685.918
686.075,685.919
686.075,685.920
686.068,685.909
686.069,685.911
686.070,685.912
686.071,685.914
686.064,685.904
686.065,685.906
686.067,685.908
686.068,685.909
686.069,685.911
686.070,685.912
686.077,685.922
686.083,685.930
686.080,685.926
686.078,685.923
686.076,685.920
686.074,685.917
686.072,685.914
686.070,685.912
686.077,685.921
686.075,685.918
686.075,685.919
686.076,685.920
686.068,685.909
686.069,685.911
686.070,685.912
686.071,685.914
686.072,685.915
686.065,685.905
686.066,685.907
686.068,685.909
686.061,685.899
686.063,685.902
686.064,685.904
686.066,685.906
686.065,685.905
686.066,685.907
686.065,685.905
686.064,685.904
686.063,685.903
686.062,685.901
686.062,685.900
686.061,685.899
686.060,685.899
686.060,685.898
686.059,685.897
686.059,685.897
686.067,685.907
686.073,685.917
686.072,685.914
686.062,685.901
686.069,685.911
686.068,685.909
686.067,685.907
686.066,685.906
686.065,685.904
686.064,685.903
686.063,685.902
686.054,685.890
686.054,685.890
686.054,685.890
686.054,685.890
686.054,685.890
686.054,685.890
686.054,685.890
686.054,685.890
686.054,685.890
686.049,685.882
686.052,685.887
686.047,685.879
686.050,685.884
686.053,685.888
686.047,685.880
686.050,685.885
686.045,685.877
686.041,685.871
686.044,685.876
686.048,685.881
686.051,685.885
686.046,685.878
686.041,685.871
686.045,685.877
686.048,685.881
686.051,685.886
686.054,685.889
686.056,685.893
686.051,685.885
686.053,685.889
686.056,685.892
686.058,685.896
686.060,685.899
686.054,685.890
686.049,685.882
686.044,685.875
686.047,685.880
686.050,685.885
686.053,685.889
686.056,685.892
686.058,685.895
686.043,685.874
686.039,685.868
686.043,685.874
686.038,685.868
686.034,685.862
686.038,685.868
686.042,685.874
686.046,685.879
686.041,685.872
686.043,685.874
686.044,685.875
686.047,685.880
686.050,685.885
686.045,685.877
686.049,685.882
686.044,685.875
686.047,685.880
686.048,685.881
686.040,685.871
686.042,685.873
686.043,685.874
686.044,685.876
686.045,685.877
686.046,685.879
686.047,685.880
686.026,685.850
686.031,685.857
686.027,685.853
686.024,685.848
686.022,685.845
686.019,685.841
686.017,685.838
686.023,685.847
686.021,685.843
686.018,685.840
686.016,685.837
686.012,685.831
686.016,685.837
686.012,685.831
686.016,685.836
686.019,685.841
686.015,685.835
686.021,685.844
686.027,685.851
686.024,685.847
686.021,685.844
686.027,685.852
686.024,685.847
686.021,685.844
686.019,685.841
686.010,685.828
686.014,685.834
686.018,685.839
686.021,685.844
686.025,685.849
686.022,685.845
686.019,685.842
686.017,685.838
686.015,685.836
686.013,685.833
686.012,685.831
686.018,685.840
686.014,685.834
686.010,685.828
686.006,685.823
686.003,685.818
686.002,685.817
686.001,685.816
686.001,685.816
686.000,685.815
686.000,685.814
686.008,685.825
686.006,685.824
686.003,685.819
686.008,685.826
686.004,685.821
686.009,685.827
686.005,685.822
686.002,685.818
685.999,685.813
685.996,685.810
686.004,685.821
686.004,685.820
686.003,685.819
686.002,685.818
685.999,685.813
685.997,685.810
685.994,685.806
685.992,685.803
685.990,685.800
685.990,685.801
685.991,685.802
685.991,685.803
685.984,685.792
685.983,685.790
685.981,685.789
685.980,685.787
685.987,685.797
685.986,685.795
685.987,685.796
685.988,685.797
685.997,685.810
685.996,685.810
686.004,685.821
686.004,685.820
686.003,685.819
686.000,685.814
686.005,685.822
686.002,685.817
685.999,685.813
685.999,685.812
685.998,685.812
685.998,685.812
685.998,685.812
685.998,685.811
685.997,685.811
685.997,685.811
685.997,685.811
685.995,685.807
685.992,685.804
685.990,685.801
685.991,685.802
685.991,685.802
685.992,685.803
685.992,685.804
685.993,685.804
685.990,685.801
685.989,685.799
685.987,685.796
685.985,685.794
685.986,685.796
685.987,685.797
685.988,685.798
685.989,685.799
685.990,685.800
685.988,685.797
685.986,685.795
685.985,685.793
685.983,685.791
685.984,685.793
685.986,685.794
685.987,685.796
685.987,685.797
685.996,685.809
685.996,685.809
685.996,685.809
685.996,685.809
686.002,685.817
686.007,685.824
686.011,685.830
686.008,685.825
686.004,685.820
686.001,685.816
685.998,685.812
685.995,685.808
685.995,685.808
685.995,685.808
685.995,685.808
685.996,685.808
685.996,685.808
686.004,685.820
686.000,685.815
685.998,685.811
685.995,685.808
685.993,685.804
685.991,685.801
685.997,685.810
685.997,685.810
685.997,685.810
685.989,685.799
685.989,685.800
685.998,685.812
685.995,685.808
685.993,685.805
685.999,685.813
685.999,685.812
686.006,685.823
686.005,685.822
686.004,685.821
686.004,685.820
686.000,685.815
685.998,685.811
685.995,685.808
685.993,685.804
685.993,685.805
685.993,685.805
685.994,685.806
685.994,685.806
685.992,685.803
685.990,685.800
685.988,685.798
685.986,685.795
685.987,685.796
685.980,685.787
685.981,685.789
685.991,685.802
685.991,685.802
685.989,685.800
685.996,685.808
685.993,685.805
685.999,685.813
686.004,685.821
686.004,685.820
686.003,685.818
686.002,685.818
686.002,685.817
686.001,685.816
685.998,685.812
685.996,685.808
685.993,685.805
685.991,685.802
685.992,685.803
685.992,685.803
685.992,685.804
685.993,685.804
685.991,685.801
685.989,685.799
685.989,685.800
685.990,685.801
685.991,685.801
685.989,685.799
685.987,685.796
685.985,685.794
685.986,685.796
685.987,685.797
685.988,685.798
685.989,685.799
685.987,685.797
685.986,685.794
685.984,685.792
685.977,685.783
685.979,685.785
685.981,685.787
685.980,685.786
685.979,685.785
685.970,685.773
685.964,685.765
685.967,685.769
685.970,685.773
685.973,685.776
685.980,685.787
685.979,685.786
685.987,685.796
685.985,685.794
685.986,685.795
685.979,685.785
685.981,685.788
685.990,685.801
685.988,685.798
685.987,685.796
685.985,685.794
685.984,685.792
685.977,685.782
685.979,685.785
685.980,685.787
685.979,685.786
685.979,685.785
685.972,685.776
685.974,685.779
685.968,685.771
685.971,685.774
685.971,685.774
685.963,685.763
685.966,685.767
685.969,685.771
685.964,685.764
685.967,685.768
685.969,685.772
685.978,685.783
685.985,685.793
685.984,685.792
685.985,685.793
685.978,685.783
685.979,685.786
685.981,685.788
685.980,685.787
685.979,685.785
685.978,685.784
685.980,685.787
685.982,685.789
685.975,685.779
685.977,685.782
685.976,685.781
685.976,685.781
685.975,685.780
685.977,685.783
685.979,685.785
685.978,685.784
685.969,685.772
685.962,685.761
685.957,685.754
685.961,685.760
685.961,685.761
685.962,685.762
685.955,685.752
685.951,685.746
685.947,685.741
685.949,685.744
685.951,685.747
685.956,685.753
685.952,685.747
685.953,685.750
685.947,685.741
685.941,685.733
685.946,685.740
685.951,685.747
685.953,685.749
685.955,685.751
685.948,685.742
685.945,685.738
685.942,685.733
685.944,685.737
685.947,685.740
685.943,685.736
685.940,685.732
685.938,685.728
685.941,685.732
685.944,685.736
685.946,685.740
685.949,685.743
685.945,685.738
685.950,685.745
685.946,685.740
685.949,685.743
685.951,685.746
685.953,685.748
685.954,685.751
685.958,685.756
685.954,685.750
685.950,685.745
685.952,685.747
685.946,685.739
685.942,685.734
685.939,685.730
685.937,685.726
685.940,685.731
685.943,685.735
685.946,685.739
685.942,685.734
685.947,685.741
685.942,685.733
685.936,685.726
685.934,685.723
685.932,685.720
685.928,685.714
685.932,685.719
685.930,685.717
685.928,685.714
685.927,685.712
685.931,685.718
685.935,685.723
685.938,685.728
685.943,685.736
685.940,685.732
685.943,685.736
685.946,685.739
685.948,685.742
685.945,685.738
685.950,685.744
685.946,685.739
685.943,685.735
685.945,685.739
685.948,685.742
685.950,685.745
685.946,685.740
685.951,685.746
685.947,685.741
685.941,685.733
685.944,685.737
685.939,685.729
685.936,685.726
685.934,685.722
685.929,685.716
685.933,685.722
685.937,685.726
685.934,685.723
685.932,685.720
685.938,685.729
685.936,685.725
685.931,685.719
685.935,685.724
685.941,685.732
685.938,685.728
685.941,685.732
685.944,685.736
685.941,685.732
685.938,685.728
685.936,685.725
685.939,685.729
685.934,685.722
685.940,685.731
685.945,685.738
685.942,685.734
685.945,685.738
685.947,685.741
685.944,685.736
685.949,685.743
685.945,685.738
685.948,685.742
685.950,685.745
685.946,685.740
685.943,685.735
685.948,685.742
685.950,685.745
685.952,685.748
685.954,685.750
685.950,685.745
685.954,685.751
685.958,685.756
685.959,685.758
685.960,685.759
685.961,685.761
685.965,685.765
685.960,685.758
685.963,685.763
685.964,685.764
685.964,685.765
685.959,685.758
685.963,685.763
685.964,685.764
685.964,685.765
685.965,685.766
685.968,685.770
685.971,685.774
685.973,685.777
685.973,685.777
685.973,685.776
685.967,685.768
685.962,685.761
685.965,685.766
685.965,685.766
685.966,685.767
685.969,685.771
685.971,685.775
685.966,685.767
685.961,685.760
685.961,685.761
685.954,685.751
685.950,685.745
685.947,685.740
685.949,685.743
685.943,685.735
685.948,685.742
685.953,685.749
685.949,685.743
685.951,685.746
685.953,685.749
685.957,685.754
685.953,685.748
685.949,685.743
685.945,685.738
685.948,685.741
685.950,685.745
685.944,685.736
685.949,685.743
685.945,685.738
685.940,685.730
685.935,685.723
685.932,685.720
685.930,685.718
685.934,685.723
685.938,685.728
685.935,685.724
685.933,685.721
685.929,685.715
685.933,685.721
685.928,685.714
685.927,685.712
685.925,685.710
685.930,685.716
685.933,685.722
685.931,685.719
685.938,685.727
685.941,685.732
685.944,685.736
685.940,685.732
685.938,685.728
685.941,685.732
685.936,685.725
685.939,685.730
685.936,685.726
685.934,685.723
685.930,685.716
685.933,685.722
685.931,685.719
685.930,685.716
685.928,685.714
685.932,685.720
685.928,685.714
685.926,685.711
685.933,685.721
685.928,685.715
685.932,685.720
685.930,685.718
685.929,685.715
685.933,685.721
685.936,685.726
685.934,685.722
685.940,685.731
685.943,685.735
685.945,685.738
685.950,685.745
685.946,685.740
685.943,685.735
685.938,685.728
685.935,685.724
685.933,685.721
685.929,685.715
685.925,685.709
685.921,685.704
685.920,685.703
685.919,685.702
685.927,685.712
685.931,685.718
685.927,685.712
685.931,685.718
685.937,685.727
685.935,685.723
685.938,685.728
685.933,685.721
685.939,685.730
685.937,685.726
685.932,685.719
685.935,685.725
685.931,685.718
685.919,685.701
685.924,685.708
685.922,685.706
685.927,685.713
685.923,685.708
685.922,685.706
685.929,685.716
685.925,685.710
685.929,685.716
685.928,685.714
685.926,685.712
685.925,685.710
685.921,685.705
685.920,685.703
685.919,685.702
685.919,685.701
685.924,685.708
685.928,685.714
685.927,685.712
685.925,685.710
685.922,685.705
685.926,685.712
685.925,685.710
685.924,685.708
685.920,685.703
685.917,685.699
685.916,685.698
685.916,685.697
685.913,685.693
685.913,685.693
685.913,685.693
685.918,685.701
685.915,685.696
685.923,685.707
685.922,685.706
685.919,685.701
685.923,685.708
685.922,685.706
685.921,685.705
685.918,685.700
685.925,685.711
685.924,685.709
685.923,685.707
685.927,685.714
685.926,685.711
685.925,685.710
685.923,685.708
685.920,685.703
685.911,685.691
685.911,685.691
685.927,685.713
685.926,685.711
685.930,685.717
685.926,685.711
685.924,685.709
685.923,685.707
685.920,685.703
685.919,685.702
685.918,685.701
685.923,685.708
685.920,685.703
685.917,685.698
685.924,685.709
685.923,685.707
685.927,685.714
685.924,685.708
685.922,685.707
685.921,685.705
685.918,685.700
685.923,685.707
685.922,685.706
685.927,685.712
685.923,685.707
685.922,685.706
685.921,685.704
685.918,685.700
685.915,685.696
685.914,685.695
685.920,685.703
685.917,685.698
685.908,685.687
685.908,685.687
685.914,685.695
685.912,685.692
685.912,685.692
685.912,685.692
685.909,685.688
685.910,685.689
685.910,685.689
685.916,685.697
685.913,685.693
685.913,685.693
685.910,685.689
685.908,685.686
685.906,685.684
685.906,685.684
685.907,685.685
685.905,685.682
685.903,685.680
685.904,685.681
685.905,685.682
685.903,685.679
685.909,685.688
685.910,685.689
685.910,685.689
685.908,685.686
685.906,685.683
685.906,685.684
685.907,685.685
685.905,685.682
685.903,685.680
685.904,685.681
685.910,685.690
685.908,685.686
685.908,685.687
685.909,685.687
685.915,685.696
685.912,685.692
685.904,685.681
685.902,685.678
685.901,685.676
685.902,685.678
685.900,685.676
685.899,685.674
685.892,685.664
685.886,685.656
685.886,685.656
685.894,685.667
685.888,685.658
685.888,685.658
685.888,685.658
685.890,685.661
685.890,685.661
685.889,685.660
685.891,685.663
685.893,685.666
685.893,685.665
685.892,685.664
685.894,685.667
685.896,685.669
685.895,685.668
685.894,685.667
685.904,685.680
685.902,685.678
685.901,685.676
685.902,685.678
685.903,685.679
685.901,685.677
685.900,685.675
685.901,685.676
685.899,685.675
685.898,685.673
685.900,685.675
685.901,685.676
685.899,685.674
685.901,685.676
685.902,685.678
685.900,685.675
685.907,685.685
685.907,685.685
685.905,685.683
685.904,685.680
685.904,685.681
685.903,685.679
685.901,685.677
685.902,685.678
685.895,685.668
685.897,685.671
685.896,685.669
685.897,685.671
685.899,685.673
685.897,685.672
685.904,685.681
685.905,685.682
685.906,685.683
685.904,685.681
685.905,685.682
685.897,685.671
685.896,685.670
685.898,685.672
685.899,685.674
685.898,685.672
685.897,685.671
685.898,685.673
685.899,685.674
685.898,685.673
685.899,685.675
685.901,685.676
685.899,685.674
685.898,685.673
685.899,685.674
685.898,685.673
685.897,685.671
685.898,685.673
685.900,685.675
685.906,685.684
685.913,685.693
685.912,685.693
685.920,685.704
685.925,685.710
685.922,685.705
685.921,685.704
685.917,685.699
685.914,685.695
685.906,685.684
685.904,685.681
685.903,685.679
685.895,685.669
685.895,685.668
685.894,685.667
685.895,685.669
685.895,685.668
685.894,685.667
685.887,685.658
685.895,685.669
685.895,685.668
685.896,685.670
685.898,685.672
685.897,685.671
685.898,685.673
685.897,685.671
685.896,685.670
685.889,685.661
685.889,685.660
685.897,685.671
685.898,685.673
685.892,685.663
685.891,685.663
685.885,685.654
685.885,685.655
685.885,685.655
685.888,685.658
685.888,685.658
685.888,685.658
685.890,685.661
685.892,685.664
685.891,685.663
685.883,685.651
685.886,685.655
685.886,685.655
685.886,685.655
685.880,685.648
685.883,685.652
685.884,685.652
685.878,685.645
685.879,685.646
685.880,685.647
685.875,685.640
685.876,685.642
685.877,685.643
685.872,685.636
685.868,685.631
685.862,685.622
685.858,685.617
685.855,685.613
685.858,685.617
685.855,685.613
685.858,685.617
685.861,685.621
685.866,685.628
685.862,685.623
685.865,685.626
685.869,685.632
685.865,685.627
685.867,685.629
685.869,685.632
685.873,685.638
685.877,685.643
685.886,685.655
685.888,685.659
685.890,685.662
685.890,685.661
685.884,685.653
685.887,685.657
685.887,685.657
685.887,685.657
685.889,685.660
685.889,685.660
685.889,685.659
685.883,685.651
685.883,685.652
685.886,685.656
685.888,685.659
685.896,685.670
685.895,685.669
685.897,685.671
685.898,685.673
685.897,685.671
685.896,685.670
685.898,685.672
685.891,685.663
685.890,685.662
685.892,685.665
685.886,685.656
685.886,685.656
685.886,685.656
685.889,685.660
685.888,685.659
685.891,685.662
685.893,685.665
685.892,685.664
685.892,685.663
685.885,685.655
685.886,685.655
685.886,685.655
685.888,685.659
685.896,685.670
685.895,685.668
685.897,685.671
685.898,685.673
685.897,685.671
685.890,685.662
685.892,685.665
685.892,685.664
685.894,685.666
685.895,685.669
685.895,685.668
685.888,685.659
685.882,685.651
685.883,685.651
685.877,685.644
685.878,685.645
685.879,685.646
685.882,685.650
685.883,685.651
685.875,685.640
685.870,685.634
685.872,685.636
685.865,685.627
685.870,685.633
685.871,685.635
685.875,685.641
685.871,685.634
685.872,685.636
685.868,685.631
685.862,685.622
685.856,685.614
685.853,685.610
685.856,685.615
685.859,685.619
685.864,685.625
685.858,685.617
685.855,685.613
685.858,685.617
685.853,685.610
685.859,685.618
685.861,685.621
685.864,685.625
685.860,685.620
685.855,685.612
685.858,685.616
685.855,685.612
685.858,685.617
685.861,685.620
685.857,685.616
685.852,685.609
685.855,685.613
685.853,685.609
685.848,685.603
685.852,685.608
685.849,685.605
685.853,685.610
685.856,685.614
685.853,685.610
685.856,685.615
685.851,685.607
685.857,685.615
685.852,685.608
685.850,685.605
685.853,685.610
685.848,685.603
685.854,685.612
685.849,685.605
685.845,685.599
685.843,685.596
685.839,685.591
685.836,685.586
685.843,685.596
685.847,685.602
685.851,685.607
685.857,685.615
685.859,685.619
685.862,685.622
685.859,685.618
685.861,685.621
685.864,685.625
685.868,685.631
685.872,685.637
685.874,685.639
685.877,685.644
685.878,685.645
685.879,685.646
685.874,685.639
685.867,685.630
685.869,685.632
685.865,685.627
685.862,685.622
685.864,685.625
685.868,685.631
685.873,685.637
685.874,685.639
685.869,685.633
685.873,685.638
685.875,685.640
685.870,685.634
685.866,685.628
685.860,685.620
685.857,685.615
685.862,685.623
685.864,685.626
685.869,685.632
685.871,685.634
685.872,685.636
685.876,685.642
685.869,685.632
685.871,685.634
685.874,685.640
685.878,685.645
685.879,685.646
685.882,685.650
685.882,685.651
685.883,685.651
685.877,685.644
685.878,685.645
685.879,685.646
685.874,685.639
685.875,685.641
685.879,685.646
685.874,685.639
685.875,685.641
685.871,685.634
685.872,685.636
685.876,685.642
685.871,685.635
685.873,685.637
685.868,685.631
685.873,685.637
685.874,685.639
685.869,685.633
685.871,685.635
685.867,685.629
685.863,685.624
685.857,685.616
685.854,685.612
685.850,685.605
685.847,685.602
685.846,685.599
685.841,685.594
685.848,685.603
685.852,685.608
685.847,685.602
685.853,685.610
685.848,685.603
685.844,685.597
685.842,685.595
685.839,685.590
685.837,685.588
685.834,685.584
685.839,685.590
685.838,685.589
685.835,685.584
685.834,685.583
685.841,685.594
685.846,685.599
685.844,685.597
685.840,685.592
685.844,685.598
685.843,685.595
685.847,685.601
685.843,685.595
685.841,685.593
685.845,685.599
685.852,685.608
685.849,685.605
685.853,685.610
685.851,685.606
685.854,685.611
685.857,685.615
685.854,685.612
685.857,685.616
685.854,685.612
685.857,685.616
685.860,685.620
685.857,685.616
685.860,685.619
685.865,685.626
685.867,685.629
685.871,685.635
685.875,685.641
685.876,685.642
685.880,685.647
685.872,685.637
685.866,685.627
685.870,685.633
685.872,685.636
685.873,685.638
685.877,685.643
685.878,685.644
685.873,685.637
685.868,685.631
685.820,685.564
685.821,685.565
685.819,685.562
685.820,685.563
685.826,685.572
685.824,685.569
685.824,685.570
685.822,685.567
685.815,685.556
685.813,685.555
685.815,685.556
685.822,685.566
685.822,685.567
685.823,685.567
685.821,685.565
685.821,685.566
685.819,685.563
685.820,685.564
685.818,685.562
685.817,685.560
685.818,685.561
685.824,685.570
685.825,685.570
685.831,685.579
685.830,685.578
685.825,685.571
685.826,685.572
685.823,685.569
685.824,685.569
685.830,685.577
685.827,685.574
685.827,685.574
685.825,685.570
685.825,685.571
685.831,685.579
685.836,685.586
685.835,685.585
685.832,685.581
685.832,685.580
685.831,685.580
685.828,685.576
685.828,685.576
685.826,685.572
685.826,685.572
685.832,685.580
685.831,685.580
685.839,685.590
685.843,685.597
685.850,685.606
685.853,685.610
685.834,685.583
685.839,685.590
685.838,685.588
685.842,685.595
685.849,685.604
685.852,685.609
685.848,685.602
685.846,685.600
685.850,685.605
685.847,685.602
685.851,685.607
685.849,685.604
685.847,685.601
685.851,685.607
685.856,685.615
685.851,685.607
685.849,685.604
685.845,685.598
685.841,685.593
685.839,685.591
685.836,685.586
685.827,685.573
685.833,685.581
685.832,685.581
685.829,685.577
685.835,685.584
685.834,685.583
685.831,685.579
685.831,685.579
685.828,685.575
685.826,685.572
685.826,685.572
685.823,685.569
685.824,685.569
685.830,685.577
685.827,685.574
685.827,685.574
685.825,685.571
685.817,685.560
685.824,685.569
685.822,685.566
685.814,685.556
685.813,685.554
685.814,685.556
685.813,685.554
685.815,685.556
685.813,685.555
685.812,685.553
685.814,685.555
685.821,685.565
685.821,685.566
685.827,685.574
685.825,685.571
685.825,685.571
685.823,685.568
685.824,685.569
685.822,685.566
685.822,685.567
685.820,685.564
685.818,685.562
685.819,685.563
685.818,685.561
685.819,685.562
685.825,685.571
685.825,685.571
685.823,685.568
685.829,685.577
685.829,685.576
685.826,685.573
685.826,685.573
685.824,685.570
685.822,685.567
685.823,685.567
685.829,685.576
685.829,685.576
685.826,685.572
685.826,685.572
685.826,685.573
685.824,685.569
685.824,685.570
685.822,685.567
685.823,685.568
685.821,685.565
685.821,685.566
685.822,685.567
685.820,685.564
685.821,685.565
685.819,685.562
685.820,685.564
685.826,685.572
685.832,685.580
685.831,685.580
685.829,685.576
685.829,685.576
685.826,685.572
685.832,685.580
685.831,685.580
685.829,685.576
685.828,685.576
685.834,685.583
685.833,685.582
685.833,685.582
685.830,685.578
685.830,685.577
685.819,685.563
685.820,685.564
685.818,685.561
685.819,685.563
685.817,685.560
685.810,685.550
685.810,685.549
685.811,685.552
685.810,685.551
685.812,685.553
685.811,685.551
685.805,685.542
685.804,685.542
685.807,685.545
685.806,685.545
685.808,685.547
685.808,685.547
685.810,685.549
685.809,685.548
685.803,685.540
685.803,685.540
685.805,685.543
685.805,685.543
685.807,685.546
685.814,685.556
685.808,685.547
685.807,685.546
685.807,685.545
685.814,685.556
685.813,685.554
685.814,685.556
685.821,685.566
685.814,685.555
685.813,685.554
685.806,685.544
685.806,685.544
685.808,685.547
685.807,685.546
685.809,685.549
685.808,685.548
685.810,685.550
685.812,685.552
685.819,685.562
685.812,685.552
685.811,685.551
685.812,685.553
685.811,685.552
685.813,685.554
685.812,685.553
685.805,685.543
685.807,685.546
685.807,685.546
685.809,685.548
685.808,685.548
685.810,685.550
685.809,685.549
685.803,685.540
685.803,685.540
685.805,685.543
685.805,685.543
685.805,685.543
685.807,685.546
685.807,685.545
685.808,685.548
685.816,685.558
685.817,685.560
685.824,685.569
685.824,685.569
685.824,685.570
685.822,685.567
685.823,685.568
685.829,685.576
685.837,685.587
685.833,685.582
685.838,685.589
685.837,685.588
685.834,685.583
685.833,685.582
685.830,685.578
685.830,685.578
685.827,685.574
685.827,685.574
685.825,685.571
685.825,685.571
685.823,685.568
685.824,685.569
685.824,685.569
685.822,685.566
685.822,685.567
685.820,685.565
685.821,685.565
685.819,685.563
685.820,685.564
685.826,685.573
685.826,685.573
685.824,685.570
685.824,685.570
685.822,685.567
685.823,685.568
685.821,685.565
685.819,685.563
685.820,685.564
685.818,685.561
685.819,685.563
685.818,685.560
685.818,685.562
685.817,685.560
685.810,685.550
685.809,685.549
685.808,685.548
685.808,685.547
685.799,685.535
685.808,685.547
685.807,685.546
685.809,685.549
685.808,685.548
685.810,685.550
685.809,685.549
685.803,685.540
685.803,685.540
685.805,685.543
685.805,685.543
685.799,685.535
685.791,685.524
685.787,685.518
685.788,685.520
685.792,685.525
685.793,685.526
685.788,685.520
685.790,685.521
685.793,685.526
685.794,685.528
685.797,685.532
685.798,685.533
685.800,685.537
685.801,685.537
685.803,685.541
685.803,685.540
685.803,685.540
685.803,685.540
685.803,685.540
685.803,685.540
685.803,685.540
685.797,685.532
685.798,685.533
685.800,685.537
685.793,685.526
685.796,685.530
685.797,685.531
685.799,685.535
685.800,685.536
685.802,685.539
685.802,685.539
685.805,685.543
685.804,685.542
685.807,685.545
685.806,685.545
685.800,685.536
685.803,685.540
685.803,685.540
685.797,685.532
685.797,685.533
685.792,685.525
685.785,685.516
685.781,685.510
685.783,685.513
685.779,685.507
685.782,685.510
685.778,685.505
685.780,685.509
685.782,685.511
685.787,685.517
685.782,685.512
685.784,685.514
685.780,685.509
685.783,685.512
685.779,685.506
685.773,685.498
685.778,685.506
685.780,685.509
685.785,685.515
685.787,685.517
685.782,685.512
685.784,685.514
685.788,685.520
685.790,685.522
685.793,685.527
685.794,685.528
685.797,685.532
685.798,685.533
685.801,685.537
685.801,685.537
685.801,685.537
685.803,685.541
685.803,685.541
685.806,685.544
685.805,685.543
685.807,685.546
685.807,685.546
685.809,685.548
685.808,685.547
685.810,685.550
685.809,685.549
685.811,685.551
685.810,685.550
685.804,685.541
685.804,685.541
685.806,685.544
685.805,685.544
685.805,685.543
685.805,685.543
685.797,685.531
685.797,685.532
685.798,685.533
685.800,685.537
685.801,685.537
685.801,685.537
685.801,685.537
685.795,685.530
685.796,685.531
685.791,685.524
685.792,685.525
685.795,685.530
685.788,685.520
685.789,685.521
685.791,685.523
685.794,685.528
685.795,685.529
685.788,685.519
685.789,685.521
685.790,685.523
685.799,685.535
685.802,685.539
685.802,685.539
685.797,685.531
685.797,685.532
685.800,685.536
685.792,685.525
685.796,685.530
685.804,685.542
685.806,685.545
685.806,685.544
685.808,685.547
685.807,685.546
685.809,685.549
685.801,685.537
685.803,685.541
685.803,685.540
685.811,685.551
685.810,685.550
685.809,685.549
685.811,685.552
685.810,685.550
685.804,685.541
685.796,685.530
685.796,685.531
685.799,685.535
685.800,685.535
685.800,685.536
685.794,685.528
685.795,685.529
685.798,685.533
685.791,685.523
685.794,685.528
685.795,685.529
685.796,685.530
685.799,685.534
685.801,685.538
685.801,685.538
685.796,685.530
685.796,685.531
685.799,685.535
685.800,685.535
685.802,685.539
685.802,685.539
685.805,685.542
685.804,685.542
685.799,685.534
685.799,685.534
685.794,685.527
685.794,685.528
685.790,685.521
685.791,685.523
685.786,685.517
685.780,685.508
685.784,685.514
685.786,685.517
685.782,685.511
685.784,685.514
685.788,685.519
685.789,685.521
685.785,685.515
685.787,685.517
685.782,685.512
685.784,685.514
685.788,685.520
685.790,685.522
685.791,685.523
685.794,685.528
685.787,685.518
685.791,685.524
685.792,685.525
685.795,685.530
685.796,685.531
685.799,685.535
685.799,685.535
685.802,685.539
685.802,685.539
685.804,685.542
685.796,685.531
685.791,685.524
685.792,685.525
685.788,685.519
685.781,685.509
685.777,685.504
685.780,685.508
685.784,685.514
685.778,685.505
685.775,685.501
685.777,685.504
685.774,685.500
685.777,685.504
685.781,685.510
685.783,685.513
685.780,685.508
685.774,685.499
685.779,685.507
685.781,685.510
685.785,685.516
685.787,685.518
685.783,685.512
685.785,685.515
685.786,685.517
685.780,685.508
685.782,685.511
685.786,685.517
685.788,685.519
685.792,685.524
685.785,685.515
685.781,685.509
685.783,685.512
685.787,685.518
685.780,685.509
685.777,685.504
685.779,685.507
685.784,685.514
685.778,685.505
685.774,685.500
685.777,685.504
685.774,685.499
685.768,685.492
685.766,685.489
685.769,685.494
685.775,685.501
685.780,685.508
685.774,685.500
685.771,685.496
685.774,685.500
685.771,685.496
685.774,685.500
685.779,685.507
685.781,685.510
685.778,685.505
685.780,685.508
685.785,685.515
685.786,685.517
685.782,685.511
685.784,685.514
685.788,685.520
685.789,685.521
685.785,685.515
685.787,685.518
685.791,685.523
685.794,685.528
685.795,685.529
685.798,685.533
685.806,685.545
685.808,685.548
685.808,685.547
685.810,685.549
685.809,685.548
685.811,685.551
685.810,685.550
685.812,685.552
685.811,685.551
685.804,685.542
685.804,685.542
685.804,685.541
685.798,685.533
685.798,685.534
685.793,685.527
685.794,685.528
685.795,685.529
685.796,685.530
685.796,685.531
685.799,685.535
685.784,685.513
685.785,685.516
685.787,685.518
685.783,685.512
685.785,685.515
685.789,685.520
685.782,685.511
685.778,685.506
685.781,685.509
685.777,685.504
685.779,685.507
685.784,685.514
685.786,685.516
685.782,685.510
685.784,685.513
685.788,685.519
685.789,685.521
685.793,685.526
685.794,685.527
685.789,685.521
685.790,685.522
685.794,685.527
685.794,685.528
685.790,685.522
685.791,685.523
685.803,685.540
685.803,685.540
685.797,685.532
685.798,685.533
685.800,685.537
685.801,685.537
685.795,685.529
685.788,685.519
685.789,685.521
685.793,685.526
685.794,685.527
685.797,685.532
685.800,685.536
685.792,685.525
685.793,685.526
685.788,685.520
685.790,685.521
685.793,685.526
685.786,685.517
685.782,685.511
685.776,685.502
685.773,685.498
685.768,685.491
685.765,685.488
685.769,685.493
685.774,685.500
685.771,685.496
685.766,685.489
685.764,685.486
685.760,685.480
685.758,685.478
685.762,685.484
685.760,685.481
685.764,685.487
685.768,685.492
685.774,685.499
685.776,685.503
685.779,685.507
685.773,685.499
685.770,685.495
685.773,685.499
685.770,685.495
685.765,685.488
685.771,685.496
685.774,685.500
685.779,685.507
685.781,685.510
685.786,685.516
685.787,685.518
685.783,685.513
685.785,685.515
685.781,685.510
685.783,685.512
685.787,685.518
685.789,685.520
685.792,685.525
685.793,685.527
685.797,685.531
685.797,685.532
685.792,685.525
685.785,685.515
685.781,685.509
685.783,685.512
685.779,685.507
685.773,685.499
685.779,685.506
685.781,685.509
685.783,685.512
685.785,685.515
685.778,685.506
685.775,685.501
685.780,685.508
685.782,685.511
685.784,685.514
685.788,685.520
685.781,685.510
685.778,685.505
685.780,685.508
685.785,685.515
685.789,685.520
685.790,685.522
685.794,685.527
685.794,685.528
685.787,685.518
685.789,685.520
685.790,685.522
685.785,685.516
685.787,685.518
685.791,685.523
685.784,685.514
685.788,685.519
685.789,685.521
685.793,685.526
685.786,685.516
685.790,685.522
685.791,685.524
685.794,685.528
685.795,685.529
685.798,685.534
685.799,685.534
685.801,685.538
685.793,685.527
685.789,685.520
685.790,685.522
685.791,685.524
685.792,685.525
685.787,685.518
685.789,685.520
685.792,685.526
685.793,685.527
685.789,685.520
685.782,685.511
685.786,685.517
685.788,685.519
685.783,685.513
685.777,685.504
685.782,685.511
685.786,685.517
685.782,685.511
685.776,685.503
685.771,685.495
685.776,685.503
685.778,685.506
685.775,685.501
685.778,685.505
685.774,685.500
685.777,685.504
685.774,685.499
685.771,685.495
685.766,685.488
685.764,685.485
685.767,685.490
685.765,685.487
685.760,685.481
685.759,685.479
685.763,685.485
685.767,685.490
685.762,685.483
685.766,685.489
685.772,685.497
685.775,685.501
685.780,685.508
685.782,685.511
685.778,685.506
685.780,685.509
685.785,685.515
685.787,685.517
685.782,685.512
685.776,685.503
685.773,685.499
685.776,685.502
685.778,685.506
685.775,685.501
685.778,685.505
685.774,685.500
685.777,685.504
685.774,685.499
685.776,685.503
685.773,685.499
685.768,685.491
685.763,685.485
685.761,685.482
685.757,685.476
685.756,685.475
685.752,685.470
685.749,685.465
685.740,685.453
685.738,685.450
685.739,685.451
685.745,685.459
685.742,685.456
685.740,685.452
685.746,685.461
685.746,685.460
685.743,685.457
685.743,685.457
685.741,685.453
685.741,685.454
685.739,685.451
685.739,685.451
685.737,685.448
685.735,685.446
685.736,685.447
685.734,685.445
685.735,685.446
685.742,685.455
685.742,685.455
685.747,685.463
685.745,685.459
685.744,685.459
685.742,685.455
685.742,685.455
685.740,685.452
685.740,685.453
685.738,685.450
685.744,685.458
685.742,685.455
685.742,685.455
685.742,685.455
685.748,685.463
685.747,685.463
685.753,685.470
685.752,685.469
685.751,685.468
685.756,685.474
685.754,685.473
685.759,685.479
685.757,685.477
685.754,685.472
685.758,685.478
685.757,685.476
685.753,685.471
685.752,685.470
685.749,685.465
685.748,685.464
685.746,685.460
685.751,685.468
685.758,685.478
685.754,685.473
685.753,685.471
685.750,685.466
685.749,685.465
685.746,685.461
685.746,685.461
685.746,685.460
685.743,685.457
685.743,685.457
685.741,685.453
685.747,685.462
685.746,685.461
685.744,685.457
685.752,685.469
685.748,685.464
685.745,685.460
685.745,685.460
685.751,685.467
685.750,685.466
685.747,685.462
685.744,685.458
685.752,685.469
685.757,685.476
685.756,685.474
685.752,685.469
685.749,685.465
685.748,685.464
685.745,685.460
685.745,685.460
685.743,685.456
685.751,685.467
685.755,685.474
685.754,685.472
685.759,685.479
685.757,685.477
685.762,685.483
685.760,685.480
685.756,685.475
685.760,685.481
685.767,685.490
685.762,685.483
685.760,685.481
685.756,685.475
685.753,685.470
685.749,685.465
685.754,685.472
685.753,685.471
685.758,685.477
685.756,685.475
685.753,685.470
685.750,685.466
685.749,685.465
685.746,685.461
685.746,685.460
685.743,685.457
685.741,685.453
685.741,685.454
685.739,685.451
685.747,685.462
685.752,685.470
685.752,685.469
685.756,685.475
685.753,685.470
685.752,685.469
685.749,685.465
685.756,685.475
685.753,685.470
685.760,685.480
685.764,685.486
685.762,685.483
685.758,685.477
685.762,685.483
685.760,685.481
685.764,685.486
685.754,685.472
685.753,685.471
685.750,685.466
685.749,685.465
685.754,685.472
685.751,685.468
685.750,685.466
685.747,685.462
685.744,685.458
685.744,685.458
685.742,685.455
685.742,685.455
685.740,685.452
685.738,685.449
685.738,685.450
685.736,685.447
685.737,685.448
685.735,685.446
685.741,685.455
685.742,685.455
685.747,685.463
685.747,685.462
685.752,685.469
685.759,685.479
685.755,685.474
685.752,685.469
685.751,685.468
685.748,685.464
685.747,685.463
685.745,685.459
685.744,685.459
685.742,685.455
685.750,685.466
685.747,685.462
685.752,685.470
685.751,685.468
685.756,685.475
685.755,685.473
685.751,685.468
685.751,685.467
685.756,685.474
685.754,685.472
685.751,685.468
685.756,685.474
685.755,685.473
685.759,685.479
685.758,685.477
685.754,685.472
685.750,685.467
685.750,685.466
685.747,685.462
685.752,685.469
685.751,685.468
685.756,685.475
685.755,685.473
685.759,685.479
685.763,685.485
685.761,685.482
685.757,685.477
685.764,685.486
685.760,685.480
685.758,685.478
685.754,685.472
685.751,685.468
685.750,685.467
685.755,685.474
685.754,685.472
685.751,685.467
685.747,685.463
685.747,685.462
685.744,685.458
685.752,685.469
685.749,685.465
685.746,685.461
685.751,685.468
685.756,685.475
685.755,685.473
685.751,685.468
685.751,685.467
685.748,685.463
685.747,685.462
685.752,685.470
685.749,685.465
685.749,685.464
685.754,685.471
685.753,685.470
685.757,685.477
685.756,685.475
685.752,685.470
685.749,685.465
685.749,685.464
685.746,685.460
685.745,685.460
685.745,685.460
685.743,685.456
685.743,685.456
685.740,685.453
685.741,685.453
685.738,685.450
685.737,685.448
685.745,685.460
685.743,685.456
685.743,685.456
685.740,685.453
685.741,685.453
685.746,685.461
685.744,685.458
685.744,685.458
685.741,685.454
685.741,685.455
685.742,685.455
685.739,685.452
685.740,685.452
685.738,685.449
685.736,685.447
685.737,685.448
685.743,685.456
685.743,685.456
685.740,685.453
685.746,685.461
685.744,685.457
685.749,685.465
685.757,685.476
685.753,685.470
685.752,685.469
685.757,685.476
685.753,685.471
685.750,685.466
685.755,685.473
685.754,685.471
685.750,685.467
685.750,685.466
685.747,685.462
685.752,685.469
685.759,685.479
685.755,685.474
685.754,685.472
685.751,685.467
685.742,685.455
685.742,685.455
685.740,685.452
685.740,685.453
685.738,685.450
685.738,685.450
685.737,685.448
685.745,685.460
685.751,685.467
685.755,685.474
685.754,685.472
685.751,685.468
685.750,685.467
685.747,685.462
685.752,685.470
685.757,685.476
685.753,685.471
685.752,685.470
685.757,685.476
685.756,685.474
685.760,685.481
685.759,685.478
685.757,685.476
685.753,685.471
685.752,685.470
685.757,685.476
685.756,685.474
685.760,685.481
685.756,685.475
685.755,685.473
685.751,685.468
685.751,685.467
685.756,685.474
685.752,685.469
685.751,685.468
685.748,685.464
685.748,685.463
685.745,685.459
685.742,685.456
685.742,685.456
685.740,685.452
685.740,685.453
685.738,685.450
685.744,685.458
685.752,685.469
685.757,685.476
685.753,685.471
685.752,685.470
685.749,685.465
685.748,685.464
685.746,685.460
685.743,685.457
685.751,685.468
685.748,685.463
685.745,685.460
685.745,685.459
685.742,685.456
685.734,685.445
685.733,685.443
685.734,685.444
685.732,685.442
685.739,685.451
685.739,685.452
685.737,685.449
685.736,685.446
685.736,685.447
685.735,685.445
685.727,685.435
685.727,685.434
685.726,685.433
685.718,685.422
685.720,685.425
685.720,685.425
685.720,685.425
685.722,685.428
685.722,685.427
685.724,685.430
685.718,685.421
685.718,685.421
685.720,685.425
685.720,685.424
685.720,685.424
685.722,685.427
685.721,685.427
685.724,685.430
685.725,685.432
685.725,685.431
685.726,685.434
685.734,685.444
685.732,685.442
685.733,685.443
685.732,685.441
685.733,685.443
685.731,685.441
685.730,685.439
685.731,685.440
685.730,685.439
685.731,685.440
685.730,685.439
685.737,685.448
685.743,685.457
685.741,685.454
685.733,685.443
685.732,685.441
685.730,685.439
685.732,685.441
685.738,685.450
685.736,685.447
685.729,685.437
685.728,685.436
685.729,685.438
685.728,685.436
685.727,685.435
685.729,685.437
685.728,685.435
685.737,685.449
685.743,685.457
685.743,685.457
685.741,685.454
685.739,685.451
685.727,685.434
685.728,685.436
685.727,685.435
685.726,685.433
685.720,685.425
685.720,685.424
685.720,685.424
685.722,685.427
685.721,685.427
685.715,685.418
685.710,685.411
685.711,685.412
685.714,685.416
685.714,685.417
685.715,685.417
685.717,685.421
685.717,685.421
685.718,685.421
685.720,685.425
685.720,685.424
685.720,685.424
685.722,685.427
685.721,685.427
685.716,685.418
685.716,685.419
685.706,685.406
685.702,685.400
685.706,685.405
685.707,685.407
685.702,685.400
685.704,685.402
685.705,685.404
685.709,685.409
685.710,685.410
685.711,685.411
685.706,685.405
685.701,685.398
685.703,685.401
685.707,685.406
685.716,685.419
685.716,685.419
685.711,685.411
685.711,685.413
685.714,685.417
685.717,685.421
685.717,685.421
685.720,685.424
685.719,685.424
685.719,685.424
685.722,685.427
685.718,685.422
685.718,685.422
685.710,685.411
685.713,685.415
685.714,685.416
685.714,685.417
685.717,685.421
685.717,685.421
685.717,685.421
685.720,685.424
685.720,685.424
685.711,685.413
685.714,685.417
685.723,685.429
685.722,685.428
685.724,685.431
685.724,685.430
685.723,685.429
685.725,685.432
685.724,685.431
685.724,685.430
685.718,685.421
685.712,685.414
685.713,685.414
685.716,685.418
685.710,685.411
685.711,685.412
685.714,685.416
685.714,685.417
685.715,685.417
685.717,685.421
685.712,685.413
685.713,685.414
685.707,685.407
685.708,685.409
685.709,685.410
685.713,685.414
685.721,685.426
685.721,685.426
685.723,685.429
685.723,685.428
685.716,685.420
685.717,685.420
685.717,685.420
685.711,685.413
685.714,685.417
685.715,685.417
685.709,685.410
685.705,685.403
685.706,685.405
685.701,685.399
685.711,685.412
685.712,685.413
685.707,685.406
685.708,685.408
685.709,685.409
685.712,685.413
685.705,685.403
685.708,685.408
685.709,685.410
685.710,685.411
685.713,685.415
685.716,685.419
685.716,685.419
685.711,685.412
685.711,685.413
685.712,685.414
685.707,685.407
685.710,685.411
685.703,685.401
685.705,685.403
685.708,685.408
685.709,685.410
685.710,685.411
685.705,685.404
685.706,685.406
685.710,685.411
685.705,685.404
685.706,685.406
685.710,685.410
685.705,685.404
685.698,685.394
685.702,685.400
685.706,685.406
685.707,685.407
685.703,685.401
685.707,685.406
685.708,685.408
685.711,685.412
685.712,685.413
685.712,685.414
685.715,685.418
685.716,685.418
685.716,685.419
685.710,685.411
685.711,685.412
685.712,685.413
685.715,685.417
685.715,685.418
685.718,685.421
685.720,685.425
685.720,685.425
685.714,685.416
685.709,685.409
685.710,685.410
685.713,685.415
685.705,685.404
685.709,685.409
685.704,685.403
685.706,685.405
685.701,685.398
685.697,685.393
685.699,685.396
685.695,685.390
685.692,685.385
685.694,685.389
685.691,685.384
685.688,685.380
685.691,685.384
685.693,685.388
685.690,685.383
685.685,685.376
685.680,685.369
685.686,685.377
685.689,685.382
685.692,685.385
685.689,685.381
685.686,685.377
685.689,685.381
685.692,685.385
685.689,685.381
685.691,685.385
685.696,685.392
685.693,685.387
685.687,685.379
685.690,685.383
685.695,685.390
685.697,685.393
685.699,685.396
685.703,685.402
685.705,685.404
685.706,685.405
685.702,685.399
685.703,685.401
685.699,685.395
685.701,685.398
685.702,685.400
685.698,685.394
685.700,685.397
685.702,685.399
685.698,685.394
685.700,685.396
685.704,685.402
685.700,685.396
685.701,685.399
685.697,685.393
685.702,685.399
685.703,685.401
685.707,685.407
685.702,685.400
685.704,685.402
685.705,685.404
685.709,685.409
685.710,685.410
685.703,685.400
685.698,685.395
685.700,685.397
685.702,685.400
685.698,685.394
685.700,685.397
685.694,685.388
685.696,685.391
685.692,685.386
685.687,685.378
685.682,685.371
685.680,685.368
685.678,685.366
685.682,685.371
685.685,685.376
685.682,685.372
685.686,685.377
685.689,685.381
685.694,685.389
685.696,685.392
685.693,685.387
685.695,685.390
685.697,685.393
685.694,685.388
685.690,685.383
685.693,685.387
685.698,685.394
685.700,685.396
685.702,685.399
685.697,685.393
685.699,685.396
685.701,685.398
685.705,685.404
685.709,685.409
685.702,685.399
685.698,685.393
685.694,685.388
685.696,685.392
685.698,685.394
685.695,685.389
685.697,685.392
685.691,685.384
685.688,685.380
685.683,685.373
685.686,685.377
685.691,685.385
685.686,685.377
685.689,685.382
685.694,685.389
685.696,685.392
685.698,685.395
685.703,685.401
685.704,685.403
685.700,685.397
685.702,685.399
685.703,685.401
685.699,685.395
685.701,685.398
685.702,685.400
685.698,685.394
685.692,685.386
685.695,685.389
685.691,685.385
685.688,685.380
685.683,685.373
685.686,685.378
685.692,685.385
685.689,685.381
685.683,685.374
685.687,685.378
685.684,685.375
685.687,685.379
685.682,685.372
685.680,685.369
685.684,685.374
685.679,685.367
685.685,685.376
685.688,685.380
685.691,685.384
685.688,685.380
685.693,685.387
685.696,685.391
685.692,685.386
685.689,685.382
685.684,685.374
685.681,685.371
685.679,685.368
685.683,685.373
685.686,685.378
685.692,685.385
685.686,685.378
685.689,685.382
685.686,685.378
685.689,685.382
685.687,685.378
685.692,685.385
685.694,685.389
685.697,685.392
685.693,685.387
685.695,685.390
685.698,685.393
685.694,685.388
685.696,685.392
685.693,685.387
685.687,685.379
685.682,685.372
685.688,685.380
685.691,685.384
685.685,685.376
685.680,685.370
685.686,685.378
685.689,685.382
685.684,685.375
685.679,685.368
685.677,685.365
685.673,685.360
685.670,685.354
685.666,685.350
685.666,685.349
685.671,685.356
685.675,685.362
685.682,685.371
685.677,685.365
685.681,685.370
685.679,685.367
685.675,685.361
685.679,685.367
685.677,685.365
685.675,685.362
685.679,685.368
685.683,685.373
685.681,685.370
685.679,685.367
685.682,685.372
685.680,685.369
685.676,685.363
685.680,685.368
685.678,685.366
685.684,685.374
685.679,685.368
685.683,685.373
685.689,685.381
685.683,685.374
685.679,685.367
685.685,685.376
685.688,685.380
685.691,685.384
685.696,685.391
685.700,685.397
685.694,685.388
685.691,685.384
685.693,685.387
685.688,685.380
685.685,685.376
685.688,685.380
685.683,685.373
685.689,685.381
685.692,685.385
685.694,685.389
685.691,685.384
685.685,685.376
685.683,685.373
685.689,685.381
685.691,685.385
685.694,685.388
685.691,685.384
685.688,685.379
685.682,685.372
685.680,685.369
685.678,685.366
685.682,685.372
685.688,685.380
685.685,685.376
685.680,685.369
685.676,685.363
685.672,685.358
685.671,685.356
685.675,685.362
685.671,685.357
685.670,685.355
685.669,685.354
685.666,685.349
685.663,685.345
685.668,685.352
685.667,685.351
685.664,685.347
685.661,685.343
685.659,685.339
685.659,685.339
685.659,685.339
685.664,685.347
685.661,685.343
685.661,685.343
685.667,685.350
685.671,685.357
685.670,685.355
685.667,685.351
685.664,685.346
685.661,685.342
685.669,685.353
685.665,685.349
685.670,685.356
685.669,685.354
685.668,685.353
685.665,685.348
685.662,685.344
685.659,685.340
685.659,685.340
685.665,685.348
685.662,685.344
685.662,685.344
685.661,685.343
685.667,685.351
685.664,685.346
685.663,685.346
685.671,685.356
685.667,685.351
685.672,685.358
685.671,685.356
685.675,685.363
685.680,685.368
685.678,685.366
685.684,685.374
685.679,685.368
685.685,685.376
685.691,685.384
685.685,685.376
685.688,685.381
685.686,685.377
685.689,685.381
685.691,685.385
685.696,685.392
685.698,685.395
685.692,685.386
685.689,685.382
685.692,685.385
689.645,690.890
689.620,690.855
689.586,690.808
689.568,690.783
689.557,690.767
689.550,690.758
689.578,690.796
689.610,690.842
690.245,691.726
690.249,691.730
690.364,691.891
690.466,692.033
691.044,692.837
692.228,694.486
693.166,695.792
693.170,695.798
693.258,695.920
694.059,697.035
694.742,697.987
694.703,697.932
695.256,698.702
696.320,700.185
695.653,699.255
695.713,699.339
695.777,699.428
695.776,699.427
695.097,698.481
695.051,698.417
694.920,698.235
694.799,698.067
694.118,697.117
694.007,696.963
693.841,696.732
693.136,695.750
692.985,695.541
692.877,695.390
692.756,695.222
692.160,694.392
692.072,694.269
691.928,694.068
691.395,693.326
691.265,693.145
691.163,693.004
691.081,692.889
691.003,692.780
690.913,692.655
690.834,692.545
690.291,691.789
690.229,691.703
690.162,691.609
689.593,690.817
689.570,690.785
689.535,690.737
689.487,690.670
689.445,690.611
689.407,690.558
689.373,690.511
689.340,690.465
689.310,690.424
689.278,690.379
689.258,690.351
689.239,690.325
689.220,690.297
689.197,690.266
689.176,690.237
689.154,690.207
689.130,690.172
689.108,690.141
689.084,690.109
689.058,690.073
689.040,690.048
689.018,690.017
689.004,689.997
688.977,689.960
688.954,689.927
688.441,689.213
688.441,689.214
688.436,689.207
688.429,689.196
688.430,689.198
688.426,689.193
688.428,689.195
688.421,689.186
688.418,689.182
688.421,689.185
688.415,689.177
688.420,689.185
688.423,689.188
688.424,689.190
688.421,689.186
688.418,689.181
688.420,689.185
688.417,689.181
688.423,689.188
688.425,689.191
688.421,689.186
688.415,689.178
688.418,689.181
688.423,689.189
688.420,689.184
688.422,689.187
688.427,689.194
688.423,689.189
688.425,689.191
688.430,689.198
688.434,689.204
688.435,689.205
688.436,689.206
688.439,689.211
688.440,689.211
688.432,689.201
688.436,689.206
688.437,689.207
688.437,689.208
688.441,689.213
688.444,689.217
688.444,689.217
688.447,689.221
688.441,689.213
688.433,689.203
688.429,689.197
688.433,689.203
688.426,689.193
688.423,689.188
688.419,689.183
688.414,689.175
688.411,689.172
688.414,689.176
688.420,689.184
688.417,689.180
688.419,689.183
688.417,689.179
688.419,689.183
688.413,689.175
688.403,689.160
688.399,689.155
688.390,689.142
688.387,689.138
688.379,689.127
688.369,689.113
688.363,689.105
688.354,689.093
688.350,689.086
688.351,689.087
688.346,689.081
688.339,689.072
688.341,689.074
688.338,689.070
688.332,689.061
688.329,689.057
688.324,689.050
688.322,689.048
688.317,689.041
688.305,689.024
688.297,689.013
688.295,689.010
688.293,689.007
688.286,688.998
688.277,688.985
688.277,688.985
688.271,688.977
688.258,688.959
688.252,688.950
688.246,688.942
688.243,688.938
688.233,688.924
688.229,688.918
688.217,688.902
688.215,688.898
688.207,688.888
688.200,688.878
688.194,688.869
688.186,688.858
688.178,688.847
688.171,688.838
688.165,688.829
688.159,688.821
688.146,688.803
688.142,688.797
688.134,688.785
688.126,688.774
688.118,688.764
688.112,688.755
688.106,688.747
688.098,688.736
688.091,688.726
688.084,688.716
688.070,688.697
688.065,688.690
688.061,688.684
688.052,688.672
688.052,688.672
688.041,688.656
688.031,688.642
688.022,688.630
688.017,688.623
688.009,688.612
687.994,688.591
687.989,688.583
687.986,688.580
687.982,688.574
687.977,688.568
687.974,688.562
687.962,688.546
687.952,688.532
687.942,688.519
687.934,688.507
687.926,688.496
687.922,688.490
687.915,688.481
687.912,688.476
687.906,688.468
687.901,688.461
687.899,688.459
687.895,688.452
687.891,688.447
687.879,688.431
687.879,688.431
687.877,688.427
687.869,688.417
687.867,688.415
687.858,688.401
687.849,688.389
687.844,688.383
687.837,688.372
687.833,688.367
687.827,688.358
687.821,688.351
687.824,688.355
687.819,688.347
687.814,688.340
687.810,688.334
687.808,688.333
687.805,688.327
687.801,688.322
687.798,688.318
687.795,688.314
687.795,688.314
687.793,688.310
687.793,688.311
687.782,688.296
687.781,688.294
687.772,688.282
687.763,688.270
687.756,688.259
687.757,688.261
687.758,688.262
687.754,688.256
687.747,688.247
687.749,688.250
687.745,688.245
687.747,688.248
687.749,688.250
687.743,688.242
687.745,688.245
687.748,688.248
687.750,688.251
687.751,688.253
687.745,688.244
687.742,688.240
687.744,688.243
687.746,688.246
687.740,688.238
687.735,688.230
687.730,688.223
687.728,688.221
687.732,688.226
687.736,688.231
687.731,688.224
687.718,688.207
687.717,688.206
687.714,688.201
687.711,688.197
687.703,688.186
687.701,688.184
687.700,688.181
687.698,688.179
687.697,688.177
687.698,688.179
687.697,688.177
687.696,688.175
687.697,688.178
687.696,688.176
687.695,688.174
687.694,688.173
687.687,688.164
687.687,688.163
687.687,688.163
687.689,688.166
687.688,688.165
687.688,688.165
687.688,688.164
687.690,688.167
687.689,688.167
687.689,688.166
687.688,688.165
687.688,688.164
687.687,688.164
687.687,688.163
687.687,688.163
687.689,688.166
687.688,688.165
687.688,688.165
687.688,688.164
687.687,688.164
687.687,688.163
687.686,688.163
687.686,688.162
687.681,688.154
687.681,688.155
687.681,688.155
687.681,688.156
687.673,688.145
687.674,688.146
687.667,688.136
687.661,688.127
687.655,688.119
687.650,688.111
687.645,688.105
687.648,688.110
687.646,688.107
687.642,688.101
687.638,688.095
687.634,688.090
687.639,688.096
687.638,688.095
687.642,688.101
687.646,688.106
687.650,688.111
687.645,688.105
687.643,688.102
687.642,688.100
687.646,688.106
687.641,688.100
687.637,688.094
687.641,688.100
687.645,688.106
687.641,688.100
687.637,688.094
687.633,688.089
687.630,688.084
687.635,688.091
687.640,688.098
687.639,688.096
687.635,688.091
687.631,688.086
687.636,688.093
687.641,688.099
687.637,688.094
687.633,688.089
687.633,688.088
687.638,688.095
687.642,688.101
687.646,688.106
687.649,688.111
687.647,688.108
687.643,688.102
687.639,688.096
687.635,688.091
687.639,688.097
687.636,688.092
687.632,688.087
687.629,688.083
687.629,688.083
687.626,688.079
687.623,688.075
687.621,688.072
687.619,688.069
687.617,688.066
687.615,688.064
687.622,688.073
687.628,688.081
687.625,688.077
687.622,688.074
687.628,688.082
687.625,688.078
687.623,688.074
687.629,688.082
687.626,688.078
687.623,688.075
687.624,688.075
687.621,688.072
687.619,688.069
687.617,688.066
687.616,688.064
687.614,688.062
687.604,688.049
687.604,688.048
687.603,688.047
687.603,688.047
687.603,688.046
687.602,688.046
687.605,688.049
687.607,688.052
687.609,688.055
687.611,688.057
687.612,688.059
687.611,688.058
687.618,688.067
687.616,688.065
687.614,688.062
687.613,688.060
687.612,688.058
687.610,688.057
687.609,688.055
687.608,688.054
687.599,688.041
687.599,688.041
687.599,688.041
687.599,688.041
687.599,688.041
687.591,688.030
687.592,688.031
687.593,688.032
687.585,688.022
687.586,688.024
687.588,688.025
687.589,688.027
687.590,688.028
687.591,688.029
687.591,688.030
687.592,688.031
687.593,688.032
687.593,688.033
687.594,688.034
687.594,688.035
687.595,688.035
687.595,688.036
687.596,688.036
687.588,688.026
687.589,688.027
687.590,688.028
687.591,688.030
687.584,688.019
687.585,688.021
687.586,688.023
687.588,688.025
687.581,688.015
687.574,688.007
687.577,688.010
687.581,688.017
687.578,688.011
687.580,688.014
687.582,688.017
687.583,688.019
687.585,688.021
687.586,688.023
687.579,688.014
687.581,688.016
687.575,688.007
687.577,688.011
687.571,688.002
687.569,687.999
687.566,687.995
687.561,687.988
687.557,687.982
687.547,687.969
687.547,687.969
687.544,687.964
687.549,687.972
687.546,687.967
687.535,687.952
687.533,687.949
687.531,687.946
687.521,687.933
687.513,687.921
687.505,687.910
687.498,687.900
687.491,687.891
687.494,687.894
687.496,687.897
687.497,687.899
687.491,687.891
687.493,687.894
687.490,687.889
687.492,687.892
687.486,687.884
687.481,687.877
687.471,687.862
687.467,687.857
687.471,687.863
687.468,687.858
687.464,687.853
687.461,687.848
687.461,687.848
687.458,687.844
687.455,687.840
687.453,687.837
687.451,687.834
687.443,687.824
687.442,687.822
687.441,687.821
687.440,687.819
687.439,687.818
687.438,687.817
687.437,687.816
687.431,687.807
687.431,687.807
687.431,687.807
687.431,687.807
687.431,687.807
687.431,687.807
687.431,687.807
687.431,687.807
687.431,687.806
687.431,687.806
687.430,687.806
687.430,687.806
687.430,687.806
687.430,687.806
687.425,687.799
687.425,687.799
687.426,687.800
687.426,687.800
687.427,687.801
687.430,687.805
687.430,687.805
687.430,687.805
687.430,687.805
687.430,687.805
687.430,687.805
687.430,687.805
687.430,687.805
687.430,687.805
687.430,687.805
687.427,687.802
687.427,687.802
687.428,687.802
687.428,687.803
687.428,687.803
687.428,687.803
687.428,687.803
687.429,687.804
687.429,687.804
687.429,687.804
687.429,687.804
687.429,687.804
687.429,687.805
687.429,687.805
687.429,687.805
687.429,687.805
687.429,687.805
687.430,687.805
687.430,687.805
687.430,687.805
687.430,687.805
687.430,687.805
687.432,687.809
687.432,687.809
687.432,687.809
687.199,687.483
687.205,687.492
687.202,687.488
687.200,687.485
687.197,687.482
687.195,687.479
687.194,687.477
687.200,687.486
687.206,687.494
687.203,687.490
687.201,687.486
687.198,687.483
687.196,687.480
687.195,687.478
687.193,687.475
687.191,687.473
687.190,687.471
687.189,687.470
687.188,687.468
687.189,687.470
687.188,687.469
687.187,687.467
687.186,687.466
687.185,687.465
687.184,687.464
687.166,687.437
687.159,687.428
687.152,687.419
687.147,687.411
687.142,687.404
687.137,687.398
687.141,687.403
687.136,687.396
687.140,687.402
687.135,687.395
687.139,687.401
687.135,687.395
687.139,687.400
687.140,687.402
687.143,687.407
687.147,687.411
687.149,687.415
687.152,687.419
687.146,687.411
687.149,687.415
687.152,687.418
687.146,687.411
687.141,687.403
687.145,687.408
687.148,687.412
687.150,687.416
687.150,687.416
687.145,687.408
687.140,687.402
687.143,687.407
687.139,687.400
687.134,687.394
687.138,687.399
687.142,687.404
687.145,687.409
687.148,687.413
687.143,687.406
687.138,687.399
687.134,687.393
687.130,687.388
687.134,687.394
687.130,687.388
687.135,687.395
687.139,687.400
687.134,687.394
687.138,687.400
687.142,687.405
687.137,687.398
687.141,687.403
687.145,687.408
687.148,687.412
687.150,687.416
687.145,687.409
687.148,687.413
687.151,687.417
687.153,687.420
687.147,687.412
687.142,687.405
687.137,687.398
687.141,687.403
687.137,687.397
687.132,687.391
687.137,687.397
687.132,687.391
687.137,687.397
687.140,687.402
687.136,687.396
687.140,687.401
687.141,687.403
687.144,687.407
687.139,687.401
687.143,687.406
687.146,687.410
687.141,687.403
687.136,687.397
687.132,687.391
687.128,687.386
687.125,687.381
687.130,687.388
687.134,687.394
687.138,687.400
687.134,687.394
687.130,687.388
687.135,687.394
687.139,687.400
687.134,687.394
687.138,687.399
687.142,687.404
687.137,687.398
687.133,687.392
687.129,687.387
687.126,687.382
687.122,687.377
687.128,687.385
687.124,687.380
687.121,687.376
687.121,687.376
687.118,687.372
687.116,687.368
687.114,687.365
687.112,687.362
687.107,687.356
687.106,687.354
687.105,687.352
687.095,687.340
687.095,687.339
687.095,687.339
687.095,687.339
687.094,687.338
687.094,687.338
687.102,687.349
687.101,687.348
687.100,687.347
687.100,687.346
687.099,687.345
687.098,687.344
687.098,687.343
687.097,687.342
687.097,687.342
687.096,687.341
687.096,687.341
687.096,687.340
687.095,687.340
687.095,687.339
687.095,687.339
687.095,687.339
687.094,687.338
687.094,687.338
687.094,687.338
687.094,687.338
687.094,687.338
687.102,687.349
687.101,687.347
687.092,687.335
687.084,687.324
687.085,687.325
687.086,687.326
687.086,687.327
687.087,687.328
687.095,687.340
687.095,687.339
687.095,687.339
687.095,687.339
687.094,687.338
687.086,687.327
687.087,687.328
687.087,687.329
687.088,687.329
687.080,687.319
687.081,687.320
687.075,687.311
687.076,687.313
687.070,687.304
687.072,687.307
687.066,687.299
687.068,687.302
687.071,687.305
687.065,687.297
687.067,687.301
687.070,687.304
687.064,687.296
687.067,687.300
687.069,687.303
687.071,687.306
687.073,687.309
687.075,687.312
687.077,687.314
687.070,687.305
687.072,687.308
687.074,687.310
687.068,687.302
687.062,687.294
687.063,687.294
687.065,687.298
687.068,687.302
687.068,687.301
687.060,687.290
687.060,687.291
687.055,687.284
687.051,687.277
687.055,687.283
687.050,687.277
687.054,687.282
687.050,687.276
687.046,687.271
687.042,687.266
687.039,687.261
687.044,687.268
687.049,687.275
687.050,687.277
687.054,687.283
687.050,687.276
687.046,687.271
687.050,687.277
687.054,687.283
687.058,687.288
687.061,687.292
687.056,687.285
687.052,687.279
687.048,687.273
687.052,687.279
687.056,687.284
687.059,687.289
687.054,687.282
687.050,687.276
687.054,687.282
687.058,687.287
687.053,687.280
687.049,687.275
687.045,687.269
687.041,687.264
687.038,687.260
687.043,687.267
687.048,687.274
687.052,687.280
687.048,687.274
687.052,687.280
687.048,687.274
687.052,687.280
687.056,687.285
687.060,687.290
687.055,687.283
687.058,687.288
687.053,687.281
687.049,687.275
687.053,687.281
687.057,687.286
687.060,687.291
687.055,687.284
687.056,687.285
687.060,687.290
687.055,687.283
687.050,687.277
687.054,687.283
687.050,687.277
687.054,687.282
687.050,687.276
687.054,687.282
687.057,687.287
687.061,687.292
687.064,687.296
687.058,687.288
687.054,687.282
687.057,687.287
687.061,687.291
687.056,687.284
687.059,687.289
687.054,687.283
687.050,687.276
687.054,687.282
687.050,687.276
687.054,687.282
687.057,687.287
687.053,687.280
687.048,687.274
687.053,687.280
687.056,687.286
687.052,687.279
687.048,687.273
687.052,687.279
687.056,687.285
687.059,687.290
687.062,687.294
687.065,687.298
687.060,687.290
687.055,687.283
687.051,687.277
687.047,687.272
687.043,687.267
687.040,687.262
687.045,687.269
687.049,687.275
687.053,687.281
687.049,687.275
687.045,687.270
687.042,687.265
687.046,687.272
687.043,687.266
687.039,687.262
687.036,687.258
687.034,687.254
687.031,687.251
687.037,687.259
687.034,687.255
687.040,687.263
687.037,687.258
687.042,687.266
687.039,687.261
687.036,687.257
687.033,687.253
687.031,687.250
687.037,687.258
687.034,687.254
687.032,687.251
687.029,687.248
687.027,687.245
687.026,687.242
687.024,687.240
687.022,687.238
687.021,687.236
687.020,687.234
687.011,687.222
687.008,687.218
687.008,687.218
687.008,687.218
687.008,687.218
687.016,687.229
687.015,687.228
687.014,687.227
687.014,687.226
687.013,687.225
687.013,687.225
687.012,687.224
687.020,687.235
687.019,687.233
687.023,687.239
687.022,687.237
687.021,687.235
687.027,687.245
687.026,687.242
687.032,687.251
687.030,687.248
687.028,687.245
687.026,687.243
687.024,687.240
687.023,687.238
687.021,687.236
687.020,687.235
687.019,687.233
687.015,687.228
687.015,687.227
687.014,687.226
687.005,687.214
687.003,687.211
687.004,687.212
687.004,687.213
687.004,687.213
687.005,687.214
686.997,687.203
686.998,687.204
686.999,687.206
687.000,687.207
687.001,687.208
686.993,687.198
686.995,687.200
686.996,687.201
686.997,687.203
686.998,687.205
686.999,687.206
686.997,687.203
686.990,687.194
686.992,687.196
686.994,687.198
686.987,687.189
686.989,687.192
686.991,687.194
686.992,687.196
686.986,687.187
686.980,687.179
686.980,687.179
686.983,687.183
686.985,687.186
686.987,687.189
686.989,687.192
686.983,687.183
686.977,687.176
686.972,687.168
686.976,687.173
686.976,687.174
686.971,687.167
686.967,687.161
686.971,687.166
686.966,687.160
686.970,687.165
686.966,687.159
686.970,687.165
686.973,687.170
686.969,687.163
686.964,687.157
686.961,687.152
686.965,687.158
686.961,687.153
686.966,687.159
686.970,687.165
686.973,687.170
686.969,687.163
686.964,687.157
686.969,687.163
686.972,687.168
686.973,687.170
686.968,687.163
686.972,687.168
686.968,687.162
686.971,687.167
686.972,687.168
686.968,687.162
686.972,687.167
686.972,687.169
686.976,687.173
686.971,687.166
686.979,687.177
686.982,687.181
686.976,687.174
686.971,687.167
686.972,687.168
686.976,687.173
686.979,687.177
686.979,687.177
686.974,687.170
686.969,687.164
686.973,687.169
686.968,687.162
686.964,687.156
686.957,687.147
686.962,687.154
686.958,687.149
686.955,687.145
686.960,687.151
686.957,687.147
686.954,687.142
686.951,687.138
686.954,687.142
686.959,687.150
686.964,687.156
686.960,687.151
686.948,687.135
686.946,687.132
686.944,687.129
686.950,687.137
686.956,687.145
686.953,687.141
686.950,687.137
686.939,687.122
686.938,687.120
686.937,687.119
686.927,687.106
686.927,687.105
686.927,687.105
686.926,687.104
686.926,687.104
686.931,687.111
686.931,687.110
686.930,687.109
686.929,687.109
686.929,687.108
686.920,687.096
686.921,687.097
686.913,687.086
686.906,687.076
686.908,687.078
686.893,687.057
686.888,687.050
686.891,687.055
686.886,687.048
686.890,687.053
686.893,687.058
686.896,687.062
686.899,687.066
686.893,687.058
686.888,687.051
686.891,687.056
686.894,687.060
686.889,687.053
686.893,687.057
686.896,687.061
686.898,687.065
686.893,687.057
686.893,687.058
686.896,687.062
686.899,687.066
686.898,687.065
686.901,687.069
686.903,687.072
686.902,687.071
686.904,687.074
686.904,687.073
686.906,687.075
686.907,687.078
686.901,687.069
686.903,687.072
686.905,687.075
686.899,687.066
686.893,687.058
686.888,687.051
686.891,687.056
686.887,687.049
686.882,687.043
686.878,687.037
686.874,687.032
686.869,687.024
686.866,687.020
686.863,687.017
686.861,687.013
686.867,687.022
686.864,687.018
686.862,687.015
686.860,687.012
686.858,687.009
686.856,687.007
686.860,687.012
686.858,687.009
686.864,687.018
686.870,687.026
686.875,687.033
686.869,687.025
686.866,687.021
686.864,687.017
686.861,687.014
686.859,687.011
686.857,687.008
686.864,687.017
686.870,687.025
686.867,687.021
686.870,687.025
686.875,687.032
686.879,687.039
686.876,687.034
686.872,687.029
686.869,687.025
686.874,687.032
686.868,687.024
686.874,687.031
686.878,687.038
686.875,687.032
686.879,687.039
686.884,687.045
686.879,687.039
686.884,687.045
686.879,687.039
686.876,687.034
686.880,687.040
686.876,687.035
686.881,687.041
686.877,687.036
686.873,687.031
686.870,687.026
686.873,687.030
686.878,687.036
686.874,687.031
686.876,687.034
686.881,687.041
686.885,687.046
686.888,687.052
686.884,687.045
686.880,687.039
686.876,687.034
686.880,687.040
686.885,687.046
686.880,687.040
686.876,687.035
686.881,687.041
686.885,687.047
686.889,687.052
686.889,687.053
686.885,687.046
686.880,687.040
686.876,687.035
686.881,687.041
686.874,687.032
686.871,687.027
686.874,687.031
686.878,687.037
686.875,687.032
686.879,687.039
686.876,687.034
686.872,687.029
686.877,687.036
686.882,687.042
686.878,687.036
686.882,687.042
686.875,687.033
686.872,687.029
686.869,687.024
686.866,687.020
686.863,687.017
686.869,687.025
686.874,687.032
686.877,687.035
686.873,687.030
686.870,687.026
686.867,687.022
686.864,687.018
686.870,687.026
686.875,687.033
686.869,687.025
686.866,687.021
686.864,687.017
686.867,687.022
686.872,687.029
686.869,687.025
686.866,687.021
686.872,687.029
686.877,687.035
686.873,687.030
686.878,687.037
686.880,687.040
686.876,687.034
686.881,687.041
686.882,687.043
686.878,687.037
686.880,687.040
686.884,687.046
686.880,687.040
686.884,687.045
686.880,687.040
686.884,687.045
686.880,687.040
686.884,687.045
686.888,687.051
686.883,687.044
686.877,687.035
686.881,687.041
686.877,687.036
686.873,687.031
686.870,687.026
686.875,687.033
686.872,687.029
686.877,687.035
686.881,687.042
686.883,687.044
686.887,687.049
686.882,687.043
686.878,687.037
686.874,687.032
686.879,687.039
686.875,687.033
686.869,687.025
686.867,687.021
686.872,687.029
686.869,687.024
686.866,687.020
686.869,687.024
686.866,687.021
686.864,687.017
686.861,687.014
686.865,687.018
686.862,687.015
686.868,687.023
686.871,687.027
686.868,687.023
686.865,687.019
686.863,687.016
686.861,687.013
686.859,687.010
686.862,687.015
686.860,687.012
686.858,687.009
686.856,687.007
686.847,686.993
686.838,686.981
686.838,686.981
686.838,686.982
686.838,686.982
686.838,686.982
686.846,686.993
686.843,686.989
686.851,686.999
686.850,686.998
686.849,686.996
686.845,686.992
686.845,686.991
686.842,686.987
686.834,686.975
686.832,686.972
686.832,686.973
686.833,686.974
686.834,686.975
686.840,686.983
686.840,686.983
686.845,686.991
686.844,686.990
686.852,687.001
686.851,686.999
686.850,686.998
686.849,686.996
686.848,686.995
686.847,686.994
686.846,686.993
686.846,686.992
686.853,687.002
686.857,687.008
686.856,687.006
686.851,687.000
686.850,686.998
686.849,686.997
686.848,686.996
686.847,686.995
686.847,686.994
686.846,686.993
686.845,686.992
686.842,686.987
686.850,686.998
686.849,686.997
686.856,687.007
686.855,687.004
686.853,687.002
686.852,687.001
686.851,686.999
686.850,686.997
686.849,686.996
686.848,686.995
686.852,687.001
686.851,687.000
686.850,686.998
686.849,686.997
686.856,687.007
686.860,687.012
686.858,687.009
686.856,687.007
686.855,687.005
686.853,687.003
686.852,687.001
686.851,686.999
686.850,686.998
686.857,687.007
686.853,687.002
686.843,686.989
686.843,686.988
686.843,686.988
686.842,686.987
686.842,686.987
686.839,686.983
686.839,686.983
686.845,686.991
686.852,687.001
686.851,686.999
686.850,686.998
686.854,687.004
686.853,687.002
686.852,687.000
686.851,686.999
686.849,686.997
686.849,686.996
686.848,686.995
686.847,686.994
686.844,686.989
686.843,686.989
686.843,686.988
686.843,686.988
686.842,686.987
686.842,686.987
686.842,686.987
686.841,686.986
686.841,686.986
686.841,686.986
686.841,686.985
686.841,686.985
686.841,686.985
686.849,686.996
686.848,686.995
686.847,686.994
686.846,686.993
686.846,686.992
686.845,686.991
686.844,686.990
686.844,686.990
686.844,686.989
686.843,686.988
686.843,686.988
686.842,686.988
686.848,686.995
686.847,686.994
686.844,686.989
686.843,686.989
686.843,686.988
686.834,686.976
686.835,686.977
686.835,686.978
686.833,686.975
686.834,686.975
686.834,686.976
686.835,686.977
686.835,686.978
686.836,686.978
686.836,686.979
686.836,686.979
686.829,686.968
686.830,686.970
686.823,686.960
686.824,686.962
686.826,686.964
686.827,686.966
686.828,686.968
686.829,686.969
686.830,686.971
686.831,686.972
686.824,686.962
686.825,686.964
686.827,686.966
686.828,686.967
686.829,686.969
686.830,686.970
686.831,686.971
686.832,686.973
686.832,686.974
686.833,686.974
686.834,686.975
686.834,686.976
686.835,686.977
686.833,686.974
686.833,686.975
686.834,686.976
686.834,686.976
686.835,686.977
686.835,686.978
686.836,686.978
686.828,686.967
686.829,686.969
686.830,686.970
686.823,686.960
686.822,686.959
686.816,686.950
686.815,686.950
686.810,686.942
686.810,686.942
686.805,686.935
686.808,686.939
686.808,686.940
686.811,686.944
686.811,686.944
686.806,686.937
686.807,686.938
686.810,686.942
686.813,686.946
686.815,686.950
686.818,686.953
686.820,686.956
686.813,686.947
686.813,686.947
686.816,686.950
686.810,686.942
686.813,686.946
686.813,686.946
686.815,686.950
686.818,686.953
686.820,686.956
686.822,686.959
686.815,686.950
686.818,686.953
686.820,686.956
686.822,686.958
686.823,686.961
686.817,686.952
686.816,686.951
686.819,686.954
686.810,686.942
686.813,686.946
686.813,686.946
686.807,686.939
686.808,686.939
686.811,686.943
686.805,686.936
686.806,686.937
686.809,686.941
686.812,686.945
686.815,686.949
686.817,686.952
686.819,686.955
686.821,686.958
686.823,686.960
686.825,686.963
686.818,686.953
686.817,686.953
686.820,686.956
686.821,686.958
686.815,686.949
686.817,686.953
686.820,686.956
686.821,686.958
686.823,686.961
686.825,686.963
686.823,686.961
686.817,686.952
686.817,686.951
686.819,686.954
686.780,686.900
686.777,686.897
686.783,686.905
686.789,686.912
686.791,686.916
686.787,686.911
686.784,686.907
686.790,686.914
686.794,686.920
686.799,686.926
686.794,686.921
686.799,686.927
686.795,686.921
686.799,686.927
686.795,686.921
686.799,686.927
686.795,686.921
686.799,686.927
686.800,686.929
686.804,686.934
686.805,686.935
686.800,686.929
686.804,686.934
686.799,686.927
686.803,686.933
686.770,686.886
686.774,686.892
686.772,686.889
686.770,686.887
686.769,686.885
686.776,686.894
686.774,686.892
686.772,686.889
686.776,686.895
686.771,686.888
686.762,686.875
686.761,686.874
686.768,686.885
686.767,686.883
686.766,686.881
686.765,686.880
686.762,686.875
686.758,686.870
686.758,686.870
686.755,686.866
686.755,686.866
686.755,686.866
686.755,686.866
686.755,686.866
686.753,686.862
686.753,686.863
686.753,686.863
686.761,686.875
686.761,686.874
686.768,686.884
686.767,686.882
686.766,686.881
686.765,686.879
686.764,686.878
686.763,686.877
686.762,686.876
686.762,686.875
686.758,686.870
686.758,686.870
686.758,686.870
686.758,686.869
686.765,686.880
686.764,686.879
686.763,686.877
686.763,686.876
686.762,686.875
686.761,686.874
686.761,686.874
686.768,686.884
686.775,686.893
686.773,686.891
686.771,686.888
686.770,686.886
686.774,686.892
686.772,686.890
686.770,686.887
686.769,686.885
686.768,686.883
686.766,686.882
686.765,686.880
686.764,686.879
686.769,686.885
686.768,686.883
686.774,686.893
686.773,686.890
686.779,686.899
686.785,686.907
686.787,686.911
686.784,686.906
686.781,686.903
686.779,686.899
686.777,686.896
686.772,686.889
686.770,686.887
686.769,686.885
686.768,686.883
686.766,686.882
686.765,686.880
686.764,686.879
686.763,686.877
686.763,686.876
686.762,686.875
686.761,686.874
686.761,686.874
686.758,686.869
686.757,686.869
686.757,686.869
686.762,686.876
686.762,686.875
686.753,686.863
686.751,686.860
686.751,686.860
686.751,686.861
686.752,686.861
686.749,686.858
686.750,686.859
686.750,686.859
686.751,686.860
686.743,686.849
686.742,686.847
686.741,686.846
686.742,686.848
686.735,686.838
686.737,686.841
686.731,686.832
686.733,686.835
686.735,686.838
686.737,686.841
686.731,686.832
686.731,686.832
686.733,686.835
686.735,686.838
686.734,686.837
686.736,686.840
686.738,686.842
686.740,686.844
686.741,686.846
686.742,686.848
686.749,686.858
686.750,686.858
686.742,686.848
686.743,686.850
686.744,686.851
686.751,686.860
686.751,686.861
686.752,686.861
686.752,686.862
686.752,686.862
686.753,686.862
686.758,686.870
686.750,686.859
686.750,686.859
686.748,686.856
686.749,686.857
686.750,686.858
686.747,686.855
686.748,686.856
686.749,686.857
686.755,686.866
686.755,686.866
686.755,686.866
686.747,686.855
686.748,686.856
686.748,686.857
686.747,686.854
686.747,686.855
686.740,686.845
686.741,686.847
686.743,686.849
686.744,686.850
686.745,686.852
686.738,686.842
686.731,686.833
686.734,686.836
686.736,686.839
686.738,686.841
686.731,686.833
686.733,686.836
686.736,686.839
686.737,686.841
686.737,686.840
686.738,686.842
686.740,686.845
686.739,686.843
686.740,686.845
686.742,686.847
686.743,686.849
686.744,686.851
686.745,686.852
686.744,686.850
686.753,686.863
686.753,686.863
686.753,686.863
686.753,686.863
686.753,686.864
686.751,686.860
686.751,686.861
686.744,686.850
686.742,686.848
686.744,686.850
686.745,686.851
686.743,686.849
686.736,686.840
686.730,686.831
686.724,686.823
686.725,686.824
686.728,686.828
686.730,686.831
686.730,686.831
686.724,686.823
686.727,686.827
686.727,686.827
686.722,686.820
686.725,686.824
686.728,686.828
686.731,686.832
686.733,686.835
686.735,686.838
686.734,686.837
686.736,686.840
686.730,686.831
686.732,686.834
686.732,686.834
686.726,686.826
686.729,686.829
686.729,686.829
686.723,686.822
686.718,686.815
686.722,686.819
686.717,686.813
686.712,686.807
686.716,686.812
686.718,686.814
686.721,686.819
686.724,686.823
686.727,686.827
686.730,686.831
686.732,686.834
686.726,686.826
686.719,686.815
686.722,686.820
686.717,686.813
686.710,686.803
686.706,686.798
686.711,686.805
686.707,686.799
686.709,686.802
686.714,686.808
686.718,686.814
686.721,686.819
686.724,686.823
686.727,686.827
686.730,686.831
686.732,686.834
686.734,686.837
686.736,686.840
686.730,686.831
686.730,686.831
686.732,686.834
686.734,686.837
686.736,686.840
686.738,686.842
686.732,686.833
686.726,686.825
686.729,686.829
686.723,686.821
686.718,686.815
686.719,686.816
686.715,686.809
686.718,686.815
686.714,686.808
686.715,686.810
686.711,686.804
686.715,686.810
686.716,686.812
686.720,686.817
686.715,686.811
686.717,686.812
686.710,686.803
686.706,686.798
686.703,686.793
686.697,686.785
686.695,686.782
686.700,686.790
686.703,686.793
686.708,686.800
686.704,686.795
686.709,686.802
686.703,686.793
686.708,686.800
686.704,686.795
686.701,686.791
686.706,686.798
686.703,686.793
686.708,686.800
686.712,686.806
686.714,686.808
686.718,686.814
686.721,686.819
686.722,686.820
686.725,686.824
686.720,686.817
686.715,686.810
686.719,686.816
686.722,686.820
686.717,686.814
686.713,686.807
686.714,686.809
686.710,686.804
686.707,686.798
686.703,686.794
686.700,686.789
686.705,686.797
686.702,686.792
686.699,686.788
686.696,686.784
686.691,686.777
686.689,686.774
686.696,686.783
686.701,686.791
686.698,686.787
686.701,686.791
686.698,686.787
686.696,686.783
686.693,686.780
686.691,686.777
686.689,686.774
686.687,686.772
686.686,686.769
686.690,686.775
686.688,686.772
686.694,686.781
686.692,686.778
686.695,686.783
686.693,686.780
686.699,686.788
686.702,686.792
686.704,686.795
686.701,686.791
686.698,686.787
686.696,686.783
686.693,686.780
686.691,686.777
686.689,686.774
686.685,686.768
686.681,686.763
686.680,686.761
686.687,686.771
686.686,686.769
686.690,686.775
686.688,686.772
686.686,686.770
686.685,686.768
686.691,686.777
686.687,686.771
686.693,686.780
686.691,686.777
686.697,686.785
686.695,686.782
686.701,686.790
686.698,686.786
686.695,686.782
686.693,686.779
686.688,686.773
686.686,686.770
686.685,686.768
686.692,686.777
686.690,686.775
686.688,686.772
686.686,686.770
686.693,686.779
686.691,686.776
686.686,686.770
686.685,686.768
686.683,686.766
686.680,686.761
686.679,686.760
686.678,686.759
686.677,686.758
686.677,686.757
686.674,686.752
686.681,686.763
686.680,686.762
686.687,686.772
686.683,686.766
686.690,686.775
686.688,686.773
686.695,686.782
686.692,686.778
686.690,686.776
686.688,686.773
686.687,686.771
686.677,686.757
686.677,686.756
686.676,686.756
686.673,686.751
686.673,686.751
686.672,686.751
686.672,686.751
686.670,686.747
686.670,686.747
686.670,686.747
686.670,686.747
686.670,686.747
686.670,686.747
686.667,686.744
686.668,686.744
686.668,686.745
686.668,686.745
686.669,686.745
686.666,686.742
686.667,686.743
686.667,686.743
686.667,686.744
686.668,686.744
686.676,686.756
686.675,686.755
686.675,686.754
686.675,686.754
686.674,686.753
686.674,686.753
686.671,686.749
686.668,686.745
686.669,686.746
686.669,686.746
686.661,686.735
686.659,686.733
686.660,686.734
686.661,686.735
686.662,686.737
686.663,686.738
686.664,686.739
686.662,686.736
686.663,686.737
686.663,686.738
686.664,686.739
686.665,686.740
686.665,686.741
686.666,686.742
686.672,686.750
686.672,686.750
686.672,686.750
686.671,686.749
686.669,686.746
686.666,686.742
686.645,686.713
686.645,686.713
686.640,686.705
686.635,686.698
686.630,686.692
686.626,686.686
686.622,686.681
686.619,686.676
686.616,686.672
686.621,686.679
686.623,686.682
686.628,686.688
686.632,686.694
686.635,686.699
686.631,686.693
686.634,686.698
686.630,686.692
686.626,686.686
686.630,686.692
686.626,686.686
686.628,686.688
686.624,686.683
686.620,686.678
686.617,686.673
686.622,686.681
686.625,686.685
686.622,686.680
686.618,686.675
686.623,686.682
686.628,686.689
686.629,686.691
686.631,686.693
686.627,686.687
686.631,686.693
686.635,686.698
686.630,686.692
686.634,686.697
686.629,686.691
686.625,686.685
686.622,686.680
686.626,686.686
686.628,686.689
686.621,686.680
686.618,686.675
686.615,686.671
686.612,686.667
686.618,686.675
686.615,686.671
686.620,686.678
686.617,686.674
686.614,686.669
686.611,686.666
686.615,686.670
686.620,686.678
686.625,686.684
686.627,686.687
686.623,686.682
686.619,686.677
686.616,686.672
686.613,686.668
686.611,686.665
686.616,686.673
686.614,686.669
686.611,686.665
686.609,686.662
686.615,686.670
686.609,686.663
686.613,686.667
686.608,686.661
686.606,686.658
686.601,686.652
686.600,686.650
686.599,686.648
686.597,686.646
686.596,686.645
686.595,686.644
686.595,686.642
686.594,686.641
686.593,686.640
686.592,686.639
686.592,686.638
686.589,686.634
686.594,686.641
686.591,686.637
686.590,686.636
686.590,686.636
686.590,686.635
686.587,686.631
686.584,686.628
686.584,686.628
686.585,686.628
686.585,686.629
686.585,686.629
686.585,686.629
686.585,686.629
686.593,686.640
686.593,686.640
686.592,686.639
686.597,686.646
686.601,686.652
686.597,686.646
686.594,686.641
686.591,686.637
686.588,686.633
686.585,686.629
686.583,686.626
686.580,686.623
686.578,686.620
686.585,686.629
686.582,686.625
686.583,686.626
686.583,686.626
686.589,686.634
686.586,686.631
686.586,686.631
686.586,686.631
686.586,686.631
686.586,686.631
686.586,686.631
686.586,686.631
686.594,686.642
686.593,686.641
686.593,686.640
686.592,686.639
686.592,686.638
686.589,686.634
686.594,686.641
686.593,686.640
686.598,686.647
686.602,686.653
686.601,686.651
686.607,686.660
686.613,686.669
686.611,686.665
686.609,686.662
686.606,686.659
686.604,686.656
686.603,686.654
686.601,686.652
686.600,686.650
686.599,686.648
686.597,686.646
686.596,686.645
686.595,686.643
686.594,686.642
686.594,686.641
686.601,686.651
686.600,686.649
686.604,686.655
686.608,686.661
686.603,686.654
686.607,686.660
686.605,686.657
686.609,686.662
686.615,686.670
686.612,686.667
686.609,686.663
686.607,686.660
686.613,686.669
686.611,686.665
686.616,686.673
686.614,686.669
686.611,686.665
686.609,686.662
686.615,686.670
686.604,686.655
686.602,686.653
686.593,686.640
686.592,686.639
686.591,686.638
686.599,686.648
686.598,686.647
686.597,686.645
686.596,686.644
686.587,686.631
686.587,686.631
686.587,686.631
686.587,686.631
686.587,686.631
686.587,686.631
686.587,686.631
686.587,686.631
686.587,686.631
686.587,686.631
686.578,686.620
686.579,686.621
686.580,686.622
686.581,686.623
686.581,686.624
686.582,686.624
686.574,686.614
686.575,686.615
686.568,686.606
686.570,686.608
686.571,686.610
686.573,686.612
686.566,686.603
686.568,686.605
686.570,686.608
686.571,686.610
686.573,686.612
686.574,686.614
686.575,686.615
686.576,686.617
686.577,686.618
686.578,686.619
686.579,686.620
686.580,686.621
686.580,686.622
686.573,686.612
686.574,686.614
686.575,686.615
686.568,686.606
686.570,686.608
686.571,686.610
686.565,686.601
686.567,686.604
686.561,686.595
686.563,686.599
686.557,686.591
686.560,686.594
686.563,686.598
686.565,686.601
686.567,686.604
686.569,686.606
686.570,686.609
686.572,686.611
686.573,686.613
686.574,686.614
686.568,686.605
686.569,686.607
686.563,686.598
686.565,686.601
686.559,686.593
686.562,686.597
686.564,686.600
686.566,686.603
686.568,686.605
686.562,686.597
686.556,686.589
686.551,686.582
686.554,686.586
686.555,686.587
686.555,686.588
686.556,686.588
686.559,686.592
686.561,686.596
686.564,686.599
686.558,686.591
686.552,686.584
686.556,686.588
686.551,686.581
686.546,686.575
686.542,686.569
686.546,686.575
686.550,686.580
686.545,686.574
686.541,686.568
686.535,686.559
686.537,686.563
686.539,686.566
686.541,686.568
686.546,686.574
686.541,686.568
686.546,686.574
686.542,686.569
686.538,686.563
686.542,686.570
686.547,686.576
686.542,686.570
686.536,686.561
686.538,686.564
686.540,686.567
686.542,686.569
686.544,686.572
686.545,686.574
686.547,686.576
686.548,686.577
686.544,686.571
686.540,686.566
686.544,686.572
686.548,686.578
686.552,686.583
686.547,686.576
686.543,686.570
686.539,686.565
686.535,686.560
686.538,686.563
686.540,686.566
686.536,686.561
686.538,686.564
686.543,686.571
686.539,686.565
686.536,686.560
686.540,686.567
686.537,686.562
686.533,686.557
686.530,686.553
686.536,686.560
686.532,686.556
686.530,686.552
686.527,686.548
686.533,686.556
686.535,686.560
686.545,686.574
686.547,686.576
686.548,686.578
686.541,686.568
686.535,686.559
686.537,686.563
686.539,686.566
686.533,686.557
686.538,686.564
686.543,686.571
686.539,686.565
686.536,686.560
686.532,686.556
686.537,686.563
686.542,686.569
686.546,686.575
686.542,686.569
686.538,686.564
686.543,686.570
686.539,686.565
686.533,686.557
686.527,686.549
686.531,686.553
686.533,686.557
686.530,686.553
686.528,686.549
686.525,686.546
686.523,686.543
686.529,686.551
686.526,686.548
686.524,686.544
686.522,686.541
686.520,686.539
686.524,686.544
686.519,686.538
686.515,686.532
686.514,686.530
686.513,686.528
686.509,686.524
686.509,686.523
686.508,686.522
686.507,686.521
686.507,686.520
686.506,686.520
686.506,686.519
686.506,686.518
686.513,686.529
686.520,686.539
686.518,686.536
686.514,686.531
686.513,686.529
686.512,686.528
686.509,686.523
686.505,686.518
686.503,686.514
686.503,686.514
686.510,686.525
686.510,686.524
686.509,686.523
686.508,686.522
686.508,686.521
686.507,686.521
686.512,686.528
686.509,686.523
686.514,686.530
686.512,686.528
686.511,686.527
686.511,686.525
686.518,686.535
686.516,686.533
686.515,686.531
686.514,686.530
686.521,686.539
686.516,686.533
686.523,686.543
686.521,686.540
686.519,686.537
686.517,686.535
686.516,686.533
686.523,686.542
686.521,686.540
686.527,686.548
686.525,686.545
686.528,686.550
686.531,686.554
686.526,686.546
686.529,686.551
686.534,686.559
686.531,686.554
686.536,686.562
686.541,686.568
686.538,686.563
686.534,686.558
686.539,686.565
686.536,686.560
686.532,686.556
686.535,686.559
686.529,686.552
686.527,686.548
686.532,686.556
686.538,686.563
686.534,686.558
686.531,686.554
686.528,686.550
686.534,686.558
686.531,686.554
686.528,686.550
686.523,686.543
686.529,686.551
686.526,686.548
686.524,686.544
686.522,686.541
686.528,686.550
686.526,686.546
686.523,686.543
686.529,686.552
686.532,686.556
686.535,686.559
686.532,686.555
686.529,686.551
686.534,686.558
686.525,686.545
686.522,686.542
686.520,686.539
686.519,686.537
686.517,686.534
686.513,686.529
686.510,686.524
686.509,686.523
686.508,686.522
686.508,686.521
686.515,686.532
686.522,686.541
686.520,686.538
686.518,686.536
686.514,686.531
686.511,686.525
686.507,686.521
686.512,686.528
686.511,686.526
686.510,686.525
686.510,686.524
686.509,686.523
686.508,686.522
686.513,686.529
686.518,686.535
686.508,686.522
686.507,686.521
686.507,686.520
686.506,686.520
686.506,686.519
686.506,686.518
686.505,686.518
686.505,686.517
686.502,686.514
686.508,686.521
686.507,686.520
686.507,686.520
686.506,686.519
686.506,686.519
686.505,686.518
686.497,686.506
686.495,686.504
686.496,686.505
686.488,686.494
686.481,686.485
686.483,686.488
686.485,686.490
686.487,686.492
686.486,686.491
686.493,686.501
686.481,686.484
686.480,686.483
686.482,686.486
686.484,686.489
686.486,686.491
686.487,686.493
686.481,686.484
686.480,686.483
686.480,686.483
686.474,686.474
686.477,686.478
686.477,686.478
686.476,686.478
686.476,686.478
686.471,686.470
686.466,686.463
686.461,686.457
686.463,686.459
686.458,686.453
686.462,686.458
686.466,686.464
686.462,686.457
686.463,686.459
686.464,686.461
686.468,686.466
686.471,686.470
686.474,686.474
686.474,686.475
686.474,686.475
686.477,686.478
686.479,686.482
686.481,686.485
686.483,686.487
686.483,686.486
686.476,686.478
686.471,686.470
686.474,686.474
686.474,686.474
686.474,686.475
686.469,686.467
686.472,686.472
686.475,686.476
686.475,686.476
686.469,686.468
686.473,686.472
686.475,686.476
686.478,686.480
686.478,686.480
686.477,686.479
686.472,686.471
686.490,686.496
686.488,686.494
686.487,686.493
686.488,686.495
686.482,686.485
686.484,686.488
686.477,686.479
686.480,686.482
686.479,686.482
686.473,686.474
686.468,686.466
686.471,686.471
686.472,686.471
686.467,686.464
686.470,686.469
686.473,686.473
686.468,686.466
686.471,686.470
686.466,686.463
686.469,686.468
686.464,686.461
686.468,686.466
686.463,686.459
686.464,686.461
686.465,686.463
686.461,686.456
686.457,686.450
686.453,686.445
686.450,686.441
686.452,686.444
686.457,686.451
686.461,686.457
686.457,686.451
686.459,686.453
686.460,686.455
686.464,686.461
686.460,686.455
686.461,686.457
686.463,686.459
686.466,686.464
686.462,686.457
686.458,686.452
686.459,686.454
686.455,686.448
686.460,686.455
686.456,686.449
686.458,686.452
686.451,686.443
686.448,686.438
686.453,686.446
686.458,686.452
686.460,686.454
686.456,686.449
686.452,686.444
686.449,686.439
686.443,686.432
686.441,686.428
686.447,686.436
686.452,686.444
686.449,686.439
686.451,686.443
686.448,686.438
686.445,686.434
686.448,686.438
686.451,686.442
686.448,686.438
686.453,686.445
686.447,686.437
686.450,686.441
686.447,686.436
686.444,686.432
686.441,686.429
686.445,686.434
686.450,686.441
686.447,686.437
686.444,686.433
686.450,686.441
686.452,686.444
686.449,686.439
686.446,686.435
686.451,686.443
686.453,686.446
686.458,686.452
686.454,686.447
686.459,686.453
686.463,686.459
686.467,686.464
686.470,686.469
686.465,686.462
686.460,686.456
686.462,686.458
686.458,686.452
686.454,686.446
686.456,686.449
686.450,686.441
686.447,686.437
686.444,686.433
686.439,686.426
686.437,686.423
686.443,686.431
686.441,686.428
686.444,686.433
686.447,686.437
686.444,686.433
686.442,686.429
686.445,686.434
686.442,686.430
686.440,686.427
686.438,686.424
686.433,686.418
686.437,686.424
686.435,686.421
686.442,686.430
686.445,686.434
686.442,686.430
686.448,686.438
686.445,686.434
686.448,686.438
686.443,686.431
686.440,686.428
686.438,686.425
686.434,686.418
686.432,686.416
686.431,686.414
686.430,686.413
686.426,686.408
686.431,686.414
686.429,686.412
686.428,686.411
686.433,686.417
686.439,686.426
686.445,686.435
686.443,686.431
686.438,686.424
686.436,686.421
686.442,686.430
686.437,686.423
686.435,686.421
686.434,686.418
686.432,686.416
686.436,686.422
686.435,686.420
686.441,686.429
686.447,686.437
686.450,686.440
686.446,686.436
686.452,686.443
686.454,686.447
686.451,686.442
686.447,686.437
686.445,686.433
686.439,686.426
686.437,686.424
686.435,686.421
686.439,686.426
686.435,686.420
686.433,686.418
686.432,686.416
686.436,686.421
686.440,686.427
686.438,686.424
686.436,686.421
686.431,686.415
686.436,686.421
686.434,686.419
686.432,686.417
686.428,686.411
686.427,686.410
686.427,686.408
686.434,686.418
686.438,686.424
686.436,686.421
686.434,686.419
686.432,686.417
686.429,686.411
686.427,686.410
686.427,686.408
686.426,686.407
686.430,686.414
686.429,686.412
686.428,686.411
686.433,686.417
686.429,686.411
686.428,686.410
686.427,686.409
686.426,686.407
686.431,686.414
686.429,686.412
686.428,686.411
686.435,686.421
686.439,686.426
686.437,686.423
686.435,686.421
686.434,686.418
686.438,686.424
686.436,686.421
686.434,686.419
686.430,686.413
686.429,686.412
686.436,686.421
686.432,686.415
686.428,686.410
686.427,686.409
686.431,686.415
686.430,686.413
686.429,686.412
686.428,686.410
686.432,686.416
686.431,686.414
686.430,686.413
686.434,686.419
686.432,686.417
686.431,686.415
686.435,686.421
686.434,686.418
686.424,686.405
686.423,686.404
686.420,686.400
686.420,686.400
686.420,686.399
686.417,686.395
686.417,686.395
686.417,686.395
686.415,686.392
686.415,686.392
686.415,686.393
686.416,686.393
686.416,686.393
686.416,686.394
686.416,686.394
686.422,686.402
686.421,686.401
686.421,686.401
686.426,686.408
686.423,686.403
686.422,686.403
686.419,686.399
686.417,686.395
686.417,686.395
686.417,686.395
686.422,686.403
686.422,686.402
686.422,686.401
686.421,686.401
686.418,686.397
686.426,686.408
686.425,686.407
686.430,686.413
686.429,686.412
686.436,686.421
686.432,686.416
686.428,686.410
686.427,686.409
686.424,686.404
686.423,686.403
686.422,686.403
686.419,686.399
686.419,686.398
686.419,686.398
686.419,686.398
686.416,686.394
686.409,686.383
686.409,686.384
686.408,686.382
686.409,686.383
686.409,686.385
686.416,686.393
686.416,686.394
686.416,686.394
686.414,686.391
686.414,686.391
686.414,686.391
686.412,686.388
686.413,686.389
686.413,686.390
686.414,686.390
686.411,686.387
686.412,686.388
686.410,686.386
686.411,686.387
686.411,686.387
686.412,686.388
686.410,686.386
686.411,686.387
686.411,686.387
686.410,686.385
686.402,686.375
686.404,686.377
686.403,686.375
686.396,686.366
686.398,686.369
686.392,686.360
686.394,686.364
686.397,686.367
686.396,686.366
686.398,686.369
686.400,686.371
686.399,686.370
686.401,686.373
686.394,686.364
686.394,686.363
686.396,686.366
686.390,686.358
686.398,686.369
686.400,686.372
686.402,686.374
686.403,686.376
686.402,686.375
686.396,686.366
686.395,686.365
686.395,686.364
686.397,686.367
686.397,686.367
686.399,686.369
686.400,686.372
686.400,686.371
686.401,686.373
686.395,686.364
686.397,686.367
686.396,686.366
686.398,686.369
686.398,686.368
686.392,686.360
686.394,686.363
686.394,686.363
686.396,686.366
686.398,686.369
686.397,686.368
686.399,686.371
686.393,686.362
686.393,686.362
686.395,686.365
686.397,686.368
686.397,686.367
686.399,686.370
686.401,686.372
686.408,686.382
686.401,686.372
686.400,686.371
686.393,686.362
686.388,686.354
686.380,686.344
686.384,686.349
686.379,686.342
686.372,686.332
686.376,686.339
686.380,686.344
686.381,686.345
686.385,686.350
686.385,686.351
686.380,686.344
686.384,686.349
686.385,686.350
686.388,686.354
686.383,686.347
686.383,686.348
686.387,686.353
686.387,686.354
686.382,686.346
686.385,686.351
686.386,686.352
686.389,686.356
686.384,686.349
686.384,686.350
686.388,686.354
686.390,686.358
686.382,686.347
686.386,686.352
686.381,686.345
686.374,686.335
686.370,686.330
686.374,686.336
686.376,686.338
686.380,686.344
686.373,686.334
686.383,686.348
686.386,686.352
686.387,686.353
686.390,686.357
686.392,686.361
686.392,686.361
686.395,686.364
686.389,686.356
686.389,686.356
686.392,686.360
686.392,686.360
686.386,686.352
686.381,686.345
686.382,686.347
686.385,686.351
686.386,686.352
686.389,686.356
686.384,686.349
686.384,686.350
686.380,686.343
686.381,686.344
686.384,686.349
686.387,686.354
686.380,686.343
686.375,686.337
686.369,686.328
686.365,686.323
686.370,686.330
686.367,686.325
686.372,686.332
686.368,686.327
686.362,686.319
686.367,686.326
686.370,686.329
686.366,686.324
686.371,686.331
686.376,686.337
686.372,686.332
686.373,686.334
686.378,686.340
686.373,686.334
686.375,686.337
686.371,686.331
686.368,686.326
686.370,686.329
686.374,686.336
686.370,686.330
686.367,686.325
686.364,686.321
686.358,686.313
686.364,686.321
686.369,686.328
686.371,686.331
686.368,686.326
686.362,686.318
686.359,686.315
686.365,686.322
686.367,686.326
686.364,686.321
686.361,686.317
686.358,686.314
686.364,686.321
686.359,686.314
686.364,686.322
686.359,686.314
686.364,686.322
686.361,686.318
686.364,686.322
686.361,686.318
686.359,686.314
686.356,686.311
686.354,686.308
686.358,686.312
686.355,686.309
686.359,686.314
686.356,686.311
686.354,686.308
686.350,686.301
686.348,686.299
686.352,686.305
686.350,686.302
686.357,686.311
686.360,686.316
686.366,686.324
686.368,686.327
686.373,686.334
686.369,686.328
686.371,686.331
686.368,686.326
686.372,686.333
686.369,686.328
686.373,686.334
686.375,686.337
686.379,686.342
686.383,686.347
686.386,686.352
686.381,686.345
686.382,686.346
686.377,686.340
686.379,686.342
686.382,686.347
686.386,686.352
686.378,686.341
686.382,686.346
686.383,686.348
686.378,686.341
686.374,686.335
686.376,686.337
686.380,686.343
686.381,686.344
686.384,686.349
686.387,686.354
686.390,686.358
686.385,686.350
686.377,686.340
686.373,686.334
686.377,686.340
686.379,686.342
686.374,686.336
686.368,686.327
686.365,686.322
686.367,686.326
686.372,686.332
686.368,686.327
686.363,686.319
686.347,686.298
686.346,686.296
686.342,686.291
686.341,686.290
686.346,686.297
686.345,686.295
686.341,686.290
686.346,686.297
686.345,686.295
686.341,686.290
686.349,686.300
686.353,686.306
686.351,686.303
686.349,686.301
686.348,686.299
686.346,686.297
686.345,686.295
686.344,686.294
686.341,686.289
686.340,686.288
686.345,686.295
686.344,686.293
686.348,686.299
686.355,686.309
686.353,686.306
686.346,686.296
686.345,686.295
686.344,686.293
686.343,686.292
686.342,686.290
686.341,686.289
686.346,686.296
686.353,686.305
686.343,686.292
686.350,686.302
686.348,686.299
686.347,686.297
686.346,686.296
686.350,686.302
686.348,686.300
686.347,686.298
686.346,686.296
686.344,686.294
686.341,686.289
686.340,686.288
686.345,686.295
686.336,686.282
686.341,686.290
686.340,686.289
686.340,686.288
686.337,686.284
686.334,686.280
686.334,686.280
686.331,686.276
686.332,686.276
686.332,686.277
686.332,686.277
686.332,686.277
686.340,686.288
686.340,686.287
686.336,686.283
686.336,686.283
686.336,686.282
686.336,686.282
686.341,686.289
686.340,686.288
686.340,686.287
686.331,686.275
686.331,686.276
686.331,686.276
686.332,686.276
686.332,686.276
686.332,686.277
686.332,686.277
686.324,686.266
686.323,686.264
686.324,686.265
686.322,686.263
686.315,686.253
686.317,686.256
686.310,686.247
686.312,686.250
686.314,686.252
686.316,686.255
686.315,686.254
686.317,686.256
686.316,686.255
686.318,686.257
686.325,686.267
686.334,686.279
686.339,686.287
686.339,686.286
686.336,686.282
686.335,686.281
686.333,686.278
686.325,686.267
686.326,686.268
686.326,686.269
686.327,686.270
686.325,686.267
686.326,686.268
686.332,686.277
686.332,686.277
686.330,686.274
686.328,686.271
686.328,686.271
686.329,686.272
686.329,686.273
686.335,686.281
686.335,686.281
686.332,686.277
686.332,686.277
686.332,686.277
686.333,686.278
686.333,686.278
686.333,686.278
686.325,686.267
686.323,686.264
686.324,686.266
686.330,686.275
686.331,686.275
686.328,686.272
686.329,686.272
686.327,686.270
686.327,686.270
686.326,686.268
686.326,686.269
686.324,686.266
686.325,686.267
686.324,686.265
686.324,686.266
686.323,686.264
686.324,686.265
686.322,686.263
686.323,686.265
686.322,686.262
686.323,686.264
686.321,686.262
686.314,686.252
686.314,686.251
686.316,686.254
686.315,686.253
686.317,686.255
686.318,686.258
686.317,686.256
686.319,686.258
686.320,686.260
686.321,686.262
686.323,686.264
686.324,686.265
686.324,686.266
686.317,686.256
686.311,686.247
686.305,686.239
686.308,686.243
686.302,686.235
686.303,686.236
686.297,686.229
686.298,686.230
686.302,686.235
686.302,686.235
686.305,686.239
686.305,686.240
686.300,686.232
686.301,686.233
686.296,686.226
686.299,686.231
686.303,686.236
686.305,686.240
686.314,686.251
686.316,686.254
686.315,686.253
686.317,686.255
686.324,686.265
686.325,686.266
686.323,686.264
686.324,686.266
686.322,686.263
686.323,686.265
686.322,686.263
686.323,686.264
686.329,686.273
686.322,686.263
686.320,686.261
686.314,686.251
686.316,686.254
686.317,686.256
686.319,686.258
686.320,686.260
686.321,686.262
686.323,686.264
686.324,686.265
686.317,686.255
686.318,686.257
686.320,686.259
686.321,686.261
686.322,686.263
686.315,686.253
686.309,686.244
686.311,686.248
686.311,686.247
686.313,686.250
686.312,686.249
686.314,686.252
686.314,686.251
686.316,686.254
686.307,686.242
686.309,686.245
686.309,686.245
686.311,686.248
686.311,686.248
686.305,686.239
686.297,686.228
686.301,686.233
686.301,686.234
686.304,686.238
686.305,686.239
686.307,686.242
686.310,686.246
686.312,686.249
686.314,686.252
686.316,686.254
686.318,686.257
686.311,686.248
686.313,686.251
686.315,686.253
686.317,686.256
686.318,686.258
686.320,686.260
686.321,686.262
686.322,686.263
686.315,686.253
686.317,686.256
686.316,686.255
686.318,686.257
686.317,686.255
686.318,686.258
686.317,686.256
686.311,686.247
686.310,686.247
686.305,686.239
686.313,686.250
686.315,686.253
686.314,686.252
686.316,686.254
686.318,686.257
686.319,686.259
686.320,686.261
686.322,686.262
686.315,686.253
686.316,686.255
686.316,686.254
686.317,686.256
686.319,686.258
686.320,686.260
686.319,686.259
686.320,686.261
686.322,686.262
686.315,686.253
686.316,686.255
686.318,686.257
686.320,686.259
686.321,686.261
686.320,686.259
686.321,686.261
686.320,686.259
686.321,686.261
686.320,686.259
686.321,686.261
686.320,686.259
686.321,686.261
686.320,686.259
686.321,686.261
686.320,686.259
686.321,686.261
686.320,686.259
686.321,686.261
686.320,686.259
686.321,686.261
686.312,686.248
686.306,686.240
686.306,686.240
686.300,686.233
686.301,686.234
686.296,686.227
686.297,686.228
686.293,686.222
686.294,686.224
686.290,686.218
686.286,686.212
686.290,686.219
686.286,686.213
686.291,686.220
686.292,686.222
686.296,686.227
686.297,686.229
686.301,686.233
686.301,686.234
686.304,686.238
686.305,686.239
686.307,686.243
686.307,686.243
686.310,686.246
686.310,686.246
686.312,686.249
686.314,686.252
686.313,686.251
686.315,686.253
686.314,686.252
686.308,686.244
686.308,686.244
686.310,686.247
686.310,686.246
686.312,686.249
686.312,686.249
686.306,686.240
686.309,686.244
686.311,686.247
686.305,686.239
686.308,686.243
686.310,686.246
686.310,686.246
686.304,686.238
686.304,686.238
686.299,686.231
686.300,686.232
686.303,686.236
686.303,686.237
686.306,686.241
686.306,686.241
686.309,686.245
686.309,686.244
686.311,686.248
686.311,686.247
686.313,686.250
686.312,686.249
686.306,686.241
686.306,686.241
686.309,686.245
686.303,686.237
686.306,686.241
686.301,686.233
686.304,686.237
686.299,686.230
686.302,686.235
686.294,686.224
686.298,686.230
686.301,686.234
686.296,686.227
686.300,686.232
686.301,686.233
686.304,686.237
686.299,686.230
686.294,686.224
686.295,686.225
686.291,686.219
686.292,686.221
686.296,686.227
686.297,686.228
686.293,686.222
686.286,686.213
686.283,686.208
686.279,686.203
686.282,686.207
686.279,686.203
686.282,686.207
686.286,686.213
686.291,686.220
686.287,686.214
686.291,686.220
686.293,686.222
686.289,686.217
686.293,686.222
686.294,686.224
686.298,686.229
686.299,686.231
686.294,686.224
686.287,686.215
686.284,686.210
686.278,686.202
686.275,686.198
686.278,686.202
686.284,686.209
686.278,686.201
686.275,686.197
686.270,686.191
686.276,686.199
686.279,686.203
686.284,686.210
686.289,686.217
686.291,686.219
686.295,686.225
686.296,686.227
686.291,686.220
686.287,686.215
686.284,686.210
686.286,686.213
686.291,686.219
686.292,686.221
686.296,686.227
686.297,686.228
686.292,686.222
686.294,686.224
686.298,686.229
686.299,686.230
686.302,686.235
686.302,686.235
686.305,686.240
686.297,686.229
686.301,686.233
686.296,686.227
686.291,686.220
686.287,686.215
686.281,686.206
686.278,686.202
686.281,686.206
686.278,686.202
686.275,686.198
686.281,686.205
686.278,686.201
686.281,686.205
686.278,686.201
686.280,686.205
686.277,686.201
686.280,686.205
686.285,686.212
686.287,686.215
686.284,686.210
686.286,686.213
686.282,686.208
686.287,686.214
686.281,686.206
686.286,686.213
686.280,686.204
686.285,686.212
686.287,686.214
686.284,686.209
686.278,686.201
686.275,686.198
686.278,686.202
686.283,686.209
686.286,686.212
686.290,686.219
686.286,686.213
686.280,686.205
686.277,686.201
686.280,686.205
686.277,686.200
686.272,686.193
686.278,686.201
686.296,686.227
686.300,686.232
686.301,686.233
686.304,686.237
686.304,686.238
686.299,686.231
686.300,686.232
686.303,686.236
686.303,686.237
686.298,686.229
686.299,686.231
686.294,686.224
686.290,686.218
686.284,686.209
686.288,686.216
686.290,686.218
686.294,686.224
686.298,686.229
686.301,686.234
686.302,686.235
686.305,686.239
686.307,686.243
686.310,686.246
686.310,686.246
686.304,686.238
686.294,686.224
686.296,686.226
686.291,686.220
686.293,686.222
686.297,686.227
686.292,686.221
686.285,686.212
686.282,686.207
686.284,686.210
686.289,686.217
686.291,686.219
686.287,686.214
686.283,686.209
686.280,686.204
686.285,686.211
686.287,686.214
686.292,686.220
686.293,686.222
686.297,686.228
686.298,686.229
686.293,686.223
686.294,686.225
686.298,686.230
686.302,686.234
686.297,686.227
686.281,686.205
686.286,686.212
686.288,686.215
686.284,686.210
686.286,686.213
686.291,686.219
686.292,686.221
686.288,686.216
686.284,686.211
686.289,686.217
686.285,686.212
686.287,686.215
686.292,686.221
686.293,686.223
686.289,686.217
686.291,686.219
686.295,686.225
686.296,686.227
686.299,686.231
686.300,686.232
686.295,686.226
686.296,686.227
686.300,686.232
686.303,686.237
686.303,686.237
686.298,686.230
686.291,686.220
686.287,686.214
686.284,686.209
686.280,686.205
686.277,686.201
686.283,686.208
686.279,686.203
686.274,686.196
686.280,686.204
686.274,686.196
686.272,686.193
686.278,686.201
686.283,686.209
686.280,686.204
686.274,686.197
686.272,686.193
686.275,686.198
686.281,686.206
686.278,686.201
686.281,686.205
686.278,686.201
686.272,686.194
686.270,686.191
686.268,686.188
686.272,686.193
686.278,686.201
686.273,686.194
686.270,686.191
686.268,686.188
686.272,686.193
686.270,686.190
686.273,686.195
686.271,686.192
686.269,686.189
686.265,686.183
686.263,686.181
686.267,686.187
686.274,686.195
686.271,686.192
686.275,686.197
686.272,686.194
686.276,686.198
686.281,686.206
686.284,686.209
686.288,686.216
686.290,686.218
686.286,686.213
686.291,686.219
686.292,686.221
686.288,686.216
686.290,686.218
686.294,686.224
686.287,686.215
686.292,686.221
686.296,686.226
686.299,686.231
686.303,686.236
686.303,686.236
686.298,686.229
686.299,686.231
686.302,686.235
686.295,686.225
686.290,686.219
686.286,686.213
686.291,686.219
686.287,686.214
686.283,686.209
686.288,686.215
686.284,686.210
686.281,686.206
686.283,686.209
686.288,686.216
686.290,686.218
686.286,686.213
686.291,686.219
686.292,686.221
686.288,686.216
686.290,686.218
686.286,686.213
686.288,686.216
686.282,686.207
686.287,686.214
686.281,686.205
686.278,686.201
686.275,686.197
686.270,686.190
686.268,686.188
686.272,686.193
686.278,686.201
686.280,686.205
686.277,686.201
686.283,686.208
686.277,686.200
686.282,686.208
686.277,686.200
686.274,686.196
686.269,686.189
686.267,686.187
686.266,686.184
686.264,686.182
686.271,686.191
686.268,686.188
686.267,686.186
686.273,686.195
686.271,686.191
686.274,686.196
687.669,688.139
689.723,690.999
690.953,692.710
691.553,693.547
692.569,694.962
694.390,697.496
696.312,700.173
699.861,705.115
702.509,708.801
704.905,712.138
706.366,714.172
708.101,716.588
709.222,718.148
710.874,720.449
711.050,720.695
712.362,722.521
712.538,722.767
712.480,722.685
712.475,722.679
712.526,722.749
713.841,724.580
713.975,724.767
714.897,726.050
714.726,725.812
713.949,724.731
713.770,724.481
712.985,723.389
712.762,723.079
712.195,722.289
711.979,721.988
711.818,721.763
711.146,720.828
710.931,720.528
710.372,719.751
710.326,719.686
710.222,719.541
710.147,719.436
710.083,719.347
709.241,718.175
708.715,717.443
708.504,717.148
708.344,716.926
707.604,715.896
706.564,714.448
706.440,714.275
705.887,713.506
705.281,712.662
704.418,711.460
703.895,710.732
703.776,710.566
703.231,709.807
702.542,708.847
701.967,708.047
701.194,706.971
701.061,706.786
699.993,705.298
699.472,704.573
698.871,703.737
698.654,703.433
698.135,702.711
697.366,701.641
697.234,701.456
697.073,701.233
696.338,700.210
695.823,699.492
695.670,699.279
695.590,699.167
695.011,698.361
694.923,698.238
694.835,698.117
694.725,697.963
694.640,697.845
694.567,697.743
694.071,697.053
694.091,697.081
694.054,697.029
694.025,696.988
693.961,696.900
693.919,696.840
693.881,696.788
693.853,696.749
693.842,696.733
693.827,696.713
693.810,696.689
693.810,696.689
693.810,696.689
693.810,696.689
693.801,696.677
693.767,696.629
693.736,696.587
693.714,696.556
693.698,696.534
693.693,696.526
693.692,696.525
693.703,696.541
693.714,696.555
693.728,696.574
693.744,696.597
693.758,696.617
693.768,696.630
693.768,696.631
693.772,696.636
693.784,696.653
693.811,696.690
693.848,696.742
693.889,696.799
693.926,696.851
693.952,696.887
693.955,696.891
693.937,696.867
693.905,696.822
693.390,696.104
693.344,696.041
693.243,695.899
693.181,695.814
693.126,695.737
693.096,695.694
693.054,695.636
693.022,695.592
692.990,695.548
692.971,695.520
692.944,695.483
692.922,695.452
692.893,695.412
692.868,695.378
692.847,695.348
692.828,695.322
692.811,695.298
692.805,695.290
692.808,695.294
692.811,695.298
692.821,695.312
692.839,695.337
692.863,695.371
692.902,695.425
693.509,696.270
693.555,696.334
693.612,696.414
693.675,696.501
693.740,696.591
693.807,696.685
693.862,696.762
693.917,696.838
693.960,696.898
694.006,696.962
694.034,697.001
694.057,697.033
694.087,697.074
694.103,697.097
694.108,697.104
694.099,697.092
694.096,697.088
694.080,697.066
694.054,697.028
694.030,696.995
694.000,696.953
693.965,696.904
693.925,696.849
693.893,696.805
693.861,696.760
693.823,696.707
693.785,696.655
693.747,696.601
693.717,696.559
693.685,696.515
693.648,696.464
693.611,696.412
693.569,696.354
693.532,696.302
693.490,696.243
693.447,696.184
693.413,696.136
693.382,696.094
693.346,696.044
693.309,695.992
693.280,695.952
693.254,695.915
693.222,695.871
693.202,695.842
693.175,695.805
693.150,695.771
693.140,695.757
693.131,695.744
693.119,695.727
693.116,695.723
693.117,695.725
693.127,695.737
693.135,695.749
693.142,695.759
693.157,695.780
693.175,695.805
693.191,695.828
693.210,695.853
693.231,695.882
693.253,695.914
693.278,695.949
693.309,695.991
693.332,696.024
693.362,696.065
693.384,696.096
693.405,696.125
693.432,696.162
693.456,696.196
693.486,696.238
693.513,696.275
693.537,696.309
693.559,696.340
693.580,696.368
693.598,696.394
693.614,696.416
693.629,696.437
693.646,696.461
693.654,696.472
693.669,696.492
693.682,696.511
693.686,696.517
693.690,696.522
693.690,696.522
693.697,696.532
693.696,696.531
693.699,696.535
693.701,696.538
693.696,696.530
693.690,696.523
693.690,696.522
693.689,696.521
693.681,696.509
693.669,696.493
693.658,696.478
693.653,696.470
693.648,696.463
693.639,696.451
693.627,696.434
693.616,696.419
693.610,696.411
693.601,696.399
693.589,696.381
693.578,696.365
693.572,696.357
693.562,696.344
693.549,696.326
693.542,696.316
693.539,696.312
693.529,696.298
693.519,696.285
693.511,696.273
693.507,696.267
693.500,696.257
693.489,696.242
693.483,696.234
693.470,696.216
693.470,696.216
693.458,696.199
693.447,696.184
693.433,696.165
693.433,696.164
693.428,696.158
693.420,696.147
693.413,696.137
693.402,696.121
693.401,696.119
693.395,696.112
693.391,696.105
693.390,696.104
693.389,696.103
693.377,696.086
693.366,696.071
693.360,696.062
693.354,696.054
693.353,696.053
693.344,696.040
693.336,696.029
693.333,696.024
693.329,696.020
693.323,696.011
693.317,696.003
693.311,695.995
693.307,695.988
693.306,695.987
693.297,695.975
693.289,695.964
693.282,695.954
693.280,695.951
693.278,695.948
693.276,695.946
693.275,695.944
693.273,695.942
693.272,695.940
693.263,695.927
693.263,695.927
693.262,695.927
693.258,695.920
693.254,695.914
692.327,694.624
692.302,694.590
692.280,694.559
692.252,694.520
692.223,694.480
692.192,694.437
692.169,694.404
692.143,694.368
692.120,694.336
692.088,694.291
692.062,694.255
692.030,694.211
692.001,694.171
691.972,694.130
691.945,694.093
691.925,694.064
691.903,694.034
691.883,694.006
691.865,693.981
691.840,693.947
691.814,693.909
691.798,693.887
691.775,693.855
691.754,693.827
691.732,693.796
690.733,692.404
690.719,692.385
690.707,692.368
690.696,692.353
690.686,692.339
690.669,692.315
690.661,692.305
690.655,692.295
690.644,692.280
690.634,692.267
690.630,692.261
690.618,692.244
690.615,692.241
690.605,692.226
690.599,692.218
690.593,692.210
690.585,692.198
690.577,692.188
690.571,692.179
690.568,692.174
690.562,692.166
690.556,692.159
690.552,692.152
690.547,692.146
690.539,692.134
690.527,692.118
690.525,692.116
690.515,692.102
690.510,692.094
690.513,692.098
690.504,692.086
690.504,692.086
690.499,692.080
690.500,692.080
690.493,692.070
690.489,692.065
690.491,692.067
690.484,692.058
690.486,692.061
690.480,692.052
690.474,692.045
690.473,692.042
690.468,692.035
690.463,692.029
690.462,692.028
690.459,692.023
690.455,692.018
690.452,692.013
690.452,692.014
690.449,692.010
690.455,692.017
690.455,692.017
690.451,692.013
690.457,692.020
690.453,692.015
690.453,692.015
690.458,692.022
690.463,692.029
690.462,692.028
690.466,692.033
690.470,692.039
690.469,692.037
690.464,692.030
690.460,692.025
690.456,692.020
690.456,692.020
690.461,692.026
690.465,692.032
690.464,692.031
690.460,692.025
690.465,692.031
690.469,692.036
690.467,692.035
690.463,692.029
690.467,692.034
690.471,692.039
690.466,692.033
690.470,692.038
690.468,692.036
690.475,692.046
690.478,692.050
690.473,692.042
690.471,692.040
690.466,692.033
690.462,692.027
690.461,692.027
690.466,692.032
690.469,692.038
690.465,692.031
690.464,692.030
690.468,692.036
690.471,692.041
690.478,692.050
690.481,692.053
690.483,692.057
690.480,692.053
690.478,692.050
690.481,692.053
690.483,692.057
690.488,692.064
690.485,692.060
690.487,692.063
690.489,692.065
690.494,692.072
690.498,692.078
690.499,692.079
690.500,692.080
690.495,692.074
690.496,692.075
690.497,692.077
690.501,692.082
690.502,692.083
690.494,692.072
690.495,692.074
690.496,692.075
690.492,692.070
690.494,692.071
690.487,692.062
690.489,692.064
690.485,692.060
690.479,692.051
690.474,692.044
690.469,692.037
690.468,692.035
690.471,692.040
690.474,692.045
690.481,692.053
690.483,692.057
690.477,692.049
690.472,692.041
690.470,692.039
690.466,692.033
690.470,692.038
690.465,692.032
690.469,692.037
690.468,692.035
690.463,692.029
690.459,692.024
690.456,692.019
690.448,692.007
690.445,692.004
690.451,692.012
690.451,692.012
690.456,692.020
690.453,692.015
690.450,692.011
690.455,692.018
690.452,692.014
690.452,692.014
690.458,692.021
690.454,692.016
690.459,692.023
690.455,692.018
690.447,692.007
690.448,692.008
690.454,692.016
690.454,692.016
690.451,692.012
690.448,692.008
690.448,692.009
690.446,692.005
690.439,691.995
690.437,691.993
690.436,691.991
690.426,691.977
690.426,691.977
690.425,691.976
690.425,691.976
690.424,691.975
690.419,691.968
690.419,691.968
690.412,691.957
690.408,691.952
690.409,691.954
690.413,691.960
690.414,691.961
690.410,691.955
690.411,691.956
690.407,691.951
690.400,691.942
690.402,691.944
690.396,691.936
690.398,691.939
690.401,691.942
690.403,691.945
690.404,691.947
690.406,691.949
690.399,691.940
690.401,691.943
690.403,691.946
690.405,691.948
690.399,691.939
690.393,691.931
690.391,691.928
690.385,691.921
690.384,691.919
690.379,691.912
690.375,691.907
690.372,691.902
690.363,691.890
690.361,691.887
690.359,691.883
690.348,691.869
690.355,691.879
690.354,691.876
690.352,691.874
690.350,691.872
690.349,691.870
690.351,691.873
690.342,691.860
690.341,691.859
690.333,691.847
690.333,691.848
690.333,691.848
690.334,691.849
690.329,691.842
690.330,691.843
690.330,691.844
690.326,691.838
690.327,691.840
690.328,691.841
690.321,691.831
690.314,691.822
690.320,691.829
690.321,691.831
690.315,691.822
690.320,691.830
690.321,691.832
690.323,691.834
690.324,691.835
690.325,691.837
690.322,691.832
690.315,691.823
690.309,691.814
690.303,691.807
690.302,691.804
690.297,691.798
690.296,691.796
690.292,691.790
690.288,691.785
690.284,691.780
690.281,691.776
690.279,691.772
690.276,691.768
690.274,691.765
690.272,691.762
690.262,691.748
690.253,691.736
690.244,691.724
690.240,691.719
690.233,691.709
690.227,691.700
690.229,691.703
690.232,691.706
690.225,691.698
690.220,691.690
690.215,691.683
690.210,691.677
690.206,691.671
690.206,691.670
690.197,691.658
690.194,691.654
690.192,691.651
690.189,691.648
690.187,691.645
690.188,691.646
690.186,691.644
690.185,691.641
690.183,691.639
690.181,691.637
690.180,691.635
690.179,691.633
690.178,691.631
690.177,691.630
690.176,691.629
690.170,691.621
690.165,691.614
690.160,691.607
690.156,691.601
690.157,691.603
690.150,691.593
690.143,691.584
690.138,691.576
690.132,691.568
690.128,691.562
690.123,691.556
690.119,691.550
690.116,691.545
690.121,691.552
690.125,691.558
690.121,691.553
690.117,691.548
690.114,691.543
690.111,691.539
690.108,691.535
690.106,691.531
690.104,691.528
690.102,691.525
690.100,691.523
690.098,691.521
